metric,value
version,0.8.10
scope,stratified geodesic polar emitter sampling
configuration.k_geom,64
configuration.k_chart,1024
configuration.matched_m[0],64
configuration.matched_m[1],256
configuration.matched_m[2],1024
configuration.seeds[0],101
configuration.seeds[1],211
configuration.seeds[2],307
configuration.seeds[3],401
configuration.seeds[4],503
configuration.seeds[5],601
configuration.seeds[6],701
configuration.seeds[7],809
configuration.jitter_values[0],0.0
configuration.jitter_values[1],0.1
configuration.jitter_values[2],0.25
configuration.jitter_values[3],0.4
configuration.primary_jitter,0.25
configuration.primary_radial_scheme,AREA_STRATIFIED
configuration.geodesic_integration_steps,32
configuration.diagnostic_resolution,64
configuration.comparison_resolutions[0][0],256
configuration.comparison_resolutions[0][1],256
configuration.comparison_resolutions[1][0],512
configuration.comparison_resolutions[1][1],512
configuration.comparison_resolutions[2][0],1080
configuration.comparison_resolutions[2][1],1920
configuration.fullhd_views,4
configuration.emitter_chunk_size,8192
configuration.camera_block_size,4
configuration.detector_extent,2.8
configuration.sensor_gain,1.5
configuration.ambient,0.35
configuration.emission_transition_width,0.05
configuration.packet_radius_over_surface_h,1.0
configuration.packet_shell_over_radius,1.0
configuration.packet_step_over_epsilon,0.5
configuration.target_crossing_transmission,0.01
configuration.launch_exclusion_factor,1.05
configuration.graph_threshold,1e-10
configuration.performance_charts,4
configuration.measure_m,256
configuration.response_parameter,18
configuration.response_delta,0.001
configuration.thin_feature_target,0.75
environment.available,True
environment.gpu,Quadro RTX 5000
environment.vram_mib,15904.875
environment.pytorch,2.5.1+cu124
environment.pytorch_cuda,12.4
control_sampler.name,SOBOL_DISK_ENDPOINTS
control_sampler.rho,sqrt(u1)
control_sampler.theta,2*pi*u2
control_sampler.identity,"(chart k, endpoint m)"
stratified_sampler.name,STRATIFIED_GEODESIC_POLAR
stratified_sampler.angular,2*pi*(a+0.5+eps_theta)/N_theta
stratified_sampler.angular_jitter_units,fractions of one angular bin
stratified_sampler.area_radial,rho=sqrt((b+0.5+eps_r)/N_r)
stratified_sampler.distance_radial,rho=(b+0.5+eps_r)/N_r
stratified_sampler.distance_radial_mass,((b+1)^2-b^2)/N_r^2
stratified_sampler.identity,"(chart k, angular ray a, radial stratum b)"
stratified_sampler.integration,one incremental ray on a fixed 32-step chart-radius grid; radial stops are recorded by interpolation at crossings
stratified_sampler.integration_step,"R_chart / 32, independent of N_r and stop locations"
source_measure,v0.8.9 HIERARCHICAL_MASS_CONSERVING
geometry_changed,False
transport_changed,False
detector_changed,False
geometry_optimization_run,False
birth_run,False
numerical_validation.configuration.charts,4
numerical_validation.configuration.n_theta,4
numerical_validation.configuration.n_r,4
numerical_validation.position_max_absolute_error,0.0
numerical_validation.normal_max_absolute_error,0.0
numerical_validation.residual_max_absolute_error,0.0
numerical_validation.sparse_graph.row_ptr_exact,True
numerical_validation.sparse_graph.column_indices_exact,True
numerical_validation.sparse_graph.dx_max_absolute_error,0.0
numerical_validation.sparse_graph.dn_max_absolute_error,0.0
numerical_validation.jvp_max_absolute_error,0.0
numerical_validation.vjp_max_absolute_error,0.0
numerical_validation.shared_graph_digest,125740f90e963682f1c91eefaba0d8d79150434a98447d755d937b59f5dc0f25
numerical_validation.independent_graph_digest,125740f90e963682f1c91eefaba0d8d79150434a98447d755d937b59f5dc0f25
shared_ray_performance.configuration.charts,4
shared_ray_performance.configuration.n_theta,16
shared_ray_performance.configuration.n_r,16
shared_ray_performance.configuration.fixed_integration_steps_per_ray,32
shared_ray_performance.shared.mode,SHARED_RAY_INCREMENTAL
shared_ray_performance.shared.charts,4
shared_ray_performance.shared.n_theta,16
shared_ray_performance.shared.n_r,16
shared_ray_performance.shared.m,256
shared_ray_performance.shared.n_emitters,1024
shared_ray_performance.shared.mapping_seconds,6.234057639958337
shared_ray_performance.shared.sparse_extraction_seconds,0.010845265118405223
shared_ray_performance.shared.block_nnz,5434
shared_ray_performance.shared.average_edges_per_emitter,5.306640625
shared_ray_performance.shared.p95_edges_per_emitter,9.0
shared_ray_performance.shared.stored_edges_per_ray,84.90625
shared_ray_performance.shared.candidate_basis_union_per_ray_mean,8.0
shared_ray_performance.shared.graph_bytes,156252
shared_ray_performance.shared.graph_mib,0.14901351928710938
shared_ray_performance.shared.bytes_per_edge,28.75450864924549
shared_ray_performance.shared.density,0.082916259765625
shared_ray_performance.shared.edge_index_dtype,int32
shared_ray_performance.shared.derivative_dtype,float32
shared_ray_performance.shared.graph_digest,9481758126201a67342d77ad9f4fc01cfde74aa45cbadfc17eb66c866ed91e5d
shared_ray_performance.shared.dense_point_by_lambda_tensor,False
shared_ray_performance.shared.peak_cuda_allocated_mib,333.40576171875
shared_ray_performance.shared.peak_cuda_reserved_mib,414.0
shared_ray_performance.shared.projected_scalar_ray_steps,2048
shared_ray_performance.shared.field_evaluations,7168
shared_ray_performance.independent.mode,INDEPENDENT_ENDPOINT_RESTART
shared_ray_performance.independent.charts,4
shared_ray_performance.independent.n_theta,16
shared_ray_performance.independent.n_r,16
shared_ray_performance.independent.m,256
shared_ray_performance.independent.n_emitters,1024
shared_ray_performance.independent.mapping_seconds,100.25811906601302
shared_ray_performance.independent.sparse_extraction_seconds,0.22237601410597563
shared_ray_performance.independent.block_nnz,5434
shared_ray_performance.independent.average_edges_per_emitter,5.306640625
shared_ray_performance.independent.p95_edges_per_emitter,9.0
shared_ray_performance.independent.stored_edges_per_ray,84.90625
shared_ray_performance.independent.candidate_basis_union_per_ray_mean,8.0
shared_ray_performance.independent.graph_bytes,156252
shared_ray_performance.independent.graph_mib,0.14901351928710938
shared_ray_performance.independent.bytes_per_edge,28.75450864924549
shared_ray_performance.independent.density,0.082916259765625
shared_ray_performance.independent.edge_index_dtype,int32
shared_ray_performance.independent.derivative_dtype,float32
shared_ray_performance.independent.graph_digest,9481758126201a67342d77ad9f4fc01cfde74aa45cbadfc17eb66c866ed91e5d
shared_ray_performance.independent.dense_point_by_lambda_tensor,False
shared_ray_performance.independent.peak_cuda_allocated_mib,1180.0322265625
shared_ray_performance.independent.peak_cuda_reserved_mib,1234.0
shared_ray_performance.independent.projected_scalar_ray_steps,32768
shared_ray_performance.independent.field_evaluations,99328
shared_ray_performance.construction_speedup,16.08232147604639
shared_ray_performance.projected_step_reduction,16.0
shared_ray_performance.graph_equivalence.row_ptr_exact,True
shared_ray_performance.graph_equivalence.column_indices_exact,True
shared_ray_performance.graph_equivalence.dx_max_absolute_error,0.0
shared_ray_performance.graph_equivalence.dn_max_absolute_error,0.0
coverage_comparison.sobol.angular_gap_p50_radians,0.024552587148092164
coverage_comparison.sobol.angular_gap_p90_radians,0.03837824438621116
coverage_comparison.sobol.angular_gap_p95_radians,0.041632607472639103
coverage_comparison.sobol.largest_angular_gap_radians,0.049001248595833324
coverage_comparison.sobol.sectors_with_zero_samples,0
coverage_comparison.sobol.radial_gap_p50,0.0038865208625793457
coverage_comparison.sobol.radial_gap_p90,0.006068485975265615
coverage_comparison.sobol.radial_gap_p95,0.006576517969369889
coverage_comparison.sobol.radial_stratum_occupancy_minimum,16
coverage_comparison.sobol.radial_stratum_occupancy_maximum,16
coverage_comparison.sobol.inner_mid_outer_sample_fractions[0],0.11118698120117188
coverage_comparison.sobol.inner_mid_outer_sample_fractions[1],0.3332023620605469
coverage_comparison.sobol.inner_mid_outer_sample_fractions[2],0.5556106567382812
coverage_comparison.sobol.nearest_neighbor_distance_mean,0.07458748179324247
coverage_comparison.sobol.nearest_neighbor_distance_p95,0.10917385259296129
coverage_comparison.sobol.polar_cell_occupancy_variance_mean,0.0
coverage_comparison.stratified.angular_gap_p50_radians,0.3930426983073989
coverage_comparison.stratified.angular_gap_p90_radians,0.5009307668388072
coverage_comparison.stratified.angular_gap_p95_radians,0.526659653228746
coverage_comparison.stratified.largest_angular_gap_radians,0.5865544819135318
coverage_comparison.stratified.sectors_with_zero_samples,0
coverage_comparison.stratified.radial_gap_p50,0.060331017427215416
coverage_comparison.stratified.radial_gap_p90,0.07893732806061225
coverage_comparison.stratified.radial_gap_p95,0.08327465725178969
coverage_comparison.stratified.radial_stratum_occupancy_minimum,16
coverage_comparison.stratified.radial_stratum_occupancy_maximum,16
coverage_comparison.stratified.inner_mid_outer_sample_fractions[0],0.125
coverage_comparison.stratified.inner_mid_outer_sample_fractions[1],0.3125
coverage_comparison.stratified.inner_mid_outer_sample_fractions[2],0.5625
coverage_comparison.stratified.nearest_neighbor_distance_mean,0.04402816253996876
coverage_comparison.stratified.nearest_neighbor_distance_p95,0.08112379047139032
coverage_comparison.stratified.polar_cell_occupancy_variance_mean,0.0
matched_emitter_budgets[0].m,64
matched_emitter_budgets[0].n_emitters,65536
matched_emitter_budgets[0].n_theta,8
matched_emitter_budgets[0].n_r,8
matched_emitter_budgets[0].sobol.k_geom,64
matched_emitter_budgets[0].sobol.k_chart,1024
matched_emitter_budgets[0].sobol.m,64
matched_emitter_budgets[0].sobol.n_emitters,65536
matched_emitter_budgets[0].sobol.seed,101
matched_emitter_budgets[0].sobol.resolution[0],256
matched_emitter_budgets[0].sobol.resolution[1],256
matched_emitter_budgets[0].sobol.views,4
matched_emitter_budgets[0].sobol.emitter_chunk_size,8192
matched_emitter_budgets[0].sobol.camera_block_size,4
matched_emitter_budgets[0].sobol.source_mass,9.088634202953163
matched_emitter_budgets[0].sobol.foreground_energy,136198.09375
matched_emitter_budgets[0].sobol.whole_image_mse,0.5090306599934896
matched_emitter_budgets[0].sobol.foreground_mse,2.076432992446039
matched_emitter_budgets[0].sobol.interior_gt8px_mse,0.4587438901265462
matched_emitter_budgets[0].sobol.silhouette_0_8px_mse,1.3553285236063852
matched_emitter_budgets[0].sobol.total_image_energy,170136.072265625
matched_emitter_budgets[0].sobol.foreground_mean_brightness,0.7683607941884146
matched_emitter_budgets[0].sobol.edge_sharpness,0.19784308431441344
matched_emitter_budgets[0].sobol.reference_edge_sharpness,0.7208442552609092
matched_emitter_budgets[0].sobol.edge_sharpness_ratio,0.2744602358560855
matched_emitter_budgets[0].sobol.thin_feature_response_ratio,0.0925007553352637
matched_emitter_budgets[0].sobol.geodesic_construction_seconds,0.1850191291887313
matched_emitter_budgets[0].sobol.sparse_geo_extraction_seconds,0.0
matched_emitter_budgets[0].sobol.source_evaluation_seconds,0.0018127118237316608
matched_emitter_budgets[0].sobol.finite_transport_seconds,1.3771464149467647
matched_emitter_budgets[0].sobol.detector_seconds,0.030516602797433734
matched_emitter_budgets[0].sobol.detector_seconds_per_view,0.0076291506993584335
matched_emitter_budgets[0].sobol.runtime_seconds,2.017498146975413
matched_emitter_budgets[0].sobol.emitters_per_second,354212.02276413864
matched_emitter_budgets[0].sobol.packets_per_second,190353.0352000615
matched_emitter_budgets[0].sobol.interactions_per_second,39742144.63036284
matched_emitter_budgets[0].sobol.detector_writes_per_second,137443346.09725025
matched_emitter_budgets[0].sobol.attempted_packets,262144
matched_emitter_budgets[0].sobol.interaction_evaluations,54730752
matched_emitter_budgets[0].sobol.detector_writes,4194304
matched_emitter_budgets[0].sobol.peak_cuda_allocated_mib,720.3212890625
matched_emitter_budgets[0].sobol.peak_cuda_reserved_mib,1854.0
matched_emitter_budgets[0].sobol.cpu_rss_mib,4965.28125
matched_emitter_budgets[0].sobol.mapping_residual_p95,4.383767064801212e-05
matched_emitter_budgets[0].sobol.image_digest,b1a1e712773a0fceab83322ab2d7a9c5f45bf69d36e888766b513e954710e7f3
matched_emitter_budgets[0].sobol.sampler,SOBOL_DISK_ENDPOINTS
matched_emitter_budgets[0].sobol.radial_scheme,AREA_SOBOL
matched_emitter_budgets[0].sobol.high_frequency_aliasing_error,0.7255397641439145
matched_emitter_budgets[0].sobol.coverage.angular_gap_p50_radians,0.09808638676600356
matched_emitter_budgets[0].sobol.coverage.angular_gap_p90_radians,0.15294661056595737
matched_emitter_budgets[0].sobol.coverage.angular_gap_p95_radians,0.1656615689035806
matched_emitter_budgets[0].sobol.coverage.largest_angular_gap_radians,0.19561026397551284
matched_emitter_budgets[0].sobol.coverage.sectors_with_zero_samples,0
matched_emitter_budgets[0].sobol.coverage.radial_gap_p50,0.015389297157526072
matched_emitter_budgets[0].sobol.coverage.radial_gap_p90,0.02406457960605626
matched_emitter_budgets[0].sobol.coverage.radial_gap_p95,0.026106043159961748
matched_emitter_budgets[0].sobol.coverage.radial_stratum_occupancy_minimum,8
matched_emitter_budgets[0].sobol.coverage.radial_stratum_occupancy_maximum,8
matched_emitter_budgets[0].sobol.coverage.inner_mid_outer_sample_fractions[0],0.111083984375
matched_emitter_budgets[0].sobol.coverage.inner_mid_outer_sample_fractions[1],0.333343505859375
matched_emitter_budgets[0].sobol.coverage.inner_mid_outer_sample_fractions[2],0.555572509765625
matched_emitter_budgets[0].sobol.coverage.nearest_neighbor_distance_mean,0.15381124792301523
matched_emitter_budgets[0].sobol.coverage.nearest_neighbor_distance_p95,0.22896670132462815
matched_emitter_budgets[0].sobol.coverage.polar_cell_occupancy_variance_mean,0.0
matched_emitter_budgets[0].stratified.sampler,STRATIFIED_GEODESIC_POLAR
matched_emitter_budgets[0].stratified.radial_scheme,AREA_STRATIFIED
matched_emitter_budgets[0].stratified.seed,101
matched_emitter_budgets[0].stratified.eta_theta,0.25
matched_emitter_budgets[0].stratified.eta_r,0.25
matched_emitter_budgets[0].stratified.n_theta,8
matched_emitter_budgets[0].stratified.n_r,8
matched_emitter_budgets[0].stratified.m,64
matched_emitter_budgets[0].stratified.n_emitters,65536
matched_emitter_budgets[0].stratified.resolution[0],256
matched_emitter_budgets[0].stratified.resolution[1],256
matched_emitter_budgets[0].stratified.views,4
matched_emitter_budgets[0].stratified.source_mass,9.088634202953163
matched_emitter_budgets[0].stratified.layout_digest,528dcc74bcd29d38f63e179e15c28b5047a9fb0931eeea641fc3ef6ec0ee959c
matched_emitter_budgets[0].stratified.whole_image_mse,0.5477566421031952
matched_emitter_budgets[0].stratified.foreground_mse,2.2168348449012174
matched_emitter_budgets[0].stratified.interior_gt8px_mse,0.17052177588144937
matched_emitter_budgets[0].stratified.silhouette_0_8px_mse,1.4584423351192592
matched_emitter_budgets[0].stratified.total_image_energy,193989.41796875
matched_emitter_budgets[0].stratified.foreground_mean_brightness,0.7685833687689695
matched_emitter_budgets[0].stratified.edge_sharpness,0.285735704738476
matched_emitter_budgets[0].stratified.reference_edge_sharpness,0.7208442552609092
matched_emitter_budgets[0].stratified.edge_sharpness_ratio,0.3963903473643611
matched_emitter_budgets[0].stratified.thin_feature_response_ratio,0.13347264612982193
matched_emitter_budgets[0].stratified.high_frequency_aliasing_error,0.6036096526356389
matched_emitter_budgets[0].stratified.geodesic_construction_seconds,1.0887916523497552
matched_emitter_budgets[0].stratified.source_evaluation_seconds,0.0016295576933771372
matched_emitter_budgets[0].stratified.finite_transport_seconds,1.3673258817289025
matched_emitter_budgets[0].stratified.detector_seconds,0.02590679214335978
matched_emitter_budgets[0].stratified.runtime_seconds,2.486972691025585
matched_emitter_budgets[0].stratified.attempted_packets,262144
matched_emitter_budgets[0].stratified.interaction_evaluations,54714368
matched_emitter_budgets[0].stratified.detector_writes,4194304
matched_emitter_budgets[0].stratified.peak_cuda_allocated_mib,725.29150390625
matched_emitter_budgets[0].stratified.peak_cuda_reserved_mib,1854.0
matched_emitter_budgets[0].stratified.cpu_rss_mib,4965.28125
matched_emitter_budgets[0].stratified.mapping_residual_p95,2.1691513418759878e-05
matched_emitter_budgets[0].stratified.image_digest,dca01e189e9ae3ffa265603e1466bf6149953b92ee5aa8a2c92978c01b1cd70b
matched_emitter_budgets[0].stratified.fixed_integration_steps_per_ray,32
matched_emitter_budgets[0].stratified.radial_stop_recording,linear interpolation at fixed-step crossings
matched_emitter_budgets[0].stratified.quadrature_mass_drift,0.0
matched_emitter_budgets[0].stratified.coverage.angular_gap_p50_radians,0.7869387160004158
matched_emitter_budgets[0].stratified.coverage.angular_gap_p90_radians,1.0006228757964573
matched_emitter_budgets[0].stratified.coverage.angular_gap_p95_radians,1.0532826769436863
matched_emitter_budgets[0].stratified.coverage.largest_angular_gap_radians,1.1697182930453307
matched_emitter_budgets[0].stratified.coverage.sectors_with_zero_samples,0
matched_emitter_budgets[0].stratified.coverage.radial_gap_p50,0.11519722237662731
matched_emitter_budgets[0].stratified.coverage.radial_gap_p90,0.15598123930096963
matched_emitter_budgets[0].stratified.coverage.radial_gap_p95,0.165274856714227
matched_emitter_budgets[0].stratified.coverage.radial_stratum_occupancy_minimum,8
matched_emitter_budgets[0].stratified.coverage.radial_stratum_occupancy_maximum,8
matched_emitter_budgets[0].stratified.coverage.inner_mid_outer_sample_fractions[0],0.125
matched_emitter_budgets[0].stratified.coverage.inner_mid_outer_sample_fractions[1],0.3266143798828125
matched_emitter_budgets[0].stratified.coverage.inner_mid_outer_sample_fractions[2],0.5483856201171875
matched_emitter_budgets[0].stratified.coverage.nearest_neighbor_distance_mean,0.08872323966070154
matched_emitter_budgets[0].stratified.coverage.nearest_neighbor_distance_p95,0.16166924184794473
matched_emitter_budgets[0].stratified.coverage.polar_cell_occupancy_variance_mean,0.0
matched_emitter_budgets[1].m,256
matched_emitter_budgets[1].n_emitters,262144
matched_emitter_budgets[1].n_theta,16
matched_emitter_budgets[1].n_r,16
matched_emitter_budgets[1].sobol.k_geom,64
matched_emitter_budgets[1].sobol.k_chart,1024
matched_emitter_budgets[1].sobol.m,256
matched_emitter_budgets[1].sobol.n_emitters,262144
matched_emitter_budgets[1].sobol.seed,101
matched_emitter_budgets[1].sobol.resolution[0],256
matched_emitter_budgets[1].sobol.resolution[1],256
matched_emitter_budgets[1].sobol.views,4
matched_emitter_budgets[1].sobol.emitter_chunk_size,8192
matched_emitter_budgets[1].sobol.camera_block_size,4
matched_emitter_budgets[1].sobol.source_mass,9.088634202953163
matched_emitter_budgets[1].sobol.foreground_energy,136352.046875
matched_emitter_budgets[1].sobol.whole_image_mse,0.4928632179896037
matched_emitter_budgets[1].sobol.foreground_mse,2.0227931796449243
matched_emitter_budgets[1].sobol.interior_gt8px_mse,0.013532251119613647
matched_emitter_budgets[1].sobol.silhouette_0_8px_mse,1.3122860168774229
matched_emitter_budgets[1].sobol.total_image_energy,158381.380859375
matched_emitter_budgets[1].sobol.foreground_mean_brightness,0.7692292647757788
matched_emitter_budgets[1].sobol.edge_sharpness,0.10457607825888673
matched_emitter_budgets[1].sobol.reference_edge_sharpness,0.7208442552609092
matched_emitter_budgets[1].sobol.edge_sharpness_ratio,0.14507444221919405
matched_emitter_budgets[1].sobol.thin_feature_response_ratio,0.04686869856635464
matched_emitter_budgets[1].sobol.geodesic_construction_seconds,0.6885329734068364
matched_emitter_budgets[1].sobol.sparse_geo_extraction_seconds,0.0
matched_emitter_budgets[1].sobol.source_evaluation_seconds,0.006962890736758709
matched_emitter_budgets[1].sobol.finite_transport_seconds,5.220189193496481
matched_emitter_budgets[1].sobol.detector_seconds,0.11074631777592003
matched_emitter_budgets[1].sobol.detector_seconds_per_view,0.02768657944398001
matched_emitter_budgets[1].sobol.runtime_seconds,6.534841438988224
matched_emitter_budgets[1].sobol.emitters_per_second,380728.31676153565
matched_emitter_budgets[1].sobol.packets_per_second,200869.34805090164
matched_emitter_budgets[1].sobol.interactions_per_second,40698013.06525064
matched_emitter_budgets[1].sobol.detector_writes_per_second,151492314.47989443
matched_emitter_budgets[1].sobol.attempted_packets,1048576
matched_emitter_budgets[1].sobol.interaction_evaluations,212451328
matched_emitter_budgets[1].sobol.detector_writes,16777216
matched_emitter_budgets[1].sobol.peak_cuda_allocated_mib,728.44677734375
matched_emitter_budgets[1].sobol.peak_cuda_reserved_mib,796.0
matched_emitter_budgets[1].sobol.cpu_rss_mib,4965.28125
matched_emitter_budgets[1].sobol.mapping_residual_p95,4.3398054519101026e-05
matched_emitter_budgets[1].sobol.image_digest,3066dfc9e37d6f1b6c22b17e31c06963140f61bb791ff096b49d2ee361f93dae
matched_emitter_budgets[1].sobol.sampler,SOBOL_DISK_ENDPOINTS
matched_emitter_budgets[1].sobol.radial_scheme,AREA_SOBOL
matched_emitter_budgets[1].sobol.high_frequency_aliasing_error,0.8549255577808059
matched_emitter_budgets[1].sobol.coverage.angular_gap_p50_radians,0.024552587148092164
matched_emitter_budgets[1].sobol.coverage.angular_gap_p90_radians,0.03837824438621116
matched_emitter_budgets[1].sobol.coverage.angular_gap_p95_radians,0.041632607472639103
matched_emitter_budgets[1].sobol.coverage.largest_angular_gap_radians,0.049001248595833324
matched_emitter_budgets[1].sobol.coverage.sectors_with_zero_samples,0
matched_emitter_budgets[1].sobol.coverage.radial_gap_p50,0.0038865208625793457
matched_emitter_budgets[1].sobol.coverage.radial_gap_p90,0.006068485975265615
matched_emitter_budgets[1].sobol.coverage.radial_gap_p95,0.006576517969369889
matched_emitter_budgets[1].sobol.coverage.radial_stratum_occupancy_minimum,16
matched_emitter_budgets[1].sobol.coverage.radial_stratum_occupancy_maximum,16
matched_emitter_budgets[1].sobol.coverage.inner_mid_outer_sample_fractions[0],0.11118698120117188
matched_emitter_budgets[1].sobol.coverage.inner_mid_outer_sample_fractions[1],0.3332023620605469
matched_emitter_budgets[1].sobol.coverage.inner_mid_outer_sample_fractions[2],0.5556106567382812
matched_emitter_budgets[1].sobol.coverage.nearest_neighbor_distance_mean,0.07458748179324247
matched_emitter_budgets[1].sobol.coverage.nearest_neighbor_distance_p95,0.10917385259296129
matched_emitter_budgets[1].sobol.coverage.polar_cell_occupancy_variance_mean,0.0
matched_emitter_budgets[1].sobol.local_measure.reference_cells,4096
matched_emitter_budgets[1].sobol.local_measure.mean_absolute_local_mass_error,8.075451478362083e-05
matched_emitter_budgets[1].sobol.local_measure.normalized_mean_absolute_error,0.33077049255371094
matched_emitter_budgets[1].sobol.local_measure.p90_local_mass_error,0.00015830993652343753
matched_emitter_budgets[1].sobol.local_measure.p95_local_mass_error,0.0001926422119140625
matched_emitter_budgets[1].sobol.local_measure.total_variation_distance,0.16538524627685547
matched_emitter_budgets[1].sobol.local_measure.thin_feature_region_mass_error,8.039293573477727e-05
matched_emitter_budgets[1].sobol.local_measure.high_curvature_region_mass_error,8.273217827081683e-05
matched_emitter_budgets[1].sobol.local_measure.silhouette_near_region_mass_error,8.087547865758209e-05
matched_emitter_budgets[1].sobol.local_measure.thin_feature_rule,top 18% reference points by world z
matched_emitter_budgets[1].sobol.local_measure.high_curvature_rule,top quartile eight-neighbor normal variation
matched_emitter_budgets[1].sobol.local_measure.silhouette_rule,min absolute normal-dot-four-view-direction <= 0.15
matched_emitter_budgets[1].sobol.local_measure.sampler_mass_sum,1.0000000000000002
matched_emitter_budgets[1].stratified.sampler,STRATIFIED_GEODESIC_POLAR
matched_emitter_budgets[1].stratified.radial_scheme,AREA_STRATIFIED
matched_emitter_budgets[1].stratified.seed,101
matched_emitter_budgets[1].stratified.eta_theta,0.25
matched_emitter_budgets[1].stratified.eta_r,0.25
matched_emitter_budgets[1].stratified.n_theta,16
matched_emitter_budgets[1].stratified.n_r,16
matched_emitter_budgets[1].stratified.m,256
matched_emitter_budgets[1].stratified.n_emitters,262144
matched_emitter_budgets[1].stratified.resolution[0],256
matched_emitter_budgets[1].stratified.resolution[1],256
matched_emitter_budgets[1].stratified.views,4
matched_emitter_budgets[1].stratified.source_mass,9.088634202953163
matched_emitter_budgets[1].stratified.layout_digest,61abef0f3887cbd63ddc91dc5f0102d1028fc514a11b0078239a6c32a4cce1d6
matched_emitter_budgets[1].stratified.whole_image_mse,0.5092628300189972
matched_emitter_budgets[1].stratified.foreground_mse,2.0847527421188325
matched_emitter_budgets[1].stratified.interior_gt8px_mse,0.09718046585718791
matched_emitter_budgets[1].stratified.silhouette_0_8px_mse,1.3559503178270953
matched_emitter_budgets[1].stratified.total_image_energy,165171.31640625
matched_emitter_budgets[1].stratified.foreground_mean_brightness,0.76835946094464
matched_emitter_budgets[1].stratified.edge_sharpness,0.16767017647529203
matched_emitter_budgets[1].stratified.reference_edge_sharpness,0.7208442552609092
matched_emitter_budgets[1].stratified.edge_sharpness_ratio,0.23260250081982534
matched_emitter_budgets[1].stratified.thin_feature_response_ratio,0.07697913457569375
matched_emitter_budgets[1].stratified.high_frequency_aliasing_error,0.7673974991801746
matched_emitter_budgets[1].stratified.geodesic_construction_seconds,4.397839822107926
matched_emitter_budgets[1].stratified.source_evaluation_seconds,0.0073758563958108425
matched_emitter_budgets[1].stratified.finite_transport_seconds,5.219435146544129
matched_emitter_budgets[1].stratified.detector_seconds,0.10911779035814106
matched_emitter_budgets[1].stratified.runtime_seconds,9.74920524796471
matched_emitter_budgets[1].stratified.attempted_packets,1048576
matched_emitter_budgets[1].stratified.interaction_evaluations,212443136
matched_emitter_budgets[1].stratified.detector_writes,16777216
matched_emitter_budgets[1].stratified.peak_cuda_allocated_mib,739.60400390625
matched_emitter_budgets[1].stratified.peak_cuda_reserved_mib,816.0
matched_emitter_budgets[1].stratified.cpu_rss_mib,4965.28125
matched_emitter_budgets[1].stratified.mapping_residual_p95,2.2906642555804118e-05
matched_emitter_budgets[1].stratified.image_digest,4d9dc3c805d6c0b2a20f7284267e8d76e03610538680b0ecf0e26b012963e2fe
matched_emitter_budgets[1].stratified.fixed_integration_steps_per_ray,32
matched_emitter_budgets[1].stratified.radial_stop_recording,linear interpolation at fixed-step crossings
matched_emitter_budgets[1].stratified.quadrature_mass_drift,0.0
matched_emitter_budgets[1].stratified.local_measure.reference_cells,4096
matched_emitter_budgets[1].stratified.local_measure.mean_absolute_local_mass_error,8.242717012763023e-05
matched_emitter_budgets[1].stratified.local_measure.normalized_mean_absolute_error,0.33762168884277344
matched_emitter_budgets[1].stratified.local_measure.p90_local_mass_error,0.00016403198242187503
matched_emitter_budgets[1].stratified.local_measure.p95_local_mass_error,0.00019454956054687505
matched_emitter_budgets[1].stratified.local_measure.total_variation_distance,0.16881084442138672
matched_emitter_budgets[1].stratified.local_measure.thin_feature_region_mass_error,8.243467749618902e-05
matched_emitter_budgets[1].stratified.local_measure.high_curvature_region_mass_error,8.35619866847992e-05
matched_emitter_budgets[1].stratified.local_measure.silhouette_near_region_mass_error,8.212439735376629e-05
matched_emitter_budgets[1].stratified.local_measure.thin_feature_rule,top 18% reference points by world z
matched_emitter_budgets[1].stratified.local_measure.high_curvature_rule,top quartile eight-neighbor normal variation
matched_emitter_budgets[1].stratified.local_measure.silhouette_rule,min absolute normal-dot-four-view-direction <= 0.15
matched_emitter_budgets[1].stratified.local_measure.sampler_mass_sum,1.0000000000000002
matched_emitter_budgets[1].stratified.coverage.angular_gap_p50_radians,0.3930426983073989
matched_emitter_budgets[1].stratified.coverage.angular_gap_p90_radians,0.5009307668388072
matched_emitter_budgets[1].stratified.coverage.angular_gap_p95_radians,0.526659653228746
matched_emitter_budgets[1].stratified.coverage.largest_angular_gap_radians,0.5865544819135318
matched_emitter_budgets[1].stratified.coverage.sectors_with_zero_samples,0
matched_emitter_budgets[1].stratified.coverage.radial_gap_p50,0.060331017427215416
matched_emitter_budgets[1].stratified.coverage.radial_gap_p90,0.07893732806061225
matched_emitter_budgets[1].stratified.coverage.radial_gap_p95,0.08327465725178969
matched_emitter_budgets[1].stratified.coverage.radial_stratum_occupancy_minimum,16
matched_emitter_budgets[1].stratified.coverage.radial_stratum_occupancy_maximum,16
matched_emitter_budgets[1].stratified.coverage.inner_mid_outer_sample_fractions[0],0.125
matched_emitter_budgets[1].stratified.coverage.inner_mid_outer_sample_fractions[1],0.3125
matched_emitter_budgets[1].stratified.coverage.inner_mid_outer_sample_fractions[2],0.5625
matched_emitter_budgets[1].stratified.coverage.nearest_neighbor_distance_mean,0.04402816253996876
matched_emitter_budgets[1].stratified.coverage.nearest_neighbor_distance_p95,0.08112379047139032
matched_emitter_budgets[1].stratified.coverage.polar_cell_occupancy_variance_mean,0.0
matched_emitter_budgets[2].m,1024
matched_emitter_budgets[2].n_emitters,1048576
matched_emitter_budgets[2].n_theta,32
matched_emitter_budgets[2].n_r,32
matched_emitter_budgets[2].sobol.k_geom,64
matched_emitter_budgets[2].sobol.k_chart,1024
matched_emitter_budgets[2].sobol.m,1024
matched_emitter_budgets[2].sobol.n_emitters,1048576
matched_emitter_budgets[2].sobol.seed,101
matched_emitter_budgets[2].sobol.resolution[0],256
matched_emitter_budgets[2].sobol.resolution[1],256
matched_emitter_budgets[2].sobol.views,4
matched_emitter_budgets[2].sobol.emitter_chunk_size,8192
matched_emitter_budgets[2].sobol.camera_block_size,4
matched_emitter_budgets[2].sobol.source_mass,9.088634202953163
matched_emitter_budgets[2].sobol.foreground_energy,136325.859375
matched_emitter_budgets[2].sobol.whole_image_mse,0.4919751286506653
matched_emitter_budgets[2].sobol.foreground_mse,2.01990323603166
matched_emitter_budgets[2].sobol.interior_gt8px_mse,0.00012045055821848412
matched_emitter_budgets[2].sobol.silhouette_0_8px_mse,1.3099215165981075
matched_emitter_budgets[2].sobol.total_image_energy,157508.16796875
matched_emitter_budgets[2].sobol.foreground_mean_brightness,0.7690816052731048
matched_emitter_budgets[2].sobol.edge_sharpness,0.090950596087584
matched_emitter_budgets[2].sobol.reference_edge_sharpness,0.7208442552609092
matched_emitter_budgets[2].sobol.edge_sharpness_ratio,0.12617232560820574
matched_emitter_budgets[2].sobol.thin_feature_response_ratio,0.03970167763275743
matched_emitter_budgets[2].sobol.geodesic_construction_seconds,2.7686645744834095
matched_emitter_budgets[2].sobol.sparse_geo_extraction_seconds,0.0
matched_emitter_budgets[2].sobol.source_evaluation_seconds,0.029032928869128227
matched_emitter_budgets[2].sobol.finite_transport_seconds,19.102376353228465
matched_emitter_budgets[2].sobol.detector_seconds,0.43458336987532675
matched_emitter_budgets[2].sobol.detector_seconds_per_view,0.10864584246883169
matched_emitter_budgets[2].sobol.runtime_seconds,22.958900010911748
matched_emitter_budgets[2].sobol.emitters_per_second,378729.87925799866
matched_emitter_budgets[2].sobol.packets_per_second,219569.74998511779
matched_emitter_budgets[2].sobol.interactions_per_second,40741338.64860578
matched_emitter_budgets[2].sobol.detector_writes_per_second,154421150.58211312
matched_emitter_budgets[2].sobol.attempted_packets,4194304
matched_emitter_budgets[2].sobol.interaction_evaluations,778256384
matched_emitter_budgets[2].sobol.detector_writes,67108864
matched_emitter_budgets[2].sobol.peak_cuda_allocated_mib,742.697265625
matched_emitter_budgets[2].sobol.peak_cuda_reserved_mib,816.0
matched_emitter_budgets[2].sobol.cpu_rss_mib,4965.28125
matched_emitter_budgets[2].sobol.mapping_residual_p95,4.320803971325277e-05
matched_emitter_budgets[2].sobol.image_digest,2c087196cfcef0c1c041b978d1ef33a510ecc850fcedec13364a690d57e6eb9e
matched_emitter_budgets[2].sobol.sampler,SOBOL_DISK_ENDPOINTS
matched_emitter_budgets[2].sobol.radial_scheme,AREA_SOBOL
matched_emitter_budgets[2].sobol.high_frequency_aliasing_error,0.8738276743917943
matched_emitter_budgets[2].sobol.coverage.angular_gap_p50_radians,0.006136718978977662
matched_emitter_budgets[2].sobol.coverage.angular_gap_p90_radians,0.009534574433295973
matched_emitter_budgets[2].sobol.coverage.angular_gap_p95_radians,0.010345756656577443
matched_emitter_budgets[2].sobol.coverage.largest_angular_gap_radians,0.012268288486316337
matched_emitter_budgets[2].sobol.coverage.sectors_with_zero_samples,0
matched_emitter_budgets[2].sobol.coverage.radial_gap_p50,0.0009757764637470315
matched_emitter_budgets[2].sobol.coverage.radial_gap_p90,0.0015075802803040772
matched_emitter_budgets[2].sobol.coverage.radial_gap_p95,0.0016396641731262207
matched_emitter_budgets[2].sobol.coverage.radial_stratum_occupancy_minimum,32
matched_emitter_budgets[2].sobol.coverage.radial_stratum_occupancy_maximum,32
matched_emitter_budgets[2].sobol.coverage.inner_mid_outer_sample_fractions[0],0.11112689971923828
matched_emitter_budgets[2].sobol.coverage.inner_mid_outer_sample_fractions[1],0.3333168029785156
matched_emitter_budgets[2].sobol.coverage.inner_mid_outer_sample_fractions[2],0.5555562973022461
matched_emitter_budgets[2].sobol.coverage.nearest_neighbor_distance_mean,0.036595924193329805
matched_emitter_budgets[2].sobol.coverage.nearest_neighbor_distance_p95,0.05325526665074748
matched_emitter_budgets[2].sobol.coverage.polar_cell_occupancy_variance_mean,0.0
matched_emitter_budgets[2].stratified.sampler,STRATIFIED_GEODESIC_POLAR
matched_emitter_budgets[2].stratified.radial_scheme,AREA_STRATIFIED
matched_emitter_budgets[2].stratified.seed,101
matched_emitter_budgets[2].stratified.eta_theta,0.25
matched_emitter_budgets[2].stratified.eta_r,0.25
matched_emitter_budgets[2].stratified.n_theta,32
matched_emitter_budgets[2].stratified.n_r,32
matched_emitter_budgets[2].stratified.m,1024
matched_emitter_budgets[2].stratified.n_emitters,1048576
matched_emitter_budgets[2].stratified.resolution[0],256
matched_emitter_budgets[2].stratified.resolution[1],256
matched_emitter_budgets[2].stratified.views,4
matched_emitter_budgets[2].stratified.source_mass,9.088634202953163
matched_emitter_budgets[2].stratified.layout_digest,46f97f356736b771e08265ee8be37101185bbffe20664df63aeb30d519c3db0c
matched_emitter_budgets[2].stratified.whole_image_mse,0.49454544981320697
matched_emitter_budgets[2].stratified.foreground_mse,2.0301418430338827
matched_emitter_budgets[2].stratified.interior_gt8px_mse,0.004876476091643174
matched_emitter_budgets[2].stratified.silhouette_0_8px_mse,1.316765167673895
matched_emitter_budgets[2].stratified.total_image_energy,158070.513671875
matched_emitter_budgets[2].stratified.foreground_mean_brightness,0.7686897528073486
matched_emitter_budgets[2].stratified.edge_sharpness,0.1021461654385804
matched_emitter_budgets[2].stratified.reference_edge_sharpness,0.7208442552609092
matched_emitter_budgets[2].stratified.edge_sharpness_ratio,0.14170351597184977
matched_emitter_budgets[2].stratified.thin_feature_response_ratio,0.04456196644724051
matched_emitter_budgets[2].stratified.high_frequency_aliasing_error,0.8582964840281502
matched_emitter_budgets[2].stratified.geodesic_construction_seconds,17.96071380143985
matched_emitter_budgets[2].stratified.source_evaluation_seconds,0.025934512726962566
matched_emitter_budgets[2].stratified.finite_transport_seconds,19.416073206579313
matched_emitter_budgets[2].stratified.detector_seconds,0.43069158657453954
matched_emitter_budgets[2].stratified.runtime_seconds,37.87370431795716
matched_emitter_budgets[2].stratified.attempted_packets,4194304
matched_emitter_budgets[2].stratified.interaction_evaluations,778346496
matched_emitter_budgets[2].stratified.detector_writes,67108864
matched_emitter_budgets[2].stratified.peak_cuda_allocated_mib,778.2294921875
matched_emitter_budgets[2].stratified.peak_cuda_reserved_mib,838.0
matched_emitter_budgets[2].stratified.cpu_rss_mib,4970.48046875
matched_emitter_budgets[2].stratified.mapping_residual_p95,2.295085245404605e-05
matched_emitter_budgets[2].stratified.image_digest,8535f5bd6c0b1b6ab7cfd187c115be342b31e08a488f267752a84b0b7eb76421
matched_emitter_budgets[2].stratified.fixed_integration_steps_per_ray,32
matched_emitter_budgets[2].stratified.radial_stop_recording,linear interpolation at fixed-step crossings
matched_emitter_budgets[2].stratified.quadrature_mass_drift,0.0
matched_emitter_budgets[2].stratified.coverage.angular_gap_p50_radians,0.19650298261580668
matched_emitter_budgets[2].stratified.coverage.angular_gap_p90_radians,0.25042166733243754
matched_emitter_budgets[2].stratified.coverage.angular_gap_p95_radians,0.2635441941403757
matched_emitter_budgets[2].stratified.coverage.largest_angular_gap_radians,0.2935086112583125
matched_emitter_budgets[2].stratified.coverage.sectors_with_zero_samples,0
matched_emitter_budgets[2].stratified.coverage.radial_gap_p50,0.030731011735559477
matched_emitter_budgets[2].stratified.coverage.radial_gap_p90,0.039681982016509805
matched_emitter_budgets[2].stratified.coverage.radial_gap_p95,0.04179813737701029
matched_emitter_budgets[2].stratified.coverage.radial_stratum_occupancy_minimum,32
matched_emitter_budgets[2].stratified.coverage.radial_stratum_occupancy_maximum,32
matched_emitter_budgets[2].stratified.coverage.inner_mid_outer_sample_fractions[0],0.11284351348876953
matched_emitter_budgets[2].stratified.coverage.inner_mid_outer_sample_fractions[1],0.32465648651123047
matched_emitter_budgets[2].stratified.coverage.inner_mid_outer_sample_fractions[2],0.5625
matched_emitter_budgets[2].stratified.coverage.nearest_neighbor_distance_mean,0.02198586606838367
matched_emitter_budgets[2].stratified.coverage.nearest_neighbor_distance_p95,0.041468421848867065
matched_emitter_budgets[2].stratified.coverage.polar_cell_occupancy_variance_mean,0.0
angular_radial_ablation[0].sampler,STRATIFIED_GEODESIC_POLAR
angular_radial_ablation[0].radial_scheme,AREA_STRATIFIED
angular_radial_ablation[0].seed,101
angular_radial_ablation[0].eta_theta,0.25
angular_radial_ablation[0].eta_r,0.25
angular_radial_ablation[0].n_theta,32
angular_radial_ablation[0].n_r,8
angular_radial_ablation[0].m,256
angular_radial_ablation[0].n_emitters,262144
angular_radial_ablation[0].resolution[0],256
angular_radial_ablation[0].resolution[1],256
angular_radial_ablation[0].views,4
angular_radial_ablation[0].source_mass,9.088634202953163
angular_radial_ablation[0].layout_digest,1b21bf50089856683293c2cabc623cc2e0936519301ccf1f48639b8094de2d37
angular_radial_ablation[0].whole_image_mse,0.5038181444009145
angular_radial_ablation[0].foreground_mse,2.0680559904207425
angular_radial_ablation[0].interior_gt8px_mse,0.0003594722365960479
angular_radial_ablation[0].silhouette_0_8px_mse,1.3414544821661334
angular_radial_ablation[0].total_image_energy,158726.201171875
angular_radial_ablation[0].foreground_mean_brightness,0.7669781212272506
angular_radial_ablation[0].edge_sharpness,0.11078954925030457
angular_radial_ablation[0].reference_edge_sharpness,0.7208442552609092
angular_radial_ablation[0].edge_sharpness_ratio,0.15369415576490145
angular_radial_ablation[0].thin_feature_response_ratio,0.05112139929834069
angular_radial_ablation[0].high_frequency_aliasing_error,0.8463058442350986
angular_radial_ablation[0].geodesic_construction_seconds,4.5125247177202255
angular_radial_ablation[0].source_evaluation_seconds,0.00806052191182971
angular_radial_ablation[0].finite_transport_seconds,5.305346466368064
angular_radial_ablation[0].detector_seconds,0.10948531236499548
angular_radial_ablation[0].runtime_seconds,9.950853323098272
angular_radial_ablation[0].attempted_packets,1048576
angular_radial_ablation[0].interaction_evaluations,212434944
angular_radial_ablation[0].detector_writes,16777216
angular_radial_ablation[0].peak_cuda_allocated_mib,785.54248046875
angular_radial_ablation[0].peak_cuda_reserved_mib,858.0
angular_radial_ablation[0].cpu_rss_mib,4970.48046875
angular_radial_ablation[0].mapping_residual_p95,2.2468974929825095e-05
angular_radial_ablation[0].image_digest,16032f12912b9ab375789010b2e54aa7f2df18a986ae21b88127feb125bce32c
angular_radial_ablation[0].fixed_integration_steps_per_ray,32
angular_radial_ablation[0].radial_stop_recording,linear interpolation at fixed-step crossings
angular_radial_ablation[0].quadrature_mass_drift,0.0
angular_radial_ablation[0].local_measure.reference_cells,4096
angular_radial_ablation[0].local_measure.mean_absolute_local_mass_error,8.069956675171852e-05
angular_radial_ablation[0].local_measure.normalized_mean_absolute_error,0.33054542541503906
angular_radial_ablation[0].local_measure.p90_local_mass_error,0.0001592636108398438
angular_radial_ablation[0].local_measure.p95_local_mass_error,0.0001926422119140625
angular_radial_ablation[0].local_measure.total_variation_distance,0.16527271270751953
angular_radial_ablation[0].local_measure.thin_feature_region_mass_error,7.96434355945122e-05
angular_radial_ablation[0].local_measure.high_curvature_region_mass_error,8.163321763277055e-05
angular_radial_ablation[0].local_measure.silhouette_near_region_mass_error,8.018257856493911e-05
angular_radial_ablation[0].local_measure.thin_feature_rule,top 18% reference points by world z
angular_radial_ablation[0].local_measure.high_curvature_rule,top quartile eight-neighbor normal variation
angular_radial_ablation[0].local_measure.silhouette_rule,min absolute normal-dot-four-view-direction <= 0.15
angular_radial_ablation[0].local_measure.sampler_mass_sum,1.0000000000000002
angular_radial_ablation[0].coverage.angular_gap_p50_radians,0.19650298261580668
angular_radial_ablation[0].coverage.angular_gap_p90_radians,0.25042166733243754
angular_radial_ablation[0].coverage.angular_gap_p95_radians,0.2635441941403757
angular_radial_ablation[0].coverage.largest_angular_gap_radians,0.2935086112583125
angular_radial_ablation[0].coverage.sectors_with_zero_samples,0
angular_radial_ablation[0].coverage.radial_gap_p50,0.11529070340454162
angular_radial_ablation[0].coverage.radial_gap_p90,0.15583909434921725
angular_radial_ablation[0].coverage.radial_gap_p95,0.16512050160328312
angular_radial_ablation[0].coverage.radial_stratum_occupancy_minimum,32
angular_radial_ablation[0].coverage.radial_stratum_occupancy_maximum,32
angular_radial_ablation[0].coverage.inner_mid_outer_sample_fractions[0],0.125
angular_radial_ablation[0].coverage.inner_mid_outer_sample_fractions[1],0.3263740539550781
angular_radial_ablation[0].coverage.inner_mid_outer_sample_fractions[2],0.5486259460449219
angular_radial_ablation[0].coverage.nearest_neighbor_distance_mean,0.07002712677076525
angular_radial_ablation[0].coverage.nearest_neighbor_distance_p95,0.09687091709745645
angular_radial_ablation[0].coverage.polar_cell_occupancy_variance_mean,0.0
angular_radial_ablation[1].sampler,STRATIFIED_GEODESIC_POLAR
angular_radial_ablation[1].radial_scheme,AREA_STRATIFIED
angular_radial_ablation[1].seed,101
angular_radial_ablation[1].eta_theta,0.25
angular_radial_ablation[1].eta_r,0.25
angular_radial_ablation[1].n_theta,16
angular_radial_ablation[1].n_r,16
angular_radial_ablation[1].m,256
angular_radial_ablation[1].n_emitters,262144
angular_radial_ablation[1].resolution[0],256
angular_radial_ablation[1].resolution[1],256
angular_radial_ablation[1].views,4
angular_radial_ablation[1].source_mass,9.088634202953163
angular_radial_ablation[1].layout_digest,61abef0f3887cbd63ddc91dc5f0102d1028fc514a11b0078239a6c32a4cce1d6
angular_radial_ablation[1].whole_image_mse,0.5092628300189972
angular_radial_ablation[1].foreground_mse,2.0847527421188325
angular_radial_ablation[1].interior_gt8px_mse,0.09718046585718791
angular_radial_ablation[1].silhouette_0_8px_mse,1.3559503178270953
angular_radial_ablation[1].total_image_energy,165171.31640625
angular_radial_ablation[1].foreground_mean_brightness,0.76835946094464
angular_radial_ablation[1].edge_sharpness,0.16767017647529203
angular_radial_ablation[1].reference_edge_sharpness,0.7208442552609092
angular_radial_ablation[1].edge_sharpness_ratio,0.23260250081982534
angular_radial_ablation[1].thin_feature_response_ratio,0.07697913457569375
angular_radial_ablation[1].high_frequency_aliasing_error,0.7673974991801746
angular_radial_ablation[1].geodesic_construction_seconds,4.397839822107926
angular_radial_ablation[1].source_evaluation_seconds,0.0073758563958108425
angular_radial_ablation[1].finite_transport_seconds,5.219435146544129
angular_radial_ablation[1].detector_seconds,0.10911779035814106
angular_radial_ablation[1].runtime_seconds,9.74920524796471
angular_radial_ablation[1].attempted_packets,1048576
angular_radial_ablation[1].interaction_evaluations,212443136
angular_radial_ablation[1].detector_writes,16777216
angular_radial_ablation[1].peak_cuda_allocated_mib,739.60400390625
angular_radial_ablation[1].peak_cuda_reserved_mib,816.0
angular_radial_ablation[1].cpu_rss_mib,4965.28125
angular_radial_ablation[1].mapping_residual_p95,2.2906642555804118e-05
angular_radial_ablation[1].image_digest,4d9dc3c805d6c0b2a20f7284267e8d76e03610538680b0ecf0e26b012963e2fe
angular_radial_ablation[1].fixed_integration_steps_per_ray,32
angular_radial_ablation[1].radial_stop_recording,linear interpolation at fixed-step crossings
angular_radial_ablation[1].quadrature_mass_drift,0.0
angular_radial_ablation[1].local_measure.reference_cells,4096
angular_radial_ablation[1].local_measure.mean_absolute_local_mass_error,8.242717012763023e-05
angular_radial_ablation[1].local_measure.normalized_mean_absolute_error,0.33762168884277344
angular_radial_ablation[1].local_measure.p90_local_mass_error,0.00016403198242187503
angular_radial_ablation[1].local_measure.p95_local_mass_error,0.00019454956054687505
angular_radial_ablation[1].local_measure.total_variation_distance,0.16881084442138672
angular_radial_ablation[1].local_measure.thin_feature_region_mass_error,8.243467749618902e-05
angular_radial_ablation[1].local_measure.high_curvature_region_mass_error,8.35619866847992e-05
angular_radial_ablation[1].local_measure.silhouette_near_region_mass_error,8.212439735376629e-05
angular_radial_ablation[1].local_measure.thin_feature_rule,top 18% reference points by world z
angular_radial_ablation[1].local_measure.high_curvature_rule,top quartile eight-neighbor normal variation
angular_radial_ablation[1].local_measure.silhouette_rule,min absolute normal-dot-four-view-direction <= 0.15
angular_radial_ablation[1].local_measure.sampler_mass_sum,1.0000000000000002
angular_radial_ablation[1].coverage.angular_gap_p50_radians,0.3930426983073989
angular_radial_ablation[1].coverage.angular_gap_p90_radians,0.5009307668388072
angular_radial_ablation[1].coverage.angular_gap_p95_radians,0.526659653228746
angular_radial_ablation[1].coverage.largest_angular_gap_radians,0.5865544819135318
angular_radial_ablation[1].coverage.sectors_with_zero_samples,0
angular_radial_ablation[1].coverage.radial_gap_p50,0.060331017427215416
angular_radial_ablation[1].coverage.radial_gap_p90,0.07893732806061225
angular_radial_ablation[1].coverage.radial_gap_p95,0.08327465725178969
angular_radial_ablation[1].coverage.radial_stratum_occupancy_minimum,16
angular_radial_ablation[1].coverage.radial_stratum_occupancy_maximum,16
angular_radial_ablation[1].coverage.inner_mid_outer_sample_fractions[0],0.125
angular_radial_ablation[1].coverage.inner_mid_outer_sample_fractions[1],0.3125
angular_radial_ablation[1].coverage.inner_mid_outer_sample_fractions[2],0.5625
angular_radial_ablation[1].coverage.nearest_neighbor_distance_mean,0.04402816253996876
angular_radial_ablation[1].coverage.nearest_neighbor_distance_p95,0.08112379047139032
angular_radial_ablation[1].coverage.polar_cell_occupancy_variance_mean,0.0
angular_radial_ablation[2].sampler,STRATIFIED_GEODESIC_POLAR
angular_radial_ablation[2].radial_scheme,AREA_STRATIFIED
angular_radial_ablation[2].seed,101
angular_radial_ablation[2].eta_theta,0.25
angular_radial_ablation[2].eta_r,0.25
angular_radial_ablation[2].n_theta,8
angular_radial_ablation[2].n_r,32
angular_radial_ablation[2].m,256
angular_radial_ablation[2].n_emitters,262144
angular_radial_ablation[2].resolution[0],256
angular_radial_ablation[2].resolution[1],256
angular_radial_ablation[2].views,4
angular_radial_ablation[2].source_mass,9.088634202953163
angular_radial_ablation[2].layout_digest,845a22b539dcc6b6e4c91c744f1b60c0f82b20372680e5ff954c0fd2eb1b6bdb
angular_radial_ablation[2].whole_image_mse,0.5375095208485922
angular_radial_ablation[2].foreground_mse,2.1758970769302373
angular_radial_ablation[2].interior_gt8px_mse,0.344984769821167
angular_radial_ablation[2].silhouette_0_8px_mse,1.4311568684085791
angular_radial_ablation[2].total_image_energy,192388.04296875
angular_radial_ablation[2].foreground_mean_brightness,0.7702054416267531
angular_radial_ablation[2].edge_sharpness,0.27946074789263586
angular_radial_ablation[2].reference_edge_sharpness,0.7208442552609092
angular_radial_ablation[2].edge_sharpness_ratio,0.3876853368159051
angular_radial_ablation[2].thin_feature_response_ratio,0.12972489430119838
angular_radial_ablation[2].high_frequency_aliasing_error,0.6123146631840949
angular_radial_ablation[2].geodesic_construction_seconds,4.506096851779148
angular_radial_ablation[2].source_evaluation_seconds,0.007415356347337365
angular_radial_ablation[2].finite_transport_seconds,5.219713233876973
angular_radial_ablation[2].detector_seconds,0.11051078769378364
angular_radial_ablation[2].runtime_seconds,9.858490584185347
angular_radial_ablation[2].attempted_packets,1048576
angular_radial_ablation[2].interaction_evaluations,212361216
angular_radial_ablation[2].detector_writes,16777216
angular_radial_ablation[2].peak_cuda_allocated_mib,789.85546875
angular_radial_ablation[2].peak_cuda_reserved_mib,858.0
angular_radial_ablation[2].cpu_rss_mib,4970.48046875
angular_radial_ablation[2].mapping_residual_p95,2.2877001844316876e-05
angular_radial_ablation[2].image_digest,f4230670a6fc6783391a0d453d1a21386ad1dc9f9c5f61ca24de637d97b7ccee
angular_radial_ablation[2].fixed_integration_steps_per_ray,32
angular_radial_ablation[2].radial_stop_recording,linear interpolation at fixed-step crossings
angular_radial_ablation[2].quadrature_mass_drift,0.0
angular_radial_ablation[2].local_measure.reference_cells,4096
angular_radial_ablation[2].local_measure.mean_absolute_local_mass_error,9.335996583104135e-05
angular_radial_ablation[2].local_measure.normalized_mean_absolute_error,0.38240242004394537
angular_radial_ablation[2].local_measure.p90_local_mass_error,0.00018548965454101565
angular_radial_ablation[2].local_measure.p95_local_mass_error,0.00022244453430175787
angular_radial_ablation[2].local_measure.total_variation_distance,0.19120121002197268
angular_radial_ablation[2].local_measure.thin_feature_region_mass_error,9.423413573887936e-05
angular_radial_ablation[2].local_measure.high_curvature_region_mass_error,9.478535503149035e-05
angular_radial_ablation[2].local_measure.silhouette_near_region_mass_error,9.261981050901978e-05
angular_radial_ablation[2].local_measure.thin_feature_rule,top 18% reference points by world z
angular_radial_ablation[2].local_measure.high_curvature_rule,top quartile eight-neighbor normal variation
angular_radial_ablation[2].local_measure.silhouette_rule,min absolute normal-dot-four-view-direction <= 0.15
angular_radial_ablation[2].local_measure.sampler_mass_sum,1.0000000000000002
angular_radial_ablation[2].coverage.angular_gap_p50_radians,0.7869387160004158
angular_radial_ablation[2].coverage.angular_gap_p90_radians,1.0006228757964573
angular_radial_ablation[2].coverage.angular_gap_p95_radians,1.0532826769436863
angular_radial_ablation[2].coverage.largest_angular_gap_radians,1.1697182930453307
angular_radial_ablation[2].coverage.sectors_with_zero_samples,0
angular_radial_ablation[2].coverage.radial_gap_p50,0.030732785607719082
angular_radial_ablation[2].coverage.radial_gap_p90,0.03970392470619177
angular_radial_ablation[2].coverage.radial_gap_p95,0.041817910452084835
angular_radial_ablation[2].coverage.radial_stratum_occupancy_minimum,8
angular_radial_ablation[2].coverage.radial_stratum_occupancy_maximum,8
angular_radial_ablation[2].coverage.inner_mid_outer_sample_fractions[0],0.11290359497070312
angular_radial_ablation[2].coverage.inner_mid_outer_sample_fractions[1],0.3245964050292969
angular_radial_ablation[2].coverage.inner_mid_outer_sample_fractions[2],0.5625
angular_radial_ablation[2].coverage.nearest_neighbor_distance_mean,0.024315089816265283
angular_radial_ablation[2].coverage.nearest_neighbor_distance_p95,0.05840616074403103
angular_radial_ablation[2].coverage.polar_cell_occupancy_variance_mean,0.0
radial_scheme_ablation[0].sampler,STRATIFIED_GEODESIC_POLAR
radial_scheme_ablation[0].radial_scheme,AREA_STRATIFIED
radial_scheme_ablation[0].seed,101
radial_scheme_ablation[0].eta_theta,0.25
radial_scheme_ablation[0].eta_r,0.25
radial_scheme_ablation[0].n_theta,16
radial_scheme_ablation[0].n_r,16
radial_scheme_ablation[0].m,256
radial_scheme_ablation[0].n_emitters,262144
radial_scheme_ablation[0].resolution[0],256
radial_scheme_ablation[0].resolution[1],256
radial_scheme_ablation[0].views,4
radial_scheme_ablation[0].source_mass,9.088634202953163
radial_scheme_ablation[0].layout_digest,61abef0f3887cbd63ddc91dc5f0102d1028fc514a11b0078239a6c32a4cce1d6
radial_scheme_ablation[0].whole_image_mse,0.5092628300189972
radial_scheme_ablation[0].foreground_mse,2.0847527421188325
radial_scheme_ablation[0].interior_gt8px_mse,0.09718046585718791
radial_scheme_ablation[0].silhouette_0_8px_mse,1.3559503178270953
radial_scheme_ablation[0].total_image_energy,165171.31640625
radial_scheme_ablation[0].foreground_mean_brightness,0.76835946094464
radial_scheme_ablation[0].edge_sharpness,0.16767017647529203
radial_scheme_ablation[0].reference_edge_sharpness,0.7208442552609092
radial_scheme_ablation[0].edge_sharpness_ratio,0.23260250081982534
radial_scheme_ablation[0].thin_feature_response_ratio,0.07697913457569375
radial_scheme_ablation[0].high_frequency_aliasing_error,0.7673974991801746
radial_scheme_ablation[0].geodesic_construction_seconds,4.397839822107926
radial_scheme_ablation[0].source_evaluation_seconds,0.0073758563958108425
radial_scheme_ablation[0].finite_transport_seconds,5.219435146544129
radial_scheme_ablation[0].detector_seconds,0.10911779035814106
radial_scheme_ablation[0].runtime_seconds,9.74920524796471
radial_scheme_ablation[0].attempted_packets,1048576
radial_scheme_ablation[0].interaction_evaluations,212443136
radial_scheme_ablation[0].detector_writes,16777216
radial_scheme_ablation[0].peak_cuda_allocated_mib,739.60400390625
radial_scheme_ablation[0].peak_cuda_reserved_mib,816.0
radial_scheme_ablation[0].cpu_rss_mib,4965.28125
radial_scheme_ablation[0].mapping_residual_p95,2.2906642555804118e-05
radial_scheme_ablation[0].image_digest,4d9dc3c805d6c0b2a20f7284267e8d76e03610538680b0ecf0e26b012963e2fe
radial_scheme_ablation[0].fixed_integration_steps_per_ray,32
radial_scheme_ablation[0].radial_stop_recording,linear interpolation at fixed-step crossings
radial_scheme_ablation[0].quadrature_mass_drift,0.0
radial_scheme_ablation[0].local_measure.reference_cells,4096
radial_scheme_ablation[0].local_measure.mean_absolute_local_mass_error,8.242717012763023e-05
radial_scheme_ablation[0].local_measure.normalized_mean_absolute_error,0.33762168884277344
radial_scheme_ablation[0].local_measure.p90_local_mass_error,0.00016403198242187503
radial_scheme_ablation[0].local_measure.p95_local_mass_error,0.00019454956054687505
radial_scheme_ablation[0].local_measure.total_variation_distance,0.16881084442138672
radial_scheme_ablation[0].local_measure.thin_feature_region_mass_error,8.243467749618902e-05
radial_scheme_ablation[0].local_measure.high_curvature_region_mass_error,8.35619866847992e-05
radial_scheme_ablation[0].local_measure.silhouette_near_region_mass_error,8.212439735376629e-05
radial_scheme_ablation[0].local_measure.thin_feature_rule,top 18% reference points by world z
radial_scheme_ablation[0].local_measure.high_curvature_rule,top quartile eight-neighbor normal variation
radial_scheme_ablation[0].local_measure.silhouette_rule,min absolute normal-dot-four-view-direction <= 0.15
radial_scheme_ablation[0].local_measure.sampler_mass_sum,1.0000000000000002
radial_scheme_ablation[0].coverage.angular_gap_p50_radians,0.3930426983073989
radial_scheme_ablation[0].coverage.angular_gap_p90_radians,0.5009307668388072
radial_scheme_ablation[0].coverage.angular_gap_p95_radians,0.526659653228746
radial_scheme_ablation[0].coverage.largest_angular_gap_radians,0.5865544819135318
radial_scheme_ablation[0].coverage.sectors_with_zero_samples,0
radial_scheme_ablation[0].coverage.radial_gap_p50,0.060331017427215416
radial_scheme_ablation[0].coverage.radial_gap_p90,0.07893732806061225
radial_scheme_ablation[0].coverage.radial_gap_p95,0.08327465725178969
radial_scheme_ablation[0].coverage.radial_stratum_occupancy_minimum,16
radial_scheme_ablation[0].coverage.radial_stratum_occupancy_maximum,16
radial_scheme_ablation[0].coverage.inner_mid_outer_sample_fractions[0],0.125
radial_scheme_ablation[0].coverage.inner_mid_outer_sample_fractions[1],0.3125
radial_scheme_ablation[0].coverage.inner_mid_outer_sample_fractions[2],0.5625
radial_scheme_ablation[0].coverage.nearest_neighbor_distance_mean,0.04402816253996876
radial_scheme_ablation[0].coverage.nearest_neighbor_distance_p95,0.08112379047139032
radial_scheme_ablation[0].coverage.polar_cell_occupancy_variance_mean,0.0
radial_scheme_ablation[1].sampler,STRATIFIED_GEODESIC_POLAR
radial_scheme_ablation[1].radial_scheme,DISTANCE_STRATIFIED
radial_scheme_ablation[1].seed,101
radial_scheme_ablation[1].eta_theta,0.25
radial_scheme_ablation[1].eta_r,0.25
radial_scheme_ablation[1].n_theta,16
radial_scheme_ablation[1].n_r,16
radial_scheme_ablation[1].m,256
radial_scheme_ablation[1].n_emitters,262144
radial_scheme_ablation[1].resolution[0],256
radial_scheme_ablation[1].resolution[1],256
radial_scheme_ablation[1].views,4
radial_scheme_ablation[1].source_mass,9.088634202953163
radial_scheme_ablation[1].layout_digest,47bc3a6a6d05fac0f27b9253e247a4a9743f8a7e097ffd5d8a9d984cc0aa6aec
radial_scheme_ablation[1].whole_image_mse,0.504170556863149
radial_scheme_ablation[1].foreground_mse,2.0621866326202483
radial_scheme_ablation[1].interior_gt8px_mse,0.12763500213623047
radial_scheme_ablation[1].silhouette_0_8px_mse,1.3423915378006872
radial_scheme_ablation[1].total_image_energy,165188.763671875
radial_scheme_ablation[1].foreground_mean_brightness,0.768519406123419
radial_scheme_ablation[1].edge_sharpness,0.16753823841525628
radial_scheme_ablation[1].reference_edge_sharpness,0.7208442552609092
radial_scheme_ablation[1].edge_sharpness_ratio,0.23241946813409214
radial_scheme_ablation[1].thin_feature_response_ratio,0.0759408220078267
radial_scheme_ablation[1].high_frequency_aliasing_error,0.7675805318659079
radial_scheme_ablation[1].geodesic_construction_seconds,4.519204762997106
radial_scheme_ablation[1].source_evaluation_seconds,0.007175026694312692
radial_scheme_ablation[1].finite_transport_seconds,5.2277307191397995
radial_scheme_ablation[1].detector_seconds,0.11054351273924112
radial_scheme_ablation[1].runtime_seconds,9.880419950000942
radial_scheme_ablation[1].attempted_packets,1048576
radial_scheme_ablation[1].interaction_evaluations,212377600
radial_scheme_ablation[1].detector_writes,16777216
radial_scheme_ablation[1].peak_cuda_allocated_mib,789.48046875
radial_scheme_ablation[1].peak_cuda_reserved_mib,858.0
radial_scheme_ablation[1].cpu_rss_mib,4970.48046875
radial_scheme_ablation[1].mapping_residual_p95,2.208707440626926e-05
radial_scheme_ablation[1].image_digest,faffa87ba46d3b9a142671a7da8eec5c43f180a91d639a38cdbbfc510c2dd6c0
radial_scheme_ablation[1].fixed_integration_steps_per_ray,32
radial_scheme_ablation[1].radial_stop_recording,linear interpolation at fixed-step crossings
radial_scheme_ablation[1].quadrature_mass_drift,0.0
radial_scheme_ablation[1].local_measure.reference_cells,4096
radial_scheme_ablation[1].local_measure.mean_absolute_local_mass_error,8.24832241050899e-05
radial_scheme_ablation[1].local_measure.normalized_mean_absolute_error,0.33785128593444824
radial_scheme_ablation[1].local_measure.p90_local_mass_error,0.00016435980796813965
radial_scheme_ablation[1].local_measure.p95_local_mass_error,0.0001977384090423584
radial_scheme_ablation[1].local_measure.total_variation_distance,0.16892564296722412
radial_scheme_ablation[1].local_measure.thin_feature_region_mass_error,8.192916872701671e-05
radial_scheme_ablation[1].local_measure.high_curvature_region_mass_error,8.422398241236806e-05
radial_scheme_ablation[1].local_measure.silhouette_near_region_mass_error,8.216195858355403e-05
radial_scheme_ablation[1].local_measure.thin_feature_rule,top 18% reference points by world z
radial_scheme_ablation[1].local_measure.high_curvature_rule,top quartile eight-neighbor normal variation
radial_scheme_ablation[1].local_measure.silhouette_rule,min absolute normal-dot-four-view-direction <= 0.15
radial_scheme_ablation[1].local_measure.sampler_mass_sum,1.0
radial_scheme_ablation[1].coverage.angular_gap_p50_radians,0.3930426983073989
radial_scheme_ablation[1].coverage.angular_gap_p90_radians,0.5009307668388072
radial_scheme_ablation[1].coverage.angular_gap_p95_radians,0.526659653228746
radial_scheme_ablation[1].coverage.largest_angular_gap_radians,0.5865544819135318
radial_scheme_ablation[1].coverage.sectors_with_zero_samples,0
radial_scheme_ablation[1].coverage.radial_gap_p50,0.06033101742721547
radial_scheme_ablation[1].coverage.radial_gap_p90,0.07893732806061211
radial_scheme_ablation[1].coverage.radial_gap_p95,0.08327465725178967
radial_scheme_ablation[1].coverage.radial_stratum_occupancy_minimum,16
radial_scheme_ablation[1].coverage.radial_stratum_occupancy_maximum,16
radial_scheme_ablation[1].coverage.inner_mid_outer_sample_fractions[0],0.3228607177734375
radial_scheme_ablation[1].coverage.inner_mid_outer_sample_fractions[1],0.3543281555175781
radial_scheme_ablation[1].coverage.inner_mid_outer_sample_fractions[2],0.3228111267089844
radial_scheme_ablation[1].coverage.nearest_neighbor_distance_mean,0.049834574289186626
radial_scheme_ablation[1].coverage.nearest_neighbor_distance_p95,0.06830415566285514
radial_scheme_ablation[1].coverage.polar_cell_occupancy_variance_mean,0.0
jitter_ablation[0].sampler,STRATIFIED_GEODESIC_POLAR
jitter_ablation[0].radial_scheme,AREA_STRATIFIED
jitter_ablation[0].seed,101
jitter_ablation[0].eta_theta,0.0
jitter_ablation[0].eta_r,0.0
jitter_ablation[0].n_theta,16
jitter_ablation[0].n_r,16
jitter_ablation[0].m,256
jitter_ablation[0].n_emitters,262144
jitter_ablation[0].resolution[0],256
jitter_ablation[0].resolution[1],256
jitter_ablation[0].views,4
jitter_ablation[0].source_mass,9.088634202953163
jitter_ablation[0].layout_digest,cea007e85733acc637e571c6066a4aa148017046fa2e38a7b3af72fe30f5178a
jitter_ablation[0].whole_image_mse,0.5078674256801605
jitter_ablation[0].foreground_mse,2.080968842026876
jitter_ablation[0].interior_gt8px_mse,0.0027011800557374954
jitter_ablation[0].silhouette_0_8px_mse,1.3522359781541482
jitter_ablation[0].total_image_energy,164158.28125
jitter_ablation[0].foreground_mean_brightness,0.7689305300219172
jitter_ablation[0].edge_sharpness,0.1646841224955284
jitter_ablation[0].reference_edge_sharpness,0.7208442552609092
jitter_ablation[0].edge_sharpness_ratio,0.22846006095438892
jitter_ablation[0].thin_feature_response_ratio,0.07490737608903428
jitter_ablation[0].high_frequency_aliasing_error,0.771539939045611
jitter_ablation[0].geodesic_construction_seconds,4.518829472828656
jitter_ablation[0].source_evaluation_seconds,0.007687593810260296
jitter_ablation[0].finite_transport_seconds,5.217849511187524
jitter_ablation[0].detector_seconds,0.11156776850111783
jitter_ablation[0].runtime_seconds,9.87366591207683
jitter_ablation[0].attempted_packets,1048576
jitter_ablation[0].interaction_evaluations,212459520
jitter_ablation[0].detector_writes,16777216
jitter_ablation[0].peak_cuda_allocated_mib,789.60546875
jitter_ablation[0].peak_cuda_reserved_mib,858.0
jitter_ablation[0].cpu_rss_mib,4970.48046875
jitter_ablation[0].mapping_residual_p95,2.2708236155246295e-05
jitter_ablation[0].image_digest,efede72e037c246cd06e42a6ce8134c96326bbcf8e97d1a3550f33d4291b666e
jitter_ablation[0].fixed_integration_steps_per_ray,32
jitter_ablation[0].radial_stop_recording,linear interpolation at fixed-step crossings
jitter_ablation[0].quadrature_mass_drift,0.0
jitter_ablation[0].local_measure.reference_cells,4096
jitter_ablation[0].local_measure.mean_absolute_local_mass_error,8.087512105703354e-05
jitter_ablation[0].local_measure.normalized_mean_absolute_error,0.3312644958496094
jitter_ablation[0].local_measure.p90_local_mass_error,0.0001621246337890625
jitter_ablation[0].local_measure.p95_local_mass_error,0.0001955032348632813
jitter_ablation[0].local_measure.total_variation_distance,0.1656322479248047
jitter_ablation[0].local_measure.thin_feature_region_mass_error,8.009959688677698e-05
jitter_ablation[0].local_measure.high_curvature_region_mass_error,8.184742182493213e-05
jitter_ablation[0].local_measure.silhouette_near_region_mass_error,8.059372259972294e-05
jitter_ablation[0].local_measure.thin_feature_rule,top 18% reference points by world z
jitter_ablation[0].local_measure.high_curvature_rule,top quartile eight-neighbor normal variation
jitter_ablation[0].local_measure.silhouette_rule,min absolute normal-dot-four-view-direction <= 0.15
jitter_ablation[0].local_measure.sampler_mass_sum,1.0000000000000002
jitter_ablation[0].coverage.angular_gap_p50_radians,0.39269908169872414
jitter_ablation[0].coverage.angular_gap_p90_radians,0.3926990816987246
jitter_ablation[0].coverage.angular_gap_p95_radians,0.3926990816987246
jitter_ablation[0].coverage.largest_angular_gap_radians,0.3926990816987246
jitter_ablation[0].coverage.sectors_with_zero_samples,0
jitter_ablation[0].coverage.radial_gap_p50,0.06249999999999998
jitter_ablation[0].coverage.radial_gap_p90,0.06250000000000011
jitter_ablation[0].coverage.radial_gap_p95,0.06250000000000011
jitter_ablation[0].coverage.radial_stratum_occupancy_minimum,16
jitter_ablation[0].coverage.radial_stratum_occupancy_maximum,16
jitter_ablation[0].coverage.inner_mid_outer_sample_fractions[0],0.125
jitter_ablation[0].coverage.inner_mid_outer_sample_fractions[1],0.3125
jitter_ablation[0].coverage.inner_mid_outer_sample_fractions[2],0.5625
jitter_ablation[0].coverage.nearest_neighbor_distance_mean,0.048707434827675186
jitter_ablation[0].coverage.nearest_neighbor_distance_p95,0.0890984896731502
jitter_ablation[0].coverage.polar_cell_occupancy_variance_mean,0.0
jitter_ablation[0].multiseed.sampler,STRATIFIED_GEODESIC_POLAR
jitter_ablation[0].multiseed.radial_scheme,AREA_STRATIFIED
jitter_ablation[0].multiseed.eta_theta,0.0
jitter_ablation[0].multiseed.eta_r,0.0
jitter_ablation[0].multiseed.n_theta,16
jitter_ablation[0].multiseed.n_r,16
jitter_ablation[0].multiseed.m,256
jitter_ablation[0].multiseed.n_emitters,262144
jitter_ablation[0].multiseed.seeds[0],101
jitter_ablation[0].multiseed.seeds[1],211
jitter_ablation[0].multiseed.seeds[2],307
jitter_ablation[0].multiseed.seeds[3],401
jitter_ablation[0].multiseed.seeds[4],503
jitter_ablation[0].multiseed.seeds[5],601
jitter_ablation[0].multiseed.seeds[6],701
jitter_ablation[0].multiseed.seeds[7],809
jitter_ablation[0].multiseed.rows[0].seed,101
jitter_ablation[0].multiseed.rows[0].layout_digest,cea007e85733acc637e571c6066a4aa148017046fa2e38a7b3af72fe30f5178a
jitter_ablation[0].multiseed.rows[0].source_mass,9.088634202953163
jitter_ablation[0].multiseed.rows[0].image_self_mse,5.645053194558653e-15
jitter_ablation[0].multiseed.rows[0].geometry_response_norm,0.0055329096503555775
jitter_ablation[0].multiseed.rows[0].geometry_response_cosine,0.9999999999999978
jitter_ablation[0].multiseed.rows[0].response_definition,"strict sparse-field central FD of mass-weighted shared-ray per-emitter [x,n]"
jitter_ablation[0].multiseed.rows[0].response_parameter,18
jitter_ablation[0].multiseed.rows[0].response_delta,0.001
jitter_ablation[0].multiseed.rows[0].sparse_point_basis_pairs_evaluated,1948672
jitter_ablation[0].multiseed.rows[0].seconds,15.961928921984509
jitter_ablation[0].multiseed.rows[1].seed,211
jitter_ablation[0].multiseed.rows[1].layout_digest,736d7e9c8c53172e1b2d06d501c0762828dcbf15eb15b574fee176dcee62342b
jitter_ablation[0].multiseed.rows[1].source_mass,9.088634202953163
jitter_ablation[0].multiseed.rows[1].image_self_mse,5.353182581593766e-15
jitter_ablation[0].multiseed.rows[1].geometry_response_norm,0.0055329096503555775
jitter_ablation[0].multiseed.rows[1].geometry_response_cosine,0.9999999999999978
jitter_ablation[0].multiseed.rows[1].response_definition,"strict sparse-field central FD of mass-weighted shared-ray per-emitter [x,n]"
jitter_ablation[0].multiseed.rows[1].response_parameter,18
jitter_ablation[0].multiseed.rows[1].response_delta,0.001
jitter_ablation[0].multiseed.rows[1].sparse_point_basis_pairs_evaluated,1948672
jitter_ablation[0].multiseed.rows[1].seconds,15.488955094013363
jitter_ablation[0].multiseed.rows[2].seed,307
jitter_ablation[0].multiseed.rows[2].layout_digest,1b6ba868d1d8f9f9fcb74aacd3d09896e0878b6c7734fc4285faf116b0415d4b
jitter_ablation[0].multiseed.rows[2].source_mass,9.088634202953163
jitter_ablation[0].multiseed.rows[2].image_self_mse,5.48824029096757e-15
jitter_ablation[0].multiseed.rows[2].geometry_response_norm,0.0055329096503555775
jitter_ablation[0].multiseed.rows[2].geometry_response_cosine,0.9999999999999978
jitter_ablation[0].multiseed.rows[2].response_definition,"strict sparse-field central FD of mass-weighted shared-ray per-emitter [x,n]"
jitter_ablation[0].multiseed.rows[2].response_parameter,18
jitter_ablation[0].multiseed.rows[2].response_delta,0.001
jitter_ablation[0].multiseed.rows[2].sparse_point_basis_pairs_evaluated,1948672
jitter_ablation[0].multiseed.rows[2].seconds,15.27185156289488
jitter_ablation[0].multiseed.rows[3].seed,401
jitter_ablation[0].multiseed.rows[3].layout_digest,0e60c7ffb183a635d77f1d728b1a5210b61fb92e2d463a76e379d708b77f42cb
jitter_ablation[0].multiseed.rows[3].source_mass,9.088634202953163
jitter_ablation[0].multiseed.rows[3].image_self_mse,5.23378947603001e-15
jitter_ablation[0].multiseed.rows[3].geometry_response_norm,0.0055329096503555775
jitter_ablation[0].multiseed.rows[3].geometry_response_cosine,0.9999999999999978
jitter_ablation[0].multiseed.rows[3].response_definition,"strict sparse-field central FD of mass-weighted shared-ray per-emitter [x,n]"
jitter_ablation[0].multiseed.rows[3].response_parameter,18
jitter_ablation[0].multiseed.rows[3].response_delta,0.001
jitter_ablation[0].multiseed.rows[3].sparse_point_basis_pairs_evaluated,1948672
jitter_ablation[0].multiseed.rows[3].seconds,15.256543921073899
jitter_ablation[0].multiseed.rows[4].seed,503
jitter_ablation[0].multiseed.rows[4].layout_digest,b81a69e3084fc3bd97e40ac83e6a860e912e9d114dc991627cd64e4819330983
jitter_ablation[0].multiseed.rows[4].source_mass,9.088634202953163
jitter_ablation[0].multiseed.rows[4].image_self_mse,5.747365880741026e-15
jitter_ablation[0].multiseed.rows[4].geometry_response_norm,0.0055329096503555775
jitter_ablation[0].multiseed.rows[4].geometry_response_cosine,0.9999999999999978
jitter_ablation[0].multiseed.rows[4].response_definition,"strict sparse-field central FD of mass-weighted shared-ray per-emitter [x,n]"
jitter_ablation[0].multiseed.rows[4].response_parameter,18
jitter_ablation[0].multiseed.rows[4].response_delta,0.001
jitter_ablation[0].multiseed.rows[4].sparse_point_basis_pairs_evaluated,1948672
jitter_ablation[0].multiseed.rows[4].seconds,15.302945866016671
jitter_ablation[0].multiseed.rows[5].seed,601
jitter_ablation[0].multiseed.rows[5].layout_digest,90bf232c536c0206bce888e9402711aad611ce4d7d75a3b3f1fcc9779f655c38
jitter_ablation[0].multiseed.rows[5].source_mass,9.088634202953163
jitter_ablation[0].multiseed.rows[5].image_self_mse,5.397270222981879e-15
jitter_ablation[0].multiseed.rows[5].geometry_response_norm,0.0055329096503555775
jitter_ablation[0].multiseed.rows[5].geometry_response_cosine,0.9999999999999978
jitter_ablation[0].multiseed.rows[5].response_definition,"strict sparse-field central FD of mass-weighted shared-ray per-emitter [x,n]"
jitter_ablation[0].multiseed.rows[5].response_parameter,18
jitter_ablation[0].multiseed.rows[5].response_delta,0.001
jitter_ablation[0].multiseed.rows[5].sparse_point_basis_pairs_evaluated,1948672
jitter_ablation[0].multiseed.rows[5].seconds,14.958418196998537
jitter_ablation[0].multiseed.rows[6].seed,701
jitter_ablation[0].multiseed.rows[6].layout_digest,398755b40917d2fdaef59696c5f7a300b598ab10b087007f7d1ee0fe235d7b7b
jitter_ablation[0].multiseed.rows[6].source_mass,9.088634202953163
jitter_ablation[0].multiseed.rows[6].image_self_mse,5.2224523635474845e-15
jitter_ablation[0].multiseed.rows[6].geometry_response_norm,0.0055329096503555775
jitter_ablation[0].multiseed.rows[6].geometry_response_cosine,0.9999999999999978
jitter_ablation[0].multiseed.rows[6].response_definition,"strict sparse-field central FD of mass-weighted shared-ray per-emitter [x,n]"
jitter_ablation[0].multiseed.rows[6].response_parameter,18
jitter_ablation[0].multiseed.rows[6].response_delta,0.001
jitter_ablation[0].multiseed.rows[6].sparse_point_basis_pairs_evaluated,1948672
jitter_ablation[0].multiseed.rows[6].seconds,14.954093623906374
jitter_ablation[0].multiseed.rows[7].seed,809
jitter_ablation[0].multiseed.rows[7].layout_digest,0dcbb4f5e7710da79adbb0a42e20c59ce436db004ecb58842744d7755e2e8c8a
jitter_ablation[0].multiseed.rows[7].source_mass,9.088634202953163
jitter_ablation[0].multiseed.rows[7].image_self_mse,5.208475472884841e-15
jitter_ablation[0].multiseed.rows[7].geometry_response_norm,0.0055329096503555775
jitter_ablation[0].multiseed.rows[7].geometry_response_cosine,0.9999999999999978
jitter_ablation[0].multiseed.rows[7].response_definition,"strict sparse-field central FD of mass-weighted shared-ray per-emitter [x,n]"
jitter_ablation[0].multiseed.rows[7].response_parameter,18
jitter_ablation[0].multiseed.rows[7].response_delta,0.001
jitter_ablation[0].multiseed.rows[7].sparse_point_basis_pairs_evaluated,1948672
jitter_ablation[0].multiseed.rows[7].seconds,14.975394883891568
jitter_ablation[0].multiseed.source_mass_cv,0.0
jitter_ablation[0].multiseed.response_norm_cv,0.0
jitter_ablation[0].multiseed.median_geometry_response_cosine,0.9999999999999978
jitter_ablation[0].multiseed.mean_image_self_mse,5.4119786854131535e-15
jitter_ablation[0].radial_coordinates_first_chart[0][0],0.1767766952966369
jitter_ablation[0].radial_coordinates_first_chart[0][1],0.30618621784789724
jitter_ablation[0].radial_coordinates_first_chart[0][2],0.39528470752104744
jitter_ablation[0].radial_coordinates_first_chart[0][3],0.46770717334674267
jitter_ablation[0].radial_coordinates_first_chart[0][4],0.5303300858899106
jitter_ablation[0].radial_coordinates_first_chart[0][5],0.5863019699779287
jitter_ablation[0].radial_coordinates_first_chart[0][6],0.6373774391990981
jitter_ablation[0].radial_coordinates_first_chart[0][7],0.6846531968814576
jitter_ablation[0].radial_coordinates_first_chart[0][8],0.7288689868556626
jitter_ablation[0].radial_coordinates_first_chart[0][9],0.770551750371122
jitter_ablation[0].radial_coordinates_first_chart[0][10],0.8100925873009825
jitter_ablation[0].radial_coordinates_first_chart[0][11],0.8477912478906585
jitter_ablation[0].radial_coordinates_first_chart[0][12],0.8838834764831844
jitter_ablation[0].radial_coordinates_first_chart[0][13],0.9185586535436918
jitter_ablation[0].radial_coordinates_first_chart[0][14],0.9519716382329886
jitter_ablation[0].radial_coordinates_first_chart[0][15],0.9842509842514764
jitter_ablation[0].radial_coordinates_first_chart[1][0],0.1767766952966369
jitter_ablation[0].radial_coordinates_first_chart[1][1],0.30618621784789724
jitter_ablation[0].radial_coordinates_first_chart[1][2],0.39528470752104744
jitter_ablation[0].radial_coordinates_first_chart[1][3],0.46770717334674267
jitter_ablation[0].radial_coordinates_first_chart[1][4],0.5303300858899106
jitter_ablation[0].radial_coordinates_first_chart[1][5],0.5863019699779287
jitter_ablation[0].radial_coordinates_first_chart[1][6],0.6373774391990981
jitter_ablation[0].radial_coordinates_first_chart[1][7],0.6846531968814576
jitter_ablation[0].radial_coordinates_first_chart[1][8],0.7288689868556626
jitter_ablation[0].radial_coordinates_first_chart[1][9],0.770551750371122
jitter_ablation[0].radial_coordinates_first_chart[1][10],0.8100925873009825
jitter_ablation[0].radial_coordinates_first_chart[1][11],0.8477912478906585
jitter_ablation[0].radial_coordinates_first_chart[1][12],0.8838834764831844
jitter_ablation[0].radial_coordinates_first_chart[1][13],0.9185586535436918
jitter_ablation[0].radial_coordinates_first_chart[1][14],0.9519716382329886
jitter_ablation[0].radial_coordinates_first_chart[1][15],0.9842509842514764
jitter_ablation[0].radial_coordinates_first_chart[2][0],0.1767766952966369
jitter_ablation[0].radial_coordinates_first_chart[2][1],0.30618621784789724
jitter_ablation[0].radial_coordinates_first_chart[2][2],0.39528470752104744
jitter_ablation[0].radial_coordinates_first_chart[2][3],0.46770717334674267
jitter_ablation[0].radial_coordinates_first_chart[2][4],0.5303300858899106
jitter_ablation[0].radial_coordinates_first_chart[2][5],0.5863019699779287
jitter_ablation[0].radial_coordinates_first_chart[2][6],0.6373774391990981
jitter_ablation[0].radial_coordinates_first_chart[2][7],0.6846531968814576
jitter_ablation[0].radial_coordinates_first_chart[2][8],0.7288689868556626
jitter_ablation[0].radial_coordinates_first_chart[2][9],0.770551750371122
jitter_ablation[0].radial_coordinates_first_chart[2][10],0.8100925873009825
jitter_ablation[0].radial_coordinates_first_chart[2][11],0.8477912478906585
jitter_ablation[0].radial_coordinates_first_chart[2][12],0.8838834764831844
jitter_ablation[0].radial_coordinates_first_chart[2][13],0.9185586535436918
jitter_ablation[0].radial_coordinates_first_chart[2][14],0.9519716382329886
jitter_ablation[0].radial_coordinates_first_chart[2][15],0.9842509842514764
jitter_ablation[0].radial_coordinates_first_chart[3][0],0.1767766952966369
jitter_ablation[0].radial_coordinates_first_chart[3][1],0.30618621784789724
jitter_ablation[0].radial_coordinates_first_chart[3][2],0.39528470752104744
jitter_ablation[0].radial_coordinates_first_chart[3][3],0.46770717334674267
jitter_ablation[0].radial_coordinates_first_chart[3][4],0.5303300858899106
jitter_ablation[0].radial_coordinates_first_chart[3][5],0.5863019699779287
jitter_ablation[0].radial_coordinates_first_chart[3][6],0.6373774391990981
jitter_ablation[0].radial_coordinates_first_chart[3][7],0.6846531968814576
jitter_ablation[0].radial_coordinates_first_chart[3][8],0.7288689868556626
jitter_ablation[0].radial_coordinates_first_chart[3][9],0.770551750371122
jitter_ablation[0].radial_coordinates_first_chart[3][10],0.8100925873009825
jitter_ablation[0].radial_coordinates_first_chart[3][11],0.8477912478906585
jitter_ablation[0].radial_coordinates_first_chart[3][12],0.8838834764831844
jitter_ablation[0].radial_coordinates_first_chart[3][13],0.9185586535436918
jitter_ablation[0].radial_coordinates_first_chart[3][14],0.9519716382329886
jitter_ablation[0].radial_coordinates_first_chart[3][15],0.9842509842514764
jitter_ablation[0].radial_coordinates_first_chart[4][0],0.1767766952966369
jitter_ablation[0].radial_coordinates_first_chart[4][1],0.30618621784789724
jitter_ablation[0].radial_coordinates_first_chart[4][2],0.39528470752104744
jitter_ablation[0].radial_coordinates_first_chart[4][3],0.46770717334674267
jitter_ablation[0].radial_coordinates_first_chart[4][4],0.5303300858899106
jitter_ablation[0].radial_coordinates_first_chart[4][5],0.5863019699779287
jitter_ablation[0].radial_coordinates_first_chart[4][6],0.6373774391990981
jitter_ablation[0].radial_coordinates_first_chart[4][7],0.6846531968814576
jitter_ablation[0].radial_coordinates_first_chart[4][8],0.7288689868556626
jitter_ablation[0].radial_coordinates_first_chart[4][9],0.770551750371122
jitter_ablation[0].radial_coordinates_first_chart[4][10],0.8100925873009825
jitter_ablation[0].radial_coordinates_first_chart[4][11],0.8477912478906585
jitter_ablation[0].radial_coordinates_first_chart[4][12],0.8838834764831844
jitter_ablation[0].radial_coordinates_first_chart[4][13],0.9185586535436918
jitter_ablation[0].radial_coordinates_first_chart[4][14],0.9519716382329886
jitter_ablation[0].radial_coordinates_first_chart[4][15],0.9842509842514764
jitter_ablation[0].radial_coordinates_first_chart[5][0],0.1767766952966369
jitter_ablation[0].radial_coordinates_first_chart[5][1],0.30618621784789724
jitter_ablation[0].radial_coordinates_first_chart[5][2],0.39528470752104744
jitter_ablation[0].radial_coordinates_first_chart[5][3],0.46770717334674267
jitter_ablation[0].radial_coordinates_first_chart[5][4],0.5303300858899106
jitter_ablation[0].radial_coordinates_first_chart[5][5],0.5863019699779287
jitter_ablation[0].radial_coordinates_first_chart[5][6],0.6373774391990981
jitter_ablation[0].radial_coordinates_first_chart[5][7],0.6846531968814576
jitter_ablation[0].radial_coordinates_first_chart[5][8],0.7288689868556626
jitter_ablation[0].radial_coordinates_first_chart[5][9],0.770551750371122
jitter_ablation[0].radial_coordinates_first_chart[5][10],0.8100925873009825
jitter_ablation[0].radial_coordinates_first_chart[5][11],0.8477912478906585
jitter_ablation[0].radial_coordinates_first_chart[5][12],0.8838834764831844
jitter_ablation[0].radial_coordinates_first_chart[5][13],0.9185586535436918
jitter_ablation[0].radial_coordinates_first_chart[5][14],0.9519716382329886
jitter_ablation[0].radial_coordinates_first_chart[5][15],0.9842509842514764
jitter_ablation[0].radial_coordinates_first_chart[6][0],0.1767766952966369
jitter_ablation[0].radial_coordinates_first_chart[6][1],0.30618621784789724
jitter_ablation[0].radial_coordinates_first_chart[6][2],0.39528470752104744
jitter_ablation[0].radial_coordinates_first_chart[6][3],0.46770717334674267
jitter_ablation[0].radial_coordinates_first_chart[6][4],0.5303300858899106
jitter_ablation[0].radial_coordinates_first_chart[6][5],0.5863019699779287
jitter_ablation[0].radial_coordinates_first_chart[6][6],0.6373774391990981
jitter_ablation[0].radial_coordinates_first_chart[6][7],0.6846531968814576
jitter_ablation[0].radial_coordinates_first_chart[6][8],0.7288689868556626
jitter_ablation[0].radial_coordinates_first_chart[6][9],0.770551750371122
jitter_ablation[0].radial_coordinates_first_chart[6][10],0.8100925873009825
jitter_ablation[0].radial_coordinates_first_chart[6][11],0.8477912478906585
jitter_ablation[0].radial_coordinates_first_chart[6][12],0.8838834764831844
jitter_ablation[0].radial_coordinates_first_chart[6][13],0.9185586535436918
jitter_ablation[0].radial_coordinates_first_chart[6][14],0.9519716382329886
jitter_ablation[0].radial_coordinates_first_chart[6][15],0.9842509842514764
jitter_ablation[0].radial_coordinates_first_chart[7][0],0.1767766952966369
jitter_ablation[0].radial_coordinates_first_chart[7][1],0.30618621784789724
jitter_ablation[0].radial_coordinates_first_chart[7][2],0.39528470752104744
jitter_ablation[0].radial_coordinates_first_chart[7][3],0.46770717334674267
jitter_ablation[0].radial_coordinates_first_chart[7][4],0.5303300858899106
jitter_ablation[0].radial_coordinates_first_chart[7][5],0.5863019699779287
jitter_ablation[0].radial_coordinates_first_chart[7][6],0.6373774391990981
jitter_ablation[0].radial_coordinates_first_chart[7][7],0.6846531968814576
jitter_ablation[0].radial_coordinates_first_chart[7][8],0.7288689868556626
jitter_ablation[0].radial_coordinates_first_chart[7][9],0.770551750371122
jitter_ablation[0].radial_coordinates_first_chart[7][10],0.8100925873009825
jitter_ablation[0].radial_coordinates_first_chart[7][11],0.8477912478906585
jitter_ablation[0].radial_coordinates_first_chart[7][12],0.8838834764831844
jitter_ablation[0].radial_coordinates_first_chart[7][13],0.9185586535436918
jitter_ablation[0].radial_coordinates_first_chart[7][14],0.9519716382329886
jitter_ablation[0].radial_coordinates_first_chart[7][15],0.9842509842514764
jitter_ablation[0].radial_coordinates_first_chart[8][0],0.1767766952966369
jitter_ablation[0].radial_coordinates_first_chart[8][1],0.30618621784789724
jitter_ablation[0].radial_coordinates_first_chart[8][2],0.39528470752104744
jitter_ablation[0].radial_coordinates_first_chart[8][3],0.46770717334674267
jitter_ablation[0].radial_coordinates_first_chart[8][4],0.5303300858899106
jitter_ablation[0].radial_coordinates_first_chart[8][5],0.5863019699779287
jitter_ablation[0].radial_coordinates_first_chart[8][6],0.6373774391990981
jitter_ablation[0].radial_coordinates_first_chart[8][7],0.6846531968814576
jitter_ablation[0].radial_coordinates_first_chart[8][8],0.7288689868556626
jitter_ablation[0].radial_coordinates_first_chart[8][9],0.770551750371122
jitter_ablation[0].radial_coordinates_first_chart[8][10],0.8100925873009825
jitter_ablation[0].radial_coordinates_first_chart[8][11],0.8477912478906585
jitter_ablation[0].radial_coordinates_first_chart[8][12],0.8838834764831844
jitter_ablation[0].radial_coordinates_first_chart[8][13],0.9185586535436918
jitter_ablation[0].radial_coordinates_first_chart[8][14],0.9519716382329886
jitter_ablation[0].radial_coordinates_first_chart[8][15],0.9842509842514764
jitter_ablation[0].radial_coordinates_first_chart[9][0],0.1767766952966369
jitter_ablation[0].radial_coordinates_first_chart[9][1],0.30618621784789724
jitter_ablation[0].radial_coordinates_first_chart[9][2],0.39528470752104744
jitter_ablation[0].radial_coordinates_first_chart[9][3],0.46770717334674267
jitter_ablation[0].radial_coordinates_first_chart[9][4],0.5303300858899106
jitter_ablation[0].radial_coordinates_first_chart[9][5],0.5863019699779287
jitter_ablation[0].radial_coordinates_first_chart[9][6],0.6373774391990981
jitter_ablation[0].radial_coordinates_first_chart[9][7],0.6846531968814576
jitter_ablation[0].radial_coordinates_first_chart[9][8],0.7288689868556626
jitter_ablation[0].radial_coordinates_first_chart[9][9],0.770551750371122
jitter_ablation[0].radial_coordinates_first_chart[9][10],0.8100925873009825
jitter_ablation[0].radial_coordinates_first_chart[9][11],0.8477912478906585
jitter_ablation[0].radial_coordinates_first_chart[9][12],0.8838834764831844
jitter_ablation[0].radial_coordinates_first_chart[9][13],0.9185586535436918
jitter_ablation[0].radial_coordinates_first_chart[9][14],0.9519716382329886
jitter_ablation[0].radial_coordinates_first_chart[9][15],0.9842509842514764
jitter_ablation[0].radial_coordinates_first_chart[10][0],0.1767766952966369
jitter_ablation[0].radial_coordinates_first_chart[10][1],0.30618621784789724
jitter_ablation[0].radial_coordinates_first_chart[10][2],0.39528470752104744
jitter_ablation[0].radial_coordinates_first_chart[10][3],0.46770717334674267
jitter_ablation[0].radial_coordinates_first_chart[10][4],0.5303300858899106
jitter_ablation[0].radial_coordinates_first_chart[10][5],0.5863019699779287
jitter_ablation[0].radial_coordinates_first_chart[10][6],0.6373774391990981
jitter_ablation[0].radial_coordinates_first_chart[10][7],0.6846531968814576
jitter_ablation[0].radial_coordinates_first_chart[10][8],0.7288689868556626
jitter_ablation[0].radial_coordinates_first_chart[10][9],0.770551750371122
jitter_ablation[0].radial_coordinates_first_chart[10][10],0.8100925873009825
jitter_ablation[0].radial_coordinates_first_chart[10][11],0.8477912478906585
jitter_ablation[0].radial_coordinates_first_chart[10][12],0.8838834764831844
jitter_ablation[0].radial_coordinates_first_chart[10][13],0.9185586535436918
jitter_ablation[0].radial_coordinates_first_chart[10][14],0.9519716382329886
jitter_ablation[0].radial_coordinates_first_chart[10][15],0.9842509842514764
jitter_ablation[0].radial_coordinates_first_chart[11][0],0.1767766952966369
jitter_ablation[0].radial_coordinates_first_chart[11][1],0.30618621784789724
jitter_ablation[0].radial_coordinates_first_chart[11][2],0.39528470752104744
jitter_ablation[0].radial_coordinates_first_chart[11][3],0.46770717334674267
jitter_ablation[0].radial_coordinates_first_chart[11][4],0.5303300858899106
jitter_ablation[0].radial_coordinates_first_chart[11][5],0.5863019699779287
jitter_ablation[0].radial_coordinates_first_chart[11][6],0.6373774391990981
jitter_ablation[0].radial_coordinates_first_chart[11][7],0.6846531968814576
jitter_ablation[0].radial_coordinates_first_chart[11][8],0.7288689868556626
jitter_ablation[0].radial_coordinates_first_chart[11][9],0.770551750371122
jitter_ablation[0].radial_coordinates_first_chart[11][10],0.8100925873009825
jitter_ablation[0].radial_coordinates_first_chart[11][11],0.8477912478906585
jitter_ablation[0].radial_coordinates_first_chart[11][12],0.8838834764831844
jitter_ablation[0].radial_coordinates_first_chart[11][13],0.9185586535436918
jitter_ablation[0].radial_coordinates_first_chart[11][14],0.9519716382329886
jitter_ablation[0].radial_coordinates_first_chart[11][15],0.9842509842514764
jitter_ablation[0].radial_coordinates_first_chart[12][0],0.1767766952966369
jitter_ablation[0].radial_coordinates_first_chart[12][1],0.30618621784789724
jitter_ablation[0].radial_coordinates_first_chart[12][2],0.39528470752104744
jitter_ablation[0].radial_coordinates_first_chart[12][3],0.46770717334674267
jitter_ablation[0].radial_coordinates_first_chart[12][4],0.5303300858899106
jitter_ablation[0].radial_coordinates_first_chart[12][5],0.5863019699779287
jitter_ablation[0].radial_coordinates_first_chart[12][6],0.6373774391990981
jitter_ablation[0].radial_coordinates_first_chart[12][7],0.6846531968814576
jitter_ablation[0].radial_coordinates_first_chart[12][8],0.7288689868556626
jitter_ablation[0].radial_coordinates_first_chart[12][9],0.770551750371122
jitter_ablation[0].radial_coordinates_first_chart[12][10],0.8100925873009825
jitter_ablation[0].radial_coordinates_first_chart[12][11],0.8477912478906585
jitter_ablation[0].radial_coordinates_first_chart[12][12],0.8838834764831844
jitter_ablation[0].radial_coordinates_first_chart[12][13],0.9185586535436918
jitter_ablation[0].radial_coordinates_first_chart[12][14],0.9519716382329886
jitter_ablation[0].radial_coordinates_first_chart[12][15],0.9842509842514764
jitter_ablation[0].radial_coordinates_first_chart[13][0],0.1767766952966369
jitter_ablation[0].radial_coordinates_first_chart[13][1],0.30618621784789724
jitter_ablation[0].radial_coordinates_first_chart[13][2],0.39528470752104744
jitter_ablation[0].radial_coordinates_first_chart[13][3],0.46770717334674267
jitter_ablation[0].radial_coordinates_first_chart[13][4],0.5303300858899106
jitter_ablation[0].radial_coordinates_first_chart[13][5],0.5863019699779287
jitter_ablation[0].radial_coordinates_first_chart[13][6],0.6373774391990981
jitter_ablation[0].radial_coordinates_first_chart[13][7],0.6846531968814576
jitter_ablation[0].radial_coordinates_first_chart[13][8],0.7288689868556626
jitter_ablation[0].radial_coordinates_first_chart[13][9],0.770551750371122
jitter_ablation[0].radial_coordinates_first_chart[13][10],0.8100925873009825
jitter_ablation[0].radial_coordinates_first_chart[13][11],0.8477912478906585
jitter_ablation[0].radial_coordinates_first_chart[13][12],0.8838834764831844
jitter_ablation[0].radial_coordinates_first_chart[13][13],0.9185586535436918
jitter_ablation[0].radial_coordinates_first_chart[13][14],0.9519716382329886
jitter_ablation[0].radial_coordinates_first_chart[13][15],0.9842509842514764
jitter_ablation[0].radial_coordinates_first_chart[14][0],0.1767766952966369
jitter_ablation[0].radial_coordinates_first_chart[14][1],0.30618621784789724
jitter_ablation[0].radial_coordinates_first_chart[14][2],0.39528470752104744
jitter_ablation[0].radial_coordinates_first_chart[14][3],0.46770717334674267
jitter_ablation[0].radial_coordinates_first_chart[14][4],0.5303300858899106
jitter_ablation[0].radial_coordinates_first_chart[14][5],0.5863019699779287
jitter_ablation[0].radial_coordinates_first_chart[14][6],0.6373774391990981
jitter_ablation[0].radial_coordinates_first_chart[14][7],0.6846531968814576
jitter_ablation[0].radial_coordinates_first_chart[14][8],0.7288689868556626
jitter_ablation[0].radial_coordinates_first_chart[14][9],0.770551750371122
jitter_ablation[0].radial_coordinates_first_chart[14][10],0.8100925873009825
jitter_ablation[0].radial_coordinates_first_chart[14][11],0.8477912478906585
jitter_ablation[0].radial_coordinates_first_chart[14][12],0.8838834764831844
jitter_ablation[0].radial_coordinates_first_chart[14][13],0.9185586535436918
jitter_ablation[0].radial_coordinates_first_chart[14][14],0.9519716382329886
jitter_ablation[0].radial_coordinates_first_chart[14][15],0.9842509842514764
jitter_ablation[0].radial_coordinates_first_chart[15][0],0.1767766952966369
jitter_ablation[0].radial_coordinates_first_chart[15][1],0.30618621784789724
jitter_ablation[0].radial_coordinates_first_chart[15][2],0.39528470752104744
jitter_ablation[0].radial_coordinates_first_chart[15][3],0.46770717334674267
jitter_ablation[0].radial_coordinates_first_chart[15][4],0.5303300858899106
jitter_ablation[0].radial_coordinates_first_chart[15][5],0.5863019699779287
jitter_ablation[0].radial_coordinates_first_chart[15][6],0.6373774391990981
jitter_ablation[0].radial_coordinates_first_chart[15][7],0.6846531968814576
jitter_ablation[0].radial_coordinates_first_chart[15][8],0.7288689868556626
jitter_ablation[0].radial_coordinates_first_chart[15][9],0.770551750371122
jitter_ablation[0].radial_coordinates_first_chart[15][10],0.8100925873009825
jitter_ablation[0].radial_coordinates_first_chart[15][11],0.8477912478906585
jitter_ablation[0].radial_coordinates_first_chart[15][12],0.8838834764831844
jitter_ablation[0].radial_coordinates_first_chart[15][13],0.9185586535436918
jitter_ablation[0].radial_coordinates_first_chart[15][14],0.9519716382329886
jitter_ablation[0].radial_coordinates_first_chart[15][15],0.9842509842514764
jitter_ablation[0].selection_rank_sum,3
jitter_ablation[1].sampler,STRATIFIED_GEODESIC_POLAR
jitter_ablation[1].radial_scheme,AREA_STRATIFIED
jitter_ablation[1].seed,101
jitter_ablation[1].eta_theta,0.1
jitter_ablation[1].eta_r,0.1
jitter_ablation[1].n_theta,16
jitter_ablation[1].n_r,16
jitter_ablation[1].m,256
jitter_ablation[1].n_emitters,262144
jitter_ablation[1].resolution[0],256
jitter_ablation[1].resolution[1],256
jitter_ablation[1].views,4
jitter_ablation[1].source_mass,9.088634202953163
jitter_ablation[1].layout_digest,42b6be4be1469dd4efe9cd23af2ca1b0199ccf713831481a7479a481afa05ff4
jitter_ablation[1].whole_image_mse,0.508527805407842
jitter_ablation[1].foreground_mse,2.0834512758239403
jitter_ablation[1].interior_gt8px_mse,0.02472245693206787
jitter_ablation[1].silhouette_0_8px_mse,1.3539940518510996
jitter_ablation[1].total_image_energy,164288.591796875
jitter_ablation[1].foreground_mean_brightness,0.7687750032791185
jitter_ablation[1].edge_sharpness,0.16495098772305317
jitter_ablation[1].reference_edge_sharpness,0.7208442552609092
jitter_ablation[1].edge_sharpness_ratio,0.22883027300168915
jitter_ablation[1].thin_feature_response_ratio,0.07507441720114247
jitter_ablation[1].high_frequency_aliasing_error,0.7711697269983109
jitter_ablation[1].geodesic_construction_seconds,4.4124573862645775
jitter_ablation[1].source_evaluation_seconds,0.007089219521731138
jitter_ablation[1].finite_transport_seconds,5.308401321992278
jitter_ablation[1].detector_seconds,0.1065592928789556
jitter_ablation[1].runtime_seconds,9.849176910007372
jitter_ablation[1].attempted_packets,1048576
jitter_ablation[1].interaction_evaluations,212451328
jitter_ablation[1].detector_writes,16777216
jitter_ablation[1].peak_cuda_allocated_mib,792.60546875
jitter_ablation[1].peak_cuda_reserved_mib,858.0
jitter_ablation[1].cpu_rss_mib,4970.48046875
jitter_ablation[1].mapping_residual_p95,2.2394814248966655e-05
jitter_ablation[1].image_digest,f9050b05071f4376b726a9179bd575eca1cfddf25adfe5bedfa69e3ee4c8051d
jitter_ablation[1].fixed_integration_steps_per_ray,32
jitter_ablation[1].radial_stop_recording,linear interpolation at fixed-step crossings
jitter_ablation[1].quadrature_mass_drift,0.0
jitter_ablation[1].local_measure.reference_cells,4096
jitter_ablation[1].local_measure.mean_absolute_local_mass_error,8.10772180557251e-05
jitter_ablation[1].local_measure.normalized_mean_absolute_error,0.33209228515625
jitter_ablation[1].local_measure.p90_local_mass_error,0.0001611709594726563
jitter_ablation[1].local_measure.p95_local_mass_error,0.00019454956054687505
jitter_ablation[1].local_measure.total_variation_distance,0.166046142578125
jitter_ablation[1].local_measure.thin_feature_region_mass_error,8.071341165682165e-05
jitter_ablation[1].local_measure.high_curvature_region_mass_error,8.22870060801506e-05
jitter_ablation[1].local_measure.silhouette_near_region_mass_error,8.06456776174842e-05
jitter_ablation[1].local_measure.thin_feature_rule,top 18% reference points by world z
jitter_ablation[1].local_measure.high_curvature_rule,top quartile eight-neighbor normal variation
jitter_ablation[1].local_measure.silhouette_rule,min absolute normal-dot-four-view-direction <= 0.15
jitter_ablation[1].local_measure.sampler_mass_sum,1.0000000000000002
jitter_ablation[1].coverage.angular_gap_p50_radians,0.3928365283421944
jitter_ablation[1].coverage.angular_gap_p90_radians,0.43599175575475696
jitter_ablation[1].coverage.angular_gap_p95_radians,0.4462833103107335
jitter_ablation[1].coverage.largest_angular_gap_radians,0.4702412417846471
jitter_ablation[1].coverage.sectors_with_zero_samples,0
jitter_ablation[1].coverage.radial_gap_p50,0.06163240697088618
jitter_ablation[1].coverage.radial_gap_p90,0.06907493122424484
jitter_ablation[1].coverage.radial_gap_p95,0.07080986290071586
jitter_ablation[1].coverage.radial_stratum_occupancy_minimum,16
jitter_ablation[1].coverage.radial_stratum_occupancy_maximum,16
jitter_ablation[1].coverage.inner_mid_outer_sample_fractions[0],0.125
jitter_ablation[1].coverage.inner_mid_outer_sample_fractions[1],0.3125
jitter_ablation[1].coverage.inner_mid_outer_sample_fractions[2],0.5625
jitter_ablation[1].coverage.nearest_neighbor_distance_mean,0.04751948106259157
jitter_ablation[1].coverage.nearest_neighbor_distance_p95,0.0829171206005811
jitter_ablation[1].coverage.polar_cell_occupancy_variance_mean,0.0
jitter_ablation[1].multiseed.sampler,STRATIFIED_GEODESIC_POLAR
jitter_ablation[1].multiseed.radial_scheme,AREA_STRATIFIED
jitter_ablation[1].multiseed.eta_theta,0.1
jitter_ablation[1].multiseed.eta_r,0.1
jitter_ablation[1].multiseed.n_theta,16
jitter_ablation[1].multiseed.n_r,16
jitter_ablation[1].multiseed.m,256
jitter_ablation[1].multiseed.n_emitters,262144
jitter_ablation[1].multiseed.seeds[0],101
jitter_ablation[1].multiseed.seeds[1],211
jitter_ablation[1].multiseed.seeds[2],307
jitter_ablation[1].multiseed.seeds[3],401
jitter_ablation[1].multiseed.seeds[4],503
jitter_ablation[1].multiseed.seeds[5],601
jitter_ablation[1].multiseed.seeds[6],701
jitter_ablation[1].multiseed.seeds[7],809
jitter_ablation[1].multiseed.rows[0].seed,101
jitter_ablation[1].multiseed.rows[0].layout_digest,42b6be4be1469dd4efe9cd23af2ca1b0199ccf713831481a7479a481afa05ff4
jitter_ablation[1].multiseed.rows[0].source_mass,9.088634202953163
jitter_ablation[1].multiseed.rows[0].image_self_mse,1.1910717148566619e-05
jitter_ablation[1].multiseed.rows[0].geometry_response_norm,0.005576405208557844
jitter_ablation[1].multiseed.rows[0].geometry_response_cosine,0.997774142053922
jitter_ablation[1].multiseed.rows[0].response_definition,"strict sparse-field central FD of mass-weighted shared-ray per-emitter [x,n]"
jitter_ablation[1].multiseed.rows[0].response_parameter,18
jitter_ablation[1].multiseed.rows[0].response_delta,0.001
jitter_ablation[1].multiseed.rows[0].sparse_point_basis_pairs_evaluated,1948672
jitter_ablation[1].multiseed.rows[0].seconds,14.870517396135256
jitter_ablation[1].multiseed.rows[1].seed,211
jitter_ablation[1].multiseed.rows[1].layout_digest,1067ad8752c1b23f8545585c775bcf118f22c2bcf6cff90a899ef7cf6a998bf8
jitter_ablation[1].multiseed.rows[1].source_mass,9.088634202953163
jitter_ablation[1].multiseed.rows[1].image_self_mse,1.260275166714564e-05
jitter_ablation[1].multiseed.rows[1].geometry_response_norm,0.005580812692642212
jitter_ablation[1].multiseed.rows[1].geometry_response_cosine,0.9979572941055336
jitter_ablation[1].multiseed.rows[1].response_definition,"strict sparse-field central FD of mass-weighted shared-ray per-emitter [x,n]"
jitter_ablation[1].multiseed.rows[1].response_parameter,18
jitter_ablation[1].multiseed.rows[1].response_delta,0.001
jitter_ablation[1].multiseed.rows[1].sparse_point_basis_pairs_evaluated,1948672
jitter_ablation[1].multiseed.rows[1].seconds,14.951687043067068
jitter_ablation[1].multiseed.rows[2].seed,307
jitter_ablation[1].multiseed.rows[2].layout_digest,cd6f0d074872ad51f9016e37fbb0b0797a7811a644a69e95d3ed05e2618c91ff
jitter_ablation[1].multiseed.rows[2].source_mass,9.088634202953163
jitter_ablation[1].multiseed.rows[2].image_self_mse,1.1967730642936658e-05
jitter_ablation[1].multiseed.rows[2].geometry_response_norm,0.005533515941351652
jitter_ablation[1].multiseed.rows[2].geometry_response_cosine,0.9978813964883338
jitter_ablation[1].multiseed.rows[2].response_definition,"strict sparse-field central FD of mass-weighted shared-ray per-emitter [x,n]"
jitter_ablation[1].multiseed.rows[2].response_parameter,18
jitter_ablation[1].multiseed.rows[2].response_delta,0.001
jitter_ablation[1].multiseed.rows[2].sparse_point_basis_pairs_evaluated,1948672
jitter_ablation[1].multiseed.rows[2].seconds,14.939070909051225
jitter_ablation[1].multiseed.rows[3].seed,401
jitter_ablation[1].multiseed.rows[3].layout_digest,c610dc2eb8ce58970b9960e7e5ce291ff4aec681fe619bbc6ff8744d861f0fe4
jitter_ablation[1].multiseed.rows[3].source_mass,9.088634202953163
jitter_ablation[1].multiseed.rows[3].image_self_mse,1.299319410463795e-05
jitter_ablation[1].multiseed.rows[3].geometry_response_norm,0.005553861148655415
jitter_ablation[1].multiseed.rows[3].geometry_response_cosine,0.9982123646484199
jitter_ablation[1].multiseed.rows[3].response_definition,"strict sparse-field central FD of mass-weighted shared-ray per-emitter [x,n]"
jitter_ablation[1].multiseed.rows[3].response_parameter,18
jitter_ablation[1].multiseed.rows[3].response_delta,0.001
jitter_ablation[1].multiseed.rows[3].sparse_point_basis_pairs_evaluated,1948672
jitter_ablation[1].multiseed.rows[3].seconds,14.99889115197584
jitter_ablation[1].multiseed.rows[4].seed,503
jitter_ablation[1].multiseed.rows[4].layout_digest,c75af705eac2d0fc5959e47a40716bc210621203da9eb82b64f2cd93b257966c
jitter_ablation[1].multiseed.rows[4].source_mass,9.088634202953163
jitter_ablation[1].multiseed.rows[4].image_self_mse,1.2888550372736063e-05
jitter_ablation[1].multiseed.rows[4].geometry_response_norm,0.005474464502185583
jitter_ablation[1].multiseed.rows[4].geometry_response_cosine,0.9981011323447412
jitter_ablation[1].multiseed.rows[4].response_definition,"strict sparse-field central FD of mass-weighted shared-ray per-emitter [x,n]"
jitter_ablation[1].multiseed.rows[4].response_parameter,18
jitter_ablation[1].multiseed.rows[4].response_delta,0.001
jitter_ablation[1].multiseed.rows[4].sparse_point_basis_pairs_evaluated,1948672
jitter_ablation[1].multiseed.rows[4].seconds,15.097839280962944
jitter_ablation[1].multiseed.rows[5].seed,601
jitter_ablation[1].multiseed.rows[5].layout_digest,6e1c4a06f47b37295d14f4f2667967c9531791e6e25cc0568c38181a40d2e311
jitter_ablation[1].multiseed.rows[5].source_mass,9.088634202953163
jitter_ablation[1].multiseed.rows[5].image_self_mse,1.2322775546635967e-05
jitter_ablation[1].multiseed.rows[5].geometry_response_norm,0.005479067098349333
jitter_ablation[1].multiseed.rows[5].geometry_response_cosine,0.9977412460633222
jitter_ablation[1].multiseed.rows[5].response_definition,"strict sparse-field central FD of mass-weighted shared-ray per-emitter [x,n]"
jitter_ablation[1].multiseed.rows[5].response_parameter,18
jitter_ablation[1].multiseed.rows[5].response_delta,0.001
jitter_ablation[1].multiseed.rows[5].sparse_point_basis_pairs_evaluated,1948672
jitter_ablation[1].multiseed.rows[5].seconds,14.778159552020952
jitter_ablation[1].multiseed.rows[6].seed,701
jitter_ablation[1].multiseed.rows[6].layout_digest,45e8350e33361dbbbc336cb6f2f4e254c03b14e66145318a6eb2f23fffb1b720
jitter_ablation[1].multiseed.rows[6].source_mass,9.088634202953163
jitter_ablation[1].multiseed.rows[6].image_self_mse,1.2766339750669431e-05
jitter_ablation[1].multiseed.rows[6].geometry_response_norm,0.005511859431862831
jitter_ablation[1].multiseed.rows[6].geometry_response_cosine,0.998028131062717
jitter_ablation[1].multiseed.rows[6].response_definition,"strict sparse-field central FD of mass-weighted shared-ray per-emitter [x,n]"
jitter_ablation[1].multiseed.rows[6].response_parameter,18
jitter_ablation[1].multiseed.rows[6].response_delta,0.001
jitter_ablation[1].multiseed.rows[6].sparse_point_basis_pairs_evaluated,1948672
jitter_ablation[1].multiseed.rows[6].seconds,14.798248006030917
jitter_ablation[1].multiseed.rows[7].seed,809
jitter_ablation[1].multiseed.rows[7].layout_digest,d875f10aa7a433394280b90b84e594c55e37bbcb8cd0633533922c34f46b1caa
jitter_ablation[1].multiseed.rows[7].source_mass,9.088634202953163
jitter_ablation[1].multiseed.rows[7].image_self_mse,1.2182460523035843e-05
jitter_ablation[1].multiseed.rows[7].geometry_response_norm,0.005534241441637278
jitter_ablation[1].multiseed.rows[7].geometry_response_cosine,0.9983775314536032
jitter_ablation[1].multiseed.rows[7].response_definition,"strict sparse-field central FD of mass-weighted shared-ray per-emitter [x,n]"
jitter_ablation[1].multiseed.rows[7].response_parameter,18
jitter_ablation[1].multiseed.rows[7].response_delta,0.001
jitter_ablation[1].multiseed.rows[7].sparse_point_basis_pairs_evaluated,1948672
jitter_ablation[1].multiseed.rows[7].seconds,14.834396044025198
jitter_ablation[1].multiseed.source_mass_cv,0.0
jitter_ablation[1].multiseed.response_norm_cv,0.006807696995822399
jitter_ablation[1].multiseed.median_geometry_response_cosine,0.9979927125841253
jitter_ablation[1].multiseed.mean_image_self_mse,1.2454314969545521e-05
jitter_ablation[1].radial_coordinates_first_chart[0][0],0.17856286541805388
jitter_ablation[1].radial_coordinates_first_chart[0][1],0.3085686735915436
jitter_ablation[1].radial_coordinates_first_chart[0][2],0.39696276187050816
jitter_ablation[1].radial_coordinates_first_chart[0][3],0.4673794632799437
jitter_ablation[1].radial_coordinates_first_chart[0][4],0.5248727310395352
jitter_ablation[1].radial_coordinates_first_chart[0][5],0.5872919159761719
jitter_ablation[1].radial_coordinates_first_chart[0][6],0.6390404351309974
jitter_ablation[1].radial_coordinates_first_chart[0][7],0.6845236557811564
jitter_ablation[1].radial_coordinates_first_chart[0][8],0.7315184214941083
jitter_ablation[1].radial_coordinates_first_chart[0][9],0.7684039937497252
jitter_ablation[1].radial_coordinates_first_chart[0][10],0.8120163251639414
jitter_ablation[1].radial_coordinates_first_chart[0][11],0.8462382088741475
jitter_ablation[1].radial_coordinates_first_chart[0][12],0.8843037301418538
jitter_ablation[1].radial_coordinates_first_chart[0][13],0.9156989389449708
jitter_ablation[1].radial_coordinates_first_chart[0][14],0.9529050610158676
jitter_ablation[1].radial_coordinates_first_chart[0][15],0.9848227885626105
jitter_ablation[1].radial_coordinates_first_chart[1][0],0.1829622028203417
jitter_ablation[1].radial_coordinates_first_chart[1][1],0.3058372777800708
jitter_ablation[1].radial_coordinates_first_chart[1][2],0.387420348030289
jitter_ablation[1].radial_coordinates_first_chart[1][3],0.46995988119880955
jitter_ablation[1].radial_coordinates_first_chart[1][4],0.5347449734172296
jitter_ablation[1].radial_coordinates_first_chart[1][5],0.5868189969833947
jitter_ablation[1].radial_coordinates_first_chart[1][6],0.6373854237378527
jitter_ablation[1].radial_coordinates_first_chart[1][7],0.6842687983351554
jitter_ablation[1].radial_coordinates_first_chart[1][8],0.7304785739434867
jitter_ablation[1].radial_coordinates_first_chart[1][9],0.7742547833946615
jitter_ablation[1].radial_coordinates_first_chart[1][10],0.8103546236867206
jitter_ablation[1].radial_coordinates_first_chart[1][11],0.846289136340203
jitter_ablation[1].radial_coordinates_first_chart[1][12],0.8828630404332575
jitter_ablation[1].radial_coordinates_first_chart[1][13],0.9158215746766966
jitter_ablation[1].radial_coordinates_first_chart[1][14],0.9510115236111067
jitter_ablation[1].radial_coordinates_first_chart[1][15],0.9821092523392267
jitter_ablation[1].radial_coordinates_first_chart[2][0],0.18246185851776053
jitter_ablation[1].radial_coordinates_first_chart[2][1],0.2970063540790092
jitter_ablation[1].radial_coordinates_first_chart[2][2],0.39319507406003923
jitter_ablation[1].radial_coordinates_first_chart[2][3],0.4708954856727918
jitter_ablation[1].radial_coordinates_first_chart[2][4],0.5270350177072086
jitter_ablation[1].radial_coordinates_first_chart[2][5],0.5836972738874805
jitter_ablation[1].radial_coordinates_first_chart[2][6],0.636593166201468
jitter_ablation[1].radial_coordinates_first_chart[2][7],0.6860470951339425
jitter_ablation[1].radial_coordinates_first_chart[2][8],0.726505400272801
jitter_ablation[1].radial_coordinates_first_chart[2][9],0.7723449556258515
jitter_ablation[1].radial_coordinates_first_chart[2][10],0.8073117256720611
jitter_ablation[1].radial_coordinates_first_chart[2][11],0.8500764107701676
jitter_ablation[1].radial_coordinates_first_chart[2][12],0.8845880353455849
jitter_ablation[1].radial_coordinates_first_chart[2][13],0.9164015493756568
jitter_ablation[1].radial_coordinates_first_chart[2][14],0.9547454158319746
jitter_ablation[1].radial_coordinates_first_chart[2][15],0.9830950813765377
jitter_ablation[1].radial_coordinates_first_chart[3][0],0.17263259873860348
jitter_ablation[1].radial_coordinates_first_chart[3][1],0.30929683952500736
jitter_ablation[1].radial_coordinates_first_chart[3][2],0.3936919671323388
jitter_ablation[1].radial_coordinates_first_chart[3][3],0.47105685060299596
jitter_ablation[1].radial_coordinates_first_chart[3][4],0.532494427713365
jitter_ablation[1].radial_coordinates_first_chart[3][5],0.5855317764039474
jitter_ablation[1].radial_coordinates_first_chart[3][6],0.6374550574345935
jitter_ablation[1].radial_coordinates_first_chart[3][7],0.6802840201618018
jitter_ablation[1].radial_coordinates_first_chart[3][8],0.7304699401218816
jitter_ablation[1].radial_coordinates_first_chart[3][9],0.7726445243201487
jitter_ablation[1].radial_coordinates_first_chart[3][10],0.8112229333062965
jitter_ablation[1].radial_coordinates_first_chart[3][11],0.8461835053621397
jitter_ablation[1].radial_coordinates_first_chart[3][12],0.8826063490811268
jitter_ablation[1].radial_coordinates_first_chart[3][13],0.9201520892138859
jitter_ablation[1].radial_coordinates_first_chart[3][14],0.9522436816082672
jitter_ablation[1].radial_coordinates_first_chart[3][15],0.9858211613494423
jitter_ablation[1].radial_coordinates_first_chart[4][0],0.1921657462335029
jitter_ablation[1].radial_coordinates_first_chart[4][1],0.3010277461867514
jitter_ablation[1].radial_coordinates_first_chart[4][2],0.3912117669191728
jitter_ablation[1].radial_coordinates_first_chart[4][3],0.4697856978303507
jitter_ablation[1].radial_coordinates_first_chart[4][4],0.524891707123601
jitter_ablation[1].radial_coordinates_first_chart[4][5],0.5840464366889033
jitter_ablation[1].radial_coordinates_first_chart[4][6],0.6343192005074582
jitter_ablation[1].radial_coordinates_first_chart[4][7],0.6833146053938772
jitter_ablation[1].radial_coordinates_first_chart[4][8],0.7323068512381723
jitter_ablation[1].radial_coordinates_first_chart[4][9],0.7720170191424894
jitter_ablation[1].radial_coordinates_first_chart[4][10],0.8111091758277692
jitter_ablation[1].radial_coordinates_first_chart[4][11],0.8468365960211671
jitter_ablation[1].radial_coordinates_first_chart[4][12],0.8850831192539775
jitter_ablation[1].radial_coordinates_first_chart[4][13],0.9190397354788206
jitter_ablation[1].radial_coordinates_first_chart[4][14],0.9502729474072903
jitter_ablation[1].radial_coordinates_first_chart[4][15],0.9862358482269946
jitter_ablation[1].radial_coordinates_first_chart[5][0],0.16359483383535617
jitter_ablation[1].radial_coordinates_first_chart[5][1],0.29684394560336824
jitter_ablation[1].radial_coordinates_first_chart[5][2],0.39555445346836654
jitter_ablation[1].radial_coordinates_first_chart[5][3],0.46818446420940524
jitter_ablation[1].radial_coordinates_first_chart[5][4],0.5344366972751137
jitter_ablation[1].radial_coordinates_first_chart[5][5],0.5880938040047048
jitter_ablation[1].radial_coordinates_first_chart[5][6],0.635186722381857
jitter_ablation[1].radial_coordinates_first_chart[5][7],0.6869367075303884
jitter_ablation[1].radial_coordinates_first_chart[5][8],0.7317904853064535
jitter_ablation[1].radial_coordinates_first_chart[5][9],0.7736652632045254
jitter_ablation[1].radial_coordinates_first_chart[5][10],0.8126421056618509
jitter_ablation[1].radial_coordinates_first_chart[5][11],0.8462861298723495
jitter_ablation[1].radial_coordinates_first_chart[5][12],0.8808243327654333
jitter_ablation[1].radial_coordinates_first_chart[5][13],0.921586455735726
jitter_ablation[1].radial_coordinates_first_chart[5][14],0.9548828742144553
jitter_ablation[1].radial_coordinates_first_chart[5][15],0.9865050087441632
jitter_ablation[1].radial_coordinates_first_chart[6][0],0.1731028985723826
jitter_ablation[1].radial_coordinates_first_chart[6][1],0.31257479770841967
jitter_ablation[1].radial_coordinates_first_chart[6][2],0.39402318056353225
jitter_ablation[1].radial_coordinates_first_chart[6][3],0.4618620623167226
jitter_ablation[1].radial_coordinates_first_chart[6][4],0.5307443835186517
jitter_ablation[1].radial_coordinates_first_chart[6][5],0.5831052334650714
jitter_ablation[1].radial_coordinates_first_chart[6][6],0.6402958846210932
jitter_ablation[1].radial_coordinates_first_chart[6][7],0.6803727735902433
jitter_ablation[1].radial_coordinates_first_chart[6][8],0.7258647602912782
jitter_ablation[1].radial_coordinates_first_chart[6][9],0.7682393993694101
jitter_ablation[1].radial_coordinates_first_chart[6][10],0.8120367809752277
jitter_ablation[1].radial_coordinates_first_chart[6][11],0.8449261278836628
jitter_ablation[1].radial_coordinates_first_chart[6][12],0.88321257036875
jitter_ablation[1].radial_coordinates_first_chart[6][13],0.9201399612513679
jitter_ablation[1].radial_coordinates_first_chart[6][14],0.955204134367981
jitter_ablation[1].radial_coordinates_first_chart[6][15],0.9846379770865102
jitter_ablation[1].radial_coordinates_first_chart[7][0],0.15934361192305774
jitter_ablation[1].radial_coordinates_first_chart[7][1],0.30523923221206267
jitter_ablation[1].radial_coordinates_first_chart[7][2],0.39613542495125176
jitter_ablation[1].radial_coordinates_first_chart[7][3],0.4669966723571152
jitter_ablation[1].radial_coordinates_first_chart[7][4],0.5264103571123007
jitter_ablation[1].radial_coordinates_first_chart[7][5],0.5882259703812646
jitter_ablation[1].radial_coordinates_first_chart[7][6],0.6407289949705208
jitter_ablation[1].radial_coordinates_first_chart[7][7],0.6804534736973951
jitter_ablation[1].radial_coordinates_first_chart[7][8],0.7248321110121704
jitter_ablation[1].radial_coordinates_first_chart[7][9],0.7735152593678788
jitter_ablation[1].radial_coordinates_first_chart[7][10],0.8134540164661022
jitter_ablation[1].radial_coordinates_first_chart[7][11],0.8462750213697807
jitter_ablation[1].radial_coordinates_first_chart[7][12],0.8810951255062354
jitter_ablation[1].radial_coordinates_first_chart[7][13],0.9199120881883031
jitter_ablation[1].radial_coordinates_first_chart[7][14],0.9505798897308317
jitter_ablation[1].radial_coordinates_first_chart[7][15],0.9851477923262043
jitter_ablation[1].radial_coordinates_first_chart[8][0],0.17527557177542388
jitter_ablation[1].radial_coordinates_first_chart[8][1],0.30240556122863743
jitter_ablation[1].radial_coordinates_first_chart[8][2],0.39859575902386835
jitter_ablation[1].radial_coordinates_first_chart[8][3],0.4650787977382389
jitter_ablation[1].radial_coordinates_first_chart[8][4],0.5316323963554478
jitter_ablation[1].radial_coordinates_first_chart[8][5],0.5868302730262587
jitter_ablation[1].radial_coordinates_first_chart[8][6],0.6374987103727475
jitter_ablation[1].radial_coordinates_first_chart[8][7],0.6819730929239336
jitter_ablation[1].radial_coordinates_first_chart[8][8],0.7329466175095001
jitter_ablation[1].radial_coordinates_first_chart[8][9],0.7666953085240822
jitter_ablation[1].radial_coordinates_first_chart[8][10],0.8107662459436452
jitter_ablation[1].radial_coordinates_first_chart[8][11],0.8485822122519966
jitter_ablation[1].radial_coordinates_first_chart[8][12],0.8820639015999086
jitter_ablation[1].radial_coordinates_first_chart[8][13],0.9201385087343606
jitter_ablation[1].radial_coordinates_first_chart[8][14],0.9509375745740456
jitter_ablation[1].radial_coordinates_first_chart[8][15],0.9832143530907999
jitter_ablation[1].radial_coordinates_first_chart[9][0],0.18075861668033386
jitter_ablation[1].radial_coordinates_first_chart[9][1],0.3043452259076343
jitter_ablation[1].radial_coordinates_first_chart[9][2],0.3975100212899086
jitter_ablation[1].radial_coordinates_first_chart[9][3],0.46582620665054364
jitter_ablation[1].radial_coordinates_first_chart[9][4],0.5353819562618924
jitter_ablation[1].radial_coordinates_first_chart[9][5],0.585745469103356
jitter_ablation[1].radial_coordinates_first_chart[9][6],0.6388625985408701
jitter_ablation[1].radial_coordinates_first_chart[9][7],0.6848935205931632
jitter_ablation[1].radial_coordinates_first_chart[9][8],0.7252671118764741
jitter_ablation[1].radial_coordinates_first_chart[9][9],0.7723961003721326
jitter_ablation[1].radial_coordinates_first_chart[9][10],0.8085756974953658
jitter_ablation[1].radial_coordinates_first_chart[9][11],0.8471815486552303
jitter_ablation[1].radial_coordinates_first_chart[9][12],0.8810843151765736
jitter_ablation[1].radial_coordinates_first_chart[9][13],0.9203710355032718
jitter_ablation[1].radial_coordinates_first_chart[9][14],0.9541176364678217
jitter_ablation[1].radial_coordinates_first_chart[9][15],0.9853977692458629
jitter_ablation[1].radial_coordinates_first_chart[10][0],0.15977769566305522
jitter_ablation[1].radial_coordinates_first_chart[10][1],0.3063828334367768
jitter_ablation[1].radial_coordinates_first_chart[10][2],0.3941957977737435
jitter_ablation[1].radial_coordinates_first_chart[10][3],0.46435161712675754
jitter_ablation[1].radial_coordinates_first_chart[10][4],0.5356042659763095
jitter_ablation[1].radial_coordinates_first_chart[10][5],0.5892571551794696
jitter_ablation[1].radial_coordinates_first_chart[10][6],0.637788226569365
jitter_ablation[1].radial_coordinates_first_chart[10][7],0.6878291935618434
jitter_ablation[1].radial_coordinates_first_chart[10][8],0.7297500215355311
jitter_ablation[1].radial_coordinates_first_chart[10][9],0.7733384038316848
jitter_ablation[1].radial_coordinates_first_chart[10][10],0.8069228616273606
jitter_ablation[1].radial_coordinates_first_chart[10][11],0.8461918570964134
jitter_ablation[1].radial_coordinates_first_chart[10][12],0.884019705176013
jitter_ablation[1].radial_coordinates_first_chart[10][13],0.9191852077078609
jitter_ablation[1].radial_coordinates_first_chart[10][14],0.9529643894160945
jitter_ablation[1].radial_coordinates_first_chart[10][15],0.9833656384052353
jitter_ablation[1].radial_coordinates_first_chart[11][0],0.18354340234933758
jitter_ablation[1].radial_coordinates_first_chart[11][1],0.31048023259480545
jitter_ablation[1].radial_coordinates_first_chart[11][2],0.39132590882011825
jitter_ablation[1].radial_coordinates_first_chart[11][3],0.46191968105602427
jitter_ablation[1].radial_coordinates_first_chart[11][4],0.5341677520475084
jitter_ablation[1].radial_coordinates_first_chart[11][5],0.5886563599513059
jitter_ablation[1].radial_coordinates_first_chart[11][6],0.6329043460406147
jitter_ablation[1].radial_coordinates_first_chart[11][7],0.6814257455365087
jitter_ablation[1].radial_coordinates_first_chart[11][8],0.7320960502564896
jitter_ablation[1].radial_coordinates_first_chart[11][9],0.770557167997738
jitter_ablation[1].radial_coordinates_first_chart[11][10],0.8125944730053876
jitter_ablation[1].radial_coordinates_first_chart[11][11],0.8478402823022243
jitter_ablation[1].radial_coordinates_first_chart[11][12],0.8811723781472023
jitter_ablation[1].radial_coordinates_first_chart[11][13],0.9165365494247548
jitter_ablation[1].radial_coordinates_first_chart[11][14],0.9551503600739185
jitter_ablation[1].radial_coordinates_first_chart[11][15],0.986262992303167
jitter_ablation[1].radial_coordinates_first_chart[12][0],0.181647452932213
jitter_ablation[1].radial_coordinates_first_chart[12][1],0.29828527344491274
jitter_ablation[1].radial_coordinates_first_chart[12][2],0.40038430089773097
jitter_ablation[1].radial_coordinates_first_chart[12][3],0.4707311185735888
jitter_ablation[1].radial_coordinates_first_chart[12][4],0.5306675423704814
jitter_ablation[1].radial_coordinates_first_chart[12][5],0.590606125776501
jitter_ablation[1].radial_coordinates_first_chart[12][6],0.6365200062350088
jitter_ablation[1].radial_coordinates_first_chart[12][7],0.6859661198748809
jitter_ablation[1].radial_coordinates_first_chart[12][8],0.7282587063872721
jitter_ablation[1].radial_coordinates_first_chart[12][9],0.7712898176956223
jitter_ablation[1].radial_coordinates_first_chart[12][10],0.8084471066163129
jitter_ablation[1].radial_coordinates_first_chart[12][11],0.8510127814187034
jitter_ablation[1].radial_coordinates_first_chart[12][12],0.8836166673743309
jitter_ablation[1].radial_coordinates_first_chart[12][13],0.9157448044518445
jitter_ablation[1].radial_coordinates_first_chart[12][14],0.9514440246131519
jitter_ablation[1].radial_coordinates_first_chart[12][15],0.9858227304590405
jitter_ablation[1].radial_coordinates_first_chart[13][0],0.1840672598043961
jitter_ablation[1].radial_coordinates_first_chart[13][1],0.3060538929350862
jitter_ablation[1].radial_coordinates_first_chart[13][2],0.3928086569344716
jitter_ablation[1].radial_coordinates_first_chart[13][3],0.46899223502519594
jitter_ablation[1].radial_coordinates_first_chart[13][4],0.5278536563549499
jitter_ablation[1].radial_coordinates_first_chart[13][5],0.5851794807971826
jitter_ablation[1].radial_coordinates_first_chart[13][6],0.6394548246800088
jitter_ablation[1].radial_coordinates_first_chart[13][7],0.6863399007861091
jitter_ablation[1].radial_coordinates_first_chart[13][8],0.7301334230656041
jitter_ablation[1].radial_coordinates_first_chart[13][9],0.7680602885663254
jitter_ablation[1].radial_coordinates_first_chart[13][10],0.8139290635937988
jitter_ablation[1].radial_coordinates_first_chart[13][11],0.8503743696703991
jitter_ablation[1].radial_coordinates_first_chart[13][12],0.8850507414565959
jitter_ablation[1].radial_coordinates_first_chart[13][13],0.9175025787002181
jitter_ablation[1].radial_coordinates_first_chart[13][14],0.9509377500294238
jitter_ablation[1].radial_coordinates_first_chart[13][15],0.9826123422356926
jitter_ablation[1].radial_coordinates_first_chart[14][0],0.17267139020313904
jitter_ablation[1].radial_coordinates_first_chart[14][1],0.30173994899508316
jitter_ablation[1].radial_coordinates_first_chart[14][2],0.3960379891410063
jitter_ablation[1].radial_coordinates_first_chart[14][3],0.46290691605147694
jitter_ablation[1].radial_coordinates_first_chart[14][4],0.5336100940241699
jitter_ablation[1].radial_coordinates_first_chart[14][5],0.5814381883074462
jitter_ablation[1].radial_coordinates_first_chart[14][6],0.6358473117431899
jitter_ablation[1].radial_coordinates_first_chart[14][7],0.6802435045236661
jitter_ablation[1].radial_coordinates_first_chart[14][8],0.7278252512919965
jitter_ablation[1].radial_coordinates_first_chart[14][9],0.7705465874443893
jitter_ablation[1].radial_coordinates_first_chart[14][10],0.8105188127364745
jitter_ablation[1].radial_coordinates_first_chart[14][11],0.846794521015467
jitter_ablation[1].radial_coordinates_first_chart[14][12],0.8820580146995474
jitter_ablation[1].radial_coordinates_first_chart[14][13],0.9196128769399369
jitter_ablation[1].radial_coordinates_first_chart[14][14],0.9490064710591041
jitter_ablation[1].radial_coordinates_first_chart[14][15],0.9839245868606066
jitter_ablation[1].radial_coordinates_first_chart[15][0],0.17540463567184297
jitter_ablation[1].radial_coordinates_first_chart[15][1],0.3118474421181854
jitter_ablation[1].radial_coordinates_first_chart[15][2],0.39971670544388016
jitter_ablation[1].radial_coordinates_first_chart[15][3],0.4702665411010068
jitter_ablation[1].radial_coordinates_first_chart[15][4],0.5299513204590902
jitter_ablation[1].radial_coordinates_first_chart[15][5],0.5887614736274126
jitter_ablation[1].radial_coordinates_first_chart[15][6],0.6356422018150338
jitter_ablation[1].radial_coordinates_first_chart[15][7],0.6879084553119108
jitter_ablation[1].radial_coordinates_first_chart[15][8],0.7270716284799615
jitter_ablation[1].radial_coordinates_first_chart[15][9],0.7722510421533311
jitter_ablation[1].radial_coordinates_first_chart[15][10],0.8076300185486405
jitter_ablation[1].radial_coordinates_first_chart[15][11],0.8487623777576434
jitter_ablation[1].radial_coordinates_first_chart[15][12],0.8837201372613742
jitter_ablation[1].radial_coordinates_first_chart[15][13],0.9194018779491885
jitter_ablation[1].radial_coordinates_first_chart[15][14],0.9530120717288635
jitter_ablation[1].radial_coordinates_first_chart[15][15],0.9851952025395322
jitter_ablation[1].selection_rank_sum,6
jitter_ablation[2].sampler,STRATIFIED_GEODESIC_POLAR
jitter_ablation[2].radial_scheme,AREA_STRATIFIED
jitter_ablation[2].seed,101
jitter_ablation[2].eta_theta,0.25
jitter_ablation[2].eta_r,0.25
jitter_ablation[2].n_theta,16
jitter_ablation[2].n_r,16
jitter_ablation[2].m,256
jitter_ablation[2].n_emitters,262144
jitter_ablation[2].resolution[0],256
jitter_ablation[2].resolution[1],256
jitter_ablation[2].views,4
jitter_ablation[2].source_mass,9.088634202953163
jitter_ablation[2].layout_digest,61abef0f3887cbd63ddc91dc5f0102d1028fc514a11b0078239a6c32a4cce1d6
jitter_ablation[2].whole_image_mse,0.5092628300189972
jitter_ablation[2].foreground_mse,2.0847527421188325
jitter_ablation[2].interior_gt8px_mse,0.09718046585718791
jitter_ablation[2].silhouette_0_8px_mse,1.3559503178270953
jitter_ablation[2].total_image_energy,165171.31640625
jitter_ablation[2].foreground_mean_brightness,0.76835946094464
jitter_ablation[2].edge_sharpness,0.16767017647529203
jitter_ablation[2].reference_edge_sharpness,0.7208442552609092
jitter_ablation[2].edge_sharpness_ratio,0.23260250081982534
jitter_ablation[2].thin_feature_response_ratio,0.07697913457569375
jitter_ablation[2].high_frequency_aliasing_error,0.7673974991801746
jitter_ablation[2].geodesic_construction_seconds,4.397839822107926
jitter_ablation[2].source_evaluation_seconds,0.0073758563958108425
jitter_ablation[2].finite_transport_seconds,5.219435146544129
jitter_ablation[2].detector_seconds,0.10911779035814106
jitter_ablation[2].runtime_seconds,9.74920524796471
jitter_ablation[2].attempted_packets,1048576
jitter_ablation[2].interaction_evaluations,212443136
jitter_ablation[2].detector_writes,16777216
jitter_ablation[2].peak_cuda_allocated_mib,739.60400390625
jitter_ablation[2].peak_cuda_reserved_mib,816.0
jitter_ablation[2].cpu_rss_mib,4965.28125
jitter_ablation[2].mapping_residual_p95,2.2906642555804118e-05
jitter_ablation[2].image_digest,4d9dc3c805d6c0b2a20f7284267e8d76e03610538680b0ecf0e26b012963e2fe
jitter_ablation[2].fixed_integration_steps_per_ray,32
jitter_ablation[2].radial_stop_recording,linear interpolation at fixed-step crossings
jitter_ablation[2].quadrature_mass_drift,0.0
jitter_ablation[2].local_measure.reference_cells,4096
jitter_ablation[2].local_measure.mean_absolute_local_mass_error,8.242717012763023e-05
jitter_ablation[2].local_measure.normalized_mean_absolute_error,0.33762168884277344
jitter_ablation[2].local_measure.p90_local_mass_error,0.00016403198242187503
jitter_ablation[2].local_measure.p95_local_mass_error,0.00019454956054687505
jitter_ablation[2].local_measure.total_variation_distance,0.16881084442138672
jitter_ablation[2].local_measure.thin_feature_region_mass_error,8.243467749618902e-05
jitter_ablation[2].local_measure.high_curvature_region_mass_error,8.35619866847992e-05
jitter_ablation[2].local_measure.silhouette_near_region_mass_error,8.212439735376629e-05
jitter_ablation[2].local_measure.thin_feature_rule,top 18% reference points by world z
jitter_ablation[2].local_measure.high_curvature_rule,top quartile eight-neighbor normal variation
jitter_ablation[2].local_measure.silhouette_rule,min absolute normal-dot-four-view-direction <= 0.15
jitter_ablation[2].local_measure.sampler_mass_sum,1.0000000000000002
jitter_ablation[2].coverage.angular_gap_p50_radians,0.3930426983073989
jitter_ablation[2].coverage.angular_gap_p90_radians,0.5009307668388072
jitter_ablation[2].coverage.angular_gap_p95_radians,0.526659653228746
jitter_ablation[2].coverage.largest_angular_gap_radians,0.5865544819135318
jitter_ablation[2].coverage.sectors_with_zero_samples,0
jitter_ablation[2].coverage.radial_gap_p50,0.060331017427215416
jitter_ablation[2].coverage.radial_gap_p90,0.07893732806061225
jitter_ablation[2].coverage.radial_gap_p95,0.08327465725178969
jitter_ablation[2].coverage.radial_stratum_occupancy_minimum,16
jitter_ablation[2].coverage.radial_stratum_occupancy_maximum,16
jitter_ablation[2].coverage.inner_mid_outer_sample_fractions[0],0.125
jitter_ablation[2].coverage.inner_mid_outer_sample_fractions[1],0.3125
jitter_ablation[2].coverage.inner_mid_outer_sample_fractions[2],0.5625
jitter_ablation[2].coverage.nearest_neighbor_distance_mean,0.04402816253996876
jitter_ablation[2].coverage.nearest_neighbor_distance_p95,0.08112379047139032
jitter_ablation[2].coverage.polar_cell_occupancy_variance_mean,0.0
jitter_ablation[2].multiseed.sampler,STRATIFIED_GEODESIC_POLAR
jitter_ablation[2].multiseed.radial_scheme,AREA_STRATIFIED
jitter_ablation[2].multiseed.eta_theta,0.25
jitter_ablation[2].multiseed.eta_r,0.25
jitter_ablation[2].multiseed.n_theta,16
jitter_ablation[2].multiseed.n_r,16
jitter_ablation[2].multiseed.m,256
jitter_ablation[2].multiseed.n_emitters,262144
jitter_ablation[2].multiseed.seeds[0],101
jitter_ablation[2].multiseed.seeds[1],211
jitter_ablation[2].multiseed.seeds[2],307
jitter_ablation[2].multiseed.seeds[3],401
jitter_ablation[2].multiseed.seeds[4],503
jitter_ablation[2].multiseed.seeds[5],601
jitter_ablation[2].multiseed.seeds[6],701
jitter_ablation[2].multiseed.seeds[7],809
jitter_ablation[2].multiseed.rows[0].seed,101
jitter_ablation[2].multiseed.rows[0].layout_digest,61abef0f3887cbd63ddc91dc5f0102d1028fc514a11b0078239a6c32a4cce1d6
jitter_ablation[2].multiseed.rows[0].source_mass,9.088634202953163
jitter_ablation[2].multiseed.rows[0].image_self_mse,7.320260192500427e-05
jitter_ablation[2].multiseed.rows[0].geometry_response_norm,0.005560487974435091
jitter_ablation[2].multiseed.rows[0].geometry_response_cosine,0.9890280279384681
jitter_ablation[2].multiseed.rows[0].response_definition,"strict sparse-field central FD of mass-weighted shared-ray per-emitter [x,n]"
jitter_ablation[2].multiseed.rows[0].response_parameter,18
jitter_ablation[2].multiseed.rows[0].response_delta,0.001
jitter_ablation[2].multiseed.rows[0].sparse_point_basis_pairs_evaluated,1948672
jitter_ablation[2].multiseed.rows[0].seconds,14.903485418995842
jitter_ablation[2].multiseed.rows[1].seed,211
jitter_ablation[2].multiseed.rows[1].layout_digest,dbca82459b6362b8b4924e7c9d3472d08b6cb206b12b731d38165b33c28499a7
jitter_ablation[2].multiseed.rows[1].source_mass,9.088634202953163
jitter_ablation[2].multiseed.rows[1].image_self_mse,7.708732300670817e-05
jitter_ablation[2].multiseed.rows[1].geometry_response_norm,0.005584229715168476
jitter_ablation[2].multiseed.rows[1].geometry_response_cosine,0.9903654601753767
jitter_ablation[2].multiseed.rows[1].response_definition,"strict sparse-field central FD of mass-weighted shared-ray per-emitter [x,n]"
jitter_ablation[2].multiseed.rows[1].response_parameter,18
jitter_ablation[2].multiseed.rows[1].response_delta,0.001
jitter_ablation[2].multiseed.rows[1].sparse_point_basis_pairs_evaluated,1948672
jitter_ablation[2].multiseed.rows[1].seconds,15.10968600702472
jitter_ablation[2].multiseed.rows[2].seed,307
jitter_ablation[2].multiseed.rows[2].layout_digest,a4a872f0f1274731e2eb96961626b81c740d04f2e757d76b412da5efc0fbc239
jitter_ablation[2].multiseed.rows[2].source_mass,9.088634202953163
jitter_ablation[2].multiseed.rows[2].image_self_mse,7.265846215886995e-05
jitter_ablation[2].multiseed.rows[2].geometry_response_norm,0.005486944690346718
jitter_ablation[2].multiseed.rows[2].geometry_response_cosine,0.9901070316959554
jitter_ablation[2].multiseed.rows[2].response_definition,"strict sparse-field central FD of mass-weighted shared-ray per-emitter [x,n]"
jitter_ablation[2].multiseed.rows[2].response_parameter,18
jitter_ablation[2].multiseed.rows[2].response_delta,0.001
jitter_ablation[2].multiseed.rows[2].sparse_point_basis_pairs_evaluated,1948672
jitter_ablation[2].multiseed.rows[2].seconds,14.92530429805629
jitter_ablation[2].multiseed.rows[3].seed,401
jitter_ablation[2].multiseed.rows[3].layout_digest,3bb17290ca1b28673bf3199a85fb3b5607f55ca26146a5a5f60505cdeea2196d
jitter_ablation[2].multiseed.rows[3].source_mass,9.088634202953163
jitter_ablation[2].multiseed.rows[3].image_self_mse,7.922875374788418e-05
jitter_ablation[2].multiseed.rows[3].geometry_response_norm,0.005572879686951637
jitter_ablation[2].multiseed.rows[3].geometry_response_cosine,0.9907348591969279
jitter_ablation[2].multiseed.rows[3].response_definition,"strict sparse-field central FD of mass-weighted shared-ray per-emitter [x,n]"
jitter_ablation[2].multiseed.rows[3].response_parameter,18
jitter_ablation[2].multiseed.rows[3].response_delta,0.001
jitter_ablation[2].multiseed.rows[3].sparse_point_basis_pairs_evaluated,1948672
jitter_ablation[2].multiseed.rows[3].seconds,14.751543917926028
jitter_ablation[2].multiseed.rows[4].seed,503
jitter_ablation[2].multiseed.rows[4].layout_digest,62ecc3a35fa019bdf0655b5a6dba0c805d2196e918ebce3d6cc59cbd81eda913
jitter_ablation[2].multiseed.rows[4].source_mass,9.088634202953163
jitter_ablation[2].multiseed.rows[4].image_self_mse,7.865941006457433e-05
jitter_ablation[2].multiseed.rows[4].geometry_response_norm,0.005432106088846922
jitter_ablation[2].multiseed.rows[4].geometry_response_cosine,0.9909352022498789
jitter_ablation[2].multiseed.rows[4].response_definition,"strict sparse-field central FD of mass-weighted shared-ray per-emitter [x,n]"
jitter_ablation[2].multiseed.rows[4].response_parameter,18
jitter_ablation[2].multiseed.rows[4].response_delta,0.001
jitter_ablation[2].multiseed.rows[4].sparse_point_basis_pairs_evaluated,1948672
jitter_ablation[2].multiseed.rows[4].seconds,14.918478219071403
jitter_ablation[2].multiseed.rows[5].seed,601
jitter_ablation[2].multiseed.rows[5].layout_digest,c6c2af36b285a9416aa6950f89f3ef5f17fcf2a3f4078e544022c38a71c9c3c9
jitter_ablation[2].multiseed.rows[5].source_mass,9.088634202953163
jitter_ablation[2].multiseed.rows[5].image_self_mse,7.515647303080186e-05
jitter_ablation[2].multiseed.rows[5].geometry_response_norm,0.0054339449852705
jitter_ablation[2].multiseed.rows[5].geometry_response_cosine,0.9900312213953476
jitter_ablation[2].multiseed.rows[5].response_definition,"strict sparse-field central FD of mass-weighted shared-ray per-emitter [x,n]"
jitter_ablation[2].multiseed.rows[5].response_parameter,18
jitter_ablation[2].multiseed.rows[5].response_delta,0.001
jitter_ablation[2].multiseed.rows[5].sparse_point_basis_pairs_evaluated,1948672
jitter_ablation[2].multiseed.rows[5].seconds,14.781766075873747
jitter_ablation[2].multiseed.rows[6].seed,701
jitter_ablation[2].multiseed.rows[6].layout_digest,f40934ff3f98ce3522d07f4024be9f6cb3b8e5381619d06a624069614209bf22
jitter_ablation[2].multiseed.rows[6].source_mass,9.088634202953163
jitter_ablation[2].multiseed.rows[6].image_self_mse,7.750446820864454e-05
jitter_ablation[2].multiseed.rows[6].geometry_response_norm,0.005465885158628225
jitter_ablation[2].multiseed.rows[6].geometry_response_cosine,0.9903562570916525
jitter_ablation[2].multiseed.rows[6].response_definition,"strict sparse-field central FD of mass-weighted shared-ray per-emitter [x,n]"
jitter_ablation[2].multiseed.rows[6].response_parameter,18
jitter_ablation[2].multiseed.rows[6].response_delta,0.001
jitter_ablation[2].multiseed.rows[6].sparse_point_basis_pairs_evaluated,1948672
jitter_ablation[2].multiseed.rows[6].seconds,14.905188457109034
jitter_ablation[2].multiseed.rows[7].seed,809
jitter_ablation[2].multiseed.rows[7].layout_digest,9de4a3ea9bab692a23d3fc586ebd349a016fb746ee3c93fc33802ff4a0b6feb1
jitter_ablation[2].multiseed.rows[7].source_mass,9.088634202953163
jitter_ablation[2].multiseed.rows[7].image_self_mse,7.480009662685916e-05
jitter_ablation[2].multiseed.rows[7].geometry_response_norm,0.005530922673642635
jitter_ablation[2].multiseed.rows[7].geometry_response_cosine,0.9912452640108875
jitter_ablation[2].multiseed.rows[7].response_definition,"strict sparse-field central FD of mass-weighted shared-ray per-emitter [x,n]"
jitter_ablation[2].multiseed.rows[7].response_parameter,18
jitter_ablation[2].multiseed.rows[7].response_delta,0.001
jitter_ablation[2].multiseed.rows[7].sparse_point_basis_pairs_evaluated,1948672
jitter_ablation[2].multiseed.rows[7].seconds,14.884596660966054
jitter_ablation[2].multiseed.source_mass_cv,0.0
jitter_ablation[2].multiseed.response_norm_cv,0.010499616988137466
jitter_ablation[2].multiseed.median_geometry_response_cosine,0.9903608586335146
jitter_ablation[2].multiseed.mean_image_self_mse,7.603719859616831e-05
jitter_ablation[2].radial_coordinates_first_chart[0][0],0.1812091119832694
jitter_ablation[2].radial_coordinates_first_chart[0][1],0.3121082597515027
jitter_ablation[2].radial_coordinates_first_chart[0][2],0.3994666266156091
jitter_ablation[2].radial_coordinates_first_chart[0][3],0.4668874668907064
jitter_ablation[2].radial_coordinates_first_chart[0][4],0.5165786091895896
jitter_ablation[2].radial_coordinates_first_chart[0][5],0.5887737141104445
jitter_ablation[2].radial_coordinates_first_chart[0][6],0.6415268461498991
jitter_ablation[2].radial_coordinates_first_chart[0][7],0.6843292981525764
jitter_ablation[2].radial_coordinates_first_chart[0][8],0.7354746783289549
jitter_ablation[2].radial_coordinates_first_chart[0][9],0.7651710554028552
jitter_ablation[2].radial_coordinates_first_chart[0][10],0.8148934168539341
jitter_ablation[2].radial_coordinates_first_chart[0][11],0.8439032914951293
jitter_ablation[2].radial_coordinates_first_chart[0][12],0.8849337364215422
jitter_ablation[2].radial_coordinates_first_chart[0][13],0.9113925427401539
jitter_ablation[2].radial_coordinates_first_chart[0][14],0.9543034833186642
jitter_ablation[2].radial_coordinates_first_chart[0][15],0.985679873072688
jitter_ablation[2].radial_coordinates_first_chart[1][0],0.19186693084578083
jitter_ablation[2].radial_coordinates_first_chart[1][1],0.3053131199274124
jitter_ablation[2].radial_coordinates_first_chart[1][2],0.3753149546311413
jitter_ablation[2].radial_coordinates_first_chart[1][3],0.473318840572608
jitter_ablation[2].radial_coordinates_first_chart[1][4],0.541299793540958
jitter_ablation[2].radial_coordinates_first_chart[1][5],0.5875936844891149
jitter_ablation[2].radial_coordinates_first_chart[1][6],0.6373974003584459
jitter_ablation[2].radial_coordinates_first_chart[1][7],0.683691795283221
jitter_ablation[2].radial_coordinates_first_chart[1][8],0.732886326435604
jitter_ablation[2].radial_coordinates_first_chart[1][9],0.7797763615446325
jitter_ablation[2].radial_coordinates_first_chart[1][10],0.8107475194696043
jitter_ablation[2].radial_coordinates_first_chart[1][11],0.844030956611555
jitter_ablation[2].radial_coordinates_first_chart[1][12],0.8813301710526192
jitter_ablation[2].radial_coordinates_first_chart[1][13],0.9117005493078635
jitter_ablation[2].radial_coordinates_first_chart[1][14],0.9495695314734972
jitter_ablation[2].radial_coordinates_first_chart[1][15],0.9788878683617379
jitter_ablation[2].radial_coordinates_first_chart[2][0],0.19067203395985516
jitter_ablation[2].radial_coordinates_first_chart[2][1],0.2826781489755876
jitter_ablation[2].radial_coordinates_first_chart[2][2],0.3900396334511397
jitter_ablation[2].radial_coordinates_first_chart[2][3],0.4756378833393491
jitter_ablation[2].radial_coordinates_first_chart[2][4],0.5220534213316624
jitter_ablation[2].radial_coordinates_first_chart[2][5],0.5797682889389442
jitter_ablation[2].radial_coordinates_first_chart[2][6],0.635414941700323
jitter_ablation[2].radial_coordinates_first_chart[2][7],0.688132648443817
jitter_ablation[2].radial_coordinates_first_chart[2][8],0.7229455315332248
jitter_ablation[2].radial_coordinates_first_chart[2][9],0.7750269841765165
jitter_ablation[2].radial_coordinates_first_chart[2][10],0.8031223792293446
jitter_ablation[2].radial_coordinates_first_chart[2][11],0.8534926832549455
jitter_ablation[2].radial_coordinates_first_chart[2][12],0.8856438227026736
jitter_ablation[2].radial_coordinates_first_chart[2][13],0.9131563388846734
jitter_ablation[2].radial_coordinates_first_chart[2][14],0.9588910379341465
jitter_ablation[2].radial_coordinates_first_chart[2][15],0.9813586742709585
jitter_ablation[2].radial_coordinates_first_chart[3][0],0.16622284851400307
jitter_ablation[2].radial_coordinates_first_chart[3][1],0.3139049814042386
jitter_ablation[2].radial_coordinates_first_chart[3][2],0.39129070070898225
jitter_ablation[2].radial_coordinates_first_chart[3][3],0.4760371742312076
jitter_ablation[2].radial_coordinates_first_chart[3][4],0.535724545699056
jitter_ablation[2].radial_coordinates_first_chart[3][5],0.5843745827351714
jitter_ablation[2].radial_coordinates_first_chart[3][6],0.6375714670704392
jitter_ablation[2].radial_coordinates_first_chart[3][7],0.6736771260913915
jitter_ablation[2].radial_coordinates_first_chart[3][8],0.7328648126047281
jitter_ablation[2].radial_coordinates_first_chart[3][9],0.7757730998202838
jitter_ablation[2].radial_coordinates_first_chart[3][10],0.812915505329539
jitter_ablation[2].radial_coordinates_first_chart[3][11],0.8437661476187557
jitter_ablation[2].radial_coordinates_first_chart[3][12],0.880687185438615
jitter_ablation[2].radial_coordinates_first_chart[3][13],0.9225370822962606
jitter_ablation[2].radial_coordinates_first_chart[3][14],0.9526516010101319
jitter_ablation[2].radial_coordinates_first_chart[3][15],0.9881717489439312
jitter_ablation[2].radial_coordinates_first_chart[4][0],0.21317641770068657
jitter_ablation[2].radial_coordinates_first_chart[4][1],0.29311987297978964
jitter_ablation[2].radial_coordinates_first_chart[4][2],0.3850215791875217
jitter_ablation[2].radial_coordinates_first_chart[4][3],0.47288635496794984
jitter_ablation[2].radial_coordinates_first_chart[4][4],0.5166268097164727
jitter_ablation[2].radial_coordinates_first_chart[4][5],0.5806467088708184
jitter_ablation[2].radial_coordinates_first_chart[4][6],0.6297039942155775
jitter_ablation[2].radial_coordinates_first_chart[4][7],0.6813017869208001
jitter_ablation[2].radial_coordinates_first_chart[4][8],0.737433597638402
jitter_ablation[2].radial_coordinates_first_chart[4][9],0.774209722629558
jitter_ablation[2].radial_coordinates_first_chart[4][10],0.8126316741181133
jitter_ablation[2].radial_coordinates_first_chart[4][11],0.8454025969334337
jitter_ablation[2].radial_coordinates_first_chart[4][12],0.8868795408458109
jitter_ablation[2].radial_coordinates_first_chart[4][13],0.9197608865745764
jitter_ablation[2].radial_coordinates_first_chart[4][14],0.9477192023143494
jitter_ablation[2].radial_coordinates_first_chart[4][15],0.9892056767022969
jitter_ablation[2].radial_coordinates_first_chart[5][0],0.14153859595193286
jitter_ablation[2].radial_coordinates_first_chart[5][1],0.2822513420755314
jitter_ablation[2].radial_coordinates_first_chart[5][2],0.3959587278323909
jitter_ablation[2].radial_coordinates_first_chart[5][3],0.4688994895685211
jitter_ablation[2].radial_coordinates_first_chart[5][4],0.5405381193642393
jitter_ablation[2].radial_coordinates_first_chart[5][5],0.5907713650574226
jitter_ablation[2].radial_coordinates_first_chart[5][6],0.6318864065047736
jitter_ablation[2].radial_coordinates_first_chart[5][7],0.690347811166028
jitter_ablation[2].radial_coordinates_first_chart[5][8],0.736150993996909
jitter_ablation[2].radial_coordinates_first_chart[5][9],0.7783121794776946
jitter_ablation[2].radial_coordinates_first_chart[5][10],0.8164514558357507
jitter_ablation[2].radial_coordinates_first_chart[5][11],0.8440234203123739
jitter_ablation[2].radial_coordinates_first_chart[5][12],0.8762155916092664
jitter_ablation[2].radial_coordinates_first_chart[5][13],0.9261095985297004
jitter_ablation[2].radial_coordinates_first_chart[5][14],0.9592331617860947
jitter_ablation[2].radial_coordinates_first_chart[5][15],0.9898764219301842
jitter_ablation[2].radial_coordinates_first_chart[6][0],0.1674411351353109
jitter_ablation[2].radial_coordinates_first_chart[6][1],0.3219200372858898
jitter_ablation[2].radial_coordinates_first_chart[6][2],0.39212328042785827
jitter_ablation[2].radial_coordinates_first_chart[6][3],0.4529529904069962
jitter_ablation[2].radial_coordinates_first_chart[6][4],0.5313652242963254
jitter_ablation[2].radial_coordinates_first_chart[6][5],0.5782769952504496
jitter_ablation[2].radial_coordinates_first_chart[6][6],0.6446487800785563
jitter_ablation[2].radial_coordinates_first_chart[6][7],0.673901163084915
jitter_ablation[2].radial_coordinates_first_chart[6][8],0.721334960737234
jitter_ablation[2].radial_coordinates_first_chart[6][9],0.7647577635164485
jitter_ablation[2].radial_coordinates_first_chart[6][10],0.8149443748756875
jitter_ablation[2].radial_coordinates_first_chart[6][11],0.8406101379065086
jitter_ablation[2].radial_coordinates_first_chart[6][12],0.8822052545430883
jitter_ablation[2].radial_coordinates_first_chart[6][13],0.9225068404782547
jitter_ablation[2].radial_coordinates_first_chart[6][14],0.9600324712134533
jitter_ablation[2].radial_coordinates_first_chart[6][15],0.9852181813195174
jitter_ablation[2].radial_coordinates_first_chart[7][0],0.128844738548825
jitter_ablation[2].radial_coordinates_first_chart[7][1],0.3038132192705311
jitter_ablation[2].radial_coordinates_first_chart[7][2],0.39740808654740795
jitter_ablation[2].radial_coordinates_first_chart[7][3],0.4659288894043242
jitter_ablation[2].radial_coordinates_first_chart[7][4],0.5204754174672901
jitter_ablation[2].radial_coordinates_first_chart[7][5],0.5911002288761619
jitter_ablation[2].radial_coordinates_first_chart[7][6],0.6457237121941817
jitter_ablation[2].radial_coordinates_first_chart[7][7],0.6741048321048655
jitter_ablation[2].radial_coordinates_first_chart[7][8],0.7187342853140499
jitter_ablation[2].radial_coordinates_first_chart[7][9],0.7779393557260051
jitter_ablation[2].radial_coordinates_first_chart[7][10],0.818470275735218
jitter_ablation[2].radial_coordinates_first_chart[7][11],0.8439955743284776
jitter_ablation[2].radial_coordinates_first_chart[7][12],0.8768959747182796
jitter_ablation[2].radial_coordinates_first_chart[7][13],0.921938514754325
jitter_ablation[2].radial_coordinates_first_chart[7][14],0.9484884379378066
jitter_ablation[2].radial_coordinates_first_chart[7][15],0.986491475793372
jitter_ablation[2].radial_coordinates_first_chart[8][0],0.1729994657593035
jitter_ablation[2].radial_coordinates_first_chart[8][1],0.29664424594961886
jitter_ablation[2].radial_coordinates_first_chart[8][2],0.4035113973353595
jitter_ablation[2].radial_coordinates_first_chart[8][3],0.46110814378420417
jitter_ablation[2].radial_coordinates_first_chart[8][4],0.533579902298231
jitter_ablation[2].radial_coordinates_first_chart[8][5],0.5876218370263169
jitter_ablation[2].radial_coordinates_first_chart[8][6],0.6376805738904788
jitter_ablation[2].radial_coordinates_first_chart[8][7],0.6779330709447581
jitter_ablation[2].radial_coordinates_first_chart[8][8],0.7390208794726599
jitter_ablation[2].radial_coordinates_first_chart[8][9],0.7608739976383043
jitter_ablation[2].radial_coordinates_first_chart[8][10],0.811775685706266
jitter_ablation[2].radial_coordinates_first_chart[8][11],0.8497672783628653
jitter_ablation[2].radial_coordinates_first_chart[8][12],0.8793274795342932
jitter_ablation[2].radial_coordinates_first_chart[8][13],0.9225032184983057
jitter_ablation[2].radial_coordinates_first_chart[8][14],0.9493843672833049
jitter_ablation[2].radial_coordinates_first_chart[8][15],0.9816573538202626
jitter_ablation[2].radial_coordinates_first_chart[9][0],0.1865722212990714
jitter_ablation[2].radial_coordinates_first_chart[9][1],0.3015626656798258
jitter_ablation[2].radial_coordinates_first_chart[9][2],0.4008248277798657
jitter_ablation[2].radial_coordinates_first_chart[9][3],0.4629904286333439
jitter_ablation[2].radial_coordinates_first_chart[9][4],0.5428716217735343
jitter_ablation[2].radial_coordinates_first_chart[9][5],0.5849097250326553
jitter_ablation[2].radial_coordinates_first_chart[9][6],0.6410838865047089
jitter_ablation[2].radial_coordinates_first_chart[9][7],0.6852538481294682
jitter_ablation[2].radial_coordinates_first_chart[9][8],0.7198305070807328
jitter_ablation[2].radial_coordinates_first_chart[9][9],0.7751543973139764
jitter_ablation[2].radial_coordinates_first_chart[9][10],0.8062950120460213
jitter_ablation[2].radial_coordinates_first_chart[9][11],0.8462661761849436
jitter_ablation[2].radial_coordinates_first_chart[9][12],0.8768688192229378
jitter_ablation[2].radial_coordinates_first_chart[9][13],0.9230829364057229
jitter_ablation[2].radial_coordinates_first_chart[9][14],0.9573276140106665
jitter_ablation[2].radial_coordinates_first_chart[9][15],0.987115448712463
jitter_ablation[2].radial_coordinates_first_chart[10][0],0.13018171944819956
jitter_ablation[2].radial_coordinates_first_chart[10][1],0.30667752047039465
jitter_ablation[2].radial_coordinates_first_chart[10][2],0.39255676972406833
jitter_ablation[2].radial_coordinates_first_chart[10][3],0.45927231662771384
jitter_ablation[2].radial_coordinates_first_chart[10][4],0.543419565648913
jitter_ablation[2].radial_coordinates_first_chart[10][5],0.593662351278489
jitter_ablation[2].radial_coordinates_first_chart[10][6],0.6384039120151433
jitter_ablation[2].radial_coordinates_first_chart[10][7],0.6925658804690275
jitter_ablation[2].radial_coordinates_first_chart[10][8],0.7310695827537695
jitter_ablation[2].radial_coordinates_first_chart[10][9],0.7774996573004679
jitter_ablation[2].radial_coordinates_first_chart[10][10],0.8021447883906131
jitter_ablation[2].radial_coordinates_first_chart[10][11],0.8437870866164593
jitter_ablation[2].radial_coordinates_first_chart[10][12],0.8842240088624106
jitter_ablation[2].radial_coordinates_first_chart[10][13],0.9201242389875177
jitter_ablation[2].radial_coordinates_first_chart[10][14],0.9544515800908785
jitter_ablation[2].radial_coordinates_first_chart[10][15],0.9820361230577721
jitter_ablation[2].radial_coordinates_first_chart[11][0],0.19324971245755332
jitter_ablation[2].radial_coordinates_first_chart[11][1],0.31681214793677226
jitter_ablation[2].radial_coordinates_first_chart[11][2],0.3853114549098285
jitter_ablation[2].radial_coordinates_first_chart[11][3],0.4530998558455387
jitter_ablation[2].radial_coordinates_first_chart[11][4],0.539873103903798
jitter_ablation[2].radial_coordinates_first_chart[11][5],0.5921703937869602
jitter_ablation[2].radial_coordinates_first_chart[11][6],0.6261347922713971
jitter_ablation[2].radial_coordinates_first_chart[11][7],0.6765557011066916
jitter_ablation[2].radial_coordinates_first_chart[11][8],0.7369101485275401
jitter_ablation[2].radial_coordinates_first_chart[11][9],0.7705652943662435
jitter_ablation[2].radial_coordinates_first_chart[11][10],0.816332924668152
jitter_ablation[2].radial_coordinates_first_chart[11][11],0.8479138286027588
jitter_ablation[2].radial_coordinates_first_chart[11][12],0.8770900181988107
jitter_ablation[2].radial_coordinates_first_chart[11][13],0.9134950005766808
jitter_ablation[2].radial_coordinates_first_chart[11][14],0.9598987060483728
jitter_ablation[2].radial_coordinates_first_chart[11][15],0.989273331777923
jitter_ablation[2].radial_coordinates_first_chart[12][0],0.1887180248198389
jitter_ablation[2].radial_coordinates_first_chart[12][1],0.2860249305310044
jitter_ablation[2].radial_coordinates_first_chart[12][2],0.40791417113580636
jitter_ablation[2].radial_coordinates_first_chart[12][3],0.47523095962264
jitter_ablation[2].radial_coordinates_first_chart[12][4],0.5311733251150859
jitter_ablation[2].radial_coordinates_first_chart[12][5],0.5970041788059949
jitter_ablation[2].radial_coordinates_first_chart[12][6],0.6352316867439306
jitter_ablation[2].radial_coordinates_first_chart[12][7],0.6879308061429569
jitter_ablation[2].radial_coordinates_first_chart[12][8],0.7273423255745244
jitter_ablation[2].radial_coordinates_first_chart[12][9],0.7723955963121267
jitter_ablation[2].radial_coordinates_first_chart[12][10],0.8059725866868673
jitter_ablation[2].radial_coordinates_first_chart[12][11],0.8558223444997183
jitter_ablation[2].radial_coordinates_first_chart[12][12],0.8832163025863466
jitter_ablation[2].radial_coordinates_first_chart[12][13],0.9115077439064174
jitter_ablation[2].radial_coordinates_first_chart[12][14],0.9506520551338329
jitter_ablation[2].radial_coordinates_first_chart[12][15],0.9881756623820964
jitter_ablation[2].radial_coordinates_first_chart[13][0],0.19449136312378404
jitter_ablation[2].radial_coordinates_first_chart[13][1],0.3058552982241816
jitter_ablation[2].radial_coordinates_first_chart[13][2],0.3890650362171581
jitter_ablation[2].radial_coordinates_first_chart[13][3],0.470913252398806
jitter_ablation[2].radial_coordinates_first_chart[13][4],0.5241170731031606
jitter_ablation[2].radial_coordinates_first_chart[13][5],0.5834916981972842
jitter_ablation[2].radial_coordinates_first_chart[13][6],0.6425583102072153
jitter_ablation[2].radial_coordinates_first_chart[13][7],0.6888622130206555
jitter_ablation[2].radial_coordinates_first_chart[13][8],0.7320259822531857
jitter_ablation[2].radial_coordinates_first_chart[13][9],0.764307868061992
jitter_ablation[2].radial_coordinates_first_chart[13][10],0.8196501091360237
jitter_ablation[2].radial_coordinates_first_chart[13][11],0.8542344066360367
jitter_ablation[2].radial_coordinates_first_chart[13][12],0.8867987581081603
jitter_ablation[2].radial_coordinates_first_chart[13][13],0.91591618328528
jitter_ablation[2].radial_coordinates_first_chart[13][14],0.9493848066393085
jitter_ablation[2].radial_coordinates_first_chart[13][15],0.9801492426078716
jitter_ablation[2].radial_coordinates_first_chart[14][0],0.1663235476013897
jitter_ablation[2].radial_coordinates_first_chart[14][1],0.2949448966313682
jitter_ablation[2].radial_coordinates_first_chart[14][2],0.3971652327522257
jitter_ablation[2].radial_coordinates_first_chart[14][3],0.45561171222952856
jitter_ablation[2].radial_coordinates_first_chart[14][4],0.5384926472211191
jitter_ablation[2].radial_coordinates_first_chart[14][5],0.5740652550499927
jitter_ablation[2].radial_coordinates_first_chart[14][6],0.6335451914643526
jitter_ablation[2].radial_coordinates_first_chart[14][7],0.6735748389129433
jitter_ablation[2].radial_coordinates_first_chart[14][8],0.7262568354553676
jitter_ablation[2].radial_coordinates_first_chart[14][9],0.7705388429894269
jitter_ablation[2].radial_coordinates_first_chart[14][10],0.8111577309619633
jitter_ablation[2].radial_coordinates_first_chart[14][11],0.8452972270477028
jitter_ablation[2].radial_coordinates_first_chart[14][12],0.879312716409394
jitter_ablation[2].radial_coordinates_first_chart[14][13],0.9211919499129205
jitter_ablation[2].radial_coordinates_first_chart[14][14],0.9445412671133725
jitter_ablation[2].radial_coordinates_first_chart[14][15],0.9834347876560184
jitter_ablation[2].radial_coordinates_first_chart[15][0],0.17332618249396112
jitter_ablation[2].radial_coordinates_first_chart[15][1],0.32015163265105717
jitter_ablation[2].radial_coordinates_first_chart[15][2],0.40627405962881036
jitter_ablation[2].radial_coordinates_first_chart[15][3],0.4740796865483295
jitter_ablation[2].radial_coordinates_first_chart[15][4],0.529382664186157
jitter_ablation[2].radial_coordinates_first_chart[15][5],0.5924315842945969
jitter_ablation[2].radial_coordinates_first_chart[15][6],0.6330304272471113
jitter_ablation[2].radial_coordinates_first_chart[15][7],0.6927626629835416
jitter_ablation[2].radial_coordinates_first_chart[15][8],0.7243672289324372
jitter_ablation[2].radial_coordinates_first_chart[15][9],0.7747929918805827
jitter_ablation[2].radial_coordinates_first_chart[15][10],0.8039220218106936
jitter_ablation[2].radial_coordinates_first_chart[15][11],0.8502169927389251
jitter_ablation[2].radial_coordinates_first_chart[15][12],0.8834750718063048
jitter_ablation[2].radial_coordinates_first_chart[15][13],0.9206652665009343
jitter_ablation[2].radial_coordinates_first_chart[15][14],0.9545705956881089
jitter_ablation[2].radial_coordinates_first_chart[15][15],0.9866098356327462
jitter_ablation[2].selection_rank_sum,9
jitter_ablation[3].sampler,STRATIFIED_GEODESIC_POLAR
jitter_ablation[3].radial_scheme,AREA_STRATIFIED
jitter_ablation[3].seed,101
jitter_ablation[3].eta_theta,0.4
jitter_ablation[3].eta_r,0.4
jitter_ablation[3].n_theta,16
jitter_ablation[3].n_r,16
jitter_ablation[3].m,256
jitter_ablation[3].n_emitters,262144
jitter_ablation[3].resolution[0],256
jitter_ablation[3].resolution[1],256
jitter_ablation[3].views,4
jitter_ablation[3].source_mass,9.088634202953163
jitter_ablation[3].layout_digest,fe2c07c9212e2f801eeaa159b544aaa476e78d683359c5675fa2266620b0a9f4
jitter_ablation[3].whole_image_mse,0.5100116431713104
jitter_ablation[3].foreground_mse,2.0842565550638055
jitter_ablation[3].interior_gt8px_mse,0.20180354515711466
jitter_ablation[3].silhouette_0_8px_mse,1.3579432175020738
jitter_ablation[3].total_image_energy,167351.416015625
jitter_ablation[3].foreground_mean_brightness,0.7678275517712881
jitter_ablation[3].edge_sharpness,0.1776667651792556
jitter_ablation[3].reference_edge_sharpness,0.7208442552609092
jitter_ablation[3].edge_sharpness_ratio,0.24647039063236925
jitter_ablation[3].thin_feature_response_ratio,0.08158621980453187
jitter_ablation[3].high_frequency_aliasing_error,0.7535296093676307
jitter_ablation[3].geodesic_construction_seconds,4.393359319772571
jitter_ablation[3].source_evaluation_seconds,0.007946174824610353
jitter_ablation[3].finite_transport_seconds,5.312187331728637
jitter_ablation[3].detector_seconds,0.1080773442517966
jitter_ablation[3].runtime_seconds,9.83642277494073
jitter_ablation[3].attempted_packets,1048576
jitter_ablation[3].interaction_evaluations,212426752
jitter_ablation[3].detector_writes,16777216
jitter_ablation[3].peak_cuda_allocated_mib,788.35498046875
jitter_ablation[3].peak_cuda_reserved_mib,858.0
jitter_ablation[3].cpu_rss_mib,4970.48046875
jitter_ablation[3].mapping_residual_p95,2.2748034720566736e-05
jitter_ablation[3].image_digest,3d6e51c5f46f03cb839f4b784d93e6c324dd6fc0fc2d6dada6b92aa7f7f2e523
jitter_ablation[3].fixed_integration_steps_per_ray,32
jitter_ablation[3].radial_stop_recording,linear interpolation at fixed-step crossings
jitter_ablation[3].quadrature_mass_drift,0.0
jitter_ablation[3].local_measure.reference_cells,4096
jitter_ablation[3].local_measure.mean_absolute_local_mass_error,8.362345397472382e-05
jitter_ablation[3].local_measure.normalized_mean_absolute_error,0.34252166748046875
jitter_ablation[3].local_measure.p90_local_mass_error,0.00016498565673828128
jitter_ablation[3].local_measure.p95_local_mass_error,0.0002002716064453125
jitter_ablation[3].local_measure.total_variation_distance,0.17126083374023438
jitter_ablation[3].local_measure.thin_feature_region_mass_error,8.278099825065635e-05
jitter_ablation[3].local_measure.high_curvature_region_mass_error,8.519459515810016e-05
jitter_ablation[3].local_measure.silhouette_near_region_mass_error,8.339180004665401e-05
jitter_ablation[3].local_measure.thin_feature_rule,top 18% reference points by world z
jitter_ablation[3].local_measure.high_curvature_rule,top quartile eight-neighbor normal variation
jitter_ablation[3].local_measure.silhouette_rule,min absolute normal-dot-four-view-direction <= 0.15
jitter_ablation[3].local_measure.sampler_mass_sum,1.0000000000000002
jitter_ablation[3].coverage.angular_gap_p50_radians,0.39324886827260475
jitter_ablation[3].coverage.angular_gap_p90_radians,0.5658697779228562
jitter_ablation[3].coverage.angular_gap_p95_radians,0.6070359961467591
jitter_ablation[3].coverage.largest_angular_gap_radians,0.7028677220424169
jitter_ablation[3].coverage.sectors_with_zero_samples,0
jitter_ablation[3].coverage.radial_gap_p50,0.05902962788354471
jitter_ablation[3].coverage.radial_gap_p90,0.0887997248969794
jitter_ablation[3].coverage.radial_gap_p95,0.0957394516028634
jitter_ablation[3].coverage.radial_stratum_occupancy_minimum,16
jitter_ablation[3].coverage.radial_stratum_occupancy_maximum,16
jitter_ablation[3].coverage.inner_mid_outer_sample_fractions[0],0.11556625366210938
jitter_ablation[3].coverage.inner_mid_outer_sample_fractions[1],0.32277679443359375
jitter_ablation[3].coverage.inner_mid_outer_sample_fractions[2],0.5616569519042969
jitter_ablation[3].coverage.nearest_neighbor_distance_mean,0.03991903533586001
jitter_ablation[3].coverage.nearest_neighbor_distance_p95,0.07906247838476532
jitter_ablation[3].coverage.polar_cell_occupancy_variance_mean,0.0
jitter_ablation[3].multiseed.sampler,STRATIFIED_GEODESIC_POLAR
jitter_ablation[3].multiseed.radial_scheme,AREA_STRATIFIED
jitter_ablation[3].multiseed.eta_theta,0.4
jitter_ablation[3].multiseed.eta_r,0.4
jitter_ablation[3].multiseed.n_theta,16
jitter_ablation[3].multiseed.n_r,16
jitter_ablation[3].multiseed.m,256
jitter_ablation[3].multiseed.n_emitters,262144
jitter_ablation[3].multiseed.seeds[0],101
jitter_ablation[3].multiseed.seeds[1],211
jitter_ablation[3].multiseed.seeds[2],307
jitter_ablation[3].multiseed.seeds[3],401
jitter_ablation[3].multiseed.seeds[4],503
jitter_ablation[3].multiseed.seeds[5],601
jitter_ablation[3].multiseed.seeds[6],701
jitter_ablation[3].multiseed.seeds[7],809
jitter_ablation[3].multiseed.rows[0].seed,101
jitter_ablation[3].multiseed.rows[0].layout_digest,fe2c07c9212e2f801eeaa159b544aaa476e78d683359c5675fa2266620b0a9f4
jitter_ablation[3].multiseed.rows[0].source_mass,9.088634202953163
jitter_ablation[3].multiseed.rows[0].image_self_mse,0.00018175279546994716
jitter_ablation[3].multiseed.rows[0].geometry_response_norm,0.005484815686941147
jitter_ablation[3].multiseed.rows[0].geometry_response_cosine,0.9756224415101279
jitter_ablation[3].multiseed.rows[0].response_definition,"strict sparse-field central FD of mass-weighted shared-ray per-emitter [x,n]"
jitter_ablation[3].multiseed.rows[0].response_parameter,18
jitter_ablation[3].multiseed.rows[0].response_delta,0.001
jitter_ablation[3].multiseed.rows[0].sparse_point_basis_pairs_evaluated,1948672
jitter_ablation[3].multiseed.rows[0].seconds,14.841165509074926
jitter_ablation[3].multiseed.rows[1].seed,211
jitter_ablation[3].multiseed.rows[1].layout_digest,66bf6e9a006ac1298e9e98c4e746f40d78d105828122720b7d25c4df7c6c7870
jitter_ablation[3].multiseed.rows[1].source_mass,9.088634202953163
jitter_ablation[3].multiseed.rows[1].image_self_mse,0.0001890971907414496
jitter_ablation[3].multiseed.rows[1].geometry_response_norm,0.00555080221965909
jitter_ablation[3].multiseed.rows[1].geometry_response_cosine,0.9793200823575445
jitter_ablation[3].multiseed.rows[1].response_definition,"strict sparse-field central FD of mass-weighted shared-ray per-emitter [x,n]"
jitter_ablation[3].multiseed.rows[1].response_parameter,18
jitter_ablation[3].multiseed.rows[1].response_delta,0.001
jitter_ablation[3].multiseed.rows[1].sparse_point_basis_pairs_evaluated,1948672
jitter_ablation[3].multiseed.rows[1].seconds,14.73439897201024
jitter_ablation[3].multiseed.rows[2].seed,307
jitter_ablation[3].multiseed.rows[2].layout_digest,6fe8cdccb30f5667cf85706c3e69183738ed33972ca532e4a29c7bb19942155f
jitter_ablation[3].multiseed.rows[2].source_mass,9.088634202953163
jitter_ablation[3].multiseed.rows[2].image_self_mse,0.00017856185149867088
jitter_ablation[3].multiseed.rows[2].geometry_response_norm,0.00539796706289053
jitter_ablation[3].multiseed.rows[2].geometry_response_cosine,0.977486898933046
jitter_ablation[3].multiseed.rows[2].response_definition,"strict sparse-field central FD of mass-weighted shared-ray per-emitter [x,n]"
jitter_ablation[3].multiseed.rows[2].response_parameter,18
jitter_ablation[3].multiseed.rows[2].response_delta,0.001
jitter_ablation[3].multiseed.rows[2].sparse_point_basis_pairs_evaluated,1948672
jitter_ablation[3].multiseed.rows[2].seconds,14.924599486868829
jitter_ablation[3].multiseed.rows[3].seed,401
jitter_ablation[3].multiseed.rows[3].layout_digest,6a355f53cc3198697b812d253db5e8abc5304d52c19a646824071815da7797d6
jitter_ablation[3].multiseed.rows[3].source_mass,9.088634202953163
jitter_ablation[3].multiseed.rows[3].image_self_mse,0.0001952509192051366
jitter_ablation[3].multiseed.rows[3].geometry_response_norm,0.005562605801969767
jitter_ablation[3].multiseed.rows[3].geometry_response_cosine,0.9795298171301182
jitter_ablation[3].multiseed.rows[3].response_definition,"strict sparse-field central FD of mass-weighted shared-ray per-emitter [x,n]"
jitter_ablation[3].multiseed.rows[3].response_parameter,18
jitter_ablation[3].multiseed.rows[3].response_delta,0.001
jitter_ablation[3].multiseed.rows[3].sparse_point_basis_pairs_evaluated,1948672
jitter_ablation[3].multiseed.rows[3].seconds,14.929045588942245
jitter_ablation[3].multiseed.rows[4].seed,503
jitter_ablation[3].multiseed.rows[4].layout_digest,6a28c8bb32b502182d088589a40b1b225866e9172285259bf6d476e960da1e6b
jitter_ablation[3].multiseed.rows[4].source_mass,9.088634202953163
jitter_ablation[3].multiseed.rows[4].image_self_mse,0.00019225843425374478
jitter_ablation[3].multiseed.rows[4].geometry_response_norm,0.005440204869955778
jitter_ablation[3].multiseed.rows[4].geometry_response_cosine,0.9799078355887447
jitter_ablation[3].multiseed.rows[4].response_definition,"strict sparse-field central FD of mass-weighted shared-ray per-emitter [x,n]"
jitter_ablation[3].multiseed.rows[4].response_parameter,18
jitter_ablation[3].multiseed.rows[4].response_delta,0.001
jitter_ablation[3].multiseed.rows[4].sparse_point_basis_pairs_evaluated,1948672
jitter_ablation[3].multiseed.rows[4].seconds,14.981894094962627
jitter_ablation[3].multiseed.rows[5].seed,601
jitter_ablation[3].multiseed.rows[5].layout_digest,c7eaa27f9fdbb6e7c716dc1fef6a5857c6e53a3e73e38645f61811008a8e14e7
jitter_ablation[3].multiseed.rows[5].source_mass,9.088634202953163
jitter_ablation[3].multiseed.rows[5].image_self_mse,0.0001849207328632474
jitter_ablation[3].multiseed.rows[5].geometry_response_norm,0.005407071206718683
jitter_ablation[3].multiseed.rows[5].geometry_response_cosine,0.9779700760609793
jitter_ablation[3].multiseed.rows[5].response_definition,"strict sparse-field central FD of mass-weighted shared-ray per-emitter [x,n]"
jitter_ablation[3].multiseed.rows[5].response_parameter,18
jitter_ablation[3].multiseed.rows[5].response_delta,0.001
jitter_ablation[3].multiseed.rows[5].sparse_point_basis_pairs_evaluated,1948672
jitter_ablation[3].multiseed.rows[5].seconds,14.950897122034803
jitter_ablation[3].multiseed.rows[6].seed,701
jitter_ablation[3].multiseed.rows[6].layout_digest,6b6baef02d7de83205f5533597eeac377d59852962c8be4f552aec6fc00bd194
jitter_ablation[3].multiseed.rows[6].source_mass,9.088634202953163
jitter_ablation[3].multiseed.rows[6].image_self_mse,0.00018934946274384856
jitter_ablation[3].multiseed.rows[6].geometry_response_norm,0.005440324544906616
jitter_ablation[3].multiseed.rows[6].geometry_response_cosine,0.9792779097978256
jitter_ablation[3].multiseed.rows[6].response_definition,"strict sparse-field central FD of mass-weighted shared-ray per-emitter [x,n]"
jitter_ablation[3].multiseed.rows[6].response_parameter,18
jitter_ablation[3].multiseed.rows[6].response_delta,0.001
jitter_ablation[3].multiseed.rows[6].sparse_point_basis_pairs_evaluated,1948672
jitter_ablation[3].multiseed.rows[6].seconds,14.781118344981223
jitter_ablation[3].multiseed.rows[7].seed,809
jitter_ablation[3].multiseed.rows[7].layout_digest,4af1f2febfde58de4bc77c981384e1bdcb3a3e0157dbe68e79885bf369f40798
jitter_ablation[3].multiseed.rows[7].source_mass,9.088634202953163
jitter_ablation[3].multiseed.rows[7].image_self_mse,0.0001856227172538638
jitter_ablation[3].multiseed.rows[7].geometry_response_norm,0.00552612729370594
jitter_ablation[3].multiseed.rows[7].geometry_response_cosine,0.9806701240690109
jitter_ablation[3].multiseed.rows[7].response_definition,"strict sparse-field central FD of mass-weighted shared-ray per-emitter [x,n]"
jitter_ablation[3].multiseed.rows[7].response_parameter,18
jitter_ablation[3].multiseed.rows[7].response_delta,0.001
jitter_ablation[3].multiseed.rows[7].sparse_point_basis_pairs_evaluated,1948672
jitter_ablation[3].multiseed.rows[7].seconds,14.859316702000797
jitter_ablation[3].multiseed.source_mass_cv,0.0
jitter_ablation[3].multiseed.response_norm_cv,0.01100960868308041
jitter_ablation[3].multiseed.median_geometry_response_cosine,0.979298996077685
jitter_ablation[3].multiseed.mean_image_self_mse,0.0001871017630037386
jitter_ablation[3].radial_coordinates_first_chart[0][0],0.18381726693981745
jitter_ablation[3].radial_coordinates_first_chart[0][1],0.31560815149197013
jitter_ablation[3].radial_coordinates_first_chart[0][2],0.40195489454346384
jitter_ablation[3].radial_coordinates_first_chart[0][3],0.4663949514986122
jitter_ablation[3].radial_coordinates_first_chart[0][4],0.5081491268865875
jitter_ablation[3].radial_coordinates_first_chart[0][5],0.5902517922750019
jitter_ablation[3].radial_coordinates_first_chart[0][6],0.644003657543696
jitter_ablation[3].radial_coordinates_first_chart[0][7],0.684134885308443
jitter_ablation[3].radial_coordinates_first_chart[0][8],0.7394097672744981
jitter_ablation[3].radial_coordinates_first_chart[0][9],0.761924399426945
jitter_ablation[3].radial_coordinates_first_chart[0][10],0.8177603862568835
jitter_ablation[3].radial_coordinates_first_chart[0][11],0.8415618959019597
jitter_ablation[3].radial_coordinates_first_chart[0][12],0.8855632945031012
jitter_ablation[3].radial_coordinates_first_chart[0][13],0.9070657016665228
jitter_ablation[3].radial_coordinates_first_chart[0][14],0.9556998593902887
jitter_ablation[3].radial_coordinates_first_chart[0][15],0.9865362129637942
jitter_ablation[3].radial_coordinates_first_chart[1][0],0.2003763225620418
jitter_ablation[3].radial_coordinates_first_chart[1][1],0.30478806065805264
jitter_ablation[3].radial_coordinates_first_chart[1][2],0.36280587684275606
jitter_ablation[3].radial_coordinates_first_chart[1][3],0.4766541301044151
jitter_ablation[3].radial_coordinates_first_chart[1][4],0.5477761827425268
jitter_ablation[3].radial_coordinates_first_chart[1][5],0.5883673519854662
jitter_ablation[3].radial_coordinates_first_chart[1][6],0.6374093767540041
jitter_ablation[3].radial_coordinates_first_chart[1][7],0.6831143048569178
jitter_ablation[3].radial_coordinates_first_chart[1][8],0.7352861945950294
jitter_ablation[3].radial_coordinates_first_chart[1][9],0.7852591154759406
jitter_ablation[3].radial_coordinates_first_chart[1][10],0.8111402249437432
jitter_ablation[3].radial_coordinates_first_chart[1][11],0.8417667189606552
jitter_ablation[3].radial_coordinates_first_chart[1][12],0.8797946309521458
jitter_ablation[3].radial_coordinates_first_chart[1][13],0.9075608115014752
jitter_ablation[3].radial_coordinates_first_chart[1][14],0.9481253462303785
jitter_ablation[3].radial_coordinates_first_chart[1][15],0.9756558481971291
jitter_ablation[3].radial_coordinates_first_chart[2][0],0.19854299094911673
jitter_ablation[3].radial_coordinates_first_chart[2][1],0.2675838138849642
jitter_ablation[3].radial_coordinates_first_chart[2][2],0.38685845610548447
jitter_ablation[3].radial_coordinates_first_chart[2][3],0.48033346094984675
jitter_ablation[3].radial_coordinates_first_chart[2][4],0.517023828811159
jitter_ablation[3].radial_coordinates_first_chart[2][5],0.5758124956743347
jitter_ablation[3].radial_coordinates_first_chart[2][6],0.634234528402262
jitter_ablation[3].radial_coordinates_first_chart[2][7],0.6902119000472848
jitter_ablation[3].radial_coordinates_first_chart[2][8],0.7193680466229864
jitter_ablation[3].radial_coordinates_first_chart[2][9],0.7776997633552386
jitter_ablation[3].radial_coordinates_first_chart[2][10],0.7989110649067298
jitter_ablation[3].radial_coordinates_first_chart[2][11],0.8568953358442107
jitter_ablation[3].radial_coordinates_first_chart[2][12],0.8866983529398528
jitter_ablation[3].radial_coordinates_first_chart[2][13],0.9098995542324531
jitter_ablation[3].radial_coordinates_first_chart[2][14],0.9630188140470984
jitter_ablation[3].radial_coordinates_first_chart[2][15],0.9796191893317348
jitter_ablation[3].radial_coordinates_first_chart[3][0],0.1595558102639159
jitter_ablation[3].radial_coordinates_first_chart[3][1],0.31844644724134163
jitter_ablation[3].radial_coordinates_first_chart[3][2],0.3888746069597784
jitter_ablation[3].radial_coordinates_first_chart[3][3],0.48096593018638334
jitter_ablation[3].radial_coordinates_first_chart[3][4],0.5389353042649331
jitter_ablation[3].radial_coordinates_first_chart[3][5],0.5832150930103309
jitter_ablation[3].radial_coordinates_first_chart[3][6],0.6376878554557579
jitter_ablation[3].radial_coordinates_first_chart[3][7],0.667004791849362
jitter_ablation[3].radial_coordinates_first_chart[3][8],0.7352518845175858
jitter_ablation[3].radial_coordinates_first_chart[3][9],0.7788891088259196
jitter_ablation[3].radial_coordinates_first_chart[3][10],0.8146045605619255
jitter_ablation[3].radial_coordinates_first_chart[3][11],0.8413418443105235
jitter_ablation[3].radial_coordinates_first_chart[3][12],0.8787638304762339
jitter_ablation[3].radial_coordinates_first_chart[3][13],0.9249159254433432
jitter_ablation[3].radial_coordinates_first_chart[3][14],0.9530593458182276
jitter_ablation[3].radial_coordinates_first_chart[3][15],0.9905167583930383
jitter_ablation[3].radial_coordinates_first_chart[4][0],0.23229441685480984
jitter_ablation[3].radial_coordinates_first_chart[4][1],0.28499265937406326
jitter_ablation[3].radial_coordinates_first_chart[4][2],0.37873022892830316
jitter_ablation[3].radial_coordinates_first_chart[4][3],0.47596681348997244
jitter_ablation[3].radial_coordinates_first_chart[4][4],0.5082275246663769
jitter_ablation[3].radial_coordinates_first_chart[4][5],0.5772269578216359
jitter_ablation[3].radial_coordinates_first_chart[4][6],0.6250547116290569
jitter_ablation[3].radial_coordinates_first_chart[4][7],0.6792830041877689
jitter_ablation[3].radial_coordinates_first_chart[4][8],0.7425249473798619
jitter_ablation[3].radial_coordinates_first_chart[4][9],0.7763962334933235
jitter_ablation[3].radial_coordinates_first_chart[4][10],0.8141513252755977
jitter_ablation[3].radial_coordinates_first_chart[4][11],0.8439661613138705
jitter_ablation[3].radial_coordinates_first_chart[4][12],0.8886723310385005
jitter_ablation[3].radial_coordinates_first_chart[4][13],0.9204814726847691
jitter_ablation[3].radial_coordinates_first_chart[4][14],0.9451585572254819
jitter_ablation[3].radial_coordinates_first_chart[4][15],0.9921666157012533
jitter_ablation[3].radial_coordinates_first_chart[5][0],0.11533897273025802
jitter_ablation[3].radial_coordinates_first_chart[5][1],0.2668619721232341
jitter_ablation[3].radial_coordinates_first_chart[5][2],0.396362589852565
jitter_ablation[3].radial_coordinates_first_chart[5][3],0.46961342624353425
jitter_ablation[3].radial_coordinates_first_chart[5][4],0.5465714350177164
jitter_ablation[3].radial_coordinates_first_chart[5][5],0.5934368451949176
jitter_ablation[3].radial_coordinates_first_chart[5][6],0.6285687624761713
jitter_ablation[3].radial_coordinates_first_chart[5][7],0.6937421427380357
jitter_ablation[3].radial_coordinates_first_chart[5][8],0.7404858253472644
jitter_ablation[3].radial_coordinates_first_chart[5][9],0.7829315154962857
jitter_ablation[3].radial_coordinates_first_chart[5][10],0.8202431149227081
jitter_ablation[3].radial_coordinates_first_chart[5][11],0.8417546284145262
jitter_ablation[3].radial_coordinates_first_chart[5][12],0.8715824807593845
jitter_ablation[3].radial_coordinates_first_chart[5][13],0.9306107572890767
jitter_ablation[3].radial_coordinates_first_chart[5][14],0.9635638089261328
jitter_ablation[3].radial_coordinates_first_chart[5][15],0.993236391353683
jitter_ablation[3].radial_coordinates_first_chart[6][0],0.161581106496528
jitter_ablation[3].radial_coordinates_first_chart[6][1],0.33100153572126806
jitter_ablation[3].radial_coordinates_first_chart[6][2],0.3902141300435027
jitter_ablation[3].radial_coordinates_first_chart[6][3],0.4438651354069439
jitter_ablation[3].radial_coordinates_first_chart[6][4],0.5319853405371002
jitter_ablation[3].radial_coordinates_first_chart[6][5],0.5734081035156564
jitter_ablation[3].radial_coordinates_first_chart[6][6],0.6489724797330263
jitter_ablation[3].radial_coordinates_first_chart[6][7],0.6673667988231972
jitter_ablation[3].radial_coordinates_first_chart[6][8],0.7167765348634533
jitter_ablation[3].radial_coordinates_first_chart[6][9],0.7612602045121553
jitter_ablation[3].radial_coordinates_first_chart[6][10],0.8178416317517958
jitter_ablation[3].radial_coordinates_first_chart[6][11],0.8362718734490112
jitter_ablation[3].radial_coordinates_first_chart[6][12],0.8811967872328499
jitter_ablation[3].radial_coordinates_first_chart[6][13],0.9248676625153867
jitter_ablation[3].radial_coordinates_first_chart[6][14],0.9648366458912804
jitter_ablation[3].radial_coordinates_first_chart[6][15],0.9857980440658524
jitter_ablation[3].radial_coordinates_first_chart[7][0],0.08838295448073746
jitter_ablation[3].radial_coordinates_first_chart[7][1],0.30238048138998347
jitter_ablation[3].radial_coordinates_first_chart[7][2],0.39867668555514424
jitter_ablation[3].radial_coordinates_first_chart[7][3],0.4648586537545312
jitter_ablation[3].radial_coordinates_first_chart[7][4],0.5144720170236666
jitter_ablation[3].radial_coordinates_first_chart[7][5],0.5939605785941703
jitter_ablation[3].radial_coordinates_first_chart[7][6],0.650680090354496
jitter_ablation[3].radial_coordinates_first_chart[7][7],0.6676958285532464
jitter_ablation[3].radial_coordinates_first_chart[7][8],0.7125842803608826
jitter_ablation[3].radial_coordinates_first_chart[7][9],0.7823384343746811
jitter_ablation[3].radial_coordinates_first_chart[7][10],0.8234559779486298
jitter_ablation[3].radial_coordinates_first_chart[7][11],0.8417099543059302
jitter_ablation[3].radial_coordinates_first_chart[7][12],0.8726766186643223
jitter_ablation[3].radial_coordinates_first_chart[7][13],0.9239604969801777
jitter_ablation[3].radial_coordinates_first_chart[7][14],0.9463923642140825
jitter_ablation[3].radial_coordinates_first_chart[7][15],0.9878333315396765
jitter_ablation[3].radial_coordinates_first_chart[8][0],0.17069301170465967
jitter_ablation[3].radial_coordinates_first_chart[8][1],0.29076879792719973
jitter_ablation[3].radial_coordinates_first_chart[8][2],0.4083678690191664
jitter_ablation[3].radial_coordinates_first_chart[8][3],0.45710299979608854
jitter_ablation[3].radial_coordinates_first_chart[8][4],0.5355203258687233
jitter_ablation[3].radial_coordinates_first_chart[8][5],0.5884123361727669
jitter_ablation[3].radial_coordinates_first_chart[8][6],0.6378623855563711
jitter_ablation[3].radial_coordinates_first_chart[8][7],0.6738688283998189
jitter_ablation[3].radial_coordinates_first_chart[8][8],0.7450456203981538
jitter_ablation[3].radial_coordinates_first_chart[8][9],0.7550078042320826
jitter_ablation[3].radial_coordinates_first_chart[8][10],0.812783871792622
jitter_ablation[3].radial_coordinates_first_chart[8][11],0.8509506941074613
jitter_ablation[3].radial_coordinates_first_chart[8][12],0.8765825152389322
jitter_ablation[3].radial_coordinates_first_chart[8][13],0.9248618821335284
jitter_ablation[3].radial_coordinates_first_chart[8][14],0.9478286147543098
jitter_ablation[3].radial_coordinates_first_chart[8][15],0.9800978810787422
jitter_ablation[3].radial_coordinates_first_chart[9][0],0.19221006741779023
jitter_ablation[3].radial_coordinates_first_chart[9][1],0.29875419014814814
jitter_ablation[3].radial_coordinates_first_chart[9][2],0.4041124448759459
jitter_ablation[3].radial_coordinates_first_chart[9][3],0.4601371743401526
jitter_ablation[3].radial_coordinates_first_chart[9][4],0.5502593537262621
jitter_ablation[3].radial_coordinates_first_chart[9][5],0.5840727851051118
jitter_ablation[3].radial_coordinates_first_chart[9][6],0.6432975044701883
jitter_ablation[3].radial_coordinates_first_chart[9][7],0.6856139862940304
jitter_ablation[3].radial_coordinates_first_chart[9][8],0.7143525280130029
jitter_ablation[3].radial_coordinates_first_chart[9][9],0.7779029139168399
jitter_ablation[3].radial_coordinates_first_chart[9][10],0.8040078571260793
jitter_ablation[3].radial_coordinates_first_chart[9][11],0.8453498125199399
jitter_ablation[3].radial_coordinates_first_chart[9][12],0.8726329593825154
jitter_ablation[3].radial_coordinates_first_chart[9][13],0.925786893390406
jitter_ablation[3].radial_coordinates_first_chart[9][14],0.9605268642134737
jitter_ablation[3].radial_coordinates_first_chart[9][15],0.9888301444327492
jitter_ablation[3].radial_coordinates_first_chart[10][0],0.09146391706888339
jitter_ablation[3].radial_coordinates_first_chart[10][1],0.3069719246103639
jitter_ablation[3].radial_coordinates_first_chart[10][2],0.3909108695468985
jitter_ablation[3].radial_coordinates_first_chart[10][3],0.4541362100878317
jitter_ablation[3].radial_coordinates_first_chart[10][4],0.5511240503988963
jitter_ablation[3].radial_coordinates_first_chart[10][5],0.5980350990709546
jitter_ablation[3].radial_coordinates_first_chart[10][6],0.6390190042572931
jitter_ablation[3].radial_coordinates_first_chart[10][7],0.6972703909271804
jitter_ablation[3].radial_coordinates_first_chart[10][8],0.7323867664864193
jitter_ablation[3].radial_coordinates_first_chart[10][9],0.7816387575880254
jitter_ablation[3].radial_coordinates_first_chart[10][10],0.7973380829156189
jitter_ablation[3].radial_coordinates_first_chart[10][11],0.8413754429891018
jitter_ablation[3].radial_coordinates_first_chart[10][12],0.8844282653544829
jitter_ablation[3].radial_coordinates_first_chart[10][13],0.9210623129168698
jitter_ablation[3].radial_coordinates_first_chart[10][14],0.9559364570831889
jitter_ablation[3].radial_coordinates_first_chart[10][15],0.9807048053234693
jitter_ablation[3].radial_coordinates_first_chart[11][0],0.20249128915556652
jitter_ablation[3].radial_coordinates_first_chart[11][1],0.3230199673835939
jitter_ablation[3].radial_coordinates_first_chart[11][2],0.3792016187406985
jitter_ablation[3].radial_coordinates_first_chart[11][3],0.4441049053856495
jitter_ablation[3].radial_coordinates_first_chart[11][4],0.5455187891447495
jitter_ablation[3].radial_coordinates_first_chart[11][5],0.5956636974371409
jitter_ablation[3].radial_coordinates_first_chart[11][6],0.6192912440430536
jitter_ablation[3].radial_coordinates_first_chart[11][7],0.6716503455816479
jitter_ablation[3].radial_coordinates_first_chart[11][8],0.7416930006442086
jitter_ablation[3].radial_coordinates_first_chart[11][9],0.7705734206490495
jitter_ablation[3].radial_coordinates_first_chart[11][10],0.820054333709428
jitter_ablation[3].radial_coordinates_first_chart[11][11],0.8479873685245917
jitter_ablation[3].radial_coordinates_first_chart[11][12],0.8729885681029186
jitter_ablation[3].radial_coordinates_first_chart[11][13],0.9104432907796861
jitter_ablation[3].radial_coordinates_first_chart[11][14],0.9646236786422696
jitter_ablation[3].radial_coordinates_first_chart[11][15],0.9922745385966467
jitter_ablation[3].radial_coordinates_first_chart[12][0],0.19553308831766075
jitter_ablation[3].radial_coordinates_first_chart[12][1],0.27321496557916713
jitter_ablation[3].radial_coordinates_first_chart[12][2],0.41530754101203005
jitter_ablation[3].radial_coordinates_first_chart[12][3],0.4796885906233006
jitter_ablation[3].radial_coordinates_first_chart[12][4],0.5316786267117636
jitter_ablation[3].radial_coordinates_first_chart[12][5],0.6033343875653968
jitter_ablation[3].radial_coordinates_first_chart[12][6],0.6339407490843783
jitter_ablation[3].radial_coordinates_first_chart[12][7],0.6898898973494232
jitter_ablation[3].radial_coordinates_first_chart[12][8],0.7264247887534206
jitter_ablation[3].radial_coordinates_first_chart[12][9],0.773499794132995
jitter_ablation[3].radial_coordinates_first_chart[12][10],0.8034904459824969
jitter_ablation[3].radial_coordinates_first_chart[12][11],0.860605029355506
jitter_ablation[3].radial_coordinates_first_chart[12][12],0.8828157562293931
jitter_ablation[3].radial_coordinates_first_chart[12][13],0.9072508955753018
jitter_ablation[3].radial_coordinates_first_chart[12][14],0.9498594253300264
jitter_ablation[3].radial_coordinates_first_chart[12][15],0.9905230050629172
jitter_ablation[3].radial_coordinates_first_chart[13][0],0.20438450168150274
jitter_ablation[3].radial_coordinates_first_chart[13][1],0.3056565744800607
jitter_ablation[3].radial_coordinates_first_chart[13][2],0.3852850423396341
jitter_ablation[3].radial_coordinates_first_chart[13][3],0.4728264650542676
jitter_ablation[3].radial_coordinates_first_chart[13][4],0.5203536586872028
jitter_ablation[3].radial_coordinates_first_chart[13][5],0.5817990194081122
jitter_ablation[3].radial_coordinates_first_chart[13][6],0.6456468781200473
jitter_ablation[3].radial_coordinates_first_chart[13][7],0.6913753232827622
jitter_ablation[3].radial_coordinates_first_chart[13][8],0.7339136610732806
jitter_ablation[3].radial_coordinates_first_chart[13][9],0.7605369336793236
jitter_ablation[3].radial_coordinates_first_chart[13][10],0.8253314983997112
jitter_ablation[3].radial_coordinates_first_chart[13][11],0.8580770795035343
jitter_ablation[3].radial_coordinates_first_chart[13][12],0.8885433359220476
jitter_ablation[3].radial_coordinates_first_chart[13][13],0.9143270354124937
jitter_ablation[3].radial_coordinates_first_chart[13][14],0.9478293188776614
jitter_ablation[3].radial_coordinates_first_chart[13][15],0.977679937635858
jitter_ablation[3].radial_coordinates_first_chart[14][0],0.15972362373405755
jitter_ablation[3].radial_coordinates_first_chart[14][1],0.2879895610577258
jitter_ablation[3].radial_coordinates_first_chart[14][2],0.39828928603642777
jitter_ablation[3].radial_coordinates_first_chart[14][3],0.4481977819145878
jitter_ablation[3].radial_coordinates_first_chart[14][4],0.5433313259678056
jitter_ablation[3].radial_coordinates_first_chart[14][5],0.5665963883479854
jitter_ablation[3].radial_coordinates_first_chart[14][6],0.6312346753816406
jitter_ablation[3].radial_coordinates_first_chart[14][7],0.6668394872730289
jitter_ablation[3].radial_coordinates_first_chart[14][8],0.7246850251474993
jitter_ablation[3].radial_coordinates_first_chart[14][9],0.7705310984566265
jitter_ablation[3].radial_coordinates_first_chart[14][10],0.8117961463316867
jitter_ablation[3].radial_coordinates_first_chart[14][11],0.8437972761790933
jitter_ablation[3].radial_coordinates_first_chart[14][12],0.8765588201500386
jitter_ablation[3].radial_coordinates_first_chart[14][13],0.9227683207257333
jitter_ablation[3].radial_coordinates_first_chart[14][14],0.9400548539570531
jitter_ablation[3].radial_coordinates_first_chart[14][15],0.9829447443855942
jitter_ablation[3].radial_coordinates_first_chart[15][0],0.17122250103502126
jitter_ablation[3].radial_coordinates_first_chart[15][1],0.3282458051866313
jitter_ablation[3].radial_coordinates_first_chart[15][2],0.41272724461033417
jitter_ablation[3].radial_coordinates_first_chart[15][3],0.4778624056320184
jitter_ablation[3].radial_coordinates_first_chart[15][4],0.5288133964125091
jitter_ablation[3].radial_coordinates_first_chart[15][5],0.5960790982006412
jitter_ablation[3].radial_coordinates_first_chart[15][6],0.6304078322110668
jitter_ablation[3].radial_coordinates_first_chart[15][7],0.697583092941964
jitter_ablation[3].radial_coordinates_first_chart[15][8],0.72165269469601
jitter_ablation[3].radial_coordinates_first_chart[15][9],0.7773266291769654
jitter_ablation[3].radial_coordinates_first_chart[15][10],0.8001968429352301
jitter_ablation[3].radial_coordinates_first_chart[15][11],0.8516691233027263
jitter_ablation[3].radial_coordinates_first_chart[15][12],0.8832299383541347
jitter_ablation[3].radial_coordinates_first_chart[15][13],0.9219269237341853
jitter_ablation[3].radial_coordinates_first_chart[15][14],0.9561265791953291
jitter_ablation[3].radial_coordinates_first_chart[15][15],0.9880224432813454
jitter_ablation[3].selection_rank_sum,12
cross_seed_stability.sobol[0].m,64
cross_seed_stability.sobol[0].mean_image_self_mse,5.593877313003759e-05
cross_seed_stability.sobol[0].median_geometry_response_cosine,0.6115924257466776
cross_seed_stability.sobol[0].n_emitters,65536
cross_seed_stability.sobol[0].response_norm_cv,0.010285208155554861
cross_seed_stability.sobol[0].rows[0].geometry_response_cosine,0.6471135904871026
cross_seed_stability.sobol[0].rows[0].geometry_response_norm,0.00923124235123396
cross_seed_stability.sobol[0].rows[0].image_self_mse,5.703698843717575e-05
cross_seed_stability.sobol[0].rows[0].response_definition,"strict sparse-field FD of weighted per-emitter [x,n] for lambda_18"
cross_seed_stability.sobol[0].rows[0].response_delta,0.001
cross_seed_stability.sobol[0].rows[0].response_parameter,18
cross_seed_stability.sobol[0].rows[0].seconds,1.1446432129014283
cross_seed_stability.sobol[0].rows[0].seed,101
cross_seed_stability.sobol[0].rows[0].source_mass,9.088634202953163
cross_seed_stability.sobol[0].rows[0].sparse_edges_evaluated,487168
cross_seed_stability.sobol[0].rows[1].geometry_response_cosine,0.6413221602277633
cross_seed_stability.sobol[0].rows[1].geometry_response_norm,0.00903331395238638
cross_seed_stability.sobol[0].rows[1].image_self_mse,5.906111255171709e-05
cross_seed_stability.sobol[0].rows[1].response_definition,"strict sparse-field FD of weighted per-emitter [x,n] for lambda_18"
cross_seed_stability.sobol[0].rows[1].response_delta,0.001
cross_seed_stability.sobol[0].rows[1].response_parameter,18
cross_seed_stability.sobol[0].rows[1].seconds,1.11066330014728
cross_seed_stability.sobol[0].rows[1].seed,211
cross_seed_stability.sobol[0].rows[1].source_mass,9.088634202953163
cross_seed_stability.sobol[0].rows[1].sparse_edges_evaluated,487168
cross_seed_stability.sobol[0].rows[2].geometry_response_cosine,0.6222099496142067
cross_seed_stability.sobol[0].rows[2].geometry_response_norm,0.009014513343572617
cross_seed_stability.sobol[0].rows[2].image_self_mse,5.7323501096107066e-05
cross_seed_stability.sobol[0].rows[2].response_definition,"strict sparse-field FD of weighted per-emitter [x,n] for lambda_18"
cross_seed_stability.sobol[0].rows[2].response_delta,0.001
cross_seed_stability.sobol[0].rows[2].response_parameter,18
cross_seed_stability.sobol[0].rows[2].seconds,1.1024612290784717
cross_seed_stability.sobol[0].rows[2].seed,307
cross_seed_stability.sobol[0].rows[2].source_mass,9.088634202953163
cross_seed_stability.sobol[0].rows[2].sparse_edges_evaluated,487168
cross_seed_stability.sobol[0].rows[3].geometry_response_cosine,0.6009749018791484
cross_seed_stability.sobol[0].rows[3].geometry_response_norm,0.009150645695626736
cross_seed_stability.sobol[0].rows[3].image_self_mse,5.7790250139078125e-05
cross_seed_stability.sobol[0].rows[3].response_definition,"strict sparse-field FD of weighted per-emitter [x,n] for lambda_18"
cross_seed_stability.sobol[0].rows[3].response_delta,0.001
cross_seed_stability.sobol[0].rows[3].response_parameter,18
cross_seed_stability.sobol[0].rows[3].seconds,1.103867209982127
cross_seed_stability.sobol[0].rows[3].seed,401
cross_seed_stability.sobol[0].rows[3].source_mass,9.088634202953163
cross_seed_stability.sobol[0].rows[3].sparse_edges_evaluated,487168
cross_seed_stability.sobol[0].rows[4].geometry_response_cosine,0.6912761865192492
cross_seed_stability.sobol[0].rows[4].geometry_response_norm,0.009266918525099754
cross_seed_stability.sobol[0].rows[4].image_self_mse,5.463917841552757e-05
cross_seed_stability.sobol[0].rows[4].response_definition,"strict sparse-field FD of weighted per-emitter [x,n] for lambda_18"
cross_seed_stability.sobol[0].rows[4].response_delta,0.001
cross_seed_stability.sobol[0].rows[4].response_parameter,18
cross_seed_stability.sobol[0].rows[4].seconds,1.1009204320143908
cross_seed_stability.sobol[0].rows[4].seed,503
cross_seed_stability.sobol[0].rows[4].source_mass,9.088634202953163
cross_seed_stability.sobol[0].rows[4].sparse_edges_evaluated,487168
cross_seed_stability.sobol[0].rows[5].geometry_response_cosine,0.5891704154784622
cross_seed_stability.sobol[0].rows[5].geometry_response_norm,0.009153499267995358
cross_seed_stability.sobol[0].rows[5].image_self_mse,5.610965672531165e-05
cross_seed_stability.sobol[0].rows[5].response_definition,"strict sparse-field FD of weighted per-emitter [x,n] for lambda_18"
cross_seed_stability.sobol[0].rows[5].response_delta,0.001
cross_seed_stability.sobol[0].rows[5].response_parameter,18
cross_seed_stability.sobol[0].rows[5].seconds,1.121802614070475
cross_seed_stability.sobol[0].rows[5].seed,601
cross_seed_stability.sobol[0].rows[5].source_mass,9.088634202953163
cross_seed_stability.sobol[0].rows[5].sparse_edges_evaluated,487168
cross_seed_stability.sobol[0].rows[6].geometry_response_cosine,0.5963941102185988
cross_seed_stability.sobol[0].rows[6].geometry_response_norm,0.00927922036498785
cross_seed_stability.sobol[0].rows[6].image_self_mse,5.257653901935555e-05
cross_seed_stability.sobol[0].rows[6].response_definition,"strict sparse-field FD of weighted per-emitter [x,n] for lambda_18"
cross_seed_stability.sobol[0].rows[6].response_delta,0.001
cross_seed_stability.sobol[0].rows[6].response_parameter,18
cross_seed_stability.sobol[0].rows[6].seconds,1.1612031939439476
cross_seed_stability.sobol[0].rows[6].seed,701
cross_seed_stability.sobol[0].rows[6].source_mass,9.088634202953163
cross_seed_stability.sobol[0].rows[6].sparse_edges_evaluated,487168
cross_seed_stability.sobol[0].rows[7].geometry_response_cosine,0.6002667825568082
cross_seed_stability.sobol[0].rows[7].geometry_response_norm,0.00922076590359211
cross_seed_stability.sobol[0].rows[7].image_self_mse,5.297295865602791e-05
cross_seed_stability.sobol[0].rows[7].response_definition,"strict sparse-field FD of weighted per-emitter [x,n] for lambda_18"
cross_seed_stability.sobol[0].rows[7].response_delta,0.001
cross_seed_stability.sobol[0].rows[7].response_parameter,18
cross_seed_stability.sobol[0].rows[7].seconds,1.117948172148317
cross_seed_stability.sobol[0].rows[7].seed,809
cross_seed_stability.sobol[0].rows[7].source_mass,9.088634202953163
cross_seed_stability.sobol[0].rows[7].sparse_edges_evaluated,487168
cross_seed_stability.sobol[0].seeds[0],101
cross_seed_stability.sobol[0].seeds[1],211
cross_seed_stability.sobol[0].seeds[2],307
cross_seed_stability.sobol[0].seeds[3],401
cross_seed_stability.sobol[0].seeds[4],503
cross_seed_stability.sobol[0].seeds[5],601
cross_seed_stability.sobol[0].seeds[6],701
cross_seed_stability.sobol[0].seeds[7],809
cross_seed_stability.sobol[0].source_mass_cv,0.0
cross_seed_stability.sobol[1].m,256
cross_seed_stability.sobol[1].mean_image_self_mse,1.7196563248944585e-06
cross_seed_stability.sobol[1].median_geometry_response_cosine,0.612974727268258
cross_seed_stability.sobol[1].n_emitters,262144
cross_seed_stability.sobol[1].response_norm_cv,0.007231725976380798
cross_seed_stability.sobol[1].rows[0].geometry_response_cosine,0.6580908834262822
cross_seed_stability.sobol[1].rows[0].geometry_response_norm,0.004620186053216457
cross_seed_stability.sobol[1].rows[0].image_self_mse,1.6724002307455521e-06
cross_seed_stability.sobol[1].rows[0].response_definition,"strict sparse-field FD of weighted per-emitter [x,n] for lambda_18"
cross_seed_stability.sobol[1].rows[0].response_delta,0.001
cross_seed_stability.sobol[1].rows[0].response_parameter,18
cross_seed_stability.sobol[1].rows[0].seconds,2.64472754788585
cross_seed_stability.sobol[1].rows[0].seed,101
cross_seed_stability.sobol[1].rows[0].source_mass,9.088634202953163
cross_seed_stability.sobol[1].rows[0].sparse_edges_evaluated,1948672
cross_seed_stability.sobol[1].rows[1].geometry_response_cosine,0.6373814637485808
cross_seed_stability.sobol[1].rows[1].geometry_response_norm,0.004584941081702709
cross_seed_stability.sobol[1].rows[1].image_self_mse,1.8853939991458901e-06
cross_seed_stability.sobol[1].rows[1].response_definition,"strict sparse-field FD of weighted per-emitter [x,n] for lambda_18"
cross_seed_stability.sobol[1].rows[1].response_delta,0.001
cross_seed_stability.sobol[1].rows[1].response_parameter,18
cross_seed_stability.sobol[1].rows[1].seconds,2.6146405620966107
cross_seed_stability.sobol[1].rows[1].seed,211
cross_seed_stability.sobol[1].rows[1].source_mass,9.088634202953163
cross_seed_stability.sobol[1].rows[1].sparse_edges_evaluated,1948672
cross_seed_stability.sobol[1].rows[2].geometry_response_cosine,0.6170997818661853
cross_seed_stability.sobol[1].rows[2].geometry_response_norm,0.0045815445482730865
cross_seed_stability.sobol[1].rows[2].image_self_mse,1.7953772157852654e-06
cross_seed_stability.sobol[1].rows[2].response_definition,"strict sparse-field FD of weighted per-emitter [x,n] for lambda_18"
cross_seed_stability.sobol[1].rows[2].response_delta,0.001
cross_seed_stability.sobol[1].rows[2].response_parameter,18
cross_seed_stability.sobol[1].rows[2].seconds,2.615906663937494
cross_seed_stability.sobol[1].rows[2].seed,307
cross_seed_stability.sobol[1].rows[2].source_mass,9.088634202953163
cross_seed_stability.sobol[1].rows[2].sparse_edges_evaluated,1948672
cross_seed_stability.sobol[1].rows[3].geometry_response_cosine,0.604538921016772
cross_seed_stability.sobol[1].rows[3].geometry_response_norm,0.0045633320696651936
cross_seed_stability.sobol[1].rows[3].image_self_mse,1.6837448129081167e-06
cross_seed_stability.sobol[1].rows[3].response_definition,"strict sparse-field FD of weighted per-emitter [x,n] for lambda_18"
cross_seed_stability.sobol[1].rows[3].response_delta,0.001
cross_seed_stability.sobol[1].rows[3].response_parameter,18
cross_seed_stability.sobol[1].rows[3].seconds,2.6145907030440867
cross_seed_stability.sobol[1].rows[3].seed,401
cross_seed_stability.sobol[1].rows[3].source_mass,9.088634202953163
cross_seed_stability.sobol[1].rows[3].sparse_edges_evaluated,1948672
cross_seed_stability.sobol[1].rows[4].geometry_response_cosine,0.6970731383121858
cross_seed_stability.sobol[1].rows[4].geometry_response_norm,0.004657713230699301
cross_seed_stability.sobol[1].rows[4].image_self_mse,1.657167672419746e-06
cross_seed_stability.sobol[1].rows[4].response_definition,"strict sparse-field FD of weighted per-emitter [x,n] for lambda_18"
cross_seed_stability.sobol[1].rows[4].response_delta,0.001
cross_seed_stability.sobol[1].rows[4].response_parameter,18
cross_seed_stability.sobol[1].rows[4].seconds,2.6179714349564165
cross_seed_stability.sobol[1].rows[4].seed,503
cross_seed_stability.sobol[1].rows[4].source_mass,9.088634202953163
cross_seed_stability.sobol[1].rows[4].sparse_edges_evaluated,1948672
cross_seed_stability.sobol[1].rows[5].geometry_response_cosine,0.5809924136751524
cross_seed_stability.sobol[1].rows[5].geometry_response_norm,0.00460327323526144
cross_seed_stability.sobol[1].rows[5].image_self_mse,1.6550812915738788e-06
cross_seed_stability.sobol[1].rows[5].response_definition,"strict sparse-field FD of weighted per-emitter [x,n] for lambda_18"
cross_seed_stability.sobol[1].rows[5].response_delta,0.001
cross_seed_stability.sobol[1].rows[5].response_parameter,18
cross_seed_stability.sobol[1].rows[5].seconds,2.5973209410440177
cross_seed_stability.sobol[1].rows[5].seed,601
cross_seed_stability.sobol[1].rows[5].source_mass,9.088634202953163
cross_seed_stability.sobol[1].rows[5].sparse_edges_evaluated,1948672
cross_seed_stability.sobol[1].rows[6].geometry_response_cosine,0.6088496726703307
cross_seed_stability.sobol[1].rows[6].geometry_response_norm,0.0046353209763765335
cross_seed_stability.sobol[1].rows[6].image_self_mse,1.794406671251636e-06
cross_seed_stability.sobol[1].rows[6].response_definition,"strict sparse-field FD of weighted per-emitter [x,n] for lambda_18"
cross_seed_stability.sobol[1].rows[6].response_delta,0.001
cross_seed_stability.sobol[1].rows[6].response_parameter,18
cross_seed_stability.sobol[1].rows[6].seconds,2.619410797022283
cross_seed_stability.sobol[1].rows[6].seed,701
cross_seed_stability.sobol[1].rows[6].source_mass,9.088634202953163
cross_seed_stability.sobol[1].rows[6].sparse_edges_evaluated,1948672
cross_seed_stability.sobol[1].rows[7].geometry_response_cosine,0.6070302660475261
cross_seed_stability.sobol[1].rows[7].geometry_response_norm,0.004657897632569075
cross_seed_stability.sobol[1].rows[7].image_self_mse,1.613678705325583e-06
cross_seed_stability.sobol[1].rows[7].response_definition,"strict sparse-field FD of weighted per-emitter [x,n] for lambda_18"
cross_seed_stability.sobol[1].rows[7].response_delta,0.001
cross_seed_stability.sobol[1].rows[7].response_parameter,18
cross_seed_stability.sobol[1].rows[7].seconds,2.634314035065472
cross_seed_stability.sobol[1].rows[7].seed,809
cross_seed_stability.sobol[1].rows[7].source_mass,9.088634202953163
cross_seed_stability.sobol[1].rows[7].sparse_edges_evaluated,1948672
cross_seed_stability.sobol[1].seeds[0],101
cross_seed_stability.sobol[1].seeds[1],211
cross_seed_stability.sobol[1].seeds[2],307
cross_seed_stability.sobol[1].seeds[3],401
cross_seed_stability.sobol[1].seeds[4],503
cross_seed_stability.sobol[1].seeds[5],601
cross_seed_stability.sobol[1].seeds[6],701
cross_seed_stability.sobol[1].seeds[7],809
cross_seed_stability.sobol[1].source_mass_cv,0.0
cross_seed_stability.sobol[2].m,1024
cross_seed_stability.sobol[2].mean_image_self_mse,4.905705264235394e-08
cross_seed_stability.sobol[2].median_geometry_response_cosine,0.6120986033628202
cross_seed_stability.sobol[2].n_emitters,1048576
cross_seed_stability.sobol[2].response_norm_cv,0.0009574399348975277
cross_seed_stability.sobol[2].rows[0].geometry_response_cosine,0.6571239457402477
cross_seed_stability.sobol[2].rows[0].geometry_response_norm,0.002304444555193186
cross_seed_stability.sobol[2].rows[0].image_self_mse,5.0954941599457015e-08
cross_seed_stability.sobol[2].rows[0].response_definition,"strict sparse-field FD of weighted per-emitter [x,n] for lambda_18"
cross_seed_stability.sobol[2].rows[0].response_delta,0.001
cross_seed_stability.sobol[2].rows[0].response_parameter,18
cross_seed_stability.sobol[2].rows[0].seconds,8.520033437060192
cross_seed_stability.sobol[2].rows[0].seed,101
cross_seed_stability.sobol[2].rows[0].source_mass,9.088634202953163
cross_seed_stability.sobol[2].rows[0].sparse_edges_evaluated,7794688
cross_seed_stability.sobol[2].rows[1].geometry_response_cosine,0.6371792611197513
cross_seed_stability.sobol[2].rows[1].geometry_response_norm,0.002309424802660942
cross_seed_stability.sobol[2].rows[1].image_self_mse,4.6908017026225934e-08
cross_seed_stability.sobol[2].rows[1].response_definition,"strict sparse-field FD of weighted per-emitter [x,n] for lambda_18"
cross_seed_stability.sobol[2].rows[1].response_delta,0.001
cross_seed_stability.sobol[2].rows[1].response_parameter,18
cross_seed_stability.sobol[2].rows[1].seconds,8.530426101991907
cross_seed_stability.sobol[2].rows[1].seed,211
cross_seed_stability.sobol[2].rows[1].source_mass,9.088634202953163
cross_seed_stability.sobol[2].rows[1].sparse_edges_evaluated,7794688
cross_seed_stability.sobol[2].rows[2].geometry_response_cosine,0.6168384342281372
cross_seed_stability.sobol[2].rows[2].geometry_response_norm,0.0023117288947105408
cross_seed_stability.sobol[2].rows[2].image_self_mse,4.593883318193548e-08
cross_seed_stability.sobol[2].rows[2].response_definition,"strict sparse-field FD of weighted per-emitter [x,n] for lambda_18"
cross_seed_stability.sobol[2].rows[2].response_delta,0.001
cross_seed_stability.sobol[2].rows[2].response_parameter,18
cross_seed_stability.sobol[2].rows[2].seconds,8.470716203097254
cross_seed_stability.sobol[2].rows[2].seed,307
cross_seed_stability.sobol[2].rows[2].source_mass,9.088634202953163
cross_seed_stability.sobol[2].rows[2].sparse_edges_evaluated,7794688
cross_seed_stability.sobol[2].rows[3].geometry_response_cosine,0.6060811471685404
cross_seed_stability.sobol[2].rows[3].geometry_response_norm,0.0023109340108931065
cross_seed_stability.sobol[2].rows[3].image_self_mse,4.9464137674704034e-08
cross_seed_stability.sobol[2].rows[3].response_definition,"strict sparse-field FD of weighted per-emitter [x,n] for lambda_18"
cross_seed_stability.sobol[2].rows[3].response_delta,0.001
cross_seed_stability.sobol[2].rows[3].response_parameter,18
cross_seed_stability.sobol[2].rows[3].seconds,8.575115154031664
cross_seed_stability.sobol[2].rows[3].seed,401
cross_seed_stability.sobol[2].rows[3].source_mass,9.088634202953163
cross_seed_stability.sobol[2].rows[3].sparse_edges_evaluated,7794688
cross_seed_stability.sobol[2].rows[4].geometry_response_cosine,0.6965395590369466
cross_seed_stability.sobol[2].rows[4].geometry_response_norm,0.002308716531842947
cross_seed_stability.sobol[2].rows[4].image_self_mse,4.4567784129867505e-08
cross_seed_stability.sobol[2].rows[4].response_definition,"strict sparse-field FD of weighted per-emitter [x,n] for lambda_18"
cross_seed_stability.sobol[2].rows[4].response_delta,0.001
cross_seed_stability.sobol[2].rows[4].response_parameter,18
cross_seed_stability.sobol[2].rows[4].seconds,8.689422769006342
cross_seed_stability.sobol[2].rows[4].seed,503
cross_seed_stability.sobol[2].rows[4].source_mass,9.088634202953163
cross_seed_stability.sobol[2].rows[4].sparse_edges_evaluated,7794688
cross_seed_stability.sobol[2].rows[5].geometry_response_cosine,0.5824750605982882
cross_seed_stability.sobol[2].rows[5].geometry_response_norm,0.002311711898073554
cross_seed_stability.sobol[2].rows[5].image_self_mse,4.634824790628045e-08
cross_seed_stability.sobol[2].rows[5].response_definition,"strict sparse-field FD of weighted per-emitter [x,n] for lambda_18"
cross_seed_stability.sobol[2].rows[5].response_delta,0.001
cross_seed_stability.sobol[2].rows[5].response_parameter,18
cross_seed_stability.sobol[2].rows[5].seconds,8.497839984949678
cross_seed_stability.sobol[2].rows[5].seed,601
cross_seed_stability.sobol[2].rows[5].source_mass,9.088634202953163
cross_seed_stability.sobol[2].rows[5].sparse_edges_evaluated,7794688
cross_seed_stability.sobol[2].rows[6].geometry_response_cosine,0.6073587724975031
cross_seed_stability.sobol[2].rows[6].geometry_response_norm,0.0023085225839167833
cross_seed_stability.sobol[2].rows[6].image_self_mse,5.424421090083342e-08
cross_seed_stability.sobol[2].rows[6].response_definition,"strict sparse-field FD of weighted per-emitter [x,n] for lambda_18"
cross_seed_stability.sobol[2].rows[6].response_delta,0.001
cross_seed_stability.sobol[2].rows[6].response_parameter,18
cross_seed_stability.sobol[2].rows[6].seconds,8.501877840142697
cross_seed_stability.sobol[2].rows[6].seed,701
cross_seed_stability.sobol[2].rows[6].source_mass,9.088634202953163
cross_seed_stability.sobol[2].rows[6].sparse_edges_evaluated,7794688
cross_seed_stability.sobol[2].rows[7].geometry_response_cosine,0.6052338812773836
cross_seed_stability.sobol[2].rows[7].geometry_response_norm,0.002309845993295312
cross_seed_stability.sobol[2].rows[7].image_self_mse,5.403024871952766e-08
cross_seed_stability.sobol[2].rows[7].response_definition,"strict sparse-field FD of weighted per-emitter [x,n] for lambda_18"
cross_seed_stability.sobol[2].rows[7].response_delta,0.001
cross_seed_stability.sobol[2].rows[7].response_parameter,18
cross_seed_stability.sobol[2].rows[7].seconds,8.48265199107118
cross_seed_stability.sobol[2].rows[7].seed,809
cross_seed_stability.sobol[2].rows[7].source_mass,9.088634202953163
cross_seed_stability.sobol[2].rows[7].sparse_edges_evaluated,7794688
cross_seed_stability.sobol[2].seeds[0],101
cross_seed_stability.sobol[2].seeds[1],211
cross_seed_stability.sobol[2].seeds[2],307
cross_seed_stability.sobol[2].seeds[3],401
cross_seed_stability.sobol[2].seeds[4],503
cross_seed_stability.sobol[2].seeds[5],601
cross_seed_stability.sobol[2].seeds[6],701
cross_seed_stability.sobol[2].seeds[7],809
cross_seed_stability.sobol[2].source_mass_cv,0.0
cross_seed_stability.stratified[0].sampler,STRATIFIED_GEODESIC_POLAR
cross_seed_stability.stratified[0].radial_scheme,AREA_STRATIFIED
cross_seed_stability.stratified[0].eta_theta,0.25
cross_seed_stability.stratified[0].eta_r,0.25
cross_seed_stability.stratified[0].n_theta,8
cross_seed_stability.stratified[0].n_r,8
cross_seed_stability.stratified[0].m,64
cross_seed_stability.stratified[0].n_emitters,65536
cross_seed_stability.stratified[0].seeds[0],101
cross_seed_stability.stratified[0].seeds[1],211
cross_seed_stability.stratified[0].seeds[2],307
cross_seed_stability.stratified[0].seeds[3],401
cross_seed_stability.stratified[0].seeds[4],503
cross_seed_stability.stratified[0].seeds[5],601
cross_seed_stability.stratified[0].seeds[6],701
cross_seed_stability.stratified[0].seeds[7],809
cross_seed_stability.stratified[0].rows[0].seed,101
cross_seed_stability.stratified[0].rows[0].layout_digest,528dcc74bcd29d38f63e179e15c28b5047a9fb0931eeea641fc3ef6ec0ee959c
cross_seed_stability.stratified[0].rows[0].source_mass,9.088634202953164
cross_seed_stability.stratified[0].rows[0].image_self_mse,0.0005553947412408888
cross_seed_stability.stratified[0].rows[0].geometry_response_norm,0.01085876114666462
cross_seed_stability.stratified[0].rows[0].geometry_response_cosine,0.9719737213868297
cross_seed_stability.stratified[0].rows[0].response_definition,"strict sparse-field central FD of mass-weighted shared-ray per-emitter [x,n]"
cross_seed_stability.stratified[0].rows[0].response_parameter,18
cross_seed_stability.stratified[0].rows[0].response_delta,0.001
cross_seed_stability.stratified[0].rows[0].sparse_point_basis_pairs_evaluated,487168
cross_seed_stability.stratified[0].rows[0].seconds,4.165289037162438
cross_seed_stability.stratified[0].rows[1].seed,211
cross_seed_stability.stratified[0].rows[1].layout_digest,d1a9ab661324ed515b854f1eb9692d4cee461cf8faec19af8a7db9ba147e9736
cross_seed_stability.stratified[0].rows[1].source_mass,9.088634202953164
cross_seed_stability.stratified[0].rows[1].image_self_mse,0.000522038375493139
cross_seed_stability.stratified[0].rows[1].geometry_response_norm,0.010833567008376122
cross_seed_stability.stratified[0].rows[1].geometry_response_cosine,0.9503298047944585
cross_seed_stability.stratified[0].rows[1].response_definition,"strict sparse-field central FD of mass-weighted shared-ray per-emitter [x,n]"
cross_seed_stability.stratified[0].rows[1].response_parameter,18
cross_seed_stability.stratified[0].rows[1].response_delta,0.001
cross_seed_stability.stratified[0].rows[1].sparse_point_basis_pairs_evaluated,487168
cross_seed_stability.stratified[0].rows[1].seconds,4.181510579073802
cross_seed_stability.stratified[0].rows[2].seed,307
cross_seed_stability.stratified[0].rows[2].layout_digest,e9b647a1a6e1685b0b14a20adda8f76295fe3f9cf0b85b8172e97d129e11e867
cross_seed_stability.stratified[0].rows[2].source_mass,9.088634202953164
cross_seed_stability.stratified[0].rows[2].image_self_mse,0.0005290985573083162
cross_seed_stability.stratified[0].rows[2].geometry_response_norm,0.011051040142774582
cross_seed_stability.stratified[0].rows[2].geometry_response_cosine,0.9776550135597163
cross_seed_stability.stratified[0].rows[2].response_definition,"strict sparse-field central FD of mass-weighted shared-ray per-emitter [x,n]"
cross_seed_stability.stratified[0].rows[2].response_parameter,18
cross_seed_stability.stratified[0].rows[2].response_delta,0.001
cross_seed_stability.stratified[0].rows[2].sparse_point_basis_pairs_evaluated,487168
cross_seed_stability.stratified[0].rows[2].seconds,4.250057993922383
cross_seed_stability.stratified[0].rows[3].seed,401
cross_seed_stability.stratified[0].rows[3].layout_digest,6cf84a58f756d866afce45d313f420a9104df9144befef711448b29ac2b53c4a
cross_seed_stability.stratified[0].rows[3].source_mass,9.088634202953164
cross_seed_stability.stratified[0].rows[3].image_self_mse,0.0005541692953556776
cross_seed_stability.stratified[0].rows[3].geometry_response_norm,0.010429400019347668
cross_seed_stability.stratified[0].rows[3].geometry_response_cosine,0.9646429666677913
cross_seed_stability.stratified[0].rows[3].response_definition,"strict sparse-field central FD of mass-weighted shared-ray per-emitter [x,n]"
cross_seed_stability.stratified[0].rows[3].response_parameter,18
cross_seed_stability.stratified[0].rows[3].response_delta,0.001
cross_seed_stability.stratified[0].rows[3].sparse_point_basis_pairs_evaluated,487168
cross_seed_stability.stratified[0].rows[3].seconds,4.211328042903915
cross_seed_stability.stratified[0].rows[4].seed,503
cross_seed_stability.stratified[0].rows[4].layout_digest,fcf14341b6d3bea2b15df1f8f2b4b84b2d31adabeb715ed4519fb291fc991e86
cross_seed_stability.stratified[0].rows[4].source_mass,9.088634202953164
cross_seed_stability.stratified[0].rows[4].image_self_mse,0.0005558925331570208
cross_seed_stability.stratified[0].rows[4].geometry_response_norm,0.010729094035923481
cross_seed_stability.stratified[0].rows[4].geometry_response_cosine,0.974938886227943
cross_seed_stability.stratified[0].rows[4].response_definition,"strict sparse-field central FD of mass-weighted shared-ray per-emitter [x,n]"
cross_seed_stability.stratified[0].rows[4].response_parameter,18
cross_seed_stability.stratified[0].rows[4].response_delta,0.001
cross_seed_stability.stratified[0].rows[4].sparse_point_basis_pairs_evaluated,487168
cross_seed_stability.stratified[0].rows[4].seconds,4.17844952782616
cross_seed_stability.stratified[0].rows[5].seed,601
cross_seed_stability.stratified[0].rows[5].layout_digest,7fe8c0c558680d18389158067bb24f960dfcd23f2dee546791cfbb49a71ce854
cross_seed_stability.stratified[0].rows[5].source_mass,9.088634202953164
cross_seed_stability.stratified[0].rows[5].image_self_mse,0.000619639118667692
cross_seed_stability.stratified[0].rows[5].geometry_response_norm,0.010931473225355148
cross_seed_stability.stratified[0].rows[5].geometry_response_cosine,0.971146637832912
cross_seed_stability.stratified[0].rows[5].response_definition,"strict sparse-field central FD of mass-weighted shared-ray per-emitter [x,n]"
cross_seed_stability.stratified[0].rows[5].response_parameter,18
cross_seed_stability.stratified[0].rows[5].response_delta,0.001
cross_seed_stability.stratified[0].rows[5].sparse_point_basis_pairs_evaluated,487168
cross_seed_stability.stratified[0].rows[5].seconds,4.1728943339549005
cross_seed_stability.stratified[0].rows[6].seed,701
cross_seed_stability.stratified[0].rows[6].layout_digest,16e3aa218a65be08ffa77536f802995ba56ba20ad23cb7ebf84f67e57f9e782e
cross_seed_stability.stratified[0].rows[6].source_mass,9.088634202953164
cross_seed_stability.stratified[0].rows[6].image_self_mse,0.0005990231293253601
cross_seed_stability.stratified[0].rows[6].geometry_response_norm,0.010766311548650265
cross_seed_stability.stratified[0].rows[6].geometry_response_cosine,0.9663502560629509
cross_seed_stability.stratified[0].rows[6].response_definition,"strict sparse-field central FD of mass-weighted shared-ray per-emitter [x,n]"
cross_seed_stability.stratified[0].rows[6].response_parameter,18
cross_seed_stability.stratified[0].rows[6].response_delta,0.001
cross_seed_stability.stratified[0].rows[6].sparse_point_basis_pairs_evaluated,487168
cross_seed_stability.stratified[0].rows[6].seconds,4.244778668042272
cross_seed_stability.stratified[0].rows[7].seed,809
cross_seed_stability.stratified[0].rows[7].layout_digest,67d35756855b4fbfbe8c0f09bfe225222a635d9e0d16fd02151535d6869cf854
cross_seed_stability.stratified[0].rows[7].source_mass,9.088634202953164
cross_seed_stability.stratified[0].rows[7].image_self_mse,0.0005475888028740883
cross_seed_stability.stratified[0].rows[7].geometry_response_norm,0.010925446636974812
cross_seed_stability.stratified[0].rows[7].geometry_response_cosine,0.9725274869441326
cross_seed_stability.stratified[0].rows[7].response_definition,"strict sparse-field central FD of mass-weighted shared-ray per-emitter [x,n]"
cross_seed_stability.stratified[0].rows[7].response_parameter,18
cross_seed_stability.stratified[0].rows[7].response_delta,0.001
cross_seed_stability.stratified[0].rows[7].sparse_point_basis_pairs_evaluated,487168
cross_seed_stability.stratified[0].rows[7].seconds,4.2922821280080825
cross_seed_stability.stratified[0].source_mass_cv,0.0
cross_seed_stability.stratified[0].response_norm_cv,0.016086679094623153
cross_seed_stability.stratified[0].median_geometry_response_cosine,0.9715601796098708
cross_seed_stability.stratified[0].mean_image_self_mse,0.0005603555691777728
cross_seed_stability.stratified[1].sampler,STRATIFIED_GEODESIC_POLAR
cross_seed_stability.stratified[1].radial_scheme,AREA_STRATIFIED
cross_seed_stability.stratified[1].eta_theta,0.25
cross_seed_stability.stratified[1].eta_r,0.25
cross_seed_stability.stratified[1].n_theta,16
cross_seed_stability.stratified[1].n_r,16
cross_seed_stability.stratified[1].m,256
cross_seed_stability.stratified[1].n_emitters,262144
cross_seed_stability.stratified[1].seeds[0],101
cross_seed_stability.stratified[1].seeds[1],211
cross_seed_stability.stratified[1].seeds[2],307
cross_seed_stability.stratified[1].seeds[3],401
cross_seed_stability.stratified[1].seeds[4],503
cross_seed_stability.stratified[1].seeds[5],601
cross_seed_stability.stratified[1].seeds[6],701
cross_seed_stability.stratified[1].seeds[7],809
cross_seed_stability.stratified[1].rows[0].seed,101
cross_seed_stability.stratified[1].rows[0].layout_digest,61abef0f3887cbd63ddc91dc5f0102d1028fc514a11b0078239a6c32a4cce1d6
cross_seed_stability.stratified[1].rows[0].source_mass,9.088634202953163
cross_seed_stability.stratified[1].rows[0].image_self_mse,7.320260192500427e-05
cross_seed_stability.stratified[1].rows[0].geometry_response_norm,0.005560487974435091
cross_seed_stability.stratified[1].rows[0].geometry_response_cosine,0.9890280279384681
cross_seed_stability.stratified[1].rows[0].response_definition,"strict sparse-field central FD of mass-weighted shared-ray per-emitter [x,n]"
cross_seed_stability.stratified[1].rows[0].response_parameter,18
cross_seed_stability.stratified[1].rows[0].response_delta,0.001
cross_seed_stability.stratified[1].rows[0].sparse_point_basis_pairs_evaluated,1948672
cross_seed_stability.stratified[1].rows[0].seconds,14.903485418995842
cross_seed_stability.stratified[1].rows[1].seed,211
cross_seed_stability.stratified[1].rows[1].layout_digest,dbca82459b6362b8b4924e7c9d3472d08b6cb206b12b731d38165b33c28499a7
cross_seed_stability.stratified[1].rows[1].source_mass,9.088634202953163
cross_seed_stability.stratified[1].rows[1].image_self_mse,7.708732300670817e-05
cross_seed_stability.stratified[1].rows[1].geometry_response_norm,0.005584229715168476
cross_seed_stability.stratified[1].rows[1].geometry_response_cosine,0.9903654601753767
cross_seed_stability.stratified[1].rows[1].response_definition,"strict sparse-field central FD of mass-weighted shared-ray per-emitter [x,n]"
cross_seed_stability.stratified[1].rows[1].response_parameter,18
cross_seed_stability.stratified[1].rows[1].response_delta,0.001
cross_seed_stability.stratified[1].rows[1].sparse_point_basis_pairs_evaluated,1948672
cross_seed_stability.stratified[1].rows[1].seconds,15.10968600702472
cross_seed_stability.stratified[1].rows[2].seed,307
cross_seed_stability.stratified[1].rows[2].layout_digest,a4a872f0f1274731e2eb96961626b81c740d04f2e757d76b412da5efc0fbc239
cross_seed_stability.stratified[1].rows[2].source_mass,9.088634202953163
cross_seed_stability.stratified[1].rows[2].image_self_mse,7.265846215886995e-05
cross_seed_stability.stratified[1].rows[2].geometry_response_norm,0.005486944690346718
cross_seed_stability.stratified[1].rows[2].geometry_response_cosine,0.9901070316959554
cross_seed_stability.stratified[1].rows[2].response_definition,"strict sparse-field central FD of mass-weighted shared-ray per-emitter [x,n]"
cross_seed_stability.stratified[1].rows[2].response_parameter,18
cross_seed_stability.stratified[1].rows[2].response_delta,0.001
cross_seed_stability.stratified[1].rows[2].sparse_point_basis_pairs_evaluated,1948672
cross_seed_stability.stratified[1].rows[2].seconds,14.92530429805629
cross_seed_stability.stratified[1].rows[3].seed,401
cross_seed_stability.stratified[1].rows[3].layout_digest,3bb17290ca1b28673bf3199a85fb3b5607f55ca26146a5a5f60505cdeea2196d
cross_seed_stability.stratified[1].rows[3].source_mass,9.088634202953163
cross_seed_stability.stratified[1].rows[3].image_self_mse,7.922875374788418e-05
cross_seed_stability.stratified[1].rows[3].geometry_response_norm,0.005572879686951637
cross_seed_stability.stratified[1].rows[3].geometry_response_cosine,0.9907348591969279
cross_seed_stability.stratified[1].rows[3].response_definition,"strict sparse-field central FD of mass-weighted shared-ray per-emitter [x,n]"
cross_seed_stability.stratified[1].rows[3].response_parameter,18
cross_seed_stability.stratified[1].rows[3].response_delta,0.001
cross_seed_stability.stratified[1].rows[3].sparse_point_basis_pairs_evaluated,1948672
cross_seed_stability.stratified[1].rows[3].seconds,14.751543917926028
cross_seed_stability.stratified[1].rows[4].seed,503
cross_seed_stability.stratified[1].rows[4].layout_digest,62ecc3a35fa019bdf0655b5a6dba0c805d2196e918ebce3d6cc59cbd81eda913
cross_seed_stability.stratified[1].rows[4].source_mass,9.088634202953163
cross_seed_stability.stratified[1].rows[4].image_self_mse,7.865941006457433e-05
cross_seed_stability.stratified[1].rows[4].geometry_response_norm,0.005432106088846922
cross_seed_stability.stratified[1].rows[4].geometry_response_cosine,0.9909352022498789
cross_seed_stability.stratified[1].rows[4].response_definition,"strict sparse-field central FD of mass-weighted shared-ray per-emitter [x,n]"
cross_seed_stability.stratified[1].rows[4].response_parameter,18
cross_seed_stability.stratified[1].rows[4].response_delta,0.001
cross_seed_stability.stratified[1].rows[4].sparse_point_basis_pairs_evaluated,1948672
cross_seed_stability.stratified[1].rows[4].seconds,14.918478219071403
cross_seed_stability.stratified[1].rows[5].seed,601
cross_seed_stability.stratified[1].rows[5].layout_digest,c6c2af36b285a9416aa6950f89f3ef5f17fcf2a3f4078e544022c38a71c9c3c9
cross_seed_stability.stratified[1].rows[5].source_mass,9.088634202953163
cross_seed_stability.stratified[1].rows[5].image_self_mse,7.515647303080186e-05
cross_seed_stability.stratified[1].rows[5].geometry_response_norm,0.0054339449852705
cross_seed_stability.stratified[1].rows[5].geometry_response_cosine,0.9900312213953476
cross_seed_stability.stratified[1].rows[5].response_definition,"strict sparse-field central FD of mass-weighted shared-ray per-emitter [x,n]"
cross_seed_stability.stratified[1].rows[5].response_parameter,18
cross_seed_stability.stratified[1].rows[5].response_delta,0.001
cross_seed_stability.stratified[1].rows[5].sparse_point_basis_pairs_evaluated,1948672
cross_seed_stability.stratified[1].rows[5].seconds,14.781766075873747
cross_seed_stability.stratified[1].rows[6].seed,701
cross_seed_stability.stratified[1].rows[6].layout_digest,f40934ff3f98ce3522d07f4024be9f6cb3b8e5381619d06a624069614209bf22
cross_seed_stability.stratified[1].rows[6].source_mass,9.088634202953163
cross_seed_stability.stratified[1].rows[6].image_self_mse,7.750446820864454e-05
cross_seed_stability.stratified[1].rows[6].geometry_response_norm,0.005465885158628225
cross_seed_stability.stratified[1].rows[6].geometry_response_cosine,0.9903562570916525
cross_seed_stability.stratified[1].rows[6].response_definition,"strict sparse-field central FD of mass-weighted shared-ray per-emitter [x,n]"
cross_seed_stability.stratified[1].rows[6].response_parameter,18
cross_seed_stability.stratified[1].rows[6].response_delta,0.001
cross_seed_stability.stratified[1].rows[6].sparse_point_basis_pairs_evaluated,1948672
cross_seed_stability.stratified[1].rows[6].seconds,14.905188457109034
cross_seed_stability.stratified[1].rows[7].seed,809
cross_seed_stability.stratified[1].rows[7].layout_digest,9de4a3ea9bab692a23d3fc586ebd349a016fb746ee3c93fc33802ff4a0b6feb1
cross_seed_stability.stratified[1].rows[7].source_mass,9.088634202953163
cross_seed_stability.stratified[1].rows[7].image_self_mse,7.480009662685916e-05
cross_seed_stability.stratified[1].rows[7].geometry_response_norm,0.005530922673642635
cross_seed_stability.stratified[1].rows[7].geometry_response_cosine,0.9912452640108875
cross_seed_stability.stratified[1].rows[7].response_definition,"strict sparse-field central FD of mass-weighted shared-ray per-emitter [x,n]"
cross_seed_stability.stratified[1].rows[7].response_parameter,18
cross_seed_stability.stratified[1].rows[7].response_delta,0.001
cross_seed_stability.stratified[1].rows[7].sparse_point_basis_pairs_evaluated,1948672
cross_seed_stability.stratified[1].rows[7].seconds,14.884596660966054
cross_seed_stability.stratified[1].source_mass_cv,0.0
cross_seed_stability.stratified[1].response_norm_cv,0.010499616988137466
cross_seed_stability.stratified[1].median_geometry_response_cosine,0.9903608586335146
cross_seed_stability.stratified[1].mean_image_self_mse,7.603719859616831e-05
cross_seed_stability.stratified[2].sampler,STRATIFIED_GEODESIC_POLAR
cross_seed_stability.stratified[2].radial_scheme,AREA_STRATIFIED
cross_seed_stability.stratified[2].eta_theta,0.25
cross_seed_stability.stratified[2].eta_r,0.25
cross_seed_stability.stratified[2].n_theta,32
cross_seed_stability.stratified[2].n_r,32
cross_seed_stability.stratified[2].m,1024
cross_seed_stability.stratified[2].n_emitters,1048576
cross_seed_stability.stratified[2].seeds[0],101
cross_seed_stability.stratified[2].seeds[1],211
cross_seed_stability.stratified[2].seeds[2],307
cross_seed_stability.stratified[2].seeds[3],401
cross_seed_stability.stratified[2].seeds[4],503
cross_seed_stability.stratified[2].seeds[5],601
cross_seed_stability.stratified[2].seeds[6],701
cross_seed_stability.stratified[2].seeds[7],809
cross_seed_stability.stratified[2].rows[0].seed,101
cross_seed_stability.stratified[2].rows[0].layout_digest,46f97f356736b771e08265ee8be37101185bbffe20664df63aeb30d519c3db0c
cross_seed_stability.stratified[2].rows[0].source_mass,9.08863420295316
cross_seed_stability.stratified[2].rows[0].image_self_mse,9.497030987404287e-06
cross_seed_stability.stratified[2].rows[0].geometry_response_norm,0.002727506449446082
cross_seed_stability.stratified[2].rows[0].geometry_response_cosine,0.9976107758585253
cross_seed_stability.stratified[2].rows[0].response_definition,"strict sparse-field central FD of mass-weighted shared-ray per-emitter [x,n]"
cross_seed_stability.stratified[2].rows[0].response_parameter,18
cross_seed_stability.stratified[2].rows[0].response_delta,0.001
cross_seed_stability.stratified[2].rows[0].sparse_point_basis_pairs_evaluated,7794688
cross_seed_stability.stratified[2].rows[0].seconds,56.589646227192134
cross_seed_stability.stratified[2].rows[1].seed,211
cross_seed_stability.stratified[2].rows[1].layout_digest,c43bf0a22af7cf71a8a25c26b6bf2c52af395f5593a0d9fab6b5704ddb81656c
cross_seed_stability.stratified[2].rows[1].source_mass,9.08863420295316
cross_seed_stability.stratified[2].rows[1].image_self_mse,9.259126272809226e-06
cross_seed_stability.stratified[2].rows[1].geometry_response_norm,0.0027522991877049208
cross_seed_stability.stratified[2].rows[1].geometry_response_cosine,0.9969845507886488
cross_seed_stability.stratified[2].rows[1].response_definition,"strict sparse-field central FD of mass-weighted shared-ray per-emitter [x,n]"
cross_seed_stability.stratified[2].rows[1].response_parameter,18
cross_seed_stability.stratified[2].rows[1].response_delta,0.001
cross_seed_stability.stratified[2].rows[1].sparse_point_basis_pairs_evaluated,7794688
cross_seed_stability.stratified[2].rows[1].seconds,56.43800061382353
cross_seed_stability.stratified[2].rows[2].seed,307
cross_seed_stability.stratified[2].rows[2].layout_digest,0dd3b43ffb490cb4fd9147d26ae19cbd557f3ad65876e589a89c45680c511e8a
cross_seed_stability.stratified[2].rows[2].source_mass,9.08863420295316
cross_seed_stability.stratified[2].rows[2].image_self_mse,9.624586709833238e-06
cross_seed_stability.stratified[2].rows[2].geometry_response_norm,0.002738134702667594
cross_seed_stability.stratified[2].rows[2].geometry_response_cosine,0.9975015588331279
cross_seed_stability.stratified[2].rows[2].response_definition,"strict sparse-field central FD of mass-weighted shared-ray per-emitter [x,n]"
cross_seed_stability.stratified[2].rows[2].response_parameter,18
cross_seed_stability.stratified[2].rows[2].response_delta,0.001
cross_seed_stability.stratified[2].rows[2].sparse_point_basis_pairs_evaluated,7794688
cross_seed_stability.stratified[2].rows[2].seconds,56.103242598008364
cross_seed_stability.stratified[2].rows[3].seed,401
cross_seed_stability.stratified[2].rows[3].layout_digest,c369647045057511bac8759040bb3101a9d26ef92f81b89029f0403ba96631a9
cross_seed_stability.stratified[2].rows[3].source_mass,9.08863420295316
cross_seed_stability.stratified[2].rows[3].image_self_mse,8.84730525285704e-06
cross_seed_stability.stratified[2].rows[3].geometry_response_norm,0.0027304787654429674
cross_seed_stability.stratified[2].rows[3].geometry_response_cosine,0.9971074388956095
cross_seed_stability.stratified[2].rows[3].response_definition,"strict sparse-field central FD of mass-weighted shared-ray per-emitter [x,n]"
cross_seed_stability.stratified[2].rows[3].response_parameter,18
cross_seed_stability.stratified[2].rows[3].response_delta,0.001
cross_seed_stability.stratified[2].rows[3].sparse_point_basis_pairs_evaluated,7794688
cross_seed_stability.stratified[2].rows[3].seconds,56.0839609389659
cross_seed_stability.stratified[2].rows[4].seed,503
cross_seed_stability.stratified[2].rows[4].layout_digest,a6139e6a714354a8992ae39aeafbb7b2a1749aff1e64b576f6cf113e634b7b88
cross_seed_stability.stratified[2].rows[4].source_mass,9.08863420295316
cross_seed_stability.stratified[2].rows[4].image_self_mse,1.0190372449869756e-05
cross_seed_stability.stratified[2].rows[4].geometry_response_norm,0.002728532999753952
cross_seed_stability.stratified[2].rows[4].geometry_response_cosine,0.9977726293866671
cross_seed_stability.stratified[2].rows[4].response_definition,"strict sparse-field central FD of mass-weighted shared-ray per-emitter [x,n]"
cross_seed_stability.stratified[2].rows[4].response_parameter,18
cross_seed_stability.stratified[2].rows[4].response_delta,0.001
cross_seed_stability.stratified[2].rows[4].sparse_point_basis_pairs_evaluated,7794688
cross_seed_stability.stratified[2].rows[4].seconds,56.1205812219996
cross_seed_stability.stratified[2].rows[5].seed,601
cross_seed_stability.stratified[2].rows[5].layout_digest,1d3bed28978e03769f1eddb5c0bfec191d16489672f5b84aa30e13c646d570d7
cross_seed_stability.stratified[2].rows[5].source_mass,9.08863420295316
cross_seed_stability.stratified[2].rows[5].image_self_mse,9.07528283278225e-06
cross_seed_stability.stratified[2].rows[5].geometry_response_norm,0.002709571737796068
cross_seed_stability.stratified[2].rows[5].geometry_response_cosine,0.9969054149704746
cross_seed_stability.stratified[2].rows[5].response_definition,"strict sparse-field central FD of mass-weighted shared-ray per-emitter [x,n]"
cross_seed_stability.stratified[2].rows[5].response_parameter,18
cross_seed_stability.stratified[2].rows[5].response_delta,0.001
cross_seed_stability.stratified[2].rows[5].sparse_point_basis_pairs_evaluated,7794688
cross_seed_stability.stratified[2].rows[5].seconds,56.20488697197288
cross_seed_stability.stratified[2].rows[6].seed,701
cross_seed_stability.stratified[2].rows[6].layout_digest,d30fa879ec65ce7b551dd8a246edc3fec3713d96bef13ec669a2bc67eded4bcc
cross_seed_stability.stratified[2].rows[6].source_mass,9.08863420295316
cross_seed_stability.stratified[2].rows[6].image_self_mse,1.0590155397949275e-05
cross_seed_stability.stratified[2].rows[6].geometry_response_norm,0.0027258526533842087
cross_seed_stability.stratified[2].rows[6].geometry_response_cosine,0.9974877708310267
cross_seed_stability.stratified[2].rows[6].response_definition,"strict sparse-field central FD of mass-weighted shared-ray per-emitter [x,n]"
cross_seed_stability.stratified[2].rows[6].response_parameter,18
cross_seed_stability.stratified[2].rows[6].response_delta,0.001
cross_seed_stability.stratified[2].rows[6].sparse_point_basis_pairs_evaluated,7794688
cross_seed_stability.stratified[2].rows[6].seconds,56.87543425988406
cross_seed_stability.stratified[2].rows[7].seed,809
cross_seed_stability.stratified[2].rows[7].layout_digest,0f1013c4d385f5516a19ba227828aaeafb31d3a967282d95dd31da1e55a49d8d
cross_seed_stability.stratified[2].rows[7].source_mass,9.08863420295316
cross_seed_stability.stratified[2].rows[7].image_self_mse,9.784551366465166e-06
cross_seed_stability.stratified[2].rows[7].geometry_response_norm,0.0027254458982497454
cross_seed_stability.stratified[2].rows[7].geometry_response_cosine,0.9974730114290159
cross_seed_stability.stratified[2].rows[7].response_definition,"strict sparse-field central FD of mass-weighted shared-ray per-emitter [x,n]"
cross_seed_stability.stratified[2].rows[7].response_parameter,18
cross_seed_stability.stratified[2].rows[7].response_delta,0.001
cross_seed_stability.stratified[2].rows[7].sparse_point_basis_pairs_evaluated,7794688
cross_seed_stability.stratified[2].rows[7].seconds,58.25808194000274
cross_seed_stability.stratified[2].source_mass_cv,0.0
cross_seed_stability.stratified[2].response_norm_cv,0.0041500645470863165
cross_seed_stability.stratified[2].median_geometry_response_cosine,0.9974803911300213
cross_seed_stability.stratified[2].mean_image_self_mse,9.60855140874628e-06
sparse_graph_scaling[0].mode,SHARED_RAY_INCREMENTAL
sparse_graph_scaling[0].charts,1024
sparse_graph_scaling[0].n_theta,8
sparse_graph_scaling[0].n_r,8
sparse_graph_scaling[0].m,64
sparse_graph_scaling[0].n_emitters,65536
sparse_graph_scaling[0].mapping_seconds,1706.1496973149478
sparse_graph_scaling[0].sparse_extraction_seconds,3.0584739281330258
sparse_graph_scaling[0].block_nnz,274213
sparse_graph_scaling[0].average_edges_per_emitter,4.1841583251953125
sparse_graph_scaling[0].p95_edges_per_emitter,8.0
sparse_graph_scaling[0].stored_edges_per_ray,33.4732666015625
sparse_graph_scaling[0].candidate_basis_union_per_ray_mean,7.43359375
sparse_graph_scaling[0].graph_bytes,7940112
sparse_graph_scaling[0].graph_mib,7.5722808837890625
sparse_graph_scaling[0].bytes_per_edge,28.956001356609644
sparse_graph_scaling[0].density,0.06537747383117676
sparse_graph_scaling[0].edge_index_dtype,int32
sparse_graph_scaling[0].derivative_dtype,float32
sparse_graph_scaling[0].graph_digest,62d614d283d97413995b681887bf4d42e2d61bc9062d9f84a079db41aa6dd993
sparse_graph_scaling[0].dense_point_by_lambda_tensor,False
sparse_graph_scaling[0].peak_cuda_allocated_mib,416.3017578125
sparse_graph_scaling[0].peak_cuda_reserved_mib,472.0
sparse_graph_scaling[0].weight_derivative_policy,FROZEN_ZERO
sparse_graph_scaling[1].mode,SHARED_RAY_INCREMENTAL
sparse_graph_scaling[1].charts,1024
sparse_graph_scaling[1].n_theta,16
sparse_graph_scaling[1].n_r,16
sparse_graph_scaling[1].m,256
sparse_graph_scaling[1].n_emitters,262144
sparse_graph_scaling[1].mapping_seconds,1726.672960245749
sparse_graph_scaling[1].sparse_extraction_seconds,5.269239690154791
sparse_graph_scaling[1].block_nnz,1096667
sparse_graph_scaling[1].average_edges_per_emitter,4.183452606201172
sparse_graph_scaling[1].p95_edges_per_emitter,8.0
sparse_graph_scaling[1].stored_edges_per_ray,66.93524169921875
sparse_graph_scaling[1].candidate_basis_union_per_ray_mean,7.43359375
sparse_graph_scaling[1].graph_bytes,31755256
sparse_graph_scaling[1].graph_mib,30.28417205810547
sparse_graph_scaling[1].bytes_per_edge,28.956151685060277
sparse_graph_scaling[1].density,0.06536644697189331
sparse_graph_scaling[1].edge_index_dtype,int32
sparse_graph_scaling[1].derivative_dtype,float32
sparse_graph_scaling[1].graph_digest,3766568b3a28497b58ea4d018884510346328ecdb7cb53996e80d537de63f5ba
sparse_graph_scaling[1].dense_point_by_lambda_tensor,False
sparse_graph_scaling[1].peak_cuda_allocated_mib,497.00244140625
sparse_graph_scaling[1].peak_cuda_reserved_mib,526.0
sparse_graph_scaling[1].weight_derivative_policy,FROZEN_ZERO
sparse_graph_scaling[2].mode,SHARED_RAY_INCREMENTAL
sparse_graph_scaling[2].charts,1024
sparse_graph_scaling[2].n_theta,32
sparse_graph_scaling[2].n_r,32
sparse_graph_scaling[2].m,1024
sparse_graph_scaling[2].n_emitters,1048576
sparse_graph_scaling[2].mapping_seconds,1719.137895717984
sparse_graph_scaling[2].sparse_extraction_seconds,6.6240270987618715
sparse_graph_scaling[2].block_nnz,4386490
sparse_graph_scaling[2].average_edges_per_emitter,4.183282852172852
sparse_graph_scaling[2].p95_edges_per_emitter,8.0
sparse_graph_scaling[2].stored_edges_per_ray,133.86505126953125
sparse_graph_scaling[2].candidate_basis_union_per_ray_mean,7.43359375
sparse_graph_scaling[2].graph_bytes,127016028
sparse_graph_scaling[2].graph_mib,121.13192367553711
sparse_graph_scaling[2].bytes_per_edge,28.956187749202666
sparse_graph_scaling[2].density,0.0653637945652008
sparse_graph_scaling[2].edge_index_dtype,int32
sparse_graph_scaling[2].derivative_dtype,float32
sparse_graph_scaling[2].graph_digest,091e025784f1c61d1cbfa323dc469c32e53dca92f74ac04f06f658ff9a7cc0ab
sparse_graph_scaling[2].dense_point_by_lambda_tensor,False
sparse_graph_scaling[2].peak_cuda_allocated_mib,708.54296875
sparse_graph_scaling[2].peak_cuda_reserved_mib,746.0
sparse_graph_scaling[2].weight_derivative_policy,FROZEN_ZERO
local_measure_fidelity.sobol.reference_cells,4096
local_measure_fidelity.sobol.mean_absolute_local_mass_error,8.003006223589182e-05
local_measure_fidelity.sobol.normalized_mean_absolute_error,0.3278031349182129
local_measure_fidelity.sobol.p90_local_mass_error,0.00015854835510253906
local_measure_fidelity.sobol.p95_local_mass_error,0.00018930435180664062
local_measure_fidelity.sobol.total_variation_distance,0.16390156745910645
local_measure_fidelity.sobol.thin_feature_region_mass_error,7.926383961830036e-05
local_measure_fidelity.sobol.high_curvature_region_mass_error,8.18157568573952e-05
local_measure_fidelity.sobol.silhouette_near_region_mass_error,8.003570572626785e-05
local_measure_fidelity.sobol.thin_feature_rule,top 18% reference points by world z
local_measure_fidelity.sobol.high_curvature_rule,top quartile eight-neighbor normal variation
local_measure_fidelity.sobol.silhouette_rule,min absolute normal-dot-four-view-direction <= 0.15
local_measure_fidelity.sobol.sampler_mass_sum,1.0000000000000002
local_measure_fidelity.stratified.reference_cells,4096
local_measure_fidelity.stratified.mean_absolute_local_mass_error,8.012319449335337e-05
local_measure_fidelity.stratified.normalized_mean_absolute_error,0.3281846046447754
local_measure_fidelity.stratified.p90_local_mass_error,0.00015926361083984375
local_measure_fidelity.stratified.p95_local_mass_error,0.00018954277038574224
local_measure_fidelity.stratified.total_variation_distance,0.1640923023223877
local_measure_fidelity.stratified.thin_feature_region_mass_error,7.871431386890773e-05
local_measure_fidelity.stratified.high_curvature_region_mass_error,8.097547106444837e-05
local_measure_fidelity.stratified.silhouette_near_region_mass_error,8.029960224677156e-05
local_measure_fidelity.stratified.thin_feature_rule,top 18% reference points by world z
local_measure_fidelity.stratified.high_curvature_rule,top quartile eight-neighbor normal variation
local_measure_fidelity.stratified.silhouette_rule,min absolute normal-dot-four-view-direction <= 0.15
local_measure_fidelity.stratified.sampler_mass_sum,1.0000000000000002
resolution_fidelity[0].resolution[0],256
resolution_fidelity[0].resolution[1],256
resolution_fidelity[0].sobol.k_geom,64
resolution_fidelity[0].sobol.k_chart,1024
resolution_fidelity[0].sobol.m,1024
resolution_fidelity[0].sobol.n_emitters,1048576
resolution_fidelity[0].sobol.seed,101
resolution_fidelity[0].sobol.resolution[0],256
resolution_fidelity[0].sobol.resolution[1],256
resolution_fidelity[0].sobol.views,4
resolution_fidelity[0].sobol.emitter_chunk_size,8192
resolution_fidelity[0].sobol.camera_block_size,4
resolution_fidelity[0].sobol.source_mass,9.088634202953163
resolution_fidelity[0].sobol.foreground_energy,136325.859375
resolution_fidelity[0].sobol.whole_image_mse,0.4919751286506653
resolution_fidelity[0].sobol.foreground_mse,2.01990323603166
resolution_fidelity[0].sobol.interior_gt8px_mse,0.0001204548073777308
resolution_fidelity[0].sobol.silhouette_0_8px_mse,1.3099215430484317
resolution_fidelity[0].sobol.total_image_energy,157508.1640625
resolution_fidelity[0].sobol.foreground_mean_brightness,0.7690816052731048
resolution_fidelity[0].sobol.edge_sharpness,0.09095059608068316
resolution_fidelity[0].sobol.reference_edge_sharpness,0.7208442552609092
resolution_fidelity[0].sobol.edge_sharpness_ratio,0.12617232559863245
resolution_fidelity[0].sobol.thin_feature_response_ratio,0.0397016778994536
resolution_fidelity[0].sobol.geodesic_construction_seconds,2.869531116448343
resolution_fidelity[0].sobol.sparse_geo_extraction_seconds,0.0
resolution_fidelity[0].sobol.source_evaluation_seconds,0.028996381908655167
resolution_fidelity[0].sobol.finite_transport_seconds,18.60863726120442
resolution_fidelity[0].sobol.detector_seconds,0.4584045489318669
resolution_fidelity[0].sobol.detector_seconds_per_view,0.11460113723296672
resolution_fidelity[0].sobol.runtime_seconds,22.66137161012739
resolution_fidelity[0].sobol.emitters_per_second,365417.19097921357
resolution_fidelity[0].sobol.packets_per_second,225395.54837496622
resolution_fidelity[0].sobol.interactions_per_second,41822320.09124715
resolution_fidelity[0].sobol.detector_writes_per_second,146396592.60880166
resolution_fidelity[0].sobol.attempted_packets,4194304
resolution_fidelity[0].sobol.interaction_evaluations,778256384
resolution_fidelity[0].sobol.detector_writes,67108864
resolution_fidelity[0].sobol.peak_cuda_allocated_mib,797.6982421875
resolution_fidelity[0].sobol.peak_cuda_reserved_mib,878.0
resolution_fidelity[0].sobol.cpu_rss_mib,5155.87109375
resolution_fidelity[0].sobol.mapping_residual_p95,4.320803971325277e-05
resolution_fidelity[0].sobol.image_digest,a04d76460d120f75bffe33c830d816fe0b3f99cab68022839b2a9795c681a156
resolution_fidelity[0].sobol.sampler,SOBOL_DISK_ENDPOINTS
resolution_fidelity[0].sobol.radial_scheme,AREA_SOBOL
resolution_fidelity[0].sobol.high_frequency_aliasing_error,0.8738276744013675
resolution_fidelity[0].sobol.coverage.angular_gap_p50_radians,0.006136718978977662
resolution_fidelity[0].sobol.coverage.angular_gap_p90_radians,0.009534574433295973
resolution_fidelity[0].sobol.coverage.angular_gap_p95_radians,0.010345756656577443
resolution_fidelity[0].sobol.coverage.largest_angular_gap_radians,0.012268288486316337
resolution_fidelity[0].sobol.coverage.sectors_with_zero_samples,0
resolution_fidelity[0].sobol.coverage.radial_gap_p50,0.0009757764637470315
resolution_fidelity[0].sobol.coverage.radial_gap_p90,0.0015075802803040772
resolution_fidelity[0].sobol.coverage.radial_gap_p95,0.0016396641731262207
resolution_fidelity[0].sobol.coverage.radial_stratum_occupancy_minimum,32
resolution_fidelity[0].sobol.coverage.radial_stratum_occupancy_maximum,32
resolution_fidelity[0].sobol.coverage.inner_mid_outer_sample_fractions[0],0.11112689971923828
resolution_fidelity[0].sobol.coverage.inner_mid_outer_sample_fractions[1],0.3333168029785156
resolution_fidelity[0].sobol.coverage.inner_mid_outer_sample_fractions[2],0.5555562973022461
resolution_fidelity[0].sobol.coverage.nearest_neighbor_distance_mean,0.036595924193329805
resolution_fidelity[0].sobol.coverage.nearest_neighbor_distance_p95,0.05325526665074748
resolution_fidelity[0].sobol.coverage.polar_cell_occupancy_variance_mean,0.0
resolution_fidelity[0].sobol.local_measure.reference_cells,4096
resolution_fidelity[0].sobol.local_measure.mean_absolute_local_mass_error,8.003006223589182e-05
resolution_fidelity[0].sobol.local_measure.normalized_mean_absolute_error,0.3278031349182129
resolution_fidelity[0].sobol.local_measure.p90_local_mass_error,0.00015854835510253906
resolution_fidelity[0].sobol.local_measure.p95_local_mass_error,0.00018930435180664062
resolution_fidelity[0].sobol.local_measure.total_variation_distance,0.16390156745910645
resolution_fidelity[0].sobol.local_measure.thin_feature_region_mass_error,7.926383961830036e-05
resolution_fidelity[0].sobol.local_measure.high_curvature_region_mass_error,8.18157568573952e-05
resolution_fidelity[0].sobol.local_measure.silhouette_near_region_mass_error,8.003570572626785e-05
resolution_fidelity[0].sobol.local_measure.thin_feature_rule,top 18% reference points by world z
resolution_fidelity[0].sobol.local_measure.high_curvature_rule,top quartile eight-neighbor normal variation
resolution_fidelity[0].sobol.local_measure.silhouette_rule,min absolute normal-dot-four-view-direction <= 0.15
resolution_fidelity[0].sobol.local_measure.sampler_mass_sum,1.0000000000000002
resolution_fidelity[0].stratified.sampler,STRATIFIED_GEODESIC_POLAR
resolution_fidelity[0].stratified.radial_scheme,AREA_STRATIFIED
resolution_fidelity[0].stratified.seed,101
resolution_fidelity[0].stratified.eta_theta,0.0
resolution_fidelity[0].stratified.eta_r,0.0
resolution_fidelity[0].stratified.n_theta,32
resolution_fidelity[0].stratified.n_r,32
resolution_fidelity[0].stratified.m,1024
resolution_fidelity[0].stratified.n_emitters,1048576
resolution_fidelity[0].stratified.resolution[0],256
resolution_fidelity[0].stratified.resolution[1],256
resolution_fidelity[0].stratified.views,4
resolution_fidelity[0].stratified.source_mass,9.088634202953163
resolution_fidelity[0].stratified.layout_digest,c619c6dff06e17da36a72cff5bcb2e6b2aaa26f92e9022b7c989cc3215adbd1d
resolution_fidelity[0].stratified.whole_image_mse,0.49437283476193744
resolution_fidelity[0].stratified.foreground_mse,2.030349917211071
resolution_fidelity[0].stratified.interior_gt8px_mse,0.013093939671913782
resolution_fidelity[0].stratified.silhouette_0_8px_mse,1.3163055668410273
resolution_fidelity[0].stratified.total_image_energy,157391.78515625
resolution_fidelity[0].stratified.foreground_mean_brightness,0.7687273921522583
resolution_fidelity[0].stratified.edge_sharpness,0.09159189754517699
resolution_fidelity[0].stratified.reference_edge_sharpness,0.7208442552609092
resolution_fidelity[0].stratified.edge_sharpness_ratio,0.12706197889032958
resolution_fidelity[0].stratified.thin_feature_response_ratio,0.039726349129038635
resolution_fidelity[0].stratified.high_frequency_aliasing_error,0.8729380211096704
resolution_fidelity[0].stratified.geodesic_construction_seconds,18.14518828317523
resolution_fidelity[0].stratified.source_evaluation_seconds,0.031129307812079787
resolution_fidelity[0].stratified.finite_transport_seconds,18.602884312625974
resolution_fidelity[0].stratified.detector_seconds,0.45602187141776085
resolution_fidelity[0].stratified.runtime_seconds,37.301237020874396
resolution_fidelity[0].stratified.attempted_packets,4194304
resolution_fidelity[0].stratified.interaction_evaluations,778354688
resolution_fidelity[0].stratified.detector_writes,67108864
resolution_fidelity[0].stratified.peak_cuda_allocated_mib,833.23046875
resolution_fidelity[0].stratified.peak_cuda_reserved_mib,898.0
resolution_fidelity[0].stratified.cpu_rss_mib,5180.18359375
resolution_fidelity[0].stratified.mapping_residual_p95,2.198117106359147e-05
resolution_fidelity[0].stratified.image_digest,758cd6fbb0fdb7f73525ff639e036656feffb68a6472f97d3349bcd5f97b78c9
resolution_fidelity[0].stratified.fixed_integration_steps_per_ray,32
resolution_fidelity[0].stratified.radial_stop_recording,linear interpolation at fixed-step crossings
resolution_fidelity[0].stratified.quadrature_mass_drift,0.0
resolution_fidelity[0].stratified.local_measure.reference_cells,4096
resolution_fidelity[0].stratified.local_measure.mean_absolute_local_mass_error,8.012319449335337e-05
resolution_fidelity[0].stratified.local_measure.normalized_mean_absolute_error,0.3281846046447754
resolution_fidelity[0].stratified.local_measure.p90_local_mass_error,0.00015926361083984375
resolution_fidelity[0].stratified.local_measure.p95_local_mass_error,0.00018954277038574224
resolution_fidelity[0].stratified.local_measure.total_variation_distance,0.1640923023223877
resolution_fidelity[0].stratified.local_measure.thin_feature_region_mass_error,7.871431386890773e-05
resolution_fidelity[0].stratified.local_measure.high_curvature_region_mass_error,8.097547106444837e-05
resolution_fidelity[0].stratified.local_measure.silhouette_near_region_mass_error,8.029960224677156e-05
resolution_fidelity[0].stratified.local_measure.thin_feature_rule,top 18% reference points by world z
resolution_fidelity[0].stratified.local_measure.high_curvature_rule,top quartile eight-neighbor normal variation
resolution_fidelity[0].stratified.local_measure.silhouette_rule,min absolute normal-dot-four-view-direction <= 0.15
resolution_fidelity[0].stratified.local_measure.sampler_mass_sum,1.0000000000000002
resolution_fidelity[0].stratified.coverage.angular_gap_p50_radians,0.19634954084936218
resolution_fidelity[0].stratified.coverage.angular_gap_p90_radians,0.1963495408493623
resolution_fidelity[0].stratified.coverage.angular_gap_p95_radians,0.1963495408493623
resolution_fidelity[0].stratified.coverage.largest_angular_gap_radians,0.1963495408493623
resolution_fidelity[0].stratified.coverage.sectors_with_zero_samples,0
resolution_fidelity[0].stratified.coverage.radial_gap_p50,0.03125
resolution_fidelity[0].stratified.coverage.radial_gap_p90,0.03125000000000011
resolution_fidelity[0].stratified.coverage.radial_gap_p95,0.03125000000000022
resolution_fidelity[0].stratified.coverage.radial_stratum_occupancy_minimum,32
resolution_fidelity[0].stratified.coverage.radial_stratum_occupancy_maximum,32
resolution_fidelity[0].stratified.coverage.inner_mid_outer_sample_fractions[0],0.125
resolution_fidelity[0].stratified.coverage.inner_mid_outer_sample_fractions[1],0.3125
resolution_fidelity[0].stratified.coverage.inner_mid_outer_sample_fractions[2],0.5625
resolution_fidelity[0].stratified.coverage.nearest_neighbor_distance_mean,0.024858460264714943
resolution_fidelity[0].stratified.coverage.nearest_neighbor_distance_p95,0.044281086116926154
resolution_fidelity[0].stratified.coverage.polar_cell_occupancy_variance_mean,0.0
resolution_fidelity[1].resolution[0],512
resolution_fidelity[1].resolution[1],512
resolution_fidelity[1].sobol.k_geom,64
resolution_fidelity[1].sobol.k_chart,1024
resolution_fidelity[1].sobol.m,1024
resolution_fidelity[1].sobol.n_emitters,1048576
resolution_fidelity[1].sobol.seed,101
resolution_fidelity[1].sobol.resolution[0],512
resolution_fidelity[1].sobol.resolution[1],512
resolution_fidelity[1].sobol.views,4
resolution_fidelity[1].sobol.emitter_chunk_size,8192
resolution_fidelity[1].sobol.camera_block_size,4
resolution_fidelity[1].sobol.source_mass,9.088634202953163
resolution_fidelity[1].sobol.foreground_energy,239638.15625
resolution_fidelity[1].sobol.whole_image_mse,2.104860266049703
resolution_fidelity[1].sobol.foreground_mse,21.433815847994953
resolution_fidelity[1].sobol.interior_gt8px_mse,0.0
resolution_fidelity[1].sobol.silhouette_0_8px_mse,6.571470648372022
resolution_fidelity[1].sobol.total_image_energy,649634.4453125
resolution_fidelity[1].sobol.foreground_mean_brightness,0.8262159350079126
resolution_fidelity[1].sobol.edge_sharpness,0.09943349562574713
resolution_fidelity[1].sobol.reference_edge_sharpness,1.0931831941213437
resolution_fidelity[1].sobol.edge_sharpness_ratio,0.0909577609319797
resolution_fidelity[1].sobol.thin_feature_response_ratio,0.011010062070696942
resolution_fidelity[1].sobol.geodesic_construction_seconds,2.8672221291344613
resolution_fidelity[1].sobol.sparse_geo_extraction_seconds,0.0
resolution_fidelity[1].sobol.source_evaluation_seconds,0.030713372165337205
resolution_fidelity[1].sobol.finite_transport_seconds,18.60435734130442
resolution_fidelity[1].sobol.detector_seconds,0.45721381693147123
resolution_fidelity[1].sobol.detector_seconds_per_view,0.11430345423286781
resolution_fidelity[1].sobol.runtime_seconds,22.641484760912135
resolution_fidelity[1].sobol.emitters_per_second,365711.46314238914
resolution_fidelity[1].sobol.packets_per_second,225447.40046935272
resolution_fidelity[1].sobol.interactions_per_second,41831941.28787001
resolution_fidelity[1].sobol.detector_writes_per_second,146777856.4750997
resolution_fidelity[1].sobol.attempted_packets,4194304
resolution_fidelity[1].sobol.interaction_evaluations,778256384
resolution_fidelity[1].sobol.detector_writes,67108864
resolution_fidelity[1].sobol.peak_cuda_allocated_mib,829.19873046875
resolution_fidelity[1].sobol.peak_cuda_reserved_mib,896.0
resolution_fidelity[1].sobol.cpu_rss_mib,5180.18359375
resolution_fidelity[1].sobol.mapping_residual_p95,4.320803971325277e-05
resolution_fidelity[1].sobol.image_digest,8da5afe0f33fa5b03376eb761cd994d464011d54204c29d7de7645e1645c2cd4
resolution_fidelity[1].sobol.sampler,SOBOL_DISK_ENDPOINTS
resolution_fidelity[1].sobol.radial_scheme,AREA_SOBOL
resolution_fidelity[1].sobol.high_frequency_aliasing_error,0.9090422390680203
resolution_fidelity[1].sobol.coverage.angular_gap_p50_radians,0.006136718978977662
resolution_fidelity[1].sobol.coverage.angular_gap_p90_radians,0.009534574433295973
resolution_fidelity[1].sobol.coverage.angular_gap_p95_radians,0.010345756656577443
resolution_fidelity[1].sobol.coverage.largest_angular_gap_radians,0.012268288486316337
resolution_fidelity[1].sobol.coverage.sectors_with_zero_samples,0
resolution_fidelity[1].sobol.coverage.radial_gap_p50,0.0009757764637470315
resolution_fidelity[1].sobol.coverage.radial_gap_p90,0.0015075802803040772
resolution_fidelity[1].sobol.coverage.radial_gap_p95,0.0016396641731262207
resolution_fidelity[1].sobol.coverage.radial_stratum_occupancy_minimum,32
resolution_fidelity[1].sobol.coverage.radial_stratum_occupancy_maximum,32
resolution_fidelity[1].sobol.coverage.inner_mid_outer_sample_fractions[0],0.11112689971923828
resolution_fidelity[1].sobol.coverage.inner_mid_outer_sample_fractions[1],0.3333168029785156
resolution_fidelity[1].sobol.coverage.inner_mid_outer_sample_fractions[2],0.5555562973022461
resolution_fidelity[1].sobol.coverage.nearest_neighbor_distance_mean,0.036595924193329805
resolution_fidelity[1].sobol.coverage.nearest_neighbor_distance_p95,0.05325526665074748
resolution_fidelity[1].sobol.coverage.polar_cell_occupancy_variance_mean,0.0
resolution_fidelity[1].stratified.sampler,STRATIFIED_GEODESIC_POLAR
resolution_fidelity[1].stratified.radial_scheme,AREA_STRATIFIED
resolution_fidelity[1].stratified.seed,101
resolution_fidelity[1].stratified.eta_theta,0.0
resolution_fidelity[1].stratified.eta_r,0.0
resolution_fidelity[1].stratified.n_theta,32
resolution_fidelity[1].stratified.n_r,32
resolution_fidelity[1].stratified.m,1024
resolution_fidelity[1].stratified.n_emitters,1048576
resolution_fidelity[1].stratified.resolution[0],512
resolution_fidelity[1].stratified.resolution[1],512
resolution_fidelity[1].stratified.views,4
resolution_fidelity[1].stratified.source_mass,9.088634202953163
resolution_fidelity[1].stratified.layout_digest,c619c6dff06e17da36a72cff5bcb2e6b2aaa26f92e9022b7c989cc3215adbd1d
resolution_fidelity[1].stratified.whole_image_mse,2.1249329646428428
resolution_fidelity[1].stratified.foreground_mse,21.581416376192497
resolution_fidelity[1].stratified.interior_gt8px_mse,0.0
resolution_fidelity[1].stratified.silhouette_0_8px_mse,6.634099679605522
resolution_fidelity[1].stratified.total_image_energy,674651.84375
resolution_fidelity[1].stratified.foreground_mean_brightness,0.8208364255472465
resolution_fidelity[1].stratified.edge_sharpness,0.17999644636511575
resolution_fidelity[1].stratified.reference_edge_sharpness,1.0931831941213437
resolution_fidelity[1].stratified.edge_sharpness_ratio,0.16465350668859266
resolution_fidelity[1].stratified.thin_feature_response_ratio,0.023223252769205335
resolution_fidelity[1].stratified.high_frequency_aliasing_error,0.8353464933114073
resolution_fidelity[1].stratified.geodesic_construction_seconds,18.19572338438593
resolution_fidelity[1].stratified.source_evaluation_seconds,0.026891791494563222
resolution_fidelity[1].stratified.finite_transport_seconds,18.157640226650983
resolution_fidelity[1].stratified.detector_seconds,0.4637417057529092
resolution_fidelity[1].stratified.runtime_seconds,36.88614400709048
resolution_fidelity[1].stratified.attempted_packets,4194304
resolution_fidelity[1].stratified.interaction_evaluations,778354688
resolution_fidelity[1].stratified.detector_writes,67108864
resolution_fidelity[1].stratified.peak_cuda_allocated_mib,854.23046875
resolution_fidelity[1].stratified.peak_cuda_reserved_mib,936.0
resolution_fidelity[1].stratified.cpu_rss_mib,5180.18359375
resolution_fidelity[1].stratified.mapping_residual_p95,2.198117106359147e-05
resolution_fidelity[1].stratified.image_digest,9c34273dd21f4e79e5e1a17417b5b373f795caafa91b637e60359a97ece68fe2
resolution_fidelity[1].stratified.fixed_integration_steps_per_ray,32
resolution_fidelity[1].stratified.radial_stop_recording,linear interpolation at fixed-step crossings
resolution_fidelity[1].stratified.quadrature_mass_drift,0.0
resolution_fidelity[1].stratified.coverage.angular_gap_p50_radians,0.19634954084936218
resolution_fidelity[1].stratified.coverage.angular_gap_p90_radians,0.1963495408493623
resolution_fidelity[1].stratified.coverage.angular_gap_p95_radians,0.1963495408493623
resolution_fidelity[1].stratified.coverage.largest_angular_gap_radians,0.1963495408493623
resolution_fidelity[1].stratified.coverage.sectors_with_zero_samples,0
resolution_fidelity[1].stratified.coverage.radial_gap_p50,0.03125
resolution_fidelity[1].stratified.coverage.radial_gap_p90,0.03125000000000011
resolution_fidelity[1].stratified.coverage.radial_gap_p95,0.03125000000000022
resolution_fidelity[1].stratified.coverage.radial_stratum_occupancy_minimum,32
resolution_fidelity[1].stratified.coverage.radial_stratum_occupancy_maximum,32
resolution_fidelity[1].stratified.coverage.inner_mid_outer_sample_fractions[0],0.125
resolution_fidelity[1].stratified.coverage.inner_mid_outer_sample_fractions[1],0.3125
resolution_fidelity[1].stratified.coverage.inner_mid_outer_sample_fractions[2],0.5625
resolution_fidelity[1].stratified.coverage.nearest_neighbor_distance_mean,0.024858460264714943
resolution_fidelity[1].stratified.coverage.nearest_neighbor_distance_p95,0.044281086116926154
resolution_fidelity[1].stratified.coverage.polar_cell_occupancy_variance_mean,0.0
resolution_fidelity[2].resolution[0],1080
resolution_fidelity[2].resolution[1],1920
resolution_fidelity[2].sobol.k_geom,64
resolution_fidelity[2].sobol.k_chart,1024
resolution_fidelity[2].sobol.m,1024
resolution_fidelity[2].sobol.n_emitters,1048576
resolution_fidelity[2].sobol.seed,101
resolution_fidelity[2].sobol.resolution[0],1080
resolution_fidelity[2].sobol.resolution[1],1920
resolution_fidelity[2].sobol.views,4
resolution_fidelity[2].sobol.emitter_chunk_size,8192
resolution_fidelity[2].sobol.camera_block_size,4
resolution_fidelity[2].sobol.source_mass,9.088634202953163
resolution_fidelity[2].sobol.foreground_energy,298877.09375
resolution_fidelity[2].sobol.whole_image_mse,17.353561921296297
resolution_fidelity[2].sobol.foreground_mse,1242.800501999241
resolution_fidelity[2].sobol.interior_gt8px_mse,0.0
resolution_fidelity[2].sobol.silhouette_0_8px_mse,99.33048790949212
resolution_fidelity[2].sobol.total_image_energy,6368612.125
resolution_fidelity[2].sobol.foreground_mean_brightness,0.8723027573475761
resolution_fidelity[2].sobol.edge_sharpness,0.3509713739832243
resolution_fidelity[2].sobol.reference_edge_sharpness,2.19512979735671
resolution_fidelity[2].sobol.edge_sharpness_ratio,0.15988638776889202
resolution_fidelity[2].sobol.thin_feature_response_ratio,0.005888710059123656
resolution_fidelity[2].sobol.geodesic_construction_seconds,2.9494244530797005
resolution_fidelity[2].sobol.sparse_geo_extraction_seconds,0.0
resolution_fidelity[2].sobol.source_evaluation_seconds,0.03001029114238918
resolution_fidelity[2].sobol.finite_transport_seconds,17.908151698298752
resolution_fidelity[2].sobol.detector_seconds,0.48598179989494383
resolution_fidelity[2].sobol.detector_seconds_per_view,0.12149544997373596
resolution_fidelity[2].sobol.runtime_seconds,22.062369416933507
resolution_fidelity[2].sobol.emitters_per_second,355518.8534851633
resolution_fidelity[2].sobol.packets_per_second,234211.99857260828
resolution_fidelity[2].sobol.interactions_per_second,43458219.31327135
resolution_fidelity[2].sobol.detector_writes_per_second,138089253.5780293
resolution_fidelity[2].sobol.attempted_packets,4194304
resolution_fidelity[2].sobol.interaction_evaluations,778256384
resolution_fidelity[2].sobol.detector_writes,67108864
resolution_fidelity[2].sobol.peak_cuda_allocated_mib,930.12060546875
resolution_fidelity[2].sobol.peak_cuda_reserved_mib,1016.0
resolution_fidelity[2].sobol.cpu_rss_mib,5180.18359375
resolution_fidelity[2].sobol.mapping_residual_p95,4.320803971325277e-05
resolution_fidelity[2].sobol.image_digest,ad5178962678a7c7bf54382d82dd3a5c50d871125d27506521861032bd9e6a3f
resolution_fidelity[2].sobol.sampler,SOBOL_DISK_ENDPOINTS
resolution_fidelity[2].sobol.radial_scheme,AREA_SOBOL
resolution_fidelity[2].sobol.high_frequency_aliasing_error,0.8401136122311079
resolution_fidelity[2].sobol.coverage.angular_gap_p50_radians,0.006136718978977662
resolution_fidelity[2].sobol.coverage.angular_gap_p90_radians,0.009534574433295973
resolution_fidelity[2].sobol.coverage.angular_gap_p95_radians,0.010345756656577443
resolution_fidelity[2].sobol.coverage.largest_angular_gap_radians,0.012268288486316337
resolution_fidelity[2].sobol.coverage.sectors_with_zero_samples,0
resolution_fidelity[2].sobol.coverage.radial_gap_p50,0.0009757764637470315
resolution_fidelity[2].sobol.coverage.radial_gap_p90,0.0015075802803040772
resolution_fidelity[2].sobol.coverage.radial_gap_p95,0.0016396641731262207
resolution_fidelity[2].sobol.coverage.radial_stratum_occupancy_minimum,32
resolution_fidelity[2].sobol.coverage.radial_stratum_occupancy_maximum,32
resolution_fidelity[2].sobol.coverage.inner_mid_outer_sample_fractions[0],0.11112689971923828
resolution_fidelity[2].sobol.coverage.inner_mid_outer_sample_fractions[1],0.3333168029785156
resolution_fidelity[2].sobol.coverage.inner_mid_outer_sample_fractions[2],0.5555562973022461
resolution_fidelity[2].sobol.coverage.nearest_neighbor_distance_mean,0.036595924193329805
resolution_fidelity[2].sobol.coverage.nearest_neighbor_distance_p95,0.05325526665074748
resolution_fidelity[2].sobol.coverage.polar_cell_occupancy_variance_mean,0.0
resolution_fidelity[2].stratified.sampler,STRATIFIED_GEODESIC_POLAR
resolution_fidelity[2].stratified.radial_scheme,AREA_STRATIFIED
resolution_fidelity[2].stratified.seed,101
resolution_fidelity[2].stratified.eta_theta,0.0
resolution_fidelity[2].stratified.eta_r,0.0
resolution_fidelity[2].stratified.n_theta,32
resolution_fidelity[2].stratified.n_r,32
resolution_fidelity[2].stratified.m,1024
resolution_fidelity[2].stratified.n_emitters,1048576
resolution_fidelity[2].stratified.resolution[0],1080
resolution_fidelity[2].stratified.resolution[1],1920
resolution_fidelity[2].stratified.views,4
resolution_fidelity[2].stratified.source_mass,9.088634202953163
resolution_fidelity[2].stratified.layout_digest,c619c6dff06e17da36a72cff5bcb2e6b2aaa26f92e9022b7c989cc3215adbd1d
resolution_fidelity[2].stratified.whole_image_mse,17.411538065843622
resolution_fidelity[2].stratified.foreground_mse,1243.99780521262
resolution_fidelity[2].stratified.interior_gt8px_mse,0.0
resolution_fidelity[2].stratified.silhouette_0_8px_mse,99.570552337324
resolution_fidelity[2].stratified.total_image_energy,7434953.625
resolution_fidelity[2].stratified.foreground_mean_brightness,0.8429537351698625
resolution_fidelity[2].stratified.edge_sharpness,0.4254151606002011
resolution_fidelity[2].stratified.reference_edge_sharpness,2.19512979735671
resolution_fidelity[2].stratified.edge_sharpness_ratio,0.19379954712129985
resolution_fidelity[2].stratified.thin_feature_response_ratio,0.006711763728922775
resolution_fidelity[2].stratified.high_frequency_aliasing_error,0.8062004528787001
resolution_fidelity[2].stratified.geodesic_construction_seconds,17.513551169075072
resolution_fidelity[2].stratified.source_evaluation_seconds,0.023533459985628724
resolution_fidelity[2].stratified.finite_transport_seconds,17.62378193694167
resolution_fidelity[2].stratified.detector_seconds,0.39681779011152685
resolution_fidelity[2].stratified.runtime_seconds,35.59946771804243
resolution_fidelity[2].stratified.attempted_packets,4194304
resolution_fidelity[2].stratified.interaction_evaluations,778354688
resolution_fidelity[2].stratified.detector_writes,67108864
resolution_fidelity[2].stratified.peak_cuda_allocated_mib,1029.07421875
resolution_fidelity[2].stratified.peak_cuda_reserved_mib,1116.0
resolution_fidelity[2].stratified.cpu_rss_mib,5180.18359375
resolution_fidelity[2].stratified.mapping_residual_p95,2.198117106359147e-05
resolution_fidelity[2].stratified.image_digest,8ab24967d1fcdadb4f2fd9c05ad72dce51f34f0053ac4d6eee5ef55d7f715b24
resolution_fidelity[2].stratified.fixed_integration_steps_per_ray,32
resolution_fidelity[2].stratified.radial_stop_recording,linear interpolation at fixed-step crossings
resolution_fidelity[2].stratified.quadrature_mass_drift,0.0
resolution_fidelity[2].stratified.coverage.angular_gap_p50_radians,0.19634954084936218
resolution_fidelity[2].stratified.coverage.angular_gap_p90_radians,0.1963495408493623
resolution_fidelity[2].stratified.coverage.angular_gap_p95_radians,0.1963495408493623
resolution_fidelity[2].stratified.coverage.largest_angular_gap_radians,0.1963495408493623
resolution_fidelity[2].stratified.coverage.sectors_with_zero_samples,0
resolution_fidelity[2].stratified.coverage.radial_gap_p50,0.03125
resolution_fidelity[2].stratified.coverage.radial_gap_p90,0.03125000000000011
resolution_fidelity[2].stratified.coverage.radial_gap_p95,0.03125000000000022
resolution_fidelity[2].stratified.coverage.radial_stratum_occupancy_minimum,32
resolution_fidelity[2].stratified.coverage.radial_stratum_occupancy_maximum,32
resolution_fidelity[2].stratified.coverage.inner_mid_outer_sample_fractions[0],0.125
resolution_fidelity[2].stratified.coverage.inner_mid_outer_sample_fractions[1],0.3125
resolution_fidelity[2].stratified.coverage.inner_mid_outer_sample_fractions[2],0.5625
resolution_fidelity[2].stratified.coverage.nearest_neighbor_distance_mean,0.024858460264714943
resolution_fidelity[2].stratified.coverage.nearest_neighbor_distance_p95,0.044281086116926154
resolution_fidelity[2].stratified.coverage.polar_cell_occupancy_variance_mean,0.0
chart_examples.sobol_xy[0][0],0.6164528773302993
chart_examples.sobol_xy[0][1],0.4840286322651626
chart_examples.sobol_xy[1][0],0.19306813426625263
chart_examples.sobol_xy[1][1],-0.34043288766858876
chart_examples.sobol_xy[2][0],-0.6088899837914962
chart_examples.sobol_xy[2][1],0.30530712918060704
chart_examples.sobol_xy[3][0],-0.5834078481958457
chart_examples.sobol_xy[3][1],-0.6776705057557519
chart_examples.sobol_xy[4][0],-0.08797417461346667
chart_examples.sobol_xy[4][1],0.9455890561528797
chart_examples.sobol_xy[5][0],-0.5668947403091992
chart_examples.sobol_xy[5][1],-0.20072576792488078
chart_examples.sobol_xy[6][0],0.056749751109358634
chart_examples.sobol_xy[6][1],0.2216216563404498
chart_examples.sobol_xy[7][0],0.8412058452526784
chart_examples.sobol_xy[7][1],-0.0864920928001537
chart_examples.sobol_xy[8][0],-0.7630247984297965
chart_examples.sobol_xy[8][1],0.2411842532816644
chart_examples.sobol_xy[9][0],-0.018526330072426354
chart_examples.sobol_xy[9][1],-0.3157189891746179
chart_examples.sobol_xy[10][0],0.5269728317834886
chart_examples.sobol_xy[10][1],0.07200720105042098
chart_examples.sobol_xy[11][0],0.27251403727220347
chart_examples.sobol_xy[11][1],-0.9335578847766639
chart_examples.sobol_xy[12][0],0.44570582398569986
chart_examples.sobol_xy[12][1],0.8039039676917805
chart_examples.sobol_xy[13][0],0.49085837955837497
chart_examples.sobol_xy[13][1],-0.3778074698205729
chart_examples.sobol_xy[14][0],-0.29640712942841213
chart_examples.sobol_xy[14][1],0.33826813591059807
chart_examples.sobol_xy[15][0],-0.6527951123609252
chart_examples.sobol_xy[15][1],-0.3345003392666748
chart_examples.sobol_xy[16][0],-0.3112337342803979
chart_examples.sobol_xy[16][1],0.656400384355049
chart_examples.sobol_xy[17][0],-0.37818174095844803
chart_examples.sobol_xy[17][1],-0.311338515906629
chart_examples.sobol_xy[18][0],0.4129912312581534
chart_examples.sobol_xy[18][1],0.5037061639944169
chart_examples.sobol_xy[19][0],0.7872713987129661
chart_examples.sobol_xy[19][1],-0.46871829561402495
chart_examples.sobol_xy[20][0],0.9587251628990672
chart_examples.sobol_xy[20][1],0.26090453680107206
chart_examples.sobol_xy[21][0],0.061649181996537045
chart_examples.sobol_xy[21][1],-0.5222903049545066
chart_examples.sobol_xy[22][0],-0.3004316745605928
chart_examples.sobol_xy[22][1],0.023155171684061743
chart_examples.sobol_xy[23][0],-0.26229653548924375
chart_examples.sobol_xy[23][1],-0.7798232741500085
chart_examples.sobol_xy[24][0],0.11314432655707478
chart_examples.sobol_xy[24][1],0.8441574788215103
chart_examples.sobol_xy[25][0],0.11631194256726834
chart_examples.sobol_xy[25][1],-0.033628946418557015
chart_examples.sobol_xy[26][0],-0.17259881139442654
chart_examples.sobol_xy[26][1],0.5396888725192255
chart_examples.sobol_xy[27][0],-0.9506879055975201
chart_examples.sobol_xy[27][1],-0.059010083624900046
chart_examples.sobol_xy[28][0],-0.6493720988861785
chart_examples.sobol_xy[28][1],0.5800806623623115
chart_examples.sobol_xy[29][0],-0.31854964749414394
chart_examples.sobol_xy[29][1],-0.6072822401374692
chart_examples.sobol_xy[30][0],0.35412960724680304
chart_examples.sobol_xy[30][1],0.19235087609855353
chart_examples.sobol_xy[31][0],0.45838749447655514
chart_examples.sobol_xy[31][1],-0.6063301876908769
chart_examples.sobol_xy[32][0],-0.666055786989255
chart_examples.sobol_xy[32][1],0.3669141556966213
chart_examples.sobol_xy[33][0],-0.25886014424874837
chart_examples.sobol_xy[33][1],-0.3384868169415941
chart_examples.sobol_xy[34][0],0.5293673653553232
chart_examples.sobol_xy[34][1],0.4669058438648903
chart_examples.sobol_xy[35][0],0.40326750091738645
chart_examples.sobol_xy[35][1],-0.7814738777609656
chart_examples.sobol_xy[36][0],0.28890982792924774
chart_examples.sobol_xy[36][1],0.9234401356046131
chart_examples.sobol_xy[37][0],0.5782915178338214
chart_examples.sobol_xy[37][1],-0.03200786259848971
chart_examples.sobol_xy[38][0],-0.017741151362866348
chart_examples.sobol_xy[38][1],0.12665471961395391
chart_examples.sobol_xy[39][0],-0.8270404999926771
chart_examples.sobol_xy[39][1],-0.24410089467399618
chart_examples.sobol_xy[40][0],0.812727285848384
chart_examples.sobol_xy[40][1],0.07788340202311445
chart_examples.sobol_xy[41][0],0.08630708623695763
chart_examples.sobol_xy[41][1],-0.2413301027282598
chart_examples.sobol_xy[42][0],-0.48902543891345196
chart_examples.sobol_xy[42][1],0.12355696711509856
chart_examples.sobol_xy[43][0],-0.09856772130294986
chart_examples.sobol_xy[43][1],-0.9859305414072169
chart_examples.sobol_xy[44][0],-0.5600839155624135
chart_examples.sobol_xy[44][1],0.7090903433808948
chart_examples.sobol_xy[45][0],-0.5624926588010604
chart_examples.sobol_xy[45][1],-0.3214403216918657
chart_examples.sobol_xy[46][0],0.21282567057749213
chart_examples.sobol_xy[46][1],0.4280929404594549
chart_examples.sobol_xy[47][0],0.5392919569032331
chart_examples.sobol_xy[47][1],-0.4614375176052726
chart_examples.sobol_xy[48][0],0.49515203236890637
chart_examples.sobol_xy[48][1],0.557477199999175
chart_examples.sobol_xy[49][0],0.40038403606642
chart_examples.sobol_xy[49][1],-0.2083783528201237
chart_examples.sobol_xy[50][0],-0.30275494764261196
chart_examples.sobol_xy[50][1],0.5533195613744146
chart_examples.sobol_xy[51][0],-0.744047792381869
chart_examples.sobol_xy[51][1],-0.5656622802245652
chart_examples.sobol_xy[52][0],-0.9718559615555948
chart_examples.sobol_xy[52][1],0.1272851472536536
chart_examples.sobol_xy[53][0],-0.15298148917265542
chart_examples.sobol_xy[53][1],-0.5359209361902011
chart_examples.sobol_xy[54][0],0.32816531472823496
chart_examples.sobol_xy[54][1],0.10616169672000297
chart_examples.sobol_xy[55][0],0.051950274834430994
chart_examples.sobol_xy[55][1],-0.7987113113031741
chart_examples.sobol_xy[56][0],-0.22057862656847343
chart_examples.sobol_xy[56][1],0.801699218153584
chart_examples.sobol_xy[57][0],-0.2014501174402982
chart_examples.sobol_xy[57][1],-0.024427418564334162
chart_examples.sobol_xy[58][0],0.04407206817640248
chart_examples.sobol_xy[58][1],0.5961519806139179
chart_examples.sobol_xy[59][0],0.8895081317772207
chart_examples.sobol_xy[59][1],-0.29647499308639025
chart_examples.sobol_xy[60][0],0.8041780904258055
chart_examples.sobol_xy[60][1],0.3843167492431146
chart_examples.sobol_xy[61][0],0.42433308486002247
chart_examples.sobol_xy[61][1],-0.5118383038094282
chart_examples.sobol_xy[62][0],-0.2777568207053759
chart_examples.sobol_xy[62][1],0.2262074951556802
chart_examples.sobol_xy[63][0],-0.3957009128372259
chart_examples.sobol_xy[63][1],-0.6690550211968258
chart_examples.sobol_xy[64][0],-0.14446973024540988
chart_examples.sobol_xy[64][1],0.76082085871395
chart_examples.sobol_xy[65][0],-0.36407255140149547
chart_examples.sobol_xy[65][1],-0.08880068503121885
chart_examples.sobol_xy[66][0],0.22990807119762638
chart_examples.sobol_xy[66][1],0.6265067341657122
chart_examples.sobol_xy[67][0],0.884885791372314
chart_examples.sobol_xy[67][1],-0.006651573348931377
chart_examples.sobol_xy[68][0],0.6729401031260027
chart_examples.sobol_xy[68][1],0.6561451271049538
chart_examples.sobol_xy[69][0],0.24326549916589385
chart_examples.sobol_xy[69][1],-0.5346014213545786
chart_examples.sobol_xy[70][0],-0.16496187751065208
chart_examples.sobol_xy[70][1],0.10193083712166795
chart_examples.sobol_xy[71][0],-0.4756884185145151
chart_examples.sobol_xy[71][1],-0.690064175346355
chart_examples.sobol_xy[72][0],0.3231343047825127
chart_examples.sobol_xy[72][1],0.7406552981818343
chart_examples.sobol_xy[73][0],0.24618331972713214
chart_examples.sobol_xy[73][1],-0.2326352385690293
chart_examples.sobol_xy[74][0],-0.3173616146590583
chart_examples.sobol_xy[74][1],0.4458923741111316
chart_examples.sobol_xy[75][0],-0.8275115076340913
chart_examples.sobol_xy[75][1],-0.5286695392887011
chart_examples.sobol_xy[76][0],-0.909843689098333
chart_examples.sobol_xy[76][1],0.1834800694352985
chart_examples.sobol_xy[77][0],-0.0931608810157483
chart_examples.sobol_xy[77][1],-0.6273937108234111
chart_examples.sobol_xy[78][0],0.4632201007808623
chart_examples.sobol_xy[78][1],0.02180518916675908
chart_examples.sobol_xy[79][0],0.28348101229086997
chart_examples.sobol_xy[79][1],-0.6872253744819079
chart_examples.sobol_xy[80][0],0.6715226458756987
chart_examples.sobol_xy[80][1],0.2532615721438299
chart_examples.sobol_xy[81][0],0.007810086624377272
chart_examples.sobol_xy[81][1],-0.47451199651415826
chart_examples.sobol_xy[82][0],-0.6283445920438419
chart_examples.sobol_xy[82][1],0.11303688425853459
chart_examples.sobol_xy[83][0],-0.20619652831577642
chart_examples.sobol_xy[83][1],-0.8823132738407936
chart_examples.sobol_xy[84][0],-0.5149782101397902
chart_examples.sobol_xy[84][1],0.8399354545319878
chart_examples.sobol_xy[85][0],-0.4191963176486787
chart_examples.sobol_xy[85][1],-0.2868230983355642
chart_examples.sobol_xy[86][0],0.19562305051700915
chart_examples.sobol_xy[86][1],0.19948786463400567
chart_examples.sobol_xy[87][0],0.7397943553109882
chart_examples.sobol_xy[87][1],-0.3391849686938488
chart_examples.sobol_xy[88][0],-0.693006605914674
chart_examples.sobol_xy[88][1],0.5096641342265932
chart_examples.sobol_xy[89][0],-0.09131224137303891
chart_examples.sobol_xy[89][1],-0.1381429361245906
chart_examples.sobol_xy[90][0],0.5376151866488343
chart_examples.sobol_xy[90][1],0.22505452604902199
chart_examples.sobol_xy[91][0],0.6496539327405187
chart_examples.sobol_xy[91][1],-0.7083790652381398
chart_examples.sobol_xy[92][0],0.022931088087952505
chart_examples.sobol_xy[92][1],0.8809771391297079
chart_examples.sobol_xy[93][0],0.6505232232635845
chart_examples.sobol_xy[93][1],-0.25247167980882457
chart_examples.sobol_xy[94][0],-0.09214242069850773
chart_examples.sobol_xy[94][1],0.410629156030204
chart_examples.sobol_xy[95][0],-0.7573892957553173
chart_examples.sobol_xy[95][1],-0.1293450531787018
chart_examples.sobol_xy[96][0],0.15071389197763593
chart_examples.sobol_xy[96][1],0.7368289429689958
chart_examples.sobol_xy[97][0],0.4039041241756797
chart_examples.sobol_xy[97][1],-0.06127708444014176
chart_examples.sobol_xy[98][0],-0.030413196626548657
chart_examples.sobol_xy[98][1],0.6933023221404593
chart_examples.sobol_xy[99][0],-0.8040949338776221
chart_examples.sobol_xy[99][1],-0.32904331923533375
chart_examples.sobol_xy[100][0],-0.8778667265442961
chart_examples.sobol_xy[100][1],0.3860188066131779
chart_examples.sobol_xy[101][0],-0.38792070307772974
chart_examples.sobol_xy[101][1],-0.40783134688144995
chart_examples.sobol_xy[102][0],0.04883108833203401
chart_examples.sobol_xy[102][1],0.034504576089714016
chart_examples.sobol_xy[103][0],0.4574857990827822
chart_examples.sobol_xy[103][1],-0.7208986438166761
chart_examples.sobol_xy[104][0],-0.5745598890258592
chart_examples.sobol_xy[104][1],0.5924820724775484
chart_examples.sobol_xy[105][0],-0.2552784910495119
chart_examples.sobol_xy[105][1],-0.11520717833045604
chart_examples.sobol_xy[106][0],0.2761015759116167
chart_examples.sobol_xy[106][1],0.4436060970320723
chart_examples.sobol_xy[107][0],0.8210039357494713
chart_examples.sobol_xy[107][1],-0.5694266521291844
chart_examples.sobol_xy[108][0],0.8982500930266039
chart_examples.sobol_xy[108][1],0.16783422118696179
chart_examples.sobol_xy[109][0],0.15440545284064278
chart_examples.sobol_xy[109][1],-0.6422999354307343
chart_examples.sobol_xy[110][0],-0.4624634835823119
chart_examples.sobol_xy[110][1],0.17147860561537118
chart_examples.sobol_xy[111][0],-0.007545685896407063
chart_examples.sobol_xy[111][1],-0.7185810450027876
chart_examples.sobol_xy[112][0],-0.7354659351382371
chart_examples.sobol_xy[112][1],0.02119910497149193
chart_examples.sobol_xy[113][0],-0.15939771579625453
chart_examples.sobol_xy[113][1],-0.4068710585390882
chart_examples.sobol_xy[114][0],0.6012558559156566
chart_examples.sobol_xy[114][1],0.13294394333552595
chart_examples.sobol_xy[115][0],0.15333840116179775
chart_examples.sobol_xy[115][1],-0.9129743354366388
chart_examples.sobol_xy[116][0],0.5774822733311094
chart_examples.sobol_xy[116][1],0.7802151923152815
chart_examples.sobol_xy[117][0],0.4512806757255123
chart_examples.sobol_xy[117][1],-0.30053093015726406
chart_examples.sobol_xy[118][0],-0.12371278651513787
chart_examples.sobol_xy[118][1],0.29828401445252856
chart_examples.sobol_xy[119][0],-0.5856049068978809
chart_examples.sobol_xy[119][1],-0.5339260686533024
chart_examples.sobol_xy[120][0],0.7165654685224128
chart_examples.sobol_xy[120][1],0.43654288253666784
chart_examples.sobol_xy[121][0],0.13287403535883402
chart_examples.sobol_xy[121][1],-0.19554695665013846
chart_examples.sobol_xy[122][0],-0.43532974904195104
chart_examples.sobol_xy[122][1],0.4295343231761271
chart_examples.sobol_xy[123][0],-0.39718352862986245
chart_examples.sobol_xy[123][1],-0.8601640163343897
chart_examples.sobol_xy[124][0],-0.31523805503062463
chart_examples.sobol_xy[124][1],0.8435298361949101
chart_examples.sobol_xy[125][0],-0.678651929492114
chart_examples.sobol_xy[125][1],-0.008867635815855618
chart_examples.sobol_xy[126][0],0.06773462631307624
chart_examples.sobol_xy[126][1],0.36942873213934674
chart_examples.sobol_xy[127][0],0.7654534010367019
chart_examples.sobol_xy[127][1],-0.18127731619903142
chart_examples.sobol_xy[128][0],-0.7588327306327874
chart_examples.sobol_xy[128][1],0.22163601015076995
chart_examples.sobol_xy[129][0],-0.05204382112066204
chart_examples.sobol_xy[129][1],-0.37933994644183383
chart_examples.sobol_xy[130][0],0.6733407538388163
chart_examples.sobol_xy[130][1],0.03963090319965945
chart_examples.sobol_xy[131][0],0.27087798354670406
chart_examples.sobol_xy[131][1],-0.8552806336041765
chart_examples.sobol_xy[132][0],0.4309134107304485
chart_examples.sobol_xy[132][1],0.8404721310178492
chart_examples.sobol_xy[133][0],0.45592164324794415
chart_examples.sobol_xy[133][1],-0.39999136270587654
chart_examples.sobol_xy[134][0],-0.1518492144507849
chart_examples.sobol_xy[134][1],0.197202605222113
chart_examples.sobol_xy[135][0],-0.7365411806508189
chart_examples.sobol_xy[135][1],-0.40892077115417086
chart_examples.sobol_xy[136][0],0.6017016854678353
chart_examples.sobol_xy[136][1],0.5177897012410543
chart_examples.sobol_xy[137][0],0.14578632174444678
chart_examples.sobol_xy[137][1],-0.2911737277463658
chart_examples.sobol_xy[138][0],-0.4703547771437174
chart_examples.sobol_xy[138][1],0.26660662987886036
chart_examples.sobol_xy[139][0],-0.59827578919236
chart_examples.sobol_xy[139][1],-0.7629115350964251
chart_examples.sobol_xy[140][0],-0.0944262629500536
chart_examples.sobol_xy[140][1],0.9199704034061488
chart_examples.sobol_xy[141][0],-0.5949430663506331
chart_examples.sobol_xy[141][1],-0.15198577002529695
chart_examples.sobol_xy[142][0],0.14665325387847203
chart_examples.sobol_xy[142][1],0.4143830227002639
chart_examples.sobol_xy[143][0],0.7337567504865586
chart_examples.sobol_xy[143][1],-0.06786459685960193
chart_examples.sobol_xy[144][0],0.04437648715019781
chart_examples.sobol_xy[144][1],0.7211867402905682
chart_examples.sobol_xy[145][0],0.47561861133200506
chart_examples.sobol_xy[145][1],-0.1520250503348375
chart_examples.sobol_xy[146][0],-0.18182922889427636
chart_examples.sobol_xy[146][1],0.6302131622186391
chart_examples.sobol_xy[147][0],-0.9026942837192758
chart_examples.sobol_xy[147][1],-0.12082238279417243
chart_examples.sobol_xy[148][0],-0.7949723250155862
chart_examples.sobol_xy[148][1],0.6002343264791358
chart_examples.sobol_xy[149][0],-0.24668567747341694
chart_examples.sobol_xy[149][1],-0.4544067839750097
chart_examples.sobol_xy[150][0],0.25672614647762404
chart_examples.sobol_xy[150][1],0.13447248117616223
chart_examples.sobol_xy[151][0],0.5521888875060126
chart_examples.sobol_xy[151][1],-0.6183984197933772
chart_examples.sobol_xy[152][0],-0.4377038232836794
chart_examples.sobol_xy[152][1],0.734192811977389
chart_examples.sobol_xy[153][0],-0.059076602789674144
chart_examples.sobol_xy[153][1],-0.048457039450000836
chart_examples.sobol_xy[154][0],0.35680122072222503
chart_examples.sobol_xy[154][1],0.4328629528750898
chart_examples.sobol_xy[155][0],0.8655856131842053
chart_examples.sobol_xy[155][1],-0.41065763987592463
chart_examples.sobol_xy[156][0],0.8220982473399345
chart_examples.sobol_xy[156][1],0.2770286800722019
chart_examples.sobol_xy[157][0],0.05336275552176095
chart_examples.sobol_xy[157][1],-0.6907204270167099
chart_examples.sobol_xy[158][0],-0.40782584632425617
chart_examples.sobol_xy[158][1],0.048360003971614156
chart_examples.sobol_xy[159][0],-0.1979777862313621
chart_examples.sobol_xy[159][1],-0.7270372377544762
chart_examples.sobol_xy[160][0],0.7635229699865201
chart_examples.sobol_xy[160][1],0.07588229014524744
chart_examples.sobol_xy[161][0],0.10234296009818802
chart_examples.sobol_xy[161][1],-0.4054155085145049
chart_examples.sobol_xy[162][0],-0.658618751107678
chart_examples.sobol_xy[162][1],0.2350905287339536
chart_examples.sobol_xy[163][0],-0.08396054394708127
chart_examples.sobol_xy[163][1],-0.8782778090264832
chart_examples.sobol_xy[164][0],-0.6252357404507751
chart_examples.sobol_xy[164][1],0.7315646526549482
chart_examples.sobol_xy[165][0],-0.523202726274116
chart_examples.sobol_xy[165][1],-0.2599941262102885
chart_examples.sobol_xy[166][0],0.0794055750231234
chart_examples.sobol_xy[166][1],0.13912794966113243
chart_examples.sobol_xy[167][0],0.6741661935499417
chart_examples.sobol_xy[167][1],-0.5323311731773349
chart_examples.sobol_xy[168][0],-0.7199217512283823
chart_examples.sobol_xy[168][1],0.37199898182897545
chart_examples.sobol_xy[169][0],-0.1775342963386503
chart_examples.sobol_xy[169][1],-0.20122235639960365
chart_examples.sobol_xy[170][0],0.4080737269072532
chart_examples.sobol_xy[170][1],0.31244359345306405
chart_examples.sobol_xy[171][0],0.476897072973208
chart_examples.sobol_xy[171][1],-0.8653451418214081
chart_examples.sobol_xy[172][0],0.2579649592141384
chart_examples.sobol_xy[172][1],0.8720592646970399
chart_examples.sobol_xy[173][0],0.636633183768815
chart_examples.sobol_xy[173][1],-0.08932610605017607
chart_examples.sobol_xy[174][0],-0.026175706734275276
chart_examples.sobol_xy[174][1],0.46796767085287344
chart_examples.sobol_xy[175][0],-0.6807963082902797
chart_examples.sobol_xy[175][1],-0.2131501889704673
chart_examples.sobol_xy[176][0],-0.23474699859738954
chart_examples.sobol_xy[176][1],0.7038362577194739
chart_examples.sobol_xy[177][0],-0.46054882728965213
chart_examples.sobol_xy[177][1],-0.03432053711660283
chart_examples.sobol_xy[178][0],0.07664987379350607
chart_examples.sobol_xy[178][1],0.630935307596979
chart_examples.sobol_xy[179][0],0.8959190268469597
chart_examples.sobol_xy[179][1],-0.24709418128605146
chart_examples.sobol_xy[180][0],0.8458994986338302
chart_examples.sobol_xy[180][1],0.5005011336680311
chart_examples.sobol_xy[181][0],0.3470786516973982
chart_examples.sobol_xy[181][1],-0.4256855794286497
chart_examples.sobol_xy[182][0],-0.2581389341150933
chart_examples.sobol_xy[182][1],0.21407599673341857
chart_examples.sobol_xy[183][0],-0.3483879823258916
chart_examples.sobol_xy[183][1],-0.7279934506754638
chart_examples.sobol_xy[184][0],0.504905799645076
chart_examples.sobol_xy[184][1],0.6643502706760445
chart_examples.sobol_xy[185][0],0.15710578412189016
chart_examples.sobol_xy[185][1],-0.08585269019357254
chart_examples.sobol_xy[186][0],-0.2732848194756408
chart_examples.sobol_xy[186][1],0.5253315695330787
chart_examples.sobol_xy[187][0],-0.7054601513083786
chart_examples.sobol_xy[187][1],-0.625884116623878
chart_examples.sobol_xy[188][0],-0.8861898814065678
chart_examples.sobol_xy[188][1],0.05743997331223976
chart_examples.sobol_xy[189][0],-0.2064335092914007
chart_examples.sobol_xy[189][1],-0.6394648817246024
chart_examples.sobol_xy[190][0],0.35253047399052967
chart_examples.sobol_xy[190][1],0.10055522097735718
chart_examples.sobol_xy[191][0],0.09964005453941842
chart_examples.sobol_xy[191][1],-0.7642813762179937
chart_examples.sobol_xy[192][0],0.4195931810643054
chart_examples.sobol_xy[192][1],0.6559582272288003
chart_examples.sobol_xy[193][0],0.2938148751524887
chart_examples.sobol_xy[193][1],-0.209199490223508
chart_examples.sobol_xy[194][0],-0.4560520809989257
chart_examples.sobol_xy[194][1],0.4820876032179281
chart_examples.sobol_xy[195][0],-0.8157071835769929
chart_examples.sobol_xy[195][1],-0.3560264371314216
chart_examples.sobol_xy[196][0],-0.8656916889631315
chart_examples.sobol_xy[196][1],0.35769047446506763
chart_examples.sobol_xy[197][0],-0.028146965278866794
chart_examples.sobol_xy[197][1],-0.5953203427490308
chart_examples.sobol_xy[198][0],0.20612554280692857
chart_examples.sobol_xy[198][1],0.03073544669719674
chart_examples.sobol_xy[199][0],0.16475572136850736
chart_examples.sobol_xy[199][1],-0.8160223806690309
chart_examples.sobol_xy[200][0],-0.005556032834490258
chart_examples.sobol_xy[200][1],0.8042150090130875
chart_examples.sobol_xy[201][0],-0.331300490359136
chart_examples.sobol_xy[201][1],-0.12149011203545945
chart_examples.sobol_xy[202][0],0.1305406889542968
chart_examples.sobol_xy[202][1],0.5365634498340565
chart_examples.sobol_xy[203][0],0.9599484745750224
chart_examples.sobol_xy[203][1],-0.18207562605147357
chart_examples.sobol_xy[204][0],0.7673757334592732
chart_examples.sobol_xy[204][1],0.5283688810547401
chart_examples.sobol_xy[205][0],0.3288834751749823
chart_examples.sobol_xy[205][1],-0.5324372880705975
chart_examples.sobol_xy[206][0],-0.4169800484309476
chart_examples.sobol_xy[206][1],0.1894579380021865
chart_examples.sobol_xy[207][0],-0.5230938535206632
chart_examples.sobol_xy[207][1],-0.5366730019191291
chart_examples.sobol_xy[208][0],-0.5240346226032906
chart_examples.sobol_xy[208][1],0.4804153019880985
chart_examples.sobol_xy[209][0],-0.18526566950647888
chart_examples.sobol_xy[209][1],-0.4432637408944531
chart_examples.sobol_xy[210][0],0.539134044749152
chart_examples.sobol_xy[210][1],0.3562437406023054
chart_examples.sobol_xy[211][0],0.5343861101390602
chart_examples.sobol_xy[211][1],-0.7274389147724081
chart_examples.sobol_xy[212][0],0.16641104463661677
chart_examples.sobol_xy[212][1],0.9756120456553707
chart_examples.sobol_xy[213][0],0.49063486600217926
chart_examples.sobol_xy[213][1],-0.10979094240983833
chart_examples.sobol_xy[214][0],-0.0939272165679227
chart_examples.sobol_xy[214][1],0.2421759323286035
chart_examples.sobol_xy[215][0],-0.817490804702053
chart_examples.sobol_xy[215][1],-0.020776241076963922
chart_examples.sobol_xy[216][0],0.8428425443696724
chart_examples.sobol_xy[216][1],0.1971718837937958
chart_examples.sobol_xy[217][0],0.02658242857462943
chart_examples.sobol_xy[217][1],-0.14724637721946113
chart_examples.sobol_xy[218][0],-0.573741358522519
chart_examples.sobol_xy[218][1],0.009558524276799261
chart_examples.sobol_xy[219][0],-0.34096107759608685
chart_examples.sobol_xy[219][1],-0.9024437480993724
chart_examples.sobol_xy[220][0],-0.365192801097993
chart_examples.sobol_xy[220][1],0.7961865412704109
chart_examples.sobol_xy[221][0],-0.5008363488461588
chart_examples.sobol_xy[221][1],-0.49166037530536383
chart_examples.sobol_xy[222][0],0.24435395816745298
chart_examples.sobol_xy[222][1],0.35698686913573696
chart_examples.sobol_xy[223][0],0.6515031158432103
chart_examples.sobol_xy[223][1],-0.3999496491860593
chart_examples.sobol_xy[224][0],-0.4309115366807747
chart_examples.sobol_xy[224][1],0.6215978915738659
chart_examples.sobol_xy[225][0],-0.3358446327401291
chart_examples.sobol_xy[225][1],-0.20874732616727493
chart_examples.sobol_xy[226][0],0.28380055340933696
chart_examples.sobol_xy[226][1],0.6291981282522239
chart_examples.sobol_xy[227][0],0.6277200810049292
chart_examples.sobol_xy[227][1],-0.608020530876728
chart_examples.sobol_xy[228][0],0.9556394864149175
chart_examples.sobol_xy[228][1],0.009889067850809998
chart_examples.sobol_xy[229][0],0.19843359916199643
chart_examples.sobol_xy[229][1],-0.5360504327966242
chart_examples.sobol_xy[230][0],-0.0927576391879378
chart_examples.sobol_xy[230][1],0.02228107629168959
chart_examples.sobol_xy[231][0],-0.15529368294123744
chart_examples.sobol_xy[231][1],-0.8337477234214178
chart_examples.sobol_xy[232][0],0.3113516451425699
chart_examples.sobol_xy[232][1],0.7604772083837418
chart_examples.sobol_xy[233][0],0.29726329174992167
chart_examples.sobol_xy[233][1],-0.013208748102764121
chart_examples.sobol_xy[234][0],-0.07926921815939127
chart_examples.sobol_xy[234][1],0.5219610106480504
chart_examples.sobol_xy[235][0],-0.9741961602905524
chart_examples.sobol_xy[235][1],-0.1998162788483049
chart_examples.sobol_xy[236][0],-0.7745547718197319
chart_examples.sobol_xy[236][1],0.4917608763190474
chart_examples.sobol_xy[237][0],-0.3769307991978048
chart_examples.sobol_xy[237][1],-0.5327739107798828
chart_examples.sobol_xy[238][0],0.3535393807248085
chart_examples.sobol_xy[238][1],0.33643463519482564
chart_examples.sobol_xy[239][0],0.2922295229333119
chart_examples.sobol_xy[239][1],-0.6634802444411999
chart_examples.sobol_xy[240][0],0.6619275994688724
chart_examples.sobol_xy[240][1],0.30614055495844394
chart_examples.sobol_xy[241][0],0.31158454552364
chart_examples.sobol_xy[241][1],-0.3156467718856908
chart_examples.sobol_xy[242][0],-0.5158954137950302
chart_examples.sobol_xy[242][1],0.35099587514898034
chart_examples.sobol_xy[243][0],-0.4800952407431926
chart_examples.sobol_xy[243][1],-0.7876986178153097
chart_examples.sobol_xy[244][0],-0.225281668213146
chart_examples.sobol_xy[244][1],0.9489951348393204
chart_examples.sobol_xy[245][0],-0.528814374663217
chart_examples.sobol_xy[245][1],-0.09704472337853505
chart_examples.sobol_xy[246][0],0.004177384460292482
chart_examples.sobol_xy[246][1],0.3065520095105008
chart_examples.sobol_xy[247][0],0.7462170208447457
chart_examples.sobol_xy[247][1],-0.2790264276802134
chart_examples.sobol_xy[248][0],-0.8327932916598879
chart_examples.sobol_xy[248][1],0.1393917519800464
chart_examples.sobol_xy[249][0],-0.04850338496180921
chart_examples.sobol_xy[249][1],-0.21955309956905958
chart_examples.sobol_xy[250][0],0.5613292081142012
chart_examples.sobol_xy[250][1],0.21956190383602198
chart_examples.sobol_xy[251][0],0.027245397176331915
chart_examples.sobol_xy[251][1],-0.9504719401682897
chart_examples.sobol_xy[252][0],0.6027430733099397
chart_examples.sobol_xy[252][1],0.6618670643261193
chart_examples.sobol_xy[253][0],0.630685267742531
chart_examples.sobol_xy[253][1],-0.261427135116432
chart_examples.sobol_xy[254][0],-0.21513627522725404
chart_examples.sobol_xy[254][1],0.3234815615154456
chart_examples.sobol_xy[255][0],-0.629237394691956
chart_examples.sobol_xy[255][1],-0.4655162626027063
chart_examples.stratified_xy[0][0],0.17568017263150854
chart_examples.stratified_xy[0][1],0.04442093211458334
chart_examples.stratified_xy[1][0],0.30258540728308486
chart_examples.stratified_xy[1][1],0.07650906550495257
chart_examples.stratified_xy[2][0],0.3872783501683733
chart_examples.stratified_xy[2][1],0.09792377275471614
chart_examples.stratified_xy[3][0],0.4526420878350754
chart_examples.stratified_xy[3][1],0.11445106840883743
chart_examples.stratified_xy[4][0],0.5008170850070204
chart_examples.stratified_xy[4][1],0.12663217141517294
chart_examples.stratified_xy[5][0],0.5708094179357126
chart_examples.stratified_xy[5][1],0.1443298126628747
chart_examples.stratified_xy[6][0],0.6219529793279223
chart_examples.stratified_xy[6][1],0.15726152051966624
chart_examples.stratified_xy[7][0],0.66344946962349
chart_examples.stratified_xy[7][1],0.16775395544161534
chart_examples.stratified_xy[8][0],0.7130343338742453
chart_examples.stratified_xy[8][1],0.18029154494759572
chart_examples.stratified_xy[9][0],0.7418246336211746
chart_examples.stratified_xy[9][1],0.18757120509057237
chart_examples.stratified_xy[10][0],0.7900298974060239
chart_examples.stratified_xy[10][1],0.19975996104451732
chart_examples.stratified_xy[11][0],0.8181546408541025
chart_examples.stratified_xy[11][1],0.2068713345178782
chart_examples.stratified_xy[12][0],0.8579331904475982
chart_examples.stratified_xy[12][1],0.21692938617300475
chart_examples.stratified_xy[13][0],0.8835847021779053
chart_examples.stratified_xy[13][1],0.22341540018437783
chart_examples.stratified_xy[14][0],0.9251863709135764
chart_examples.stratified_xy[14][1],0.2339344295949238
chart_examples.stratified_xy[15][0],0.9556054238420479
chart_examples.stratified_xy[15][1],0.24162592183838716
chart_examples.stratified_xy[16][0],0.1689399374157442
chart_examples.stratified_xy[16][1],0.09095172729609965
chart_examples.stratified_xy[17][0],0.2688299601467091
chart_examples.stratified_xy[17][1],0.14472924282027216
chart_examples.stratified_xy[18][0],0.33046697868713093
chart_examples.stratified_xy[18][1],0.17791259417808228
chart_examples.stratified_xy[19][0],0.4167599645834819
chart_examples.stratified_xy[19][1],0.2243699105525801
chart_examples.stratified_xy[20][0],0.4766175851192839
chart_examples.stratified_xy[20][1],0.256595292323429
chart_examples.stratified_xy[21][0],0.5173796226681057
chart_examples.stratified_xy[21][1],0.2785402378459926
chart_examples.stratified_xy[22][0],0.5612320812702563
chart_examples.stratified_xy[22][1],0.30214896481166625
chart_examples.stratified_xy[23][0],0.6019945625733923
chart_examples.stratified_xy[23][1],0.32409414923701385
chart_examples.stratified_xy[24][0],0.6453106305244695
chart_examples.stratified_xy[24][1],0.34741410105000975
chart_examples.stratified_xy[25][0],0.6865975764396494
chart_examples.stratified_xy[25][1],0.3696416400393565
chart_examples.stratified_xy[26][0],0.7138678593303653
chart_examples.stratified_xy[26][1],0.38432306688669915
chart_examples.stratified_xy[27][0],0.7431741173861717
chart_examples.stratified_xy[27][1],0.4001005960579182
chart_examples.stratified_xy[28][0],0.7760162904774518
chart_examples.stratified_xy[28][1],0.41778174603643736
chart_examples.stratified_xy[29][0],0.8027575834095698
chart_examples.stratified_xy[29][1],0.43217838202146075
chart_examples.stratified_xy[30][0],0.8361014402631636
chart_examples.stratified_xy[30][1],0.4501296221008573
chart_examples.stratified_xy[31][0],0.861916404713782
chart_examples.stratified_xy[31][1],0.46402755318090244
chart_examples.stratified_xy[32][0],0.09681794714394831
chart_examples.stratified_xy[32][1],0.1642623196147546
chart_examples.stratified_xy[33][0],0.14353608926220307
chart_examples.stratified_xy[33][1],0.2435247974797995
chart_examples.stratified_xy[34][0],0.19805126022554598
chart_examples.stratified_xy[34][1],0.33601579425046746
chart_examples.stratified_xy[35][0],0.24151566694098495
chart_examples.stratified_xy[35][1],0.4097579513439458
chart_examples.stratified_xy[36][0],0.2650841840993212
chart_examples.stratified_xy[36][1],0.4497445386711121
chart_examples.stratified_xy[37][0],0.29439018606182327
chart_examples.stratified_xy[37][1],0.499465401414028
chart_examples.stratified_xy[38][0],0.32264600614146405
chart_examples.stratified_xy[38][1],0.5474045148306572
chart_examples.stratified_xy[39][0],0.34941458902717654
chart_examples.stratified_xy[39][1],0.5928203664089748
chart_examples.stratified_xy[40][0],0.36709160125010365
chart_examples.stratified_xy[40][1],0.6228113661900302
chart_examples.stratified_xy[41][0],0.3935371120283645
chart_examples.stratified_xy[41][1],0.667679090325675
chart_examples.stratified_xy[42][0],0.4078031709606658
chart_examples.stratified_xy[42][1],0.6918830318582969
chart_examples.stratified_xy[43][0],0.43337980813967664
chart_examples.stratified_xy[43][1],0.7352766161564938
chart_examples.stratified_xy[44][0],0.4497052610916456
chart_examples.stratified_xy[44][1],0.7629745466513936
chart_examples.stratified_xy[45][0],0.4636753503710556
chart_examples.stratified_xy[45][1],0.78667634304302
chart_examples.stratified_xy[46][0],0.48689815648088375
chart_examples.stratified_xy[46][1],0.8260763934685107
chart_examples.stratified_xy[47][0],0.4983065963140944
chart_examples.stratified_xy[47][1],0.8454320692029108
chart_examples.stratified_xy[48][0],0.020086864614408464
chart_examples.stratified_xy[48][1],0.16500470671490447
chart_examples.stratified_xy[49][0],0.03793321387296624
chart_examples.stratified_xy[49][1],0.3116045709479615
chart_examples.stratified_xy[50][0],0.04728473492232457
chart_examples.stratified_xy[50][1],0.38842317941216103
chart_examples.stratified_xy[51][0],0.05752575145770231
chart_examples.stratified_xy[51][1],0.4725485997961054
chart_examples.stratified_xy[52][0],0.06473855138612837
chart_examples.stratified_xy[52][1],0.5317985603862477
chart_examples.stratified_xy[53][0],0.07061756691357604
chart_examples.stratified_xy[53][1],0.5800920721662315
chart_examples.stratified_xy[54][0],0.0770460370252578
chart_examples.stratified_xy[54][1],0.6328991102861931
chart_examples.stratified_xy[55][0],0.08140915251179554
chart_examples.stratified_xy[55][1],0.6687401738388893
chart_examples.stratified_xy[56][0],0.088561569020488
chart_examples.stratified_xy[56][1],0.7274941113485336
chart_examples.stratified_xy[57][0],0.09374673438036578
chart_examples.stratified_xy[57][1],0.7700879509496231
chart_examples.stratified_xy[58][0],0.09823513340365059
chart_examples.stratified_xy[58][1],0.8069581633333582
chart_examples.stratified_xy[59][0],0.10196321700028582
chart_examples.stratified_xy[59][1],0.8375827208379769
chart_examples.stratified_xy[60][0],0.10642486529196753
chart_examples.stratified_xy[60][1],0.8742331877956682
chart_examples.stratified_xy[61][0],0.11148213160536288
chart_examples.stratified_xy[61][1],0.9157763933103005
chart_examples.stratified_xy[62][0],0.11512125983437192
chart_examples.stratified_xy[62][1],0.9456702218222347
chart_examples.stratified_xy[63][0],0.11941362041541372
chart_examples.stratified_xy[63][1],0.9809300651270667
chart_examples.stratified_xy[64][0],-0.04877438898376384
chart_examples.stratified_xy[64][1],0.20752167126099888
chart_examples.stratified_xy[65][0],-0.06706531077776745
chart_examples.stratified_xy[65][1],0.28534453565114837
chart_examples.stratified_xy[66][0],-0.08809225932674418
chart_examples.stratified_xy[66][1],0.37480844479115294
chart_examples.stratified_xy[67][0],-0.10819556530265649
chart_examples.stratified_xy[67][1],0.4603425076654474
chart_examples.stratified_xy[68][0],-0.1182033043257722
chart_examples.stratified_xy[68][1],0.5029226972053353
chart_examples.stratified_xy[69][0],-0.13285094451850507
chart_examples.stratified_xy[69][1],0.565244395870542
chart_examples.stratified_xy[70][0],-0.1440751650195379
chart_examples.stratified_xy[70][1],0.6130003810403751
chart_examples.stratified_xy[71][0],-0.15588064913102007
chart_examples.stratified_xy[71][1],0.6632294837294005
chart_examples.stratified_xy[72][0],-0.16872350857970148
chart_examples.stratified_xy[72][1],0.7178723344568113
chart_examples.stratified_xy[73][0],-0.17713782121794402
chart_examples.stratified_xy[73][1],0.7536729309908223
chart_examples.stratified_xy[74][0],-0.18592869606062634
chart_examples.stratified_xy[74][1],0.7910756966063379
chart_examples.stratified_xy[75][0],-0.1934266254938696
chart_examples.stratified_xy[75][1],0.8229773334982247
chart_examples.stratified_xy[76][0],-0.20291647722353173
chart_examples.stratified_xy[76][1],0.863354054396033
chart_examples.stratified_xy[77][0],-0.21043967122492557
chart_examples.stratified_xy[77][1],0.8953631851082532
chart_examples.stratified_xy[78][0],-0.21683648463388916
chart_examples.stratified_xy[78][1],0.9225798747896921
chart_examples.stratified_xy[79][0],-0.22632851691957942
chart_examples.stratified_xy[79][1],0.9629658733563888
chart_examples.stratified_xy[80][0],-0.08218079520719275
chart_examples.stratified_xy[80][1],0.11523667403720896
chart_examples.stratified_xy[81][0],-0.1638820816616119
chart_examples.stratified_xy[81][1],0.22980096477973153
chart_examples.stratified_xy[82][0],-0.22990339068747784
chart_examples.stratified_xy[82][1],0.3223782639959561
chart_examples.stratified_xy[83][0],-0.2722545936380092
chart_examples.stratified_xy[83][1],0.3817645446615259
chart_examples.stratified_xy[84][0],-0.3138497467096503
chart_examples.stratified_xy[84][1],0.4400906667677889
chart_examples.stratified_xy[85][0],-0.3430164065110945
chart_examples.stratified_xy[85][1],0.48098913775263785
chart_examples.stratified_xy[86][0],-0.36688881232659004
chart_examples.stratified_xy[86][1],0.5144638278004589
chart_examples.stratified_xy[87][0],-0.4008329439020012
chart_examples.stratified_xy[87][1],0.5620614303299782
chart_examples.stratified_xy[88][0],-0.42742740008369573
chart_examples.stratified_xy[88][1],0.599353070919245
chart_examples.stratified_xy[89][0],-0.45190722289376223
chart_examples.stratified_xy[89][1],0.6336795014987993
chart_examples.stratified_xy[90][0],-0.4740518261989721
chart_examples.stratified_xy[90][1],0.664731408776309
chart_examples.stratified_xy[91][0],-0.49006078793039176
chart_examples.stratified_xy[91][1],0.6871797131528563
chart_examples.stratified_xy[92][0],-0.5087523555472081
chart_examples.stratified_xy[92][1],0.7133896576937068
chart_examples.stratified_xy[93][0],-0.5377220449610195
chart_examples.stratified_xy[93][1],0.7540119301786825
chart_examples.stratified_xy[94][0],-0.556954401691693
chart_examples.stratified_xy[94][1],0.7809801873968357
chart_examples.stratified_xy[95][0],-0.5747466333402066
chart_examples.stratified_xy[95][1],0.8059290528063884
chart_examples.stratified_xy[96][0],-0.14443296173906328
chart_examples.stratified_xy[96][1],0.08470922794290905
chart_examples.stratified_xy[97][0],-0.27768483766415564
chart_examples.stratified_xy[97][1],0.16286080356421007
chart_examples.stratified_xy[98][0],-0.3382414166821378
chart_examples.stratified_xy[98][1],0.19837694194226604
chart_examples.stratified_xy[99][0],-0.3907124846005155
chart_examples.stratified_xy[99][1],0.22915096747762678
chart_examples.stratified_xy[100][0],-0.45835005268114193
chart_examples.stratified_xy[100][1],0.26882007142079
chart_examples.stratified_xy[101][0],-0.49881565280893186
chart_examples.stratified_xy[101][1],0.29255294862415543
chart_examples.stratified_xy[102][0],-0.5560672561911265
chart_examples.stratified_xy[102][1],0.32613073490372385
chart_examples.stratified_xy[103][0],-0.5813000540464418
chart_examples.stratified_xy[103][1],0.34092964783486507
chart_examples.stratified_xy[104][0],-0.6222159489125361
chart_examples.stratified_xy[104][1],0.3649266207070393
chart_examples.stratified_xy[105][0],-0.6596720017955087
chart_examples.stratified_xy[105][1],0.38689441312299483
chart_examples.stratified_xy[106][0],-0.7029624448064482
chart_examples.stratified_xy[106][1],0.412284046906094
chart_examples.stratified_xy[107][0],-0.7251014620009912
chart_examples.stratified_xy[107][1],0.4252684725620093
chart_examples.stratified_xy[108][0],-0.7609809720440168
chart_examples.stratified_xy[108][1],0.44631163028805165
chart_examples.stratified_xy[109][0],-0.795744696111544
chart_examples.stratified_xy[109][1],0.46670038497896993
chart_examples.stratified_xy[110][0],-0.8281139104257639
chart_examples.stratified_xy[110][1],0.4856847713729141
chart_examples.stratified_xy[111][0],-0.8498388390174191
chart_examples.stratified_xy[111][1],0.4984263360819359
chart_examples.stratified_xy[112][0],-0.12376064388602266
chart_examples.stratified_xy[112][1],0.03583670850722972
chart_examples.stratified_xy[113][0],-0.29182502957820017
chart_examples.stratified_xy[113][1],0.08450221485385116
chart_examples.stratified_xy[114][0],-0.3817267296326704
chart_examples.stratified_xy[114][1],0.11053456987394583
chart_examples.stratified_xy[115][0],-0.4475437647454054
chart_examples.stratified_xy[115][1],0.12959285712976684
chart_examples.stratified_xy[116][0],-0.4999379370713597
chart_examples.stratified_xy[116][1],0.14476435771481544
chart_examples.stratified_xy[117][0],-0.5677759584972691
chart_examples.stratified_xy[117][1],0.16440785118101325
chart_examples.stratified_xy[118][0],-0.6202440494948211
chart_examples.stratified_xy[118][1],0.17960075600091482
chart_examples.stratified_xy[119][0],-0.6475052765648084
chart_examples.stratified_xy[119][1],0.18749464389112536
chart_examples.stratified_xy[120][0],-0.6903736926729037
chart_examples.stratified_xy[120][1],0.1999078221357963
chart_examples.stratified_xy[121][0],-0.7472425855592381
chart_examples.stratified_xy[121][1],0.21637504364906932
chart_examples.stratified_xy[122][0],-0.7861741928109555
chart_examples.stratified_xy[122][1],0.2276482611840608
chart_examples.stratified_xy[123][0],-0.8106922866412883
chart_examples.stratified_xy[123][1],0.2347478346361813
chart_examples.stratified_xy[124][0],-0.8422944675468507
chart_examples.stratified_xy[124][1],0.24389870933871088
chart_examples.stratified_xy[125][0],-0.8855596704562462
chart_examples.stratified_xy[125][1],0.256426783017756
chart_examples.stratified_xy[126][0],-0.9110619581345821
chart_examples.stratified_xy[126][1],0.263811344224772
chart_examples.stratified_xy[127][0],-0.9475654311331897
chart_examples.stratified_xy[127][1],0.2743814598954482
chart_examples.stratified_xy[128][0],-0.16911761506982276
chart_examples.stratified_xy[128][1],-0.0364423850221097
chart_examples.stratified_xy[129][0],-0.28998799030388084
chart_examples.stratified_xy[129][1],-0.06248819196083591
chart_examples.stratified_xy[130][0],-0.39445720176842686
chart_examples.stratified_xy[130][1],-0.08499978677947949
chart_examples.stratified_xy[131][0],-0.45076156289727654
chart_examples.stratified_xy[131][1],-0.09713255725305969
chart_examples.stratified_xy[132][0],-0.5216071629458954
chart_examples.stratified_xy[132][1],-0.11239875310751421
chart_examples.stratified_xy[133][0],-0.5744364770415166
chart_examples.stratified_xy[133][1],-0.12378270151485034
chart_examples.stratified_xy[134][0],-0.6233719703086085
chart_examples.stratified_xy[134][1],-0.1343275881971155
chart_examples.stratified_xy[135][0],-0.6627212612011942
chart_examples.stratified_xy[135][1],-0.1428067877675598
chart_examples.stratified_xy[136][0],-0.7224383501687084
chart_examples.stratified_xy[136][1],-0.15567495142783397
chart_examples.stratified_xy[137][0],-0.7438011168673914
chart_examples.stratified_xy[137][1],-0.16027831677714718
chart_examples.stratified_xy[138][0],-0.7935606467670887
chart_examples.stratified_xy[138][1],-0.17100077136223152
chart_examples.stratified_xy[139][0],-0.8306997645937733
chart_examples.stratified_xy[139][1],-0.17900371079975108
chart_examples.stratified_xy[140][0],-0.859596678819228
chart_examples.stratified_xy[140][1],-0.18523057530301482
chart_examples.stratified_xy[141][0],-0.9018036184211692
chart_examples.stratified_xy[141][1],-0.1943255565853835
chart_examples.stratified_xy[142][0],-0.9280815942108813
chart_examples.stratified_xy[142][1],-0.19998807796693796
chart_examples.stratified_xy[143][0],-0.9596304229333035
chart_examples.stratified_xy[143][1],-0.20678639145323224
chart_examples.stratified_xy[144][0],-0.16145615351744155
chart_examples.stratified_xy[144][1],-0.09349387280363358
chart_examples.stratified_xy[145][0],-0.2609667597143691
chart_examples.stratified_xy[145][1],-0.1511171454736528
chart_examples.stratified_xy[146][0],-0.34686640099487404
chart_examples.stratified_xy[146][1],-0.2008587623819839
chart_examples.stratified_xy[147][0],-0.40066336350631904
chart_examples.stratified_xy[147][1],-0.23201078886528265
chart_examples.stratified_xy[148][0],-0.4697910722991777
chart_examples.stratified_xy[148][1],-0.2720403391319312
chart_examples.stratified_xy[149][0],-0.5061700702342817
chart_examples.stratified_xy[149][1],-0.2931062033406982
chart_examples.stratified_xy[150][0],-0.5547821517928058
chart_examples.stratified_xy[150][1],-0.32125583821640785
chart_examples.stratified_xy[151][0],-0.5930060205729012
chart_examples.stratified_xy[151][1],-0.3433900055920909
chart_examples.stratified_xy[152][0],-0.6229280224490904
chart_examples.stratified_xy[152][1],-0.360716838769374
chart_examples.stratified_xy[153][0],-0.6708042949857305
chart_examples.stratified_xy[153][1],-0.3884403911849168
chart_examples.stratified_xy[154][0],-0.6977528076731846
chart_examples.stratified_xy[154][1],-0.40404537595978185
chart_examples.stratified_xy[155][0],-0.732343114678962
chart_examples.stratified_xy[155][1],-0.4240754689167989
chart_examples.stratified_xy[156][0],-0.7588260766010455
chart_examples.stratified_xy[156][1],-0.4394108687728303
chart_examples.stratified_xy[157][0],-0.7988189198366742
chart_examples.stratified_xy[157][1],-0.4625693902479725
chart_examples.stratified_xy[158][0],-0.8284536311888865
chart_examples.stratified_xy[158][1],-0.4797298630659802
chart_examples.stratified_xy[159][0],-0.8542314730298539
chart_examples.stratified_xy[159][1],-0.4946569514037514
chart_examples.stratified_xy[160][0],-0.08023232086083458
chart_examples.stratified_xy[160][1],-0.10251855816277279
chart_examples.stratified_xy[161][0],-0.1890084823543646
chart_examples.stratified_xy[161][1],-0.2415096171169363
chart_examples.stratified_xy[162][0],-0.24193673918346603
chart_examples.stratified_xy[162][1],-0.309139825466514
chart_examples.stratified_xy[163][0],-0.2830542108858524
chart_examples.stratified_xy[163][1],-0.36167855136899457
chart_examples.stratified_xy[164][0],-0.3349150183144393
chart_examples.stratified_xy[164][1],-0.4279448034939694
chart_examples.stratified_xy[165][0],-0.3658801593085884
chart_examples.stratified_xy[165][1],-0.467511172433158
chart_examples.stratified_xy[166][0],-0.3934548393178362
chart_examples.stratified_xy[166][1],-0.5027453075799063
chart_examples.stratified_xy[167][0],-0.4268354126415398
chart_examples.stratified_xy[167][1],-0.545398046664054
chart_examples.stratified_xy[168][0],-0.45056563689371454
chart_examples.stratified_xy[168][1],-0.5757198465211462
chart_examples.stratified_xy[169][0],-0.47918096517800146
chart_examples.stratified_xy[169][1],-0.6122836921831447
chart_examples.stratified_xy[170][0],-0.4943700107188284
chart_examples.stratified_xy[170][1],-0.6316918188832961
chart_examples.stratified_xy[171][0],-0.5200345836465818
chart_examples.stratified_xy[171][1],-0.6644852739919963
chart_examples.stratified_xy[172][0],-0.5449562710694672
chart_examples.stratified_xy[172][1],-0.6963294913119605
chart_examples.stratified_xy[173][0],-0.5670819488880147
chart_examples.stratified_xy[173][1],-0.7246010477619597
chart_examples.stratified_xy[174][0],-0.588238239167312
chart_examples.stratified_xy[174][1],-0.751633948620813
chart_examples.stratified_xy[175][0],-0.6052388742142314
chart_examples.stratified_xy[175][1],-0.7733568724271024
chart_examples.stratified_xy[176][0],-0.03293923521135511
chart_examples.stratified_xy[176][1],-0.190421790109793
chart_examples.stratified_xy[177][0],-0.05400033834977172
chart_examples.stratified_xy[177][1],-0.3121760729755268
chart_examples.stratified_xy[178][0],-0.06567598203123856
chart_examples.stratified_xy[178][1],-0.3796729943898581
chart_examples.stratified_xy[179][0],-0.07723045243446595
chart_examples.stratified_xy[179][1],-0.44646941282020164
chart_examples.stratified_xy[180][0],-0.0920208725158002
chart_examples.stratified_xy[180][1],-0.5319728633493929
chart_examples.stratified_xy[181][0],-0.10093489733100543
chart_examples.stratified_xy[181][1],-0.5835048601156488
chart_examples.stratified_xy[182][0],-0.1067240977197863
chart_examples.stratified_xy[182][1],-0.6169722401037531
chart_examples.stratified_xy[183][0],-0.11531829511638451
chart_examples.stratified_xy[183][1],-0.6666553138702319
chart_examples.stratified_xy[184][0],-0.12560565500098644
chart_examples.stratified_xy[184][1],-0.7261265636475878
chart_examples.stratified_xy[185][0],-0.1313421435615943
chart_examples.stratified_xy[185][1],-0.7592892164428394
chart_examples.stratified_xy[186][0],-0.13914319392492686
chart_examples.stratified_xy[186][1],-0.804387105491895
chart_examples.stratified_xy[187][0],-0.1445261298665144
chart_examples.stratified_xy[187][1],-0.8355058698307247
chart_examples.stratified_xy[188][0],-0.14949918446749622
chart_examples.stratified_xy[188][1],-0.8642551092516281
chart_examples.stratified_xy[189][0],-0.1557043801294214
chart_examples.stratified_xy[189][1],-0.9001273588149082
chart_examples.stratified_xy[190][0],-0.16361384891865047
chart_examples.stratified_xy[190][1],-0.9458520150189275
chart_examples.stratified_xy[191][0],-0.16862072677552542
chart_examples.stratified_xy[191][1],-0.974796786755417
chart_examples.stratified_xy[192][0],0.043409977575314986
chart_examples.stratified_xy[192][1],-0.1836574712305818
chart_examples.stratified_xy[193][0],0.06579305729903266
chart_examples.stratified_xy[193][1],-0.2783550511424431
chart_examples.stratified_xy[194][0],0.09383070344532907
chart_examples.stratified_xy[194][1],-0.396975780249081
chart_examples.stratified_xy[195][0],0.10931528835154239
chart_examples.stratified_xy[195][1],-0.4624874406040389
chart_examples.stratified_xy[196][0],0.12218346474251243
chart_examples.stratified_xy[196][1],-0.5169296879241236
chart_examples.stratified_xy[197][0],0.13732624660033627
chart_examples.stratified_xy[197][1],-0.5809952594526774
chart_examples.stratified_xy[198][0],0.1461195521890853
chart_examples.stratified_xy[198][1],-0.6181976806100136
chart_examples.stratified_xy[199][0],0.1582416989396912
chart_examples.stratified_xy[199][1],-0.669483650851295
chart_examples.stratified_xy[200][0],0.16730735748696943
chart_examples.stratified_xy[200][1],-0.7078383337336887
chart_examples.stratified_xy[201][0],0.17767076328395673
chart_examples.stratified_xy[201][1],-0.7516834819765976
chart_examples.stratified_xy[202][0],0.18539433076303322
chart_examples.stratified_xy[202][1],-0.7843600911645409
chart_examples.stratified_xy[203][0],0.19686105139481494
chart_examples.stratified_xy[203][1],-0.8328731066547428
chart_examples.stratified_xy[204][0],0.20316236313954578
chart_examples.stratified_xy[204][1],-0.8595324841783772
chart_examples.stratified_xy[205][0],0.2096701190067983
chart_examples.stratified_xy[205][1],-0.887065278543266
chart_examples.stratified_xy[206][0],0.21867431282562116
chart_examples.stratified_xy[206][1],-0.9251599185224263
chart_examples.stratified_xy[207][0],0.22730570323333177
chart_examples.stratified_xy[207][1],-0.9616773143845577
chart_examples.stratified_xy[208][0],0.11275743167910511
chart_examples.stratified_xy[208][1],-0.15846971928693368
chart_examples.stratified_xy[209][0],0.17732128223738108
chart_examples.stratified_xy[209][1],-0.2492079981009721
chart_examples.stratified_xy[210][0],0.22556258301333265
chart_examples.stratified_xy[210][1],-0.3170065039569566
chart_examples.stratified_xy[211][0],0.2730145340713598
chart_examples.stratified_xy[211][1],-0.3836956547455546
chart_examples.stratified_xy[212][0],0.30385974016064243
chart_examples.stratified_xy[212][1],-0.4270456235904199
chart_examples.stratified_xy[213][0],0.3382825038504734
chart_examples.stratified_xy[213][1],-0.47542350536527433
chart_examples.stratified_xy[214][0],0.37252669526984833
chart_examples.stratified_xy[214][1],-0.5235504209984723
chart_examples.stratified_xy[215][0],0.3993716362178915
chart_examples.stratified_xy[215][1],-0.5612784021431424
chart_examples.stratified_xy[216][0],0.4243960675452202
chart_examples.stratified_xy[216][1],-0.5964478322082277
chart_examples.stratified_xy[217][0],0.4431116674314859
chart_examples.stratified_xy[217][1],-0.6227508067979965
chart_examples.stratified_xy[218][0],0.47519663442769167
chart_examples.stratified_xy[218][1],-0.6678431402921574
chart_examples.stratified_xy[219][0],0.4952470700866039
chart_examples.stratified_xy[219][1],-0.6960220981056967
chart_examples.stratified_xy[220][0],0.5141264309863236
chart_examples.stratified_xy[220][1],-0.7225552230407309
chart_examples.stratified_xy[221][0],0.531007417511113
chart_examples.stratified_xy[221][1],-0.7462798251005136
chart_examples.stratified_xy[222][0],0.5504110349809217
chart_examples.stratified_xy[222][1],-0.7735497421942481
chart_examples.stratified_xy[223][0],0.5682468850215411
chart_examples.stratified_xy[223][1],-0.7986163130365543
chart_examples.stratified_xy[224][0],0.1364110148498053
chart_examples.stratified_xy[224][1],-0.09516069311621235
chart_examples.stratified_xy[225][0],0.24190039988011708
chart_examples.stratified_xy[225][1],-0.16875037358989142
chart_examples.stratified_xy[226][0],0.32573687396707235
chart_examples.stratified_xy[226][1],-0.22723492479213936
chart_examples.stratified_xy[227][0],0.37367202022191687
chart_examples.stratified_xy[227][1],-0.2606746125421387
chart_examples.stratified_xy[228][0],0.44164719641885086
chart_examples.stratified_xy[228][1],-0.30809427941228906
chart_examples.stratified_xy[229][0],0.4708222326946538
chart_examples.stratified_xy[229][1],-0.3284468636720931
chart_examples.stratified_xy[230][0],0.5196049733618383
chart_examples.stratified_xy[230][1],-0.3624778355779102
chart_examples.stratified_xy[231][0],0.5524354709750131
chart_examples.stratified_xy[231][1],-0.38538047955911453
chart_examples.stratified_xy[232][0],0.5956428503046611
chart_examples.stratified_xy[232][1],-0.415522064307762
chart_examples.stratified_xy[233][0],0.6319609404032713
chart_examples.stratified_xy[233][1],-0.4408576622449672
chart_examples.stratified_xy[234][0],0.6652747063150198
chart_examples.stratified_xy[234][1],-0.4640974354990825
chart_examples.stratified_xy[235][0],0.693274369469618
chart_examples.stratified_xy[235][1],-0.48363007628872645
chart_examples.stratified_xy[236][0],0.7211723279448753
chart_examples.stratified_xy[236][1],-0.5030917676188279
chart_examples.stratified_xy[237][0],0.7555197719823201
chart_examples.stratified_xy[237][1],-0.52705263753078
chart_examples.stratified_xy[238][0],0.774669820795595
chart_examples.stratified_xy[238][1],-0.5404117634069933
chart_examples.stratified_xy[239][0],0.8065685187539817
chart_examples.stratified_xy[239][1],-0.562664381427371
chart_examples.stratified_xy[240][0],0.1696701931537766
chart_examples.stratified_xy[240][1],-0.03541173665735773
chart_examples.stratified_xy[241][0],0.3133986370021989
chart_examples.stratified_xy[241][1],-0.06540919059506412
chart_examples.stratified_xy[242][0],0.3977044736042167
chart_examples.stratified_xy[242][1],-0.0830045974778931
chart_examples.stratified_xy[243][0],0.46407986854345823
chart_examples.stratified_xy[243][1],-0.09685775555136948
chart_examples.stratified_xy[244][0],0.5182163340374473
chart_examples.stratified_xy[244][1],-0.10815653599123017
chart_examples.stratified_xy[245][0],0.5799353559359924
chart_examples.stratified_xy[245][1],-0.12103786599737998
chart_examples.stratified_xy[246][0],0.6196778427689495
chart_examples.stratified_xy[246][1],-0.12933249012479914
chart_examples.stratified_xy[247][0],0.6781501395049615
chart_examples.stratified_xy[247][1],-0.1415361985975648
chart_examples.stratified_xy[248][0],0.70908806666595
chart_examples.stratified_xy[248][1],-0.1479932297884028
chart_examples.stratified_xy[249][0],0.7584501931273488
chart_examples.stratified_xy[249][1],-0.15829556156870547
chart_examples.stratified_xy[250][0],0.7869648010389162
chart_examples.stratified_xy[250][1],-0.16424682364652407
chart_examples.stratified_xy[251][0],0.8322832667572457
chart_examples.stratified_xy[251][1],-0.17370520607600892
chart_examples.stratified_xy[252][0],0.8648398292920635
chart_examples.stratified_xy[252][1],-0.18050006142167874
chart_examples.stratified_xy[253][0],0.9012455668815601
chart_examples.stratified_xy[253][1],-0.18809827515841734
chart_examples.stratified_xy[254][0],0.9344357270140647
chart_examples.stratified_xy[254][1],-0.1950253681756485
chart_examples.stratified_xy[255][0],0.9657991595416127
chart_examples.stratified_xy[255][1],-0.2015712062671378
chart_examples.n_theta,16
chart_examples.n_r,16
verdicts.STRATIFIED_GEODESIC_POLAR_IMPLEMENTED,True
verdicts.ANGULAR_COVERAGE_STRATIFIED,True
verdicts.RADIAL_COVERAGE_STRATIFIED,True
verdicts.SHARED_GEODESIC_RAY_REUSE_SUPPORTED,True
verdicts.SHARED_RAY_NUMERICALLY_EQUIVALENT,True
verdicts.SPARSE_GEODESIC_GRAPH_PRESERVED,True
verdicts.STRATIFIED_QUADRATURE_MASS_CONSERVED,True
verdicts.STRATIFICATION_IMPROVES_CROSS_SEED_DIRECTION,True
verdicts.STRATIFICATION_IMPROVES_LOCAL_MEASURE_MATCH,False
verdicts.STRATIFIED_SAMPLING_IMPROVES_THIN_FEATURE,True
verdicts.SHARED_RAY_MORE_EFFICIENT,True
verdicts.FULLHD_STRATIFIED_SOURCE_BETTER,False
verdicts.NO_DENSE_POINT_BY_LAMBDA_TENSOR,True
verdict_evidence.maximum_shared_ray_numeric_error,0.0
verdict_evidence.maximum_quadrature_mass_drift,0.0
verdict_evidence.angular_gap_bound_radians,0.5890486225480862
verdict_evidence.cross_seed_cosine_sobol_m1024,0.6120986033628202
verdict_evidence.cross_seed_cosine_stratified_m1024,0.9974803911300213
verdict_evidence.local_measure_mean_error_sobol,8.003006223589182e-05
verdict_evidence.local_measure_mean_error_stratified,8.012319449335337e-05
verdict_evidence.fullhd_thin_response_sobol,0.005888710059123656
verdict_evidence.fullhd_thin_response_stratified,0.006711763728922775
verdict_evidence.fullhd_metric_improvements[0],False
verdict_evidence.fullhd_metric_improvements[1],False
verdict_evidence.fullhd_metric_improvements[2],False
verdict_evidence.fullhd_metric_improvements[3],True
verdict_evidence.fullhd_metric_improvements[4],True
verdict_evidence.shared_ray_construction_speedup,16.08232147604639
BEST_N_THETA,32
BEST_N_R,32
BEST_RADIAL_SCHEME,AREA_STRATIFIED
BEST_JITTER_FRACTION,0.0
PRIMARY_LOCAL_SAMPLING_LIMIT,ANGULAR
exact_reproducibility.seeds[0],101
exact_reproducibility.seeds[1],211
exact_reproducibility.seeds[2],307
exact_reproducibility.seeds[3],401
exact_reproducibility.seeds[4],503
exact_reproducibility.seeds[5],601
exact_reproducibility.seeds[6],701
exact_reproducibility.seeds[7],809
exact_reproducibility.jitter_values[0],0.0
exact_reproducibility.jitter_values[1],0.1
exact_reproducibility.jitter_values[2],0.25
exact_reproducibility.jitter_values[3],0.4
exact_reproducibility.matched_factorizations.64[0],8
exact_reproducibility.matched_factorizations.64[1],8
exact_reproducibility.matched_factorizations.256[0],16
exact_reproducibility.matched_factorizations.256[1],16
exact_reproducibility.matched_factorizations.1024[0],32
exact_reproducibility.matched_factorizations.1024[1],32
exact_reproducibility.angular_radial_ablation[0][0],32
exact_reproducibility.angular_radial_ablation[0][1],8
exact_reproducibility.angular_radial_ablation[1][0],16
exact_reproducibility.angular_radial_ablation[1][1],16
exact_reproducibility.angular_radial_ablation[2][0],8
exact_reproducibility.angular_radial_ablation[2][1],32
exact_reproducibility.radial_schemes[0],AREA_STRATIFIED
exact_reproducibility.radial_schemes[1],DISTANCE_STRATIFIED
exact_reproducibility.center_digest,3ba8d7ee4b2937a7e0d8459df6d990c8396b4819f421742e306a244716643a79
exact_reproducibility.layout_digests.jitter_0.0,cea007e85733acc637e571c6066a4aa148017046fa2e38a7b3af72fe30f5178a
exact_reproducibility.layout_digests.jitter_0.1,42b6be4be1469dd4efe9cd23af2ca1b0199ccf713831481a7479a481afa05ff4
exact_reproducibility.layout_digests.jitter_0.25,61abef0f3887cbd63ddc91dc5f0102d1028fc514a11b0078239a6c32a4cce1d6
exact_reproducibility.layout_digests.jitter_0.4,fe2c07c9212e2f801eeaa159b544aaa476e78d683359c5675fa2266620b0a9f4
exact_reproducibility.graph_digests.65536,62d614d283d97413995b681887bf4d42e2d61bc9062d9f84a079db41aa6dd993
exact_reproducibility.graph_digests.262144,3766568b3a28497b58ea4d018884510346328ecdb7cb53996e80d537de63f5ba
exact_reproducibility.graph_digests.1048576,091e025784f1c61d1cbfa323dc469c32e53dca92f74ac04f06f658ff9a7cc0ab
exact_reproducibility.packet.h,0.02455721885871518
exact_reproducibility.packet.radius,0.02455721885871518
exact_reproducibility.packet.radius_over_h,1.0
exact_reproducibility.packet.epsilon,0.02455721885871518
exact_reproducibility.packet.epsilon_over_radius,1.0
exact_reproducibility.packet.path_step,0.01227860942935759
exact_reproducibility.packet.path_step_over_epsilon,0.5
exact_reproducibility.packet.kappa,4.605170185988091
exact_reproducibility.packet.target_crossing_transmission,0.01
limitations[0],local measure cells are nearest-neighbor cells of the frozen 4096-point historical reference
limitations[1],cross-seed response is the same fixed-parameter sparse-field FD proxy used for the v0.8.9 comparison
limitations[2],shared-ray performance uses a declared four-chart M=256 exact-Jacobian control
limitations[3],no geometry optimization or birth is run
figures[0],figures/v0810_sobol_vs_stratified_chart.png
figures[1],figures/v0810_angular_sector_coverage.png
figures[2],figures/v0810_radial_strata.png
figures[3],figures/v0810_shared_geodesic_rays.png
figures[4],figures/v0810_cross_seed_cosine.png
figures[5],figures/v0810_local_measure_error.png
figures[6],figures/v0810_thin_feature_comparison.png
figures[7],figures/v0810_angular_radial_ablation.png
figures[8],figures/v0810_jitter_ablation.png
figures[9],figures/v0810_geodesic_runtime.png
figures[10],figures/v0810_sparse_graph_scaling.png
figures[11],figures/v0810_fullhd_comparison.png
artifacts.json,artifacts/v0810_stratified_geodesic_polar.json
artifacts.csv,artifacts/v0810_stratified_geodesic_polar.csv
commands.formal,PYTHONPATH=src python demo.py --stratified-geodesic-polar --bunny-mesh data/stanford_bunny/cache/bun_zipper.ply --bunny-artifacts artifacts --bunny-figures figures
commands.compile,python -m compileall -q demo.py src/zlt
commands.regression,python demo.py --verify
runtime_seconds,7077.421509666834
