metric,value
version,0.8.13
starting_commit,fa141e346284d2a15117922046a66e588ca7d21a
seed_list[0],101
phase,PER_CHART_PLUS_RING
resolution[0],1080
resolution[1],1920
views,4
geometry_digest,c262097d30d246d7437b6ae3736508e68189236e524ef0748013219b3f7859ca
reference_digest,94115c06a4139a1cf9fc0b195d19255cc60fe80eb6f15ffd2daffc29604388bf
cells[0].E,1
cells[0].K_chart,1024
cells[0].N_theta,32
cells[0].N_r,32
cells[0].emitters_per_chart,1024
cells[0].total_emitters,1048576
cells[0].state_digest,b3109c226af37956bf233f54735631cbd5b02439ce35c22cd0e4786c44d0a370
cells[0].source_mass,9.088634202953163
cells[0].weight_sum,1.0
cells[0].maximum_chart_mass_difference,0.0
cells[0].runtime.mapping_seconds,0
cells[0].runtime.transport_seconds,0
cells[0].runtime.cache_reused,True
cells[0].C,1
cells[0].capture_grid,1
cells[0].capture_samples_per_pixel,1
cells[0].whole_image_mse,17.364102687757203
cells[0].foreground_mse,1244.1139888509472
cells[0].interior_gt8px_mse,
cells[0].silhouette_0_8px_mse,99.41327110673946
cells[0].total_image_energy,5448943.212818577
cells[0].foreground_mean_brightness,0.8385688803337419
cells[0].edge_sharpness,0.32797334798974226
cells[0].reference_edge_sharpness,2.19512979735671
cells[0].edge_sharpness_ratio,0.1494095467086616
cells[0].thin_feature_response_ratio,0.005510162130633116
cells[0].historical_squared_image_energy,6146082.875
cells[0].gradient_magnitude_ratio,0.05480337755412783
cells[0].gradient_cosine,0.00403452873876514
cells[0].reference_aligned_gradient_energy,4362.262575825546
cells[0].unmatched_gradient_energy,92903.51849346036
cells[0].excess_hf_weak_reference,0.04459261081855016
cells[0].gradient_squared_error,7.843289860616128
cells[0].weak_reference_pixels,2031747.0
cells[0].gradient_per_view[0].gradient_magnitude_ratio,0.05382846390135482
cells[0].gradient_per_view[0].gradient_cosine,0.0015481070593374177
cells[0].gradient_per_view[0].reference_aligned_gradient_energy,5281.22132743184
cells[0].gradient_per_view[0].unmatched_gradient_energy,110994.00723207864
cells[0].gradient_per_view[0].excess_hf_weak_reference,0.05332258447995776
cells[0].gradient_per_view[0].gradient_squared_error,9.702700385537284
cells[0].gradient_per_view[0].weak_reference_pixels,2028939
cells[0].gradient_per_view[1].gradient_magnitude_ratio,0.05401067084243562
cells[0].gradient_per_view[1].gradient_cosine,0.005035655477725905
cells[0].gradient_per_view[1].reference_aligned_gradient_energy,3712.2976151789308
cells[0].gradient_per_view[1].unmatched_gradient_energy,72581.08941248796
cells[0].gradient_per_view[1].excess_hf_weak_reference,0.034717679266702564
cells[0].gradient_per_view[1].gradient_squared_error,6.321239089217835
cells[0].gradient_per_view[1].weak_reference_pixels,2032827
cells[0].gradient_per_view[2].gradient_magnitude_ratio,0.055473523278453965
cells[0].gradient_per_view[2].gradient_cosine,0.0028637350184107296
cells[0].gradient_per_view[2].reference_aligned_gradient_energy,5215.513841592549
cells[0].gradient_per_view[2].unmatched_gradient_energy,118015.80564539823
cells[0].gradient_per_view[2].excess_hf_weak_reference,0.05684768986712235
cells[0].gradient_per_view[2].gradient_squared_error,9.682587768950924
cells[0].gradient_per_view[2].weak_reference_pixels,2026421
cells[0].gradient_per_view[3].gradient_magnitude_ratio,0.05590085219426691
cells[0].gradient_per_view[3].gradient_cosine,0.006690617399586507
cells[0].gradient_per_view[3].reference_aligned_gradient_energy,3240.0175190988616
cells[0].gradient_per_view[3].unmatched_gradient_energy,70023.17168387662
cells[0].gradient_per_view[3].excess_hf_weak_reference,0.03348248966041796
cells[0].gradient_per_view[3].gradient_squared_error,5.66663219875847
cells[0].gradient_per_view[3].weak_reference_pixels,2038801
cells[0].high_frequency_response,0.05480337755412783
cells[0].artifact_scores.spoke_anisotropy,0.5356766583731566
cells[0].artifact_scores.angular_lattice_fraction,0.034380420800887504
cells[0].artifact_scores.radial_banding_score,0.0013228230148107354
cells[0].artifact_scores.radial_banding_per_view[0],0.0011895324518163377
cells[0].artifact_scores.radial_banding_per_view[1],0.0013314099923459723
cells[0].artifact_scores.radial_banding_per_view[2],0.001350903099263783
cells[0].artifact_scores.radial_banding_per_view[3],0.0014194465158168484
cells[0].artifact_scores.scope,Fixed image-plane circles r=4..64px around all chart centers; geometry/overlap can also cause anisotropy or radial variation.
cells[0].foreground_pixel_center_density[0].view,0
cells[0].foreground_pixel_center_density[0].foreground_pixels,30547
cells[0].foreground_pixel_center_density[0].capture_locations,30547
cells[0].foreground_pixel_center_density[0].nearest_projected_distance_px.p50,0.3378114791351228
cells[0].foreground_pixel_center_density[0].nearest_projected_distance_px.p90,0.6882284212248284
cells[0].foreground_pixel_center_density[0].nearest_projected_distance_px.p95,0.8072271741465268
cells[0].foreground_pixel_center_density[0].nearest_projected_distance_px.p99,1.1180463675030563
cells[0].foreground_pixel_center_density[0].neighbors.0.5.mean,1.978852260451108
cells[0].foreground_pixel_center_density[0].neighbors.0.5.p50,1.0
cells[0].foreground_pixel_center_density[0].neighbors.0.5.p95,6.0
cells[0].foreground_pixel_center_density[0].neighbors.0.5.zero_fraction,0.258781549743019
cells[0].foreground_pixel_center_density[0].neighbors.0.5.weak_lt2_fraction,0.5543915932824828
cells[0].foreground_pixel_center_density[0].neighbors.1.0.mean,7.918813631453171
cells[0].foreground_pixel_center_density[0].neighbors.1.0.p50,5.0
cells[0].foreground_pixel_center_density[0].neighbors.1.0.p95,24.0
cells[0].foreground_pixel_center_density[0].neighbors.1.0.zero_fraction,0.017284839755131436
cells[0].foreground_pixel_center_density[0].neighbors.1.0.weak_lt2_fraction,0.055848364814875436
cells[0].foreground_pixel_center_density[0].neighbors.2.0.mean,31.27586997086457
cells[0].foreground_pixel_center_density[0].neighbors.2.0.p50,20.0
cells[0].foreground_pixel_center_density[0].neighbors.2.0.p95,90.0
cells[0].foreground_pixel_center_density[0].neighbors.2.0.zero_fraction,0.0006547287786034635
cells[0].foreground_pixel_center_density[0].neighbors.2.0.weak_lt2_fraction,0.0007202016564638099
cells[0].foreground_pixel_center_density[1].view,1
cells[0].foreground_pixel_center_density[1].foreground_pixels,27861
cells[0].foreground_pixel_center_density[1].capture_locations,27861
cells[0].foreground_pixel_center_density[1].nearest_projected_distance_px.p50,0.3291821585149095
cells[0].foreground_pixel_center_density[1].nearest_projected_distance_px.p90,0.6825747742327026
cells[0].foreground_pixel_center_density[1].nearest_projected_distance_px.p95,0.8067358896382059
cells[0].foreground_pixel_center_density[1].nearest_projected_distance_px.p99,1.1266237760249815
cells[0].foreground_pixel_center_density[1].neighbors.0.5.mean,2.130612684397545
cells[0].foreground_pixel_center_density[1].neighbors.0.5.p50,1.0
cells[0].foreground_pixel_center_density[1].neighbors.0.5.p95,7.0
cells[0].foreground_pixel_center_density[1].neighbors.0.5.zero_fraction,0.24898603783065934
cells[0].foreground_pixel_center_density[1].neighbors.0.5.weak_lt2_fraction,0.5344747137575823
cells[0].foreground_pixel_center_density[1].neighbors.1.0.mean,8.48286134740318
cells[0].foreground_pixel_center_density[1].neighbors.1.0.p50,5.0
cells[0].foreground_pixel_center_density[1].neighbors.1.0.p95,26.0
cells[0].foreground_pixel_center_density[1].neighbors.1.0.zero_fraction,0.01808980295036072
cells[0].foreground_pixel_center_density[1].neighbors.1.0.weak_lt2_fraction,0.05437708624959621
cells[0].foreground_pixel_center_density[1].neighbors.2.0.mean,33.469688812318296
cells[0].foreground_pixel_center_density[1].neighbors.2.0.p50,22.0
cells[0].foreground_pixel_center_density[1].neighbors.2.0.p95,98.0
cells[0].foreground_pixel_center_density[1].neighbors.2.0.zero_fraction,0.0007537417895983633
cells[0].foreground_pixel_center_density[1].neighbors.2.0.weak_lt2_fraction,0.0007896342557697139
cells[0].foreground_pixel_center_density[2].view,2
cells[0].foreground_pixel_center_density[2].foreground_pixels,32011
cells[0].foreground_pixel_center_density[2].capture_locations,32011
cells[0].foreground_pixel_center_density[2].nearest_projected_distance_px.p50,0.3573339419781472
cells[0].foreground_pixel_center_density[2].nearest_projected_distance_px.p90,0.7245729990063217
cells[0].foreground_pixel_center_density[2].nearest_projected_distance_px.p95,0.8507429513425513
cells[0].foreground_pixel_center_density[2].nearest_projected_distance_px.p99,1.158136635545051
cells[0].foreground_pixel_center_density[2].neighbors.0.5.mean,1.7710786916997283
cells[0].foreground_pixel_center_density[2].neighbors.0.5.p50,1.0
cells[0].foreground_pixel_center_density[2].neighbors.0.5.p95,6.0
cells[0].foreground_pixel_center_density[2].neighbors.0.5.zero_fraction,0.2888382118646715
cells[0].foreground_pixel_center_density[2].neighbors.0.5.weak_lt2_fraction,0.5934834900502952
cells[0].foreground_pixel_center_density[2].neighbors.1.0.mean,7.080441098372434
cells[0].foreground_pixel_center_density[2].neighbors.1.0.p50,5.0
cells[0].foreground_pixel_center_density[2].neighbors.1.0.p95,22.0
cells[0].foreground_pixel_center_density[2].neighbors.1.0.zero_fraction,0.022492268282777794
cells[0].foreground_pixel_center_density[2].neighbors.1.0.weak_lt2_fraction,0.07444316016369373
cells[0].foreground_pixel_center_density[2].neighbors.2.0.mean,27.878479272749992
cells[0].foreground_pixel_center_density[2].neighbors.2.0.p50,19.0
cells[0].foreground_pixel_center_density[2].neighbors.2.0.p95,81.0
cells[0].foreground_pixel_center_density[2].neighbors.2.0.zero_fraction,0.0004998281840617288
cells[0].foreground_pixel_center_density[2].neighbors.2.0.weak_lt2_fraction,0.000624785230077161
cells[0].foreground_pixel_center_density[3].view,3
cells[0].foreground_pixel_center_density[3].foreground_pixels,23791
cells[0].foreground_pixel_center_density[3].capture_locations,23791
cells[0].foreground_pixel_center_density[3].nearest_projected_distance_px.p50,0.32952204706594546
cells[0].foreground_pixel_center_density[3].nearest_projected_distance_px.p90,0.684922049587466
cells[0].foreground_pixel_center_density[3].nearest_projected_distance_px.p95,0.8094504440856094
cells[0].foreground_pixel_center_density[3].nearest_projected_distance_px.p99,1.1092957383971276
cells[0].foreground_pixel_center_density[3].neighbors.0.5.mean,2.1583371863309653
cells[0].foreground_pixel_center_density[3].neighbors.0.5.p50,1.0
cells[0].foreground_pixel_center_density[3].neighbors.0.5.p95,7.0
cells[0].foreground_pixel_center_density[3].neighbors.0.5.zero_fraction,0.24715228447732335
cells[0].foreground_pixel_center_density[3].neighbors.0.5.weak_lt2_fraction,0.525829095035938
cells[0].foreground_pixel_center_density[3].neighbors.1.0.mean,8.578201841032323
cells[0].foreground_pixel_center_density[3].neighbors.1.0.p50,6.0
cells[0].foreground_pixel_center_density[3].neighbors.1.0.p95,26.0
cells[0].foreground_pixel_center_density[3].neighbors.1.0.zero_fraction,0.017359505695431047
cells[0].foreground_pixel_center_density[3].neighbors.1.0.weak_lt2_fraction,0.05573536211172292
cells[0].foreground_pixel_center_density[3].neighbors.2.0.mean,33.86751292505569
cells[0].foreground_pixel_center_density[3].neighbors.2.0.p50,22.0
cells[0].foreground_pixel_center_density[3].neighbors.2.0.p95,100.0
cells[0].foreground_pixel_center_density[3].neighbors.2.0.zero_fraction,0.0008826867302761548
cells[0].foreground_pixel_center_density[3].neighbors.2.0.weak_lt2_fraction,0.0009247194317178765
cells[0].capture_location_density[0].view,0
cells[0].capture_location_density[0].foreground_pixels,30547
cells[0].capture_location_density[0].capture_locations,30547
cells[0].capture_location_density[0].nearest_projected_distance_px.p50,0.3378114791351228
cells[0].capture_location_density[0].nearest_projected_distance_px.p90,0.6882284212248284
cells[0].capture_location_density[0].nearest_projected_distance_px.p95,0.8072271741465268
cells[0].capture_location_density[0].nearest_projected_distance_px.p99,1.1180463675030563
cells[0].capture_location_density[0].neighbors.0.5.mean,1.978852260451108
cells[0].capture_location_density[0].neighbors.0.5.p50,1.0
cells[0].capture_location_density[0].neighbors.0.5.p95,6.0
cells[0].capture_location_density[0].neighbors.0.5.zero_fraction,0.258781549743019
cells[0].capture_location_density[0].neighbors.0.5.weak_lt2_fraction,0.5543915932824828
cells[0].capture_location_density[0].neighbors.1.0.mean,7.918813631453171
cells[0].capture_location_density[0].neighbors.1.0.p50,5.0
cells[0].capture_location_density[0].neighbors.1.0.p95,24.0
cells[0].capture_location_density[0].neighbors.1.0.zero_fraction,0.017284839755131436
cells[0].capture_location_density[0].neighbors.1.0.weak_lt2_fraction,0.055848364814875436
cells[0].capture_location_density[0].neighbors.2.0.mean,31.27586997086457
cells[0].capture_location_density[0].neighbors.2.0.p50,20.0
cells[0].capture_location_density[0].neighbors.2.0.p95,90.0
cells[0].capture_location_density[0].neighbors.2.0.zero_fraction,0.0006547287786034635
cells[0].capture_location_density[0].neighbors.2.0.weak_lt2_fraction,0.0007202016564638099
cells[0].capture_location_density[1].view,1
cells[0].capture_location_density[1].foreground_pixels,27861
cells[0].capture_location_density[1].capture_locations,27861
cells[0].capture_location_density[1].nearest_projected_distance_px.p50,0.3291821585149095
cells[0].capture_location_density[1].nearest_projected_distance_px.p90,0.6825747742327026
cells[0].capture_location_density[1].nearest_projected_distance_px.p95,0.8067358896382059
cells[0].capture_location_density[1].nearest_projected_distance_px.p99,1.1266237760249815
cells[0].capture_location_density[1].neighbors.0.5.mean,2.130612684397545
cells[0].capture_location_density[1].neighbors.0.5.p50,1.0
cells[0].capture_location_density[1].neighbors.0.5.p95,7.0
cells[0].capture_location_density[1].neighbors.0.5.zero_fraction,0.24898603783065934
cells[0].capture_location_density[1].neighbors.0.5.weak_lt2_fraction,0.5344747137575823
cells[0].capture_location_density[1].neighbors.1.0.mean,8.48286134740318
cells[0].capture_location_density[1].neighbors.1.0.p50,5.0
cells[0].capture_location_density[1].neighbors.1.0.p95,26.0
cells[0].capture_location_density[1].neighbors.1.0.zero_fraction,0.01808980295036072
cells[0].capture_location_density[1].neighbors.1.0.weak_lt2_fraction,0.05437708624959621
cells[0].capture_location_density[1].neighbors.2.0.mean,33.469688812318296
cells[0].capture_location_density[1].neighbors.2.0.p50,22.0
cells[0].capture_location_density[1].neighbors.2.0.p95,98.0
cells[0].capture_location_density[1].neighbors.2.0.zero_fraction,0.0007537417895983633
cells[0].capture_location_density[1].neighbors.2.0.weak_lt2_fraction,0.0007896342557697139
cells[0].capture_location_density[2].view,2
cells[0].capture_location_density[2].foreground_pixels,32011
cells[0].capture_location_density[2].capture_locations,32011
cells[0].capture_location_density[2].nearest_projected_distance_px.p50,0.3573339419781472
cells[0].capture_location_density[2].nearest_projected_distance_px.p90,0.7245729990063217
cells[0].capture_location_density[2].nearest_projected_distance_px.p95,0.8507429513425513
cells[0].capture_location_density[2].nearest_projected_distance_px.p99,1.158136635545051
cells[0].capture_location_density[2].neighbors.0.5.mean,1.7710786916997283
cells[0].capture_location_density[2].neighbors.0.5.p50,1.0
cells[0].capture_location_density[2].neighbors.0.5.p95,6.0
cells[0].capture_location_density[2].neighbors.0.5.zero_fraction,0.2888382118646715
cells[0].capture_location_density[2].neighbors.0.5.weak_lt2_fraction,0.5934834900502952
cells[0].capture_location_density[2].neighbors.1.0.mean,7.080441098372434
cells[0].capture_location_density[2].neighbors.1.0.p50,5.0
cells[0].capture_location_density[2].neighbors.1.0.p95,22.0
cells[0].capture_location_density[2].neighbors.1.0.zero_fraction,0.022492268282777794
cells[0].capture_location_density[2].neighbors.1.0.weak_lt2_fraction,0.07444316016369373
cells[0].capture_location_density[2].neighbors.2.0.mean,27.878479272749992
cells[0].capture_location_density[2].neighbors.2.0.p50,19.0
cells[0].capture_location_density[2].neighbors.2.0.p95,81.0
cells[0].capture_location_density[2].neighbors.2.0.zero_fraction,0.0004998281840617288
cells[0].capture_location_density[2].neighbors.2.0.weak_lt2_fraction,0.000624785230077161
cells[0].capture_location_density[3].view,3
cells[0].capture_location_density[3].foreground_pixels,23791
cells[0].capture_location_density[3].capture_locations,23791
cells[0].capture_location_density[3].nearest_projected_distance_px.p50,0.32952204706594546
cells[0].capture_location_density[3].nearest_projected_distance_px.p90,0.684922049587466
cells[0].capture_location_density[3].nearest_projected_distance_px.p95,0.8094504440856094
cells[0].capture_location_density[3].nearest_projected_distance_px.p99,1.1092957383971276
cells[0].capture_location_density[3].neighbors.0.5.mean,2.1583371863309653
cells[0].capture_location_density[3].neighbors.0.5.p50,1.0
cells[0].capture_location_density[3].neighbors.0.5.p95,7.0
cells[0].capture_location_density[3].neighbors.0.5.zero_fraction,0.24715228447732335
cells[0].capture_location_density[3].neighbors.0.5.weak_lt2_fraction,0.525829095035938
cells[0].capture_location_density[3].neighbors.1.0.mean,8.578201841032323
cells[0].capture_location_density[3].neighbors.1.0.p50,6.0
cells[0].capture_location_density[3].neighbors.1.0.p95,26.0
cells[0].capture_location_density[3].neighbors.1.0.zero_fraction,0.017359505695431047
cells[0].capture_location_density[3].neighbors.1.0.weak_lt2_fraction,0.05573536211172292
cells[0].capture_location_density[3].neighbors.2.0.mean,33.86751292505569
cells[0].capture_location_density[3].neighbors.2.0.p50,22.0
cells[0].capture_location_density[3].neighbors.2.0.p95,100.0
cells[0].capture_location_density[3].neighbors.2.0.zero_fraction,0.0008826867302761548
cells[0].capture_location_density[3].neighbors.2.0.weak_lt2_fraction,0.0009247194317178765
cells[0].energy_accounting[0].view,0
cells[0].energy_accounting[0].input_energy,0.5036518700335814
cells[0].energy_accounting[0].detected_energy,0.5036519150958582
cells[0].energy_accounting[0].relative_energy_difference,8.94710800853319e-08
cells[0].energy_accounting[0].projected_count_sum,1048576.0919768189
cells[0].energy_accounting[1].view,1
cells[0].energy_accounting[1].input_energy,0.38898949675572836
cells[0].energy_accounting[1].detected_energy,0.3889895318941962
cells[0].energy_accounting[1].relative_energy_difference,9.03326906014055e-08
cells[0].energy_accounting[1].projected_count_sum,1048576.0923586723
cells[0].energy_accounting[2].view,2
cells[0].energy_accounting[2].input_energy,0.5155399893884589
cells[0].energy_accounting[2].detected_energy,0.5155400366702821
cells[0].energy_accounting[2].relative_energy_difference,9.171320209421889e-08
cells[0].energy_accounting[2].projected_count_sum,1048576.0952140384
cells[0].energy_accounting[3].view,3
cells[0].energy_accounting[3].input_energy,0.34366494077985876
cells[0].energy_accounting[3].detected_energy,0.343664971084433
cells[0].energy_accounting[3].relative_energy_difference,8.818058126658715e-08
cells[0].energy_accounting[3].projected_count_sum,1048576.0909956272
cells[0].readout_seconds,1.070474050939083
cells[0].cuda_allocated_peak_mib,457.75537109375
cells[0].cuda_reserved_peak_mib,548.0
cells[0].cpu_rss_peak_mib,2027.65234375
cells[0].cell_analysis_seconds,10.497336397180334
cells[1].E,1
cells[1].K_chart,1024
cells[1].N_theta,32
cells[1].N_r,32
cells[1].emitters_per_chart,1024
cells[1].total_emitters,1048576
cells[1].state_digest,b3109c226af37956bf233f54735631cbd5b02439ce35c22cd0e4786c44d0a370
cells[1].source_mass,9.088634202953163
cells[1].weight_sum,1.0
cells[1].maximum_chart_mass_difference,0.0
cells[1].runtime.mapping_seconds,0
cells[1].runtime.transport_seconds,0
cells[1].runtime.cache_reused,True
cells[1].C,2
cells[1].capture_grid,2
cells[1].capture_samples_per_pixel,4
cells[1].whole_image_mse,17.355012538580247
cells[1].foreground_mse,1244.1127747132475
cells[1].interior_gt8px_mse,
cells[1].silhouette_0_8px_mse,99.3834064111982
cells[1].total_image_energy,5448943.163635143
cells[1].foreground_mean_brightness,0.8384744476549048
cells[1].edge_sharpness,0.28887007597708364
cells[1].reference_edge_sharpness,2.19512979735671
cells[1].edge_sharpness_ratio,0.13159589757513646
cells[1].thin_feature_response_ratio,0.004843640393539511
cells[1].historical_squared_image_energy,5909500.375
cells[1].gradient_magnitude_ratio,0.048265957999174935
cells[1].gradient_cosine,0.0041816799820996765
cells[1].reference_aligned_gradient_energy,3416.5917311211315
cells[1].unmatched_gradient_energy,71955.29645380347
cells[1].excess_hf_weak_reference,0.03451550398700504
cells[1].gradient_squared_error,7.838298277354377
cells[1].weak_reference_pixels,2031747.0
cells[1].gradient_per_view[0].gradient_magnitude_ratio,0.04724285531935331
cells[1].gradient_per_view[0].gradient_cosine,0.0016141937343482108
cells[1].gradient_per_view[0].reference_aligned_gradient_energy,4097.482732235845
cells[1].gradient_per_view[0].unmatched_gradient_energy,85466.93461999213
cells[1].gradient_per_view[0].excess_hf_weak_reference,0.041036388201774715
cells[1].gradient_per_view[0].gradient_squared_error,9.696396582576236
cells[1].gradient_per_view[0].weak_reference_pixels,2028939
cells[1].gradient_per_view[1].gradient_magnitude_ratio,0.04757130140874123
cells[1].gradient_per_view[1].gradient_cosine,0.005327661267343449
cells[1].gradient_per_view[1].reference_aligned_gradient_energy,2931.0074980178597
cells[1].gradient_per_view[1].unmatched_gradient_energy,56254.832795775095
cells[1].gradient_per_view[1].excess_hf_weak_reference,0.026885509384192773
cells[1].gradient_per_view[1].gradient_squared_error,6.317347783575185
cells[1].gradient_per_view[1].weak_reference_pixels,2032827
cells[1].gradient_per_view[2].gradient_magnitude_ratio,0.04882705032293331
cells[1].gradient_per_view[2].gradient_cosine,0.002731038125905826
cells[1].gradient_per_view[2].reference_aligned_gradient_energy,4070.3969375236397
cells[1].gradient_per_view[2].unmatched_gradient_energy,91400.40635095509
cells[1].gradient_per_view[2].excess_hf_weak_reference,0.044004384873888636
cells[1].gradient_per_view[2].gradient_squared_error,9.676386674453706
cells[1].gradient_per_view[2].weak_reference_pixels,2026421
cells[1].gradient_per_view[3].gradient_magnitude_ratio,0.04942262494567189
cells[1].gradient_per_view[3].gradient_cosine,0.0070538268008012205
cells[1].gradient_per_view[3].reference_aligned_gradient_energy,2567.479756707181
cells[1].gradient_per_view[3].unmatched_gradient_energy,54699.01204849155
cells[1].gradient_per_view[3].excess_hf_weak_reference,0.02613573348816405
cells[1].gradient_per_view[3].gradient_squared_error,5.663062068812379
cells[1].gradient_per_view[3].weak_reference_pixels,2038801
cells[1].high_frequency_response,0.048265957999174935
cells[1].artifact_scores.spoke_anisotropy,0.5651596771226601
cells[1].artifact_scores.angular_lattice_fraction,0.03270470486389017
cells[1].artifact_scores.radial_banding_score,0.0011195142346607585
cells[1].artifact_scores.radial_banding_per_view[0],0.0010014445208622498
cells[1].artifact_scores.radial_banding_per_view[1],0.0011321755916972383
cells[1].artifact_scores.radial_banding_per_view[2],0.0011392364286658663
cells[1].artifact_scores.radial_banding_per_view[3],0.00120520039741768
cells[1].artifact_scores.scope,Fixed image-plane circles r=4..64px around all chart centers; geometry/overlap can also cause anisotropy or radial variation.
cells[1].foreground_pixel_center_density[0].view,0
cells[1].foreground_pixel_center_density[0].foreground_pixels,30547
cells[1].foreground_pixel_center_density[0].capture_locations,30547
cells[1].foreground_pixel_center_density[0].nearest_projected_distance_px.p50,0.3378114791351228
cells[1].foreground_pixel_center_density[0].nearest_projected_distance_px.p90,0.6882284212248284
cells[1].foreground_pixel_center_density[0].nearest_projected_distance_px.p95,0.8072271741465268
cells[1].foreground_pixel_center_density[0].nearest_projected_distance_px.p99,1.1180463675030563
cells[1].foreground_pixel_center_density[0].neighbors.0.5.mean,1.978852260451108
cells[1].foreground_pixel_center_density[0].neighbors.0.5.p50,1.0
cells[1].foreground_pixel_center_density[0].neighbors.0.5.p95,6.0
cells[1].foreground_pixel_center_density[0].neighbors.0.5.zero_fraction,0.258781549743019
cells[1].foreground_pixel_center_density[0].neighbors.0.5.weak_lt2_fraction,0.5543915932824828
cells[1].foreground_pixel_center_density[0].neighbors.1.0.mean,7.918813631453171
cells[1].foreground_pixel_center_density[0].neighbors.1.0.p50,5.0
cells[1].foreground_pixel_center_density[0].neighbors.1.0.p95,24.0
cells[1].foreground_pixel_center_density[0].neighbors.1.0.zero_fraction,0.017284839755131436
cells[1].foreground_pixel_center_density[0].neighbors.1.0.weak_lt2_fraction,0.055848364814875436
cells[1].foreground_pixel_center_density[0].neighbors.2.0.mean,31.27586997086457
cells[1].foreground_pixel_center_density[0].neighbors.2.0.p50,20.0
cells[1].foreground_pixel_center_density[0].neighbors.2.0.p95,90.0
cells[1].foreground_pixel_center_density[0].neighbors.2.0.zero_fraction,0.0006547287786034635
cells[1].foreground_pixel_center_density[0].neighbors.2.0.weak_lt2_fraction,0.0007202016564638099
cells[1].foreground_pixel_center_density[1].view,1
cells[1].foreground_pixel_center_density[1].foreground_pixels,27861
cells[1].foreground_pixel_center_density[1].capture_locations,27861
cells[1].foreground_pixel_center_density[1].nearest_projected_distance_px.p50,0.3291821585149095
cells[1].foreground_pixel_center_density[1].nearest_projected_distance_px.p90,0.6825747742327026
cells[1].foreground_pixel_center_density[1].nearest_projected_distance_px.p95,0.8067358896382059
cells[1].foreground_pixel_center_density[1].nearest_projected_distance_px.p99,1.1266237760249815
cells[1].foreground_pixel_center_density[1].neighbors.0.5.mean,2.130612684397545
cells[1].foreground_pixel_center_density[1].neighbors.0.5.p50,1.0
cells[1].foreground_pixel_center_density[1].neighbors.0.5.p95,7.0
cells[1].foreground_pixel_center_density[1].neighbors.0.5.zero_fraction,0.24898603783065934
cells[1].foreground_pixel_center_density[1].neighbors.0.5.weak_lt2_fraction,0.5344747137575823
cells[1].foreground_pixel_center_density[1].neighbors.1.0.mean,8.48286134740318
cells[1].foreground_pixel_center_density[1].neighbors.1.0.p50,5.0
cells[1].foreground_pixel_center_density[1].neighbors.1.0.p95,26.0
cells[1].foreground_pixel_center_density[1].neighbors.1.0.zero_fraction,0.01808980295036072
cells[1].foreground_pixel_center_density[1].neighbors.1.0.weak_lt2_fraction,0.05437708624959621
cells[1].foreground_pixel_center_density[1].neighbors.2.0.mean,33.469688812318296
cells[1].foreground_pixel_center_density[1].neighbors.2.0.p50,22.0
cells[1].foreground_pixel_center_density[1].neighbors.2.0.p95,98.0
cells[1].foreground_pixel_center_density[1].neighbors.2.0.zero_fraction,0.0007537417895983633
cells[1].foreground_pixel_center_density[1].neighbors.2.0.weak_lt2_fraction,0.0007896342557697139
cells[1].foreground_pixel_center_density[2].view,2
cells[1].foreground_pixel_center_density[2].foreground_pixels,32011
cells[1].foreground_pixel_center_density[2].capture_locations,32011
cells[1].foreground_pixel_center_density[2].nearest_projected_distance_px.p50,0.3573339419781472
cells[1].foreground_pixel_center_density[2].nearest_projected_distance_px.p90,0.7245729990063217
cells[1].foreground_pixel_center_density[2].nearest_projected_distance_px.p95,0.8507429513425513
cells[1].foreground_pixel_center_density[2].nearest_projected_distance_px.p99,1.158136635545051
cells[1].foreground_pixel_center_density[2].neighbors.0.5.mean,1.7710786916997283
cells[1].foreground_pixel_center_density[2].neighbors.0.5.p50,1.0
cells[1].foreground_pixel_center_density[2].neighbors.0.5.p95,6.0
cells[1].foreground_pixel_center_density[2].neighbors.0.5.zero_fraction,0.2888382118646715
cells[1].foreground_pixel_center_density[2].neighbors.0.5.weak_lt2_fraction,0.5934834900502952
cells[1].foreground_pixel_center_density[2].neighbors.1.0.mean,7.080441098372434
cells[1].foreground_pixel_center_density[2].neighbors.1.0.p50,5.0
cells[1].foreground_pixel_center_density[2].neighbors.1.0.p95,22.0
cells[1].foreground_pixel_center_density[2].neighbors.1.0.zero_fraction,0.022492268282777794
cells[1].foreground_pixel_center_density[2].neighbors.1.0.weak_lt2_fraction,0.07444316016369373
cells[1].foreground_pixel_center_density[2].neighbors.2.0.mean,27.878479272749992
cells[1].foreground_pixel_center_density[2].neighbors.2.0.p50,19.0
cells[1].foreground_pixel_center_density[2].neighbors.2.0.p95,81.0
cells[1].foreground_pixel_center_density[2].neighbors.2.0.zero_fraction,0.0004998281840617288
cells[1].foreground_pixel_center_density[2].neighbors.2.0.weak_lt2_fraction,0.000624785230077161
cells[1].foreground_pixel_center_density[3].view,3
cells[1].foreground_pixel_center_density[3].foreground_pixels,23791
cells[1].foreground_pixel_center_density[3].capture_locations,23791
cells[1].foreground_pixel_center_density[3].nearest_projected_distance_px.p50,0.32952204706594546
cells[1].foreground_pixel_center_density[3].nearest_projected_distance_px.p90,0.684922049587466
cells[1].foreground_pixel_center_density[3].nearest_projected_distance_px.p95,0.8094504440856094
cells[1].foreground_pixel_center_density[3].nearest_projected_distance_px.p99,1.1092957383971276
cells[1].foreground_pixel_center_density[3].neighbors.0.5.mean,2.1583371863309653
cells[1].foreground_pixel_center_density[3].neighbors.0.5.p50,1.0
cells[1].foreground_pixel_center_density[3].neighbors.0.5.p95,7.0
cells[1].foreground_pixel_center_density[3].neighbors.0.5.zero_fraction,0.24715228447732335
cells[1].foreground_pixel_center_density[3].neighbors.0.5.weak_lt2_fraction,0.525829095035938
cells[1].foreground_pixel_center_density[3].neighbors.1.0.mean,8.578201841032323
cells[1].foreground_pixel_center_density[3].neighbors.1.0.p50,6.0
cells[1].foreground_pixel_center_density[3].neighbors.1.0.p95,26.0
cells[1].foreground_pixel_center_density[3].neighbors.1.0.zero_fraction,0.017359505695431047
cells[1].foreground_pixel_center_density[3].neighbors.1.0.weak_lt2_fraction,0.05573536211172292
cells[1].foreground_pixel_center_density[3].neighbors.2.0.mean,33.86751292505569
cells[1].foreground_pixel_center_density[3].neighbors.2.0.p50,22.0
cells[1].foreground_pixel_center_density[3].neighbors.2.0.p95,100.0
cells[1].foreground_pixel_center_density[3].neighbors.2.0.zero_fraction,0.0008826867302761548
cells[1].foreground_pixel_center_density[3].neighbors.2.0.weak_lt2_fraction,0.0009247194317178765
cells[1].capture_location_density[0].view,0
cells[1].capture_location_density[0].foreground_pixels,30547
cells[1].capture_location_density[0].capture_locations,122188
cells[1].capture_location_density[0].nearest_projected_distance_px.p50,0.33894145370223216
cells[1].capture_location_density[0].nearest_projected_distance_px.p90,0.6853811638265513
cells[1].capture_location_density[0].nearest_projected_distance_px.p95,0.8052969101475166
cells[1].capture_location_density[0].nearest_projected_distance_px.p99,1.119372513568724
cells[1].capture_location_density[0].neighbors.0.5.mean,1.9831325498412282
cells[1].capture_location_density[0].neighbors.0.5.p50,1.0
cells[1].capture_location_density[0].neighbors.0.5.p95,6.0
cells[1].capture_location_density[0].neighbors.0.5.zero_fraction,0.2583559760369267
cells[1].capture_location_density[0].neighbors.0.5.weak_lt2_fraction,0.5544570661603431
cells[1].capture_location_density[0].neighbors.1.0.mean,7.908837201689201
cells[1].capture_location_density[0].neighbors.1.0.p50,5.0
cells[1].capture_location_density[0].neighbors.1.0.p95,24.0
cells[1].capture_location_density[0].neighbors.1.0.zero_fraction,0.016982027695027335
cells[1].capture_location_density[0].neighbors.1.0.weak_lt2_fraction,0.05677316921465283
cells[1].capture_location_density[0].neighbors.2.0.mean,31.27018201460045
cells[1].capture_location_density[0].neighbors.2.0.p50,20.0
cells[1].capture_location_density[0].neighbors.2.0.p95,90.0
cells[1].capture_location_density[0].neighbors.2.0.zero_fraction,0.0009657249484401087
cells[1].capture_location_density[0].neighbors.2.0.weak_lt2_fraction,0.001055750155498085
cells[1].capture_location_density[1].view,1
cells[1].capture_location_density[1].foreground_pixels,27861
cells[1].capture_location_density[1].capture_locations,111444
cells[1].capture_location_density[1].nearest_projected_distance_px.p50,0.3308336538399177
cells[1].capture_location_density[1].nearest_projected_distance_px.p90,0.6799502330668954
cells[1].capture_location_density[1].nearest_projected_distance_px.p95,0.8055784832543018
cells[1].capture_location_density[1].nearest_projected_distance_px.p99,1.1337184145504209
cells[1].capture_location_density[1].neighbors.0.5.mean,2.1252108682387565
cells[1].capture_location_density[1].neighbors.0.5.p50,1.0
cells[1].capture_location_density[1].neighbors.0.5.p95,7.0
cells[1].capture_location_density[1].neighbors.0.5.zero_fraction,0.25132802124834
cells[1].capture_location_density[1].neighbors.0.5.weak_lt2_fraction,0.5361706327841786
cells[1].capture_location_density[1].neighbors.1.0.mean,8.475467499371883
cells[1].capture_location_density[1].neighbors.1.0.p50,5.0
cells[1].capture_location_density[1].neighbors.1.0.p95,27.0
cells[1].capture_location_density[1].neighbors.1.0.zero_fraction,0.017371953626933705
cells[1].capture_location_density[1].neighbors.1.0.weak_lt2_fraction,0.05338107031334123
cells[1].capture_location_density[1].neighbors.2.0.mean,33.42027385951689
cells[1].capture_location_density[1].neighbors.2.0.p50,22.0
cells[1].capture_location_density[1].neighbors.2.0.p95,98.0
cells[1].capture_location_density[1].neighbors.2.0.zero_fraction,0.0009421772369979541
cells[1].capture_location_density[1].neighbors.2.0.weak_lt2_fraction,0.0010319084024263308
cells[1].capture_location_density[2].view,2
cells[1].capture_location_density[2].foreground_pixels,32011
cells[1].capture_location_density[2].capture_locations,128044
cells[1].capture_location_density[2].nearest_projected_distance_px.p50,0.356157579205277
cells[1].capture_location_density[2].nearest_projected_distance_px.p90,0.7213431860958088
cells[1].capture_location_density[2].nearest_projected_distance_px.p95,0.8511975440765716
cells[1].capture_location_density[2].nearest_projected_distance_px.p99,1.1737516570427668
cells[1].capture_location_density[2].neighbors.0.5.mean,1.7733982068663896
cells[1].capture_location_density[2].neighbors.0.5.p50,1.0
cells[1].capture_location_density[2].neighbors.0.5.p95,6.0
cells[1].capture_location_density[2].neighbors.0.5.zero_fraction,0.2886663959264003
cells[1].capture_location_density[2].neighbors.0.5.weak_lt2_fraction,0.5920621036518696
cells[1].capture_location_density[2].neighbors.1.0.mean,7.069023148292774
cells[1].capture_location_density[2].neighbors.1.0.p50,5.0
cells[1].capture_location_density[2].neighbors.1.0.p95,22.0
cells[1].capture_location_density[2].neighbors.1.0.zero_fraction,0.021781575083565024
cells[1].capture_location_density[2].neighbors.1.0.weak_lt2_fraction,0.07473212333260441
cells[1].capture_location_density[2].neighbors.2.0.mean,27.830675392833715
cells[1].capture_location_density[2].neighbors.2.0.p50,19.0
cells[1].capture_location_density[2].neighbors.2.0.p95,81.0
cells[1].capture_location_density[2].neighbors.2.0.zero_fraction,0.000944987660491706
cells[1].capture_location_density[2].neighbors.2.0.weak_lt2_fraction,0.0010465152603792447
cells[1].capture_location_density[3].view,3
cells[1].capture_location_density[3].foreground_pixels,23791
cells[1].capture_location_density[3].capture_locations,95164
cells[1].capture_location_density[3].nearest_projected_distance_px.p50,0.328727522708844
cells[1].capture_location_density[3].nearest_projected_distance_px.p90,0.6825969493178223
cells[1].capture_location_density[3].nearest_projected_distance_px.p95,0.8121261198335288
cells[1].capture_location_density[3].nearest_projected_distance_px.p99,1.1310919823513816
cells[1].capture_location_density[3].neighbors.0.5.mean,2.1500672523223066
cells[1].capture_location_density[3].neighbors.0.5.p50,1.0
cells[1].capture_location_density[3].neighbors.0.5.p95,7.0
cells[1].capture_location_density[3].neighbors.0.5.zero_fraction,0.25101929300996173
cells[1].capture_location_density[3].neighbors.0.5.weak_lt2_fraction,0.5277415829515363
cells[1].capture_location_density[3].neighbors.1.0.mean,8.573378588541885
cells[1].capture_location_density[3].neighbors.1.0.p50,6.0
cells[1].capture_location_density[3].neighbors.1.0.p95,26.0
cells[1].capture_location_density[3].neighbors.1.0.zero_fraction,0.017590685553360515
cells[1].capture_location_density[3].neighbors.1.0.weak_lt2_fraction,0.05780547265772771
cells[1].capture_location_density[3].neighbors.2.0.mean,33.84545626497415
cells[1].capture_location_density[3].neighbors.2.0.p50,22.0
cells[1].capture_location_density[3].neighbors.2.0.p95,100.0
cells[1].capture_location_density[3].neighbors.2.0.zero_fraction,0.001113866588205624
cells[1].capture_location_density[3].neighbors.2.0.weak_lt2_fraction,0.0012714892186120803
cells[1].energy_accounting[0].view,0
cells[1].energy_accounting[0].input_energy,0.5036518700335814
cells[1].energy_accounting[0].detected_energy,0.5036519106715245
cells[1].energy_accounting[0].relative_energy_difference,8.068657249101908e-08
cells[1].energy_accounting[0].projected_count_sum,1048576.0743950272
cells[1].energy_accounting[1].view,1
cells[1].energy_accounting[1].input_energy,0.38898949675572836
cells[1].energy_accounting[1].detected_energy,0.38898952862412944
cells[1].energy_accounting[1].relative_energy_difference,8.192612230022158e-08
cells[1].energy_accounting[1].projected_count_sum,1048576.074335217
cells[1].energy_accounting[2].view,2
cells[1].energy_accounting[2].input_energy,0.5155399893884589
cells[1].energy_accounting[2].detected_energy,0.5155400339698044
cells[1].energy_accounting[2].relative_energy_difference,8.647504834105371e-08
cells[1].energy_accounting[2].projected_count_sum,1048576.0805669515
cells[1].energy_accounting[3].view,3
cells[1].energy_accounting[3].input_energy,0.34366494077985876
cells[1].energy_accounting[3].detected_energy,0.34366496565786797
cells[1].energy_accounting[3].relative_energy_difference,7.239030304283299e-08
cells[1].energy_accounting[3].projected_count_sum,1048576.0705302684
cells[1].readout_seconds,1.9305525119416416
cells[1].cuda_allocated_peak_mib,457.75537109375
cells[1].cuda_reserved_peak_mib,548.0
cells[1].cpu_rss_peak_mib,2468.46484375
cells[1].cell_analysis_seconds,10.597537487978116
cells[2].E,1
cells[2].K_chart,1024
cells[2].N_theta,32
cells[2].N_r,32
cells[2].emitters_per_chart,1024
cells[2].total_emitters,1048576
cells[2].state_digest,b3109c226af37956bf233f54735631cbd5b02439ce35c22cd0e4786c44d0a370
cells[2].source_mass,9.088634202953163
cells[2].weight_sum,1.0
cells[2].maximum_chart_mass_difference,0.0
cells[2].runtime.mapping_seconds,0
cells[2].runtime.transport_seconds,0
cells[2].runtime.cache_reused,True
cells[2].C,3
cells[2].capture_grid,4
cells[2].capture_samples_per_pixel,16
cells[2].whole_image_mse,17.35329025205761
cells[2].foreground_mse,1244.113732014126
cells[2].interior_gt8px_mse,
cells[2].silhouette_0_8px_mse,99.37779972849856
cells[2].total_image_energy,5448942.900092803
cells[2].foreground_mean_brightness,0.8384456834814523
cells[2].edge_sharpness,0.2805676159466726
cells[2].reference_edge_sharpness,2.19512979735671
cells[2].edge_sharpness_ratio,0.1278136793024819
cells[2].thin_feature_response_ratio,0.0047007708407642
cells[2].historical_squared_image_energy,5864340.5
cells[2].gradient_magnitude_ratio,0.046879846282798905
cells[2].gradient_cosine,0.004209921704591125
cells[2].reference_aligned_gradient_energy,3231.8562458565857
cells[2].unmatched_gradient_energy,67856.74543852867
cells[2].excess_hf_weak_reference,0.03254398063062118
cells[2].gradient_squared_error,7.837331346641215
cells[2].weak_reference_pixels,2031747.0
cells[2].gradient_per_view[0].gradient_magnitude_ratio,0.04584906139532417
cells[2].gradient_per_view[0].gradient_cosine,0.001621717070502188
cells[2].gradient_per_view[0].reference_aligned_gradient_energy,3867.2254571723893
cells[2].gradient_per_view[0].unmatched_gradient_energy,80490.3574643749
cells[2].gradient_per_view[0].excess_hf_weak_reference,0.038641260077367595
cells[2].gradient_per_view[0].gradient_squared_error,9.695177941565639
cells[2].gradient_per_view[0].weak_reference_pixels,2028939
cells[2].gradient_per_view[1].gradient_magnitude_ratio,0.04620875610747677
cells[2].gradient_per_view[1].gradient_cosine,0.005391022884461948
cells[2].gradient_per_view[1].reference_aligned_gradient_energy,2778.3759148496497
cells[2].gradient_per_view[1].unmatched_gradient_energy,53065.597101079235
cells[2].gradient_per_view[1].excess_hf_weak_reference,0.025355652054952337
cells[2].gradient_per_view[1].gradient_squared_error,6.316596599622754
cells[2].gradient_per_view[1].weak_reference_pixels,2032827
cells[2].gradient_per_view[2].gradient_magnitude_ratio,0.04741638622915145
cells[2].gradient_per_view[2].gradient_cosine,0.002702465163985007
cells[2].gradient_per_view[2].reference_aligned_gradient_energy,3846.921204659473
cells[2].gradient_per_view[2].unmatched_gradient_energy,86187.06987090976
cells[2].gradient_per_view[2].excess_hf_weak_reference,0.041488636295009595
cells[2].gradient_per_view[2].gradient_squared_error,9.675176279494258
cells[2].gradient_per_view[2].weak_reference_pixels,2026421
cells[2].gradient_per_view[3].gradient_magnitude_ratio,0.04804518139924322
cells[2].gradient_per_view[3].gradient_cosine,0.007124481699415357
cells[2].gradient_per_view[3].reference_aligned_gradient_energy,2434.90240674483
cells[2].gradient_per_view[3].unmatched_gradient_energy,51683.95731775081
cells[2].gradient_per_view[3].excess_hf_weak_reference,0.024690374095155187
cells[2].gradient_per_view[3].gradient_squared_error,5.662374565882207
cells[2].gradient_per_view[3].weak_reference_pixels,2038801
cells[2].high_frequency_response,0.046879846282798905
cells[2].artifact_scores.spoke_anisotropy,0.5716053417471637
cells[2].artifact_scores.angular_lattice_fraction,0.0323320227049827
cells[2].artifact_scores.radial_banding_score,0.0010780711800936413
cells[2].artifact_scores.radial_banding_per_view[0],0.0009632322165055733
cells[2].artifact_scores.radial_banding_per_view[1],0.0010915238051167225
cells[2].artifact_scores.radial_banding_per_view[2],0.0010961270727563419
cells[2].artifact_scores.radial_banding_per_view[3],0.0011614016259959275
cells[2].artifact_scores.scope,Fixed image-plane circles r=4..64px around all chart centers; geometry/overlap can also cause anisotropy or radial variation.
cells[2].foreground_pixel_center_density[0].view,0
cells[2].foreground_pixel_center_density[0].foreground_pixels,30547
cells[2].foreground_pixel_center_density[0].capture_locations,30547
cells[2].foreground_pixel_center_density[0].nearest_projected_distance_px.p50,0.3378114791351228
cells[2].foreground_pixel_center_density[0].nearest_projected_distance_px.p90,0.6882284212248284
cells[2].foreground_pixel_center_density[0].nearest_projected_distance_px.p95,0.8072271741465268
cells[2].foreground_pixel_center_density[0].nearest_projected_distance_px.p99,1.1180463675030563
cells[2].foreground_pixel_center_density[0].neighbors.0.5.mean,1.978852260451108
cells[2].foreground_pixel_center_density[0].neighbors.0.5.p50,1.0
cells[2].foreground_pixel_center_density[0].neighbors.0.5.p95,6.0
cells[2].foreground_pixel_center_density[0].neighbors.0.5.zero_fraction,0.258781549743019
cells[2].foreground_pixel_center_density[0].neighbors.0.5.weak_lt2_fraction,0.5543915932824828
cells[2].foreground_pixel_center_density[0].neighbors.1.0.mean,7.918813631453171
cells[2].foreground_pixel_center_density[0].neighbors.1.0.p50,5.0
cells[2].foreground_pixel_center_density[0].neighbors.1.0.p95,24.0
cells[2].foreground_pixel_center_density[0].neighbors.1.0.zero_fraction,0.017284839755131436
cells[2].foreground_pixel_center_density[0].neighbors.1.0.weak_lt2_fraction,0.055848364814875436
cells[2].foreground_pixel_center_density[0].neighbors.2.0.mean,31.27586997086457
cells[2].foreground_pixel_center_density[0].neighbors.2.0.p50,20.0
cells[2].foreground_pixel_center_density[0].neighbors.2.0.p95,90.0
cells[2].foreground_pixel_center_density[0].neighbors.2.0.zero_fraction,0.0006547287786034635
cells[2].foreground_pixel_center_density[0].neighbors.2.0.weak_lt2_fraction,0.0007202016564638099
cells[2].foreground_pixel_center_density[1].view,1
cells[2].foreground_pixel_center_density[1].foreground_pixels,27861
cells[2].foreground_pixel_center_density[1].capture_locations,27861
cells[2].foreground_pixel_center_density[1].nearest_projected_distance_px.p50,0.3291821585149095
cells[2].foreground_pixel_center_density[1].nearest_projected_distance_px.p90,0.6825747742327026
cells[2].foreground_pixel_center_density[1].nearest_projected_distance_px.p95,0.8067358896382059
cells[2].foreground_pixel_center_density[1].nearest_projected_distance_px.p99,1.1266237760249815
cells[2].foreground_pixel_center_density[1].neighbors.0.5.mean,2.130612684397545
cells[2].foreground_pixel_center_density[1].neighbors.0.5.p50,1.0
cells[2].foreground_pixel_center_density[1].neighbors.0.5.p95,7.0
cells[2].foreground_pixel_center_density[1].neighbors.0.5.zero_fraction,0.24898603783065934
cells[2].foreground_pixel_center_density[1].neighbors.0.5.weak_lt2_fraction,0.5344747137575823
cells[2].foreground_pixel_center_density[1].neighbors.1.0.mean,8.48286134740318
cells[2].foreground_pixel_center_density[1].neighbors.1.0.p50,5.0
cells[2].foreground_pixel_center_density[1].neighbors.1.0.p95,26.0
cells[2].foreground_pixel_center_density[1].neighbors.1.0.zero_fraction,0.01808980295036072
cells[2].foreground_pixel_center_density[1].neighbors.1.0.weak_lt2_fraction,0.05437708624959621
cells[2].foreground_pixel_center_density[1].neighbors.2.0.mean,33.469688812318296
cells[2].foreground_pixel_center_density[1].neighbors.2.0.p50,22.0
cells[2].foreground_pixel_center_density[1].neighbors.2.0.p95,98.0
cells[2].foreground_pixel_center_density[1].neighbors.2.0.zero_fraction,0.0007537417895983633
cells[2].foreground_pixel_center_density[1].neighbors.2.0.weak_lt2_fraction,0.0007896342557697139
cells[2].foreground_pixel_center_density[2].view,2
cells[2].foreground_pixel_center_density[2].foreground_pixels,32011
cells[2].foreground_pixel_center_density[2].capture_locations,32011
cells[2].foreground_pixel_center_density[2].nearest_projected_distance_px.p50,0.3573339419781472
cells[2].foreground_pixel_center_density[2].nearest_projected_distance_px.p90,0.7245729990063217
cells[2].foreground_pixel_center_density[2].nearest_projected_distance_px.p95,0.8507429513425513
cells[2].foreground_pixel_center_density[2].nearest_projected_distance_px.p99,1.158136635545051
cells[2].foreground_pixel_center_density[2].neighbors.0.5.mean,1.7710786916997283
cells[2].foreground_pixel_center_density[2].neighbors.0.5.p50,1.0
cells[2].foreground_pixel_center_density[2].neighbors.0.5.p95,6.0
cells[2].foreground_pixel_center_density[2].neighbors.0.5.zero_fraction,0.2888382118646715
cells[2].foreground_pixel_center_density[2].neighbors.0.5.weak_lt2_fraction,0.5934834900502952
cells[2].foreground_pixel_center_density[2].neighbors.1.0.mean,7.080441098372434
cells[2].foreground_pixel_center_density[2].neighbors.1.0.p50,5.0
cells[2].foreground_pixel_center_density[2].neighbors.1.0.p95,22.0
cells[2].foreground_pixel_center_density[2].neighbors.1.0.zero_fraction,0.022492268282777794
cells[2].foreground_pixel_center_density[2].neighbors.1.0.weak_lt2_fraction,0.07444316016369373
cells[2].foreground_pixel_center_density[2].neighbors.2.0.mean,27.878479272749992
cells[2].foreground_pixel_center_density[2].neighbors.2.0.p50,19.0
cells[2].foreground_pixel_center_density[2].neighbors.2.0.p95,81.0
cells[2].foreground_pixel_center_density[2].neighbors.2.0.zero_fraction,0.0004998281840617288
cells[2].foreground_pixel_center_density[2].neighbors.2.0.weak_lt2_fraction,0.000624785230077161
cells[2].foreground_pixel_center_density[3].view,3
cells[2].foreground_pixel_center_density[3].foreground_pixels,23791
cells[2].foreground_pixel_center_density[3].capture_locations,23791
cells[2].foreground_pixel_center_density[3].nearest_projected_distance_px.p50,0.32952204706594546
cells[2].foreground_pixel_center_density[3].nearest_projected_distance_px.p90,0.684922049587466
cells[2].foreground_pixel_center_density[3].nearest_projected_distance_px.p95,0.8094504440856094
cells[2].foreground_pixel_center_density[3].nearest_projected_distance_px.p99,1.1092957383971276
cells[2].foreground_pixel_center_density[3].neighbors.0.5.mean,2.1583371863309653
cells[2].foreground_pixel_center_density[3].neighbors.0.5.p50,1.0
cells[2].foreground_pixel_center_density[3].neighbors.0.5.p95,7.0
cells[2].foreground_pixel_center_density[3].neighbors.0.5.zero_fraction,0.24715228447732335
cells[2].foreground_pixel_center_density[3].neighbors.0.5.weak_lt2_fraction,0.525829095035938
cells[2].foreground_pixel_center_density[3].neighbors.1.0.mean,8.578201841032323
cells[2].foreground_pixel_center_density[3].neighbors.1.0.p50,6.0
cells[2].foreground_pixel_center_density[3].neighbors.1.0.p95,26.0
cells[2].foreground_pixel_center_density[3].neighbors.1.0.zero_fraction,0.017359505695431047
cells[2].foreground_pixel_center_density[3].neighbors.1.0.weak_lt2_fraction,0.05573536211172292
cells[2].foreground_pixel_center_density[3].neighbors.2.0.mean,33.86751292505569
cells[2].foreground_pixel_center_density[3].neighbors.2.0.p50,22.0
cells[2].foreground_pixel_center_density[3].neighbors.2.0.p95,100.0
cells[2].foreground_pixel_center_density[3].neighbors.2.0.zero_fraction,0.0008826867302761548
cells[2].foreground_pixel_center_density[3].neighbors.2.0.weak_lt2_fraction,0.0009247194317178765
cells[2].capture_location_density[0].view,0
cells[2].capture_location_density[0].foreground_pixels,30547
cells[2].capture_location_density[0].capture_locations,488752
cells[2].capture_location_density[0].nearest_projected_distance_px.p50,0.33802164887991965
cells[2].capture_location_density[0].nearest_projected_distance_px.p90,0.6853906853956947
cells[2].capture_location_density[0].nearest_projected_distance_px.p95,0.8075179696807403
cells[2].capture_location_density[0].nearest_projected_distance_px.p99,1.1231715166185035
cells[2].capture_location_density[0].neighbors.0.5.mean,1.98052386486398
cells[2].capture_location_density[0].neighbors.0.5.p50,1.0
cells[2].capture_location_density[0].neighbors.0.5.p95,6.0
cells[2].capture_location_density[0].neighbors.0.5.zero_fraction,0.25855853275280716
cells[2].capture_location_density[0].neighbors.0.5.weak_lt2_fraction,0.5540069401250532
cells[2].capture_location_density[0].neighbors.1.0.mean,7.906118031230562
cells[2].capture_location_density[0].neighbors.1.0.p50,5.0
cells[2].capture_location_density[0].neighbors.1.0.p95,24.0
cells[2].capture_location_density[0].neighbors.1.0.zero_fraction,0.0169799816675942
cells[2].capture_location_density[0].neighbors.1.0.weak_lt2_fraction,0.05636805578289194
cells[2].capture_location_density[0].neighbors.2.0.mean,31.25651864340197
cells[2].capture_location_density[0].neighbors.2.0.p50,20.0
cells[2].capture_location_density[0].neighbors.2.0.p95,90.0
cells[2].capture_location_density[0].neighbors.2.0.zero_fraction,0.0010230137165679117
cells[2].capture_location_density[0].neighbors.2.0.weak_lt2_fraction,0.0011232690607915672
cells[2].capture_location_density[1].view,1
cells[2].capture_location_density[1].foreground_pixels,27861
cells[2].capture_location_density[1].capture_locations,445776
cells[2].capture_location_density[1].nearest_projected_distance_px.p50,0.33082352603774895
cells[2].capture_location_density[1].nearest_projected_distance_px.p90,0.6812347282566908
cells[2].capture_location_density[1].nearest_projected_distance_px.p95,0.8048141362328907
cells[2].capture_location_density[1].nearest_projected_distance_px.p99,1.136329584848761
cells[2].capture_location_density[1].neighbors.0.5.mean,2.126132855963533
cells[2].capture_location_density[1].neighbors.0.5.p50,1.0
cells[2].capture_location_density[1].neighbors.0.5.p95,7.0
cells[2].capture_location_density[1].neighbors.0.5.zero_fraction,0.24994391802160726
cells[2].capture_location_density[1].neighbors.0.5.weak_lt2_fraction,0.5349031800725028
cells[2].capture_location_density[1].neighbors.1.0.mean,8.475041276336096
cells[2].capture_location_density[1].neighbors.1.0.p50,5.0
cells[2].capture_location_density[1].neighbors.1.0.p95,27.0
cells[2].capture_location_density[1].neighbors.1.0.zero_fraction,0.01736298051039087
cells[2].capture_location_density[1].neighbors.1.0.weak_lt2_fraction,0.05359866838950504
cells[2].capture_location_density[1].neighbors.2.0.mean,33.411406177093426
cells[2].capture_location_density[1].neighbors.2.0.p50,22.0
cells[2].capture_location_density[1].neighbors.2.0.p95,98.0
cells[2].capture_location_density[1].neighbors.2.0.zero_fraction,0.0010341516815620402
cells[2].capture_location_density[1].neighbors.2.0.weak_lt2_fraction,0.0011485589174832203
cells[2].capture_location_density[2].view,2
cells[2].capture_location_density[2].foreground_pixels,32011
cells[2].capture_location_density[2].capture_locations,512176
cells[2].capture_location_density[2].nearest_projected_distance_px.p50,0.35657122709212796
cells[2].capture_location_density[2].nearest_projected_distance_px.p90,0.7222111022524108
cells[2].capture_location_density[2].nearest_projected_distance_px.p95,0.8507702347618009
cells[2].capture_location_density[2].nearest_projected_distance_px.p99,1.175892588990548
cells[2].capture_location_density[2].neighbors.0.5.mean,1.7740073724657148
cells[2].capture_location_density[2].neighbors.0.5.p50,1.0
cells[2].capture_location_density[2].neighbors.0.5.p95,6.0
cells[2].capture_location_density[2].neighbors.0.5.zero_fraction,0.28912131767205024
cells[2].capture_location_density[2].neighbors.0.5.weak_lt2_fraction,0.5925306925744276
cells[2].capture_location_density[2].neighbors.1.0.mean,7.0686092280778485
cells[2].capture_location_density[2].neighbors.1.0.p50,5.0
cells[2].capture_location_density[2].neighbors.1.0.p95,22.0
cells[2].capture_location_density[2].neighbors.1.0.zero_fraction,0.02215254131392334
cells[2].capture_location_density[2].neighbors.1.0.weak_lt2_fraction,0.07488050982474774
cells[2].capture_location_density[2].neighbors.2.0.mean,27.82634875511543
cells[2].capture_location_density[2].neighbors.2.0.p50,19.0
cells[2].capture_location_density[2].neighbors.2.0.p95,81.0
cells[2].capture_location_density[2].neighbors.2.0.zero_fraction,0.0010172284527193776
cells[2].capture_location_density[2].neighbors.2.0.weak_lt2_fraction,0.0011558526756427479
cells[2].capture_location_density[3].view,3
cells[2].capture_location_density[3].foreground_pixels,23791
cells[2].capture_location_density[3].capture_locations,380656
cells[2].capture_location_density[3].nearest_projected_distance_px.p50,0.3288747926412101
cells[2].capture_location_density[3].nearest_projected_distance_px.p90,0.6842968956958579
cells[2].capture_location_density[3].nearest_projected_distance_px.p95,0.8101973053886738
cells[2].capture_location_density[3].nearest_projected_distance_px.p99,1.1291307706983942
cells[2].capture_location_density[3].neighbors.0.5.mean,2.1501907233827917
cells[2].capture_location_density[3].neighbors.0.5.p50,1.0
cells[2].capture_location_density[3].neighbors.0.5.p95,7.0
cells[2].capture_location_density[3].neighbors.0.5.zero_fraction,0.24863919129082426
cells[2].capture_location_density[3].neighbors.0.5.weak_lt2_fraction,0.528393089823883
cells[2].capture_location_density[3].neighbors.1.0.mean,8.571686772308857
cells[2].capture_location_density[3].neighbors.1.0.p50,6.0
cells[2].capture_location_density[3].neighbors.1.0.p95,26.0
cells[2].capture_location_density[3].neighbors.1.0.zero_fraction,0.017827119498970197
cells[2].capture_location_density[3].neighbors.1.0.weak_lt2_fraction,0.057563784624437814
cells[2].capture_location_density[3].neighbors.2.0.mean,33.83186394014543
cells[2].capture_location_density[3].neighbors.2.0.p50,22.0
cells[2].capture_location_density[3].neighbors.2.0.p95,100.0
cells[2].capture_location_density[3].neighbors.2.0.zero_fraction,0.001153272245807238
cells[2].capture_location_density[3].neighbors.2.0.weak_lt2_fraction,0.0012688621747719727
cells[2].energy_accounting[0].view,0
cells[2].energy_accounting[0].input_energy,0.5036518700335814
cells[2].energy_accounting[0].detected_energy,0.5036518867427232
cells[2].energy_accounting[0].relative_energy_difference,3.3175974997991844e-08
cells[2].energy_accounting[0].projected_count_sum,1048575.9654568589
cells[2].energy_accounting[1].view,1
cells[2].energy_accounting[1].input_energy,0.38898949675572836
cells[2].energy_accounting[1].detected_energy,0.38898951075393023
cells[2].energy_accounting[1].relative_energy_difference,3.598606644181632e-08
cells[2].energy_accounting[1].projected_count_sum,1048575.9613272911
cells[2].energy_accounting[2].view,2
cells[2].energy_accounting[2].input_energy,0.5155399893884589
cells[2].energy_accounting[2].detected_energy,0.5155400190741019
cells[2].energy_accounting[2].relative_energy_difference,5.7581649444933195e-08
cells[2].energy_accounting[2].projected_count_sum,1048575.9977148003
cells[2].energy_accounting[3].view,3
cells[2].energy_accounting[3].input_energy,0.34366494077985876
cells[2].energy_accounting[3].detected_energy,0.3436649376210247
cells[2].energy_accounting[3].relative_energy_difference,9.191609932704652e-09
cells[2].energy_accounting[3].projected_count_sum,1048575.9480118025
cells[2].readout_seconds,5.36216846993193
cells[2].cuda_allocated_peak_mib,457.75537109375
cells[2].cuda_reserved_peak_mib,548.0
cells[2].cpu_rss_peak_mib,2659.59375
cells[2].cell_analysis_seconds,14.27314281417057
cells[3].E,2
cells[3].K_chart,1024
cells[3].N_theta,48
cells[3].N_r,48
cells[3].emitters_per_chart,2304
cells[3].total_emitters,2359296
cells[3].state_digest,63a3a8236a7975cf23776698cb94b8de23cea4b388e2675ab34252c8cccc5a67
cells[3].source_mass,9.088634202953163
cells[3].weight_sum,0.9999999999999999
cells[3].maximum_chart_mass_difference,1.3010426069826053e-18
cells[3].runtime.mapping_seconds,48.86740812798962
cells[3].runtime.mapping_peak_cuda_allocated_mib,416.84375
cells[3].runtime.mapping_peak_cuda_reserved_mib,552.0
cells[3].runtime.transport_seconds,8.37797020911239
cells[3].runtime.transport_peak_cuda_allocated_mib,422.26171875
cells[3].runtime.transport_peak_cuda_reserved_mib,552.0
cells[3].C,1
cells[3].capture_grid,1
cells[3].capture_samples_per_pixel,1
cells[3].whole_image_mse,17.33701646090535
cells[3].foreground_mse,1244.2164900913522
cells[3].interior_gt8px_mse,
cells[3].silhouette_0_8px_mse,99.3284642503455
cells[3].total_image_energy,5448958.152907342
cells[3].foreground_mean_brightness,0.8411831594942066
cells[3].edge_sharpness,0.16182196092662074
cells[3].reference_edge_sharpness,2.19512979735671
cells[3].edge_sharpness_ratio,0.07371862981472915
cells[3].thin_feature_response_ratio,0.002544472382559486
cells[3].historical_squared_image_energy,5407423.75
cells[3].gradient_magnitude_ratio,0.027836483973249098
cells[3].gradient_cosine,0.0005514654423635978
cells[3].reference_aligned_gradient_energy,1365.5511892363422
cells[3].unmatched_gradient_energy,23470.72014171633
cells[3].excess_hf_weak_reference,0.011159085288959605
cells[3].gradient_squared_error,7.828828044717584
cells[3].weak_reference_pixels,2031747.0
cells[3].gradient_per_view[0].gradient_magnitude_ratio,0.026541222631009526
cells[3].gradient_per_view[0].gradient_cosine,-0.0028800750438621506
cells[3].gradient_per_view[0].reference_aligned_gradient_energy,1536.9838905960326
cells[3].gradient_per_view[0].unmatched_gradient_energy,26731.66674719445
cells[3].gradient_per_view[0].excess_hf_weak_reference,0.012746871932940653
cells[3].gradient_per_view[0].gradient_squared_error,9.684571677722545
cells[3].gradient_per_view[0].weak_reference_pixels,2028939
cells[3].gradient_per_view[1].gradient_magnitude_ratio,0.027921450879965903
cells[3].gradient_per_view[1].gradient_cosine,0.0023146870808858143
cells[3].gradient_per_view[1].reference_aligned_gradient_energy,1311.290446355903
cells[3].gradient_per_view[1].unmatched_gradient_energy,19078.075294258684
cells[3].gradient_per_view[1].excess_hf_weak_reference,0.009003815520478122
cells[3].gradient_per_view[1].gradient_squared_error,6.310374353586631
cells[3].gradient_per_view[1].weak_reference_pixels,2032827
cells[3].gradient_per_view[2].gradient_magnitude_ratio,0.02769255326419117
cells[3].gradient_per_view[2].gradient_cosine,0.0003798687732101051
cells[3].gradient_per_view[2].reference_aligned_gradient_energy,1537.6949378270024
cells[3].gradient_per_view[2].unmatched_gradient_energy,29172.006772594803
cells[3].gradient_per_view[2].excess_hf_weak_reference,0.013951042018205137
cells[3].gradient_per_view[2].gradient_squared_error,9.663143113129257
cells[3].gradient_per_view[2].weak_reference_pixels,2026421
cells[3].gradient_per_view[3].gradient_magnitude_ratio,0.0291907091178298
cells[3].gradient_per_view[3].gradient_cosine,0.0023913809592206224
cells[3].gradient_per_view[3].reference_aligned_gradient_energy,1076.2354821664314
cells[3].gradient_per_view[3].unmatched_gradient_energy,18901.131752817375
cells[3].gradient_per_view[3].excess_hf_weak_reference,0.008934611684214507
cells[3].gradient_per_view[3].gradient_squared_error,5.657223034431903
cells[3].gradient_per_view[3].weak_reference_pixels,2038801
cells[3].high_frequency_response,0.027836483973249098
cells[3].artifact_scores.spoke_anisotropy,0.6819450930027529
cells[3].artifact_scores.angular_lattice_fraction,0.02574186288986939
cells[3].artifact_scores.radial_banding_score,0.0004905908730613347
cells[3].artifact_scores.radial_banding_per_view[0],0.00043230278145684847
cells[3].artifact_scores.radial_banding_per_view[1],0.0005306143890573535
cells[3].artifact_scores.radial_banding_per_view[2],0.000475499167024358
cells[3].artifact_scores.radial_banding_per_view[3],0.0005239471547067787
cells[3].artifact_scores.scope,Fixed image-plane circles r=4..64px around all chart centers; geometry/overlap can also cause anisotropy or radial variation.
cells[3].foreground_pixel_center_density[0].view,0
cells[3].foreground_pixel_center_density[0].foreground_pixels,30547
cells[3].foreground_pixel_center_density[0].capture_locations,30547
cells[3].foreground_pixel_center_density[0].nearest_projected_distance_px.p50,0.22461838077515797
cells[3].foreground_pixel_center_density[0].nearest_projected_distance_px.p90,0.46259868489451844
cells[3].foreground_pixel_center_density[0].nearest_projected_distance_px.p95,0.5493472587628873
cells[3].foreground_pixel_center_density[0].nearest_projected_distance_px.p99,0.9049944190008857
cells[3].foreground_pixel_center_density[0].neighbors.0.5.mean,4.48767473074279
cells[3].foreground_pixel_center_density[0].neighbors.0.5.p50,3.0
cells[3].foreground_pixel_center_density[0].neighbors.0.5.p95,14.0
cells[3].foreground_pixel_center_density[0].neighbors.0.5.zero_fraction,0.07473729007758537
cells[3].foreground_pixel_center_density[0].neighbors.0.5.weak_lt2_fraction,0.2194323501489508
cells[3].foreground_pixel_center_density[0].neighbors.1.0.mean,17.832422169116445
cells[3].foreground_pixel_center_density[0].neighbors.1.0.p50,11.0
cells[3].foreground_pixel_center_density[0].neighbors.1.0.p95,54.0
cells[3].foreground_pixel_center_density[0].neighbors.1.0.zero_fraction,0.008249582610403641
cells[3].foreground_pixel_center_density[0].neighbors.1.0.weak_lt2_fraction,0.008937047827937278
cells[3].foreground_pixel_center_density[0].neighbors.2.0.mean,70.61992994402068
cells[3].foreground_pixel_center_density[0].neighbors.2.0.p50,46.0
cells[3].foreground_pixel_center_density[0].neighbors.2.0.p95,203.0
cells[3].foreground_pixel_center_density[0].neighbors.2.0.zero_fraction,0.0005237830228827708
cells[3].foreground_pixel_center_density[0].neighbors.2.0.weak_lt2_fraction,0.000556519461812944
cells[3].foreground_pixel_center_density[1].view,1
cells[3].foreground_pixel_center_density[1].foreground_pixels,27861
cells[3].foreground_pixel_center_density[1].capture_locations,27861
cells[3].foreground_pixel_center_density[1].nearest_projected_distance_px.p50,0.22134744880199006
cells[3].foreground_pixel_center_density[1].nearest_projected_distance_px.p90,0.46082270186987384
cells[3].foreground_pixel_center_density[1].nearest_projected_distance_px.p95,0.5483169937098925
cells[3].foreground_pixel_center_density[1].nearest_projected_distance_px.p99,0.9520327750302423
cells[3].foreground_pixel_center_density[1].neighbors.0.5.mean,4.802447866192886
cells[3].foreground_pixel_center_density[1].neighbors.0.5.p50,3.0
cells[3].foreground_pixel_center_density[1].neighbors.0.5.p95,16.0
cells[3].foreground_pixel_center_density[1].neighbors.0.5.zero_fraction,0.07239510426761422
cells[3].foreground_pixel_center_density[1].neighbors.0.5.weak_lt2_fraction,0.2176160223968989
cells[3].foreground_pixel_center_density[1].neighbors.1.0.mean,19.176052546570475
cells[3].foreground_pixel_center_density[1].neighbors.1.0.p50,12.0
cells[3].foreground_pixel_center_density[1].neighbors.1.0.p95,60.0
cells[3].foreground_pixel_center_density[1].neighbors.1.0.zero_fraction,0.009260256272208464
cells[3].foreground_pixel_center_density[1].neighbors.1.0.weak_lt2_fraction,0.009726858332436021
cells[3].foreground_pixel_center_density[1].neighbors.2.0.mean,75.47546749937189
cells[3].foreground_pixel_center_density[1].neighbors.2.0.p50,49.0
cells[3].foreground_pixel_center_density[1].neighbors.2.0.p95,221.0
cells[3].foreground_pixel_center_density[1].neighbors.2.0.zero_fraction,0.0006460643910843114
cells[3].foreground_pixel_center_density[1].neighbors.2.0.weak_lt2_fraction,0.0007178493234270127
cells[3].foreground_pixel_center_density[2].view,2
cells[3].foreground_pixel_center_density[2].foreground_pixels,32011
cells[3].foreground_pixel_center_density[2].capture_locations,32011
cells[3].foreground_pixel_center_density[2].nearest_projected_distance_px.p50,0.2395367102846012
cells[3].foreground_pixel_center_density[2].nearest_projected_distance_px.p90,0.48786552298713703
cells[3].foreground_pixel_center_density[2].nearest_projected_distance_px.p95,0.5800300123360361
cells[3].foreground_pixel_center_density[2].nearest_projected_distance_px.p99,0.9442937653405816
cells[3].foreground_pixel_center_density[2].neighbors.0.5.mean,4.00574802411671
cells[3].foreground_pixel_center_density[2].neighbors.0.5.p50,3.0
cells[3].foreground_pixel_center_density[2].neighbors.0.5.p95,12.0
cells[3].foreground_pixel_center_density[2].neighbors.0.5.zero_fraction,0.0919683858673581
cells[3].foreground_pixel_center_density[2].neighbors.0.5.weak_lt2_fraction,0.2604729624191684
cells[3].foreground_pixel_center_density[2].neighbors.1.0.mean,15.944425353784636
cells[3].foreground_pixel_center_density[2].neighbors.1.0.p50,11.0
cells[3].foreground_pixel_center_density[2].neighbors.1.0.p95,49.0
cells[3].foreground_pixel_center_density[2].neighbors.1.0.zero_fraction,0.008903189528599543
cells[3].foreground_pixel_center_density[2].neighbors.1.0.weak_lt2_fraction,0.010340195557777014
cells[3].foreground_pixel_center_density[2].neighbors.2.0.mean,62.83958639217769
cells[3].foreground_pixel_center_density[2].neighbors.2.0.p50,42.0
cells[3].foreground_pixel_center_density[2].neighbors.2.0.p95,183.0
cells[3].foreground_pixel_center_density[2].neighbors.2.0.zero_fraction,0.0003748711380462966
cells[3].foreground_pixel_center_density[2].neighbors.2.0.weak_lt2_fraction,0.0005310674455655868
cells[3].foreground_pixel_center_density[3].view,3
cells[3].foreground_pixel_center_density[3].foreground_pixels,23791
cells[3].foreground_pixel_center_density[3].capture_locations,23791
cells[3].foreground_pixel_center_density[3].nearest_projected_distance_px.p50,0.2189987603567413
cells[3].foreground_pixel_center_density[3].nearest_projected_distance_px.p90,0.4622069181728868
cells[3].foreground_pixel_center_density[3].nearest_projected_distance_px.p95,0.5468853314008003
cells[3].foreground_pixel_center_density[3].nearest_projected_distance_px.p99,0.8672261087705487
cells[3].foreground_pixel_center_density[3].neighbors.0.5.mean,4.840485898028667
cells[3].foreground_pixel_center_density[3].neighbors.0.5.p50,3.0
cells[3].foreground_pixel_center_density[3].neighbors.0.5.p95,15.0
cells[3].foreground_pixel_center_density[3].neighbors.0.5.zero_fraction,0.07418771804463872
cells[3].foreground_pixel_center_density[3].neighbors.0.5.weak_lt2_fraction,0.2136522214282712
cells[3].foreground_pixel_center_density[3].neighbors.1.0.mean,19.317010634273466
cells[3].foreground_pixel_center_density[3].neighbors.1.0.p50,12.0
cells[3].foreground_pixel_center_density[3].neighbors.1.0.p95,59.0
cells[3].foreground_pixel_center_density[3].neighbors.1.0.zero_fraction,0.007902147871043671
cells[3].foreground_pixel_center_density[3].neighbors.1.0.weak_lt2_fraction,0.008532638392669496
cells[3].foreground_pixel_center_density[3].neighbors.2.0.mean,76.33197427598672
cells[3].foreground_pixel_center_density[3].neighbors.2.0.p50,50.0
cells[3].foreground_pixel_center_density[3].neighbors.2.0.p95,224.0
cells[3].foreground_pixel_center_density[3].neighbors.2.0.zero_fraction,0.0007145559245092683
cells[3].foreground_pixel_center_density[3].neighbors.2.0.weak_lt2_fraction,0.0007145559245092683
cells[3].capture_location_density[0].view,0
cells[3].capture_location_density[0].foreground_pixels,30547
cells[3].capture_location_density[0].capture_locations,30547
cells[3].capture_location_density[0].nearest_projected_distance_px.p50,0.22461838077515797
cells[3].capture_location_density[0].nearest_projected_distance_px.p90,0.46259868489451844
cells[3].capture_location_density[0].nearest_projected_distance_px.p95,0.5493472587628873
cells[3].capture_location_density[0].nearest_projected_distance_px.p99,0.9049944190008857
cells[3].capture_location_density[0].neighbors.0.5.mean,4.48767473074279
cells[3].capture_location_density[0].neighbors.0.5.p50,3.0
cells[3].capture_location_density[0].neighbors.0.5.p95,14.0
cells[3].capture_location_density[0].neighbors.0.5.zero_fraction,0.07473729007758537
cells[3].capture_location_density[0].neighbors.0.5.weak_lt2_fraction,0.2194323501489508
cells[3].capture_location_density[0].neighbors.1.0.mean,17.832422169116445
cells[3].capture_location_density[0].neighbors.1.0.p50,11.0
cells[3].capture_location_density[0].neighbors.1.0.p95,54.0
cells[3].capture_location_density[0].neighbors.1.0.zero_fraction,0.008249582610403641
cells[3].capture_location_density[0].neighbors.1.0.weak_lt2_fraction,0.008937047827937278
cells[3].capture_location_density[0].neighbors.2.0.mean,70.61992994402068
cells[3].capture_location_density[0].neighbors.2.0.p50,46.0
cells[3].capture_location_density[0].neighbors.2.0.p95,203.0
cells[3].capture_location_density[0].neighbors.2.0.zero_fraction,0.0005237830228827708
cells[3].capture_location_density[0].neighbors.2.0.weak_lt2_fraction,0.000556519461812944
cells[3].capture_location_density[1].view,1
cells[3].capture_location_density[1].foreground_pixels,27861
cells[3].capture_location_density[1].capture_locations,27861
cells[3].capture_location_density[1].nearest_projected_distance_px.p50,0.22134744880199006
cells[3].capture_location_density[1].nearest_projected_distance_px.p90,0.46082270186987384
cells[3].capture_location_density[1].nearest_projected_distance_px.p95,0.5483169937098925
cells[3].capture_location_density[1].nearest_projected_distance_px.p99,0.9520327750302423
cells[3].capture_location_density[1].neighbors.0.5.mean,4.802447866192886
cells[3].capture_location_density[1].neighbors.0.5.p50,3.0
cells[3].capture_location_density[1].neighbors.0.5.p95,16.0
cells[3].capture_location_density[1].neighbors.0.5.zero_fraction,0.07239510426761422
cells[3].capture_location_density[1].neighbors.0.5.weak_lt2_fraction,0.2176160223968989
cells[3].capture_location_density[1].neighbors.1.0.mean,19.176052546570475
cells[3].capture_location_density[1].neighbors.1.0.p50,12.0
cells[3].capture_location_density[1].neighbors.1.0.p95,60.0
cells[3].capture_location_density[1].neighbors.1.0.zero_fraction,0.009260256272208464
cells[3].capture_location_density[1].neighbors.1.0.weak_lt2_fraction,0.009726858332436021
cells[3].capture_location_density[1].neighbors.2.0.mean,75.47546749937189
cells[3].capture_location_density[1].neighbors.2.0.p50,49.0
cells[3].capture_location_density[1].neighbors.2.0.p95,221.0
cells[3].capture_location_density[1].neighbors.2.0.zero_fraction,0.0006460643910843114
cells[3].capture_location_density[1].neighbors.2.0.weak_lt2_fraction,0.0007178493234270127
cells[3].capture_location_density[2].view,2
cells[3].capture_location_density[2].foreground_pixels,32011
cells[3].capture_location_density[2].capture_locations,32011
cells[3].capture_location_density[2].nearest_projected_distance_px.p50,0.2395367102846012
cells[3].capture_location_density[2].nearest_projected_distance_px.p90,0.48786552298713703
cells[3].capture_location_density[2].nearest_projected_distance_px.p95,0.5800300123360361
cells[3].capture_location_density[2].nearest_projected_distance_px.p99,0.9442937653405816
cells[3].capture_location_density[2].neighbors.0.5.mean,4.00574802411671
cells[3].capture_location_density[2].neighbors.0.5.p50,3.0
cells[3].capture_location_density[2].neighbors.0.5.p95,12.0
cells[3].capture_location_density[2].neighbors.0.5.zero_fraction,0.0919683858673581
cells[3].capture_location_density[2].neighbors.0.5.weak_lt2_fraction,0.2604729624191684
cells[3].capture_location_density[2].neighbors.1.0.mean,15.944425353784636
cells[3].capture_location_density[2].neighbors.1.0.p50,11.0
cells[3].capture_location_density[2].neighbors.1.0.p95,49.0
cells[3].capture_location_density[2].neighbors.1.0.zero_fraction,0.008903189528599543
cells[3].capture_location_density[2].neighbors.1.0.weak_lt2_fraction,0.010340195557777014
cells[3].capture_location_density[2].neighbors.2.0.mean,62.83958639217769
cells[3].capture_location_density[2].neighbors.2.0.p50,42.0
cells[3].capture_location_density[2].neighbors.2.0.p95,183.0
cells[3].capture_location_density[2].neighbors.2.0.zero_fraction,0.0003748711380462966
cells[3].capture_location_density[2].neighbors.2.0.weak_lt2_fraction,0.0005310674455655868
cells[3].capture_location_density[3].view,3
cells[3].capture_location_density[3].foreground_pixels,23791
cells[3].capture_location_density[3].capture_locations,23791
cells[3].capture_location_density[3].nearest_projected_distance_px.p50,0.2189987603567413
cells[3].capture_location_density[3].nearest_projected_distance_px.p90,0.4622069181728868
cells[3].capture_location_density[3].nearest_projected_distance_px.p95,0.5468853314008003
cells[3].capture_location_density[3].nearest_projected_distance_px.p99,0.8672261087705487
cells[3].capture_location_density[3].neighbors.0.5.mean,4.840485898028667
cells[3].capture_location_density[3].neighbors.0.5.p50,3.0
cells[3].capture_location_density[3].neighbors.0.5.p95,15.0
cells[3].capture_location_density[3].neighbors.0.5.zero_fraction,0.07418771804463872
cells[3].capture_location_density[3].neighbors.0.5.weak_lt2_fraction,0.2136522214282712
cells[3].capture_location_density[3].neighbors.1.0.mean,19.317010634273466
cells[3].capture_location_density[3].neighbors.1.0.p50,12.0
cells[3].capture_location_density[3].neighbors.1.0.p95,59.0
cells[3].capture_location_density[3].neighbors.1.0.zero_fraction,0.007902147871043671
cells[3].capture_location_density[3].neighbors.1.0.weak_lt2_fraction,0.008532638392669496
cells[3].capture_location_density[3].neighbors.2.0.mean,76.33197427598672
cells[3].capture_location_density[3].neighbors.2.0.p50,50.0
cells[3].capture_location_density[3].neighbors.2.0.p95,224.0
cells[3].capture_location_density[3].neighbors.2.0.zero_fraction,0.0007145559245092683
cells[3].capture_location_density[3].neighbors.2.0.weak_lt2_fraction,0.0007145559245092683
cells[3].energy_accounting[0].view,0
cells[3].energy_accounting[0].input_energy,0.5036548950140115
cells[3].energy_accounting[0].detected_energy,0.5036549384071698
cells[3].energy_accounting[0].relative_energy_difference,8.615653043066719e-08
cells[3].energy_accounting[0].projected_count_sum,2359296.191168986
cells[3].energy_accounting[1].view,1
cells[3].energy_accounting[1].input_energy,0.3889894511205754
cells[3].energy_accounting[1].detected_energy,0.3889894851378172
cells[3].energy_accounting[1].relative_energy_difference,8.745029384008443e-08
cells[3].energy_accounting[1].projected_count_sum,2359296.1930390117
cells[3].energy_accounting[2].view,2
cells[3].energy_accounting[2].input_energy,0.5155430967950931
cells[3].energy_accounting[2].detected_energy,0.5155431430812415
cells[3].energy_accounting[2].relative_energy_difference,8.978133670355588e-08
cells[3].energy_accounting[2].projected_count_sum,2359296.2010577237
cells[3].energy_accounting[3].view,3
cells[3].energy_accounting[3].input_energy,0.3436636631495478
cells[3].energy_accounting[3].detected_energy,0.34366369137775765
cells[3].energy_accounting[3].relative_energy_difference,8.213905877181013e-08
cells[3].energy_accounting[3].projected_count_sum,2359296.185778185
cells[3].readout_seconds,1.9592318600043654
cells[3].cuda_allocated_peak_mib,457.75537109375
cells[3].cuda_reserved_peak_mib,552.0
cells[3].cpu_rss_peak_mib,2769.11328125
cells[3].cell_analysis_seconds,10.594244865933433
cells[4].E,2
cells[4].K_chart,1024
cells[4].N_theta,48
cells[4].N_r,48
cells[4].emitters_per_chart,2304
cells[4].total_emitters,2359296
cells[4].state_digest,63a3a8236a7975cf23776698cb94b8de23cea4b388e2675ab34252c8cccc5a67
cells[4].source_mass,9.088634202953163
cells[4].weight_sum,0.9999999999999999
cells[4].maximum_chart_mass_difference,1.3010426069826053e-18
cells[4].runtime.mapping_seconds,48.86740812798962
cells[4].runtime.mapping_peak_cuda_allocated_mib,416.84375
cells[4].runtime.mapping_peak_cuda_reserved_mib,552.0
cells[4].runtime.transport_seconds,8.37797020911239
cells[4].runtime.transport_peak_cuda_allocated_mib,422.26171875
cells[4].runtime.transport_peak_cuda_reserved_mib,552.0
cells[4].C,2
cells[4].capture_grid,2
cells[4].capture_samples_per_pixel,4
cells[4].whole_image_mse,17.334204925411523
cells[4].foreground_mse,1244.2062633161136
cells[4].interior_gt8px_mse,
cells[4].silhouette_0_8px_mse,99.3187066616815
cells[4].total_image_energy,5448958.023137079
cells[4].foreground_mean_brightness,0.8412116386481043
cells[4].edge_sharpness,0.14022082439493
cells[4].reference_edge_sharpness,2.19512979735671
cells[4].edge_sharpness_ratio,0.06387814723474597
cells[4].thin_feature_response_ratio,0.0021433662772640813
cells[4].historical_squared_image_energy,5337718.0625
cells[4].gradient_magnitude_ratio,0.024292468822230445
cells[4].gradient_cosine,0.0005356958313718552
cells[4].reference_aligned_gradient_energy,1097.0768821037366
cells[4].unmatched_gradient_energy,17780.314186547468
cells[4].excess_hf_weak_reference,0.008427139524483217
cells[4].gradient_squared_error,7.8274261217140175
cells[4].weak_reference_pixels,2031747.0
cells[4].gradient_per_view[0].gradient_magnitude_ratio,0.023049416388119404
cells[4].gradient_per_view[0].gradient_cosine,-0.0031635339221101713
cells[4].gradient_per_view[0].reference_aligned_gradient_energy,1218.0081153709275
cells[4].gradient_per_view[0].unmatched_gradient_energy,20101.790386920627
cells[4].gradient_per_view[0].excess_hf_weak_reference,0.009560654119280716
cells[4].gradient_per_view[0].gradient_squared_error,9.682827944007057
cells[4].gradient_per_view[0].weak_reference_pixels,2028939
cells[4].gradient_per_view[1].gradient_magnitude_ratio,0.024533617720899664
cells[4].gradient_per_view[1].gradient_cosine,0.002640826938020269
cells[4].gradient_per_view[1].reference_aligned_gradient_energy,1077.749231678674
cells[4].gradient_per_view[1].unmatched_gradient_energy,14663.925722016093
cells[4].gradient_per_view[1].excess_hf_weak_reference,0.006894151765235154
cells[4].gradient_per_view[1].gradient_squared_error,6.30925165879734
cells[4].gradient_per_view[1].weak_reference_pixels,2032827
cells[4].gradient_per_view[2].gradient_magnitude_ratio,0.024045530781751496
cells[4].gradient_per_view[2].gradient_cosine,7.282988505205214e-05
cells[4].gradient_per_view[2].reference_aligned_gradient_energy,1222.1950463190087
cells[4].gradient_per_view[2].unmatched_gradient_energy,21931.394758096514
cells[4].gradient_per_view[2].excess_hf_weak_reference,0.010459633891772527
cells[4].gradient_per_view[2].gradient_squared_error,9.661490466423965
cells[4].gradient_per_view[2].weak_reference_pixels,2026421
cells[4].gradient_per_view[3].gradient_magnitude_ratio,0.025541310398151214
cells[4].gradient_per_view[3].gradient_cosine,0.0025926604245252714
cells[4].gradient_per_view[3].reference_aligned_gradient_energy,870.3551350463359
cells[4].gradient_per_view[3].unmatched_gradient_energy,14424.145879156637
cells[4].gradient_per_view[3].excess_hf_weak_reference,0.006794118321644472
cells[4].gradient_per_view[3].gradient_squared_error,5.656134417627706
cells[4].gradient_per_view[3].weak_reference_pixels,2038801
cells[4].high_frequency_response,0.024292468822230445
cells[4].artifact_scores.spoke_anisotropy,0.6946499678054914
cells[4].artifact_scores.angular_lattice_fraction,0.02497791572458178
cells[4].artifact_scores.radial_banding_score,0.0004314776654455371
cells[4].artifact_scores.radial_banding_per_view[0],0.0003770955537730613
cells[4].artifact_scores.radial_banding_per_view[1],0.0004709302109148872
cells[4].artifact_scores.radial_banding_per_view[2],0.00041536360264583837
cells[4].artifact_scores.radial_banding_per_view[3],0.0004625212944483615
cells[4].artifact_scores.scope,Fixed image-plane circles r=4..64px around all chart centers; geometry/overlap can also cause anisotropy or radial variation.
cells[4].foreground_pixel_center_density[0].view,0
cells[4].foreground_pixel_center_density[0].foreground_pixels,30547
cells[4].foreground_pixel_center_density[0].capture_locations,30547
cells[4].foreground_pixel_center_density[0].nearest_projected_distance_px.p50,0.22461838077515797
cells[4].foreground_pixel_center_density[0].nearest_projected_distance_px.p90,0.46259868489451844
cells[4].foreground_pixel_center_density[0].nearest_projected_distance_px.p95,0.5493472587628873
cells[4].foreground_pixel_center_density[0].nearest_projected_distance_px.p99,0.9049944190008857
cells[4].foreground_pixel_center_density[0].neighbors.0.5.mean,4.48767473074279
cells[4].foreground_pixel_center_density[0].neighbors.0.5.p50,3.0
cells[4].foreground_pixel_center_density[0].neighbors.0.5.p95,14.0
cells[4].foreground_pixel_center_density[0].neighbors.0.5.zero_fraction,0.07473729007758537
cells[4].foreground_pixel_center_density[0].neighbors.0.5.weak_lt2_fraction,0.2194323501489508
cells[4].foreground_pixel_center_density[0].neighbors.1.0.mean,17.832422169116445
cells[4].foreground_pixel_center_density[0].neighbors.1.0.p50,11.0
cells[4].foreground_pixel_center_density[0].neighbors.1.0.p95,54.0
cells[4].foreground_pixel_center_density[0].neighbors.1.0.zero_fraction,0.008249582610403641
cells[4].foreground_pixel_center_density[0].neighbors.1.0.weak_lt2_fraction,0.008937047827937278
cells[4].foreground_pixel_center_density[0].neighbors.2.0.mean,70.61992994402068
cells[4].foreground_pixel_center_density[0].neighbors.2.0.p50,46.0
cells[4].foreground_pixel_center_density[0].neighbors.2.0.p95,203.0
cells[4].foreground_pixel_center_density[0].neighbors.2.0.zero_fraction,0.0005237830228827708
cells[4].foreground_pixel_center_density[0].neighbors.2.0.weak_lt2_fraction,0.000556519461812944
cells[4].foreground_pixel_center_density[1].view,1
cells[4].foreground_pixel_center_density[1].foreground_pixels,27861
cells[4].foreground_pixel_center_density[1].capture_locations,27861
cells[4].foreground_pixel_center_density[1].nearest_projected_distance_px.p50,0.22134744880199006
cells[4].foreground_pixel_center_density[1].nearest_projected_distance_px.p90,0.46082270186987384
cells[4].foreground_pixel_center_density[1].nearest_projected_distance_px.p95,0.5483169937098925
cells[4].foreground_pixel_center_density[1].nearest_projected_distance_px.p99,0.9520327750302423
cells[4].foreground_pixel_center_density[1].neighbors.0.5.mean,4.802447866192886
cells[4].foreground_pixel_center_density[1].neighbors.0.5.p50,3.0
cells[4].foreground_pixel_center_density[1].neighbors.0.5.p95,16.0
cells[4].foreground_pixel_center_density[1].neighbors.0.5.zero_fraction,0.07239510426761422
cells[4].foreground_pixel_center_density[1].neighbors.0.5.weak_lt2_fraction,0.2176160223968989
cells[4].foreground_pixel_center_density[1].neighbors.1.0.mean,19.176052546570475
cells[4].foreground_pixel_center_density[1].neighbors.1.0.p50,12.0
cells[4].foreground_pixel_center_density[1].neighbors.1.0.p95,60.0
cells[4].foreground_pixel_center_density[1].neighbors.1.0.zero_fraction,0.009260256272208464
cells[4].foreground_pixel_center_density[1].neighbors.1.0.weak_lt2_fraction,0.009726858332436021
cells[4].foreground_pixel_center_density[1].neighbors.2.0.mean,75.47546749937189
cells[4].foreground_pixel_center_density[1].neighbors.2.0.p50,49.0
cells[4].foreground_pixel_center_density[1].neighbors.2.0.p95,221.0
cells[4].foreground_pixel_center_density[1].neighbors.2.0.zero_fraction,0.0006460643910843114
cells[4].foreground_pixel_center_density[1].neighbors.2.0.weak_lt2_fraction,0.0007178493234270127
cells[4].foreground_pixel_center_density[2].view,2
cells[4].foreground_pixel_center_density[2].foreground_pixels,32011
cells[4].foreground_pixel_center_density[2].capture_locations,32011
cells[4].foreground_pixel_center_density[2].nearest_projected_distance_px.p50,0.2395367102846012
cells[4].foreground_pixel_center_density[2].nearest_projected_distance_px.p90,0.48786552298713703
cells[4].foreground_pixel_center_density[2].nearest_projected_distance_px.p95,0.5800300123360361
cells[4].foreground_pixel_center_density[2].nearest_projected_distance_px.p99,0.9442937653405816
cells[4].foreground_pixel_center_density[2].neighbors.0.5.mean,4.00574802411671
cells[4].foreground_pixel_center_density[2].neighbors.0.5.p50,3.0
cells[4].foreground_pixel_center_density[2].neighbors.0.5.p95,12.0
cells[4].foreground_pixel_center_density[2].neighbors.0.5.zero_fraction,0.0919683858673581
cells[4].foreground_pixel_center_density[2].neighbors.0.5.weak_lt2_fraction,0.2604729624191684
cells[4].foreground_pixel_center_density[2].neighbors.1.0.mean,15.944425353784636
cells[4].foreground_pixel_center_density[2].neighbors.1.0.p50,11.0
cells[4].foreground_pixel_center_density[2].neighbors.1.0.p95,49.0
cells[4].foreground_pixel_center_density[2].neighbors.1.0.zero_fraction,0.008903189528599543
cells[4].foreground_pixel_center_density[2].neighbors.1.0.weak_lt2_fraction,0.010340195557777014
cells[4].foreground_pixel_center_density[2].neighbors.2.0.mean,62.83958639217769
cells[4].foreground_pixel_center_density[2].neighbors.2.0.p50,42.0
cells[4].foreground_pixel_center_density[2].neighbors.2.0.p95,183.0
cells[4].foreground_pixel_center_density[2].neighbors.2.0.zero_fraction,0.0003748711380462966
cells[4].foreground_pixel_center_density[2].neighbors.2.0.weak_lt2_fraction,0.0005310674455655868
cells[4].foreground_pixel_center_density[3].view,3
cells[4].foreground_pixel_center_density[3].foreground_pixels,23791
cells[4].foreground_pixel_center_density[3].capture_locations,23791
cells[4].foreground_pixel_center_density[3].nearest_projected_distance_px.p50,0.2189987603567413
cells[4].foreground_pixel_center_density[3].nearest_projected_distance_px.p90,0.4622069181728868
cells[4].foreground_pixel_center_density[3].nearest_projected_distance_px.p95,0.5468853314008003
cells[4].foreground_pixel_center_density[3].nearest_projected_distance_px.p99,0.8672261087705487
cells[4].foreground_pixel_center_density[3].neighbors.0.5.mean,4.840485898028667
cells[4].foreground_pixel_center_density[3].neighbors.0.5.p50,3.0
cells[4].foreground_pixel_center_density[3].neighbors.0.5.p95,15.0
cells[4].foreground_pixel_center_density[3].neighbors.0.5.zero_fraction,0.07418771804463872
cells[4].foreground_pixel_center_density[3].neighbors.0.5.weak_lt2_fraction,0.2136522214282712
cells[4].foreground_pixel_center_density[3].neighbors.1.0.mean,19.317010634273466
cells[4].foreground_pixel_center_density[3].neighbors.1.0.p50,12.0
cells[4].foreground_pixel_center_density[3].neighbors.1.0.p95,59.0
cells[4].foreground_pixel_center_density[3].neighbors.1.0.zero_fraction,0.007902147871043671
cells[4].foreground_pixel_center_density[3].neighbors.1.0.weak_lt2_fraction,0.008532638392669496
cells[4].foreground_pixel_center_density[3].neighbors.2.0.mean,76.33197427598672
cells[4].foreground_pixel_center_density[3].neighbors.2.0.p50,50.0
cells[4].foreground_pixel_center_density[3].neighbors.2.0.p95,224.0
cells[4].foreground_pixel_center_density[3].neighbors.2.0.zero_fraction,0.0007145559245092683
cells[4].foreground_pixel_center_density[3].neighbors.2.0.weak_lt2_fraction,0.0007145559245092683
cells[4].capture_location_density[0].view,0
cells[4].capture_location_density[0].foreground_pixels,30547
cells[4].capture_location_density[0].capture_locations,122188
cells[4].capture_location_density[0].nearest_projected_distance_px.p50,0.22587700504095876
cells[4].capture_location_density[0].nearest_projected_distance_px.p90,0.46258504734391803
cells[4].capture_location_density[0].nearest_projected_distance_px.p95,0.54899928443494
cells[4].capture_location_density[0].nearest_projected_distance_px.p99,0.9036302142641148
cells[4].capture_location_density[0].neighbors.0.5.mean,4.4694814548073465
cells[4].capture_location_density[0].neighbors.0.5.p50,3.0
cells[4].capture_location_density[0].neighbors.0.5.p95,14.0
cells[4].capture_location_density[0].neighbors.0.5.zero_fraction,0.07437718924935345
cells[4].capture_location_density[0].neighbors.0.5.weak_lt2_fraction,0.223156120077258
cells[4].capture_location_density[0].neighbors.1.0.mean,17.822961338265625
cells[4].capture_location_density[0].neighbors.1.0.p50,11.0
cells[4].capture_location_density[0].neighbors.1.0.p95,54.0
cells[4].capture_location_density[0].neighbors.1.0.zero_fraction,0.008748813304088781
cells[4].capture_location_density[0].neighbors.1.0.weak_lt2_fraction,0.009403542082692245
cells[4].capture_location_density[0].neighbors.2.0.mean,70.5363619995417
cells[4].capture_location_density[0].neighbors.2.0.p50,46.0
cells[4].capture_location_density[0].neighbors.2.0.p95,203.0
cells[4].capture_location_density[0].neighbors.2.0.zero_fraction,0.000916620290044849
cells[4].capture_location_density[0].neighbors.2.0.weak_lt2_fraction,0.0009657249484401087
cells[4].capture_location_density[1].view,1
cells[4].capture_location_density[1].foreground_pixels,27861
cells[4].capture_location_density[1].capture_locations,111444
cells[4].capture_location_density[1].nearest_projected_distance_px.p50,0.22144148458910967
cells[4].capture_location_density[1].nearest_projected_distance_px.p90,0.45965977235315814
cells[4].capture_location_density[1].nearest_projected_distance_px.p95,0.5463155845750391
cells[4].capture_location_density[1].nearest_projected_distance_px.p99,0.9637626214697121
cells[4].capture_location_density[1].neighbors.0.5.mean,4.798732995944151
cells[4].capture_location_density[1].neighbors.0.5.p50,3.0
cells[4].capture_location_density[1].neighbors.0.5.p95,15.0
cells[4].capture_location_density[1].neighbors.0.5.zero_fraction,0.07269121711352787
cells[4].capture_location_density[1].neighbors.0.5.weak_lt2_fraction,0.2161444312838735
cells[4].capture_location_density[1].neighbors.1.0.mean,19.134309608413194
cells[4].capture_location_density[1].neighbors.1.0.p50,12.0
cells[4].capture_location_density[1].neighbors.1.0.p95,60.0
cells[4].capture_location_density[1].neighbors.1.0.zero_fraction,0.009574315351207782
cells[4].capture_location_density[1].neighbors.1.0.weak_lt2_fraction,0.01000502494526399
cells[4].capture_location_density[1].neighbors.2.0.mean,75.38400452245074
cells[4].capture_location_density[1].neighbors.2.0.p50,48.0
cells[4].capture_location_density[1].neighbors.2.0.p95,221.0
cells[4].capture_location_density[1].neighbors.2.0.zero_fraction,0.0008793654211980905
cells[4].capture_location_density[1].neighbors.2.0.weak_lt2_fraction,0.0009511503535407918
cells[4].capture_location_density[2].view,2
cells[4].capture_location_density[2].foreground_pixels,32011
cells[4].capture_location_density[2].capture_locations,128044
cells[4].capture_location_density[2].nearest_projected_distance_px.p50,0.23795520070899612
cells[4].capture_location_density[2].nearest_projected_distance_px.p90,0.4872283352667151
cells[4].capture_location_density[2].nearest_projected_distance_px.p95,0.5782025328043945
cells[4].capture_location_density[2].nearest_projected_distance_px.p99,0.9605991957259473
cells[4].capture_location_density[2].neighbors.0.5.mean,3.9930570741307676
cells[4].capture_location_density[2].neighbors.0.5.p50,3.0
cells[4].capture_location_density[2].neighbors.0.5.p95,12.0
cells[4].capture_location_density[2].neighbors.0.5.zero_fraction,0.0906016681765643
cells[4].capture_location_density[2].neighbors.0.5.weak_lt2_fraction,0.2611367967261254
cells[4].capture_location_density[2].neighbors.1.0.mean,15.928610477648308
cells[4].capture_location_density[2].neighbors.1.0.p50,11.0
cells[4].capture_location_density[2].neighbors.1.0.p95,48.0
cells[4].capture_location_density[2].neighbors.1.0.zero_fraction,0.009340539189653557
cells[4].capture_location_density[2].neighbors.1.0.weak_lt2_fraction,0.010519821311424198
cells[4].capture_location_density[2].neighbors.2.0.mean,62.769462059916904
cells[4].capture_location_density[2].neighbors.2.0.p50,42.0
cells[4].capture_location_density[2].neighbors.2.0.p95,182.0
cells[4].capture_location_density[2].neighbors.2.0.zero_fraction,0.0008512698759801318
cells[4].capture_location_density[2].neighbors.2.0.weak_lt2_fraction,0.0009137483989878479
cells[4].capture_location_density[3].view,3
cells[4].capture_location_density[3].foreground_pixels,23791
cells[4].capture_location_density[3].capture_locations,95164
cells[4].capture_location_density[3].nearest_projected_distance_px.p50,0.22100655754704499
cells[4].capture_location_density[3].nearest_projected_distance_px.p90,0.46006481766421037
cells[4].capture_location_density[3].nearest_projected_distance_px.p95,0.5478046417869901
cells[4].capture_location_density[3].nearest_projected_distance_px.p99,0.890574827476031
cells[4].capture_location_density[3].neighbors.0.5.mean,4.836808036652515
cells[4].capture_location_density[3].neighbors.0.5.p50,3.0
cells[4].capture_location_density[3].neighbors.0.5.p95,15.0
cells[4].capture_location_density[3].neighbors.0.5.zero_fraction,0.0729687697028288
cells[4].capture_location_density[3].neighbors.0.5.weak_lt2_fraction,0.21497625152368544
cells[4].capture_location_density[3].neighbors.1.0.mean,19.29908368710857
cells[4].capture_location_density[3].neighbors.1.0.p50,12.0
cells[4].capture_location_density[3].neighbors.1.0.p95,59.0
cells[4].capture_location_density[3].neighbors.1.0.zero_fraction,0.008311966710100458
cells[4].capture_location_density[3].neighbors.1.0.weak_lt2_fraction,0.008984489933168005
cells[4].capture_location_density[3].neighbors.2.0.mean,76.25426631919633
cells[4].capture_location_density[3].neighbors.2.0.p50,50.0
cells[4].capture_location_density[3].neighbors.2.0.p95,224.0
cells[4].capture_location_density[3].neighbors.2.0.zero_fraction,0.0010192930099617503
cells[4].capture_location_density[3].neighbors.2.0.weak_lt2_fraction,0.0011033584128451936
cells[4].energy_accounting[0].view,0
cells[4].energy_accounting[0].input_energy,0.5036548950140115
cells[4].energy_accounting[0].detected_energy,0.5036549266894961
cells[4].energy_accounting[0].relative_energy_difference,6.289124732468855e-08
cells[4].energy_accounting[0].projected_count_sum,2359296.0750602377
cells[4].energy_accounting[1].view,1
cells[4].energy_accounting[1].input_energy,0.3889894511205754
cells[4].energy_accounting[1].detected_energy,0.38898947636959497
cells[4].energy_accounting[1].relative_energy_difference,6.490926545458199e-08
cells[4].energy_accounting[1].projected_count_sum,2359296.069406179
cells[4].energy_accounting[2].view,2
cells[4].energy_accounting[2].input_energy,0.5155430967950931
cells[4].energy_accounting[2].detected_energy,0.5155431359230522
cells[4].energy_accounting[2].relative_energy_difference,7.58965823385848e-08
cells[4].energy_accounting[2].projected_count_sum,2359296.1125555946
cells[4].energy_accounting[3].view,3
cells[4].energy_accounting[3].input_energy,0.3436636631495478
cells[4].energy_accounting[3].detected_energy,0.3436636772798163
cells[4].energy_accounting[3].relative_energy_difference,4.1116562414006884e-08
cells[4].energy_accounting[3].projected_count_sum,2359296.0504915197
cells[4].readout_seconds,4.050477305892855
cells[4].cuda_allocated_peak_mib,457.75537109375
cells[4].cuda_reserved_peak_mib,552.0
cells[4].cpu_rss_peak_mib,3126.6640625
cells[4].cell_analysis_seconds,13.04552739020437
cells[5].E,2
cells[5].K_chart,1024
cells[5].N_theta,48
cells[5].N_r,48
cells[5].emitters_per_chart,2304
cells[5].total_emitters,2359296
cells[5].state_digest,63a3a8236a7975cf23776698cb94b8de23cea4b388e2675ab34252c8cccc5a67
cells[5].source_mass,9.088634202953163
cells[5].weight_sum,0.9999999999999999
cells[5].maximum_chart_mass_difference,1.3010426069826053e-18
cells[5].runtime.mapping_seconds,48.86740812798962
cells[5].runtime.mapping_peak_cuda_allocated_mib,416.84375
cells[5].runtime.mapping_peak_cuda_reserved_mib,552.0
cells[5].runtime.transport_seconds,8.37797020911239
cells[5].runtime.transport_peak_cuda_allocated_mib,422.26171875
cells[5].runtime.transport_peak_cuda_reserved_mib,552.0
cells[5].C,3
cells[5].capture_grid,4
cells[5].capture_samples_per_pixel,16
cells[5].whole_image_mse,17.33369727366255
cells[5].foreground_mse,1244.20451215597
cells[5].interior_gt8px_mse,
cells[5].silhouette_0_8px_mse,99.31693087303366
cells[5].total_image_energy,5448957.3284710795
cells[5].foreground_mean_brightness,0.8412190035533957
cells[5].edge_sharpness,0.13584802842992416
cells[5].reference_edge_sharpness,2.19512979735671
cells[5].edge_sharpness_ratio,0.061886102859843216
cells[5].thin_feature_response_ratio,0.0020616390625817368
cells[5].historical_squared_image_energy,5324992.875
cells[5].gradient_magnitude_ratio,0.023574847354128875
cells[5].gradient_cosine,0.0005248055298986031
cells[5].reference_aligned_gradient_energy,1046.450449825532
cells[5].unmatched_gradient_energy,16724.310055467005
cells[5].excess_hf_weak_reference,0.007920479558990582
cells[5].gradient_squared_error,7.827168810173397
cells[5].weak_reference_pixels,2031747.0
cells[5].gradient_per_view[0].gradient_magnitude_ratio,0.022345148916304104
cells[5].gradient_per_view[0].gradient_cosine,-0.003237246211449918
cells[5].gradient_per_view[0].reference_aligned_gradient_energy,1158.2921006399997
cells[5].gradient_per_view[0].unmatched_gradient_energy,18878.57120364578
cells[5].gradient_per_view[0].excess_hf_weak_reference,0.008973038454016428
cells[5].gradient_per_view[0].gradient_squared_error,9.682507353116373
cells[5].gradient_per_view[0].weak_reference_pixels,2028939
cells[5].gradient_per_view[1].gradient_magnitude_ratio,0.023849761220758978
cells[5].gradient_per_view[1].gradient_cosine,0.002707432292580676
cells[5].gradient_per_view[1].reference_aligned_gradient_energy,1033.2486779259752
cells[5].gradient_per_view[1].unmatched_gradient_energy,13843.081996610495
cells[5].gradient_per_view[1].excess_hf_weak_reference,0.006502251226196933
cells[5].gradient_per_view[1].gradient_squared_error,6.309045743603771
cells[5].gradient_per_view[1].weak_reference_pixels,2032827
cells[5].gradient_per_view[2].gradient_magnitude_ratio,0.02330706937781463
cells[5].gradient_per_view[2].gradient_cosine,-6.93609872642112e-06
cells[5].gradient_per_view[2].reference_aligned_gradient_energy,1163.1245404204617
cells[5].gradient_per_view[2].unmatched_gradient_energy,20590.16480350379
cells[5].gradient_per_view[2].excess_hf_weak_reference,0.009813119557318341
cells[5].gradient_per_view[2].gradient_squared_error,9.661189758386953
cells[5].gradient_per_view[2].weak_reference_pixels,2026421
cells[5].gradient_per_view[3].gradient_magnitude_ratio,0.02479740990163779
cells[5].gradient_per_view[3].gradient_cosine,0.0026359721371900756
cells[5].gradient_per_view[3].reference_aligned_gradient_energy,831.1364803156913
cells[5].gradient_per_view[3].unmatched_gradient_energy,13585.422218107953
cells[5].gradient_per_view[3].excess_hf_weak_reference,0.00639350899843063
cells[5].gradient_per_view[3].gradient_squared_error,5.655932385586492
cells[5].gradient_per_view[3].weak_reference_pixels,2038801
cells[5].high_frequency_response,0.023574847354128875
cells[5].artifact_scores.spoke_anisotropy,0.6972332968284842
cells[5].artifact_scores.angular_lattice_fraction,0.02481829200640253
cells[5].artifact_scores.radial_banding_score,0.00041967886890344284
cells[5].artifact_scores.radial_banding_per_view[0],0.00036607262398969455
cells[5].artifact_scores.radial_banding_per_view[1],0.0004589662976440549
cells[5].artifact_scores.radial_banding_per_view[2],0.00040341962523989157
cells[5].artifact_scores.radial_banding_per_view[3],0.0004502569287401304
cells[5].artifact_scores.scope,Fixed image-plane circles r=4..64px around all chart centers; geometry/overlap can also cause anisotropy or radial variation.
cells[5].foreground_pixel_center_density[0].view,0
cells[5].foreground_pixel_center_density[0].foreground_pixels,30547
cells[5].foreground_pixel_center_density[0].capture_locations,30547
cells[5].foreground_pixel_center_density[0].nearest_projected_distance_px.p50,0.22461838077515797
cells[5].foreground_pixel_center_density[0].nearest_projected_distance_px.p90,0.46259868489451844
cells[5].foreground_pixel_center_density[0].nearest_projected_distance_px.p95,0.5493472587628873
cells[5].foreground_pixel_center_density[0].nearest_projected_distance_px.p99,0.9049944190008857
cells[5].foreground_pixel_center_density[0].neighbors.0.5.mean,4.48767473074279
cells[5].foreground_pixel_center_density[0].neighbors.0.5.p50,3.0
cells[5].foreground_pixel_center_density[0].neighbors.0.5.p95,14.0
cells[5].foreground_pixel_center_density[0].neighbors.0.5.zero_fraction,0.07473729007758537
cells[5].foreground_pixel_center_density[0].neighbors.0.5.weak_lt2_fraction,0.2194323501489508
cells[5].foreground_pixel_center_density[0].neighbors.1.0.mean,17.832422169116445
cells[5].foreground_pixel_center_density[0].neighbors.1.0.p50,11.0
cells[5].foreground_pixel_center_density[0].neighbors.1.0.p95,54.0
cells[5].foreground_pixel_center_density[0].neighbors.1.0.zero_fraction,0.008249582610403641
cells[5].foreground_pixel_center_density[0].neighbors.1.0.weak_lt2_fraction,0.008937047827937278
cells[5].foreground_pixel_center_density[0].neighbors.2.0.mean,70.61992994402068
cells[5].foreground_pixel_center_density[0].neighbors.2.0.p50,46.0
cells[5].foreground_pixel_center_density[0].neighbors.2.0.p95,203.0
cells[5].foreground_pixel_center_density[0].neighbors.2.0.zero_fraction,0.0005237830228827708
cells[5].foreground_pixel_center_density[0].neighbors.2.0.weak_lt2_fraction,0.000556519461812944
cells[5].foreground_pixel_center_density[1].view,1
cells[5].foreground_pixel_center_density[1].foreground_pixels,27861
cells[5].foreground_pixel_center_density[1].capture_locations,27861
cells[5].foreground_pixel_center_density[1].nearest_projected_distance_px.p50,0.22134744880199006
cells[5].foreground_pixel_center_density[1].nearest_projected_distance_px.p90,0.46082270186987384
cells[5].foreground_pixel_center_density[1].nearest_projected_distance_px.p95,0.5483169937098925
cells[5].foreground_pixel_center_density[1].nearest_projected_distance_px.p99,0.9520327750302423
cells[5].foreground_pixel_center_density[1].neighbors.0.5.mean,4.802447866192886
cells[5].foreground_pixel_center_density[1].neighbors.0.5.p50,3.0
cells[5].foreground_pixel_center_density[1].neighbors.0.5.p95,16.0
cells[5].foreground_pixel_center_density[1].neighbors.0.5.zero_fraction,0.07239510426761422
cells[5].foreground_pixel_center_density[1].neighbors.0.5.weak_lt2_fraction,0.2176160223968989
cells[5].foreground_pixel_center_density[1].neighbors.1.0.mean,19.176052546570475
cells[5].foreground_pixel_center_density[1].neighbors.1.0.p50,12.0
cells[5].foreground_pixel_center_density[1].neighbors.1.0.p95,60.0
cells[5].foreground_pixel_center_density[1].neighbors.1.0.zero_fraction,0.009260256272208464
cells[5].foreground_pixel_center_density[1].neighbors.1.0.weak_lt2_fraction,0.009726858332436021
cells[5].foreground_pixel_center_density[1].neighbors.2.0.mean,75.47546749937189
cells[5].foreground_pixel_center_density[1].neighbors.2.0.p50,49.0
cells[5].foreground_pixel_center_density[1].neighbors.2.0.p95,221.0
cells[5].foreground_pixel_center_density[1].neighbors.2.0.zero_fraction,0.0006460643910843114
cells[5].foreground_pixel_center_density[1].neighbors.2.0.weak_lt2_fraction,0.0007178493234270127
cells[5].foreground_pixel_center_density[2].view,2
cells[5].foreground_pixel_center_density[2].foreground_pixels,32011
cells[5].foreground_pixel_center_density[2].capture_locations,32011
cells[5].foreground_pixel_center_density[2].nearest_projected_distance_px.p50,0.2395367102846012
cells[5].foreground_pixel_center_density[2].nearest_projected_distance_px.p90,0.48786552298713703
cells[5].foreground_pixel_center_density[2].nearest_projected_distance_px.p95,0.5800300123360361
cells[5].foreground_pixel_center_density[2].nearest_projected_distance_px.p99,0.9442937653405816
cells[5].foreground_pixel_center_density[2].neighbors.0.5.mean,4.00574802411671
cells[5].foreground_pixel_center_density[2].neighbors.0.5.p50,3.0
cells[5].foreground_pixel_center_density[2].neighbors.0.5.p95,12.0
cells[5].foreground_pixel_center_density[2].neighbors.0.5.zero_fraction,0.0919683858673581
cells[5].foreground_pixel_center_density[2].neighbors.0.5.weak_lt2_fraction,0.2604729624191684
cells[5].foreground_pixel_center_density[2].neighbors.1.0.mean,15.944425353784636
cells[5].foreground_pixel_center_density[2].neighbors.1.0.p50,11.0
cells[5].foreground_pixel_center_density[2].neighbors.1.0.p95,49.0
cells[5].foreground_pixel_center_density[2].neighbors.1.0.zero_fraction,0.008903189528599543
cells[5].foreground_pixel_center_density[2].neighbors.1.0.weak_lt2_fraction,0.010340195557777014
cells[5].foreground_pixel_center_density[2].neighbors.2.0.mean,62.83958639217769
cells[5].foreground_pixel_center_density[2].neighbors.2.0.p50,42.0
cells[5].foreground_pixel_center_density[2].neighbors.2.0.p95,183.0
cells[5].foreground_pixel_center_density[2].neighbors.2.0.zero_fraction,0.0003748711380462966
cells[5].foreground_pixel_center_density[2].neighbors.2.0.weak_lt2_fraction,0.0005310674455655868
cells[5].foreground_pixel_center_density[3].view,3
cells[5].foreground_pixel_center_density[3].foreground_pixels,23791
cells[5].foreground_pixel_center_density[3].capture_locations,23791
cells[5].foreground_pixel_center_density[3].nearest_projected_distance_px.p50,0.2189987603567413
cells[5].foreground_pixel_center_density[3].nearest_projected_distance_px.p90,0.4622069181728868
cells[5].foreground_pixel_center_density[3].nearest_projected_distance_px.p95,0.5468853314008003
cells[5].foreground_pixel_center_density[3].nearest_projected_distance_px.p99,0.8672261087705487
cells[5].foreground_pixel_center_density[3].neighbors.0.5.mean,4.840485898028667
cells[5].foreground_pixel_center_density[3].neighbors.0.5.p50,3.0
cells[5].foreground_pixel_center_density[3].neighbors.0.5.p95,15.0
cells[5].foreground_pixel_center_density[3].neighbors.0.5.zero_fraction,0.07418771804463872
cells[5].foreground_pixel_center_density[3].neighbors.0.5.weak_lt2_fraction,0.2136522214282712
cells[5].foreground_pixel_center_density[3].neighbors.1.0.mean,19.317010634273466
cells[5].foreground_pixel_center_density[3].neighbors.1.0.p50,12.0
cells[5].foreground_pixel_center_density[3].neighbors.1.0.p95,59.0
cells[5].foreground_pixel_center_density[3].neighbors.1.0.zero_fraction,0.007902147871043671
cells[5].foreground_pixel_center_density[3].neighbors.1.0.weak_lt2_fraction,0.008532638392669496
cells[5].foreground_pixel_center_density[3].neighbors.2.0.mean,76.33197427598672
cells[5].foreground_pixel_center_density[3].neighbors.2.0.p50,50.0
cells[5].foreground_pixel_center_density[3].neighbors.2.0.p95,224.0
cells[5].foreground_pixel_center_density[3].neighbors.2.0.zero_fraction,0.0007145559245092683
cells[5].foreground_pixel_center_density[3].neighbors.2.0.weak_lt2_fraction,0.0007145559245092683
cells[5].capture_location_density[0].view,0
cells[5].capture_location_density[0].foreground_pixels,30547
cells[5].capture_location_density[0].capture_locations,488752
cells[5].capture_location_density[0].nearest_projected_distance_px.p50,0.22598063952775727
cells[5].capture_location_density[0].nearest_projected_distance_px.p90,0.46313453816947736
cells[5].capture_location_density[0].nearest_projected_distance_px.p95,0.5487979121181104
cells[5].capture_location_density[0].nearest_projected_distance_px.p99,0.9093463441914209
cells[5].capture_location_density[0].neighbors.0.5.mean,4.466754100238976
cells[5].capture_location_density[0].neighbors.0.5.p50,3.0
cells[5].capture_location_density[0].neighbors.0.5.p95,14.0
cells[5].capture_location_density[0].neighbors.0.5.zero_fraction,0.07458997610239958
cells[5].capture_location_density[0].neighbors.0.5.weak_lt2_fraction,0.22228451239074212
cells[5].capture_location_density[0].neighbors.1.0.mean,17.814468278390677
cells[5].capture_location_density[0].neighbors.1.0.p50,11.0
cells[5].capture_location_density[0].neighbors.1.0.p95,54.0
cells[5].capture_location_density[0].neighbors.1.0.zero_fraction,0.008732445084623695
cells[5].capture_location_density[0].neighbors.1.0.weak_lt2_fraction,0.009442416603921826
cells[5].capture_location_density[0].neighbors.2.0.mean,70.51685517399417
cells[5].capture_location_density[0].neighbors.2.0.p50,46.0
cells[5].capture_location_density[0].neighbors.2.0.p95,203.0
cells[5].capture_location_density[0].neighbors.2.0.zero_fraction,0.0009554948112744296
cells[5].capture_location_density[0].neighbors.2.0.weak_lt2_fraction,0.0010005074148034176
cells[5].capture_location_density[1].view,1
cells[5].capture_location_density[1].foreground_pixels,27861
cells[5].capture_location_density[1].capture_locations,445776
cells[5].capture_location_density[1].nearest_projected_distance_px.p50,0.22097649442644848
cells[5].capture_location_density[1].nearest_projected_distance_px.p90,0.4592572830700147
cells[5].capture_location_density[1].nearest_projected_distance_px.p95,0.5474766106097051
cells[5].capture_location_density[1].nearest_projected_distance_px.p99,0.9715036124556689
cells[5].capture_location_density[1].neighbors.0.5.mean,4.802748465597071
cells[5].capture_location_density[1].neighbors.0.5.p50,3.0
cells[5].capture_location_density[1].neighbors.0.5.p95,16.0
cells[5].capture_location_density[1].neighbors.0.5.zero_fraction,0.07277421844154912
cells[5].capture_location_density[1].neighbors.0.5.weak_lt2_fraction,0.21469975952047665
cells[5].capture_location_density[1].neighbors.1.0.mean,19.13347510857471
cells[5].capture_location_density[1].neighbors.1.0.p50,12.0
cells[5].capture_location_density[1].neighbors.1.0.p95,60.0
cells[5].capture_location_density[1].neighbors.1.0.zero_fraction,0.009619180933921969
cells[5].capture_location_density[1].neighbors.1.0.weak_lt2_fraction,0.01011494562291375
cells[5].capture_location_density[1].neighbors.2.0.mean,75.36311510713901
cells[5].capture_location_density[1].neighbors.2.0.p50,48.0
cells[5].capture_location_density[1].neighbors.2.0.p95,220.0
cells[5].capture_location_density[1].neighbors.2.0.zero_fraction,0.0009758264240335953
cells[5].capture_location_density[1].neighbors.2.0.weak_lt2_fraction,0.001022935285883493
cells[5].capture_location_density[2].view,2
cells[5].capture_location_density[2].foreground_pixels,32011
cells[5].capture_location_density[2].capture_locations,512176
cells[5].capture_location_density[2].nearest_projected_distance_px.p50,0.23822120846274028
cells[5].capture_location_density[2].nearest_projected_distance_px.p90,0.48675352477595013
cells[5].capture_location_density[2].nearest_projected_distance_px.p95,0.578837915512097
cells[5].capture_location_density[2].nearest_projected_distance_px.p99,0.9636125549737133
cells[5].capture_location_density[2].neighbors.0.5.mean,3.995118865390022
cells[5].capture_location_density[2].neighbors.0.5.p50,3.0
cells[5].capture_location_density[2].neighbors.0.5.p95,12.0
cells[5].capture_location_density[2].neighbors.0.5.zero_fraction,0.09063876479960013
cells[5].capture_location_density[2].neighbors.0.5.weak_lt2_fraction,0.26026209740401735
cells[5].capture_location_density[2].neighbors.1.0.mean,15.923871872168942
cells[5].capture_location_density[2].neighbors.1.0.p50,11.0
cells[5].capture_location_density[2].neighbors.1.0.p95,48.0
cells[5].capture_location_density[2].neighbors.1.0.zero_fraction,0.009410827528037237
cells[5].capture_location_density[2].neighbors.1.0.weak_lt2_fraction,0.010613539095935771
cells[5].capture_location_density[2].neighbors.2.0.mean,62.75308292461966
cells[5].capture_location_density[2].neighbors.2.0.p50,42.0
cells[5].capture_location_density[2].neighbors.2.0.p95,182.0
cells[5].capture_location_density[2].neighbors.2.0.zero_fraction,0.0009391302989597326
cells[5].capture_location_density[2].neighbors.2.0.weak_lt2_fraction,0.0010016088219674487
cells[5].capture_location_density[3].view,3
cells[5].capture_location_density[3].foreground_pixels,23791
cells[5].capture_location_density[3].capture_locations,380656
cells[5].capture_location_density[3].nearest_projected_distance_px.p50,0.2204093403908436
cells[5].capture_location_density[3].nearest_projected_distance_px.p90,0.46070208670161233
cells[5].capture_location_density[3].nearest_projected_distance_px.p95,0.5495012656692267
cells[5].capture_location_density[3].nearest_projected_distance_px.p99,0.8856269284956253
cells[5].capture_location_density[3].neighbors.0.5.mean,4.831025913160439
cells[5].capture_location_density[3].neighbors.0.5.p50,3.0
cells[5].capture_location_density[3].neighbors.0.5.p95,15.0
cells[5].capture_location_density[3].neighbors.0.5.zero_fraction,0.07367281745197764
cells[5].capture_location_density[3].neighbors.0.5.weak_lt2_fraction,0.2160086797528477
cells[5].capture_location_density[3].neighbors.1.0.mean,19.29348020259762
cells[5].capture_location_density[3].neighbors.1.0.p50,12.0
cells[5].capture_location_density[3].neighbors.1.0.p95,59.0
cells[5].capture_location_density[3].neighbors.1.0.zero_fraction,0.008401286200664116
cells[5].capture_location_density[3].neighbors.1.0.weak_lt2_fraction,0.009105333949812954
cells[5].capture_location_density[3].neighbors.2.0.mean,76.24203217603295
cells[5].capture_location_density[3].neighbors.2.0.p50,50.0
cells[5].capture_location_density[3].neighbors.2.0.p95,224.0
cells[5].capture_location_density[3].neighbors.2.0.zero_fraction,0.0010744609306040098
cells[5].capture_location_density[3].neighbors.2.0.weak_lt2_fraction,0.001127001807406162
cells[5].energy_accounting[0].view,0
cells[5].energy_accounting[0].input_energy,0.5036548950140115
cells[5].energy_accounting[0].detected_energy,0.5036548635263748
cells[5].energy_accounting[0].relative_energy_difference,6.251827795568795e-08
cells[5].energy_accounting[0].projected_count_sum,2359295.399520772
cells[5].energy_accounting[1].view,1
cells[5].energy_accounting[1].input_energy,0.3889894511205754
cells[5].energy_accounting[1].detected_energy,0.38898942852091295
cells[5].energy_accounting[1].relative_energy_difference,5.8098394210048946e-08
cells[5].energy_accounting[1].projected_count_sum,2359295.361034888
cells[5].energy_accounting[2].view,2
cells[5].energy_accounting[2].input_energy,0.5155430967950931
cells[5].energy_accounting[2].detected_energy,0.5155430952522817
cells[5].energy_accounting[2].relative_energy_difference,2.992594496472e-09
cells[5].energy_accounting[2].projected_count_sum,2359295.591742281
cells[5].energy_accounting[3].view,3
cells[5].energy_accounting[3].input_energy,0.3436636631495478
cells[5].energy_accounting[3].detected_energy,0.3436636056445489
cells[5].energy_accounting[3].relative_energy_difference,1.6732929633090252e-07
cells[5].energy_accounting[3].projected_count_sum,2359295.2716207155
cells[5].readout_seconds,11.957105877110735
cells[5].cuda_allocated_peak_mib,457.75537109375
cells[5].cuda_reserved_peak_mib,552.0
cells[5].cpu_rss_peak_mib,3126.6640625
cells[5].cell_analysis_seconds,20.659631410846487
cells[6].E,3
cells[6].K_chart,1024
cells[6].N_theta,64
cells[6].N_r,64
cells[6].emitters_per_chart,4096
cells[6].total_emitters,4194304
cells[6].state_digest,6b63577a7a0343813438685245231db9d79e0224ebd0e1fdf2f511f94cfe904b
cells[6].source_mass,9.088634202953163
cells[6].weight_sum,1.0
cells[6].maximum_chart_mass_difference,0.0
cells[6].runtime.mapping_seconds,72.10518110403791
cells[6].runtime.mapping_peak_cuda_allocated_mib,420.349609375
cells[6].runtime.mapping_peak_cuda_reserved_mib,554.0
cells[6].runtime.transport_seconds,12.582612724043429
cells[6].runtime.transport_peak_cuda_allocated_mib,422.666015625
cells[6].runtime.transport_peak_cuda_reserved_mib,554.0
cells[6].C,1
cells[6].capture_grid,1
cells[6].capture_samples_per_pixel,1
cells[6].whole_image_mse,17.329265046296296
cells[6].foreground_mse,1244.0863205206783
cells[6].interior_gt8px_mse,
cells[6].silhouette_0_8px_mse,99.29794843230002
cells[6].total_image_energy,5448969.192920614
cells[6].foreground_mean_brightness,0.8442498102909844
cells[6].edge_sharpness,0.09602690025443639
cells[6].reference_edge_sharpness,2.19512979735671
cells[6].edge_sharpness_ratio,0.04374543153214368
cells[6].thin_feature_response_ratio,0.00124226029563004
cells[6].historical_squared_image_energy,5255320.4375
cells[6].gradient_magnitude_ratio,0.0179649022252777
cells[6].gradient_cosine,-0.0001958714853100245
cells[6].reference_aligned_gradient_energy,781.2960361423369
cells[6].unmatched_gradient_energy,9464.236143423075
cells[6].excess_hf_weak_reference,0.004408199770220917
cells[6].gradient_squared_error,7.825635673813302
cells[6].weak_reference_pixels,2031747.0
cells[6].gradient_per_view[0].gradient_magnitude_ratio,0.016771380641221707
cells[6].gradient_per_view[0].gradient_cosine,-0.004976397992243165
cells[6].gradient_per_view[0].reference_aligned_gradient_energy,832.4625723073315
cells[6].gradient_per_view[0].unmatched_gradient_energy,10455.117918014768
cells[6].gradient_per_view[0].excess_hf_weak_reference,0.004900382818445231
cells[6].gradient_per_view[0].gradient_squared_error,9.68061295270581
cells[6].gradient_per_view[0].weak_reference_pixels,2028939
cells[6].gradient_per_view[1].gradient_magnitude_ratio,0.018923390849180776
cells[6].gradient_per_view[1].gradient_cosine,0.005277580212393954
cells[6].gradient_per_view[1].reference_aligned_gradient_energy,844.7195099572241
cells[6].gradient_per_view[1].unmatched_gradient_energy,8520.666273640243
cells[6].gradient_per_view[1].excess_hf_weak_reference,0.003923390475683468
cells[6].gradient_per_view[1].gradient_squared_error,6.30727170960453
cells[6].gradient_per_view[1].weak_reference_pixels,2032827
cells[6].gradient_per_view[2].gradient_magnitude_ratio,0.01730085296200494
cells[6].gradient_per_view[2].gradient_cosine,-0.00321309537140125
cells[6].gradient_per_view[2].reference_aligned_gradient_energy,828.6829278332954
cells[6].gradient_per_view[2].unmatched_gradient_energy,11157.602875939485
cells[6].gradient_per_view[2].excess_hf_weak_reference,0.005240088055997416
cells[6].gradient_per_view[2].gradient_squared_error,9.659905086482183
cells[6].gradient_per_view[2].weak_reference_pixels,2026421
cells[6].gradient_per_view[3].gradient_magnitude_ratio,0.018863984448703377
cells[6].gradient_per_view[3].gradient_cosine,0.0021284272100103633
cells[6].gradient_per_view[3].reference_aligned_gradient_energy,619.3191344714969
cells[6].gradient_per_view[3].unmatched_gradient_energy,7723.55750609781
cells[6].gradient_per_view[3].excess_hf_weak_reference,0.003568937730757553
cells[6].gradient_per_view[3].gradient_squared_error,5.654752946460686
cells[6].gradient_per_view[3].weak_reference_pixels,2038801
cells[6].high_frequency_response,0.0179649022252777
cells[6].artifact_scores.spoke_anisotropy,0.7135950554624849
cells[6].artifact_scores.angular_lattice_fraction,0.023932762343495874
cells[6].artifact_scores.radial_banding_score,0.0003326693829895644
cells[6].artifact_scores.radial_banding_per_view[0],0.00027694435696445707
cells[6].artifact_scores.radial_banding_per_view[1],0.0003773149991843643
cells[6].artifact_scores.radial_banding_per_view[2],0.0003154386573050436
cells[6].artifact_scores.radial_banding_per_view[3],0.0003609795185043926
cells[6].artifact_scores.scope,Fixed image-plane circles r=4..64px around all chart centers; geometry/overlap can also cause anisotropy or radial variation.
cells[6].foreground_pixel_center_density[0].view,0
cells[6].foreground_pixel_center_density[0].foreground_pixels,30547
cells[6].foreground_pixel_center_density[0].capture_locations,30547
cells[6].foreground_pixel_center_density[0].nearest_projected_distance_px.p50,0.17039108107626807
cells[6].foreground_pixel_center_density[0].nearest_projected_distance_px.p90,0.34792227136714954
cells[6].foreground_pixel_center_density[0].nearest_projected_distance_px.p95,0.41506510049650913
cells[6].foreground_pixel_center_density[0].nearest_projected_distance_px.p99,0.8839867796422106
cells[6].foreground_pixel_center_density[0].neighbors.0.5.mean,7.954725504959571
cells[6].foreground_pixel_center_density[0].neighbors.0.5.p50,5.0
cells[6].foreground_pixel_center_density[0].neighbors.0.5.p95,24.0
cells[6].foreground_pixel_center_density[0].neighbors.0.5.zero_fraction,0.023144662323632437
cells[6].foreground_pixel_center_density[0].neighbors.0.5.weak_lt2_fraction,0.06210102465053852
cells[6].foreground_pixel_center_density[0].neighbors.1.0.mean,31.804236095197563
cells[6].foreground_pixel_center_density[0].neighbors.1.0.p50,20.0
cells[6].foreground_pixel_center_density[0].neighbors.1.0.p95,96.0
cells[6].foreground_pixel_center_density[0].neighbors.1.0.zero_fraction,0.008184109732543294
cells[6].foreground_pixel_center_density[0].neighbors.1.0.weak_lt2_fraction,0.008249582610403641
cells[6].foreground_pixel_center_density[0].neighbors.2.0.mean,125.83648148754378
cells[6].foreground_pixel_center_density[0].neighbors.2.0.p50,81.0
cells[6].foreground_pixel_center_density[0].neighbors.2.0.p95,361.6999999999971
cells[6].foreground_pixel_center_density[0].neighbors.2.0.zero_fraction,0.0005237830228827708
cells[6].foreground_pixel_center_density[0].neighbors.2.0.weak_lt2_fraction,0.0005237830228827708
cells[6].foreground_pixel_center_density[1].view,1
cells[6].foreground_pixel_center_density[1].foreground_pixels,27861
cells[6].foreground_pixel_center_density[1].capture_locations,27861
cells[6].foreground_pixel_center_density[1].nearest_projected_distance_px.p50,0.1658560852241962
cells[6].foreground_pixel_center_density[1].nearest_projected_distance_px.p90,0.34418161218541155
cells[6].foreground_pixel_center_density[1].nearest_projected_distance_px.p95,0.4121871449603418
cells[6].foreground_pixel_center_density[1].nearest_projected_distance_px.p99,0.9416366110352885
cells[6].foreground_pixel_center_density[1].neighbors.0.5.mean,8.567029180574997
cells[6].foreground_pixel_center_density[1].neighbors.0.5.p50,5.0
cells[6].foreground_pixel_center_density[1].neighbors.0.5.p95,27.0
cells[6].foreground_pixel_center_density[1].neighbors.0.5.zero_fraction,0.02437098453034708
cells[6].foreground_pixel_center_density[1].neighbors.0.5.weak_lt2_fraction,0.05922256918272854
cells[6].foreground_pixel_center_density[1].neighbors.1.0.mean,34.11848103083163
cells[6].foreground_pixel_center_density[1].neighbors.1.0.p50,21.0
cells[6].foreground_pixel_center_density[1].neighbors.1.0.p95,106.0
cells[6].foreground_pixel_center_density[1].neighbors.1.0.zero_fraction,0.009116686407523061
cells[6].foreground_pixel_center_density[1].neighbors.1.0.weak_lt2_fraction,0.009296148738379814
cells[6].foreground_pixel_center_density[1].neighbors.2.0.mean,134.4626897814149
cells[6].foreground_pixel_center_density[1].neighbors.2.0.p50,86.0
cells[6].foreground_pixel_center_density[1].neighbors.2.0.p95,393.0
cells[6].foreground_pixel_center_density[1].neighbors.2.0.zero_fraction,0.0006101719249129607
cells[6].foreground_pixel_center_density[1].neighbors.2.0.weak_lt2_fraction,0.0006460643910843114
cells[6].foreground_pixel_center_density[2].view,2
cells[6].foreground_pixel_center_density[2].foreground_pixels,32011
cells[6].foreground_pixel_center_density[2].capture_locations,32011
cells[6].foreground_pixel_center_density[2].nearest_projected_distance_px.p50,0.1793797647063215
cells[6].foreground_pixel_center_density[2].nearest_projected_distance_px.p90,0.367949723630082
cells[6].foreground_pixel_center_density[2].nearest_projected_distance_px.p95,0.44004922652849665
cells[6].foreground_pixel_center_density[2].nearest_projected_distance_px.p99,0.910726866297274
cells[6].foreground_pixel_center_density[2].neighbors.0.5.mean,7.146512136453095
cells[6].foreground_pixel_center_density[2].neighbors.0.5.p50,5.0
cells[6].foreground_pixel_center_density[2].neighbors.0.5.p95,22.0
cells[6].foreground_pixel_center_density[2].neighbors.0.5.zero_fraction,0.029052513198587985
cells[6].foreground_pixel_center_density[2].neighbors.0.5.weak_lt2_fraction,0.08156571178657336
cells[6].foreground_pixel_center_density[2].neighbors.1.0.mean,28.42485395645247
cells[6].foreground_pixel_center_density[2].neighbors.1.0.p50,19.0
cells[6].foreground_pixel_center_density[2].neighbors.1.0.p95,86.0
cells[6].foreground_pixel_center_density[2].neighbors.1.0.zero_fraction,0.00880947174408797
cells[6].foreground_pixel_center_density[2].neighbors.1.0.weak_lt2_fraction,0.00896566805160726
cells[6].foreground_pixel_center_density[2].neighbors.2.0.mean,112.00593545968573
cells[6].foreground_pixel_center_density[2].neighbors.2.0.p50,75.0
cells[6].foreground_pixel_center_density[2].neighbors.2.0.p95,326.0
cells[6].foreground_pixel_center_density[2].neighbors.2.0.zero_fraction,0.0003748711380462966
cells[6].foreground_pixel_center_density[2].neighbors.2.0.weak_lt2_fraction,0.0004061103995501546
cells[6].foreground_pixel_center_density[3].view,3
cells[6].foreground_pixel_center_density[3].foreground_pixels,23791
cells[6].foreground_pixel_center_density[3].capture_locations,23791
cells[6].foreground_pixel_center_density[3].nearest_projected_distance_px.p50,0.1657681539696133
cells[6].foreground_pixel_center_density[3].nearest_projected_distance_px.p90,0.3466782062185973
cells[6].foreground_pixel_center_density[3].nearest_projected_distance_px.p95,0.4153548251022778
cells[6].foreground_pixel_center_density[3].nearest_projected_distance_px.p99,0.8400764613888188
cells[6].foreground_pixel_center_density[3].neighbors.0.5.mean,8.634399562859905
cells[6].foreground_pixel_center_density[3].neighbors.0.5.p50,6.0
cells[6].foreground_pixel_center_density[3].neighbors.0.5.p95,26.0
cells[6].foreground_pixel_center_density[3].neighbors.0.5.zero_fraction,0.0238745744188979
cells[6].foreground_pixel_center_density[3].neighbors.0.5.weak_lt2_fraction,0.06279685595393215
cells[6].foreground_pixel_center_density[3].neighbors.1.0.mean,34.40796940019335
cells[6].foreground_pixel_center_density[3].neighbors.1.0.p50,22.0
cells[6].foreground_pixel_center_density[3].neighbors.1.0.p95,105.0
cells[6].foreground_pixel_center_density[3].neighbors.1.0.zero_fraction,0.007776049766718507
cells[6].foreground_pixel_center_density[3].neighbors.1.0.weak_lt2_fraction,0.007986213273927116
cells[6].foreground_pixel_center_density[3].neighbors.2.0.mean,135.96700432936825
cells[6].foreground_pixel_center_density[3].neighbors.2.0.p50,89.0
cells[6].foreground_pixel_center_density[3].neighbors.2.0.p95,399.0
cells[6].foreground_pixel_center_density[3].neighbors.2.0.zero_fraction,0.0006725232230675466
cells[6].foreground_pixel_center_density[3].neighbors.2.0.weak_lt2_fraction,0.0007565886259509899
cells[6].capture_location_density[0].view,0
cells[6].capture_location_density[0].foreground_pixels,30547
cells[6].capture_location_density[0].capture_locations,30547
cells[6].capture_location_density[0].nearest_projected_distance_px.p50,0.17039108107626807
cells[6].capture_location_density[0].nearest_projected_distance_px.p90,0.34792227136714954
cells[6].capture_location_density[0].nearest_projected_distance_px.p95,0.41506510049650913
cells[6].capture_location_density[0].nearest_projected_distance_px.p99,0.8839867796422106
cells[6].capture_location_density[0].neighbors.0.5.mean,7.954725504959571
cells[6].capture_location_density[0].neighbors.0.5.p50,5.0
cells[6].capture_location_density[0].neighbors.0.5.p95,24.0
cells[6].capture_location_density[0].neighbors.0.5.zero_fraction,0.023144662323632437
cells[6].capture_location_density[0].neighbors.0.5.weak_lt2_fraction,0.06210102465053852
cells[6].capture_location_density[0].neighbors.1.0.mean,31.804236095197563
cells[6].capture_location_density[0].neighbors.1.0.p50,20.0
cells[6].capture_location_density[0].neighbors.1.0.p95,96.0
cells[6].capture_location_density[0].neighbors.1.0.zero_fraction,0.008184109732543294
cells[6].capture_location_density[0].neighbors.1.0.weak_lt2_fraction,0.008249582610403641
cells[6].capture_location_density[0].neighbors.2.0.mean,125.83648148754378
cells[6].capture_location_density[0].neighbors.2.0.p50,81.0
cells[6].capture_location_density[0].neighbors.2.0.p95,361.6999999999971
cells[6].capture_location_density[0].neighbors.2.0.zero_fraction,0.0005237830228827708
cells[6].capture_location_density[0].neighbors.2.0.weak_lt2_fraction,0.0005237830228827708
cells[6].capture_location_density[1].view,1
cells[6].capture_location_density[1].foreground_pixels,27861
cells[6].capture_location_density[1].capture_locations,27861
cells[6].capture_location_density[1].nearest_projected_distance_px.p50,0.1658560852241962
cells[6].capture_location_density[1].nearest_projected_distance_px.p90,0.34418161218541155
cells[6].capture_location_density[1].nearest_projected_distance_px.p95,0.4121871449603418
cells[6].capture_location_density[1].nearest_projected_distance_px.p99,0.9416366110352885
cells[6].capture_location_density[1].neighbors.0.5.mean,8.567029180574997
cells[6].capture_location_density[1].neighbors.0.5.p50,5.0
cells[6].capture_location_density[1].neighbors.0.5.p95,27.0
cells[6].capture_location_density[1].neighbors.0.5.zero_fraction,0.02437098453034708
cells[6].capture_location_density[1].neighbors.0.5.weak_lt2_fraction,0.05922256918272854
cells[6].capture_location_density[1].neighbors.1.0.mean,34.11848103083163
cells[6].capture_location_density[1].neighbors.1.0.p50,21.0
cells[6].capture_location_density[1].neighbors.1.0.p95,106.0
cells[6].capture_location_density[1].neighbors.1.0.zero_fraction,0.009116686407523061
cells[6].capture_location_density[1].neighbors.1.0.weak_lt2_fraction,0.009296148738379814
cells[6].capture_location_density[1].neighbors.2.0.mean,134.4626897814149
cells[6].capture_location_density[1].neighbors.2.0.p50,86.0
cells[6].capture_location_density[1].neighbors.2.0.p95,393.0
cells[6].capture_location_density[1].neighbors.2.0.zero_fraction,0.0006101719249129607
cells[6].capture_location_density[1].neighbors.2.0.weak_lt2_fraction,0.0006460643910843114
cells[6].capture_location_density[2].view,2
cells[6].capture_location_density[2].foreground_pixels,32011
cells[6].capture_location_density[2].capture_locations,32011
cells[6].capture_location_density[2].nearest_projected_distance_px.p50,0.1793797647063215
cells[6].capture_location_density[2].nearest_projected_distance_px.p90,0.367949723630082
cells[6].capture_location_density[2].nearest_projected_distance_px.p95,0.44004922652849665
cells[6].capture_location_density[2].nearest_projected_distance_px.p99,0.910726866297274
cells[6].capture_location_density[2].neighbors.0.5.mean,7.146512136453095
cells[6].capture_location_density[2].neighbors.0.5.p50,5.0
cells[6].capture_location_density[2].neighbors.0.5.p95,22.0
cells[6].capture_location_density[2].neighbors.0.5.zero_fraction,0.029052513198587985
cells[6].capture_location_density[2].neighbors.0.5.weak_lt2_fraction,0.08156571178657336
cells[6].capture_location_density[2].neighbors.1.0.mean,28.42485395645247
cells[6].capture_location_density[2].neighbors.1.0.p50,19.0
cells[6].capture_location_density[2].neighbors.1.0.p95,86.0
cells[6].capture_location_density[2].neighbors.1.0.zero_fraction,0.00880947174408797
cells[6].capture_location_density[2].neighbors.1.0.weak_lt2_fraction,0.00896566805160726
cells[6].capture_location_density[2].neighbors.2.0.mean,112.00593545968573
cells[6].capture_location_density[2].neighbors.2.0.p50,75.0
cells[6].capture_location_density[2].neighbors.2.0.p95,326.0
cells[6].capture_location_density[2].neighbors.2.0.zero_fraction,0.0003748711380462966
cells[6].capture_location_density[2].neighbors.2.0.weak_lt2_fraction,0.0004061103995501546
cells[6].capture_location_density[3].view,3
cells[6].capture_location_density[3].foreground_pixels,23791
cells[6].capture_location_density[3].capture_locations,23791
cells[6].capture_location_density[3].nearest_projected_distance_px.p50,0.1657681539696133
cells[6].capture_location_density[3].nearest_projected_distance_px.p90,0.3466782062185973
cells[6].capture_location_density[3].nearest_projected_distance_px.p95,0.4153548251022778
cells[6].capture_location_density[3].nearest_projected_distance_px.p99,0.8400764613888188
cells[6].capture_location_density[3].neighbors.0.5.mean,8.634399562859905
cells[6].capture_location_density[3].neighbors.0.5.p50,6.0
cells[6].capture_location_density[3].neighbors.0.5.p95,26.0
cells[6].capture_location_density[3].neighbors.0.5.zero_fraction,0.0238745744188979
cells[6].capture_location_density[3].neighbors.0.5.weak_lt2_fraction,0.06279685595393215
cells[6].capture_location_density[3].neighbors.1.0.mean,34.40796940019335
cells[6].capture_location_density[3].neighbors.1.0.p50,22.0
cells[6].capture_location_density[3].neighbors.1.0.p95,105.0
cells[6].capture_location_density[3].neighbors.1.0.zero_fraction,0.007776049766718507
cells[6].capture_location_density[3].neighbors.1.0.weak_lt2_fraction,0.007986213273927116
cells[6].capture_location_density[3].neighbors.2.0.mean,135.96700432936825
cells[6].capture_location_density[3].neighbors.2.0.p50,89.0
cells[6].capture_location_density[3].neighbors.2.0.p95,399.0
cells[6].capture_location_density[3].neighbors.2.0.zero_fraction,0.0006725232230675466
cells[6].capture_location_density[3].neighbors.2.0.weak_lt2_fraction,0.0007565886259509899
cells[6].energy_accounting[0].view,0
cells[6].energy_accounting[0].input_energy,0.5036527419036562
cells[6].energy_accounting[0].detected_energy,0.5036527826404698
cells[6].energy_accounting[0].relative_energy_difference,8.088273963345804e-08
cells[6].energy_accounting[0].projected_count_sum,4194304.293092731
cells[6].energy_accounting[1].view,1
cells[6].energy_accounting[1].input_energy,0.3889893611512348
cells[6].energy_accounting[1].detected_energy,0.3889893930971104
cells[6].energy_accounting[1].relative_energy_difference,8.212531961532287e-08
cells[6].energy_accounting[1].projected_count_sum,4194304.293114747
cells[6].energy_accounting[2].view,2
cells[6].energy_accounting[2].input_energy,0.5155477642863525
cells[6].energy_accounting[2].detected_energy,0.5155478088507536
cells[6].energy_accounting[2].relative_energy_difference,8.644087734519649e-08
cells[6].energy_accounting[2].projected_count_sum,4194304.323225952
cells[6].energy_accounting[3].view,3
cells[6].energy_accounting[3].input_energy,0.3436647978572052
cells[6].energy_accounting[3].detected_energy,0.3436648228219574
cells[6].energy_accounting[3].relative_energy_difference,7.26427389874673e-08
cells[6].energy_accounting[3].projected_count_sum,4194304.2819465725
cells[6].readout_seconds,3.2458956809714437
cells[6].cuda_allocated_peak_mib,457.75537109375
cells[6].cuda_reserved_peak_mib,554.0
cells[6].cpu_rss_peak_mib,3330.0234375
cells[6].cell_analysis_seconds,11.889598426176235
cells[7].E,3
cells[7].K_chart,1024
cells[7].N_theta,64
cells[7].N_r,64
cells[7].emitters_per_chart,4096
cells[7].total_emitters,4194304
cells[7].state_digest,6b63577a7a0343813438685245231db9d79e0224ebd0e1fdf2f511f94cfe904b
cells[7].source_mass,9.088634202953163
cells[7].weight_sum,1.0
cells[7].maximum_chart_mass_difference,0.0
cells[7].runtime.mapping_seconds,72.10518110403791
cells[7].runtime.mapping_peak_cuda_allocated_mib,420.349609375
cells[7].runtime.mapping_peak_cuda_reserved_mib,554.0
cells[7].runtime.transport_seconds,12.582612724043429
cells[7].runtime.transport_peak_cuda_allocated_mib,422.666015625
cells[7].runtime.transport_peak_cuda_reserved_mib,554.0
cells[7].C,2
cells[7].capture_grid,2
cells[7].capture_samples_per_pixel,4
cells[7].whole_image_mse,17.32836484053498
cells[7].foreground_mse,1244.0894492601349
cells[7].interior_gt8px_mse,
cells[7].silhouette_0_8px_mse,99.29474461361451
cells[7].total_image_energy,5448968.933274323
cells[7].foreground_mean_brightness,0.8444205370042028
cells[7].edge_sharpness,0.08544430013537888
cells[7].reference_edge_sharpness,2.19512979735671
cells[7].edge_sharpness_ratio,0.03892448648743577
cells[7].thin_feature_response_ratio,0.0010487235968735748
cells[7].historical_squared_image_energy,5230503.0
cells[7].gradient_magnitude_ratio,0.01634577806852294
cells[7].gradient_cosine,-0.0006550422282233101
cells[7].reference_aligned_gradient_energy,682.3722473641221
cells[7].unmatched_gradient_energy,7788.748959283565
cells[7].excess_hf_weak_reference,0.0036108195476216294
cells[7].gradient_squared_error,7.825308981659842
cells[7].weak_reference_pixels,2031747.0
cells[7].gradient_per_view[0].gradient_magnitude_ratio,0.015216104668917515
cells[7].gradient_per_view[0].gradient_cosine,-0.0058287156928879735
cells[7].gradient_per_view[0].reference_aligned_gradient_energy,720.7985509722921
cells[7].gradient_per_view[0].unmatched_gradient_energy,8570.36709338207
cells[7].gradient_per_view[0].excess_hf_weak_reference,0.004000363802290652
cells[7].gradient_per_view[0].gradient_squared_error,9.680232764068995
cells[7].gradient_per_view[0].weak_reference_pixels,2028939
cells[7].gradient_per_view[1].gradient_magnitude_ratio,0.017371287102616245
cells[7].gradient_per_view[1].gradient_cosine,0.005065545106266844
cells[7].gradient_per_view[1].reference_aligned_gradient_energy,746.4990419523383
cells[7].gradient_per_view[1].unmatched_gradient_energy,7145.585865291897
cells[7].gradient_per_view[1].excess_hf_weak_reference,0.003275663527817389
cells[7].gradient_per_view[1].gradient_squared_error,6.30706622754016
cells[7].gradient_per_view[1].weak_reference_pixels,2032827
cells[7].gradient_per_view[2].gradient_magnitude_ratio,0.015652318929629667
cells[7].gradient_per_view[2].gradient_cosine,-0.0038113542735508424
cells[7].gradient_per_view[2].reference_aligned_gradient_energy,720.4242828086681
cells[7].gradient_per_view[2].unmatched_gradient_energy,9090.433393213998
cells[7].gradient_per_view[2].excess_hf_weak_reference,0.004248840961462598
cells[7].gradient_per_view[2].gradient_squared_error,9.659459079119426
cells[7].gradient_per_view[2].weak_reference_pixels,2026421
cells[7].gradient_per_view[3].gradient_magnitude_ratio,0.017143401572928332
cells[7].gradient_per_view[3].gradient_cosine,0.0019543559472787312
cells[7].gradient_per_view[3].reference_aligned_gradient_energy,541.7671137231903
cells[7].gradient_per_view[3].unmatched_gradient_energy,6348.609485246291
cells[7].gradient_per_view[3].excess_hf_weak_reference,0.0029184098989158773
cells[7].gradient_per_view[3].gradient_squared_error,5.654477855910788
cells[7].gradient_per_view[3].weak_reference_pixels,2038801
cells[7].high_frequency_response,0.01634577806852294
cells[7].artifact_scores.spoke_anisotropy,0.7193610608165677
cells[7].artifact_scores.angular_lattice_fraction,0.023541207954371788
cells[7].artifact_scores.radial_banding_score,0.0003065158017457219
cells[7].artifact_scores.radial_banding_per_view[0],0.0002529588093845636
cells[7].artifact_scores.radial_banding_per_view[1],0.0003498900662457236
cells[7].artifact_scores.radial_banding_per_view[2],0.00028938138648277126
cells[7].artifact_scores.radial_banding_per_view[3],0.0003338329448698291
cells[7].artifact_scores.scope,Fixed image-plane circles r=4..64px around all chart centers; geometry/overlap can also cause anisotropy or radial variation.
cells[7].foreground_pixel_center_density[0].view,0
cells[7].foreground_pixel_center_density[0].foreground_pixels,30547
cells[7].foreground_pixel_center_density[0].capture_locations,30547
cells[7].foreground_pixel_center_density[0].nearest_projected_distance_px.p50,0.17039108107626807
cells[7].foreground_pixel_center_density[0].nearest_projected_distance_px.p90,0.34792227136714954
cells[7].foreground_pixel_center_density[0].nearest_projected_distance_px.p95,0.41506510049650913
cells[7].foreground_pixel_center_density[0].nearest_projected_distance_px.p99,0.8839867796422106
cells[7].foreground_pixel_center_density[0].neighbors.0.5.mean,7.954725504959571
cells[7].foreground_pixel_center_density[0].neighbors.0.5.p50,5.0
cells[7].foreground_pixel_center_density[0].neighbors.0.5.p95,24.0
cells[7].foreground_pixel_center_density[0].neighbors.0.5.zero_fraction,0.023144662323632437
cells[7].foreground_pixel_center_density[0].neighbors.0.5.weak_lt2_fraction,0.06210102465053852
cells[7].foreground_pixel_center_density[0].neighbors.1.0.mean,31.804236095197563
cells[7].foreground_pixel_center_density[0].neighbors.1.0.p50,20.0
cells[7].foreground_pixel_center_density[0].neighbors.1.0.p95,96.0
cells[7].foreground_pixel_center_density[0].neighbors.1.0.zero_fraction,0.008184109732543294
cells[7].foreground_pixel_center_density[0].neighbors.1.0.weak_lt2_fraction,0.008249582610403641
cells[7].foreground_pixel_center_density[0].neighbors.2.0.mean,125.83648148754378
cells[7].foreground_pixel_center_density[0].neighbors.2.0.p50,81.0
cells[7].foreground_pixel_center_density[0].neighbors.2.0.p95,361.6999999999971
cells[7].foreground_pixel_center_density[0].neighbors.2.0.zero_fraction,0.0005237830228827708
cells[7].foreground_pixel_center_density[0].neighbors.2.0.weak_lt2_fraction,0.0005237830228827708
cells[7].foreground_pixel_center_density[1].view,1
cells[7].foreground_pixel_center_density[1].foreground_pixels,27861
cells[7].foreground_pixel_center_density[1].capture_locations,27861
cells[7].foreground_pixel_center_density[1].nearest_projected_distance_px.p50,0.1658560852241962
cells[7].foreground_pixel_center_density[1].nearest_projected_distance_px.p90,0.34418161218541155
cells[7].foreground_pixel_center_density[1].nearest_projected_distance_px.p95,0.4121871449603418
cells[7].foreground_pixel_center_density[1].nearest_projected_distance_px.p99,0.9416366110352885
cells[7].foreground_pixel_center_density[1].neighbors.0.5.mean,8.567029180574997
cells[7].foreground_pixel_center_density[1].neighbors.0.5.p50,5.0
cells[7].foreground_pixel_center_density[1].neighbors.0.5.p95,27.0
cells[7].foreground_pixel_center_density[1].neighbors.0.5.zero_fraction,0.02437098453034708
cells[7].foreground_pixel_center_density[1].neighbors.0.5.weak_lt2_fraction,0.05922256918272854
cells[7].foreground_pixel_center_density[1].neighbors.1.0.mean,34.11848103083163
cells[7].foreground_pixel_center_density[1].neighbors.1.0.p50,21.0
cells[7].foreground_pixel_center_density[1].neighbors.1.0.p95,106.0
cells[7].foreground_pixel_center_density[1].neighbors.1.0.zero_fraction,0.009116686407523061
cells[7].foreground_pixel_center_density[1].neighbors.1.0.weak_lt2_fraction,0.009296148738379814
cells[7].foreground_pixel_center_density[1].neighbors.2.0.mean,134.4626897814149
cells[7].foreground_pixel_center_density[1].neighbors.2.0.p50,86.0
cells[7].foreground_pixel_center_density[1].neighbors.2.0.p95,393.0
cells[7].foreground_pixel_center_density[1].neighbors.2.0.zero_fraction,0.0006101719249129607
cells[7].foreground_pixel_center_density[1].neighbors.2.0.weak_lt2_fraction,0.0006460643910843114
cells[7].foreground_pixel_center_density[2].view,2
cells[7].foreground_pixel_center_density[2].foreground_pixels,32011
cells[7].foreground_pixel_center_density[2].capture_locations,32011
cells[7].foreground_pixel_center_density[2].nearest_projected_distance_px.p50,0.1793797647063215
cells[7].foreground_pixel_center_density[2].nearest_projected_distance_px.p90,0.367949723630082
cells[7].foreground_pixel_center_density[2].nearest_projected_distance_px.p95,0.44004922652849665
cells[7].foreground_pixel_center_density[2].nearest_projected_distance_px.p99,0.910726866297274
cells[7].foreground_pixel_center_density[2].neighbors.0.5.mean,7.146512136453095
cells[7].foreground_pixel_center_density[2].neighbors.0.5.p50,5.0
cells[7].foreground_pixel_center_density[2].neighbors.0.5.p95,22.0
cells[7].foreground_pixel_center_density[2].neighbors.0.5.zero_fraction,0.029052513198587985
cells[7].foreground_pixel_center_density[2].neighbors.0.5.weak_lt2_fraction,0.08156571178657336
cells[7].foreground_pixel_center_density[2].neighbors.1.0.mean,28.42485395645247
cells[7].foreground_pixel_center_density[2].neighbors.1.0.p50,19.0
cells[7].foreground_pixel_center_density[2].neighbors.1.0.p95,86.0
cells[7].foreground_pixel_center_density[2].neighbors.1.0.zero_fraction,0.00880947174408797
cells[7].foreground_pixel_center_density[2].neighbors.1.0.weak_lt2_fraction,0.00896566805160726
cells[7].foreground_pixel_center_density[2].neighbors.2.0.mean,112.00593545968573
cells[7].foreground_pixel_center_density[2].neighbors.2.0.p50,75.0
cells[7].foreground_pixel_center_density[2].neighbors.2.0.p95,326.0
cells[7].foreground_pixel_center_density[2].neighbors.2.0.zero_fraction,0.0003748711380462966
cells[7].foreground_pixel_center_density[2].neighbors.2.0.weak_lt2_fraction,0.0004061103995501546
cells[7].foreground_pixel_center_density[3].view,3
cells[7].foreground_pixel_center_density[3].foreground_pixels,23791
cells[7].foreground_pixel_center_density[3].capture_locations,23791
cells[7].foreground_pixel_center_density[3].nearest_projected_distance_px.p50,0.1657681539696133
cells[7].foreground_pixel_center_density[3].nearest_projected_distance_px.p90,0.3466782062185973
cells[7].foreground_pixel_center_density[3].nearest_projected_distance_px.p95,0.4153548251022778
cells[7].foreground_pixel_center_density[3].nearest_projected_distance_px.p99,0.8400764613888188
cells[7].foreground_pixel_center_density[3].neighbors.0.5.mean,8.634399562859905
cells[7].foreground_pixel_center_density[3].neighbors.0.5.p50,6.0
cells[7].foreground_pixel_center_density[3].neighbors.0.5.p95,26.0
cells[7].foreground_pixel_center_density[3].neighbors.0.5.zero_fraction,0.0238745744188979
cells[7].foreground_pixel_center_density[3].neighbors.0.5.weak_lt2_fraction,0.06279685595393215
cells[7].foreground_pixel_center_density[3].neighbors.1.0.mean,34.40796940019335
cells[7].foreground_pixel_center_density[3].neighbors.1.0.p50,22.0
cells[7].foreground_pixel_center_density[3].neighbors.1.0.p95,105.0
cells[7].foreground_pixel_center_density[3].neighbors.1.0.zero_fraction,0.007776049766718507
cells[7].foreground_pixel_center_density[3].neighbors.1.0.weak_lt2_fraction,0.007986213273927116
cells[7].foreground_pixel_center_density[3].neighbors.2.0.mean,135.96700432936825
cells[7].foreground_pixel_center_density[3].neighbors.2.0.p50,89.0
cells[7].foreground_pixel_center_density[3].neighbors.2.0.p95,399.0
cells[7].foreground_pixel_center_density[3].neighbors.2.0.zero_fraction,0.0006725232230675466
cells[7].foreground_pixel_center_density[3].neighbors.2.0.weak_lt2_fraction,0.0007565886259509899
cells[7].capture_location_density[0].view,0
cells[7].capture_location_density[0].foreground_pixels,30547
cells[7].capture_location_density[0].capture_locations,122188
cells[7].capture_location_density[0].nearest_projected_distance_px.p50,0.16930746518725576
cells[7].capture_location_density[0].nearest_projected_distance_px.p90,0.3484056309472709
cells[7].capture_location_density[0].nearest_projected_distance_px.p95,0.41515695345295556
cells[7].capture_location_density[0].nearest_projected_distance_px.p99,0.8773264988673375
cells[7].capture_location_density[0].neighbors.0.5.mean,7.94838281991685
cells[7].capture_location_density[0].neighbors.0.5.p50,5.0
cells[7].capture_location_density[0].neighbors.0.5.p95,24.0
cells[7].capture_location_density[0].neighbors.0.5.zero_fraction,0.024134939601270174
cells[7].capture_location_density[0].neighbors.0.5.weak_lt2_fraction,0.06319769535469931
cells[7].capture_location_density[0].neighbors.1.0.mean,31.74188954725505
cells[7].capture_location_density[0].neighbors.1.0.p50,20.0
cells[7].capture_location_density[0].neighbors.1.0.p95,95.0
cells[7].capture_location_density[0].neighbors.1.0.zero_fraction,0.008527842341310113
cells[7].capture_location_density[0].neighbors.1.0.weak_lt2_fraction,0.008707892755426066
cells[7].capture_location_density[0].neighbors.2.0.mean,125.68342226732577
cells[7].capture_location_density[0].neighbors.2.0.p50,81.0
cells[7].capture_location_density[0].neighbors.2.0.p95,361.0
cells[7].capture_location_density[0].neighbors.2.0.zero_fraction,0.0009002520705797623
cells[7].capture_location_density[0].neighbors.2.0.weak_lt2_fraction,0.0009329885095099355
cells[7].capture_location_density[1].view,1
cells[7].capture_location_density[1].foreground_pixels,27861
cells[7].capture_location_density[1].capture_locations,111444
cells[7].capture_location_density[1].nearest_projected_distance_px.p50,0.16590623966394732
cells[7].capture_location_density[1].nearest_projected_distance_px.p90,0.34711312287681734
cells[7].capture_location_density[1].nearest_projected_distance_px.p95,0.4153711550892791
cells[7].capture_location_density[1].nearest_projected_distance_px.p99,0.9561061624786832
cells[7].capture_location_density[1].neighbors.0.5.mean,8.55027637198952
cells[7].capture_location_density[1].neighbors.0.5.p50,5.0
cells[7].capture_location_density[1].neighbors.0.5.p95,27.0
cells[7].capture_location_density[1].neighbors.0.5.zero_fraction,0.025205484368830983
cells[7].capture_location_density[1].neighbors.0.5.weak_lt2_fraction,0.06153763325078066
cells[7].capture_location_density[1].neighbors.1.0.mean,34.07131833028247
cells[7].capture_location_density[1].neighbors.1.0.p50,21.0
cells[7].capture_location_density[1].neighbors.1.0.p95,106.0
cells[7].capture_location_density[1].neighbors.1.0.zero_fraction,0.009376906787265353
cells[7].capture_location_density[1].neighbors.1.0.weak_lt2_fraction,0.009556369118122106
cells[7].capture_location_density[1].neighbors.2.0.mean,134.28358637521984
cells[7].capture_location_density[1].neighbors.2.0.p50,86.0
cells[7].capture_location_density[1].neighbors.2.0.p95,392.0
cells[7].capture_location_density[1].neighbors.2.0.zero_fraction,0.0008703923046552528
cells[7].capture_location_density[1].neighbors.2.0.weak_lt2_fraction,0.0008973116542837659
cells[7].capture_location_density[2].view,2
cells[7].capture_location_density[2].foreground_pixels,32011
cells[7].capture_location_density[2].capture_locations,128044
cells[7].capture_location_density[2].nearest_projected_distance_px.p50,0.17850416286281343
cells[7].capture_location_density[2].nearest_projected_distance_px.p90,0.36716375477129
cells[7].capture_location_density[2].nearest_projected_distance_px.p95,0.43712446070024513
cells[7].capture_location_density[2].nearest_projected_distance_px.p99,0.9326606817150822
cells[7].capture_location_density[2].neighbors.0.5.mean,7.1224657149105
cells[7].capture_location_density[2].neighbors.0.5.p50,5.0
cells[7].capture_location_density[2].neighbors.0.5.p95,22.0
cells[7].capture_location_density[2].neighbors.0.5.zero_fraction,0.02923213895223517
cells[7].capture_location_density[2].neighbors.0.5.weak_lt2_fraction,0.08168285901721284
cells[7].capture_location_density[2].neighbors.1.0.mean,28.367865733654057
cells[7].capture_location_density[2].neighbors.1.0.p50,19.0
cells[7].capture_location_density[2].neighbors.1.0.p95,86.0
cells[7].capture_location_density[2].neighbors.1.0.zero_fraction,0.009090625097622693
cells[7].capture_location_density[2].neighbors.1.0.weak_lt2_fraction,0.009239011589766017
cells[7].capture_location_density[2].neighbors.2.0.mean,111.84057042891506
cells[7].capture_location_density[2].neighbors.2.0.p50,75.0
cells[7].capture_location_density[2].neighbors.2.0.p95,324.0
cells[7].capture_location_density[2].neighbors.2.0.zero_fraction,0.0007731717222204867
cells[7].capture_location_density[2].neighbors.2.0.weak_lt2_fraction,0.0008981287682359189
cells[7].capture_location_density[3].view,3
cells[7].capture_location_density[3].foreground_pixels,23791
cells[7].capture_location_density[3].capture_locations,95164
cells[7].capture_location_density[3].nearest_projected_distance_px.p50,0.1644100801946046
cells[7].capture_location_density[3].nearest_projected_distance_px.p90,0.346263143472658
cells[7].capture_location_density[3].nearest_projected_distance_px.p95,0.41483911012322294
cells[7].capture_location_density[3].nearest_projected_distance_px.p99,0.843279833084784
cells[7].capture_location_density[3].neighbors.0.5.mean,8.620728426715985
cells[7].capture_location_density[3].neighbors.0.5.p50,6.0
cells[7].capture_location_density[3].neighbors.0.5.p95,26.0
cells[7].capture_location_density[3].neighbors.0.5.zero_fraction,0.02409524610146694
cells[7].capture_location_density[3].neighbors.0.5.weak_lt2_fraction,0.06353242822916229
cells[7].capture_location_density[3].neighbors.1.0.mean,34.3666092219747
cells[7].capture_location_density[3].neighbors.1.0.p50,22.0
cells[7].capture_location_density[3].neighbors.1.0.p95,105.0
cells[7].capture_location_density[3].neighbors.1.0.zero_fraction,0.008164852255054433
cells[7].capture_location_density[3].neighbors.1.0.weak_lt2_fraction,0.00836450758690261
cells[7].capture_location_density[3].neighbors.2.0.mean,135.79038291791014
cells[7].capture_location_density[3].neighbors.2.0.p50,89.0
cells[7].capture_location_density[3].neighbors.2.0.p95,398.0
cells[7].capture_location_density[3].neighbors.2.0.zero_fraction,0.0010298011853221807
cells[7].capture_location_density[3].neighbors.2.0.weak_lt2_fraction,0.0010718338867639022
cells[7].energy_accounting[0].view,0
cells[7].energy_accounting[0].input_energy,0.5036527419036562
cells[7].energy_accounting[0].detected_energy,0.5036527590851374
cells[7].energy_accounting[0].relative_energy_difference,3.411374506333125e-08
cells[7].energy_accounting[0].projected_count_sum,4194303.8573112874
cells[7].energy_accounting[1].view,1
cells[7].energy_accounting[1].input_energy,0.3889893611512348
cells[7].energy_accounting[1].detected_energy,0.38898937543563
cells[7].energy_accounting[1].relative_energy_difference,3.672181465308956e-08
cells[7].energy_accounting[1].projected_count_sum,4194303.838006676
cells[7].energy_accounting[2].view,2
cells[7].energy_accounting[2].input_energy,0.5155477642863525
cells[7].energy_accounting[2].detected_energy,0.5155477941808637
cells[7].energy_accounting[2].relative_energy_difference,5.798591958053877e-08
cells[7].energy_accounting[2].projected_count_sum,4194303.9919505864
cells[7].energy_accounting[3].view,3
cells[7].energy_accounting[3].input_energy,0.3436647978572052
cells[7].energy_accounting[3].detected_energy,0.34366479518523957
cells[7].energy_accounting[3].relative_energy_difference,7.774918075395963e-09
cells[7].energy_accounting[3].projected_count_sum,4194303.781982951
cells[7].readout_seconds,6.9691888759844005
cells[7].cuda_allocated_peak_mib,457.75537109375
cells[7].cuda_reserved_peak_mib,554.0
cells[7].cpu_rss_peak_mib,3362.34765625
cells[7].cell_analysis_seconds,15.504413548856974
cells[8].E,3
cells[8].K_chart,1024
cells[8].N_theta,64
cells[8].N_r,64
cells[8].emitters_per_chart,4096
cells[8].total_emitters,4194304
cells[8].state_digest,6b63577a7a0343813438685245231db9d79e0224ebd0e1fdf2f511f94cfe904b
cells[8].source_mass,9.088634202953163
cells[8].weight_sum,1.0
cells[8].maximum_chart_mass_difference,0.0
cells[8].runtime.mapping_seconds,72.10518110403791
cells[8].runtime.mapping_peak_cuda_allocated_mib,420.349609375
cells[8].runtime.mapping_peak_cuda_reserved_mib,554.0
cells[8].runtime.transport_seconds,12.582612724043429
cells[8].runtime.transport_peak_cuda_allocated_mib,422.666015625
cells[8].runtime.transport_peak_cuda_reserved_mib,554.0
cells[8].C,3
cells[8].capture_grid,4
cells[8].capture_samples_per_pixel,16
cells[8].whole_image_mse,17.328206018518518
cells[8].foreground_mse,1244.090196421796
cells[8].interior_gt8px_mse,
cells[8].silhouette_0_8px_mse,99.29415453384507
cells[8].total_image_energy,5448967.546471066
cells[8].foreground_mean_brightness,0.8444594478737997
cells[8].edge_sharpness,0.08340902345379217
cells[8].reference_edge_sharpness,2.19512979735671
cells[8].edge_sharpness_ratio,0.03799730820210726
cells[8].thin_feature_response_ratio,0.0010123196364327973
cells[8].historical_squared_image_energy,5225928.125
cells[8].gradient_magnitude_ratio,0.0160302871038719
cells[8].gradient_cosine,-0.0007709078559827651
cells[8].reference_aligned_gradient_energy,663.2479522998445
cells[8].unmatched_gradient_energy,7482.187502049468
cells[8].excess_hf_weak_reference,0.003465328227897778
cells[8].gradient_squared_error,7.825254126036475
cells[8].weak_reference_pixels,2031747.0
cells[8].gradient_per_view[0].gradient_magnitude_ratio,0.014914874929227117
cells[8].gradient_per_view[0].gradient_cosine,-0.006019833761003765
cells[8].gradient_per_view[0].reference_aligned_gradient_energy,699.4505651717242
cells[8].gradient_per_view[0].unmatched_gradient_energy,8227.486242586318
cells[8].gradient_per_view[0].excess_hf_weak_reference,0.0038369998021767554
cells[8].gradient_per_view[0].gradient_squared_error,9.680166124446194
cells[8].gradient_per_view[0].weak_reference_pixels,2028939
cells[8].gradient_per_view[1].gradient_magnitude_ratio,0.01706603523116712
cells[8].gradient_per_view[1].gradient_cosine,0.004990985923234597
cells[8].gradient_per_view[1].reference_aligned_gradient_energy,727.0357330675317
cells[8].gradient_per_view[1].unmatched_gradient_energy,6890.12339563006
cells[8].gradient_per_view[1].excess_hf_weak_reference,0.0031557894541429463
cells[8].gradient_per_view[1].gradient_squared_error,6.3070354865806255
cells[8].gradient_per_view[1].weak_reference_pixels,2032827
cells[8].gradient_per_view[2].gradient_magnitude_ratio,0.015333459224433086
cells[8].gradient_per_view[2].gradient_cosine,-0.003966067621103267
cells[8].gradient_per_view[2].reference_aligned_gradient_energy,699.7646296558108
cells[8].gradient_per_view[2].unmatched_gradient_energy,8715.442612728466
cells[8].gradient_per_view[2].excess_hf_weak_reference,0.004069400426272511
cells[8].gradient_per_view[2].gradient_squared_error,9.659386021214011
cells[8].gradient_per_view[2].weak_reference_pixels,2026421
cells[8].gradient_per_view[3].gradient_magnitude_ratio,0.016806779030660288
cells[8].gradient_per_view[3].gradient_cosine,0.0019112840349413745
cells[8].gradient_per_view[3].reference_aligned_gradient_energy,526.7408813043113
cells[8].gradient_per_view[3].unmatched_gradient_energy,6095.697757253032
cells[8].gradient_per_view[3].excess_hf_weak_reference,0.0027991232289988994
cells[8].gradient_per_view[3].gradient_squared_error,5.654428871905067
cells[8].gradient_per_view[3].weak_reference_pixels,2038801
cells[8].high_frequency_response,0.0160302871038719
cells[8].artifact_scores.spoke_anisotropy,0.7205761230676404
cells[8].artifact_scores.angular_lattice_fraction,0.023455882925362062
cells[8].artifact_scores.radial_banding_score,0.0003011161906920597
cells[8].artifact_scores.radial_banding_per_view[0],0.00024801313116304874
cells[8].artifact_scores.radial_banding_per_view[1],0.00034416362615265705
cells[8].artifact_scores.radial_banding_per_view[2],0.0002840422292741673
cells[8].artifact_scores.radial_banding_per_view[3],0.00032824577617836573
cells[8].artifact_scores.scope,Fixed image-plane circles r=4..64px around all chart centers; geometry/overlap can also cause anisotropy or radial variation.
cells[8].foreground_pixel_center_density[0].view,0
cells[8].foreground_pixel_center_density[0].foreground_pixels,30547
cells[8].foreground_pixel_center_density[0].capture_locations,30547
cells[8].foreground_pixel_center_density[0].nearest_projected_distance_px.p50,0.17039108107626807
cells[8].foreground_pixel_center_density[0].nearest_projected_distance_px.p90,0.34792227136714954
cells[8].foreground_pixel_center_density[0].nearest_projected_distance_px.p95,0.41506510049650913
cells[8].foreground_pixel_center_density[0].nearest_projected_distance_px.p99,0.8839867796422106
cells[8].foreground_pixel_center_density[0].neighbors.0.5.mean,7.954725504959571
cells[8].foreground_pixel_center_density[0].neighbors.0.5.p50,5.0
cells[8].foreground_pixel_center_density[0].neighbors.0.5.p95,24.0
cells[8].foreground_pixel_center_density[0].neighbors.0.5.zero_fraction,0.023144662323632437
cells[8].foreground_pixel_center_density[0].neighbors.0.5.weak_lt2_fraction,0.06210102465053852
cells[8].foreground_pixel_center_density[0].neighbors.1.0.mean,31.804236095197563
cells[8].foreground_pixel_center_density[0].neighbors.1.0.p50,20.0
cells[8].foreground_pixel_center_density[0].neighbors.1.0.p95,96.0
cells[8].foreground_pixel_center_density[0].neighbors.1.0.zero_fraction,0.008184109732543294
cells[8].foreground_pixel_center_density[0].neighbors.1.0.weak_lt2_fraction,0.008249582610403641
cells[8].foreground_pixel_center_density[0].neighbors.2.0.mean,125.83648148754378
cells[8].foreground_pixel_center_density[0].neighbors.2.0.p50,81.0
cells[8].foreground_pixel_center_density[0].neighbors.2.0.p95,361.6999999999971
cells[8].foreground_pixel_center_density[0].neighbors.2.0.zero_fraction,0.0005237830228827708
cells[8].foreground_pixel_center_density[0].neighbors.2.0.weak_lt2_fraction,0.0005237830228827708
cells[8].foreground_pixel_center_density[1].view,1
cells[8].foreground_pixel_center_density[1].foreground_pixels,27861
cells[8].foreground_pixel_center_density[1].capture_locations,27861
cells[8].foreground_pixel_center_density[1].nearest_projected_distance_px.p50,0.1658560852241962
cells[8].foreground_pixel_center_density[1].nearest_projected_distance_px.p90,0.34418161218541155
cells[8].foreground_pixel_center_density[1].nearest_projected_distance_px.p95,0.4121871449603418
cells[8].foreground_pixel_center_density[1].nearest_projected_distance_px.p99,0.9416366110352885
cells[8].foreground_pixel_center_density[1].neighbors.0.5.mean,8.567029180574997
cells[8].foreground_pixel_center_density[1].neighbors.0.5.p50,5.0
cells[8].foreground_pixel_center_density[1].neighbors.0.5.p95,27.0
cells[8].foreground_pixel_center_density[1].neighbors.0.5.zero_fraction,0.02437098453034708
cells[8].foreground_pixel_center_density[1].neighbors.0.5.weak_lt2_fraction,0.05922256918272854
cells[8].foreground_pixel_center_density[1].neighbors.1.0.mean,34.11848103083163
cells[8].foreground_pixel_center_density[1].neighbors.1.0.p50,21.0
cells[8].foreground_pixel_center_density[1].neighbors.1.0.p95,106.0
cells[8].foreground_pixel_center_density[1].neighbors.1.0.zero_fraction,0.009116686407523061
cells[8].foreground_pixel_center_density[1].neighbors.1.0.weak_lt2_fraction,0.009296148738379814
cells[8].foreground_pixel_center_density[1].neighbors.2.0.mean,134.4626897814149
cells[8].foreground_pixel_center_density[1].neighbors.2.0.p50,86.0
cells[8].foreground_pixel_center_density[1].neighbors.2.0.p95,393.0
cells[8].foreground_pixel_center_density[1].neighbors.2.0.zero_fraction,0.0006101719249129607
cells[8].foreground_pixel_center_density[1].neighbors.2.0.weak_lt2_fraction,0.0006460643910843114
cells[8].foreground_pixel_center_density[2].view,2
cells[8].foreground_pixel_center_density[2].foreground_pixels,32011
cells[8].foreground_pixel_center_density[2].capture_locations,32011
cells[8].foreground_pixel_center_density[2].nearest_projected_distance_px.p50,0.1793797647063215
cells[8].foreground_pixel_center_density[2].nearest_projected_distance_px.p90,0.367949723630082
cells[8].foreground_pixel_center_density[2].nearest_projected_distance_px.p95,0.44004922652849665
cells[8].foreground_pixel_center_density[2].nearest_projected_distance_px.p99,0.910726866297274
cells[8].foreground_pixel_center_density[2].neighbors.0.5.mean,7.146512136453095
cells[8].foreground_pixel_center_density[2].neighbors.0.5.p50,5.0
cells[8].foreground_pixel_center_density[2].neighbors.0.5.p95,22.0
cells[8].foreground_pixel_center_density[2].neighbors.0.5.zero_fraction,0.029052513198587985
cells[8].foreground_pixel_center_density[2].neighbors.0.5.weak_lt2_fraction,0.08156571178657336
cells[8].foreground_pixel_center_density[2].neighbors.1.0.mean,28.42485395645247
cells[8].foreground_pixel_center_density[2].neighbors.1.0.p50,19.0
cells[8].foreground_pixel_center_density[2].neighbors.1.0.p95,86.0
cells[8].foreground_pixel_center_density[2].neighbors.1.0.zero_fraction,0.00880947174408797
cells[8].foreground_pixel_center_density[2].neighbors.1.0.weak_lt2_fraction,0.00896566805160726
cells[8].foreground_pixel_center_density[2].neighbors.2.0.mean,112.00593545968573
cells[8].foreground_pixel_center_density[2].neighbors.2.0.p50,75.0
cells[8].foreground_pixel_center_density[2].neighbors.2.0.p95,326.0
cells[8].foreground_pixel_center_density[2].neighbors.2.0.zero_fraction,0.0003748711380462966
cells[8].foreground_pixel_center_density[2].neighbors.2.0.weak_lt2_fraction,0.0004061103995501546
cells[8].foreground_pixel_center_density[3].view,3
cells[8].foreground_pixel_center_density[3].foreground_pixels,23791
cells[8].foreground_pixel_center_density[3].capture_locations,23791
cells[8].foreground_pixel_center_density[3].nearest_projected_distance_px.p50,0.1657681539696133
cells[8].foreground_pixel_center_density[3].nearest_projected_distance_px.p90,0.3466782062185973
cells[8].foreground_pixel_center_density[3].nearest_projected_distance_px.p95,0.4153548251022778
cells[8].foreground_pixel_center_density[3].nearest_projected_distance_px.p99,0.8400764613888188
cells[8].foreground_pixel_center_density[3].neighbors.0.5.mean,8.634399562859905
cells[8].foreground_pixel_center_density[3].neighbors.0.5.p50,6.0
cells[8].foreground_pixel_center_density[3].neighbors.0.5.p95,26.0
cells[8].foreground_pixel_center_density[3].neighbors.0.5.zero_fraction,0.0238745744188979
cells[8].foreground_pixel_center_density[3].neighbors.0.5.weak_lt2_fraction,0.06279685595393215
cells[8].foreground_pixel_center_density[3].neighbors.1.0.mean,34.40796940019335
cells[8].foreground_pixel_center_density[3].neighbors.1.0.p50,22.0
cells[8].foreground_pixel_center_density[3].neighbors.1.0.p95,105.0
cells[8].foreground_pixel_center_density[3].neighbors.1.0.zero_fraction,0.007776049766718507
cells[8].foreground_pixel_center_density[3].neighbors.1.0.weak_lt2_fraction,0.007986213273927116
cells[8].foreground_pixel_center_density[3].neighbors.2.0.mean,135.96700432936825
cells[8].foreground_pixel_center_density[3].neighbors.2.0.p50,89.0
cells[8].foreground_pixel_center_density[3].neighbors.2.0.p95,399.0
cells[8].foreground_pixel_center_density[3].neighbors.2.0.zero_fraction,0.0006725232230675466
cells[8].foreground_pixel_center_density[3].neighbors.2.0.weak_lt2_fraction,0.0007565886259509899
cells[8].capture_location_density[0].view,0
cells[8].capture_location_density[0].foreground_pixels,30547
cells[8].capture_location_density[0].capture_locations,488752
cells[8].capture_location_density[0].nearest_projected_distance_px.p50,0.16951224299494738
cells[8].capture_location_density[0].nearest_projected_distance_px.p90,0.34826353794158776
cells[8].capture_location_density[0].nearest_projected_distance_px.p95,0.4145689338658802
cells[8].capture_location_density[0].nearest_projected_distance_px.p99,0.887502073836064
cells[8].capture_location_density[0].neighbors.0.5.mean,7.9558896945690245
cells[8].capture_location_density[0].neighbors.0.5.p50,5.0
cells[8].capture_location_density[0].neighbors.0.5.p95,24.0
cells[8].capture_location_density[0].neighbors.0.5.zero_fraction,0.023899646446459553
cells[8].capture_location_density[0].neighbors.0.5.weak_lt2_fraction,0.06262480767342128
cells[8].capture_location_density[0].neighbors.1.0.mean,31.742368317674405
cells[8].capture_location_density[0].neighbors.1.0.p50,20.0
cells[8].capture_location_density[0].neighbors.1.0.p95,96.0
cells[8].capture_location_density[0].neighbors.1.0.zero_fraction,0.00859740727403673
cells[8].capture_location_density[0].neighbors.1.0.weak_lt2_fraction,0.008773365633286411
cells[8].capture_location_density[0].neighbors.2.0.mean,125.65642902740039
cells[8].capture_location_density[0].neighbors.2.0.p50,81.0
cells[8].capture_location_density[0].neighbors.2.0.p95,361.0
cells[8].capture_location_density[0].neighbors.2.0.zero_fraction,0.0009391265918093429
cells[8].capture_location_density[0].neighbors.2.0.weak_lt2_fraction,0.0009759550856057878
cells[8].capture_location_density[1].view,1
cells[8].capture_location_density[1].foreground_pixels,27861
cells[8].capture_location_density[1].capture_locations,445776
cells[8].capture_location_density[1].nearest_projected_distance_px.p50,0.16606142956971826
cells[8].capture_location_density[1].nearest_projected_distance_px.p90,0.3465627825545978
cells[8].capture_location_density[1].nearest_projected_distance_px.p95,0.4155591245845351
cells[8].capture_location_density[1].nearest_projected_distance_px.p99,0.9592317363771702
cells[8].capture_location_density[1].neighbors.0.5.mean,8.54888553892538
cells[8].capture_location_density[1].neighbors.0.5.p50,5.0
cells[8].capture_location_density[1].neighbors.0.5.p95,27.0
cells[8].capture_location_density[1].neighbors.0.5.zero_fraction,0.02474785542514626
cells[8].capture_location_density[1].neighbors.0.5.weak_lt2_fraction,0.06149501094720218
cells[8].capture_location_density[1].neighbors.1.0.mean,34.05937735544309
cells[8].capture_location_density[1].neighbors.1.0.p50,21.0
cells[8].capture_location_density[1].neighbors.1.0.p95,106.0
cells[8].capture_location_density[1].neighbors.1.0.zero_fraction,0.00946439467355802
cells[8].capture_location_density[1].neighbors.1.0.weak_lt2_fraction,0.009612451096514842
cells[8].capture_location_density[1].neighbors.2.0.mean,134.2519718423603
cells[8].capture_location_density[1].neighbors.2.0.p50,86.0
cells[8].capture_location_density[1].neighbors.2.0.p95,392.0
cells[8].capture_location_density[1].neighbors.2.0.zero_fraction,0.0009623667492193389
cells[8].capture_location_density[1].neighbors.2.0.weak_lt2_fraction,0.000984799540576433
cells[8].capture_location_density[2].view,2
cells[8].capture_location_density[2].foreground_pixels,32011
cells[8].capture_location_density[2].capture_locations,512176
cells[8].capture_location_density[2].nearest_projected_distance_px.p50,0.1788498373130875
cells[8].capture_location_density[2].nearest_projected_distance_px.p90,0.3667754341557128
cells[8].capture_location_density[2].nearest_projected_distance_px.p95,0.4377703534046556
cells[8].capture_location_density[2].nearest_projected_distance_px.p99,0.9400946422511084
cells[8].capture_location_density[2].neighbors.0.5.mean,7.118426087907282
cells[8].capture_location_density[2].neighbors.0.5.p50,5.0
cells[8].capture_location_density[2].neighbors.0.5.p95,22.0
cells[8].capture_location_density[2].neighbors.0.5.zero_fraction,0.029411764705882353
cells[8].capture_location_density[2].neighbors.0.5.weak_lt2_fraction,0.08092725937958826
cells[8].capture_location_density[2].neighbors.1.0.mean,28.370987707350597
cells[8].capture_location_density[2].neighbors.1.0.p50,19.0
cells[8].capture_location_density[2].neighbors.1.0.p95,86.0
cells[8].capture_location_density[2].neighbors.1.0.zero_fraction,0.009194105151354222
cells[8].capture_location_density[2].neighbors.1.0.weak_lt2_fraction,0.009352253912717504
cells[8].capture_location_density[2].neighbors.2.0.mean,111.80260105901097
cells[8].capture_location_density[2].neighbors.2.0.p50,75.0
cells[8].capture_location_density[2].neighbors.2.0.p95,324.0
cells[8].capture_location_density[2].neighbors.2.0.zero_fraction,0.0008922714067039455
cells[8].capture_location_density[2].neighbors.2.0.weak_lt2_fraction,0.0009410827528037237
cells[8].capture_location_density[3].view,3
cells[8].capture_location_density[3].foreground_pixels,23791
cells[8].capture_location_density[3].capture_locations,380656
cells[8].capture_location_density[3].nearest_projected_distance_px.p50,0.16481114751967424
cells[8].capture_location_density[3].nearest_projected_distance_px.p90,0.3462208804802013
cells[8].capture_location_density[3].nearest_projected_distance_px.p95,0.4143734982250605
cells[8].capture_location_density[3].nearest_projected_distance_px.p99,0.8486361976204093
cells[8].capture_location_density[3].neighbors.0.5.mean,8.613372703963684
cells[8].capture_location_density[3].neighbors.0.5.p50,6.0
cells[8].capture_location_density[3].neighbors.0.5.p95,26.0
cells[8].capture_location_density[3].neighbors.0.5.zero_fraction,0.023740595183052413
cells[8].capture_location_density[3].neighbors.0.5.weak_lt2_fraction,0.06332226472195368
cells[8].capture_location_density[3].neighbors.1.0.mean,34.362014522298345
cells[8].capture_location_density[3].neighbors.1.0.p50,22.0
cells[8].capture_location_density[3].neighbors.1.0.p95,105.0
cells[8].capture_location_density[3].neighbors.1.0.zero_fraction,0.008248917657937876
cells[8].capture_location_density[3].neighbors.1.0.weak_lt2_fraction,0.00838815098146358
cells[8].capture_location_density[3].neighbors.2.0.mean,135.75743716111134
cells[8].capture_location_density[3].neighbors.2.0.p50,89.0
cells[8].capture_location_density[3].neighbors.2.0.p95,399.0
cells[8].capture_location_density[3].neighbors.2.0.zero_fraction,0.0010455634483628263
cells[8].capture_location_density[3].neighbors.2.0.weak_lt2_fraction,0.0010902231936446556
cells[8].energy_accounting[0].view,0
cells[8].energy_accounting[0].input_energy,0.5036527419036562
cells[8].energy_accounting[0].detected_energy,0.5036526323097569
cells[8].energy_accounting[0].relative_energy_difference,2.175981388977721e-07
cells[8].energy_accounting[0].projected_count_sum,4194301.3561467635
cells[8].energy_accounting[1].view,1
cells[8].energy_accounting[1].input_energy,0.3889893611512348
cells[8].energy_accounting[1].detected_energy,0.3889892801316988
cells[8].energy_accounting[1].relative_energy_difference,2.0828213843504812e-07
cells[8].energy_accounting[1].projected_count_sum,4194301.2359050005
cells[8].energy_accounting[2].view,2
cells[8].energy_accounting[2].input_energy,0.5155477642863525
cells[8].energy_accounting[2].detected_energy,0.5155477108325065
cells[8].energy_accounting[2].relative_energy_difference,1.0368359581614358e-07
cells[8].energy_accounting[2].projected_count_sum,4194302.091118159
cells[8].energy_accounting[3].view,3
cells[8].energy_accounting[3].input_energy,0.3436647978572052
cells[8].energy_accounting[3].detected_energy,0.34366465477365554
cells[8].energy_accounting[3].relative_energy_difference,4.163462495062838e-07
cells[8].energy_accounting[3].projected_count_sum,4194300.9268860174
cells[8].readout_seconds,21.456655283924192
cells[8].cuda_allocated_peak_mib,457.75537109375
cells[8].cuda_reserved_peak_mib,554.0
cells[8].cpu_rss_peak_mib,3424.453125
cells[8].cell_analysis_seconds,30.260791255161166
sources[0].E,1
sources[0].K_chart,1024
sources[0].N_theta,32
sources[0].N_r,32
sources[0].emitters_per_chart,1024
sources[0].total_emitters,1048576
sources[0].state_digest,b3109c226af37956bf233f54735631cbd5b02439ce35c22cd0e4786c44d0a370
sources[0].source_mass,9.088634202953163
sources[0].weight_sum,1.0
sources[0].maximum_chart_mass_difference,0.0
sources[0].runtime.mapping_seconds,0
sources[0].runtime.transport_seconds,0
sources[0].runtime.cache_reused,True
sources[1].E,2
sources[1].K_chart,1024
sources[1].N_theta,48
sources[1].N_r,48
sources[1].emitters_per_chart,2304
sources[1].total_emitters,2359296
sources[1].state_digest,63a3a8236a7975cf23776698cb94b8de23cea4b388e2675ab34252c8cccc5a67
sources[1].source_mass,9.088634202953163
sources[1].weight_sum,0.9999999999999999
sources[1].maximum_chart_mass_difference,1.3010426069826053e-18
sources[1].runtime.mapping_seconds,48.86740812798962
sources[1].runtime.mapping_peak_cuda_allocated_mib,416.84375
sources[1].runtime.mapping_peak_cuda_reserved_mib,552.0
sources[1].runtime.transport_seconds,8.37797020911239
sources[1].runtime.transport_peak_cuda_allocated_mib,422.26171875
sources[1].runtime.transport_peak_cuda_reserved_mib,552.0
sources[2].E,3
sources[2].K_chart,1024
sources[2].N_theta,64
sources[2].N_r,64
sources[2].emitters_per_chart,4096
sources[2].total_emitters,4194304
sources[2].state_digest,6b63577a7a0343813438685245231db9d79e0224ebd0e1fdf2f511f94cfe904b
sources[2].source_mass,9.088634202953163
sources[2].weight_sum,1.0
sources[2].maximum_chart_mass_difference,0.0
sources[2].runtime.mapping_seconds,72.10518110403791
sources[2].runtime.mapping_peak_cuda_allocated_mib,420.349609375
sources[2].runtime.mapping_peak_cuda_reserved_mib,554.0
sources[2].runtime.transport_seconds,12.582612724043429
sources[2].runtime.transport_peak_cuda_allocated_mib,422.666015625
sources[2].runtime.transport_peak_cuda_reserved_mib,554.0
capture_definition,"Cubic B-spline detector response, tensor midpoint quadrature on pixel [-.5,.5]^2, C1=1x1, C2=2x2, C3=4x4. Each translated cubic partition is averaged with weight 1/q^2. No post-render resizing and no source movement. Increased numerical detector integration, not extra independent scene transport observations."
frozen.K_chart,1024
frozen.integration_steps,32
frozen.radial,AREA_STRATIFIED
frozen.micro,1
frozen.packet_radius_over_h,1
frozen.epsilon_over_h,1
frozen.path_step_over_h,0.5
frozen.launch_start_over_h,2.1
frozen.gate_width,0.05
frozen.ambient,0.35
frozen.sensor_gain,1.5
frozen.window,2.8
decision_rules.material_fidelity,"Nonincreased MSE and either >=1% lower vector-gradient squared error, or >=20% lower unmatched gradient energy together with lower vector-gradient error and increased gradient cosine, averaged across the other axis."
decision_rules.artifact_reduction,At least 20% lower fixed radial-banding score (rings) or unmatched gradient energy (spoke/texture proxy); inspect matched crops separately.
decision_rules.source_undersampling,More than 5% of reference foreground pixel centers have no emitter center within .5px at E3.
decision_rules.capture_undersampling,"At E3, C2->C3 image relative L2 exceeds 1%; numerical convergence flag, not scene information rank."
NO_DENSE_POINT_BY_LAMBDA_TENSOR,True
geometry_optimization,False
birth,False
initialization_equivalence.charts[0],0
initialization_equivalence.charts[1],17
initialization_equivalence.charts[2],166
initialization_equivalence.charts[3],953
initialization_equivalence.position_max_abs,1.887379141862766e-15
initialization_equivalence.normal_max_abs,5.845324224651449e-14
sparse_implementation,"Existing grid geodesic mapper and finite-packet streamer; row-streamed exact fourth-neighbor chart spacing, cached chart masses, KD-tree detector locality. No all-point x all-chart/basis tensor, no autograd graph. Geodesic point chunks <=8192; detector chunks=8192 with 16 cubic taps per subpixel."
baseline_replay.relative_l2,6.687778864034044e-08
baseline_replay.max_absolute_error,1.430511474609375e-06
verdicts.EMITTER_DENSITY_INCREASE_IMPROVES_FULLHD_FIDELITY,False
verdicts.CAPTURE_DENSITY_INCREASE_IMPROVES_FULLHD_FIDELITY,False
verdicts.EMITTER_DENSITY_INCREASE_REDUCES_FLOWER_ARTIFACT,True
verdicts.EMITTER_DENSITY_INCREASE_REDUCES_RING_ARTIFACT,True
verdicts.CAPTURE_DENSITY_INCREASE_REDUCES_FLOWER_ARTIFACT,True
verdicts.CAPTURE_DENSITY_INCREASE_REDUCES_RING_ARTIFACT,False
verdicts.THIN_PROXY_STILL_ALIASING_CONTAMINATED,True
verdicts.FULLHD_SOURCE_OCCUPANCY_STILL_UNDERSAMPLED,False
verdicts.FULLHD_CAPTURE_SAMPLING_STILL_UNDERSAMPLED,False
verdicts.BEST_CONFIGURATION,E3C3
verdicts.PRIMARY_LIMITATION,OTHER
axis_evidence.E.gradient_error_ratio,0.9981836636713032
axis_evidence.E.mse_ratio,0.9983375825891833
axis_evidence.E.unmatched_hf_ratio,0.10679346759809365
axis_evidence.E.radial_banding_ratio,0.268196038591084
axis_evidence.E.gradient_cosine_delta,-0.00468265066499068
axis_evidence.C.gradient_error_ratio,0.9996598696800296
axis_evidence.C.mse_ratio,0.9997082493372075
axis_evidence.C.unmatched_hf_ratio,0.7445118823559901
axis_evidence.C.radial_banding_ratio,0.8585283548721914
axis_evidence.C.gradient_cosine_delta,-0.0001421011057705834
capture_C2_C3_relative_l2_at_E3,0.004424132406711578
limitations[0],"Reference definition frozen: 4096 hard-visible weighted splats, not dense radiance; empty >8px interiors remain null."
limitations[1],Hierarchical chart measure bias is unchanged; denser quadrature cannot remove it.
limitations[2],Geometry/grid bandwidth is fixed and not independently resolved by this matrix.
limitations[3],Micro=1 finite-packet attenuation remains fixed; this matrix cannot rule out transport formulation bias.
limitations[4],"Capture quadrature averages the same cubic response; it converges pixel integration, cannot recover independent geometry observations, and may modestly smooth rather than sharpen."
limitations[5],Artifact scalar proxies also respond to curvature and overlap; they are not isolated counts of visual flowers or rings.
limitations[6],"No independent-seed ensemble: deterministic phase and seed 101 only. Classification is descriptive, using declared thresholds."
zoom_crops[0].name,spoke
zoom_crops[0].view,0
zoom_crops[0].row,715
zoom_crops[0].column,1264
zoom_crops[0].size,160
zoom_crops[1].name,ring
zoom_crops[1].view,0
zoom_crops[1].row,633
zoom_crops[1].column,1042
zoom_crops[1].size,160
zoom_crops[2].name,thin_world_top_z
zoom_crops[2].view,0
zoom_crops[2].row,697
zoom_crops[2].column,438
zoom_crops[2].size,160
figures[0],figures/v0813_density_fullhd_view0.png
figures[1],figures/v0813_density_fullhd_view1.png
figures[2],figures/v0813_density_fullhd_view2.png
figures[3],figures/v0813_density_fullhd_view3.png
figures[4],figures/v0813_density_occupancy.png
figures[5],figures/v0813_density_zoom_spoke.png
figures[6],figures/v0813_density_zoom_ring.png
figures[7],figures/v0813_density_zoom_thin_world_top_z.png
figures[8],figures/v0813_density_fidelity_axes.png
runtime_seconds,393.9379240849521
commands[0],PYTHONPATH=src python demo.py --density-matrix
commands[1],PYTHONPATH=src python scripts/validate_v0813.py
artifact_verdict_scope,"Flower flags mean >=20% lower unmatched gradient energy; ring flags mean >=20% lower radial-banding score, averaged over the other axis. These pixel-scale proxy reductions do not assert that coherent chart-scale petals or rings disappear. Inspect the matched crops; smoothing can lower these scores without adding correct geometric detail."
