metric,value
version,0.8.12
experiment,CHART_POLAR_COHERENT_ALIASING
starting_commit,3dd93c8672c432c007290c0f25facc518cfbb0a7
separate_from_frozen_measurement,True
frozen_measurement_digest,e7ac72b0f0f56161a2fafc1bd743bbe9687591510bff51f5e7c4c85cda0aea63
variants.CURRENT.whole_image_mse,17.411538065843622
variants.CURRENT.foreground_mse,1243.99780521262
variants.CURRENT.interior_gt8px_mse,
variants.CURRENT.silhouette_0_8px_mse,99.570552337324
variants.CURRENT.total_image_energy,5449060.033977723
variants.CURRENT.foreground_mean_brightness,0.8429537351698625
variants.CURRENT.edge_sharpness,0.4254151606243226
variants.CURRENT.reference_edge_sharpness,2.19512979735671
variants.CURRENT.edge_sharpness_ratio,0.19379954713228847
variants.CURRENT.thin_feature_response_ratio,0.006711763716519121
variants.CURRENT.historical_squared_image_energy,7434953.625
variants.CURRENT.stratification.samples_per_ring,32
variants.CURRENT.stratification.radial_strata,32
variants.CURRENT.stratification.minimum_angular_gap,0.1963495408493614
variants.CURRENT.stratification.rho_digest,042954e8208f199a1ae7c8c3196b1f352006e95882f0356c783835a4a85dcadf
variants.CURRENT.stratification.chart_and_radial_weights_identical,True
variants.CURRENT.stratification.intrinsic_mode32_per_chart_mean,1.0
variants.CURRENT.stratification.intrinsic_mode32_across_charts,1.0
variants.CURRENT.artifact_metrics.per_view[0].gradient_magnitude_ratio,0.07293562432111286
variants.CURRENT.artifact_metrics.per_view[0].gradient_cosine,0.0042170994697676685
variants.CURRENT.artifact_metrics.per_view[0].reference_aligned_gradient_energy,10783.831972460812
variants.CURRENT.artifact_metrics.per_view[0].unmatched_gradient_energy,202689.01318180622
variants.CURRENT.artifact_metrics.per_view[0].excess_hf_weak_reference,0.09704015691724942
variants.CURRENT.artifact_metrics.per_view[0].gradient_squared_error,9.72179760635684
variants.CURRENT.artifact_metrics.per_view[0].weak_reference_pixels,2028939
variants.CURRENT.artifact_metrics.per_view[1].gradient_magnitude_ratio,0.07174758931524768
variants.CURRENT.artifact_metrics.per_view[1].gradient_cosine,0.0059586432898668055
variants.CURRENT.artifact_metrics.per_view[1].reference_aligned_gradient_energy,6935.910501850181
variants.CURRENT.artifact_metrics.per_view[1].unmatched_gradient_energy,127694.25506114087
variants.CURRENT.artifact_metrics.per_view[1].excess_hf_weak_reference,0.06094739363596439
variants.CURRENT.artifact_metrics.per_view[1].gradient_squared_error,6.333343890118977
variants.CURRENT.artifact_metrics.per_view[1].weak_reference_pixels,2032827
variants.CURRENT.artifact_metrics.per_view[2].gradient_magnitude_ratio,0.0721074219422507
variants.CURRENT.artifact_metrics.per_view[2].gradient_cosine,0.0013889525139872223
variants.CURRENT.artifact_metrics.per_view[2].reference_aligned_gradient_energy,9372.34906335934
variants.CURRENT.artifact_metrics.per_view[2].unmatched_gradient_energy,198841.463086132
variants.CURRENT.artifact_metrics.per_view[2].excess_hf_weak_reference,0.09557008397328542
variants.CURRENT.artifact_metrics.per_view[2].gradient_squared_error,9.704213059588861
variants.CURRENT.artifact_metrics.per_view[2].weak_reference_pixels,2026421
variants.CURRENT.artifact_metrics.per_view[3].gradient_magnitude_ratio,0.07036472987240455
variants.CURRENT.artifact_metrics.per_view[3].gradient_cosine,0.0005916311943723202
variants.CURRENT.artifact_metrics.per_view[3].reference_aligned_gradient_energy,5520.503247548737
variants.CURRENT.artifact_metrics.per_view[3].unmatched_gradient_energy,110559.92780838661
variants.CURRENT.artifact_metrics.per_view[3].excess_hf_weak_reference,0.05281691339842773
variants.CURRENT.artifact_metrics.per_view[3].gradient_squared_error,5.680714604406394
variants.CURRENT.artifact_metrics.per_view[3].weak_reference_pixels,2038801
variants.CURRENT.artifact_metrics.gradient_magnitude_ratio,0.07178884136275396
variants.CURRENT.artifact_metrics.gradient_cosine,0.0030390816169985047
variants.CURRENT.artifact_metrics.reference_aligned_gradient_energy,8153.148696304768
variants.CURRENT.artifact_metrics.unmatched_gradient_energy,159946.1647843664
variants.CURRENT.artifact_metrics.excess_hf_weak_reference,0.07659363698123176
variants.CURRENT.artifact_metrics.gradient_squared_error,7.860017290117768
variants.CURRENT.artifact_metrics.weak_reference_pixels,2031747.0
variants.CURRENT.local_measure.reference_cells,4096
variants.CURRENT.local_measure.mean_absolute_local_mass_error,8.012319449335337e-05
variants.CURRENT.local_measure.normalized_mean_absolute_error,0.3281846046447754
variants.CURRENT.local_measure.p90_local_mass_error,0.00015926361083984375
variants.CURRENT.local_measure.p95_local_mass_error,0.0001895427703857422
variants.CURRENT.local_measure.total_variation_distance,0.1640923023223877
variants.CURRENT.local_measure.thin_feature_region_mass_error,7.871431386890773e-05
variants.CURRENT.local_measure.high_curvature_region_mass_error,8.097547106444836e-05
variants.CURRENT.local_measure.silhouette_near_region_mass_error,8.029960224677156e-05
variants.CURRENT.local_measure.thin_feature_rule,top 18% reference points by world z
variants.CURRENT.local_measure.high_curvature_rule,top quartile eight-neighbor normal variation
variants.CURRENT.local_measure.silhouette_rule,min absolute normal-dot-four-view-direction <= 0.15
variants.CURRENT.local_measure.sampler_mass_sum,1.0
variants.CURRENT.shared_ray_compatible,True
variants.CURRENT.cache_digest,e7ac72b0f0f56161a2fafc1bd743bbe9687591510bff51f5e7c4c85cda0aea63
variants.CURRENT.weights_digest,d249e421fe414b62f6d1c2d6f54e47ab411bca43f0bea3d83360371ad53f5979
variants.CURRENT.source_mass,9.088634202953163
variants.CURRENT.emitter_count,1048576
variants.CURRENT.runtime.mapping_seconds,0
variants.CURRENT.runtime.transport_seconds,0
variants.CURRENT.runtime.note,reused exact S0 cache
variants.CURRENT.occupancy_angular.HARD_OUTWARD.per_view[0].view,0
variants.CURRENT.occupancy_angular.HARD_OUTWARD.per_view[0].centers,1024
variants.CURRENT.occupancy_angular.HARD_OUTWARD.per_view[0].modes[0],1
variants.CURRENT.occupancy_angular.HARD_OUTWARD.per_view[0].modes[1],2
variants.CURRENT.occupancy_angular.HARD_OUTWARD.per_view[0].modes[2],3
variants.CURRENT.occupancy_angular.HARD_OUTWARD.per_view[0].modes[3],4
variants.CURRENT.occupancy_angular.HARD_OUTWARD.per_view[0].modes[4],5
variants.CURRENT.occupancy_angular.HARD_OUTWARD.per_view[0].modes[5],6
variants.CURRENT.occupancy_angular.HARD_OUTWARD.per_view[0].modes[6],7
variants.CURRENT.occupancy_angular.HARD_OUTWARD.per_view[0].modes[7],8
variants.CURRENT.occupancy_angular.HARD_OUTWARD.per_view[0].modes[8],9
variants.CURRENT.occupancy_angular.HARD_OUTWARD.per_view[0].modes[9],10
variants.CURRENT.occupancy_angular.HARD_OUTWARD.per_view[0].modes[10],11
variants.CURRENT.occupancy_angular.HARD_OUTWARD.per_view[0].modes[11],12
variants.CURRENT.occupancy_angular.HARD_OUTWARD.per_view[0].modes[12],13
variants.CURRENT.occupancy_angular.HARD_OUTWARD.per_view[0].modes[13],14
variants.CURRENT.occupancy_angular.HARD_OUTWARD.per_view[0].modes[14],15
variants.CURRENT.occupancy_angular.HARD_OUTWARD.per_view[0].modes[15],16
variants.CURRENT.occupancy_angular.HARD_OUTWARD.per_view[0].modes[16],17
variants.CURRENT.occupancy_angular.HARD_OUTWARD.per_view[0].modes[17],18
variants.CURRENT.occupancy_angular.HARD_OUTWARD.per_view[0].modes[18],19
variants.CURRENT.occupancy_angular.HARD_OUTWARD.per_view[0].modes[19],20
variants.CURRENT.occupancy_angular.HARD_OUTWARD.per_view[0].modes[20],21
variants.CURRENT.occupancy_angular.HARD_OUTWARD.per_view[0].modes[21],22
variants.CURRENT.occupancy_angular.HARD_OUTWARD.per_view[0].modes[22],23
variants.CURRENT.occupancy_angular.HARD_OUTWARD.per_view[0].modes[23],24
variants.CURRENT.occupancy_angular.HARD_OUTWARD.per_view[0].modes[24],25
variants.CURRENT.occupancy_angular.HARD_OUTWARD.per_view[0].modes[25],26
variants.CURRENT.occupancy_angular.HARD_OUTWARD.per_view[0].modes[26],27
variants.CURRENT.occupancy_angular.HARD_OUTWARD.per_view[0].modes[27],28
variants.CURRENT.occupancy_angular.HARD_OUTWARD.per_view[0].modes[28],29
variants.CURRENT.occupancy_angular.HARD_OUTWARD.per_view[0].modes[29],30
variants.CURRENT.occupancy_angular.HARD_OUTWARD.per_view[0].modes[30],31
variants.CURRENT.occupancy_angular.HARD_OUTWARD.per_view[0].modes[31],32
variants.CURRENT.occupancy_angular.HARD_OUTWARD.per_view[0].modes[32],33
variants.CURRENT.occupancy_angular.HARD_OUTWARD.per_view[0].modes[33],34
variants.CURRENT.occupancy_angular.HARD_OUTWARD.per_view[0].modes[34],35
variants.CURRENT.occupancy_angular.HARD_OUTWARD.per_view[0].modes[35],36
variants.CURRENT.occupancy_angular.HARD_OUTWARD.per_view[0].modes[36],37
variants.CURRENT.occupancy_angular.HARD_OUTWARD.per_view[0].modes[37],38
variants.CURRENT.occupancy_angular.HARD_OUTWARD.per_view[0].modes[38],39
variants.CURRENT.occupancy_angular.HARD_OUTWARD.per_view[0].modes[39],40
variants.CURRENT.occupancy_angular.HARD_OUTWARD.per_view[0].modes[40],41
variants.CURRENT.occupancy_angular.HARD_OUTWARD.per_view[0].modes[41],42
variants.CURRENT.occupancy_angular.HARD_OUTWARD.per_view[0].modes[42],43
variants.CURRENT.occupancy_angular.HARD_OUTWARD.per_view[0].modes[43],44
variants.CURRENT.occupancy_angular.HARD_OUTWARD.per_view[0].modes[44],45
variants.CURRENT.occupancy_angular.HARD_OUTWARD.per_view[0].modes[45],46
variants.CURRENT.occupancy_angular.HARD_OUTWARD.per_view[0].modes[46],47
variants.CURRENT.occupancy_angular.HARD_OUTWARD.per_view[0].modes[47],48
variants.CURRENT.occupancy_angular.HARD_OUTWARD.per_view[0].modes[48],49
variants.CURRENT.occupancy_angular.HARD_OUTWARD.per_view[0].modes[49],50
variants.CURRENT.occupancy_angular.HARD_OUTWARD.per_view[0].modes[50],51
variants.CURRENT.occupancy_angular.HARD_OUTWARD.per_view[0].modes[51],52
variants.CURRENT.occupancy_angular.HARD_OUTWARD.per_view[0].modes[52],53
variants.CURRENT.occupancy_angular.HARD_OUTWARD.per_view[0].modes[53],54
variants.CURRENT.occupancy_angular.HARD_OUTWARD.per_view[0].modes[54],55
variants.CURRENT.occupancy_angular.HARD_OUTWARD.per_view[0].modes[55],56
variants.CURRENT.occupancy_angular.HARD_OUTWARD.per_view[0].modes[56],57
variants.CURRENT.occupancy_angular.HARD_OUTWARD.per_view[0].modes[57],58
variants.CURRENT.occupancy_angular.HARD_OUTWARD.per_view[0].modes[58],59
variants.CURRENT.occupancy_angular.HARD_OUTWARD.per_view[0].modes[59],60
variants.CURRENT.occupancy_angular.HARD_OUTWARD.per_view[0].modes[60],61
variants.CURRENT.occupancy_angular.HARD_OUTWARD.per_view[0].modes[61],62
variants.CURRENT.occupancy_angular.HARD_OUTWARD.per_view[0].modes[62],63
variants.CURRENT.occupancy_angular.HARD_OUTWARD.per_view[0].modes[63],64
variants.CURRENT.occupancy_angular.HARD_OUTWARD.per_view[0].angular_power[0],61741.75341966444
variants.CURRENT.occupancy_angular.HARD_OUTWARD.per_view[0].angular_power[1],48826.51907275937
variants.CURRENT.occupancy_angular.HARD_OUTWARD.per_view[0].angular_power[2],27464.395873679674
variants.CURRENT.occupancy_angular.HARD_OUTWARD.per_view[0].angular_power[3],25292.463526147392
variants.CURRENT.occupancy_angular.HARD_OUTWARD.per_view[0].angular_power[4],18430.577137220844
variants.CURRENT.occupancy_angular.HARD_OUTWARD.per_view[0].angular_power[5],17178.909352824143
variants.CURRENT.occupancy_angular.HARD_OUTWARD.per_view[0].angular_power[6],13543.796460478774
variants.CURRENT.occupancy_angular.HARD_OUTWARD.per_view[0].angular_power[7],13011.88974719083
variants.CURRENT.occupancy_angular.HARD_OUTWARD.per_view[0].angular_power[8],10919.807234494352
variants.CURRENT.occupancy_angular.HARD_OUTWARD.per_view[0].angular_power[9],10191.927712515788
variants.CURRENT.occupancy_angular.HARD_OUTWARD.per_view[0].angular_power[10],9116.518217008494
variants.CURRENT.occupancy_angular.HARD_OUTWARD.per_view[0].angular_power[11],8493.426525856552
variants.CURRENT.occupancy_angular.HARD_OUTWARD.per_view[0].angular_power[12],7759.482883240862
variants.CURRENT.occupancy_angular.HARD_OUTWARD.per_view[0].angular_power[13],7260.567101396129
variants.CURRENT.occupancy_angular.HARD_OUTWARD.per_view[0].angular_power[14],6636.487317027231
variants.CURRENT.occupancy_angular.HARD_OUTWARD.per_view[0].angular_power[15],6351.719330591467
variants.CURRENT.occupancy_angular.HARD_OUTWARD.per_view[0].angular_power[16],5858.762176298396
variants.CURRENT.occupancy_angular.HARD_OUTWARD.per_view[0].angular_power[17],5607.748117753023
variants.CURRENT.occupancy_angular.HARD_OUTWARD.per_view[0].angular_power[18],5165.653796311876
variants.CURRENT.occupancy_angular.HARD_OUTWARD.per_view[0].angular_power[19],4999.283336930557
variants.CURRENT.occupancy_angular.HARD_OUTWARD.per_view[0].angular_power[20],4618.143523396329
variants.CURRENT.occupancy_angular.HARD_OUTWARD.per_view[0].angular_power[21],4491.022493847328
variants.CURRENT.occupancy_angular.HARD_OUTWARD.per_view[0].angular_power[22],4223.977430567881
variants.CURRENT.occupancy_angular.HARD_OUTWARD.per_view[0].angular_power[23],4082.733396878915
variants.CURRENT.occupancy_angular.HARD_OUTWARD.per_view[0].angular_power[24],3832.971805617874
variants.CURRENT.occupancy_angular.HARD_OUTWARD.per_view[0].angular_power[25],3738.916928787194
variants.CURRENT.occupancy_angular.HARD_OUTWARD.per_view[0].angular_power[26],3528.4273861986003
variants.CURRENT.occupancy_angular.HARD_OUTWARD.per_view[0].angular_power[27],3477.4723512050505
variants.CURRENT.occupancy_angular.HARD_OUTWARD.per_view[0].angular_power[28],3229.3775964351303
variants.CURRENT.occupancy_angular.HARD_OUTWARD.per_view[0].angular_power[29],3158.9222316713726
variants.CURRENT.occupancy_angular.HARD_OUTWARD.per_view[0].angular_power[30],2995.473699511071
variants.CURRENT.occupancy_angular.HARD_OUTWARD.per_view[0].angular_power[31],2908.361699207956
variants.CURRENT.occupancy_angular.HARD_OUTWARD.per_view[0].angular_power[32],2756.79446731156
variants.CURRENT.occupancy_angular.HARD_OUTWARD.per_view[0].angular_power[33],2698.770698772631
variants.CURRENT.occupancy_angular.HARD_OUTWARD.per_view[0].angular_power[34],2577.3470585663554
variants.CURRENT.occupancy_angular.HARD_OUTWARD.per_view[0].angular_power[35],2502.4833965012103
variants.CURRENT.occupancy_angular.HARD_OUTWARD.per_view[0].angular_power[36],2391.561509620188
variants.CURRENT.occupancy_angular.HARD_OUTWARD.per_view[0].angular_power[37],2346.405556555051
variants.CURRENT.occupancy_angular.HARD_OUTWARD.per_view[0].angular_power[38],2273.526987755759
variants.CURRENT.occupancy_angular.HARD_OUTWARD.per_view[0].angular_power[39],2185.0479646670933
variants.CURRENT.occupancy_angular.HARD_OUTWARD.per_view[0].angular_power[40],2118.797099562162
variants.CURRENT.occupancy_angular.HARD_OUTWARD.per_view[0].angular_power[41],2038.1743925613566
variants.CURRENT.occupancy_angular.HARD_OUTWARD.per_view[0].angular_power[42],1985.1657102296472
variants.CURRENT.occupancy_angular.HARD_OUTWARD.per_view[0].angular_power[43],1917.900234927295
variants.CURRENT.occupancy_angular.HARD_OUTWARD.per_view[0].angular_power[44],1866.5337527175266
variants.CURRENT.occupancy_angular.HARD_OUTWARD.per_view[0].angular_power[45],1804.0864617428597
variants.CURRENT.occupancy_angular.HARD_OUTWARD.per_view[0].angular_power[46],1745.3432845675748
variants.CURRENT.occupancy_angular.HARD_OUTWARD.per_view[0].angular_power[47],1677.842361359565
variants.CURRENT.occupancy_angular.HARD_OUTWARD.per_view[0].angular_power[48],1626.5285643605023
variants.CURRENT.occupancy_angular.HARD_OUTWARD.per_view[0].angular_power[49],1589.7134518922605
variants.CURRENT.occupancy_angular.HARD_OUTWARD.per_view[0].angular_power[50],1544.688437737065
variants.CURRENT.occupancy_angular.HARD_OUTWARD.per_view[0].angular_power[51],1505.357312280159
variants.CURRENT.occupancy_angular.HARD_OUTWARD.per_view[0].angular_power[52],1464.1335708967988
variants.CURRENT.occupancy_angular.HARD_OUTWARD.per_view[0].angular_power[53],1407.4635314871234
variants.CURRENT.occupancy_angular.HARD_OUTWARD.per_view[0].angular_power[54],1362.3266291753316
variants.CURRENT.occupancy_angular.HARD_OUTWARD.per_view[0].angular_power[55],1333.9877073610915
variants.CURRENT.occupancy_angular.HARD_OUTWARD.per_view[0].angular_power[56],1291.1406938402101
variants.CURRENT.occupancy_angular.HARD_OUTWARD.per_view[0].angular_power[57],1286.186413576075
variants.CURRENT.occupancy_angular.HARD_OUTWARD.per_view[0].angular_power[58],1231.7889524550994
variants.CURRENT.occupancy_angular.HARD_OUTWARD.per_view[0].angular_power[59],1214.7819447898064
variants.CURRENT.occupancy_angular.HARD_OUTWARD.per_view[0].angular_power[60],1171.7596018211832
variants.CURRENT.occupancy_angular.HARD_OUTWARD.per_view[0].angular_power[61],1138.7413630614983
variants.CURRENT.occupancy_angular.HARD_OUTWARD.per_view[0].angular_power[62],1105.4407335888188
variants.CURRENT.occupancy_angular.HARD_OUTWARD.per_view[0].angular_power[63],1093.3368659357143
variants.CURRENT.occupancy_angular.HARD_OUTWARD.per_view[0].dominant_mode,1
variants.CURRENT.occupancy_angular.HARD_OUTWARD.per_view[0].spoke_anisotropy,0.33309793508517294
variants.CURRENT.occupancy_angular.HARD_OUTWARD.per_view[0].lattice_harmonic_fraction,0.053746316461955615
variants.CURRENT.occupancy_angular.HARD_OUTWARD.per_view[0].mode32_relative_to_neighbors,1.0019225496432498
variants.CURRENT.occupancy_angular.HARD_OUTWARD.per_view[0].chart_center_hf_correlation,0.5424967088197395
variants.CURRENT.occupancy_angular.HARD_OUTWARD.per_view[1].view,1
variants.CURRENT.occupancy_angular.HARD_OUTWARD.per_view[1].centers,1024
variants.CURRENT.occupancy_angular.HARD_OUTWARD.per_view[1].modes[0],1
variants.CURRENT.occupancy_angular.HARD_OUTWARD.per_view[1].modes[1],2
variants.CURRENT.occupancy_angular.HARD_OUTWARD.per_view[1].modes[2],3
variants.CURRENT.occupancy_angular.HARD_OUTWARD.per_view[1].modes[3],4
variants.CURRENT.occupancy_angular.HARD_OUTWARD.per_view[1].modes[4],5
variants.CURRENT.occupancy_angular.HARD_OUTWARD.per_view[1].modes[5],6
variants.CURRENT.occupancy_angular.HARD_OUTWARD.per_view[1].modes[6],7
variants.CURRENT.occupancy_angular.HARD_OUTWARD.per_view[1].modes[7],8
variants.CURRENT.occupancy_angular.HARD_OUTWARD.per_view[1].modes[8],9
variants.CURRENT.occupancy_angular.HARD_OUTWARD.per_view[1].modes[9],10
variants.CURRENT.occupancy_angular.HARD_OUTWARD.per_view[1].modes[10],11
variants.CURRENT.occupancy_angular.HARD_OUTWARD.per_view[1].modes[11],12
variants.CURRENT.occupancy_angular.HARD_OUTWARD.per_view[1].modes[12],13
variants.CURRENT.occupancy_angular.HARD_OUTWARD.per_view[1].modes[13],14
variants.CURRENT.occupancy_angular.HARD_OUTWARD.per_view[1].modes[14],15
variants.CURRENT.occupancy_angular.HARD_OUTWARD.per_view[1].modes[15],16
variants.CURRENT.occupancy_angular.HARD_OUTWARD.per_view[1].modes[16],17
variants.CURRENT.occupancy_angular.HARD_OUTWARD.per_view[1].modes[17],18
variants.CURRENT.occupancy_angular.HARD_OUTWARD.per_view[1].modes[18],19
variants.CURRENT.occupancy_angular.HARD_OUTWARD.per_view[1].modes[19],20
variants.CURRENT.occupancy_angular.HARD_OUTWARD.per_view[1].modes[20],21
variants.CURRENT.occupancy_angular.HARD_OUTWARD.per_view[1].modes[21],22
variants.CURRENT.occupancy_angular.HARD_OUTWARD.per_view[1].modes[22],23
variants.CURRENT.occupancy_angular.HARD_OUTWARD.per_view[1].modes[23],24
variants.CURRENT.occupancy_angular.HARD_OUTWARD.per_view[1].modes[24],25
variants.CURRENT.occupancy_angular.HARD_OUTWARD.per_view[1].modes[25],26
variants.CURRENT.occupancy_angular.HARD_OUTWARD.per_view[1].modes[26],27
variants.CURRENT.occupancy_angular.HARD_OUTWARD.per_view[1].modes[27],28
variants.CURRENT.occupancy_angular.HARD_OUTWARD.per_view[1].modes[28],29
variants.CURRENT.occupancy_angular.HARD_OUTWARD.per_view[1].modes[29],30
variants.CURRENT.occupancy_angular.HARD_OUTWARD.per_view[1].modes[30],31
variants.CURRENT.occupancy_angular.HARD_OUTWARD.per_view[1].modes[31],32
variants.CURRENT.occupancy_angular.HARD_OUTWARD.per_view[1].modes[32],33
variants.CURRENT.occupancy_angular.HARD_OUTWARD.per_view[1].modes[33],34
variants.CURRENT.occupancy_angular.HARD_OUTWARD.per_view[1].modes[34],35
variants.CURRENT.occupancy_angular.HARD_OUTWARD.per_view[1].modes[35],36
variants.CURRENT.occupancy_angular.HARD_OUTWARD.per_view[1].modes[36],37
variants.CURRENT.occupancy_angular.HARD_OUTWARD.per_view[1].modes[37],38
variants.CURRENT.occupancy_angular.HARD_OUTWARD.per_view[1].modes[38],39
variants.CURRENT.occupancy_angular.HARD_OUTWARD.per_view[1].modes[39],40
variants.CURRENT.occupancy_angular.HARD_OUTWARD.per_view[1].modes[40],41
variants.CURRENT.occupancy_angular.HARD_OUTWARD.per_view[1].modes[41],42
variants.CURRENT.occupancy_angular.HARD_OUTWARD.per_view[1].modes[42],43
variants.CURRENT.occupancy_angular.HARD_OUTWARD.per_view[1].modes[43],44
variants.CURRENT.occupancy_angular.HARD_OUTWARD.per_view[1].modes[44],45
variants.CURRENT.occupancy_angular.HARD_OUTWARD.per_view[1].modes[45],46
variants.CURRENT.occupancy_angular.HARD_OUTWARD.per_view[1].modes[46],47
variants.CURRENT.occupancy_angular.HARD_OUTWARD.per_view[1].modes[47],48
variants.CURRENT.occupancy_angular.HARD_OUTWARD.per_view[1].modes[48],49
variants.CURRENT.occupancy_angular.HARD_OUTWARD.per_view[1].modes[49],50
variants.CURRENT.occupancy_angular.HARD_OUTWARD.per_view[1].modes[50],51
variants.CURRENT.occupancy_angular.HARD_OUTWARD.per_view[1].modes[51],52
variants.CURRENT.occupancy_angular.HARD_OUTWARD.per_view[1].modes[52],53
variants.CURRENT.occupancy_angular.HARD_OUTWARD.per_view[1].modes[53],54
variants.CURRENT.occupancy_angular.HARD_OUTWARD.per_view[1].modes[54],55
variants.CURRENT.occupancy_angular.HARD_OUTWARD.per_view[1].modes[55],56
variants.CURRENT.occupancy_angular.HARD_OUTWARD.per_view[1].modes[56],57
variants.CURRENT.occupancy_angular.HARD_OUTWARD.per_view[1].modes[57],58
variants.CURRENT.occupancy_angular.HARD_OUTWARD.per_view[1].modes[58],59
variants.CURRENT.occupancy_angular.HARD_OUTWARD.per_view[1].modes[59],60
variants.CURRENT.occupancy_angular.HARD_OUTWARD.per_view[1].modes[60],61
variants.CURRENT.occupancy_angular.HARD_OUTWARD.per_view[1].modes[61],62
variants.CURRENT.occupancy_angular.HARD_OUTWARD.per_view[1].modes[62],63
variants.CURRENT.occupancy_angular.HARD_OUTWARD.per_view[1].modes[63],64
variants.CURRENT.occupancy_angular.HARD_OUTWARD.per_view[1].angular_power[0],65789.5829396642
variants.CURRENT.occupancy_angular.HARD_OUTWARD.per_view[1].angular_power[1],46373.61973864686
variants.CURRENT.occupancy_angular.HARD_OUTWARD.per_view[1].angular_power[2],27636.456664430465
variants.CURRENT.occupancy_angular.HARD_OUTWARD.per_view[1].angular_power[3],23387.91221997221
variants.CURRENT.occupancy_angular.HARD_OUTWARD.per_view[1].angular_power[4],18199.700259810685
variants.CURRENT.occupancy_angular.HARD_OUTWARD.per_view[1].angular_power[5],15352.48262805238
variants.CURRENT.occupancy_angular.HARD_OUTWARD.per_view[1].angular_power[6],12944.502530120073
variants.CURRENT.occupancy_angular.HARD_OUTWARD.per_view[1].angular_power[7],11548.8100499165
variants.CURRENT.occupancy_angular.HARD_OUTWARD.per_view[1].angular_power[8],9923.444223864492
variants.CURRENT.occupancy_angular.HARD_OUTWARD.per_view[1].angular_power[9],9244.671862266912
variants.CURRENT.occupancy_angular.HARD_OUTWARD.per_view[1].angular_power[10],8162.500236705394
variants.CURRENT.occupancy_angular.HARD_OUTWARD.per_view[1].angular_power[11],7543.165760803925
variants.CURRENT.occupancy_angular.HARD_OUTWARD.per_view[1].angular_power[12],6880.421902995177
variants.CURRENT.occupancy_angular.HARD_OUTWARD.per_view[1].angular_power[13],6379.02052524726
variants.CURRENT.occupancy_angular.HARD_OUTWARD.per_view[1].angular_power[14],5949.336357278937
variants.CURRENT.occupancy_angular.HARD_OUTWARD.per_view[1].angular_power[15],5591.916526430575
variants.CURRENT.occupancy_angular.HARD_OUTWARD.per_view[1].angular_power[16],5186.9310685344135
variants.CURRENT.occupancy_angular.HARD_OUTWARD.per_view[1].angular_power[17],4925.103970130152
variants.CURRENT.occupancy_angular.HARD_OUTWARD.per_view[1].angular_power[18],4613.509566488192
variants.CURRENT.occupancy_angular.HARD_OUTWARD.per_view[1].angular_power[19],4400.925567882779
variants.CURRENT.occupancy_angular.HARD_OUTWARD.per_view[1].angular_power[20],4147.228119559641
variants.CURRENT.occupancy_angular.HARD_OUTWARD.per_view[1].angular_power[21],3966.663901197309
variants.CURRENT.occupancy_angular.HARD_OUTWARD.per_view[1].angular_power[22],3758.214453398464
variants.CURRENT.occupancy_angular.HARD_OUTWARD.per_view[1].angular_power[23],3595.492693972046
variants.CURRENT.occupancy_angular.HARD_OUTWARD.per_view[1].angular_power[24],3444.4387624019128
variants.CURRENT.occupancy_angular.HARD_OUTWARD.per_view[1].angular_power[25],3285.1498577610596
variants.CURRENT.occupancy_angular.HARD_OUTWARD.per_view[1].angular_power[26],3162.1800102564475
variants.CURRENT.occupancy_angular.HARD_OUTWARD.per_view[1].angular_power[27],3060.595471338866
variants.CURRENT.occupancy_angular.HARD_OUTWARD.per_view[1].angular_power[28],2885.831941907248
variants.CURRENT.occupancy_angular.HARD_OUTWARD.per_view[1].angular_power[29],2820.744866309114
variants.CURRENT.occupancy_angular.HARD_OUTWARD.per_view[1].angular_power[30],2667.2594216859047
variants.CURRENT.occupancy_angular.HARD_OUTWARD.per_view[1].angular_power[31],2549.8468885606208
variants.CURRENT.occupancy_angular.HARD_OUTWARD.per_view[1].angular_power[32],2476.4940443269816
variants.CURRENT.occupancy_angular.HARD_OUTWARD.per_view[1].angular_power[33],2411.9962959298928
variants.CURRENT.occupancy_angular.HARD_OUTWARD.per_view[1].angular_power[34],2328.111739246825
variants.CURRENT.occupancy_angular.HARD_OUTWARD.per_view[1].angular_power[35],2257.7414321167757
variants.CURRENT.occupancy_angular.HARD_OUTWARD.per_view[1].angular_power[36],2173.8380562786447
variants.CURRENT.occupancy_angular.HARD_OUTWARD.per_view[1].angular_power[37],2129.470847217636
variants.CURRENT.occupancy_angular.HARD_OUTWARD.per_view[1].angular_power[38],2034.8905389956115
variants.CURRENT.occupancy_angular.HARD_OUTWARD.per_view[1].angular_power[39],1970.4013855815886
variants.CURRENT.occupancy_angular.HARD_OUTWARD.per_view[1].angular_power[40],1901.1973015692552
variants.CURRENT.occupancy_angular.HARD_OUTWARD.per_view[1].angular_power[41],1859.8154364530205
variants.CURRENT.occupancy_angular.HARD_OUTWARD.per_view[1].angular_power[42],1782.9498710307341
variants.CURRENT.occupancy_angular.HARD_OUTWARD.per_view[1].angular_power[43],1706.4986999083408
variants.CURRENT.occupancy_angular.HARD_OUTWARD.per_view[1].angular_power[44],1674.3051436759647
variants.CURRENT.occupancy_angular.HARD_OUTWARD.per_view[1].angular_power[45],1627.4333563231096
variants.CURRENT.occupancy_angular.HARD_OUTWARD.per_view[1].angular_power[46],1564.720350220335
variants.CURRENT.occupancy_angular.HARD_OUTWARD.per_view[1].angular_power[47],1546.671010759054
variants.CURRENT.occupancy_angular.HARD_OUTWARD.per_view[1].angular_power[48],1492.135212796973
variants.CURRENT.occupancy_angular.HARD_OUTWARD.per_view[1].angular_power[49],1436.1547017162336
variants.CURRENT.occupancy_angular.HARD_OUTWARD.per_view[1].angular_power[50],1388.4117949675326
variants.CURRENT.occupancy_angular.HARD_OUTWARD.per_view[1].angular_power[51],1360.711230409953
variants.CURRENT.occupancy_angular.HARD_OUTWARD.per_view[1].angular_power[52],1317.8812582069202
variants.CURRENT.occupancy_angular.HARD_OUTWARD.per_view[1].angular_power[53],1278.6246577782354
variants.CURRENT.occupancy_angular.HARD_OUTWARD.per_view[1].angular_power[54],1250.2532950683458
variants.CURRENT.occupancy_angular.HARD_OUTWARD.per_view[1].angular_power[55],1207.393845748745
variants.CURRENT.occupancy_angular.HARD_OUTWARD.per_view[1].angular_power[56],1179.0769240270224
variants.CURRENT.occupancy_angular.HARD_OUTWARD.per_view[1].angular_power[57],1132.653360942165
variants.CURRENT.occupancy_angular.HARD_OUTWARD.per_view[1].angular_power[58],1099.0074561659148
variants.CURRENT.occupancy_angular.HARD_OUTWARD.per_view[1].angular_power[59],1085.6970781886603
variants.CURRENT.occupancy_angular.HARD_OUTWARD.per_view[1].angular_power[60],1044.1184406047082
variants.CURRENT.occupancy_angular.HARD_OUTWARD.per_view[1].angular_power[61],1019.9450890034535
variants.CURRENT.occupancy_angular.HARD_OUTWARD.per_view[1].angular_power[62],998.8722366881123
variants.CURRENT.occupancy_angular.HARD_OUTWARD.per_view[1].angular_power[63],978.951179364166
variants.CURRENT.occupancy_angular.HARD_OUTWARD.per_view[1].dominant_mode,1
variants.CURRENT.occupancy_angular.HARD_OUTWARD.per_view[1].spoke_anisotropy,0.3583742101814547
variants.CURRENT.occupancy_angular.HARD_OUTWARD.per_view[1].lattice_harmonic_fraction,0.050476472880422556
variants.CURRENT.occupancy_angular.HARD_OUTWARD.per_view[1].mode32_relative_to_neighbors,0.9813118161106181
variants.CURRENT.occupancy_angular.HARD_OUTWARD.per_view[1].chart_center_hf_correlation,0.5982579802407909
variants.CURRENT.occupancy_angular.HARD_OUTWARD.per_view[2].view,2
variants.CURRENT.occupancy_angular.HARD_OUTWARD.per_view[2].centers,1024
variants.CURRENT.occupancy_angular.HARD_OUTWARD.per_view[2].modes[0],1
variants.CURRENT.occupancy_angular.HARD_OUTWARD.per_view[2].modes[1],2
variants.CURRENT.occupancy_angular.HARD_OUTWARD.per_view[2].modes[2],3
variants.CURRENT.occupancy_angular.HARD_OUTWARD.per_view[2].modes[3],4
variants.CURRENT.occupancy_angular.HARD_OUTWARD.per_view[2].modes[4],5
variants.CURRENT.occupancy_angular.HARD_OUTWARD.per_view[2].modes[5],6
variants.CURRENT.occupancy_angular.HARD_OUTWARD.per_view[2].modes[6],7
variants.CURRENT.occupancy_angular.HARD_OUTWARD.per_view[2].modes[7],8
variants.CURRENT.occupancy_angular.HARD_OUTWARD.per_view[2].modes[8],9
variants.CURRENT.occupancy_angular.HARD_OUTWARD.per_view[2].modes[9],10
variants.CURRENT.occupancy_angular.HARD_OUTWARD.per_view[2].modes[10],11
variants.CURRENT.occupancy_angular.HARD_OUTWARD.per_view[2].modes[11],12
variants.CURRENT.occupancy_angular.HARD_OUTWARD.per_view[2].modes[12],13
variants.CURRENT.occupancy_angular.HARD_OUTWARD.per_view[2].modes[13],14
variants.CURRENT.occupancy_angular.HARD_OUTWARD.per_view[2].modes[14],15
variants.CURRENT.occupancy_angular.HARD_OUTWARD.per_view[2].modes[15],16
variants.CURRENT.occupancy_angular.HARD_OUTWARD.per_view[2].modes[16],17
variants.CURRENT.occupancy_angular.HARD_OUTWARD.per_view[2].modes[17],18
variants.CURRENT.occupancy_angular.HARD_OUTWARD.per_view[2].modes[18],19
variants.CURRENT.occupancy_angular.HARD_OUTWARD.per_view[2].modes[19],20
variants.CURRENT.occupancy_angular.HARD_OUTWARD.per_view[2].modes[20],21
variants.CURRENT.occupancy_angular.HARD_OUTWARD.per_view[2].modes[21],22
variants.CURRENT.occupancy_angular.HARD_OUTWARD.per_view[2].modes[22],23
variants.CURRENT.occupancy_angular.HARD_OUTWARD.per_view[2].modes[23],24
variants.CURRENT.occupancy_angular.HARD_OUTWARD.per_view[2].modes[24],25
variants.CURRENT.occupancy_angular.HARD_OUTWARD.per_view[2].modes[25],26
variants.CURRENT.occupancy_angular.HARD_OUTWARD.per_view[2].modes[26],27
variants.CURRENT.occupancy_angular.HARD_OUTWARD.per_view[2].modes[27],28
variants.CURRENT.occupancy_angular.HARD_OUTWARD.per_view[2].modes[28],29
variants.CURRENT.occupancy_angular.HARD_OUTWARD.per_view[2].modes[29],30
variants.CURRENT.occupancy_angular.HARD_OUTWARD.per_view[2].modes[30],31
variants.CURRENT.occupancy_angular.HARD_OUTWARD.per_view[2].modes[31],32
variants.CURRENT.occupancy_angular.HARD_OUTWARD.per_view[2].modes[32],33
variants.CURRENT.occupancy_angular.HARD_OUTWARD.per_view[2].modes[33],34
variants.CURRENT.occupancy_angular.HARD_OUTWARD.per_view[2].modes[34],35
variants.CURRENT.occupancy_angular.HARD_OUTWARD.per_view[2].modes[35],36
variants.CURRENT.occupancy_angular.HARD_OUTWARD.per_view[2].modes[36],37
variants.CURRENT.occupancy_angular.HARD_OUTWARD.per_view[2].modes[37],38
variants.CURRENT.occupancy_angular.HARD_OUTWARD.per_view[2].modes[38],39
variants.CURRENT.occupancy_angular.HARD_OUTWARD.per_view[2].modes[39],40
variants.CURRENT.occupancy_angular.HARD_OUTWARD.per_view[2].modes[40],41
variants.CURRENT.occupancy_angular.HARD_OUTWARD.per_view[2].modes[41],42
variants.CURRENT.occupancy_angular.HARD_OUTWARD.per_view[2].modes[42],43
variants.CURRENT.occupancy_angular.HARD_OUTWARD.per_view[2].modes[43],44
variants.CURRENT.occupancy_angular.HARD_OUTWARD.per_view[2].modes[44],45
variants.CURRENT.occupancy_angular.HARD_OUTWARD.per_view[2].modes[45],46
variants.CURRENT.occupancy_angular.HARD_OUTWARD.per_view[2].modes[46],47
variants.CURRENT.occupancy_angular.HARD_OUTWARD.per_view[2].modes[47],48
variants.CURRENT.occupancy_angular.HARD_OUTWARD.per_view[2].modes[48],49
variants.CURRENT.occupancy_angular.HARD_OUTWARD.per_view[2].modes[49],50
variants.CURRENT.occupancy_angular.HARD_OUTWARD.per_view[2].modes[50],51
variants.CURRENT.occupancy_angular.HARD_OUTWARD.per_view[2].modes[51],52
variants.CURRENT.occupancy_angular.HARD_OUTWARD.per_view[2].modes[52],53
variants.CURRENT.occupancy_angular.HARD_OUTWARD.per_view[2].modes[53],54
variants.CURRENT.occupancy_angular.HARD_OUTWARD.per_view[2].modes[54],55
variants.CURRENT.occupancy_angular.HARD_OUTWARD.per_view[2].modes[55],56
variants.CURRENT.occupancy_angular.HARD_OUTWARD.per_view[2].modes[56],57
variants.CURRENT.occupancy_angular.HARD_OUTWARD.per_view[2].modes[57],58
variants.CURRENT.occupancy_angular.HARD_OUTWARD.per_view[2].modes[58],59
variants.CURRENT.occupancy_angular.HARD_OUTWARD.per_view[2].modes[59],60
variants.CURRENT.occupancy_angular.HARD_OUTWARD.per_view[2].modes[60],61
variants.CURRENT.occupancy_angular.HARD_OUTWARD.per_view[2].modes[61],62
variants.CURRENT.occupancy_angular.HARD_OUTWARD.per_view[2].modes[62],63
variants.CURRENT.occupancy_angular.HARD_OUTWARD.per_view[2].modes[63],64
variants.CURRENT.occupancy_angular.HARD_OUTWARD.per_view[2].angular_power[0],38451.396960586564
variants.CURRENT.occupancy_angular.HARD_OUTWARD.per_view[2].angular_power[1],27948.09010430268
variants.CURRENT.occupancy_angular.HARD_OUTWARD.per_view[2].angular_power[2],17541.94235329616
variants.CURRENT.occupancy_angular.HARD_OUTWARD.per_view[2].angular_power[3],15379.56849618967
variants.CURRENT.occupancy_angular.HARD_OUTWARD.per_view[2].angular_power[4],11381.6698243087
variants.CURRENT.occupancy_angular.HARD_OUTWARD.per_view[2].angular_power[5],10618.598279684149
variants.CURRENT.occupancy_angular.HARD_OUTWARD.per_view[2].angular_power[6],8572.687376971264
variants.CURRENT.occupancy_angular.HARD_OUTWARD.per_view[2].angular_power[7],7944.39585847887
variants.CURRENT.occupancy_angular.HARD_OUTWARD.per_view[2].angular_power[8],6778.10701940264
variants.CURRENT.occupancy_angular.HARD_OUTWARD.per_view[2].angular_power[9],6521.261709905379
variants.CURRENT.occupancy_angular.HARD_OUTWARD.per_view[2].angular_power[10],5635.135731480117
variants.CURRENT.occupancy_angular.HARD_OUTWARD.per_view[2].angular_power[11],5407.232022047017
variants.CURRENT.occupancy_angular.HARD_OUTWARD.per_view[2].angular_power[12],4743.592568101933
variants.CURRENT.occupancy_angular.HARD_OUTWARD.per_view[2].angular_power[13],4655.972645253591
variants.CURRENT.occupancy_angular.HARD_OUTWARD.per_view[2].angular_power[14],4196.747015088263
variants.CURRENT.occupancy_angular.HARD_OUTWARD.per_view[2].angular_power[15],4027.146120729757
variants.CURRENT.occupancy_angular.HARD_OUTWARD.per_view[2].angular_power[16],3702.9685019909293
variants.CURRENT.occupancy_angular.HARD_OUTWARD.per_view[2].angular_power[17],3590.910647724878
variants.CURRENT.occupancy_angular.HARD_OUTWARD.per_view[2].angular_power[18],3287.8889891597023
variants.CURRENT.occupancy_angular.HARD_OUTWARD.per_view[2].angular_power[19],3237.8420399872275
variants.CURRENT.occupancy_angular.HARD_OUTWARD.per_view[2].angular_power[20],3044.724882166608
variants.CURRENT.occupancy_angular.HARD_OUTWARD.per_view[2].angular_power[21],2921.4592233059
variants.CURRENT.occupancy_angular.HARD_OUTWARD.per_view[2].angular_power[22],2774.32628016526
variants.CURRENT.occupancy_angular.HARD_OUTWARD.per_view[2].angular_power[23],2670.5742041268986
variants.CURRENT.occupancy_angular.HARD_OUTWARD.per_view[2].angular_power[24],2528.3846729032352
variants.CURRENT.occupancy_angular.HARD_OUTWARD.per_view[2].angular_power[25],2458.3319350225465
variants.CURRENT.occupancy_angular.HARD_OUTWARD.per_view[2].angular_power[26],2335.679716977562
variants.CURRENT.occupancy_angular.HARD_OUTWARD.per_view[2].angular_power[27],2277.3037467002514
variants.CURRENT.occupancy_angular.HARD_OUTWARD.per_view[2].angular_power[28],2186.4388972745055
variants.CURRENT.occupancy_angular.HARD_OUTWARD.per_view[2].angular_power[29],2077.930178837599
variants.CURRENT.occupancy_angular.HARD_OUTWARD.per_view[2].angular_power[30],2005.9126804439227
variants.CURRENT.occupancy_angular.HARD_OUTWARD.per_view[2].angular_power[31],1977.5559761015072
variants.CURRENT.occupancy_angular.HARD_OUTWARD.per_view[2].angular_power[32],1880.490689374779
variants.CURRENT.occupancy_angular.HARD_OUTWARD.per_view[2].angular_power[33],1816.8377011706639
variants.CURRENT.occupancy_angular.HARD_OUTWARD.per_view[2].angular_power[34],1745.8307521572797
variants.CURRENT.occupancy_angular.HARD_OUTWARD.per_view[2].angular_power[35],1707.1693581737522
variants.CURRENT.occupancy_angular.HARD_OUTWARD.per_view[2].angular_power[36],1617.871033871173
variants.CURRENT.occupancy_angular.HARD_OUTWARD.per_view[2].angular_power[37],1584.3137067421526
variants.CURRENT.occupancy_angular.HARD_OUTWARD.per_view[2].angular_power[38],1528.9071532004311
variants.CURRENT.occupancy_angular.HARD_OUTWARD.per_view[2].angular_power[39],1517.3405225192432
variants.CURRENT.occupancy_angular.HARD_OUTWARD.per_view[2].angular_power[40],1452.8922098412738
variants.CURRENT.occupancy_angular.HARD_OUTWARD.per_view[2].angular_power[41],1392.3588098022394
variants.CURRENT.occupancy_angular.HARD_OUTWARD.per_view[2].angular_power[42],1337.5320619526976
variants.CURRENT.occupancy_angular.HARD_OUTWARD.per_view[2].angular_power[43],1319.9273162048528
variants.CURRENT.occupancy_angular.HARD_OUTWARD.per_view[2].angular_power[44],1262.3951019824826
variants.CURRENT.occupancy_angular.HARD_OUTWARD.per_view[2].angular_power[45],1231.4926227688152
variants.CURRENT.occupancy_angular.HARD_OUTWARD.per_view[2].angular_power[46],1185.9376711563386
variants.CURRENT.occupancy_angular.HARD_OUTWARD.per_view[2].angular_power[47],1177.7286824591536
variants.CURRENT.occupancy_angular.HARD_OUTWARD.per_view[2].angular_power[48],1123.4821933661315
variants.CURRENT.occupancy_angular.HARD_OUTWARD.per_view[2].angular_power[49],1119.555244562987
variants.CURRENT.occupancy_angular.HARD_OUTWARD.per_view[2].angular_power[50],1061.1881578786526
variants.CURRENT.occupancy_angular.HARD_OUTWARD.per_view[2].angular_power[51],1039.3058028680477
variants.CURRENT.occupancy_angular.HARD_OUTWARD.per_view[2].angular_power[52],1015.709663469335
variants.CURRENT.occupancy_angular.HARD_OUTWARD.per_view[2].angular_power[53],983.2316071602131
variants.CURRENT.occupancy_angular.HARD_OUTWARD.per_view[2].angular_power[54],956.9503912763463
variants.CURRENT.occupancy_angular.HARD_OUTWARD.per_view[2].angular_power[55],920.2502682899684
variants.CURRENT.occupancy_angular.HARD_OUTWARD.per_view[2].angular_power[56],904.6459621897093
variants.CURRENT.occupancy_angular.HARD_OUTWARD.per_view[2].angular_power[57],878.8849564683359
variants.CURRENT.occupancy_angular.HARD_OUTWARD.per_view[2].angular_power[58],851.9683227225241
variants.CURRENT.occupancy_angular.HARD_OUTWARD.per_view[2].angular_power[59],842.5823695636473
variants.CURRENT.occupancy_angular.HARD_OUTWARD.per_view[2].angular_power[60],807.8395674268946
variants.CURRENT.occupancy_angular.HARD_OUTWARD.per_view[2].angular_power[61],793.7501806493208
variants.CURRENT.occupancy_angular.HARD_OUTWARD.per_view[2].angular_power[62],771.9860387058378
variants.CURRENT.occupancy_angular.HARD_OUTWARD.per_view[2].angular_power[63],755.1682795420992
variants.CURRENT.occupancy_angular.HARD_OUTWARD.per_view[2].dominant_mode,1
variants.CURRENT.occupancy_angular.HARD_OUTWARD.per_view[2].spoke_anisotropy,0.32103987411982504
variants.CURRENT.occupancy_angular.HARD_OUTWARD.per_view[2].lattice_harmonic_fraction,0.05334930180123541
variants.CURRENT.occupancy_angular.HARD_OUTWARD.per_view[2].mode32_relative_to_neighbors,1.0129675779010336
variants.CURRENT.occupancy_angular.HARD_OUTWARD.per_view[2].chart_center_hf_correlation,0.5078335065709197
variants.CURRENT.occupancy_angular.HARD_OUTWARD.per_view[3].view,3
variants.CURRENT.occupancy_angular.HARD_OUTWARD.per_view[3].centers,1024
variants.CURRENT.occupancy_angular.HARD_OUTWARD.per_view[3].modes[0],1
variants.CURRENT.occupancy_angular.HARD_OUTWARD.per_view[3].modes[1],2
variants.CURRENT.occupancy_angular.HARD_OUTWARD.per_view[3].modes[2],3
variants.CURRENT.occupancy_angular.HARD_OUTWARD.per_view[3].modes[3],4
variants.CURRENT.occupancy_angular.HARD_OUTWARD.per_view[3].modes[4],5
variants.CURRENT.occupancy_angular.HARD_OUTWARD.per_view[3].modes[5],6
variants.CURRENT.occupancy_angular.HARD_OUTWARD.per_view[3].modes[6],7
variants.CURRENT.occupancy_angular.HARD_OUTWARD.per_view[3].modes[7],8
variants.CURRENT.occupancy_angular.HARD_OUTWARD.per_view[3].modes[8],9
variants.CURRENT.occupancy_angular.HARD_OUTWARD.per_view[3].modes[9],10
variants.CURRENT.occupancy_angular.HARD_OUTWARD.per_view[3].modes[10],11
variants.CURRENT.occupancy_angular.HARD_OUTWARD.per_view[3].modes[11],12
variants.CURRENT.occupancy_angular.HARD_OUTWARD.per_view[3].modes[12],13
variants.CURRENT.occupancy_angular.HARD_OUTWARD.per_view[3].modes[13],14
variants.CURRENT.occupancy_angular.HARD_OUTWARD.per_view[3].modes[14],15
variants.CURRENT.occupancy_angular.HARD_OUTWARD.per_view[3].modes[15],16
variants.CURRENT.occupancy_angular.HARD_OUTWARD.per_view[3].modes[16],17
variants.CURRENT.occupancy_angular.HARD_OUTWARD.per_view[3].modes[17],18
variants.CURRENT.occupancy_angular.HARD_OUTWARD.per_view[3].modes[18],19
variants.CURRENT.occupancy_angular.HARD_OUTWARD.per_view[3].modes[19],20
variants.CURRENT.occupancy_angular.HARD_OUTWARD.per_view[3].modes[20],21
variants.CURRENT.occupancy_angular.HARD_OUTWARD.per_view[3].modes[21],22
variants.CURRENT.occupancy_angular.HARD_OUTWARD.per_view[3].modes[22],23
variants.CURRENT.occupancy_angular.HARD_OUTWARD.per_view[3].modes[23],24
variants.CURRENT.occupancy_angular.HARD_OUTWARD.per_view[3].modes[24],25
variants.CURRENT.occupancy_angular.HARD_OUTWARD.per_view[3].modes[25],26
variants.CURRENT.occupancy_angular.HARD_OUTWARD.per_view[3].modes[26],27
variants.CURRENT.occupancy_angular.HARD_OUTWARD.per_view[3].modes[27],28
variants.CURRENT.occupancy_angular.HARD_OUTWARD.per_view[3].modes[28],29
variants.CURRENT.occupancy_angular.HARD_OUTWARD.per_view[3].modes[29],30
variants.CURRENT.occupancy_angular.HARD_OUTWARD.per_view[3].modes[30],31
variants.CURRENT.occupancy_angular.HARD_OUTWARD.per_view[3].modes[31],32
variants.CURRENT.occupancy_angular.HARD_OUTWARD.per_view[3].modes[32],33
variants.CURRENT.occupancy_angular.HARD_OUTWARD.per_view[3].modes[33],34
variants.CURRENT.occupancy_angular.HARD_OUTWARD.per_view[3].modes[34],35
variants.CURRENT.occupancy_angular.HARD_OUTWARD.per_view[3].modes[35],36
variants.CURRENT.occupancy_angular.HARD_OUTWARD.per_view[3].modes[36],37
variants.CURRENT.occupancy_angular.HARD_OUTWARD.per_view[3].modes[37],38
variants.CURRENT.occupancy_angular.HARD_OUTWARD.per_view[3].modes[38],39
variants.CURRENT.occupancy_angular.HARD_OUTWARD.per_view[3].modes[39],40
variants.CURRENT.occupancy_angular.HARD_OUTWARD.per_view[3].modes[40],41
variants.CURRENT.occupancy_angular.HARD_OUTWARD.per_view[3].modes[41],42
variants.CURRENT.occupancy_angular.HARD_OUTWARD.per_view[3].modes[42],43
variants.CURRENT.occupancy_angular.HARD_OUTWARD.per_view[3].modes[43],44
variants.CURRENT.occupancy_angular.HARD_OUTWARD.per_view[3].modes[44],45
variants.CURRENT.occupancy_angular.HARD_OUTWARD.per_view[3].modes[45],46
variants.CURRENT.occupancy_angular.HARD_OUTWARD.per_view[3].modes[46],47
variants.CURRENT.occupancy_angular.HARD_OUTWARD.per_view[3].modes[47],48
variants.CURRENT.occupancy_angular.HARD_OUTWARD.per_view[3].modes[48],49
variants.CURRENT.occupancy_angular.HARD_OUTWARD.per_view[3].modes[49],50
variants.CURRENT.occupancy_angular.HARD_OUTWARD.per_view[3].modes[50],51
variants.CURRENT.occupancy_angular.HARD_OUTWARD.per_view[3].modes[51],52
variants.CURRENT.occupancy_angular.HARD_OUTWARD.per_view[3].modes[52],53
variants.CURRENT.occupancy_angular.HARD_OUTWARD.per_view[3].modes[53],54
variants.CURRENT.occupancy_angular.HARD_OUTWARD.per_view[3].modes[54],55
variants.CURRENT.occupancy_angular.HARD_OUTWARD.per_view[3].modes[55],56
variants.CURRENT.occupancy_angular.HARD_OUTWARD.per_view[3].modes[56],57
variants.CURRENT.occupancy_angular.HARD_OUTWARD.per_view[3].modes[57],58
variants.CURRENT.occupancy_angular.HARD_OUTWARD.per_view[3].modes[58],59
variants.CURRENT.occupancy_angular.HARD_OUTWARD.per_view[3].modes[59],60
variants.CURRENT.occupancy_angular.HARD_OUTWARD.per_view[3].modes[60],61
variants.CURRENT.occupancy_angular.HARD_OUTWARD.per_view[3].modes[61],62
variants.CURRENT.occupancy_angular.HARD_OUTWARD.per_view[3].modes[62],63
variants.CURRENT.occupancy_angular.HARD_OUTWARD.per_view[3].modes[63],64
variants.CURRENT.occupancy_angular.HARD_OUTWARD.per_view[3].angular_power[0],85116.66817263012
variants.CURRENT.occupancy_angular.HARD_OUTWARD.per_view[3].angular_power[1],61102.32438697848
variants.CURRENT.occupancy_angular.HARD_OUTWARD.per_view[3].angular_power[2],35680.33141245626
variants.CURRENT.occupancy_angular.HARD_OUTWARD.per_view[3].angular_power[3],32028.93357777422
variants.CURRENT.occupancy_angular.HARD_OUTWARD.per_view[3].angular_power[4],23733.0336608003
variants.CURRENT.occupancy_angular.HARD_OUTWARD.per_view[3].angular_power[5],21240.12151963676
variants.CURRENT.occupancy_angular.HARD_OUTWARD.per_view[3].angular_power[6],17307.867238436127
variants.CURRENT.occupancy_angular.HARD_OUTWARD.per_view[3].angular_power[7],16022.748228836446
variants.CURRENT.occupancy_angular.HARD_OUTWARD.per_view[3].angular_power[8],13523.76082252117
variants.CURRENT.occupancy_angular.HARD_OUTWARD.per_view[3].angular_power[9],12692.323109728823
variants.CURRENT.occupancy_angular.HARD_OUTWARD.per_view[3].angular_power[10],11269.959700973672
variants.CURRENT.occupancy_angular.HARD_OUTWARD.per_view[3].angular_power[11],10528.78395664514
variants.CURRENT.occupancy_angular.HARD_OUTWARD.per_view[3].angular_power[12],9590.2695430433
variants.CURRENT.occupancy_angular.HARD_OUTWARD.per_view[3].angular_power[13],9055.517644205924
variants.CURRENT.occupancy_angular.HARD_OUTWARD.per_view[3].angular_power[14],8236.23445745519
variants.CURRENT.occupancy_angular.HARD_OUTWARD.per_view[3].angular_power[15],7874.576698895584
variants.CURRENT.occupancy_angular.HARD_OUTWARD.per_view[3].angular_power[16],7157.277324251017
variants.CURRENT.occupancy_angular.HARD_OUTWARD.per_view[3].angular_power[17],6736.750823788936
variants.CURRENT.occupancy_angular.HARD_OUTWARD.per_view[3].angular_power[18],6313.311067011481
variants.CURRENT.occupancy_angular.HARD_OUTWARD.per_view[3].angular_power[19],5975.8599034366935
variants.CURRENT.occupancy_angular.HARD_OUTWARD.per_view[3].angular_power[20],5684.014779675122
variants.CURRENT.occupancy_angular.HARD_OUTWARD.per_view[3].angular_power[21],5398.055875286928
variants.CURRENT.occupancy_angular.HARD_OUTWARD.per_view[3].angular_power[22],5071.688674031836
variants.CURRENT.occupancy_angular.HARD_OUTWARD.per_view[3].angular_power[23],4848.10754163385
variants.CURRENT.occupancy_angular.HARD_OUTWARD.per_view[3].angular_power[24],4624.490688680871
variants.CURRENT.occupancy_angular.HARD_OUTWARD.per_view[3].angular_power[25],4416.9334493417855
variants.CURRENT.occupancy_angular.HARD_OUTWARD.per_view[3].angular_power[26],4216.401224929118
variants.CURRENT.occupancy_angular.HARD_OUTWARD.per_view[3].angular_power[27],4027.272994313134
variants.CURRENT.occupancy_angular.HARD_OUTWARD.per_view[3].angular_power[28],3834.2523601901607
variants.CURRENT.occupancy_angular.HARD_OUTWARD.per_view[3].angular_power[29],3639.5400123172685
variants.CURRENT.occupancy_angular.HARD_OUTWARD.per_view[3].angular_power[30],3582.858951386058
variants.CURRENT.occupancy_angular.HARD_OUTWARD.per_view[3].angular_power[31],3351.0692081054376
variants.CURRENT.occupancy_angular.HARD_OUTWARD.per_view[3].angular_power[32],3260.192936055993
variants.CURRENT.occupancy_angular.HARD_OUTWARD.per_view[3].angular_power[33],3108.1403880541434
variants.CURRENT.occupancy_angular.HARD_OUTWARD.per_view[3].angular_power[34],3046.0576372947517
variants.CURRENT.occupancy_angular.HARD_OUTWARD.per_view[3].angular_power[35],2913.056292042093
variants.CURRENT.occupancy_angular.HARD_OUTWARD.per_view[3].angular_power[36],2789.324258373564
variants.CURRENT.occupancy_angular.HARD_OUTWARD.per_view[3].angular_power[37],2719.9871570665696
variants.CURRENT.occupancy_angular.HARD_OUTWARD.per_view[3].angular_power[38],2631.746098983561
variants.CURRENT.occupancy_angular.HARD_OUTWARD.per_view[3].angular_power[39],2468.837229437243
variants.CURRENT.occupancy_angular.HARD_OUTWARD.per_view[3].angular_power[40],2428.128036440119
variants.CURRENT.occupancy_angular.HARD_OUTWARD.per_view[3].angular_power[41],2365.8755190645334
variants.CURRENT.occupancy_angular.HARD_OUTWARD.per_view[3].angular_power[42],2241.6771119266637
variants.CURRENT.occupancy_angular.HARD_OUTWARD.per_view[3].angular_power[43],2190.2751374846316
variants.CURRENT.occupancy_angular.HARD_OUTWARD.per_view[3].angular_power[44],2133.2048167684356
variants.CURRENT.occupancy_angular.HARD_OUTWARD.per_view[3].angular_power[45],2056.939671285899
variants.CURRENT.occupancy_angular.HARD_OUTWARD.per_view[3].angular_power[46],2002.6908686115742
variants.CURRENT.occupancy_angular.HARD_OUTWARD.per_view[3].angular_power[47],1930.2011563530793
variants.CURRENT.occupancy_angular.HARD_OUTWARD.per_view[3].angular_power[48],1866.3000937977129
variants.CURRENT.occupancy_angular.HARD_OUTWARD.per_view[3].angular_power[49],1817.496756175026
variants.CURRENT.occupancy_angular.HARD_OUTWARD.per_view[3].angular_power[50],1767.2725351514034
variants.CURRENT.occupancy_angular.HARD_OUTWARD.per_view[3].angular_power[51],1726.6861316701961
variants.CURRENT.occupancy_angular.HARD_OUTWARD.per_view[3].angular_power[52],1664.9938522392358
variants.CURRENT.occupancy_angular.HARD_OUTWARD.per_view[3].angular_power[53],1621.5874132737308
variants.CURRENT.occupancy_angular.HARD_OUTWARD.per_view[3].angular_power[54],1578.554121193495
variants.CURRENT.occupancy_angular.HARD_OUTWARD.per_view[3].angular_power[55],1514.099564218354
variants.CURRENT.occupancy_angular.HARD_OUTWARD.per_view[3].angular_power[56],1469.243840397139
variants.CURRENT.occupancy_angular.HARD_OUTWARD.per_view[3].angular_power[57],1435.2872827466329
variants.CURRENT.occupancy_angular.HARD_OUTWARD.per_view[3].angular_power[58],1401.1443832710827
variants.CURRENT.occupancy_angular.HARD_OUTWARD.per_view[3].angular_power[59],1360.2737458396205
variants.CURRENT.occupancy_angular.HARD_OUTWARD.per_view[3].angular_power[60],1318.7891249423144
variants.CURRENT.occupancy_angular.HARD_OUTWARD.per_view[3].angular_power[61],1275.9644886372985
variants.CURRENT.occupancy_angular.HARD_OUTWARD.per_view[3].angular_power[62],1257.8169314985078
variants.CURRENT.occupancy_angular.HARD_OUTWARD.per_view[3].angular_power[63],1232.288292062075
variants.CURRENT.occupancy_angular.HARD_OUTWARD.per_view[3].dominant_mode,1
variants.CURRENT.occupancy_angular.HARD_OUTWARD.per_view[3].spoke_anisotropy,0.35083496488634225
variants.CURRENT.occupancy_angular.HARD_OUTWARD.per_view[3].lattice_harmonic_fraction,0.052554837429323695
variants.CURRENT.occupancy_angular.HARD_OUTWARD.per_view[3].mode32_relative_to_neighbors,0.9821881547805893
variants.CURRENT.occupancy_angular.HARD_OUTWARD.per_view[3].chart_center_hf_correlation,0.5583031089970238
variants.CURRENT.occupancy_angular.HARD_OUTWARD.spoke_anisotropy,0.34083674606819875
variants.CURRENT.occupancy_angular.HARD_OUTWARD.lattice_harmonic_fraction,0.052531732143234325
variants.CURRENT.occupancy_angular.HARD_OUTWARD.mode32_relative_to_neighbors,0.9945975246088727
variants.CURRENT.occupancy_angular.HARD_OUTWARD.chart_center_hf_correlation,0.5517228261571185
variants.CURRENT.occupancy_angular.NO_OUTWARD_GATE.per_view[0].view,0
variants.CURRENT.occupancy_angular.NO_OUTWARD_GATE.per_view[0].centers,1024
variants.CURRENT.occupancy_angular.NO_OUTWARD_GATE.per_view[0].modes[0],1
variants.CURRENT.occupancy_angular.NO_OUTWARD_GATE.per_view[0].modes[1],2
variants.CURRENT.occupancy_angular.NO_OUTWARD_GATE.per_view[0].modes[2],3
variants.CURRENT.occupancy_angular.NO_OUTWARD_GATE.per_view[0].modes[3],4
variants.CURRENT.occupancy_angular.NO_OUTWARD_GATE.per_view[0].modes[4],5
variants.CURRENT.occupancy_angular.NO_OUTWARD_GATE.per_view[0].modes[5],6
variants.CURRENT.occupancy_angular.NO_OUTWARD_GATE.per_view[0].modes[6],7
variants.CURRENT.occupancy_angular.NO_OUTWARD_GATE.per_view[0].modes[7],8
variants.CURRENT.occupancy_angular.NO_OUTWARD_GATE.per_view[0].modes[8],9
variants.CURRENT.occupancy_angular.NO_OUTWARD_GATE.per_view[0].modes[9],10
variants.CURRENT.occupancy_angular.NO_OUTWARD_GATE.per_view[0].modes[10],11
variants.CURRENT.occupancy_angular.NO_OUTWARD_GATE.per_view[0].modes[11],12
variants.CURRENT.occupancy_angular.NO_OUTWARD_GATE.per_view[0].modes[12],13
variants.CURRENT.occupancy_angular.NO_OUTWARD_GATE.per_view[0].modes[13],14
variants.CURRENT.occupancy_angular.NO_OUTWARD_GATE.per_view[0].modes[14],15
variants.CURRENT.occupancy_angular.NO_OUTWARD_GATE.per_view[0].modes[15],16
variants.CURRENT.occupancy_angular.NO_OUTWARD_GATE.per_view[0].modes[16],17
variants.CURRENT.occupancy_angular.NO_OUTWARD_GATE.per_view[0].modes[17],18
variants.CURRENT.occupancy_angular.NO_OUTWARD_GATE.per_view[0].modes[18],19
variants.CURRENT.occupancy_angular.NO_OUTWARD_GATE.per_view[0].modes[19],20
variants.CURRENT.occupancy_angular.NO_OUTWARD_GATE.per_view[0].modes[20],21
variants.CURRENT.occupancy_angular.NO_OUTWARD_GATE.per_view[0].modes[21],22
variants.CURRENT.occupancy_angular.NO_OUTWARD_GATE.per_view[0].modes[22],23
variants.CURRENT.occupancy_angular.NO_OUTWARD_GATE.per_view[0].modes[23],24
variants.CURRENT.occupancy_angular.NO_OUTWARD_GATE.per_view[0].modes[24],25
variants.CURRENT.occupancy_angular.NO_OUTWARD_GATE.per_view[0].modes[25],26
variants.CURRENT.occupancy_angular.NO_OUTWARD_GATE.per_view[0].modes[26],27
variants.CURRENT.occupancy_angular.NO_OUTWARD_GATE.per_view[0].modes[27],28
variants.CURRENT.occupancy_angular.NO_OUTWARD_GATE.per_view[0].modes[28],29
variants.CURRENT.occupancy_angular.NO_OUTWARD_GATE.per_view[0].modes[29],30
variants.CURRENT.occupancy_angular.NO_OUTWARD_GATE.per_view[0].modes[30],31
variants.CURRENT.occupancy_angular.NO_OUTWARD_GATE.per_view[0].modes[31],32
variants.CURRENT.occupancy_angular.NO_OUTWARD_GATE.per_view[0].modes[32],33
variants.CURRENT.occupancy_angular.NO_OUTWARD_GATE.per_view[0].modes[33],34
variants.CURRENT.occupancy_angular.NO_OUTWARD_GATE.per_view[0].modes[34],35
variants.CURRENT.occupancy_angular.NO_OUTWARD_GATE.per_view[0].modes[35],36
variants.CURRENT.occupancy_angular.NO_OUTWARD_GATE.per_view[0].modes[36],37
variants.CURRENT.occupancy_angular.NO_OUTWARD_GATE.per_view[0].modes[37],38
variants.CURRENT.occupancy_angular.NO_OUTWARD_GATE.per_view[0].modes[38],39
variants.CURRENT.occupancy_angular.NO_OUTWARD_GATE.per_view[0].modes[39],40
variants.CURRENT.occupancy_angular.NO_OUTWARD_GATE.per_view[0].modes[40],41
variants.CURRENT.occupancy_angular.NO_OUTWARD_GATE.per_view[0].modes[41],42
variants.CURRENT.occupancy_angular.NO_OUTWARD_GATE.per_view[0].modes[42],43
variants.CURRENT.occupancy_angular.NO_OUTWARD_GATE.per_view[0].modes[43],44
variants.CURRENT.occupancy_angular.NO_OUTWARD_GATE.per_view[0].modes[44],45
variants.CURRENT.occupancy_angular.NO_OUTWARD_GATE.per_view[0].modes[45],46
variants.CURRENT.occupancy_angular.NO_OUTWARD_GATE.per_view[0].modes[46],47
variants.CURRENT.occupancy_angular.NO_OUTWARD_GATE.per_view[0].modes[47],48
variants.CURRENT.occupancy_angular.NO_OUTWARD_GATE.per_view[0].modes[48],49
variants.CURRENT.occupancy_angular.NO_OUTWARD_GATE.per_view[0].modes[49],50
variants.CURRENT.occupancy_angular.NO_OUTWARD_GATE.per_view[0].modes[50],51
variants.CURRENT.occupancy_angular.NO_OUTWARD_GATE.per_view[0].modes[51],52
variants.CURRENT.occupancy_angular.NO_OUTWARD_GATE.per_view[0].modes[52],53
variants.CURRENT.occupancy_angular.NO_OUTWARD_GATE.per_view[0].modes[53],54
variants.CURRENT.occupancy_angular.NO_OUTWARD_GATE.per_view[0].modes[54],55
variants.CURRENT.occupancy_angular.NO_OUTWARD_GATE.per_view[0].modes[55],56
variants.CURRENT.occupancy_angular.NO_OUTWARD_GATE.per_view[0].modes[56],57
variants.CURRENT.occupancy_angular.NO_OUTWARD_GATE.per_view[0].modes[57],58
variants.CURRENT.occupancy_angular.NO_OUTWARD_GATE.per_view[0].modes[58],59
variants.CURRENT.occupancy_angular.NO_OUTWARD_GATE.per_view[0].modes[59],60
variants.CURRENT.occupancy_angular.NO_OUTWARD_GATE.per_view[0].modes[60],61
variants.CURRENT.occupancy_angular.NO_OUTWARD_GATE.per_view[0].modes[61],62
variants.CURRENT.occupancy_angular.NO_OUTWARD_GATE.per_view[0].modes[62],63
variants.CURRENT.occupancy_angular.NO_OUTWARD_GATE.per_view[0].modes[63],64
variants.CURRENT.occupancy_angular.NO_OUTWARD_GATE.per_view[0].angular_power[0],192737.81305120554
variants.CURRENT.occupancy_angular.NO_OUTWARD_GATE.per_view[0].angular_power[1],156679.62553133906
variants.CURRENT.occupancy_angular.NO_OUTWARD_GATE.per_view[0].angular_power[2],83657.77187175243
variants.CURRENT.occupancy_angular.NO_OUTWARD_GATE.per_view[0].angular_power[3],77890.25400070846
variants.CURRENT.occupancy_angular.NO_OUTWARD_GATE.per_view[0].angular_power[4],53884.26594340642
variants.CURRENT.occupancy_angular.NO_OUTWARD_GATE.per_view[0].angular_power[5],50919.44537530043
variants.CURRENT.occupancy_angular.NO_OUTWARD_GATE.per_view[0].angular_power[6],38843.75456120514
variants.CURRENT.occupancy_angular.NO_OUTWARD_GATE.per_view[0].angular_power[7],37392.06982614382
variants.CURRENT.occupancy_angular.NO_OUTWARD_GATE.per_view[0].angular_power[8],30445.27298447914
variants.CURRENT.occupancy_angular.NO_OUTWARD_GATE.per_view[0].angular_power[9],28457.653170766684
variants.CURRENT.occupancy_angular.NO_OUTWARD_GATE.per_view[0].angular_power[10],24727.66416438129
variants.CURRENT.occupancy_angular.NO_OUTWARD_GATE.per_view[0].angular_power[11],23074.699892524022
variants.CURRENT.occupancy_angular.NO_OUTWARD_GATE.per_view[0].angular_power[12],20813.09281590624
variants.CURRENT.occupancy_angular.NO_OUTWARD_GATE.per_view[0].angular_power[13],19359.67032966502
variants.CURRENT.occupancy_angular.NO_OUTWARD_GATE.per_view[0].angular_power[14],17418.87324095181
variants.CURRENT.occupancy_angular.NO_OUTWARD_GATE.per_view[0].angular_power[15],16667.919732966595
variants.CURRENT.occupancy_angular.NO_OUTWARD_GATE.per_view[0].angular_power[16],15153.020227369745
variants.CURRENT.occupancy_angular.NO_OUTWARD_GATE.per_view[0].angular_power[17],14470.419557558673
variants.CURRENT.occupancy_angular.NO_OUTWARD_GATE.per_view[0].angular_power[18],13266.93243825592
variants.CURRENT.occupancy_angular.NO_OUTWARD_GATE.per_view[0].angular_power[19],12717.754618449831
variants.CURRENT.occupancy_angular.NO_OUTWARD_GATE.per_view[0].angular_power[20],11725.093624713923
variants.CURRENT.occupancy_angular.NO_OUTWARD_GATE.per_view[0].angular_power[21],11284.374145882002
variants.CURRENT.occupancy_angular.NO_OUTWARD_GATE.per_view[0].angular_power[22],10572.729506803957
variants.CURRENT.occupancy_angular.NO_OUTWARD_GATE.per_view[0].angular_power[23],10188.226440311539
variants.CURRENT.occupancy_angular.NO_OUTWARD_GATE.per_view[0].angular_power[24],9452.756840005228
variants.CURRENT.occupancy_angular.NO_OUTWARD_GATE.per_view[0].angular_power[25],9193.845713090144
variants.CURRENT.occupancy_angular.NO_OUTWARD_GATE.per_view[0].angular_power[26],8651.038847316351
variants.CURRENT.occupancy_angular.NO_OUTWARD_GATE.per_view[0].angular_power[27],8424.51407494612
variants.CURRENT.occupancy_angular.NO_OUTWARD_GATE.per_view[0].angular_power[28],7825.955972758083
variants.CURRENT.occupancy_angular.NO_OUTWARD_GATE.per_view[0].angular_power[29],7569.972108601501
variants.CURRENT.occupancy_angular.NO_OUTWARD_GATE.per_view[0].angular_power[30],7158.11125874344
variants.CURRENT.occupancy_angular.NO_OUTWARD_GATE.per_view[0].angular_power[31],6939.84301614429
variants.CURRENT.occupancy_angular.NO_OUTWARD_GATE.per_view[0].angular_power[32],6498.759112278811
variants.CURRENT.occupancy_angular.NO_OUTWARD_GATE.per_view[0].angular_power[33],6376.49611078497
variants.CURRENT.occupancy_angular.NO_OUTWARD_GATE.per_view[0].angular_power[34],6087.231132123381
variants.CURRENT.occupancy_angular.NO_OUTWARD_GATE.per_view[0].angular_power[35],5881.729711350709
variants.CURRENT.occupancy_angular.NO_OUTWARD_GATE.per_view[0].angular_power[36],5564.915026599308
variants.CURRENT.occupancy_angular.NO_OUTWARD_GATE.per_view[0].angular_power[37],5428.030726402083
variants.CURRENT.occupancy_angular.NO_OUTWARD_GATE.per_view[0].angular_power[38],5250.263213460505
variants.CURRENT.occupancy_angular.NO_OUTWARD_GATE.per_view[0].angular_power[39],5029.31362725458
variants.CURRENT.occupancy_angular.NO_OUTWARD_GATE.per_view[0].angular_power[40],4882.972876479199
variants.CURRENT.occupancy_angular.NO_OUTWARD_GATE.per_view[0].angular_power[41],4658.518227611778
variants.CURRENT.occupancy_angular.NO_OUTWARD_GATE.per_view[0].angular_power[42],4540.035131737133
variants.CURRENT.occupancy_angular.NO_OUTWARD_GATE.per_view[0].angular_power[43],4382.165867427133
variants.CURRENT.occupancy_angular.NO_OUTWARD_GATE.per_view[0].angular_power[44],4242.082687228079
variants.CURRENT.occupancy_angular.NO_OUTWARD_GATE.per_view[0].angular_power[45],4117.433949126879
variants.CURRENT.occupancy_angular.NO_OUTWARD_GATE.per_view[0].angular_power[46],3933.5524506583038
variants.CURRENT.occupancy_angular.NO_OUTWARD_GATE.per_view[0].angular_power[47],3844.8571097948543
variants.CURRENT.occupancy_angular.NO_OUTWARD_GATE.per_view[0].angular_power[48],3679.6212000859505
variants.CURRENT.occupancy_angular.NO_OUTWARD_GATE.per_view[0].angular_power[49],3566.842952971102
variants.CURRENT.occupancy_angular.NO_OUTWARD_GATE.per_view[0].angular_power[50],3458.7809652663127
variants.CURRENT.occupancy_angular.NO_OUTWARD_GATE.per_view[0].angular_power[51],3383.8870496931418
variants.CURRENT.occupancy_angular.NO_OUTWARD_GATE.per_view[0].angular_power[52],3247.00814478283
variants.CURRENT.occupancy_angular.NO_OUTWARD_GATE.per_view[0].angular_power[53],3131.027620028912
variants.CURRENT.occupancy_angular.NO_OUTWARD_GATE.per_view[0].angular_power[54],3037.5791576722518
variants.CURRENT.occupancy_angular.NO_OUTWARD_GATE.per_view[0].angular_power[55],2953.358859415432
variants.CURRENT.occupancy_angular.NO_OUTWARD_GATE.per_view[0].angular_power[56],2849.012267741247
variants.CURRENT.occupancy_angular.NO_OUTWARD_GATE.per_view[0].angular_power[57],2845.857540887237
variants.CURRENT.occupancy_angular.NO_OUTWARD_GATE.per_view[0].angular_power[58],2694.304024169099
variants.CURRENT.occupancy_angular.NO_OUTWARD_GATE.per_view[0].angular_power[59],2649.9111948666737
variants.CURRENT.occupancy_angular.NO_OUTWARD_GATE.per_view[0].angular_power[60],2551.8480110615037
variants.CURRENT.occupancy_angular.NO_OUTWARD_GATE.per_view[0].angular_power[61],2497.456532560904
variants.CURRENT.occupancy_angular.NO_OUTWARD_GATE.per_view[0].angular_power[62],2413.140290970522
variants.CURRENT.occupancy_angular.NO_OUTWARD_GATE.per_view[0].angular_power[63],2390.0302247634163
variants.CURRENT.occupancy_angular.NO_OUTWARD_GATE.per_view[0].dominant_mode,1
variants.CURRENT.occupancy_angular.NO_OUTWARD_GATE.per_view[0].spoke_anisotropy,0.3715366773859555
variants.CURRENT.occupancy_angular.NO_OUTWARD_GATE.per_view[0].lattice_harmonic_fraction,0.05233196121370109
variants.CURRENT.occupancy_angular.NO_OUTWARD_GATE.per_view[0].mode32_relative_to_neighbors,1.0029514127091192
variants.CURRENT.occupancy_angular.NO_OUTWARD_GATE.per_view[0].chart_center_hf_correlation,0.5673684870315376
variants.CURRENT.occupancy_angular.NO_OUTWARD_GATE.per_view[1].view,1
variants.CURRENT.occupancy_angular.NO_OUTWARD_GATE.per_view[1].centers,1024
variants.CURRENT.occupancy_angular.NO_OUTWARD_GATE.per_view[1].modes[0],1
variants.CURRENT.occupancy_angular.NO_OUTWARD_GATE.per_view[1].modes[1],2
variants.CURRENT.occupancy_angular.NO_OUTWARD_GATE.per_view[1].modes[2],3
variants.CURRENT.occupancy_angular.NO_OUTWARD_GATE.per_view[1].modes[3],4
variants.CURRENT.occupancy_angular.NO_OUTWARD_GATE.per_view[1].modes[4],5
variants.CURRENT.occupancy_angular.NO_OUTWARD_GATE.per_view[1].modes[5],6
variants.CURRENT.occupancy_angular.NO_OUTWARD_GATE.per_view[1].modes[6],7
variants.CURRENT.occupancy_angular.NO_OUTWARD_GATE.per_view[1].modes[7],8
variants.CURRENT.occupancy_angular.NO_OUTWARD_GATE.per_view[1].modes[8],9
variants.CURRENT.occupancy_angular.NO_OUTWARD_GATE.per_view[1].modes[9],10
variants.CURRENT.occupancy_angular.NO_OUTWARD_GATE.per_view[1].modes[10],11
variants.CURRENT.occupancy_angular.NO_OUTWARD_GATE.per_view[1].modes[11],12
variants.CURRENT.occupancy_angular.NO_OUTWARD_GATE.per_view[1].modes[12],13
variants.CURRENT.occupancy_angular.NO_OUTWARD_GATE.per_view[1].modes[13],14
variants.CURRENT.occupancy_angular.NO_OUTWARD_GATE.per_view[1].modes[14],15
variants.CURRENT.occupancy_angular.NO_OUTWARD_GATE.per_view[1].modes[15],16
variants.CURRENT.occupancy_angular.NO_OUTWARD_GATE.per_view[1].modes[16],17
variants.CURRENT.occupancy_angular.NO_OUTWARD_GATE.per_view[1].modes[17],18
variants.CURRENT.occupancy_angular.NO_OUTWARD_GATE.per_view[1].modes[18],19
variants.CURRENT.occupancy_angular.NO_OUTWARD_GATE.per_view[1].modes[19],20
variants.CURRENT.occupancy_angular.NO_OUTWARD_GATE.per_view[1].modes[20],21
variants.CURRENT.occupancy_angular.NO_OUTWARD_GATE.per_view[1].modes[21],22
variants.CURRENT.occupancy_angular.NO_OUTWARD_GATE.per_view[1].modes[22],23
variants.CURRENT.occupancy_angular.NO_OUTWARD_GATE.per_view[1].modes[23],24
variants.CURRENT.occupancy_angular.NO_OUTWARD_GATE.per_view[1].modes[24],25
variants.CURRENT.occupancy_angular.NO_OUTWARD_GATE.per_view[1].modes[25],26
variants.CURRENT.occupancy_angular.NO_OUTWARD_GATE.per_view[1].modes[26],27
variants.CURRENT.occupancy_angular.NO_OUTWARD_GATE.per_view[1].modes[27],28
variants.CURRENT.occupancy_angular.NO_OUTWARD_GATE.per_view[1].modes[28],29
variants.CURRENT.occupancy_angular.NO_OUTWARD_GATE.per_view[1].modes[29],30
variants.CURRENT.occupancy_angular.NO_OUTWARD_GATE.per_view[1].modes[30],31
variants.CURRENT.occupancy_angular.NO_OUTWARD_GATE.per_view[1].modes[31],32
variants.CURRENT.occupancy_angular.NO_OUTWARD_GATE.per_view[1].modes[32],33
variants.CURRENT.occupancy_angular.NO_OUTWARD_GATE.per_view[1].modes[33],34
variants.CURRENT.occupancy_angular.NO_OUTWARD_GATE.per_view[1].modes[34],35
variants.CURRENT.occupancy_angular.NO_OUTWARD_GATE.per_view[1].modes[35],36
variants.CURRENT.occupancy_angular.NO_OUTWARD_GATE.per_view[1].modes[36],37
variants.CURRENT.occupancy_angular.NO_OUTWARD_GATE.per_view[1].modes[37],38
variants.CURRENT.occupancy_angular.NO_OUTWARD_GATE.per_view[1].modes[38],39
variants.CURRENT.occupancy_angular.NO_OUTWARD_GATE.per_view[1].modes[39],40
variants.CURRENT.occupancy_angular.NO_OUTWARD_GATE.per_view[1].modes[40],41
variants.CURRENT.occupancy_angular.NO_OUTWARD_GATE.per_view[1].modes[41],42
variants.CURRENT.occupancy_angular.NO_OUTWARD_GATE.per_view[1].modes[42],43
variants.CURRENT.occupancy_angular.NO_OUTWARD_GATE.per_view[1].modes[43],44
variants.CURRENT.occupancy_angular.NO_OUTWARD_GATE.per_view[1].modes[44],45
variants.CURRENT.occupancy_angular.NO_OUTWARD_GATE.per_view[1].modes[45],46
variants.CURRENT.occupancy_angular.NO_OUTWARD_GATE.per_view[1].modes[46],47
variants.CURRENT.occupancy_angular.NO_OUTWARD_GATE.per_view[1].modes[47],48
variants.CURRENT.occupancy_angular.NO_OUTWARD_GATE.per_view[1].modes[48],49
variants.CURRENT.occupancy_angular.NO_OUTWARD_GATE.per_view[1].modes[49],50
variants.CURRENT.occupancy_angular.NO_OUTWARD_GATE.per_view[1].modes[50],51
variants.CURRENT.occupancy_angular.NO_OUTWARD_GATE.per_view[1].modes[51],52
variants.CURRENT.occupancy_angular.NO_OUTWARD_GATE.per_view[1].modes[52],53
variants.CURRENT.occupancy_angular.NO_OUTWARD_GATE.per_view[1].modes[53],54
variants.CURRENT.occupancy_angular.NO_OUTWARD_GATE.per_view[1].modes[54],55
variants.CURRENT.occupancy_angular.NO_OUTWARD_GATE.per_view[1].modes[55],56
variants.CURRENT.occupancy_angular.NO_OUTWARD_GATE.per_view[1].modes[56],57
variants.CURRENT.occupancy_angular.NO_OUTWARD_GATE.per_view[1].modes[57],58
variants.CURRENT.occupancy_angular.NO_OUTWARD_GATE.per_view[1].modes[58],59
variants.CURRENT.occupancy_angular.NO_OUTWARD_GATE.per_view[1].modes[59],60
variants.CURRENT.occupancy_angular.NO_OUTWARD_GATE.per_view[1].modes[60],61
variants.CURRENT.occupancy_angular.NO_OUTWARD_GATE.per_view[1].modes[61],62
variants.CURRENT.occupancy_angular.NO_OUTWARD_GATE.per_view[1].modes[62],63
variants.CURRENT.occupancy_angular.NO_OUTWARD_GATE.per_view[1].modes[63],64
variants.CURRENT.occupancy_angular.NO_OUTWARD_GATE.per_view[1].angular_power[0],245364.3161512704
variants.CURRENT.occupancy_angular.NO_OUTWARD_GATE.per_view[1].angular_power[1],176079.07405313893
variants.CURRENT.occupancy_angular.NO_OUTWARD_GATE.per_view[1].angular_power[2],98379.9867168286
variants.CURRENT.occupancy_angular.NO_OUTWARD_GATE.per_view[1].angular_power[3],82614.87639852955
variants.CURRENT.occupancy_angular.NO_OUTWARD_GATE.per_view[1].angular_power[4],62372.74601055628
variants.CURRENT.occupancy_angular.NO_OUTWARD_GATE.per_view[1].angular_power[5],52733.46442642694
variants.CURRENT.occupancy_angular.NO_OUTWARD_GATE.per_view[1].angular_power[6],43104.70817130407
variants.CURRENT.occupancy_angular.NO_OUTWARD_GATE.per_view[1].angular_power[7],38187.23726524152
variants.CURRENT.occupancy_angular.NO_OUTWARD_GATE.per_view[1].angular_power[8],31894.84510373557
variants.CURRENT.occupancy_angular.NO_OUTWARD_GATE.per_view[1].angular_power[9],29869.308483213736
variants.CURRENT.occupancy_angular.NO_OUTWARD_GATE.per_view[1].angular_power[10],25836.199700851885
variants.CURRENT.occupancy_angular.NO_OUTWARD_GATE.per_view[1].angular_power[11],23756.975809003456
variants.CURRENT.occupancy_angular.NO_OUTWARD_GATE.per_view[1].angular_power[12],21237.302707109975
variants.CURRENT.occupancy_angular.NO_OUTWARD_GATE.per_view[1].angular_power[13],19646.59181739632
variants.CURRENT.occupancy_angular.NO_OUTWARD_GATE.per_view[1].angular_power[14],18033.230811795907
variants.CURRENT.occupancy_angular.NO_OUTWARD_GATE.per_view[1].angular_power[15],16786.81006628612
variants.CURRENT.occupancy_angular.NO_OUTWARD_GATE.per_view[1].angular_power[16],15377.206261147021
variants.CURRENT.occupancy_angular.NO_OUTWARD_GATE.per_view[1].angular_power[17],14557.769704024384
variants.CURRENT.occupancy_angular.NO_OUTWARD_GATE.per_view[1].angular_power[18],13573.295037797085
variants.CURRENT.occupancy_angular.NO_OUTWARD_GATE.per_view[1].angular_power[19],12778.026109793396
variants.CURRENT.occupancy_angular.NO_OUTWARD_GATE.per_view[1].angular_power[20],12015.556690958683
variants.CURRENT.occupancy_angular.NO_OUTWARD_GATE.per_view[1].angular_power[21],11323.055582879995
variants.CURRENT.occupancy_angular.NO_OUTWARD_GATE.per_view[1].angular_power[22],10754.115705598413
variants.CURRENT.occupancy_angular.NO_OUTWARD_GATE.per_view[1].angular_power[23],10105.032080165014
variants.CURRENT.occupancy_angular.NO_OUTWARD_GATE.per_view[1].angular_power[24],9767.120808022717
variants.CURRENT.occupancy_angular.NO_OUTWARD_GATE.per_view[1].angular_power[25],9161.179081645803
variants.CURRENT.occupancy_angular.NO_OUTWARD_GATE.per_view[1].angular_power[26],8736.25648494141
variants.CURRENT.occupancy_angular.NO_OUTWARD_GATE.per_view[1].angular_power[27],8359.464852735204
variants.CURRENT.occupancy_angular.NO_OUTWARD_GATE.per_view[1].angular_power[28],8030.140008067034
variants.CURRENT.occupancy_angular.NO_OUTWARD_GATE.per_view[1].angular_power[29],7708.470704253892
variants.CURRENT.occupancy_angular.NO_OUTWARD_GATE.per_view[1].angular_power[30],7310.709414297387
variants.CURRENT.occupancy_angular.NO_OUTWARD_GATE.per_view[1].angular_power[31],7003.235856439829
variants.CURRENT.occupancy_angular.NO_OUTWARD_GATE.per_view[1].angular_power[32],6725.899029922993
variants.CURRENT.occupancy_angular.NO_OUTWARD_GATE.per_view[1].angular_power[33],6480.658201451826
variants.CURRENT.occupancy_angular.NO_OUTWARD_GATE.per_view[1].angular_power[34],6287.095234310224
variants.CURRENT.occupancy_angular.NO_OUTWARD_GATE.per_view[1].angular_power[35],5939.692920667649
variants.CURRENT.occupancy_angular.NO_OUTWARD_GATE.per_view[1].angular_power[36],5760.944403832077
variants.CURRENT.occupancy_angular.NO_OUTWARD_GATE.per_view[1].angular_power[37],5581.939198063584
variants.CURRENT.occupancy_angular.NO_OUTWARD_GATE.per_view[1].angular_power[38],5354.048174301413
variants.CURRENT.occupancy_angular.NO_OUTWARD_GATE.per_view[1].angular_power[39],5211.208147697209
variants.CURRENT.occupancy_angular.NO_OUTWARD_GATE.per_view[1].angular_power[40],4989.591642651045
variants.CURRENT.occupancy_angular.NO_OUTWARD_GATE.per_view[1].angular_power[41],4828.053121009448
variants.CURRENT.occupancy_angular.NO_OUTWARD_GATE.per_view[1].angular_power[42],4652.062148285477
variants.CURRENT.occupancy_angular.NO_OUTWARD_GATE.per_view[1].angular_power[43],4470.969369172892
variants.CURRENT.occupancy_angular.NO_OUTWARD_GATE.per_view[1].angular_power[44],4329.508637313223
variants.CURRENT.occupancy_angular.NO_OUTWARD_GATE.per_view[1].angular_power[45],4237.6758160408
variants.CURRENT.occupancy_angular.NO_OUTWARD_GATE.per_view[1].angular_power[46],4035.559945437045
variants.CURRENT.occupancy_angular.NO_OUTWARD_GATE.per_view[1].angular_power[47],3948.6687948141166
variants.CURRENT.occupancy_angular.NO_OUTWARD_GATE.per_view[1].angular_power[48],3819.635226436197
variants.CURRENT.occupancy_angular.NO_OUTWARD_GATE.per_view[1].angular_power[49],3688.546271668189
variants.CURRENT.occupancy_angular.NO_OUTWARD_GATE.per_view[1].angular_power[50],3527.6475226841103
variants.CURRENT.occupancy_angular.NO_OUTWARD_GATE.per_view[1].angular_power[51],3439.9983099697474
variants.CURRENT.occupancy_angular.NO_OUTWARD_GATE.per_view[1].angular_power[52],3372.614592724321
variants.CURRENT.occupancy_angular.NO_OUTWARD_GATE.per_view[1].angular_power[53],3260.191728163745
variants.CURRENT.occupancy_angular.NO_OUTWARD_GATE.per_view[1].angular_power[54],3155.3150313507826
variants.CURRENT.occupancy_angular.NO_OUTWARD_GATE.per_view[1].angular_power[55],3055.288838580573
variants.CURRENT.occupancy_angular.NO_OUTWARD_GATE.per_view[1].angular_power[56],2952.3652341871884
variants.CURRENT.occupancy_angular.NO_OUTWARD_GATE.per_view[1].angular_power[57],2858.686809288115
variants.CURRENT.occupancy_angular.NO_OUTWARD_GATE.per_view[1].angular_power[58],2780.4004358720986
variants.CURRENT.occupancy_angular.NO_OUTWARD_GATE.per_view[1].angular_power[59],2704.2876830420273
variants.CURRENT.occupancy_angular.NO_OUTWARD_GATE.per_view[1].angular_power[60],2639.625523716023
variants.CURRENT.occupancy_angular.NO_OUTWARD_GATE.per_view[1].angular_power[61],2566.6911312793945
variants.CURRENT.occupancy_angular.NO_OUTWARD_GATE.per_view[1].angular_power[62],2457.018983583868
variants.CURRENT.occupancy_angular.NO_OUTWARD_GATE.per_view[1].angular_power[63],2425.326973288354
variants.CURRENT.occupancy_angular.NO_OUTWARD_GATE.per_view[1].dominant_mode,1
variants.CURRENT.occupancy_angular.NO_OUTWARD_GATE.per_view[1].spoke_anisotropy,0.4048482783206522
variants.CURRENT.occupancy_angular.NO_OUTWARD_GATE.per_view[1].lattice_harmonic_fraction,0.04826908043699217
variants.CURRENT.occupancy_angular.NO_OUTWARD_GATE.per_view[1].mode32_relative_to_neighbors,0.987693444492426
variants.CURRENT.occupancy_angular.NO_OUTWARD_GATE.per_view[1].chart_center_hf_correlation,0.5907863007841344
variants.CURRENT.occupancy_angular.NO_OUTWARD_GATE.per_view[2].view,2
variants.CURRENT.occupancy_angular.NO_OUTWARD_GATE.per_view[2].centers,1024
variants.CURRENT.occupancy_angular.NO_OUTWARD_GATE.per_view[2].modes[0],1
variants.CURRENT.occupancy_angular.NO_OUTWARD_GATE.per_view[2].modes[1],2
variants.CURRENT.occupancy_angular.NO_OUTWARD_GATE.per_view[2].modes[2],3
variants.CURRENT.occupancy_angular.NO_OUTWARD_GATE.per_view[2].modes[3],4
variants.CURRENT.occupancy_angular.NO_OUTWARD_GATE.per_view[2].modes[4],5
variants.CURRENT.occupancy_angular.NO_OUTWARD_GATE.per_view[2].modes[5],6
variants.CURRENT.occupancy_angular.NO_OUTWARD_GATE.per_view[2].modes[6],7
variants.CURRENT.occupancy_angular.NO_OUTWARD_GATE.per_view[2].modes[7],8
variants.CURRENT.occupancy_angular.NO_OUTWARD_GATE.per_view[2].modes[8],9
variants.CURRENT.occupancy_angular.NO_OUTWARD_GATE.per_view[2].modes[9],10
variants.CURRENT.occupancy_angular.NO_OUTWARD_GATE.per_view[2].modes[10],11
variants.CURRENT.occupancy_angular.NO_OUTWARD_GATE.per_view[2].modes[11],12
variants.CURRENT.occupancy_angular.NO_OUTWARD_GATE.per_view[2].modes[12],13
variants.CURRENT.occupancy_angular.NO_OUTWARD_GATE.per_view[2].modes[13],14
variants.CURRENT.occupancy_angular.NO_OUTWARD_GATE.per_view[2].modes[14],15
variants.CURRENT.occupancy_angular.NO_OUTWARD_GATE.per_view[2].modes[15],16
variants.CURRENT.occupancy_angular.NO_OUTWARD_GATE.per_view[2].modes[16],17
variants.CURRENT.occupancy_angular.NO_OUTWARD_GATE.per_view[2].modes[17],18
variants.CURRENT.occupancy_angular.NO_OUTWARD_GATE.per_view[2].modes[18],19
variants.CURRENT.occupancy_angular.NO_OUTWARD_GATE.per_view[2].modes[19],20
variants.CURRENT.occupancy_angular.NO_OUTWARD_GATE.per_view[2].modes[20],21
variants.CURRENT.occupancy_angular.NO_OUTWARD_GATE.per_view[2].modes[21],22
variants.CURRENT.occupancy_angular.NO_OUTWARD_GATE.per_view[2].modes[22],23
variants.CURRENT.occupancy_angular.NO_OUTWARD_GATE.per_view[2].modes[23],24
variants.CURRENT.occupancy_angular.NO_OUTWARD_GATE.per_view[2].modes[24],25
variants.CURRENT.occupancy_angular.NO_OUTWARD_GATE.per_view[2].modes[25],26
variants.CURRENT.occupancy_angular.NO_OUTWARD_GATE.per_view[2].modes[26],27
variants.CURRENT.occupancy_angular.NO_OUTWARD_GATE.per_view[2].modes[27],28
variants.CURRENT.occupancy_angular.NO_OUTWARD_GATE.per_view[2].modes[28],29
variants.CURRENT.occupancy_angular.NO_OUTWARD_GATE.per_view[2].modes[29],30
variants.CURRENT.occupancy_angular.NO_OUTWARD_GATE.per_view[2].modes[30],31
variants.CURRENT.occupancy_angular.NO_OUTWARD_GATE.per_view[2].modes[31],32
variants.CURRENT.occupancy_angular.NO_OUTWARD_GATE.per_view[2].modes[32],33
variants.CURRENT.occupancy_angular.NO_OUTWARD_GATE.per_view[2].modes[33],34
variants.CURRENT.occupancy_angular.NO_OUTWARD_GATE.per_view[2].modes[34],35
variants.CURRENT.occupancy_angular.NO_OUTWARD_GATE.per_view[2].modes[35],36
variants.CURRENT.occupancy_angular.NO_OUTWARD_GATE.per_view[2].modes[36],37
variants.CURRENT.occupancy_angular.NO_OUTWARD_GATE.per_view[2].modes[37],38
variants.CURRENT.occupancy_angular.NO_OUTWARD_GATE.per_view[2].modes[38],39
variants.CURRENT.occupancy_angular.NO_OUTWARD_GATE.per_view[2].modes[39],40
variants.CURRENT.occupancy_angular.NO_OUTWARD_GATE.per_view[2].modes[40],41
variants.CURRENT.occupancy_angular.NO_OUTWARD_GATE.per_view[2].modes[41],42
variants.CURRENT.occupancy_angular.NO_OUTWARD_GATE.per_view[2].modes[42],43
variants.CURRENT.occupancy_angular.NO_OUTWARD_GATE.per_view[2].modes[43],44
variants.CURRENT.occupancy_angular.NO_OUTWARD_GATE.per_view[2].modes[44],45
variants.CURRENT.occupancy_angular.NO_OUTWARD_GATE.per_view[2].modes[45],46
variants.CURRENT.occupancy_angular.NO_OUTWARD_GATE.per_view[2].modes[46],47
variants.CURRENT.occupancy_angular.NO_OUTWARD_GATE.per_view[2].modes[47],48
variants.CURRENT.occupancy_angular.NO_OUTWARD_GATE.per_view[2].modes[48],49
variants.CURRENT.occupancy_angular.NO_OUTWARD_GATE.per_view[2].modes[49],50
variants.CURRENT.occupancy_angular.NO_OUTWARD_GATE.per_view[2].modes[50],51
variants.CURRENT.occupancy_angular.NO_OUTWARD_GATE.per_view[2].modes[51],52
variants.CURRENT.occupancy_angular.NO_OUTWARD_GATE.per_view[2].modes[52],53
variants.CURRENT.occupancy_angular.NO_OUTWARD_GATE.per_view[2].modes[53],54
variants.CURRENT.occupancy_angular.NO_OUTWARD_GATE.per_view[2].modes[54],55
variants.CURRENT.occupancy_angular.NO_OUTWARD_GATE.per_view[2].modes[55],56
variants.CURRENT.occupancy_angular.NO_OUTWARD_GATE.per_view[2].modes[56],57
variants.CURRENT.occupancy_angular.NO_OUTWARD_GATE.per_view[2].modes[57],58
variants.CURRENT.occupancy_angular.NO_OUTWARD_GATE.per_view[2].modes[58],59
variants.CURRENT.occupancy_angular.NO_OUTWARD_GATE.per_view[2].modes[59],60
variants.CURRENT.occupancy_angular.NO_OUTWARD_GATE.per_view[2].modes[60],61
variants.CURRENT.occupancy_angular.NO_OUTWARD_GATE.per_view[2].modes[61],62
variants.CURRENT.occupancy_angular.NO_OUTWARD_GATE.per_view[2].modes[62],63
variants.CURRENT.occupancy_angular.NO_OUTWARD_GATE.per_view[2].modes[63],64
variants.CURRENT.occupancy_angular.NO_OUTWARD_GATE.per_view[2].angular_power[0],116490.92148208241
variants.CURRENT.occupancy_angular.NO_OUTWARD_GATE.per_view[2].angular_power[1],90109.75948999301
variants.CURRENT.occupancy_angular.NO_OUTWARD_GATE.per_view[2].angular_power[2],51792.273684092084
variants.CURRENT.occupancy_angular.NO_OUTWARD_GATE.per_view[2].angular_power[3],46228.43827442109
variants.CURRENT.occupancy_angular.NO_OUTWARD_GATE.per_view[2].angular_power[4],32690.575265030275
variants.CURRENT.occupancy_angular.NO_OUTWARD_GATE.per_view[2].angular_power[5],30116.56800573992
variants.CURRENT.occupancy_angular.NO_OUTWARD_GATE.per_view[2].angular_power[6],24365.9162068913
variants.CURRENT.occupancy_angular.NO_OUTWARD_GATE.per_view[2].angular_power[7],22010.256433955572
variants.CURRENT.occupancy_angular.NO_OUTWARD_GATE.per_view[2].angular_power[8],18686.52356786968
variants.CURRENT.occupancy_angular.NO_OUTWARD_GATE.per_view[2].angular_power[9],17608.92887806071
variants.CURRENT.occupancy_angular.NO_OUTWARD_GATE.per_view[2].angular_power[10],15340.550549154847
variants.CURRENT.occupancy_angular.NO_OUTWARD_GATE.per_view[2].angular_power[11],14326.983950836166
variants.CURRENT.occupancy_angular.NO_OUTWARD_GATE.per_view[2].angular_power[12],12561.610926376483
variants.CURRENT.occupancy_angular.NO_OUTWARD_GATE.per_view[2].angular_power[13],12213.884519477684
variants.CURRENT.occupancy_angular.NO_OUTWARD_GATE.per_view[2].angular_power[14],11003.092699613215
variants.CURRENT.occupancy_angular.NO_OUTWARD_GATE.per_view[2].angular_power[15],10360.604431678714
variants.CURRENT.occupancy_angular.NO_OUTWARD_GATE.per_view[2].angular_power[16],9585.203650514479
variants.CURRENT.occupancy_angular.NO_OUTWARD_GATE.per_view[2].angular_power[17],9150.664308529529
variants.CURRENT.occupancy_angular.NO_OUTWARD_GATE.per_view[2].angular_power[18],8429.660999709313
variants.CURRENT.occupancy_angular.NO_OUTWARD_GATE.per_view[2].angular_power[19],8140.573043766034
variants.CURRENT.occupancy_angular.NO_OUTWARD_GATE.per_view[2].angular_power[20],7657.337703380327
variants.CURRENT.occupancy_angular.NO_OUTWARD_GATE.per_view[2].angular_power[21],7314.961129786041
variants.CURRENT.occupancy_angular.NO_OUTWARD_GATE.per_view[2].angular_power[22],6856.696835256602
variants.CURRENT.occupancy_angular.NO_OUTWARD_GATE.per_view[2].angular_power[23],6588.955812074752
variants.CURRENT.occupancy_angular.NO_OUTWARD_GATE.per_view[2].angular_power[24],6322.724908190543
variants.CURRENT.occupancy_angular.NO_OUTWARD_GATE.per_view[2].angular_power[25],6017.969398803192
variants.CURRENT.occupancy_angular.NO_OUTWARD_GATE.per_view[2].angular_power[26],5727.554045310763
variants.CURRENT.occupancy_angular.NO_OUTWARD_GATE.per_view[2].angular_power[27],5569.879756359692
variants.CURRENT.occupancy_angular.NO_OUTWARD_GATE.per_view[2].angular_power[28],5338.935253679695
variants.CURRENT.occupancy_angular.NO_OUTWARD_GATE.per_view[2].angular_power[29],5069.817619963019
variants.CURRENT.occupancy_angular.NO_OUTWARD_GATE.per_view[2].angular_power[30],4878.153360073293
variants.CURRENT.occupancy_angular.NO_OUTWARD_GATE.per_view[2].angular_power[31],4747.209358254532
variants.CURRENT.occupancy_angular.NO_OUTWARD_GATE.per_view[2].angular_power[32],4525.907047218077
variants.CURRENT.occupancy_angular.NO_OUTWARD_GATE.per_view[2].angular_power[33],4371.539308979822
variants.CURRENT.occupancy_angular.NO_OUTWARD_GATE.per_view[2].angular_power[34],4168.618654840399
variants.CURRENT.occupancy_angular.NO_OUTWARD_GATE.per_view[2].angular_power[35],4065.4269675966198
variants.CURRENT.occupancy_angular.NO_OUTWARD_GATE.per_view[2].angular_power[36],3884.5282826205794
variants.CURRENT.occupancy_angular.NO_OUTWARD_GATE.per_view[2].angular_power[37],3788.268718391033
variants.CURRENT.occupancy_angular.NO_OUTWARD_GATE.per_view[2].angular_power[38],3621.982729938276
variants.CURRENT.occupancy_angular.NO_OUTWARD_GATE.per_view[2].angular_power[39],3561.8831122072525
variants.CURRENT.occupancy_angular.NO_OUTWARD_GATE.per_view[2].angular_power[40],3429.5739529243524
variants.CURRENT.occupancy_angular.NO_OUTWARD_GATE.per_view[2].angular_power[41],3258.4776249375122
variants.CURRENT.occupancy_angular.NO_OUTWARD_GATE.per_view[2].angular_power[42],3170.2612021171767
variants.CURRENT.occupancy_angular.NO_OUTWARD_GATE.per_view[2].angular_power[43],3074.7257925419563
variants.CURRENT.occupancy_angular.NO_OUTWARD_GATE.per_view[2].angular_power[44],2945.038823444408
variants.CURRENT.occupancy_angular.NO_OUTWARD_GATE.per_view[2].angular_power[45],2917.9030203027387
variants.CURRENT.occupancy_angular.NO_OUTWARD_GATE.per_view[2].angular_power[46],2747.7228261593696
variants.CURRENT.occupancy_angular.NO_OUTWARD_GATE.per_view[2].angular_power[47],2715.452988599636
variants.CURRENT.occupancy_angular.NO_OUTWARD_GATE.per_view[2].angular_power[48],2597.4322005304966
variants.CURRENT.occupancy_angular.NO_OUTWARD_GATE.per_view[2].angular_power[49],2569.8234428878936
variants.CURRENT.occupancy_angular.NO_OUTWARD_GATE.per_view[2].angular_power[50],2460.3596427800358
variants.CURRENT.occupancy_angular.NO_OUTWARD_GATE.per_view[2].angular_power[51],2370.177348391672
variants.CURRENT.occupancy_angular.NO_OUTWARD_GATE.per_view[2].angular_power[52],2325.3873890380487
variants.CURRENT.occupancy_angular.NO_OUTWARD_GATE.per_view[2].angular_power[53],2229.7476443218848
variants.CURRENT.occupancy_angular.NO_OUTWARD_GATE.per_view[2].angular_power[54],2211.61048357124
variants.CURRENT.occupancy_angular.NO_OUTWARD_GATE.per_view[2].angular_power[55],2131.810613546733
variants.CURRENT.occupancy_angular.NO_OUTWARD_GATE.per_view[2].angular_power[56],2051.5860329153497
variants.CURRENT.occupancy_angular.NO_OUTWARD_GATE.per_view[2].angular_power[57],1990.2961756425007
variants.CURRENT.occupancy_angular.NO_OUTWARD_GATE.per_view[2].angular_power[58],1948.3882952293873
variants.CURRENT.occupancy_angular.NO_OUTWARD_GATE.per_view[2].angular_power[59],1923.9573841120614
variants.CURRENT.occupancy_angular.NO_OUTWARD_GATE.per_view[2].angular_power[60],1822.2612461270132
variants.CURRENT.occupancy_angular.NO_OUTWARD_GATE.per_view[2].angular_power[61],1815.7246474571273
variants.CURRENT.occupancy_angular.NO_OUTWARD_GATE.per_view[2].angular_power[62],1739.2694584239555
variants.CURRENT.occupancy_angular.NO_OUTWARD_GATE.per_view[2].angular_power[63],1698.6451015679258
variants.CURRENT.occupancy_angular.NO_OUTWARD_GATE.per_view[2].dominant_mode,1
variants.CURRENT.occupancy_angular.NO_OUTWARD_GATE.per_view[2].spoke_anisotropy,0.3571741064486422
variants.CURRENT.occupancy_angular.NO_OUTWARD_GATE.per_view[2].lattice_harmonic_fraction,0.05130795297014497
variants.CURRENT.occupancy_angular.NO_OUTWARD_GATE.per_view[2].mode32_relative_to_neighbors,1.004595105876143
variants.CURRENT.occupancy_angular.NO_OUTWARD_GATE.per_view[2].chart_center_hf_correlation,0.48770754246539677
variants.CURRENT.occupancy_angular.NO_OUTWARD_GATE.per_view[3].view,3
variants.CURRENT.occupancy_angular.NO_OUTWARD_GATE.per_view[3].centers,1024
variants.CURRENT.occupancy_angular.NO_OUTWARD_GATE.per_view[3].modes[0],1
variants.CURRENT.occupancy_angular.NO_OUTWARD_GATE.per_view[3].modes[1],2
variants.CURRENT.occupancy_angular.NO_OUTWARD_GATE.per_view[3].modes[2],3
variants.CURRENT.occupancy_angular.NO_OUTWARD_GATE.per_view[3].modes[3],4
variants.CURRENT.occupancy_angular.NO_OUTWARD_GATE.per_view[3].modes[4],5
variants.CURRENT.occupancy_angular.NO_OUTWARD_GATE.per_view[3].modes[5],6
variants.CURRENT.occupancy_angular.NO_OUTWARD_GATE.per_view[3].modes[6],7
variants.CURRENT.occupancy_angular.NO_OUTWARD_GATE.per_view[3].modes[7],8
variants.CURRENT.occupancy_angular.NO_OUTWARD_GATE.per_view[3].modes[8],9
variants.CURRENT.occupancy_angular.NO_OUTWARD_GATE.per_view[3].modes[9],10
variants.CURRENT.occupancy_angular.NO_OUTWARD_GATE.per_view[3].modes[10],11
variants.CURRENT.occupancy_angular.NO_OUTWARD_GATE.per_view[3].modes[11],12
variants.CURRENT.occupancy_angular.NO_OUTWARD_GATE.per_view[3].modes[12],13
variants.CURRENT.occupancy_angular.NO_OUTWARD_GATE.per_view[3].modes[13],14
variants.CURRENT.occupancy_angular.NO_OUTWARD_GATE.per_view[3].modes[14],15
variants.CURRENT.occupancy_angular.NO_OUTWARD_GATE.per_view[3].modes[15],16
variants.CURRENT.occupancy_angular.NO_OUTWARD_GATE.per_view[3].modes[16],17
variants.CURRENT.occupancy_angular.NO_OUTWARD_GATE.per_view[3].modes[17],18
variants.CURRENT.occupancy_angular.NO_OUTWARD_GATE.per_view[3].modes[18],19
variants.CURRENT.occupancy_angular.NO_OUTWARD_GATE.per_view[3].modes[19],20
variants.CURRENT.occupancy_angular.NO_OUTWARD_GATE.per_view[3].modes[20],21
variants.CURRENT.occupancy_angular.NO_OUTWARD_GATE.per_view[3].modes[21],22
variants.CURRENT.occupancy_angular.NO_OUTWARD_GATE.per_view[3].modes[22],23
variants.CURRENT.occupancy_angular.NO_OUTWARD_GATE.per_view[3].modes[23],24
variants.CURRENT.occupancy_angular.NO_OUTWARD_GATE.per_view[3].modes[24],25
variants.CURRENT.occupancy_angular.NO_OUTWARD_GATE.per_view[3].modes[25],26
variants.CURRENT.occupancy_angular.NO_OUTWARD_GATE.per_view[3].modes[26],27
variants.CURRENT.occupancy_angular.NO_OUTWARD_GATE.per_view[3].modes[27],28
variants.CURRENT.occupancy_angular.NO_OUTWARD_GATE.per_view[3].modes[28],29
variants.CURRENT.occupancy_angular.NO_OUTWARD_GATE.per_view[3].modes[29],30
variants.CURRENT.occupancy_angular.NO_OUTWARD_GATE.per_view[3].modes[30],31
variants.CURRENT.occupancy_angular.NO_OUTWARD_GATE.per_view[3].modes[31],32
variants.CURRENT.occupancy_angular.NO_OUTWARD_GATE.per_view[3].modes[32],33
variants.CURRENT.occupancy_angular.NO_OUTWARD_GATE.per_view[3].modes[33],34
variants.CURRENT.occupancy_angular.NO_OUTWARD_GATE.per_view[3].modes[34],35
variants.CURRENT.occupancy_angular.NO_OUTWARD_GATE.per_view[3].modes[35],36
variants.CURRENT.occupancy_angular.NO_OUTWARD_GATE.per_view[3].modes[36],37
variants.CURRENT.occupancy_angular.NO_OUTWARD_GATE.per_view[3].modes[37],38
variants.CURRENT.occupancy_angular.NO_OUTWARD_GATE.per_view[3].modes[38],39
variants.CURRENT.occupancy_angular.NO_OUTWARD_GATE.per_view[3].modes[39],40
variants.CURRENT.occupancy_angular.NO_OUTWARD_GATE.per_view[3].modes[40],41
variants.CURRENT.occupancy_angular.NO_OUTWARD_GATE.per_view[3].modes[41],42
variants.CURRENT.occupancy_angular.NO_OUTWARD_GATE.per_view[3].modes[42],43
variants.CURRENT.occupancy_angular.NO_OUTWARD_GATE.per_view[3].modes[43],44
variants.CURRENT.occupancy_angular.NO_OUTWARD_GATE.per_view[3].modes[44],45
variants.CURRENT.occupancy_angular.NO_OUTWARD_GATE.per_view[3].modes[45],46
variants.CURRENT.occupancy_angular.NO_OUTWARD_GATE.per_view[3].modes[46],47
variants.CURRENT.occupancy_angular.NO_OUTWARD_GATE.per_view[3].modes[47],48
variants.CURRENT.occupancy_angular.NO_OUTWARD_GATE.per_view[3].modes[48],49
variants.CURRENT.occupancy_angular.NO_OUTWARD_GATE.per_view[3].modes[49],50
variants.CURRENT.occupancy_angular.NO_OUTWARD_GATE.per_view[3].modes[50],51
variants.CURRENT.occupancy_angular.NO_OUTWARD_GATE.per_view[3].modes[51],52
variants.CURRENT.occupancy_angular.NO_OUTWARD_GATE.per_view[3].modes[52],53
variants.CURRENT.occupancy_angular.NO_OUTWARD_GATE.per_view[3].modes[53],54
variants.CURRENT.occupancy_angular.NO_OUTWARD_GATE.per_view[3].modes[54],55
variants.CURRENT.occupancy_angular.NO_OUTWARD_GATE.per_view[3].modes[55],56
variants.CURRENT.occupancy_angular.NO_OUTWARD_GATE.per_view[3].modes[56],57
variants.CURRENT.occupancy_angular.NO_OUTWARD_GATE.per_view[3].modes[57],58
variants.CURRENT.occupancy_angular.NO_OUTWARD_GATE.per_view[3].modes[58],59
variants.CURRENT.occupancy_angular.NO_OUTWARD_GATE.per_view[3].modes[59],60
variants.CURRENT.occupancy_angular.NO_OUTWARD_GATE.per_view[3].modes[60],61
variants.CURRENT.occupancy_angular.NO_OUTWARD_GATE.per_view[3].modes[61],62
variants.CURRENT.occupancy_angular.NO_OUTWARD_GATE.per_view[3].modes[62],63
variants.CURRENT.occupancy_angular.NO_OUTWARD_GATE.per_view[3].modes[63],64
variants.CURRENT.occupancy_angular.NO_OUTWARD_GATE.per_view[3].angular_power[0],273157.8103491904
variants.CURRENT.occupancy_angular.NO_OUTWARD_GATE.per_view[3].angular_power[1],191697.96170008875
variants.CURRENT.occupancy_angular.NO_OUTWARD_GATE.per_view[3].angular_power[2],108559.06502915049
variants.CURRENT.occupancy_angular.NO_OUTWARD_GATE.per_view[3].angular_power[3],95562.84313934298
variants.CURRENT.occupancy_angular.NO_OUTWARD_GATE.per_view[3].angular_power[4],68358.74058042135
variants.CURRENT.occupancy_angular.NO_OUTWARD_GATE.per_view[3].angular_power[5],61185.93004402584
variants.CURRENT.occupancy_angular.NO_OUTWARD_GATE.per_view[3].angular_power[6],48033.74671317802
variants.CURRENT.occupancy_angular.NO_OUTWARD_GATE.per_view[3].angular_power[7],44843.91392009652
variants.CURRENT.occupancy_angular.NO_OUTWARD_GATE.per_view[3].angular_power[8],37872.30230729589
variants.CURRENT.occupancy_angular.NO_OUTWARD_GATE.per_view[3].angular_power[9],35199.43752534163
variants.CURRENT.occupancy_angular.NO_OUTWARD_GATE.per_view[3].angular_power[10],30753.851452900046
variants.CURRENT.occupancy_angular.NO_OUTWARD_GATE.per_view[3].angular_power[11],28819.99090187213
variants.CURRENT.occupancy_angular.NO_OUTWARD_GATE.per_view[3].angular_power[12],25817.909402570476
variants.CURRENT.occupancy_angular.NO_OUTWARD_GATE.per_view[3].angular_power[13],24493.33926909441
variants.CURRENT.occupancy_angular.NO_OUTWARD_GATE.per_view[3].angular_power[14],22040.78245699576
variants.CURRENT.occupancy_angular.NO_OUTWARD_GATE.per_view[3].angular_power[15],21045.39566064302
variants.CURRENT.occupancy_angular.NO_OUTWARD_GATE.per_view[3].angular_power[16],19009.8999118149
variants.CURRENT.occupancy_angular.NO_OUTWARD_GATE.per_view[3].angular_power[17],17912.989416540226
variants.CURRENT.occupancy_angular.NO_OUTWARD_GATE.per_view[3].angular_power[18],16693.563889109504
variants.CURRENT.occupancy_angular.NO_OUTWARD_GATE.per_view[3].angular_power[19],15873.145114992582
variants.CURRENT.occupancy_angular.NO_OUTWARD_GATE.per_view[3].angular_power[20],14877.394968103143
variants.CURRENT.occupancy_angular.NO_OUTWARD_GATE.per_view[3].angular_power[21],13977.306876619132
variants.CURRENT.occupancy_angular.NO_OUTWARD_GATE.per_view[3].angular_power[22],13138.160854947906
variants.CURRENT.occupancy_angular.NO_OUTWARD_GATE.per_view[3].angular_power[23],12585.184199303714
variants.CURRENT.occupancy_angular.NO_OUTWARD_GATE.per_view[3].angular_power[24],11975.058597978563
variants.CURRENT.occupancy_angular.NO_OUTWARD_GATE.per_view[3].angular_power[25],11343.659781734294
variants.CURRENT.occupancy_angular.NO_OUTWARD_GATE.per_view[3].angular_power[26],10812.440420336261
variants.CURRENT.occupancy_angular.NO_OUTWARD_GATE.per_view[3].angular_power[27],10312.91212293369
variants.CURRENT.occupancy_angular.NO_OUTWARD_GATE.per_view[3].angular_power[28],9828.570874435505
variants.CURRENT.occupancy_angular.NO_OUTWARD_GATE.per_view[3].angular_power[29],9295.403565318129
variants.CURRENT.occupancy_angular.NO_OUTWARD_GATE.per_view[3].angular_power[30],9064.0966375429
variants.CURRENT.occupancy_angular.NO_OUTWARD_GATE.per_view[3].angular_power[31],8527.048002502086
variants.CURRENT.occupancy_angular.NO_OUTWARD_GATE.per_view[3].angular_power[32],8309.565124600662
variants.CURRENT.occupancy_angular.NO_OUTWARD_GATE.per_view[3].angular_power[33],7873.902966323594
variants.CURRENT.occupancy_angular.NO_OUTWARD_GATE.per_view[3].angular_power[34],7623.606244975694
variants.CURRENT.occupancy_angular.NO_OUTWARD_GATE.per_view[3].angular_power[35],7358.8120115982965
variants.CURRENT.occupancy_angular.NO_OUTWARD_GATE.per_view[3].angular_power[36],7076.785098909958
variants.CURRENT.occupancy_angular.NO_OUTWARD_GATE.per_view[3].angular_power[37],6833.879857573988
variants.CURRENT.occupancy_angular.NO_OUTWARD_GATE.per_view[3].angular_power[38],6531.3969447619875
variants.CURRENT.occupancy_angular.NO_OUTWARD_GATE.per_view[3].angular_power[39],6202.695541293159
variants.CURRENT.occupancy_angular.NO_OUTWARD_GATE.per_view[3].angular_power[40],6101.350090863189
variants.CURRENT.occupancy_angular.NO_OUTWARD_GATE.per_view[3].angular_power[41],5863.2627648256475
variants.CURRENT.occupancy_angular.NO_OUTWARD_GATE.per_view[3].angular_power[42],5656.533801384007
variants.CURRENT.occupancy_angular.NO_OUTWARD_GATE.per_view[3].angular_power[43],5442.590353549429
variants.CURRENT.occupancy_angular.NO_OUTWARD_GATE.per_view[3].angular_power[44],5323.635196818045
variants.CURRENT.occupancy_angular.NO_OUTWARD_GATE.per_view[3].angular_power[45],5106.797979626662
variants.CURRENT.occupancy_angular.NO_OUTWARD_GATE.per_view[3].angular_power[46],4946.802857512337
variants.CURRENT.occupancy_angular.NO_OUTWARD_GATE.per_view[3].angular_power[47],4735.351285909188
variants.CURRENT.occupancy_angular.NO_OUTWARD_GATE.per_view[3].angular_power[48],4618.4928718050305
variants.CURRENT.occupancy_angular.NO_OUTWARD_GATE.per_view[3].angular_power[49],4411.07673280433
variants.CURRENT.occupancy_angular.NO_OUTWARD_GATE.per_view[3].angular_power[50],4289.4279005925855
variants.CURRENT.occupancy_angular.NO_OUTWARD_GATE.per_view[3].angular_power[51],4217.453713136823
variants.CURRENT.occupancy_angular.NO_OUTWARD_GATE.per_view[3].angular_power[52],4003.990145672883
variants.CURRENT.occupancy_angular.NO_OUTWARD_GATE.per_view[3].angular_power[53],3942.008926258001
variants.CURRENT.occupancy_angular.NO_OUTWARD_GATE.per_view[3].angular_power[54],3791.389580770219
variants.CURRENT.occupancy_angular.NO_OUTWARD_GATE.per_view[3].angular_power[55],3648.381576110669
variants.CURRENT.occupancy_angular.NO_OUTWARD_GATE.per_view[3].angular_power[56],3571.2081894675257
variants.CURRENT.occupancy_angular.NO_OUTWARD_GATE.per_view[3].angular_power[57],3464.8919184468673
variants.CURRENT.occupancy_angular.NO_OUTWARD_GATE.per_view[3].angular_power[58],3377.1317348853595
variants.CURRENT.occupancy_angular.NO_OUTWARD_GATE.per_view[3].angular_power[59],3265.608054933601
variants.CURRENT.occupancy_angular.NO_OUTWARD_GATE.per_view[3].angular_power[60],3170.5025900202013
variants.CURRENT.occupancy_angular.NO_OUTWARD_GATE.per_view[3].angular_power[61],3104.3346624448027
variants.CURRENT.occupancy_angular.NO_OUTWARD_GATE.per_view[3].angular_power[62],2980.6985627819763
variants.CURRENT.occupancy_angular.NO_OUTWARD_GATE.per_view[3].angular_power[63],2945.4619836035004
variants.CURRENT.occupancy_angular.NO_OUTWARD_GATE.per_view[3].dominant_mode,1
variants.CURRENT.occupancy_angular.NO_OUTWARD_GATE.per_view[3].spoke_anisotropy,0.3867998253935428
variants.CURRENT.occupancy_angular.NO_OUTWARD_GATE.per_view[3].lattice_harmonic_fraction,0.05019792348987353
variants.CURRENT.occupancy_angular.NO_OUTWARD_GATE.per_view[3].mode32_relative_to_neighbors,0.983982016175445
variants.CURRENT.occupancy_angular.NO_OUTWARD_GATE.per_view[3].chart_center_hf_correlation,0.5749840556202116
variants.CURRENT.occupancy_angular.NO_OUTWARD_GATE.spoke_anisotropy,0.38008972188719814
variants.CURRENT.occupancy_angular.NO_OUTWARD_GATE.lattice_harmonic_fraction,0.05052672952767794
variants.CURRENT.occupancy_angular.NO_OUTWARD_GATE.mode32_relative_to_neighbors,0.9948054948132834
variants.CURRENT.occupancy_angular.NO_OUTWARD_GATE.chart_center_hf_correlation,0.55521159647532
variants.PER_CHART.whole_image_mse,17.41918756430041
variants.PER_CHART.foreground_mse,1244.5588769226279
variants.PER_CHART.interior_gt8px_mse,
variants.PER_CHART.silhouette_0_8px_mse,99.61453270283587
variants.PER_CHART.total_image_energy,5448898.62035791
variants.PER_CHART.foreground_mean_brightness,0.8370358285541254
variants.PER_CHART.edge_sharpness,0.42502345748900416
variants.PER_CHART.reference_edge_sharpness,2.19512979735671
variants.PER_CHART.edge_sharpness_ratio,0.19362110523067969
variants.PER_CHART.thin_feature_response_ratio,0.0064524314353764526
variants.PER_CHART.historical_squared_image_energy,7428444.75
variants.PER_CHART.stratification.samples_per_ring,32
variants.PER_CHART.stratification.radial_strata,32
variants.PER_CHART.stratification.minimum_angular_gap,0.19634954084936132
variants.PER_CHART.stratification.rho_digest,042954e8208f199a1ae7c8c3196b1f352006e95882f0356c783835a4a85dcadf
variants.PER_CHART.stratification.chart_and_radial_weights_identical,True
variants.PER_CHART.stratification.intrinsic_mode32_per_chart_mean,1.0
variants.PER_CHART.stratification.intrinsic_mode32_across_charts,0.000425754998902436
variants.PER_CHART.artifact_metrics.per_view[0].gradient_magnitude_ratio,0.07283672193403357
variants.PER_CHART.artifact_metrics.per_view[0].gradient_cosine,0.00010815468229238693
variants.PER_CHART.artifact_metrics.per_view[0].reference_aligned_gradient_energy,10652.382408023908
variants.PER_CHART.artifact_metrics.per_view[0].unmatched_gradient_energy,202241.90708653186
variants.PER_CHART.artifact_metrics.per_view[0].excess_hf_weak_reference,0.09690947466602662
variants.PER_CHART.artifact_metrics.per_view[0].gradient_squared_error,9.72745804463752
variants.PER_CHART.artifact_metrics.per_view[0].weak_reference_pixels,2028939
variants.PER_CHART.artifact_metrics.per_view[1].gradient_magnitude_ratio,0.07171522865982845
variants.PER_CHART.artifact_metrics.per_view[1].gradient_cosine,0.004192303718905515
variants.PER_CHART.artifact_metrics.per_view[1].reference_aligned_gradient_energy,6910.379607952901
variants.PER_CHART.artifact_metrics.per_view[1].unmatched_gradient_energy,127598.36757924985
variants.PER_CHART.artifact_metrics.per_view[1].excess_hf_weak_reference,0.06086800151059515
variants.PER_CHART.artifact_metrics.per_view[1].gradient_squared_error,6.334914719634738
variants.PER_CHART.artifact_metrics.per_view[1].weak_reference_pixels,2032827
variants.PER_CHART.artifact_metrics.per_view[2].gradient_magnitude_ratio,0.07201102051151352
variants.PER_CHART.artifact_metrics.per_view[2].gradient_cosine,-0.00017279119101254302
variants.PER_CHART.artifact_metrics.per_view[2].reference_aligned_gradient_energy,9388.793181148732
variants.PER_CHART.artifact_metrics.per_view[2].unmatched_gradient_energy,198268.66314513044
variants.PER_CHART.artifact_metrics.per_view[2].excess_hf_weak_reference,0.09538940412158838
variants.PER_CHART.artifact_metrics.per_view[2].gradient_squared_error,9.706253360823855
variants.PER_CHART.artifact_metrics.per_view[2].weak_reference_pixels,2026421
variants.PER_CHART.artifact_metrics.per_view[3].gradient_magnitude_ratio,0.07024423086126505
variants.PER_CHART.artifact_metrics.per_view[3].gradient_cosine,-0.00046427886762922513
variants.PER_CHART.artifact_metrics.per_view[3].reference_aligned_gradient_energy,5454.273347414903
variants.PER_CHART.artifact_metrics.per_view[3].unmatched_gradient_energy,110228.92459540225
variants.PER_CHART.artifact_metrics.per_view[3].excess_hf_weak_reference,0.05262131782647691
variants.PER_CHART.artifact_metrics.per_view[3].gradient_squared_error,5.681458239959926
variants.PER_CHART.artifact_metrics.per_view[3].weak_reference_pixels,2038801
variants.PER_CHART.artifact_metrics.gradient_magnitude_ratio,0.07170180049166014
variants.PER_CHART.artifact_metrics.gradient_cosine,0.0009158470856390333
variants.PER_CHART.artifact_metrics.reference_aligned_gradient_energy,8101.457136135111
variants.PER_CHART.artifact_metrics.unmatched_gradient_energy,159584.4656015786
variants.PER_CHART.artifact_metrics.excess_hf_weak_reference,0.07644704953117176
variants.PER_CHART.artifact_metrics.gradient_squared_error,7.86252109126401
variants.PER_CHART.artifact_metrics.weak_reference_pixels,2031747.0
variants.PER_CHART.local_measure.reference_cells,4096
variants.PER_CHART.local_measure.mean_absolute_local_mass_error,8.011737372726202e-05
variants.PER_CHART.local_measure.normalized_mean_absolute_error,0.32816076278686523
variants.PER_CHART.local_measure.p90_local_mass_error,0.00015878677368164062
variants.PER_CHART.local_measure.p95_local_mass_error,0.00019121170043945312
variants.PER_CHART.local_measure.total_variation_distance,0.16408038139343262
variants.PER_CHART.local_measure.thin_feature_region_mass_error,7.910941674457333e-05
variants.PER_CHART.local_measure.high_curvature_region_mass_error,8.13629012554884e-05
variants.PER_CHART.local_measure.silhouette_near_region_mass_error,8.015522724549267e-05
variants.PER_CHART.local_measure.thin_feature_rule,top 18% reference points by world z
variants.PER_CHART.local_measure.high_curvature_rule,top quartile eight-neighbor normal variation
variants.PER_CHART.local_measure.silhouette_rule,min absolute normal-dot-four-view-direction <= 0.15
variants.PER_CHART.local_measure.sampler_mass_sum,1.0
variants.PER_CHART.shared_ray_compatible,True
variants.PER_CHART.cache_digest,a6702acd43ed52b03dd82a4e6a40d0fb3f65d305bdd21ed214a28f8e50ee34f8
variants.PER_CHART.weights_digest,d249e421fe414b62f6d1c2d6f54e47ab411bca43f0bea3d83360371ad53f5979
variants.PER_CHART.source_mass,9.088634202953163
variants.PER_CHART.emitter_count,1048576
variants.PER_CHART.runtime.mapping_seconds,19.647301532095298
variants.PER_CHART.runtime.mapping_peak_cuda_mib,396.1845703125
variants.PER_CHART.runtime.transport_seconds,4.053639403078705
variants.PER_CHART.runtime.transport_peak_cuda_mib,422.666015625
variants.PER_CHART.occupancy_angular.HARD_OUTWARD.per_view[0].view,0
variants.PER_CHART.occupancy_angular.HARD_OUTWARD.per_view[0].centers,1024
variants.PER_CHART.occupancy_angular.HARD_OUTWARD.per_view[0].modes[0],1
variants.PER_CHART.occupancy_angular.HARD_OUTWARD.per_view[0].modes[1],2
variants.PER_CHART.occupancy_angular.HARD_OUTWARD.per_view[0].modes[2],3
variants.PER_CHART.occupancy_angular.HARD_OUTWARD.per_view[0].modes[3],4
variants.PER_CHART.occupancy_angular.HARD_OUTWARD.per_view[0].modes[4],5
variants.PER_CHART.occupancy_angular.HARD_OUTWARD.per_view[0].modes[5],6
variants.PER_CHART.occupancy_angular.HARD_OUTWARD.per_view[0].modes[6],7
variants.PER_CHART.occupancy_angular.HARD_OUTWARD.per_view[0].modes[7],8
variants.PER_CHART.occupancy_angular.HARD_OUTWARD.per_view[0].modes[8],9
variants.PER_CHART.occupancy_angular.HARD_OUTWARD.per_view[0].modes[9],10
variants.PER_CHART.occupancy_angular.HARD_OUTWARD.per_view[0].modes[10],11
variants.PER_CHART.occupancy_angular.HARD_OUTWARD.per_view[0].modes[11],12
variants.PER_CHART.occupancy_angular.HARD_OUTWARD.per_view[0].modes[12],13
variants.PER_CHART.occupancy_angular.HARD_OUTWARD.per_view[0].modes[13],14
variants.PER_CHART.occupancy_angular.HARD_OUTWARD.per_view[0].modes[14],15
variants.PER_CHART.occupancy_angular.HARD_OUTWARD.per_view[0].modes[15],16
variants.PER_CHART.occupancy_angular.HARD_OUTWARD.per_view[0].modes[16],17
variants.PER_CHART.occupancy_angular.HARD_OUTWARD.per_view[0].modes[17],18
variants.PER_CHART.occupancy_angular.HARD_OUTWARD.per_view[0].modes[18],19
variants.PER_CHART.occupancy_angular.HARD_OUTWARD.per_view[0].modes[19],20
variants.PER_CHART.occupancy_angular.HARD_OUTWARD.per_view[0].modes[20],21
variants.PER_CHART.occupancy_angular.HARD_OUTWARD.per_view[0].modes[21],22
variants.PER_CHART.occupancy_angular.HARD_OUTWARD.per_view[0].modes[22],23
variants.PER_CHART.occupancy_angular.HARD_OUTWARD.per_view[0].modes[23],24
variants.PER_CHART.occupancy_angular.HARD_OUTWARD.per_view[0].modes[24],25
variants.PER_CHART.occupancy_angular.HARD_OUTWARD.per_view[0].modes[25],26
variants.PER_CHART.occupancy_angular.HARD_OUTWARD.per_view[0].modes[26],27
variants.PER_CHART.occupancy_angular.HARD_OUTWARD.per_view[0].modes[27],28
variants.PER_CHART.occupancy_angular.HARD_OUTWARD.per_view[0].modes[28],29
variants.PER_CHART.occupancy_angular.HARD_OUTWARD.per_view[0].modes[29],30
variants.PER_CHART.occupancy_angular.HARD_OUTWARD.per_view[0].modes[30],31
variants.PER_CHART.occupancy_angular.HARD_OUTWARD.per_view[0].modes[31],32
variants.PER_CHART.occupancy_angular.HARD_OUTWARD.per_view[0].modes[32],33
variants.PER_CHART.occupancy_angular.HARD_OUTWARD.per_view[0].modes[33],34
variants.PER_CHART.occupancy_angular.HARD_OUTWARD.per_view[0].modes[34],35
variants.PER_CHART.occupancy_angular.HARD_OUTWARD.per_view[0].modes[35],36
variants.PER_CHART.occupancy_angular.HARD_OUTWARD.per_view[0].modes[36],37
variants.PER_CHART.occupancy_angular.HARD_OUTWARD.per_view[0].modes[37],38
variants.PER_CHART.occupancy_angular.HARD_OUTWARD.per_view[0].modes[38],39
variants.PER_CHART.occupancy_angular.HARD_OUTWARD.per_view[0].modes[39],40
variants.PER_CHART.occupancy_angular.HARD_OUTWARD.per_view[0].modes[40],41
variants.PER_CHART.occupancy_angular.HARD_OUTWARD.per_view[0].modes[41],42
variants.PER_CHART.occupancy_angular.HARD_OUTWARD.per_view[0].modes[42],43
variants.PER_CHART.occupancy_angular.HARD_OUTWARD.per_view[0].modes[43],44
variants.PER_CHART.occupancy_angular.HARD_OUTWARD.per_view[0].modes[44],45
variants.PER_CHART.occupancy_angular.HARD_OUTWARD.per_view[0].modes[45],46
variants.PER_CHART.occupancy_angular.HARD_OUTWARD.per_view[0].modes[46],47
variants.PER_CHART.occupancy_angular.HARD_OUTWARD.per_view[0].modes[47],48
variants.PER_CHART.occupancy_angular.HARD_OUTWARD.per_view[0].modes[48],49
variants.PER_CHART.occupancy_angular.HARD_OUTWARD.per_view[0].modes[49],50
variants.PER_CHART.occupancy_angular.HARD_OUTWARD.per_view[0].modes[50],51
variants.PER_CHART.occupancy_angular.HARD_OUTWARD.per_view[0].modes[51],52
variants.PER_CHART.occupancy_angular.HARD_OUTWARD.per_view[0].modes[52],53
variants.PER_CHART.occupancy_angular.HARD_OUTWARD.per_view[0].modes[53],54
variants.PER_CHART.occupancy_angular.HARD_OUTWARD.per_view[0].modes[54],55
variants.PER_CHART.occupancy_angular.HARD_OUTWARD.per_view[0].modes[55],56
variants.PER_CHART.occupancy_angular.HARD_OUTWARD.per_view[0].modes[56],57
variants.PER_CHART.occupancy_angular.HARD_OUTWARD.per_view[0].modes[57],58
variants.PER_CHART.occupancy_angular.HARD_OUTWARD.per_view[0].modes[58],59
variants.PER_CHART.occupancy_angular.HARD_OUTWARD.per_view[0].modes[59],60
variants.PER_CHART.occupancy_angular.HARD_OUTWARD.per_view[0].modes[60],61
variants.PER_CHART.occupancy_angular.HARD_OUTWARD.per_view[0].modes[61],62
variants.PER_CHART.occupancy_angular.HARD_OUTWARD.per_view[0].modes[62],63
variants.PER_CHART.occupancy_angular.HARD_OUTWARD.per_view[0].modes[63],64
variants.PER_CHART.occupancy_angular.HARD_OUTWARD.per_view[0].angular_power[0],61586.518170502175
variants.PER_CHART.occupancy_angular.HARD_OUTWARD.per_view[0].angular_power[1],48974.28031809307
variants.PER_CHART.occupancy_angular.HARD_OUTWARD.per_view[0].angular_power[2],27612.39261450164
variants.PER_CHART.occupancy_angular.HARD_OUTWARD.per_view[0].angular_power[3],25450.81366519185
variants.PER_CHART.occupancy_angular.HARD_OUTWARD.per_view[0].angular_power[4],18193.055000312746
variants.PER_CHART.occupancy_angular.HARD_OUTWARD.per_view[0].angular_power[5],17176.43821054131
variants.PER_CHART.occupancy_angular.HARD_OUTWARD.per_view[0].angular_power[6],13603.316377008274
variants.PER_CHART.occupancy_angular.HARD_OUTWARD.per_view[0].angular_power[7],12998.519731225171
variants.PER_CHART.occupancy_angular.HARD_OUTWARD.per_view[0].angular_power[8],10860.58107397591
variants.PER_CHART.occupancy_angular.HARD_OUTWARD.per_view[0].angular_power[9],10200.350513756934
variants.PER_CHART.occupancy_angular.HARD_OUTWARD.per_view[0].angular_power[10],8954.57674829072
variants.PER_CHART.occupancy_angular.HARD_OUTWARD.per_view[0].angular_power[11],8486.579965781788
variants.PER_CHART.occupancy_angular.HARD_OUTWARD.per_view[0].angular_power[12],7707.835642741321
variants.PER_CHART.occupancy_angular.HARD_OUTWARD.per_view[0].angular_power[13],7239.468478316611
variants.PER_CHART.occupancy_angular.HARD_OUTWARD.per_view[0].angular_power[14],6618.822898823683
variants.PER_CHART.occupancy_angular.HARD_OUTWARD.per_view[0].angular_power[15],6268.962041860147
variants.PER_CHART.occupancy_angular.HARD_OUTWARD.per_view[0].angular_power[16],5814.447134581032
variants.PER_CHART.occupancy_angular.HARD_OUTWARD.per_view[0].angular_power[17],5596.275052578277
variants.PER_CHART.occupancy_angular.HARD_OUTWARD.per_view[0].angular_power[18],5212.22678593839
variants.PER_CHART.occupancy_angular.HARD_OUTWARD.per_view[0].angular_power[19],5047.755373442031
variants.PER_CHART.occupancy_angular.HARD_OUTWARD.per_view[0].angular_power[20],4685.345981241493
variants.PER_CHART.occupancy_angular.HARD_OUTWARD.per_view[0].angular_power[21],4452.207558817147
variants.PER_CHART.occupancy_angular.HARD_OUTWARD.per_view[0].angular_power[22],4247.953995192548
variants.PER_CHART.occupancy_angular.HARD_OUTWARD.per_view[0].angular_power[23],4083.3266068523467
variants.PER_CHART.occupancy_angular.HARD_OUTWARD.per_view[0].angular_power[24],3797.0139351579655
variants.PER_CHART.occupancy_angular.HARD_OUTWARD.per_view[0].angular_power[25],3730.40070694449
variants.PER_CHART.occupancy_angular.HARD_OUTWARD.per_view[0].angular_power[26],3543.8304599711328
variants.PER_CHART.occupancy_angular.HARD_OUTWARD.per_view[0].angular_power[27],3411.4290330333697
variants.PER_CHART.occupancy_angular.HARD_OUTWARD.per_view[0].angular_power[28],3252.6440993048514
variants.PER_CHART.occupancy_angular.HARD_OUTWARD.per_view[0].angular_power[29],3151.675381943311
variants.PER_CHART.occupancy_angular.HARD_OUTWARD.per_view[0].angular_power[30],2989.9864327922514
variants.PER_CHART.occupancy_angular.HARD_OUTWARD.per_view[0].angular_power[31],2927.4973577590436
variants.PER_CHART.occupancy_angular.HARD_OUTWARD.per_view[0].angular_power[32],2768.145902999347
variants.PER_CHART.occupancy_angular.HARD_OUTWARD.per_view[0].angular_power[33],2731.666210327083
variants.PER_CHART.occupancy_angular.HARD_OUTWARD.per_view[0].angular_power[34],2561.3938489618527
variants.PER_CHART.occupancy_angular.HARD_OUTWARD.per_view[0].angular_power[35],2517.6706075931684
variants.PER_CHART.occupancy_angular.HARD_OUTWARD.per_view[0].angular_power[36],2383.987916887041
variants.PER_CHART.occupancy_angular.HARD_OUTWARD.per_view[0].angular_power[37],2337.250010394553
variants.PER_CHART.occupancy_angular.HARD_OUTWARD.per_view[0].angular_power[38],2272.0816943695045
variants.PER_CHART.occupancy_angular.HARD_OUTWARD.per_view[0].angular_power[39],2181.5654569922413
variants.PER_CHART.occupancy_angular.HARD_OUTWARD.per_view[0].angular_power[40],2125.4492914747716
variants.PER_CHART.occupancy_angular.HARD_OUTWARD.per_view[0].angular_power[41],2041.0406436838755
variants.PER_CHART.occupancy_angular.HARD_OUTWARD.per_view[0].angular_power[42],2012.7610127126463
variants.PER_CHART.occupancy_angular.HARD_OUTWARD.per_view[0].angular_power[43],1903.6637542702817
variants.PER_CHART.occupancy_angular.HARD_OUTWARD.per_view[0].angular_power[44],1863.322957300307
variants.PER_CHART.occupancy_angular.HARD_OUTWARD.per_view[0].angular_power[45],1804.5674725585832
variants.PER_CHART.occupancy_angular.HARD_OUTWARD.per_view[0].angular_power[46],1739.8344630670224
variants.PER_CHART.occupancy_angular.HARD_OUTWARD.per_view[0].angular_power[47],1677.345491862781
variants.PER_CHART.occupancy_angular.HARD_OUTWARD.per_view[0].angular_power[48],1634.8511609697923
variants.PER_CHART.occupancy_angular.HARD_OUTWARD.per_view[0].angular_power[49],1578.363746774913
variants.PER_CHART.occupancy_angular.HARD_OUTWARD.per_view[0].angular_power[50],1540.9387117700028
variants.PER_CHART.occupancy_angular.HARD_OUTWARD.per_view[0].angular_power[51],1508.7704697534314
variants.PER_CHART.occupancy_angular.HARD_OUTWARD.per_view[0].angular_power[52],1452.797134463065
variants.PER_CHART.occupancy_angular.HARD_OUTWARD.per_view[0].angular_power[53],1409.7870366994334
variants.PER_CHART.occupancy_angular.HARD_OUTWARD.per_view[0].angular_power[54],1383.1876407772388
variants.PER_CHART.occupancy_angular.HARD_OUTWARD.per_view[0].angular_power[55],1348.2948927899072
variants.PER_CHART.occupancy_angular.HARD_OUTWARD.per_view[0].angular_power[56],1305.9516501836752
variants.PER_CHART.occupancy_angular.HARD_OUTWARD.per_view[0].angular_power[57],1258.9903711954898
variants.PER_CHART.occupancy_angular.HARD_OUTWARD.per_view[0].angular_power[58],1225.4405207596874
variants.PER_CHART.occupancy_angular.HARD_OUTWARD.per_view[0].angular_power[59],1196.9585820924776
variants.PER_CHART.occupancy_angular.HARD_OUTWARD.per_view[0].angular_power[60],1158.1839874201503
variants.PER_CHART.occupancy_angular.HARD_OUTWARD.per_view[0].angular_power[61],1130.4175126850166
variants.PER_CHART.occupancy_angular.HARD_OUTWARD.per_view[0].angular_power[62],1104.517488015909
variants.PER_CHART.occupancy_angular.HARD_OUTWARD.per_view[0].angular_power[63],1077.7828618761973
variants.PER_CHART.occupancy_angular.HARD_OUTWARD.per_view[0].dominant_mode,1
variants.PER_CHART.occupancy_angular.HARD_OUTWARD.per_view[0].spoke_anisotropy,0.333660188532402
variants.PER_CHART.occupancy_angular.HARD_OUTWARD.per_view[0].lattice_harmonic_fraction,0.053596365996531406
variants.PER_CHART.occupancy_angular.HARD_OUTWARD.per_view[0].mode32_relative_to_neighbors,1.006271501575042
variants.PER_CHART.occupancy_angular.HARD_OUTWARD.per_view[0].chart_center_hf_correlation,0.5444754373807179
variants.PER_CHART.occupancy_angular.HARD_OUTWARD.per_view[1].view,1
variants.PER_CHART.occupancy_angular.HARD_OUTWARD.per_view[1].centers,1024
variants.PER_CHART.occupancy_angular.HARD_OUTWARD.per_view[1].modes[0],1
variants.PER_CHART.occupancy_angular.HARD_OUTWARD.per_view[1].modes[1],2
variants.PER_CHART.occupancy_angular.HARD_OUTWARD.per_view[1].modes[2],3
variants.PER_CHART.occupancy_angular.HARD_OUTWARD.per_view[1].modes[3],4
variants.PER_CHART.occupancy_angular.HARD_OUTWARD.per_view[1].modes[4],5
variants.PER_CHART.occupancy_angular.HARD_OUTWARD.per_view[1].modes[5],6
variants.PER_CHART.occupancy_angular.HARD_OUTWARD.per_view[1].modes[6],7
variants.PER_CHART.occupancy_angular.HARD_OUTWARD.per_view[1].modes[7],8
variants.PER_CHART.occupancy_angular.HARD_OUTWARD.per_view[1].modes[8],9
variants.PER_CHART.occupancy_angular.HARD_OUTWARD.per_view[1].modes[9],10
variants.PER_CHART.occupancy_angular.HARD_OUTWARD.per_view[1].modes[10],11
variants.PER_CHART.occupancy_angular.HARD_OUTWARD.per_view[1].modes[11],12
variants.PER_CHART.occupancy_angular.HARD_OUTWARD.per_view[1].modes[12],13
variants.PER_CHART.occupancy_angular.HARD_OUTWARD.per_view[1].modes[13],14
variants.PER_CHART.occupancy_angular.HARD_OUTWARD.per_view[1].modes[14],15
variants.PER_CHART.occupancy_angular.HARD_OUTWARD.per_view[1].modes[15],16
variants.PER_CHART.occupancy_angular.HARD_OUTWARD.per_view[1].modes[16],17
variants.PER_CHART.occupancy_angular.HARD_OUTWARD.per_view[1].modes[17],18
variants.PER_CHART.occupancy_angular.HARD_OUTWARD.per_view[1].modes[18],19
variants.PER_CHART.occupancy_angular.HARD_OUTWARD.per_view[1].modes[19],20
variants.PER_CHART.occupancy_angular.HARD_OUTWARD.per_view[1].modes[20],21
variants.PER_CHART.occupancy_angular.HARD_OUTWARD.per_view[1].modes[21],22
variants.PER_CHART.occupancy_angular.HARD_OUTWARD.per_view[1].modes[22],23
variants.PER_CHART.occupancy_angular.HARD_OUTWARD.per_view[1].modes[23],24
variants.PER_CHART.occupancy_angular.HARD_OUTWARD.per_view[1].modes[24],25
variants.PER_CHART.occupancy_angular.HARD_OUTWARD.per_view[1].modes[25],26
variants.PER_CHART.occupancy_angular.HARD_OUTWARD.per_view[1].modes[26],27
variants.PER_CHART.occupancy_angular.HARD_OUTWARD.per_view[1].modes[27],28
variants.PER_CHART.occupancy_angular.HARD_OUTWARD.per_view[1].modes[28],29
variants.PER_CHART.occupancy_angular.HARD_OUTWARD.per_view[1].modes[29],30
variants.PER_CHART.occupancy_angular.HARD_OUTWARD.per_view[1].modes[30],31
variants.PER_CHART.occupancy_angular.HARD_OUTWARD.per_view[1].modes[31],32
variants.PER_CHART.occupancy_angular.HARD_OUTWARD.per_view[1].modes[32],33
variants.PER_CHART.occupancy_angular.HARD_OUTWARD.per_view[1].modes[33],34
variants.PER_CHART.occupancy_angular.HARD_OUTWARD.per_view[1].modes[34],35
variants.PER_CHART.occupancy_angular.HARD_OUTWARD.per_view[1].modes[35],36
variants.PER_CHART.occupancy_angular.HARD_OUTWARD.per_view[1].modes[36],37
variants.PER_CHART.occupancy_angular.HARD_OUTWARD.per_view[1].modes[37],38
variants.PER_CHART.occupancy_angular.HARD_OUTWARD.per_view[1].modes[38],39
variants.PER_CHART.occupancy_angular.HARD_OUTWARD.per_view[1].modes[39],40
variants.PER_CHART.occupancy_angular.HARD_OUTWARD.per_view[1].modes[40],41
variants.PER_CHART.occupancy_angular.HARD_OUTWARD.per_view[1].modes[41],42
variants.PER_CHART.occupancy_angular.HARD_OUTWARD.per_view[1].modes[42],43
variants.PER_CHART.occupancy_angular.HARD_OUTWARD.per_view[1].modes[43],44
variants.PER_CHART.occupancy_angular.HARD_OUTWARD.per_view[1].modes[44],45
variants.PER_CHART.occupancy_angular.HARD_OUTWARD.per_view[1].modes[45],46
variants.PER_CHART.occupancy_angular.HARD_OUTWARD.per_view[1].modes[46],47
variants.PER_CHART.occupancy_angular.HARD_OUTWARD.per_view[1].modes[47],48
variants.PER_CHART.occupancy_angular.HARD_OUTWARD.per_view[1].modes[48],49
variants.PER_CHART.occupancy_angular.HARD_OUTWARD.per_view[1].modes[49],50
variants.PER_CHART.occupancy_angular.HARD_OUTWARD.per_view[1].modes[50],51
variants.PER_CHART.occupancy_angular.HARD_OUTWARD.per_view[1].modes[51],52
variants.PER_CHART.occupancy_angular.HARD_OUTWARD.per_view[1].modes[52],53
variants.PER_CHART.occupancy_angular.HARD_OUTWARD.per_view[1].modes[53],54
variants.PER_CHART.occupancy_angular.HARD_OUTWARD.per_view[1].modes[54],55
variants.PER_CHART.occupancy_angular.HARD_OUTWARD.per_view[1].modes[55],56
variants.PER_CHART.occupancy_angular.HARD_OUTWARD.per_view[1].modes[56],57
variants.PER_CHART.occupancy_angular.HARD_OUTWARD.per_view[1].modes[57],58
variants.PER_CHART.occupancy_angular.HARD_OUTWARD.per_view[1].modes[58],59
variants.PER_CHART.occupancy_angular.HARD_OUTWARD.per_view[1].modes[59],60
variants.PER_CHART.occupancy_angular.HARD_OUTWARD.per_view[1].modes[60],61
variants.PER_CHART.occupancy_angular.HARD_OUTWARD.per_view[1].modes[61],62
variants.PER_CHART.occupancy_angular.HARD_OUTWARD.per_view[1].modes[62],63
variants.PER_CHART.occupancy_angular.HARD_OUTWARD.per_view[1].modes[63],64
variants.PER_CHART.occupancy_angular.HARD_OUTWARD.per_view[1].angular_power[0],65822.48531932855
variants.PER_CHART.occupancy_angular.HARD_OUTWARD.per_view[1].angular_power[1],46722.201751213746
variants.PER_CHART.occupancy_angular.HARD_OUTWARD.per_view[1].angular_power[2],27640.673414866407
variants.PER_CHART.occupancy_angular.HARD_OUTWARD.per_view[1].angular_power[3],23343.299165743512
variants.PER_CHART.occupancy_angular.HARD_OUTWARD.per_view[1].angular_power[4],18310.726977863997
variants.PER_CHART.occupancy_angular.HARD_OUTWARD.per_view[1].angular_power[5],15422.387761034994
variants.PER_CHART.occupancy_angular.HARD_OUTWARD.per_view[1].angular_power[6],12949.229803583305
variants.PER_CHART.occupancy_angular.HARD_OUTWARD.per_view[1].angular_power[7],11447.63614119774
variants.PER_CHART.occupancy_angular.HARD_OUTWARD.per_view[1].angular_power[8],9900.93314309467
variants.PER_CHART.occupancy_angular.HARD_OUTWARD.per_view[1].angular_power[9],9168.314604439114
variants.PER_CHART.occupancy_angular.HARD_OUTWARD.per_view[1].angular_power[10],8152.554581322008
variants.PER_CHART.occupancy_angular.HARD_OUTWARD.per_view[1].angular_power[11],7591.824654237763
variants.PER_CHART.occupancy_angular.HARD_OUTWARD.per_view[1].angular_power[12],6898.037806611006
variants.PER_CHART.occupancy_angular.HARD_OUTWARD.per_view[1].angular_power[13],6310.767839298707
variants.PER_CHART.occupancy_angular.HARD_OUTWARD.per_view[1].angular_power[14],5881.544267797782
variants.PER_CHART.occupancy_angular.HARD_OUTWARD.per_view[1].angular_power[15],5533.441021709735
variants.PER_CHART.occupancy_angular.HARD_OUTWARD.per_view[1].angular_power[16],5181.971796685062
variants.PER_CHART.occupancy_angular.HARD_OUTWARD.per_view[1].angular_power[17],4863.53537635358
variants.PER_CHART.occupancy_angular.HARD_OUTWARD.per_view[1].angular_power[18],4615.752788384747
variants.PER_CHART.occupancy_angular.HARD_OUTWARD.per_view[1].angular_power[19],4364.360926699622
variants.PER_CHART.occupancy_angular.HARD_OUTWARD.per_view[1].angular_power[20],4131.7187890598825
variants.PER_CHART.occupancy_angular.HARD_OUTWARD.per_view[1].angular_power[21],3994.3917426172316
variants.PER_CHART.occupancy_angular.HARD_OUTWARD.per_view[1].angular_power[22],3708.8707864659864
variants.PER_CHART.occupancy_angular.HARD_OUTWARD.per_view[1].angular_power[23],3592.1187246344875
variants.PER_CHART.occupancy_angular.HARD_OUTWARD.per_view[1].angular_power[24],3435.177882423484
variants.PER_CHART.occupancy_angular.HARD_OUTWARD.per_view[1].angular_power[25],3269.3477275912696
variants.PER_CHART.occupancy_angular.HARD_OUTWARD.per_view[1].angular_power[26],3118.0750621099255
variants.PER_CHART.occupancy_angular.HARD_OUTWARD.per_view[1].angular_power[27],3039.538776825822
variants.PER_CHART.occupancy_angular.HARD_OUTWARD.per_view[1].angular_power[28],2889.2027166783187
variants.PER_CHART.occupancy_angular.HARD_OUTWARD.per_view[1].angular_power[29],2782.202571975188
variants.PER_CHART.occupancy_angular.HARD_OUTWARD.per_view[1].angular_power[30],2649.7497885032662
variants.PER_CHART.occupancy_angular.HARD_OUTWARD.per_view[1].angular_power[31],2584.3380885923602
variants.PER_CHART.occupancy_angular.HARD_OUTWARD.per_view[1].angular_power[32],2489.43893090759
variants.PER_CHART.occupancy_angular.HARD_OUTWARD.per_view[1].angular_power[33],2394.887310306367
variants.PER_CHART.occupancy_angular.HARD_OUTWARD.per_view[1].angular_power[34],2306.114978915991
variants.PER_CHART.occupancy_angular.HARD_OUTWARD.per_view[1].angular_power[35],2241.8918317541
variants.PER_CHART.occupancy_angular.HARD_OUTWARD.per_view[1].angular_power[36],2170.349116092407
variants.PER_CHART.occupancy_angular.HARD_OUTWARD.per_view[1].angular_power[37],2087.675771571222
variants.PER_CHART.occupancy_angular.HARD_OUTWARD.per_view[1].angular_power[38],2000.229369340646
variants.PER_CHART.occupancy_angular.HARD_OUTWARD.per_view[1].angular_power[39],1951.0680168391254
variants.PER_CHART.occupancy_angular.HARD_OUTWARD.per_view[1].angular_power[40],1872.385605677823
variants.PER_CHART.occupancy_angular.HARD_OUTWARD.per_view[1].angular_power[41],1800.5478450298135
variants.PER_CHART.occupancy_angular.HARD_OUTWARD.per_view[1].angular_power[42],1768.4155300271175
variants.PER_CHART.occupancy_angular.HARD_OUTWARD.per_view[1].angular_power[43],1699.9215439295233
variants.PER_CHART.occupancy_angular.HARD_OUTWARD.per_view[1].angular_power[44],1642.0348549513164
variants.PER_CHART.occupancy_angular.HARD_OUTWARD.per_view[1].angular_power[45],1611.736363315057
variants.PER_CHART.occupancy_angular.HARD_OUTWARD.per_view[1].angular_power[46],1549.3629639338938
variants.PER_CHART.occupancy_angular.HARD_OUTWARD.per_view[1].angular_power[47],1515.8484564351388
variants.PER_CHART.occupancy_angular.HARD_OUTWARD.per_view[1].angular_power[48],1469.1248742633466
variants.PER_CHART.occupancy_angular.HARD_OUTWARD.per_view[1].angular_power[49],1418.5396512901282
variants.PER_CHART.occupancy_angular.HARD_OUTWARD.per_view[1].angular_power[50],1383.5636813861306
variants.PER_CHART.occupancy_angular.HARD_OUTWARD.per_view[1].angular_power[51],1338.8489906136233
variants.PER_CHART.occupancy_angular.HARD_OUTWARD.per_view[1].angular_power[52],1303.512896217808
variants.PER_CHART.occupancy_angular.HARD_OUTWARD.per_view[1].angular_power[53],1264.1455149176188
variants.PER_CHART.occupancy_angular.HARD_OUTWARD.per_view[1].angular_power[54],1222.122269361939
variants.PER_CHART.occupancy_angular.HARD_OUTWARD.per_view[1].angular_power[55],1212.6183929429196
variants.PER_CHART.occupancy_angular.HARD_OUTWARD.per_view[1].angular_power[56],1156.2992506151538
variants.PER_CHART.occupancy_angular.HARD_OUTWARD.per_view[1].angular_power[57],1138.2621967023556
variants.PER_CHART.occupancy_angular.HARD_OUTWARD.per_view[1].angular_power[58],1098.0557516539252
variants.PER_CHART.occupancy_angular.HARD_OUTWARD.per_view[1].angular_power[59],1060.8444522368716
variants.PER_CHART.occupancy_angular.HARD_OUTWARD.per_view[1].angular_power[60],1047.3796165809895
variants.PER_CHART.occupancy_angular.HARD_OUTWARD.per_view[1].angular_power[61],1027.7376346967912
variants.PER_CHART.occupancy_angular.HARD_OUTWARD.per_view[1].angular_power[62],993.2898898531192
variants.PER_CHART.occupancy_angular.HARD_OUTWARD.per_view[1].angular_power[63],969.2093287968229
variants.PER_CHART.occupancy_angular.HARD_OUTWARD.per_view[1].dominant_mode,1
variants.PER_CHART.occupancy_angular.HARD_OUTWARD.per_view[1].spoke_anisotropy,0.35989085491164724
variants.PER_CHART.occupancy_angular.HARD_OUTWARD.per_view[1].lattice_harmonic_fraction,0.05022931065827354
variants.PER_CHART.occupancy_angular.HARD_OUTWARD.per_view[1].mode32_relative_to_neighbors,0.999641057849505
variants.PER_CHART.occupancy_angular.HARD_OUTWARD.per_view[1].chart_center_hf_correlation,0.5954064652290769
variants.PER_CHART.occupancy_angular.HARD_OUTWARD.per_view[2].view,2
variants.PER_CHART.occupancy_angular.HARD_OUTWARD.per_view[2].centers,1024
variants.PER_CHART.occupancy_angular.HARD_OUTWARD.per_view[2].modes[0],1
variants.PER_CHART.occupancy_angular.HARD_OUTWARD.per_view[2].modes[1],2
variants.PER_CHART.occupancy_angular.HARD_OUTWARD.per_view[2].modes[2],3
variants.PER_CHART.occupancy_angular.HARD_OUTWARD.per_view[2].modes[3],4
variants.PER_CHART.occupancy_angular.HARD_OUTWARD.per_view[2].modes[4],5
variants.PER_CHART.occupancy_angular.HARD_OUTWARD.per_view[2].modes[5],6
variants.PER_CHART.occupancy_angular.HARD_OUTWARD.per_view[2].modes[6],7
variants.PER_CHART.occupancy_angular.HARD_OUTWARD.per_view[2].modes[7],8
variants.PER_CHART.occupancy_angular.HARD_OUTWARD.per_view[2].modes[8],9
variants.PER_CHART.occupancy_angular.HARD_OUTWARD.per_view[2].modes[9],10
variants.PER_CHART.occupancy_angular.HARD_OUTWARD.per_view[2].modes[10],11
variants.PER_CHART.occupancy_angular.HARD_OUTWARD.per_view[2].modes[11],12
variants.PER_CHART.occupancy_angular.HARD_OUTWARD.per_view[2].modes[12],13
variants.PER_CHART.occupancy_angular.HARD_OUTWARD.per_view[2].modes[13],14
variants.PER_CHART.occupancy_angular.HARD_OUTWARD.per_view[2].modes[14],15
variants.PER_CHART.occupancy_angular.HARD_OUTWARD.per_view[2].modes[15],16
variants.PER_CHART.occupancy_angular.HARD_OUTWARD.per_view[2].modes[16],17
variants.PER_CHART.occupancy_angular.HARD_OUTWARD.per_view[2].modes[17],18
variants.PER_CHART.occupancy_angular.HARD_OUTWARD.per_view[2].modes[18],19
variants.PER_CHART.occupancy_angular.HARD_OUTWARD.per_view[2].modes[19],20
variants.PER_CHART.occupancy_angular.HARD_OUTWARD.per_view[2].modes[20],21
variants.PER_CHART.occupancy_angular.HARD_OUTWARD.per_view[2].modes[21],22
variants.PER_CHART.occupancy_angular.HARD_OUTWARD.per_view[2].modes[22],23
variants.PER_CHART.occupancy_angular.HARD_OUTWARD.per_view[2].modes[23],24
variants.PER_CHART.occupancy_angular.HARD_OUTWARD.per_view[2].modes[24],25
variants.PER_CHART.occupancy_angular.HARD_OUTWARD.per_view[2].modes[25],26
variants.PER_CHART.occupancy_angular.HARD_OUTWARD.per_view[2].modes[26],27
variants.PER_CHART.occupancy_angular.HARD_OUTWARD.per_view[2].modes[27],28
variants.PER_CHART.occupancy_angular.HARD_OUTWARD.per_view[2].modes[28],29
variants.PER_CHART.occupancy_angular.HARD_OUTWARD.per_view[2].modes[29],30
variants.PER_CHART.occupancy_angular.HARD_OUTWARD.per_view[2].modes[30],31
variants.PER_CHART.occupancy_angular.HARD_OUTWARD.per_view[2].modes[31],32
variants.PER_CHART.occupancy_angular.HARD_OUTWARD.per_view[2].modes[32],33
variants.PER_CHART.occupancy_angular.HARD_OUTWARD.per_view[2].modes[33],34
variants.PER_CHART.occupancy_angular.HARD_OUTWARD.per_view[2].modes[34],35
variants.PER_CHART.occupancy_angular.HARD_OUTWARD.per_view[2].modes[35],36
variants.PER_CHART.occupancy_angular.HARD_OUTWARD.per_view[2].modes[36],37
variants.PER_CHART.occupancy_angular.HARD_OUTWARD.per_view[2].modes[37],38
variants.PER_CHART.occupancy_angular.HARD_OUTWARD.per_view[2].modes[38],39
variants.PER_CHART.occupancy_angular.HARD_OUTWARD.per_view[2].modes[39],40
variants.PER_CHART.occupancy_angular.HARD_OUTWARD.per_view[2].modes[40],41
variants.PER_CHART.occupancy_angular.HARD_OUTWARD.per_view[2].modes[41],42
variants.PER_CHART.occupancy_angular.HARD_OUTWARD.per_view[2].modes[42],43
variants.PER_CHART.occupancy_angular.HARD_OUTWARD.per_view[2].modes[43],44
variants.PER_CHART.occupancy_angular.HARD_OUTWARD.per_view[2].modes[44],45
variants.PER_CHART.occupancy_angular.HARD_OUTWARD.per_view[2].modes[45],46
variants.PER_CHART.occupancy_angular.HARD_OUTWARD.per_view[2].modes[46],47
variants.PER_CHART.occupancy_angular.HARD_OUTWARD.per_view[2].modes[47],48
variants.PER_CHART.occupancy_angular.HARD_OUTWARD.per_view[2].modes[48],49
variants.PER_CHART.occupancy_angular.HARD_OUTWARD.per_view[2].modes[49],50
variants.PER_CHART.occupancy_angular.HARD_OUTWARD.per_view[2].modes[50],51
variants.PER_CHART.occupancy_angular.HARD_OUTWARD.per_view[2].modes[51],52
variants.PER_CHART.occupancy_angular.HARD_OUTWARD.per_view[2].modes[52],53
variants.PER_CHART.occupancy_angular.HARD_OUTWARD.per_view[2].modes[53],54
variants.PER_CHART.occupancy_angular.HARD_OUTWARD.per_view[2].modes[54],55
variants.PER_CHART.occupancy_angular.HARD_OUTWARD.per_view[2].modes[55],56
variants.PER_CHART.occupancy_angular.HARD_OUTWARD.per_view[2].modes[56],57
variants.PER_CHART.occupancy_angular.HARD_OUTWARD.per_view[2].modes[57],58
variants.PER_CHART.occupancy_angular.HARD_OUTWARD.per_view[2].modes[58],59
variants.PER_CHART.occupancy_angular.HARD_OUTWARD.per_view[2].modes[59],60
variants.PER_CHART.occupancy_angular.HARD_OUTWARD.per_view[2].modes[60],61
variants.PER_CHART.occupancy_angular.HARD_OUTWARD.per_view[2].modes[61],62
variants.PER_CHART.occupancy_angular.HARD_OUTWARD.per_view[2].modes[62],63
variants.PER_CHART.occupancy_angular.HARD_OUTWARD.per_view[2].modes[63],64
variants.PER_CHART.occupancy_angular.HARD_OUTWARD.per_view[2].angular_power[0],38759.80639161255
variants.PER_CHART.occupancy_angular.HARD_OUTWARD.per_view[2].angular_power[1],27697.146117668668
variants.PER_CHART.occupancy_angular.HARD_OUTWARD.per_view[2].angular_power[2],17347.251089444573
variants.PER_CHART.occupancy_angular.HARD_OUTWARD.per_view[2].angular_power[3],15178.432989800864
variants.PER_CHART.occupancy_angular.HARD_OUTWARD.per_view[2].angular_power[4],11383.91632689819
variants.PER_CHART.occupancy_angular.HARD_OUTWARD.per_view[2].angular_power[5],10659.120183146357
variants.PER_CHART.occupancy_angular.HARD_OUTWARD.per_view[2].angular_power[6],8635.14731658306
variants.PER_CHART.occupancy_angular.HARD_OUTWARD.per_view[2].angular_power[7],8106.810024515567
variants.PER_CHART.occupancy_angular.HARD_OUTWARD.per_view[2].angular_power[8],6776.382789942874
variants.PER_CHART.occupancy_angular.HARD_OUTWARD.per_view[2].angular_power[9],6429.25710210134
variants.PER_CHART.occupancy_angular.HARD_OUTWARD.per_view[2].angular_power[10],5691.134720321331
variants.PER_CHART.occupancy_angular.HARD_OUTWARD.per_view[2].angular_power[11],5412.098611612931
variants.PER_CHART.occupancy_angular.HARD_OUTWARD.per_view[2].angular_power[12],4828.731936731699
variants.PER_CHART.occupancy_angular.HARD_OUTWARD.per_view[2].angular_power[13],4540.989843466577
variants.PER_CHART.occupancy_angular.HARD_OUTWARD.per_view[2].angular_power[14],4162.921775105963
variants.PER_CHART.occupancy_angular.HARD_OUTWARD.per_view[2].angular_power[15],4013.9980460881156
variants.PER_CHART.occupancy_angular.HARD_OUTWARD.per_view[2].angular_power[16],3719.042623696273
variants.PER_CHART.occupancy_angular.HARD_OUTWARD.per_view[2].angular_power[17],3584.8132490312937
variants.PER_CHART.occupancy_angular.HARD_OUTWARD.per_view[2].angular_power[18],3339.923747498803
variants.PER_CHART.occupancy_angular.HARD_OUTWARD.per_view[2].angular_power[19],3214.034129326359
variants.PER_CHART.occupancy_angular.HARD_OUTWARD.per_view[2].angular_power[20],2999.547092290414
variants.PER_CHART.occupancy_angular.HARD_OUTWARD.per_view[2].angular_power[21],2918.6511127985877
variants.PER_CHART.occupancy_angular.HARD_OUTWARD.per_view[2].angular_power[22],2751.778953188791
variants.PER_CHART.occupancy_angular.HARD_OUTWARD.per_view[2].angular_power[23],2648.460736622914
variants.PER_CHART.occupancy_angular.HARD_OUTWARD.per_view[2].angular_power[24],2519.312584097922
variants.PER_CHART.occupancy_angular.HARD_OUTWARD.per_view[2].angular_power[25],2471.3546649988393
variants.PER_CHART.occupancy_angular.HARD_OUTWARD.per_view[2].angular_power[26],2316.956088508085
variants.PER_CHART.occupancy_angular.HARD_OUTWARD.per_view[2].angular_power[27],2250.728830440823
variants.PER_CHART.occupancy_angular.HARD_OUTWARD.per_view[2].angular_power[28],2152.3138146464835
variants.PER_CHART.occupancy_angular.HARD_OUTWARD.per_view[2].angular_power[29],2101.9686903504885
variants.PER_CHART.occupancy_angular.HARD_OUTWARD.per_view[2].angular_power[30],1979.103293575271
variants.PER_CHART.occupancy_angular.HARD_OUTWARD.per_view[2].angular_power[31],1938.359254914136
variants.PER_CHART.occupancy_angular.HARD_OUTWARD.per_view[2].angular_power[32],1846.8704555904735
variants.PER_CHART.occupancy_angular.HARD_OUTWARD.per_view[2].angular_power[33],1820.5673618817057
variants.PER_CHART.occupancy_angular.HARD_OUTWARD.per_view[2].angular_power[34],1741.119752788817
variants.PER_CHART.occupancy_angular.HARD_OUTWARD.per_view[2].angular_power[35],1680.34998768782
variants.PER_CHART.occupancy_angular.HARD_OUTWARD.per_view[2].angular_power[36],1623.8599690006029
variants.PER_CHART.occupancy_angular.HARD_OUTWARD.per_view[2].angular_power[37],1573.4482564955179
variants.PER_CHART.occupancy_angular.HARD_OUTWARD.per_view[2].angular_power[38],1525.9900168334473
variants.PER_CHART.occupancy_angular.HARD_OUTWARD.per_view[2].angular_power[39],1481.6392130816175
variants.PER_CHART.occupancy_angular.HARD_OUTWARD.per_view[2].angular_power[40],1437.2664018854357
variants.PER_CHART.occupancy_angular.HARD_OUTWARD.per_view[2].angular_power[41],1390.1678895889763
variants.PER_CHART.occupancy_angular.HARD_OUTWARD.per_view[2].angular_power[42],1346.2824799667403
variants.PER_CHART.occupancy_angular.HARD_OUTWARD.per_view[2].angular_power[43],1313.3212263185148
variants.PER_CHART.occupancy_angular.HARD_OUTWARD.per_view[2].angular_power[44],1261.329883759353
variants.PER_CHART.occupancy_angular.HARD_OUTWARD.per_view[2].angular_power[45],1247.0159376954423
variants.PER_CHART.occupancy_angular.HARD_OUTWARD.per_view[2].angular_power[46],1183.5119952018995
variants.PER_CHART.occupancy_angular.HARD_OUTWARD.per_view[2].angular_power[47],1180.9606687210355
variants.PER_CHART.occupancy_angular.HARD_OUTWARD.per_view[2].angular_power[48],1118.1391370912393
variants.PER_CHART.occupancy_angular.HARD_OUTWARD.per_view[2].angular_power[49],1099.6277770644997
variants.PER_CHART.occupancy_angular.HARD_OUTWARD.per_view[2].angular_power[50],1050.092894828003
variants.PER_CHART.occupancy_angular.HARD_OUTWARD.per_view[2].angular_power[51],1033.289416516251
variants.PER_CHART.occupancy_angular.HARD_OUTWARD.per_view[2].angular_power[52],1005.9288670263426
variants.PER_CHART.occupancy_angular.HARD_OUTWARD.per_view[2].angular_power[53],980.9831723108496
variants.PER_CHART.occupancy_angular.HARD_OUTWARD.per_view[2].angular_power[54],943.9516933763477
variants.PER_CHART.occupancy_angular.HARD_OUTWARD.per_view[2].angular_power[55],933.2029289781044
variants.PER_CHART.occupancy_angular.HARD_OUTWARD.per_view[2].angular_power[56],902.5620127401976
variants.PER_CHART.occupancy_angular.HARD_OUTWARD.per_view[2].angular_power[57],888.2370500709775
variants.PER_CHART.occupancy_angular.HARD_OUTWARD.per_view[2].angular_power[58],857.6756109473362
variants.PER_CHART.occupancy_angular.HARD_OUTWARD.per_view[2].angular_power[59],835.3119820162461
variants.PER_CHART.occupancy_angular.HARD_OUTWARD.per_view[2].angular_power[60],812.4983523835942
variants.PER_CHART.occupancy_angular.HARD_OUTWARD.per_view[2].angular_power[61],793.8441840093693
variants.PER_CHART.occupancy_angular.HARD_OUTWARD.per_view[2].angular_power[62],778.0425858605865
variants.PER_CHART.occupancy_angular.HARD_OUTWARD.per_view[2].angular_power[63],761.771238769745
variants.PER_CHART.occupancy_angular.HARD_OUTWARD.per_view[2].dominant_mode,1
variants.PER_CHART.occupancy_angular.HARD_OUTWARD.per_view[2].spoke_anisotropy,0.3211155336969005
variants.PER_CHART.occupancy_angular.HARD_OUTWARD.per_view[2].lattice_harmonic_fraction,0.05387100915229416
variants.PER_CHART.occupancy_angular.HARD_OUTWARD.per_view[2].mode32_relative_to_neighbors,0.9989874680734163
variants.PER_CHART.occupancy_angular.HARD_OUTWARD.per_view[2].chart_center_hf_correlation,0.5066851526763793
variants.PER_CHART.occupancy_angular.HARD_OUTWARD.per_view[3].view,3
variants.PER_CHART.occupancy_angular.HARD_OUTWARD.per_view[3].centers,1024
variants.PER_CHART.occupancy_angular.HARD_OUTWARD.per_view[3].modes[0],1
variants.PER_CHART.occupancy_angular.HARD_OUTWARD.per_view[3].modes[1],2
variants.PER_CHART.occupancy_angular.HARD_OUTWARD.per_view[3].modes[2],3
variants.PER_CHART.occupancy_angular.HARD_OUTWARD.per_view[3].modes[3],4
variants.PER_CHART.occupancy_angular.HARD_OUTWARD.per_view[3].modes[4],5
variants.PER_CHART.occupancy_angular.HARD_OUTWARD.per_view[3].modes[5],6
variants.PER_CHART.occupancy_angular.HARD_OUTWARD.per_view[3].modes[6],7
variants.PER_CHART.occupancy_angular.HARD_OUTWARD.per_view[3].modes[7],8
variants.PER_CHART.occupancy_angular.HARD_OUTWARD.per_view[3].modes[8],9
variants.PER_CHART.occupancy_angular.HARD_OUTWARD.per_view[3].modes[9],10
variants.PER_CHART.occupancy_angular.HARD_OUTWARD.per_view[3].modes[10],11
variants.PER_CHART.occupancy_angular.HARD_OUTWARD.per_view[3].modes[11],12
variants.PER_CHART.occupancy_angular.HARD_OUTWARD.per_view[3].modes[12],13
variants.PER_CHART.occupancy_angular.HARD_OUTWARD.per_view[3].modes[13],14
variants.PER_CHART.occupancy_angular.HARD_OUTWARD.per_view[3].modes[14],15
variants.PER_CHART.occupancy_angular.HARD_OUTWARD.per_view[3].modes[15],16
variants.PER_CHART.occupancy_angular.HARD_OUTWARD.per_view[3].modes[16],17
variants.PER_CHART.occupancy_angular.HARD_OUTWARD.per_view[3].modes[17],18
variants.PER_CHART.occupancy_angular.HARD_OUTWARD.per_view[3].modes[18],19
variants.PER_CHART.occupancy_angular.HARD_OUTWARD.per_view[3].modes[19],20
variants.PER_CHART.occupancy_angular.HARD_OUTWARD.per_view[3].modes[20],21
variants.PER_CHART.occupancy_angular.HARD_OUTWARD.per_view[3].modes[21],22
variants.PER_CHART.occupancy_angular.HARD_OUTWARD.per_view[3].modes[22],23
variants.PER_CHART.occupancy_angular.HARD_OUTWARD.per_view[3].modes[23],24
variants.PER_CHART.occupancy_angular.HARD_OUTWARD.per_view[3].modes[24],25
variants.PER_CHART.occupancy_angular.HARD_OUTWARD.per_view[3].modes[25],26
variants.PER_CHART.occupancy_angular.HARD_OUTWARD.per_view[3].modes[26],27
variants.PER_CHART.occupancy_angular.HARD_OUTWARD.per_view[3].modes[27],28
variants.PER_CHART.occupancy_angular.HARD_OUTWARD.per_view[3].modes[28],29
variants.PER_CHART.occupancy_angular.HARD_OUTWARD.per_view[3].modes[29],30
variants.PER_CHART.occupancy_angular.HARD_OUTWARD.per_view[3].modes[30],31
variants.PER_CHART.occupancy_angular.HARD_OUTWARD.per_view[3].modes[31],32
variants.PER_CHART.occupancy_angular.HARD_OUTWARD.per_view[3].modes[32],33
variants.PER_CHART.occupancy_angular.HARD_OUTWARD.per_view[3].modes[33],34
variants.PER_CHART.occupancy_angular.HARD_OUTWARD.per_view[3].modes[34],35
variants.PER_CHART.occupancy_angular.HARD_OUTWARD.per_view[3].modes[35],36
variants.PER_CHART.occupancy_angular.HARD_OUTWARD.per_view[3].modes[36],37
variants.PER_CHART.occupancy_angular.HARD_OUTWARD.per_view[3].modes[37],38
variants.PER_CHART.occupancy_angular.HARD_OUTWARD.per_view[3].modes[38],39
variants.PER_CHART.occupancy_angular.HARD_OUTWARD.per_view[3].modes[39],40
variants.PER_CHART.occupancy_angular.HARD_OUTWARD.per_view[3].modes[40],41
variants.PER_CHART.occupancy_angular.HARD_OUTWARD.per_view[3].modes[41],42
variants.PER_CHART.occupancy_angular.HARD_OUTWARD.per_view[3].modes[42],43
variants.PER_CHART.occupancy_angular.HARD_OUTWARD.per_view[3].modes[43],44
variants.PER_CHART.occupancy_angular.HARD_OUTWARD.per_view[3].modes[44],45
variants.PER_CHART.occupancy_angular.HARD_OUTWARD.per_view[3].modes[45],46
variants.PER_CHART.occupancy_angular.HARD_OUTWARD.per_view[3].modes[46],47
variants.PER_CHART.occupancy_angular.HARD_OUTWARD.per_view[3].modes[47],48
variants.PER_CHART.occupancy_angular.HARD_OUTWARD.per_view[3].modes[48],49
variants.PER_CHART.occupancy_angular.HARD_OUTWARD.per_view[3].modes[49],50
variants.PER_CHART.occupancy_angular.HARD_OUTWARD.per_view[3].modes[50],51
variants.PER_CHART.occupancy_angular.HARD_OUTWARD.per_view[3].modes[51],52
variants.PER_CHART.occupancy_angular.HARD_OUTWARD.per_view[3].modes[52],53
variants.PER_CHART.occupancy_angular.HARD_OUTWARD.per_view[3].modes[53],54
variants.PER_CHART.occupancy_angular.HARD_OUTWARD.per_view[3].modes[54],55
variants.PER_CHART.occupancy_angular.HARD_OUTWARD.per_view[3].modes[55],56
variants.PER_CHART.occupancy_angular.HARD_OUTWARD.per_view[3].modes[56],57
variants.PER_CHART.occupancy_angular.HARD_OUTWARD.per_view[3].modes[57],58
variants.PER_CHART.occupancy_angular.HARD_OUTWARD.per_view[3].modes[58],59
variants.PER_CHART.occupancy_angular.HARD_OUTWARD.per_view[3].modes[59],60
variants.PER_CHART.occupancy_angular.HARD_OUTWARD.per_view[3].modes[60],61
variants.PER_CHART.occupancy_angular.HARD_OUTWARD.per_view[3].modes[61],62
variants.PER_CHART.occupancy_angular.HARD_OUTWARD.per_view[3].modes[62],63
variants.PER_CHART.occupancy_angular.HARD_OUTWARD.per_view[3].modes[63],64
variants.PER_CHART.occupancy_angular.HARD_OUTWARD.per_view[3].angular_power[0],85282.1532105153
variants.PER_CHART.occupancy_angular.HARD_OUTWARD.per_view[3].angular_power[1],61216.359791321454
variants.PER_CHART.occupancy_angular.HARD_OUTWARD.per_view[3].angular_power[2],36042.321709562566
variants.PER_CHART.occupancy_angular.HARD_OUTWARD.per_view[3].angular_power[3],32047.268181264084
variants.PER_CHART.occupancy_angular.HARD_OUTWARD.per_view[3].angular_power[4],23786.909842120895
variants.PER_CHART.occupancy_angular.HARD_OUTWARD.per_view[3].angular_power[5],21145.834788561642
variants.PER_CHART.occupancy_angular.HARD_OUTWARD.per_view[3].angular_power[6],17304.86824880355
variants.PER_CHART.occupancy_angular.HARD_OUTWARD.per_view[3].angular_power[7],15867.528330355597
variants.PER_CHART.occupancy_angular.HARD_OUTWARD.per_view[3].angular_power[8],13446.650014597404
variants.PER_CHART.occupancy_angular.HARD_OUTWARD.per_view[3].angular_power[9],12634.489987904884
variants.PER_CHART.occupancy_angular.HARD_OUTWARD.per_view[3].angular_power[10],11290.273870310064
variants.PER_CHART.occupancy_angular.HARD_OUTWARD.per_view[3].angular_power[11],10483.967427346823
variants.PER_CHART.occupancy_angular.HARD_OUTWARD.per_view[3].angular_power[12],9480.978916265083
variants.PER_CHART.occupancy_angular.HARD_OUTWARD.per_view[3].angular_power[13],9040.76640335513
variants.PER_CHART.occupancy_angular.HARD_OUTWARD.per_view[3].angular_power[14],8236.747846940705
variants.PER_CHART.occupancy_angular.HARD_OUTWARD.per_view[3].angular_power[15],7833.203622742999
variants.PER_CHART.occupancy_angular.HARD_OUTWARD.per_view[3].angular_power[16],7142.535387117418
variants.PER_CHART.occupancy_angular.HARD_OUTWARD.per_view[3].angular_power[17],6750.445931381802
variants.PER_CHART.occupancy_angular.HARD_OUTWARD.per_view[3].angular_power[18],6299.677241421487
variants.PER_CHART.occupancy_angular.HARD_OUTWARD.per_view[3].angular_power[19],5929.258207301389
variants.PER_CHART.occupancy_angular.HARD_OUTWARD.per_view[3].angular_power[20],5607.448152342499
variants.PER_CHART.occupancy_angular.HARD_OUTWARD.per_view[3].angular_power[21],5400.4960812284235
variants.PER_CHART.occupancy_angular.HARD_OUTWARD.per_view[3].angular_power[22],5141.652221714395
variants.PER_CHART.occupancy_angular.HARD_OUTWARD.per_view[3].angular_power[23],4841.8006138095425
variants.PER_CHART.occupancy_angular.HARD_OUTWARD.per_view[3].angular_power[24],4607.722747271404
variants.PER_CHART.occupancy_angular.HARD_OUTWARD.per_view[3].angular_power[25],4439.516923076635
variants.PER_CHART.occupancy_angular.HARD_OUTWARD.per_view[3].angular_power[26],4216.896375322427
variants.PER_CHART.occupancy_angular.HARD_OUTWARD.per_view[3].angular_power[27],4012.8993277745376
variants.PER_CHART.occupancy_angular.HARD_OUTWARD.per_view[3].angular_power[28],3858.111028180039
variants.PER_CHART.occupancy_angular.HARD_OUTWARD.per_view[3].angular_power[29],3635.8482583246637
variants.PER_CHART.occupancy_angular.HARD_OUTWARD.per_view[3].angular_power[30],3540.345356991533
variants.PER_CHART.occupancy_angular.HARD_OUTWARD.per_view[3].angular_power[31],3372.220439768885
variants.PER_CHART.occupancy_angular.HARD_OUTWARD.per_view[3].angular_power[32],3245.4284068557135
variants.PER_CHART.occupancy_angular.HARD_OUTWARD.per_view[3].angular_power[33],3137.7751407603714
variants.PER_CHART.occupancy_angular.HARD_OUTWARD.per_view[3].angular_power[34],3049.3058898823565
variants.PER_CHART.occupancy_angular.HARD_OUTWARD.per_view[3].angular_power[35],2909.733915146871
variants.PER_CHART.occupancy_angular.HARD_OUTWARD.per_view[3].angular_power[36],2796.8229757927925
variants.PER_CHART.occupancy_angular.HARD_OUTWARD.per_view[3].angular_power[37],2726.1282606256764
variants.PER_CHART.occupancy_angular.HARD_OUTWARD.per_view[3].angular_power[38],2611.0114740727577
variants.PER_CHART.occupancy_angular.HARD_OUTWARD.per_view[3].angular_power[39],2496.2889145027834
variants.PER_CHART.occupancy_angular.HARD_OUTWARD.per_view[3].angular_power[40],2457.9249274997833
variants.PER_CHART.occupancy_angular.HARD_OUTWARD.per_view[3].angular_power[41],2355.0748549618693
variants.PER_CHART.occupancy_angular.HARD_OUTWARD.per_view[3].angular_power[42],2265.397447658928
variants.PER_CHART.occupancy_angular.HARD_OUTWARD.per_view[3].angular_power[43],2222.032885653449
variants.PER_CHART.occupancy_angular.HARD_OUTWARD.per_view[3].angular_power[44],2142.0743654550524
variants.PER_CHART.occupancy_angular.HARD_OUTWARD.per_view[3].angular_power[45],2046.035731891497
variants.PER_CHART.occupancy_angular.HARD_OUTWARD.per_view[3].angular_power[46],1996.795929518777
variants.PER_CHART.occupancy_angular.HARD_OUTWARD.per_view[3].angular_power[47],1921.5766409474018
variants.PER_CHART.occupancy_angular.HARD_OUTWARD.per_view[3].angular_power[48],1885.344897991571
variants.PER_CHART.occupancy_angular.HARD_OUTWARD.per_view[3].angular_power[49],1809.5450279364422
variants.PER_CHART.occupancy_angular.HARD_OUTWARD.per_view[3].angular_power[50],1742.129581738599
variants.PER_CHART.occupancy_angular.HARD_OUTWARD.per_view[3].angular_power[51],1705.101527249996
variants.PER_CHART.occupancy_angular.HARD_OUTWARD.per_view[3].angular_power[52],1662.0782588414597
variants.PER_CHART.occupancy_angular.HARD_OUTWARD.per_view[3].angular_power[53],1629.6429009182689
variants.PER_CHART.occupancy_angular.HARD_OUTWARD.per_view[3].angular_power[54],1566.8552476748155
variants.PER_CHART.occupancy_angular.HARD_OUTWARD.per_view[3].angular_power[55],1510.9621995617795
variants.PER_CHART.occupancy_angular.HARD_OUTWARD.per_view[3].angular_power[56],1454.9847630142117
variants.PER_CHART.occupancy_angular.HARD_OUTWARD.per_view[3].angular_power[57],1452.8575854268267
variants.PER_CHART.occupancy_angular.HARD_OUTWARD.per_view[3].angular_power[58],1396.3878172673333
variants.PER_CHART.occupancy_angular.HARD_OUTWARD.per_view[3].angular_power[59],1370.6463208331415
variants.PER_CHART.occupancy_angular.HARD_OUTWARD.per_view[3].angular_power[60],1307.1641922741005
variants.PER_CHART.occupancy_angular.HARD_OUTWARD.per_view[3].angular_power[61],1291.3280590288966
variants.PER_CHART.occupancy_angular.HARD_OUTWARD.per_view[3].angular_power[62],1248.6622416973946
variants.PER_CHART.occupancy_angular.HARD_OUTWARD.per_view[3].angular_power[63],1223.3936299409224
variants.PER_CHART.occupancy_angular.HARD_OUTWARD.per_view[3].dominant_mode,1
variants.PER_CHART.occupancy_angular.HARD_OUTWARD.per_view[3].spoke_anisotropy,0.35200558524333636
variants.PER_CHART.occupancy_angular.HARD_OUTWARD.per_view[3].lattice_harmonic_fraction,0.05220656773254681
variants.PER_CHART.occupancy_angular.HARD_OUTWARD.per_view[3].mode32_relative_to_neighbors,0.9885917055064185
variants.PER_CHART.occupancy_angular.HARD_OUTWARD.per_view[3].chart_center_hf_correlation,0.5637332823829003
variants.PER_CHART.occupancy_angular.HARD_OUTWARD.spoke_anisotropy,0.34166804059607153
variants.PER_CHART.occupancy_angular.HARD_OUTWARD.lattice_harmonic_fraction,0.05247581338491148
variants.PER_CHART.occupancy_angular.HARD_OUTWARD.mode32_relative_to_neighbors,0.9983729332510954
variants.PER_CHART.occupancy_angular.HARD_OUTWARD.chart_center_hf_correlation,0.5525750844172685
variants.PER_CHART.occupancy_angular.NO_OUTWARD_GATE.per_view[0].view,0
variants.PER_CHART.occupancy_angular.NO_OUTWARD_GATE.per_view[0].centers,1024
variants.PER_CHART.occupancy_angular.NO_OUTWARD_GATE.per_view[0].modes[0],1
variants.PER_CHART.occupancy_angular.NO_OUTWARD_GATE.per_view[0].modes[1],2
variants.PER_CHART.occupancy_angular.NO_OUTWARD_GATE.per_view[0].modes[2],3
variants.PER_CHART.occupancy_angular.NO_OUTWARD_GATE.per_view[0].modes[3],4
variants.PER_CHART.occupancy_angular.NO_OUTWARD_GATE.per_view[0].modes[4],5
variants.PER_CHART.occupancy_angular.NO_OUTWARD_GATE.per_view[0].modes[5],6
variants.PER_CHART.occupancy_angular.NO_OUTWARD_GATE.per_view[0].modes[6],7
variants.PER_CHART.occupancy_angular.NO_OUTWARD_GATE.per_view[0].modes[7],8
variants.PER_CHART.occupancy_angular.NO_OUTWARD_GATE.per_view[0].modes[8],9
variants.PER_CHART.occupancy_angular.NO_OUTWARD_GATE.per_view[0].modes[9],10
variants.PER_CHART.occupancy_angular.NO_OUTWARD_GATE.per_view[0].modes[10],11
variants.PER_CHART.occupancy_angular.NO_OUTWARD_GATE.per_view[0].modes[11],12
variants.PER_CHART.occupancy_angular.NO_OUTWARD_GATE.per_view[0].modes[12],13
variants.PER_CHART.occupancy_angular.NO_OUTWARD_GATE.per_view[0].modes[13],14
variants.PER_CHART.occupancy_angular.NO_OUTWARD_GATE.per_view[0].modes[14],15
variants.PER_CHART.occupancy_angular.NO_OUTWARD_GATE.per_view[0].modes[15],16
variants.PER_CHART.occupancy_angular.NO_OUTWARD_GATE.per_view[0].modes[16],17
variants.PER_CHART.occupancy_angular.NO_OUTWARD_GATE.per_view[0].modes[17],18
variants.PER_CHART.occupancy_angular.NO_OUTWARD_GATE.per_view[0].modes[18],19
variants.PER_CHART.occupancy_angular.NO_OUTWARD_GATE.per_view[0].modes[19],20
variants.PER_CHART.occupancy_angular.NO_OUTWARD_GATE.per_view[0].modes[20],21
variants.PER_CHART.occupancy_angular.NO_OUTWARD_GATE.per_view[0].modes[21],22
variants.PER_CHART.occupancy_angular.NO_OUTWARD_GATE.per_view[0].modes[22],23
variants.PER_CHART.occupancy_angular.NO_OUTWARD_GATE.per_view[0].modes[23],24
variants.PER_CHART.occupancy_angular.NO_OUTWARD_GATE.per_view[0].modes[24],25
variants.PER_CHART.occupancy_angular.NO_OUTWARD_GATE.per_view[0].modes[25],26
variants.PER_CHART.occupancy_angular.NO_OUTWARD_GATE.per_view[0].modes[26],27
variants.PER_CHART.occupancy_angular.NO_OUTWARD_GATE.per_view[0].modes[27],28
variants.PER_CHART.occupancy_angular.NO_OUTWARD_GATE.per_view[0].modes[28],29
variants.PER_CHART.occupancy_angular.NO_OUTWARD_GATE.per_view[0].modes[29],30
variants.PER_CHART.occupancy_angular.NO_OUTWARD_GATE.per_view[0].modes[30],31
variants.PER_CHART.occupancy_angular.NO_OUTWARD_GATE.per_view[0].modes[31],32
variants.PER_CHART.occupancy_angular.NO_OUTWARD_GATE.per_view[0].modes[32],33
variants.PER_CHART.occupancy_angular.NO_OUTWARD_GATE.per_view[0].modes[33],34
variants.PER_CHART.occupancy_angular.NO_OUTWARD_GATE.per_view[0].modes[34],35
variants.PER_CHART.occupancy_angular.NO_OUTWARD_GATE.per_view[0].modes[35],36
variants.PER_CHART.occupancy_angular.NO_OUTWARD_GATE.per_view[0].modes[36],37
variants.PER_CHART.occupancy_angular.NO_OUTWARD_GATE.per_view[0].modes[37],38
variants.PER_CHART.occupancy_angular.NO_OUTWARD_GATE.per_view[0].modes[38],39
variants.PER_CHART.occupancy_angular.NO_OUTWARD_GATE.per_view[0].modes[39],40
variants.PER_CHART.occupancy_angular.NO_OUTWARD_GATE.per_view[0].modes[40],41
variants.PER_CHART.occupancy_angular.NO_OUTWARD_GATE.per_view[0].modes[41],42
variants.PER_CHART.occupancy_angular.NO_OUTWARD_GATE.per_view[0].modes[42],43
variants.PER_CHART.occupancy_angular.NO_OUTWARD_GATE.per_view[0].modes[43],44
variants.PER_CHART.occupancy_angular.NO_OUTWARD_GATE.per_view[0].modes[44],45
variants.PER_CHART.occupancy_angular.NO_OUTWARD_GATE.per_view[0].modes[45],46
variants.PER_CHART.occupancy_angular.NO_OUTWARD_GATE.per_view[0].modes[46],47
variants.PER_CHART.occupancy_angular.NO_OUTWARD_GATE.per_view[0].modes[47],48
variants.PER_CHART.occupancy_angular.NO_OUTWARD_GATE.per_view[0].modes[48],49
variants.PER_CHART.occupancy_angular.NO_OUTWARD_GATE.per_view[0].modes[49],50
variants.PER_CHART.occupancy_angular.NO_OUTWARD_GATE.per_view[0].modes[50],51
variants.PER_CHART.occupancy_angular.NO_OUTWARD_GATE.per_view[0].modes[51],52
variants.PER_CHART.occupancy_angular.NO_OUTWARD_GATE.per_view[0].modes[52],53
variants.PER_CHART.occupancy_angular.NO_OUTWARD_GATE.per_view[0].modes[53],54
variants.PER_CHART.occupancy_angular.NO_OUTWARD_GATE.per_view[0].modes[54],55
variants.PER_CHART.occupancy_angular.NO_OUTWARD_GATE.per_view[0].modes[55],56
variants.PER_CHART.occupancy_angular.NO_OUTWARD_GATE.per_view[0].modes[56],57
variants.PER_CHART.occupancy_angular.NO_OUTWARD_GATE.per_view[0].modes[57],58
variants.PER_CHART.occupancy_angular.NO_OUTWARD_GATE.per_view[0].modes[58],59
variants.PER_CHART.occupancy_angular.NO_OUTWARD_GATE.per_view[0].modes[59],60
variants.PER_CHART.occupancy_angular.NO_OUTWARD_GATE.per_view[0].modes[60],61
variants.PER_CHART.occupancy_angular.NO_OUTWARD_GATE.per_view[0].modes[61],62
variants.PER_CHART.occupancy_angular.NO_OUTWARD_GATE.per_view[0].modes[62],63
variants.PER_CHART.occupancy_angular.NO_OUTWARD_GATE.per_view[0].modes[63],64
variants.PER_CHART.occupancy_angular.NO_OUTWARD_GATE.per_view[0].angular_power[0],192736.68159236922
variants.PER_CHART.occupancy_angular.NO_OUTWARD_GATE.per_view[0].angular_power[1],156431.11290590285
variants.PER_CHART.occupancy_angular.NO_OUTWARD_GATE.per_view[0].angular_power[2],83796.76012112026
variants.PER_CHART.occupancy_angular.NO_OUTWARD_GATE.per_view[0].angular_power[3],78120.81199219529
variants.PER_CHART.occupancy_angular.NO_OUTWARD_GATE.per_view[0].angular_power[4],53488.09432137228
variants.PER_CHART.occupancy_angular.NO_OUTWARD_GATE.per_view[0].angular_power[5],51058.079273821175
variants.PER_CHART.occupancy_angular.NO_OUTWARD_GATE.per_view[0].angular_power[6],39324.75234708328
variants.PER_CHART.occupancy_angular.NO_OUTWARD_GATE.per_view[0].angular_power[7],37497.90794117082
variants.PER_CHART.occupancy_angular.NO_OUTWARD_GATE.per_view[0].angular_power[8],30419.372530769775
variants.PER_CHART.occupancy_angular.NO_OUTWARD_GATE.per_view[0].angular_power[9],28582.346166109197
variants.PER_CHART.occupancy_angular.NO_OUTWARD_GATE.per_view[0].angular_power[10],24654.220423327777
variants.PER_CHART.occupancy_angular.NO_OUTWARD_GATE.per_view[0].angular_power[11],23092.277376681595
variants.PER_CHART.occupancy_angular.NO_OUTWARD_GATE.per_view[0].angular_power[12],20821.286652297014
variants.PER_CHART.occupancy_angular.NO_OUTWARD_GATE.per_view[0].angular_power[13],19347.220006704425
variants.PER_CHART.occupancy_angular.NO_OUTWARD_GATE.per_view[0].angular_power[14],17444.291211336524
variants.PER_CHART.occupancy_angular.NO_OUTWARD_GATE.per_view[0].angular_power[15],16476.39858715648
variants.PER_CHART.occupancy_angular.NO_OUTWARD_GATE.per_view[0].angular_power[16],15246.009227701219
variants.PER_CHART.occupancy_angular.NO_OUTWARD_GATE.per_view[0].angular_power[17],14423.834484773894
variants.PER_CHART.occupancy_angular.NO_OUTWARD_GATE.per_view[0].angular_power[18],13468.586301301808
variants.PER_CHART.occupancy_angular.NO_OUTWARD_GATE.per_view[0].angular_power[19],12737.827416923552
variants.PER_CHART.occupancy_angular.NO_OUTWARD_GATE.per_view[0].angular_power[20],11889.26932254349
variants.PER_CHART.occupancy_angular.NO_OUTWARD_GATE.per_view[0].angular_power[21],11302.832563000273
variants.PER_CHART.occupancy_angular.NO_OUTWARD_GATE.per_view[0].angular_power[22],10676.16871835168
variants.PER_CHART.occupancy_angular.NO_OUTWARD_GATE.per_view[0].angular_power[23],10265.381870368084
variants.PER_CHART.occupancy_angular.NO_OUTWARD_GATE.per_view[0].angular_power[24],9460.349587444074
variants.PER_CHART.occupancy_angular.NO_OUTWARD_GATE.per_view[0].angular_power[25],9194.117655983926
variants.PER_CHART.occupancy_angular.NO_OUTWARD_GATE.per_view[0].angular_power[26],8671.314280304321
variants.PER_CHART.occupancy_angular.NO_OUTWARD_GATE.per_view[0].angular_power[27],8414.84311553773
variants.PER_CHART.occupancy_angular.NO_OUTWARD_GATE.per_view[0].angular_power[28],7883.151056748093
variants.PER_CHART.occupancy_angular.NO_OUTWARD_GATE.per_view[0].angular_power[29],7586.2072393456265
variants.PER_CHART.occupancy_angular.NO_OUTWARD_GATE.per_view[0].angular_power[30],7147.169561777129
variants.PER_CHART.occupancy_angular.NO_OUTWARD_GATE.per_view[0].angular_power[31],6982.857521589271
variants.PER_CHART.occupancy_angular.NO_OUTWARD_GATE.per_view[0].angular_power[32],6601.6974950395615
variants.PER_CHART.occupancy_angular.NO_OUTWARD_GATE.per_view[0].angular_power[33],6424.856872758677
variants.PER_CHART.occupancy_angular.NO_OUTWARD_GATE.per_view[0].angular_power[34],6169.468968822767
variants.PER_CHART.occupancy_angular.NO_OUTWARD_GATE.per_view[0].angular_power[35],5932.825898379012
variants.PER_CHART.occupancy_angular.NO_OUTWARD_GATE.per_view[0].angular_power[36],5631.435988045725
variants.PER_CHART.occupancy_angular.NO_OUTWARD_GATE.per_view[0].angular_power[37],5441.386620725495
variants.PER_CHART.occupancy_angular.NO_OUTWARD_GATE.per_view[0].angular_power[38],5316.772888273769
variants.PER_CHART.occupancy_angular.NO_OUTWARD_GATE.per_view[0].angular_power[39],5084.633039663754
variants.PER_CHART.occupancy_angular.NO_OUTWARD_GATE.per_view[0].angular_power[40],4913.936862450475
variants.PER_CHART.occupancy_angular.NO_OUTWARD_GATE.per_view[0].angular_power[41],4768.539871562138
variants.PER_CHART.occupancy_angular.NO_OUTWARD_GATE.per_view[0].angular_power[42],4610.0435204246105
variants.PER_CHART.occupancy_angular.NO_OUTWARD_GATE.per_view[0].angular_power[43],4378.280002921338
variants.PER_CHART.occupancy_angular.NO_OUTWARD_GATE.per_view[0].angular_power[44],4279.511518370514
variants.PER_CHART.occupancy_angular.NO_OUTWARD_GATE.per_view[0].angular_power[45],4115.721851991721
variants.PER_CHART.occupancy_angular.NO_OUTWARD_GATE.per_view[0].angular_power[46],3970.5739590542303
variants.PER_CHART.occupancy_angular.NO_OUTWARD_GATE.per_view[0].angular_power[47],3866.3299558339318
variants.PER_CHART.occupancy_angular.NO_OUTWARD_GATE.per_view[0].angular_power[48],3761.6399881488455
variants.PER_CHART.occupancy_angular.NO_OUTWARD_GATE.per_view[0].angular_power[49],3599.4683994081356
variants.PER_CHART.occupancy_angular.NO_OUTWARD_GATE.per_view[0].angular_power[50],3493.965069130852
variants.PER_CHART.occupancy_angular.NO_OUTWARD_GATE.per_view[0].angular_power[51],3422.726938151982
variants.PER_CHART.occupancy_angular.NO_OUTWARD_GATE.per_view[0].angular_power[52],3246.239780629264
variants.PER_CHART.occupancy_angular.NO_OUTWARD_GATE.per_view[0].angular_power[53],3170.1716667542887
variants.PER_CHART.occupancy_angular.NO_OUTWARD_GATE.per_view[0].angular_power[54],3090.582556684423
variants.PER_CHART.occupancy_angular.NO_OUTWARD_GATE.per_view[0].angular_power[55],3017.9528107125034
variants.PER_CHART.occupancy_angular.NO_OUTWARD_GATE.per_view[0].angular_power[56],2872.999497112808
variants.PER_CHART.occupancy_angular.NO_OUTWARD_GATE.per_view[0].angular_power[57],2803.10198581909
variants.PER_CHART.occupancy_angular.NO_OUTWARD_GATE.per_view[0].angular_power[58],2678.876435627151
variants.PER_CHART.occupancy_angular.NO_OUTWARD_GATE.per_view[0].angular_power[59],2671.640978124141
variants.PER_CHART.occupancy_angular.NO_OUTWARD_GATE.per_view[0].angular_power[60],2546.5193150662362
variants.PER_CHART.occupancy_angular.NO_OUTWARD_GATE.per_view[0].angular_power[61],2485.2892651321495
variants.PER_CHART.occupancy_angular.NO_OUTWARD_GATE.per_view[0].angular_power[62],2420.4388142307994
variants.PER_CHART.occupancy_angular.NO_OUTWARD_GATE.per_view[0].angular_power[63],2368.2939818575496
variants.PER_CHART.occupancy_angular.NO_OUTWARD_GATE.per_view[0].dominant_mode,1
variants.PER_CHART.occupancy_angular.NO_OUTWARD_GATE.per_view[0].spoke_anisotropy,0.3707531236104669
variants.PER_CHART.occupancy_angular.NO_OUTWARD_GATE.per_view[0].lattice_harmonic_fraction,0.05219840455025087
variants.PER_CHART.occupancy_angular.NO_OUTWARD_GATE.per_view[0].mode32_relative_to_neighbors,1.0020231708572453
variants.PER_CHART.occupancy_angular.NO_OUTWARD_GATE.per_view[0].chart_center_hf_correlation,0.5630880707986838
variants.PER_CHART.occupancy_angular.NO_OUTWARD_GATE.per_view[1].view,1
variants.PER_CHART.occupancy_angular.NO_OUTWARD_GATE.per_view[1].centers,1024
variants.PER_CHART.occupancy_angular.NO_OUTWARD_GATE.per_view[1].modes[0],1
variants.PER_CHART.occupancy_angular.NO_OUTWARD_GATE.per_view[1].modes[1],2
variants.PER_CHART.occupancy_angular.NO_OUTWARD_GATE.per_view[1].modes[2],3
variants.PER_CHART.occupancy_angular.NO_OUTWARD_GATE.per_view[1].modes[3],4
variants.PER_CHART.occupancy_angular.NO_OUTWARD_GATE.per_view[1].modes[4],5
variants.PER_CHART.occupancy_angular.NO_OUTWARD_GATE.per_view[1].modes[5],6
variants.PER_CHART.occupancy_angular.NO_OUTWARD_GATE.per_view[1].modes[6],7
variants.PER_CHART.occupancy_angular.NO_OUTWARD_GATE.per_view[1].modes[7],8
variants.PER_CHART.occupancy_angular.NO_OUTWARD_GATE.per_view[1].modes[8],9
variants.PER_CHART.occupancy_angular.NO_OUTWARD_GATE.per_view[1].modes[9],10
variants.PER_CHART.occupancy_angular.NO_OUTWARD_GATE.per_view[1].modes[10],11
variants.PER_CHART.occupancy_angular.NO_OUTWARD_GATE.per_view[1].modes[11],12
variants.PER_CHART.occupancy_angular.NO_OUTWARD_GATE.per_view[1].modes[12],13
variants.PER_CHART.occupancy_angular.NO_OUTWARD_GATE.per_view[1].modes[13],14
variants.PER_CHART.occupancy_angular.NO_OUTWARD_GATE.per_view[1].modes[14],15
variants.PER_CHART.occupancy_angular.NO_OUTWARD_GATE.per_view[1].modes[15],16
variants.PER_CHART.occupancy_angular.NO_OUTWARD_GATE.per_view[1].modes[16],17
variants.PER_CHART.occupancy_angular.NO_OUTWARD_GATE.per_view[1].modes[17],18
variants.PER_CHART.occupancy_angular.NO_OUTWARD_GATE.per_view[1].modes[18],19
variants.PER_CHART.occupancy_angular.NO_OUTWARD_GATE.per_view[1].modes[19],20
variants.PER_CHART.occupancy_angular.NO_OUTWARD_GATE.per_view[1].modes[20],21
variants.PER_CHART.occupancy_angular.NO_OUTWARD_GATE.per_view[1].modes[21],22
variants.PER_CHART.occupancy_angular.NO_OUTWARD_GATE.per_view[1].modes[22],23
variants.PER_CHART.occupancy_angular.NO_OUTWARD_GATE.per_view[1].modes[23],24
variants.PER_CHART.occupancy_angular.NO_OUTWARD_GATE.per_view[1].modes[24],25
variants.PER_CHART.occupancy_angular.NO_OUTWARD_GATE.per_view[1].modes[25],26
variants.PER_CHART.occupancy_angular.NO_OUTWARD_GATE.per_view[1].modes[26],27
variants.PER_CHART.occupancy_angular.NO_OUTWARD_GATE.per_view[1].modes[27],28
variants.PER_CHART.occupancy_angular.NO_OUTWARD_GATE.per_view[1].modes[28],29
variants.PER_CHART.occupancy_angular.NO_OUTWARD_GATE.per_view[1].modes[29],30
variants.PER_CHART.occupancy_angular.NO_OUTWARD_GATE.per_view[1].modes[30],31
variants.PER_CHART.occupancy_angular.NO_OUTWARD_GATE.per_view[1].modes[31],32
variants.PER_CHART.occupancy_angular.NO_OUTWARD_GATE.per_view[1].modes[32],33
variants.PER_CHART.occupancy_angular.NO_OUTWARD_GATE.per_view[1].modes[33],34
variants.PER_CHART.occupancy_angular.NO_OUTWARD_GATE.per_view[1].modes[34],35
variants.PER_CHART.occupancy_angular.NO_OUTWARD_GATE.per_view[1].modes[35],36
variants.PER_CHART.occupancy_angular.NO_OUTWARD_GATE.per_view[1].modes[36],37
variants.PER_CHART.occupancy_angular.NO_OUTWARD_GATE.per_view[1].modes[37],38
variants.PER_CHART.occupancy_angular.NO_OUTWARD_GATE.per_view[1].modes[38],39
variants.PER_CHART.occupancy_angular.NO_OUTWARD_GATE.per_view[1].modes[39],40
variants.PER_CHART.occupancy_angular.NO_OUTWARD_GATE.per_view[1].modes[40],41
variants.PER_CHART.occupancy_angular.NO_OUTWARD_GATE.per_view[1].modes[41],42
variants.PER_CHART.occupancy_angular.NO_OUTWARD_GATE.per_view[1].modes[42],43
variants.PER_CHART.occupancy_angular.NO_OUTWARD_GATE.per_view[1].modes[43],44
variants.PER_CHART.occupancy_angular.NO_OUTWARD_GATE.per_view[1].modes[44],45
variants.PER_CHART.occupancy_angular.NO_OUTWARD_GATE.per_view[1].modes[45],46
variants.PER_CHART.occupancy_angular.NO_OUTWARD_GATE.per_view[1].modes[46],47
variants.PER_CHART.occupancy_angular.NO_OUTWARD_GATE.per_view[1].modes[47],48
variants.PER_CHART.occupancy_angular.NO_OUTWARD_GATE.per_view[1].modes[48],49
variants.PER_CHART.occupancy_angular.NO_OUTWARD_GATE.per_view[1].modes[49],50
variants.PER_CHART.occupancy_angular.NO_OUTWARD_GATE.per_view[1].modes[50],51
variants.PER_CHART.occupancy_angular.NO_OUTWARD_GATE.per_view[1].modes[51],52
variants.PER_CHART.occupancy_angular.NO_OUTWARD_GATE.per_view[1].modes[52],53
variants.PER_CHART.occupancy_angular.NO_OUTWARD_GATE.per_view[1].modes[53],54
variants.PER_CHART.occupancy_angular.NO_OUTWARD_GATE.per_view[1].modes[54],55
variants.PER_CHART.occupancy_angular.NO_OUTWARD_GATE.per_view[1].modes[55],56
variants.PER_CHART.occupancy_angular.NO_OUTWARD_GATE.per_view[1].modes[56],57
variants.PER_CHART.occupancy_angular.NO_OUTWARD_GATE.per_view[1].modes[57],58
variants.PER_CHART.occupancy_angular.NO_OUTWARD_GATE.per_view[1].modes[58],59
variants.PER_CHART.occupancy_angular.NO_OUTWARD_GATE.per_view[1].modes[59],60
variants.PER_CHART.occupancy_angular.NO_OUTWARD_GATE.per_view[1].modes[60],61
variants.PER_CHART.occupancy_angular.NO_OUTWARD_GATE.per_view[1].modes[61],62
variants.PER_CHART.occupancy_angular.NO_OUTWARD_GATE.per_view[1].modes[62],63
variants.PER_CHART.occupancy_angular.NO_OUTWARD_GATE.per_view[1].modes[63],64
variants.PER_CHART.occupancy_angular.NO_OUTWARD_GATE.per_view[1].angular_power[0],246067.14275037378
variants.PER_CHART.occupancy_angular.NO_OUTWARD_GATE.per_view[1].angular_power[1],177303.30545518844
variants.PER_CHART.occupancy_angular.NO_OUTWARD_GATE.per_view[1].angular_power[2],98638.72638959413
variants.PER_CHART.occupancy_angular.NO_OUTWARD_GATE.per_view[1].angular_power[3],82736.07614487332
variants.PER_CHART.occupancy_angular.NO_OUTWARD_GATE.per_view[1].angular_power[4],62281.30314112138
variants.PER_CHART.occupancy_angular.NO_OUTWARD_GATE.per_view[1].angular_power[5],52542.67738898775
variants.PER_CHART.occupancy_angular.NO_OUTWARD_GATE.per_view[1].angular_power[6],43374.97745440795
variants.PER_CHART.occupancy_angular.NO_OUTWARD_GATE.per_view[1].angular_power[7],38078.424251075914
variants.PER_CHART.occupancy_angular.NO_OUTWARD_GATE.per_view[1].angular_power[8],31876.084102940193
variants.PER_CHART.occupancy_angular.NO_OUTWARD_GATE.per_view[1].angular_power[9],29619.4833359943
variants.PER_CHART.occupancy_angular.NO_OUTWARD_GATE.per_view[1].angular_power[10],25833.404687833736
variants.PER_CHART.occupancy_angular.NO_OUTWARD_GATE.per_view[1].angular_power[11],23893.6640373061
variants.PER_CHART.occupancy_angular.NO_OUTWARD_GATE.per_view[1].angular_power[12],21188.17523419365
variants.PER_CHART.occupancy_angular.NO_OUTWARD_GATE.per_view[1].angular_power[13],19333.499893392305
variants.PER_CHART.occupancy_angular.NO_OUTWARD_GATE.per_view[1].angular_power[14],17826.262876476394
variants.PER_CHART.occupancy_angular.NO_OUTWARD_GATE.per_view[1].angular_power[15],16620.313040994486
variants.PER_CHART.occupancy_angular.NO_OUTWARD_GATE.per_view[1].angular_power[16],15308.113806113262
variants.PER_CHART.occupancy_angular.NO_OUTWARD_GATE.per_view[1].angular_power[17],14465.075956278843
variants.PER_CHART.occupancy_angular.NO_OUTWARD_GATE.per_view[1].angular_power[18],13425.01155808058
variants.PER_CHART.occupancy_angular.NO_OUTWARD_GATE.per_view[1].angular_power[19],12584.066576629335
variants.PER_CHART.occupancy_angular.NO_OUTWARD_GATE.per_view[1].angular_power[20],11972.28595450007
variants.PER_CHART.occupancy_angular.NO_OUTWARD_GATE.per_view[1].angular_power[21],11334.49786372272
variants.PER_CHART.occupancy_angular.NO_OUTWARD_GATE.per_view[1].angular_power[22],10592.445833612563
variants.PER_CHART.occupancy_angular.NO_OUTWARD_GATE.per_view[1].angular_power[23],10094.22321515307
variants.PER_CHART.occupancy_angular.NO_OUTWARD_GATE.per_view[1].angular_power[24],9585.952156995501
variants.PER_CHART.occupancy_angular.NO_OUTWARD_GATE.per_view[1].angular_power[25],9108.831173976472
variants.PER_CHART.occupancy_angular.NO_OUTWARD_GATE.per_view[1].angular_power[26],8649.998093064383
variants.PER_CHART.occupancy_angular.NO_OUTWARD_GATE.per_view[1].angular_power[27],8389.398363951057
variants.PER_CHART.occupancy_angular.NO_OUTWARD_GATE.per_view[1].angular_power[28],7905.859805488924
variants.PER_CHART.occupancy_angular.NO_OUTWARD_GATE.per_view[1].angular_power[29],7664.889098907824
variants.PER_CHART.occupancy_angular.NO_OUTWARD_GATE.per_view[1].angular_power[30],7284.846205976055
variants.PER_CHART.occupancy_angular.NO_OUTWARD_GATE.per_view[1].angular_power[31],6946.4036393099905
variants.PER_CHART.occupancy_angular.NO_OUTWARD_GATE.per_view[1].angular_power[32],6730.452065409532
variants.PER_CHART.occupancy_angular.NO_OUTWARD_GATE.per_view[1].angular_power[33],6450.995858247603
variants.PER_CHART.occupancy_angular.NO_OUTWARD_GATE.per_view[1].angular_power[34],6155.387759720924
variants.PER_CHART.occupancy_angular.NO_OUTWARD_GATE.per_view[1].angular_power[35],5961.954712465826
variants.PER_CHART.occupancy_angular.NO_OUTWARD_GATE.per_view[1].angular_power[36],5755.940477105646
variants.PER_CHART.occupancy_angular.NO_OUTWARD_GATE.per_view[1].angular_power[37],5517.9323395798065
variants.PER_CHART.occupancy_angular.NO_OUTWARD_GATE.per_view[1].angular_power[38],5351.8389978370005
variants.PER_CHART.occupancy_angular.NO_OUTWARD_GATE.per_view[1].angular_power[39],5113.270369846104
variants.PER_CHART.occupancy_angular.NO_OUTWARD_GATE.per_view[1].angular_power[40],4896.34200444589
variants.PER_CHART.occupancy_angular.NO_OUTWARD_GATE.per_view[1].angular_power[41],4764.491011782512
variants.PER_CHART.occupancy_angular.NO_OUTWARD_GATE.per_view[1].angular_power[42],4638.659510683119
variants.PER_CHART.occupancy_angular.NO_OUTWARD_GATE.per_view[1].angular_power[43],4459.412480762174
variants.PER_CHART.occupancy_angular.NO_OUTWARD_GATE.per_view[1].angular_power[44],4293.247647167134
variants.PER_CHART.occupancy_angular.NO_OUTWARD_GATE.per_view[1].angular_power[45],4180.374012912318
variants.PER_CHART.occupancy_angular.NO_OUTWARD_GATE.per_view[1].angular_power[46],3998.691307218417
variants.PER_CHART.occupancy_angular.NO_OUTWARD_GATE.per_view[1].angular_power[47],3904.5121154467756
variants.PER_CHART.occupancy_angular.NO_OUTWARD_GATE.per_view[1].angular_power[48],3776.5457433861607
variants.PER_CHART.occupancy_angular.NO_OUTWARD_GATE.per_view[1].angular_power[49],3615.3373113226567
variants.PER_CHART.occupancy_angular.NO_OUTWARD_GATE.per_view[1].angular_power[50],3524.206113677164
variants.PER_CHART.occupancy_angular.NO_OUTWARD_GATE.per_view[1].angular_power[51],3420.3585404590312
variants.PER_CHART.occupancy_angular.NO_OUTWARD_GATE.per_view[1].angular_power[52],3304.983186842805
variants.PER_CHART.occupancy_angular.NO_OUTWARD_GATE.per_view[1].angular_power[53],3201.7886549511404
variants.PER_CHART.occupancy_angular.NO_OUTWARD_GATE.per_view[1].angular_power[54],3106.821498193753
variants.PER_CHART.occupancy_angular.NO_OUTWARD_GATE.per_view[1].angular_power[55],3030.8532107028127
variants.PER_CHART.occupancy_angular.NO_OUTWARD_GATE.per_view[1].angular_power[56],2919.55117390998
variants.PER_CHART.occupancy_angular.NO_OUTWARD_GATE.per_view[1].angular_power[57],2843.8095920737314
variants.PER_CHART.occupancy_angular.NO_OUTWARD_GATE.per_view[1].angular_power[58],2756.969648109235
variants.PER_CHART.occupancy_angular.NO_OUTWARD_GATE.per_view[1].angular_power[59],2675.64908070263
variants.PER_CHART.occupancy_angular.NO_OUTWARD_GATE.per_view[1].angular_power[60],2631.9857403618553
variants.PER_CHART.occupancy_angular.NO_OUTWARD_GATE.per_view[1].angular_power[61],2565.194426572921
variants.PER_CHART.occupancy_angular.NO_OUTWARD_GATE.per_view[1].angular_power[62],2465.531043449064
variants.PER_CHART.occupancy_angular.NO_OUTWARD_GATE.per_view[1].angular_power[63],2434.21029035718
variants.PER_CHART.occupancy_angular.NO_OUTWARD_GATE.per_view[1].dominant_mode,1
variants.PER_CHART.occupancy_angular.NO_OUTWARD_GATE.per_view[1].spoke_anisotropy,0.4068747273504457
variants.PER_CHART.occupancy_angular.NO_OUTWARD_GATE.per_view[1].lattice_harmonic_fraction,0.0480486764018801
variants.PER_CHART.occupancy_angular.NO_OUTWARD_GATE.per_view[1].mode32_relative_to_neighbors,0.987817507827327
variants.PER_CHART.occupancy_angular.NO_OUTWARD_GATE.per_view[1].chart_center_hf_correlation,0.594465882054818
variants.PER_CHART.occupancy_angular.NO_OUTWARD_GATE.per_view[2].view,2
variants.PER_CHART.occupancy_angular.NO_OUTWARD_GATE.per_view[2].centers,1024
variants.PER_CHART.occupancy_angular.NO_OUTWARD_GATE.per_view[2].modes[0],1
variants.PER_CHART.occupancy_angular.NO_OUTWARD_GATE.per_view[2].modes[1],2
variants.PER_CHART.occupancy_angular.NO_OUTWARD_GATE.per_view[2].modes[2],3
variants.PER_CHART.occupancy_angular.NO_OUTWARD_GATE.per_view[2].modes[3],4
variants.PER_CHART.occupancy_angular.NO_OUTWARD_GATE.per_view[2].modes[4],5
variants.PER_CHART.occupancy_angular.NO_OUTWARD_GATE.per_view[2].modes[5],6
variants.PER_CHART.occupancy_angular.NO_OUTWARD_GATE.per_view[2].modes[6],7
variants.PER_CHART.occupancy_angular.NO_OUTWARD_GATE.per_view[2].modes[7],8
variants.PER_CHART.occupancy_angular.NO_OUTWARD_GATE.per_view[2].modes[8],9
variants.PER_CHART.occupancy_angular.NO_OUTWARD_GATE.per_view[2].modes[9],10
variants.PER_CHART.occupancy_angular.NO_OUTWARD_GATE.per_view[2].modes[10],11
variants.PER_CHART.occupancy_angular.NO_OUTWARD_GATE.per_view[2].modes[11],12
variants.PER_CHART.occupancy_angular.NO_OUTWARD_GATE.per_view[2].modes[12],13
variants.PER_CHART.occupancy_angular.NO_OUTWARD_GATE.per_view[2].modes[13],14
variants.PER_CHART.occupancy_angular.NO_OUTWARD_GATE.per_view[2].modes[14],15
variants.PER_CHART.occupancy_angular.NO_OUTWARD_GATE.per_view[2].modes[15],16
variants.PER_CHART.occupancy_angular.NO_OUTWARD_GATE.per_view[2].modes[16],17
variants.PER_CHART.occupancy_angular.NO_OUTWARD_GATE.per_view[2].modes[17],18
variants.PER_CHART.occupancy_angular.NO_OUTWARD_GATE.per_view[2].modes[18],19
variants.PER_CHART.occupancy_angular.NO_OUTWARD_GATE.per_view[2].modes[19],20
variants.PER_CHART.occupancy_angular.NO_OUTWARD_GATE.per_view[2].modes[20],21
variants.PER_CHART.occupancy_angular.NO_OUTWARD_GATE.per_view[2].modes[21],22
variants.PER_CHART.occupancy_angular.NO_OUTWARD_GATE.per_view[2].modes[22],23
variants.PER_CHART.occupancy_angular.NO_OUTWARD_GATE.per_view[2].modes[23],24
variants.PER_CHART.occupancy_angular.NO_OUTWARD_GATE.per_view[2].modes[24],25
variants.PER_CHART.occupancy_angular.NO_OUTWARD_GATE.per_view[2].modes[25],26
variants.PER_CHART.occupancy_angular.NO_OUTWARD_GATE.per_view[2].modes[26],27
variants.PER_CHART.occupancy_angular.NO_OUTWARD_GATE.per_view[2].modes[27],28
variants.PER_CHART.occupancy_angular.NO_OUTWARD_GATE.per_view[2].modes[28],29
variants.PER_CHART.occupancy_angular.NO_OUTWARD_GATE.per_view[2].modes[29],30
variants.PER_CHART.occupancy_angular.NO_OUTWARD_GATE.per_view[2].modes[30],31
variants.PER_CHART.occupancy_angular.NO_OUTWARD_GATE.per_view[2].modes[31],32
variants.PER_CHART.occupancy_angular.NO_OUTWARD_GATE.per_view[2].modes[32],33
variants.PER_CHART.occupancy_angular.NO_OUTWARD_GATE.per_view[2].modes[33],34
variants.PER_CHART.occupancy_angular.NO_OUTWARD_GATE.per_view[2].modes[34],35
variants.PER_CHART.occupancy_angular.NO_OUTWARD_GATE.per_view[2].modes[35],36
variants.PER_CHART.occupancy_angular.NO_OUTWARD_GATE.per_view[2].modes[36],37
variants.PER_CHART.occupancy_angular.NO_OUTWARD_GATE.per_view[2].modes[37],38
variants.PER_CHART.occupancy_angular.NO_OUTWARD_GATE.per_view[2].modes[38],39
variants.PER_CHART.occupancy_angular.NO_OUTWARD_GATE.per_view[2].modes[39],40
variants.PER_CHART.occupancy_angular.NO_OUTWARD_GATE.per_view[2].modes[40],41
variants.PER_CHART.occupancy_angular.NO_OUTWARD_GATE.per_view[2].modes[41],42
variants.PER_CHART.occupancy_angular.NO_OUTWARD_GATE.per_view[2].modes[42],43
variants.PER_CHART.occupancy_angular.NO_OUTWARD_GATE.per_view[2].modes[43],44
variants.PER_CHART.occupancy_angular.NO_OUTWARD_GATE.per_view[2].modes[44],45
variants.PER_CHART.occupancy_angular.NO_OUTWARD_GATE.per_view[2].modes[45],46
variants.PER_CHART.occupancy_angular.NO_OUTWARD_GATE.per_view[2].modes[46],47
variants.PER_CHART.occupancy_angular.NO_OUTWARD_GATE.per_view[2].modes[47],48
variants.PER_CHART.occupancy_angular.NO_OUTWARD_GATE.per_view[2].modes[48],49
variants.PER_CHART.occupancy_angular.NO_OUTWARD_GATE.per_view[2].modes[49],50
variants.PER_CHART.occupancy_angular.NO_OUTWARD_GATE.per_view[2].modes[50],51
variants.PER_CHART.occupancy_angular.NO_OUTWARD_GATE.per_view[2].modes[51],52
variants.PER_CHART.occupancy_angular.NO_OUTWARD_GATE.per_view[2].modes[52],53
variants.PER_CHART.occupancy_angular.NO_OUTWARD_GATE.per_view[2].modes[53],54
variants.PER_CHART.occupancy_angular.NO_OUTWARD_GATE.per_view[2].modes[54],55
variants.PER_CHART.occupancy_angular.NO_OUTWARD_GATE.per_view[2].modes[55],56
variants.PER_CHART.occupancy_angular.NO_OUTWARD_GATE.per_view[2].modes[56],57
variants.PER_CHART.occupancy_angular.NO_OUTWARD_GATE.per_view[2].modes[57],58
variants.PER_CHART.occupancy_angular.NO_OUTWARD_GATE.per_view[2].modes[58],59
variants.PER_CHART.occupancy_angular.NO_OUTWARD_GATE.per_view[2].modes[59],60
variants.PER_CHART.occupancy_angular.NO_OUTWARD_GATE.per_view[2].modes[60],61
variants.PER_CHART.occupancy_angular.NO_OUTWARD_GATE.per_view[2].modes[61],62
variants.PER_CHART.occupancy_angular.NO_OUTWARD_GATE.per_view[2].modes[62],63
variants.PER_CHART.occupancy_angular.NO_OUTWARD_GATE.per_view[2].modes[63],64
variants.PER_CHART.occupancy_angular.NO_OUTWARD_GATE.per_view[2].angular_power[0],117220.31145096071
variants.PER_CHART.occupancy_angular.NO_OUTWARD_GATE.per_view[2].angular_power[1],89357.74734554588
variants.PER_CHART.occupancy_angular.NO_OUTWARD_GATE.per_view[2].angular_power[2],51863.08517673285
variants.PER_CHART.occupancy_angular.NO_OUTWARD_GATE.per_view[2].angular_power[3],46019.04355222337
variants.PER_CHART.occupancy_angular.NO_OUTWARD_GATE.per_view[2].angular_power[4],32920.23322668107
variants.PER_CHART.occupancy_angular.NO_OUTWARD_GATE.per_view[2].angular_power[5],30399.696761318057
variants.PER_CHART.occupancy_angular.NO_OUTWARD_GATE.per_view[2].angular_power[6],24327.206898189048
variants.PER_CHART.occupancy_angular.NO_OUTWARD_GATE.per_view[2].angular_power[7],22105.28122164926
variants.PER_CHART.occupancy_angular.NO_OUTWARD_GATE.per_view[2].angular_power[8],18882.70350553799
variants.PER_CHART.occupancy_angular.NO_OUTWARD_GATE.per_view[2].angular_power[9],17558.096754384424
variants.PER_CHART.occupancy_angular.NO_OUTWARD_GATE.per_view[2].angular_power[10],15359.81955925596
variants.PER_CHART.occupancy_angular.NO_OUTWARD_GATE.per_view[2].angular_power[11],14321.05467839909
variants.PER_CHART.occupancy_angular.NO_OUTWARD_GATE.per_view[2].angular_power[12],12635.14958752157
variants.PER_CHART.occupancy_angular.NO_OUTWARD_GATE.per_view[2].angular_power[13],12067.137670094602
variants.PER_CHART.occupancy_angular.NO_OUTWARD_GATE.per_view[2].angular_power[14],10877.096814221486
variants.PER_CHART.occupancy_angular.NO_OUTWARD_GATE.per_view[2].angular_power[15],10414.648782339007
variants.PER_CHART.occupancy_angular.NO_OUTWARD_GATE.per_view[2].angular_power[16],9583.45521155402
variants.PER_CHART.occupancy_angular.NO_OUTWARD_GATE.per_view[2].angular_power[17],9177.450517821728
variants.PER_CHART.occupancy_angular.NO_OUTWARD_GATE.per_view[2].angular_power[18],8514.937889396182
variants.PER_CHART.occupancy_angular.NO_OUTWARD_GATE.per_view[2].angular_power[19],8089.045156663943
variants.PER_CHART.occupancy_angular.NO_OUTWARD_GATE.per_view[2].angular_power[20],7569.4291066479545
variants.PER_CHART.occupancy_angular.NO_OUTWARD_GATE.per_view[2].angular_power[21],7310.591482352512
variants.PER_CHART.occupancy_angular.NO_OUTWARD_GATE.per_view[2].angular_power[22],6902.888116540089
variants.PER_CHART.occupancy_angular.NO_OUTWARD_GATE.per_view[2].angular_power[23],6573.632680007884
variants.PER_CHART.occupancy_angular.NO_OUTWARD_GATE.per_view[2].angular_power[24],6272.172697746223
variants.PER_CHART.occupancy_angular.NO_OUTWARD_GATE.per_view[2].angular_power[25],6057.118035430653
variants.PER_CHART.occupancy_angular.NO_OUTWARD_GATE.per_view[2].angular_power[26],5712.110579914296
variants.PER_CHART.occupancy_angular.NO_OUTWARD_GATE.per_view[2].angular_power[27],5530.989450662607
variants.PER_CHART.occupancy_angular.NO_OUTWARD_GATE.per_view[2].angular_power[28],5283.470190862427
variants.PER_CHART.occupancy_angular.NO_OUTWARD_GATE.per_view[2].angular_power[29],5075.504366088802
variants.PER_CHART.occupancy_angular.NO_OUTWARD_GATE.per_view[2].angular_power[30],4858.040283996305
variants.PER_CHART.occupancy_angular.NO_OUTWARD_GATE.per_view[2].angular_power[31],4671.67916343205
variants.PER_CHART.occupancy_angular.NO_OUTWARD_GATE.per_view[2].angular_power[32],4488.5794252178885
variants.PER_CHART.occupancy_angular.NO_OUTWARD_GATE.per_view[2].angular_power[33],4362.956763613376
variants.PER_CHART.occupancy_angular.NO_OUTWARD_GATE.per_view[2].angular_power[34],4190.81343468245
variants.PER_CHART.occupancy_angular.NO_OUTWARD_GATE.per_view[2].angular_power[35],4081.8257987282846
variants.PER_CHART.occupancy_angular.NO_OUTWARD_GATE.per_view[2].angular_power[36],3868.2923198584467
variants.PER_CHART.occupancy_angular.NO_OUTWARD_GATE.per_view[2].angular_power[37],3746.5411680098036
variants.PER_CHART.occupancy_angular.NO_OUTWARD_GATE.per_view[2].angular_power[38],3614.5146164740536
variants.PER_CHART.occupancy_angular.NO_OUTWARD_GATE.per_view[2].angular_power[39],3538.1957199017256
variants.PER_CHART.occupancy_angular.NO_OUTWARD_GATE.per_view[2].angular_power[40],3388.0288146060598
variants.PER_CHART.occupancy_angular.NO_OUTWARD_GATE.per_view[2].angular_power[41],3253.9937827374606
variants.PER_CHART.occupancy_angular.NO_OUTWARD_GATE.per_view[2].angular_power[42],3152.574985137446
variants.PER_CHART.occupancy_angular.NO_OUTWARD_GATE.per_view[2].angular_power[43],3049.8063172311427
variants.PER_CHART.occupancy_angular.NO_OUTWARD_GATE.per_view[2].angular_power[44],2943.3667485996875
variants.PER_CHART.occupancy_angular.NO_OUTWARD_GATE.per_view[2].angular_power[45],2870.524826498923
variants.PER_CHART.occupancy_angular.NO_OUTWARD_GATE.per_view[2].angular_power[46],2743.970023265601
variants.PER_CHART.occupancy_angular.NO_OUTWARD_GATE.per_view[2].angular_power[47],2707.5086098758097
variants.PER_CHART.occupancy_angular.NO_OUTWARD_GATE.per_view[2].angular_power[48],2583.715505726728
variants.PER_CHART.occupancy_angular.NO_OUTWARD_GATE.per_view[2].angular_power[49],2550.1521663262556
variants.PER_CHART.occupancy_angular.NO_OUTWARD_GATE.per_view[2].angular_power[50],2430.0807420401993
variants.PER_CHART.occupancy_angular.NO_OUTWARD_GATE.per_view[2].angular_power[51],2400.068463364043
variants.PER_CHART.occupancy_angular.NO_OUTWARD_GATE.per_view[2].angular_power[52],2319.903308772936
variants.PER_CHART.occupancy_angular.NO_OUTWARD_GATE.per_view[2].angular_power[53],2244.513859985938
variants.PER_CHART.occupancy_angular.NO_OUTWARD_GATE.per_view[2].angular_power[54],2179.2348214450026
variants.PER_CHART.occupancy_angular.NO_OUTWARD_GATE.per_view[2].angular_power[55],2146.6209010804755
variants.PER_CHART.occupancy_angular.NO_OUTWARD_GATE.per_view[2].angular_power[56],2072.1633631287086
variants.PER_CHART.occupancy_angular.NO_OUTWARD_GATE.per_view[2].angular_power[57],2004.222501003345
variants.PER_CHART.occupancy_angular.NO_OUTWARD_GATE.per_view[2].angular_power[58],1944.169068147202
variants.PER_CHART.occupancy_angular.NO_OUTWARD_GATE.per_view[2].angular_power[59],1895.9838669120336
variants.PER_CHART.occupancy_angular.NO_OUTWARD_GATE.per_view[2].angular_power[60],1835.371226935306
variants.PER_CHART.occupancy_angular.NO_OUTWARD_GATE.per_view[2].angular_power[61],1783.4692342731764
variants.PER_CHART.occupancy_angular.NO_OUTWARD_GATE.per_view[2].angular_power[62],1746.3697355468555
variants.PER_CHART.occupancy_angular.NO_OUTWARD_GATE.per_view[2].angular_power[63],1700.1919889715339
variants.PER_CHART.occupancy_angular.NO_OUTWARD_GATE.per_view[2].dominant_mode,1
variants.PER_CHART.occupancy_angular.NO_OUTWARD_GATE.per_view[2].spoke_anisotropy,0.3572843869676852
variants.PER_CHART.occupancy_angular.NO_OUTWARD_GATE.per_view[2].lattice_harmonic_fraction,0.05141588942625724
variants.PER_CHART.occupancy_angular.NO_OUTWARD_GATE.per_view[2].mode32_relative_to_neighbors,0.9918862476841154
variants.PER_CHART.occupancy_angular.NO_OUTWARD_GATE.per_view[2].chart_center_hf_correlation,0.48157743454672647
variants.PER_CHART.occupancy_angular.NO_OUTWARD_GATE.per_view[3].view,3
variants.PER_CHART.occupancy_angular.NO_OUTWARD_GATE.per_view[3].centers,1024
variants.PER_CHART.occupancy_angular.NO_OUTWARD_GATE.per_view[3].modes[0],1
variants.PER_CHART.occupancy_angular.NO_OUTWARD_GATE.per_view[3].modes[1],2
variants.PER_CHART.occupancy_angular.NO_OUTWARD_GATE.per_view[3].modes[2],3
variants.PER_CHART.occupancy_angular.NO_OUTWARD_GATE.per_view[3].modes[3],4
variants.PER_CHART.occupancy_angular.NO_OUTWARD_GATE.per_view[3].modes[4],5
variants.PER_CHART.occupancy_angular.NO_OUTWARD_GATE.per_view[3].modes[5],6
variants.PER_CHART.occupancy_angular.NO_OUTWARD_GATE.per_view[3].modes[6],7
variants.PER_CHART.occupancy_angular.NO_OUTWARD_GATE.per_view[3].modes[7],8
variants.PER_CHART.occupancy_angular.NO_OUTWARD_GATE.per_view[3].modes[8],9
variants.PER_CHART.occupancy_angular.NO_OUTWARD_GATE.per_view[3].modes[9],10
variants.PER_CHART.occupancy_angular.NO_OUTWARD_GATE.per_view[3].modes[10],11
variants.PER_CHART.occupancy_angular.NO_OUTWARD_GATE.per_view[3].modes[11],12
variants.PER_CHART.occupancy_angular.NO_OUTWARD_GATE.per_view[3].modes[12],13
variants.PER_CHART.occupancy_angular.NO_OUTWARD_GATE.per_view[3].modes[13],14
variants.PER_CHART.occupancy_angular.NO_OUTWARD_GATE.per_view[3].modes[14],15
variants.PER_CHART.occupancy_angular.NO_OUTWARD_GATE.per_view[3].modes[15],16
variants.PER_CHART.occupancy_angular.NO_OUTWARD_GATE.per_view[3].modes[16],17
variants.PER_CHART.occupancy_angular.NO_OUTWARD_GATE.per_view[3].modes[17],18
variants.PER_CHART.occupancy_angular.NO_OUTWARD_GATE.per_view[3].modes[18],19
variants.PER_CHART.occupancy_angular.NO_OUTWARD_GATE.per_view[3].modes[19],20
variants.PER_CHART.occupancy_angular.NO_OUTWARD_GATE.per_view[3].modes[20],21
variants.PER_CHART.occupancy_angular.NO_OUTWARD_GATE.per_view[3].modes[21],22
variants.PER_CHART.occupancy_angular.NO_OUTWARD_GATE.per_view[3].modes[22],23
variants.PER_CHART.occupancy_angular.NO_OUTWARD_GATE.per_view[3].modes[23],24
variants.PER_CHART.occupancy_angular.NO_OUTWARD_GATE.per_view[3].modes[24],25
variants.PER_CHART.occupancy_angular.NO_OUTWARD_GATE.per_view[3].modes[25],26
variants.PER_CHART.occupancy_angular.NO_OUTWARD_GATE.per_view[3].modes[26],27
variants.PER_CHART.occupancy_angular.NO_OUTWARD_GATE.per_view[3].modes[27],28
variants.PER_CHART.occupancy_angular.NO_OUTWARD_GATE.per_view[3].modes[28],29
variants.PER_CHART.occupancy_angular.NO_OUTWARD_GATE.per_view[3].modes[29],30
variants.PER_CHART.occupancy_angular.NO_OUTWARD_GATE.per_view[3].modes[30],31
variants.PER_CHART.occupancy_angular.NO_OUTWARD_GATE.per_view[3].modes[31],32
variants.PER_CHART.occupancy_angular.NO_OUTWARD_GATE.per_view[3].modes[32],33
variants.PER_CHART.occupancy_angular.NO_OUTWARD_GATE.per_view[3].modes[33],34
variants.PER_CHART.occupancy_angular.NO_OUTWARD_GATE.per_view[3].modes[34],35
variants.PER_CHART.occupancy_angular.NO_OUTWARD_GATE.per_view[3].modes[35],36
variants.PER_CHART.occupancy_angular.NO_OUTWARD_GATE.per_view[3].modes[36],37
variants.PER_CHART.occupancy_angular.NO_OUTWARD_GATE.per_view[3].modes[37],38
variants.PER_CHART.occupancy_angular.NO_OUTWARD_GATE.per_view[3].modes[38],39
variants.PER_CHART.occupancy_angular.NO_OUTWARD_GATE.per_view[3].modes[39],40
variants.PER_CHART.occupancy_angular.NO_OUTWARD_GATE.per_view[3].modes[40],41
variants.PER_CHART.occupancy_angular.NO_OUTWARD_GATE.per_view[3].modes[41],42
variants.PER_CHART.occupancy_angular.NO_OUTWARD_GATE.per_view[3].modes[42],43
variants.PER_CHART.occupancy_angular.NO_OUTWARD_GATE.per_view[3].modes[43],44
variants.PER_CHART.occupancy_angular.NO_OUTWARD_GATE.per_view[3].modes[44],45
variants.PER_CHART.occupancy_angular.NO_OUTWARD_GATE.per_view[3].modes[45],46
variants.PER_CHART.occupancy_angular.NO_OUTWARD_GATE.per_view[3].modes[46],47
variants.PER_CHART.occupancy_angular.NO_OUTWARD_GATE.per_view[3].modes[47],48
variants.PER_CHART.occupancy_angular.NO_OUTWARD_GATE.per_view[3].modes[48],49
variants.PER_CHART.occupancy_angular.NO_OUTWARD_GATE.per_view[3].modes[49],50
variants.PER_CHART.occupancy_angular.NO_OUTWARD_GATE.per_view[3].modes[50],51
variants.PER_CHART.occupancy_angular.NO_OUTWARD_GATE.per_view[3].modes[51],52
variants.PER_CHART.occupancy_angular.NO_OUTWARD_GATE.per_view[3].modes[52],53
variants.PER_CHART.occupancy_angular.NO_OUTWARD_GATE.per_view[3].modes[53],54
variants.PER_CHART.occupancy_angular.NO_OUTWARD_GATE.per_view[3].modes[54],55
variants.PER_CHART.occupancy_angular.NO_OUTWARD_GATE.per_view[3].modes[55],56
variants.PER_CHART.occupancy_angular.NO_OUTWARD_GATE.per_view[3].modes[56],57
variants.PER_CHART.occupancy_angular.NO_OUTWARD_GATE.per_view[3].modes[57],58
variants.PER_CHART.occupancy_angular.NO_OUTWARD_GATE.per_view[3].modes[58],59
variants.PER_CHART.occupancy_angular.NO_OUTWARD_GATE.per_view[3].modes[59],60
variants.PER_CHART.occupancy_angular.NO_OUTWARD_GATE.per_view[3].modes[60],61
variants.PER_CHART.occupancy_angular.NO_OUTWARD_GATE.per_view[3].modes[61],62
variants.PER_CHART.occupancy_angular.NO_OUTWARD_GATE.per_view[3].modes[62],63
variants.PER_CHART.occupancy_angular.NO_OUTWARD_GATE.per_view[3].modes[63],64
variants.PER_CHART.occupancy_angular.NO_OUTWARD_GATE.per_view[3].angular_power[0],273006.6480099554
variants.PER_CHART.occupancy_angular.NO_OUTWARD_GATE.per_view[3].angular_power[1],191555.11607621828
variants.PER_CHART.occupancy_angular.NO_OUTWARD_GATE.per_view[3].angular_power[2],108764.39818628445
variants.PER_CHART.occupancy_angular.NO_OUTWARD_GATE.per_view[3].angular_power[3],95210.66767603786
variants.PER_CHART.occupancy_angular.NO_OUTWARD_GATE.per_view[3].angular_power[4],68168.71585399735
variants.PER_CHART.occupancy_angular.NO_OUTWARD_GATE.per_view[3].angular_power[5],60824.07093787295
variants.PER_CHART.occupancy_angular.NO_OUTWARD_GATE.per_view[3].angular_power[6],48476.84434514618
variants.PER_CHART.occupancy_angular.NO_OUTWARD_GATE.per_view[3].angular_power[7],44488.35447717341
variants.PER_CHART.occupancy_angular.NO_OUTWARD_GATE.per_view[3].angular_power[8],37509.01645045641
variants.PER_CHART.occupancy_angular.NO_OUTWARD_GATE.per_view[3].angular_power[9],34680.950396912325
variants.PER_CHART.occupancy_angular.NO_OUTWARD_GATE.per_view[3].angular_power[10],30577.57733776328
variants.PER_CHART.occupancy_angular.NO_OUTWARD_GATE.per_view[3].angular_power[11],28830.86555152478
variants.PER_CHART.occupancy_angular.NO_OUTWARD_GATE.per_view[3].angular_power[12],25519.492244898003
variants.PER_CHART.occupancy_angular.NO_OUTWARD_GATE.per_view[3].angular_power[13],24423.28923716908
variants.PER_CHART.occupancy_angular.NO_OUTWARD_GATE.per_view[3].angular_power[14],21920.015460503815
variants.PER_CHART.occupancy_angular.NO_OUTWARD_GATE.per_view[3].angular_power[15],21095.57043105701
variants.PER_CHART.occupancy_angular.NO_OUTWARD_GATE.per_view[3].angular_power[16],19054.1263505841
variants.PER_CHART.occupancy_angular.NO_OUTWARD_GATE.per_view[3].angular_power[17],17962.36840823677
variants.PER_CHART.occupancy_angular.NO_OUTWARD_GATE.per_view[3].angular_power[18],16654.93258796646
variants.PER_CHART.occupancy_angular.NO_OUTWARD_GATE.per_view[3].angular_power[19],15908.49717648605
variants.PER_CHART.occupancy_angular.NO_OUTWARD_GATE.per_view[3].angular_power[20],14767.852521351635
variants.PER_CHART.occupancy_angular.NO_OUTWARD_GATE.per_view[3].angular_power[21],13967.667966419964
variants.PER_CHART.occupancy_angular.NO_OUTWARD_GATE.per_view[3].angular_power[22],13259.722231257732
variants.PER_CHART.occupancy_angular.NO_OUTWARD_GATE.per_view[3].angular_power[23],12477.993985628673
variants.PER_CHART.occupancy_angular.NO_OUTWARD_GATE.per_view[3].angular_power[24],11945.159243051487
variants.PER_CHART.occupancy_angular.NO_OUTWARD_GATE.per_view[3].angular_power[25],11349.03844909726
variants.PER_CHART.occupancy_angular.NO_OUTWARD_GATE.per_view[3].angular_power[26],10795.854560926724
variants.PER_CHART.occupancy_angular.NO_OUTWARD_GATE.per_view[3].angular_power[27],10215.203336531089
variants.PER_CHART.occupancy_angular.NO_OUTWARD_GATE.per_view[3].angular_power[28],9833.24589338543
variants.PER_CHART.occupancy_angular.NO_OUTWARD_GATE.per_view[3].angular_power[29],9280.353616757006
variants.PER_CHART.occupancy_angular.NO_OUTWARD_GATE.per_view[3].angular_power[30],9062.177756778792
variants.PER_CHART.occupancy_angular.NO_OUTWARD_GATE.per_view[3].angular_power[31],8497.914183751038
variants.PER_CHART.occupancy_angular.NO_OUTWARD_GATE.per_view[3].angular_power[32],8297.701136525002
variants.PER_CHART.occupancy_angular.NO_OUTWARD_GATE.per_view[3].angular_power[33],7932.7881610948525
variants.PER_CHART.occupancy_angular.NO_OUTWARD_GATE.per_view[3].angular_power[34],7651.579367427152
variants.PER_CHART.occupancy_angular.NO_OUTWARD_GATE.per_view[3].angular_power[35],7380.186192090215
variants.PER_CHART.occupancy_angular.NO_OUTWARD_GATE.per_view[3].angular_power[36],7011.5576929489525
variants.PER_CHART.occupancy_angular.NO_OUTWARD_GATE.per_view[3].angular_power[37],6875.489324673157
variants.PER_CHART.occupancy_angular.NO_OUTWARD_GATE.per_view[3].angular_power[38],6539.024998271772
variants.PER_CHART.occupancy_angular.NO_OUTWARD_GATE.per_view[3].angular_power[39],6230.990116421502
variants.PER_CHART.occupancy_angular.NO_OUTWARD_GATE.per_view[3].angular_power[40],6145.179147226837
variants.PER_CHART.occupancy_angular.NO_OUTWARD_GATE.per_view[3].angular_power[41],5875.932082624182
variants.PER_CHART.occupancy_angular.NO_OUTWARD_GATE.per_view[3].angular_power[42],5646.792397891614
variants.PER_CHART.occupancy_angular.NO_OUTWARD_GATE.per_view[3].angular_power[43],5487.5788114247725
variants.PER_CHART.occupancy_angular.NO_OUTWARD_GATE.per_view[3].angular_power[44],5282.224897345283
variants.PER_CHART.occupancy_angular.NO_OUTWARD_GATE.per_view[3].angular_power[45],5047.147322211573
variants.PER_CHART.occupancy_angular.NO_OUTWARD_GATE.per_view[3].angular_power[46],4927.664399877331
variants.PER_CHART.occupancy_angular.NO_OUTWARD_GATE.per_view[3].angular_power[47],4743.4592057772925
variants.PER_CHART.occupancy_angular.NO_OUTWARD_GATE.per_view[3].angular_power[48],4633.655710605929
variants.PER_CHART.occupancy_angular.NO_OUTWARD_GATE.per_view[3].angular_power[49],4474.922590244411
variants.PER_CHART.occupancy_angular.NO_OUTWARD_GATE.per_view[3].angular_power[50],4241.793353120713
variants.PER_CHART.occupancy_angular.NO_OUTWARD_GATE.per_view[3].angular_power[51],4196.770446864051
variants.PER_CHART.occupancy_angular.NO_OUTWARD_GATE.per_view[3].angular_power[52],3979.036218398147
variants.PER_CHART.occupancy_angular.NO_OUTWARD_GATE.per_view[3].angular_power[53],3955.636534638148
variants.PER_CHART.occupancy_angular.NO_OUTWARD_GATE.per_view[3].angular_power[54],3771.098763916104
variants.PER_CHART.occupancy_angular.NO_OUTWARD_GATE.per_view[3].angular_power[55],3643.8773597216973
variants.PER_CHART.occupancy_angular.NO_OUTWARD_GATE.per_view[3].angular_power[56],3527.5857262972454
variants.PER_CHART.occupancy_angular.NO_OUTWARD_GATE.per_view[3].angular_power[57],3472.77144110467
variants.PER_CHART.occupancy_angular.NO_OUTWARD_GATE.per_view[3].angular_power[58],3343.3241816720283
variants.PER_CHART.occupancy_angular.NO_OUTWARD_GATE.per_view[3].angular_power[59],3240.5013848241015
variants.PER_CHART.occupancy_angular.NO_OUTWARD_GATE.per_view[3].angular_power[60],3159.829454451819
variants.PER_CHART.occupancy_angular.NO_OUTWARD_GATE.per_view[3].angular_power[61],3079.132964317664
variants.PER_CHART.occupancy_angular.NO_OUTWARD_GATE.per_view[3].angular_power[62],2966.32165983699
variants.PER_CHART.occupancy_angular.NO_OUTWARD_GATE.per_view[3].angular_power[63],2933.7536886767452
variants.PER_CHART.occupancy_angular.NO_OUTWARD_GATE.per_view[3].dominant_mode,1
variants.PER_CHART.occupancy_angular.NO_OUTWARD_GATE.per_view[3].spoke_anisotropy,0.38744039434223343
variants.PER_CHART.occupancy_angular.NO_OUTWARD_GATE.per_view[3].lattice_harmonic_fraction,0.05006277201380384
variants.PER_CHART.occupancy_angular.NO_OUTWARD_GATE.per_view[3].mode32_relative_to_neighbors,0.9794390103873909
variants.PER_CHART.occupancy_angular.NO_OUTWARD_GATE.per_view[3].chart_center_hf_correlation,0.5789759431388911
variants.PER_CHART.occupancy_angular.NO_OUTWARD_GATE.spoke_anisotropy,0.38058815806770785
variants.PER_CHART.occupancy_angular.NO_OUTWARD_GATE.lattice_harmonic_fraction,0.05043143559804801
variants.PER_CHART.occupancy_angular.NO_OUTWARD_GATE.mode32_relative_to_neighbors,0.9902914841890196
variants.PER_CHART.occupancy_angular.NO_OUTWARD_GATE.chart_center_hf_correlation,0.5545268326347799
variants.PER_RING.whole_image_mse,17.36285815329218
variants.PER_RING.foreground_mse,1244.070256544961
variants.PER_RING.interior_gt8px_mse,
variants.PER_RING.silhouette_0_8px_mse,99.4074313517798
variants.PER_RING.total_image_energy,5448938.9369086055
variants.PER_RING.foreground_mean_brightness,0.8386535881453755
variants.PER_RING.edge_sharpness,0.32582297098357077
variants.PER_RING.reference_edge_sharpness,2.19512979735671
variants.PER_RING.edge_sharpness_ratio,0.14842993401844123
variants.PER_RING.thin_feature_response_ratio,0.005449135000556491
variants.PER_RING.historical_squared_image_energy,6129238.5
variants.PER_RING.stratification.samples_per_ring,32
variants.PER_RING.stratification.radial_strata,32
variants.PER_RING.stratification.minimum_angular_gap,0.19634954084936132
variants.PER_RING.stratification.rho_digest,042954e8208f199a1ae7c8c3196b1f352006e95882f0356c783835a4a85dcadf
variants.PER_RING.stratification.chart_and_radial_weights_identical,True
variants.PER_RING.stratification.intrinsic_mode32_per_chart_mean,0.021607583277762746
variants.PER_RING.stratification.intrinsic_mode32_across_charts,0.02160758327776276
variants.PER_RING.artifact_metrics.per_view[0].gradient_magnitude_ratio,0.05368493747025549
variants.PER_RING.artifact_metrics.per_view[0].gradient_cosine,0.005393723853807083
variants.PER_RING.artifact_metrics.per_view[0].reference_aligned_gradient_energy,5197.343796207718
variants.PER_RING.artifact_metrics.per_view[0].unmatched_gradient_energy,110458.64659637195
variants.PER_RING.artifact_metrics.per_view[0].excess_hf_weak_reference,0.05310188972169756
variants.PER_RING.artifact_metrics.per_view[0].gradient_squared_error,9.698560003587016
variants.PER_RING.artifact_metrics.per_view[0].weak_reference_pixels,2028939
variants.PER_RING.artifact_metrics.per_view[1].gradient_magnitude_ratio,0.0535491443223167
variants.PER_RING.artifact_metrics.per_view[1].gradient_cosine,0.00376910711812019
variants.PER_RING.artifact_metrics.per_view[1].reference_aligned_gradient_energy,3642.13822188387
variants.PER_RING.artifact_metrics.per_view[1].unmatched_gradient_energy,71352.95058662997
variants.PER_RING.artifact_metrics.per_view[1].excess_hf_weak_reference,0.034114176172503556
variants.PER_RING.artifact_metrics.per_view[1].gradient_squared_error,6.3218107631622855
variants.PER_RING.artifact_metrics.per_view[1].weak_reference_pixels,2032827
variants.PER_RING.artifact_metrics.per_view[2].gradient_magnitude_ratio,0.055362967605611046
variants.PER_RING.artifact_metrics.per_view[2].gradient_cosine,0.0015695263600470995
variants.PER_RING.artifact_metrics.per_view[2].reference_aligned_gradient_energy,5073.249190312351
variants.PER_RING.artifact_metrics.per_view[2].unmatched_gradient_energy,117667.37330197665
variants.PER_RING.artifact_metrics.per_view[2].excess_hf_weak_reference,0.05668669968388069
variants.PER_RING.artifact_metrics.per_view[2].gradient_squared_error,9.683859283251383
variants.PER_RING.artifact_metrics.per_view[2].weak_reference_pixels,2026421
variants.PER_RING.artifact_metrics.per_view[3].gradient_magnitude_ratio,0.05579289903144601
variants.PER_RING.artifact_metrics.per_view[3].gradient_cosine,0.0023636603010364792
variants.PER_RING.artifact_metrics.per_view[3].reference_aligned_gradient_energy,3173.8746816031367
variants.PER_RING.artifact_metrics.per_view[3].unmatched_gradient_energy,69806.62272186208
variants.PER_RING.artifact_metrics.per_view[3].excess_hf_weak_reference,0.03337041068292581
variants.PER_RING.artifact_metrics.per_view[3].gradient_squared_error,5.669301715632329
variants.PER_RING.artifact_metrics.per_view[3].weak_reference_pixels,2038801
variants.PER_RING.artifact_metrics.gradient_magnitude_ratio,0.05459748710740731
variants.PER_RING.artifact_metrics.gradient_cosine,0.003274004408252713
variants.PER_RING.artifact_metrics.reference_aligned_gradient_energy,4271.65147250177
variants.PER_RING.artifact_metrics.unmatched_gradient_energy,92321.39830171017
variants.PER_RING.artifact_metrics.excess_hf_weak_reference,0.0443182940652519
variants.PER_RING.artifact_metrics.gradient_squared_error,7.843382941408254
variants.PER_RING.artifact_metrics.weak_reference_pixels,2031747.0
variants.PER_RING.local_measure.reference_cells,4096
variants.PER_RING.local_measure.mean_absolute_local_mass_error,7.986032869666815e-05
variants.PER_RING.local_measure.normalized_mean_absolute_error,0.32710790634155273
variants.PER_RING.local_measure.p90_local_mass_error,0.00015783309936523438
variants.PER_RING.local_measure.p95_local_mass_error,0.00018918514251708984
variants.PER_RING.local_measure.total_variation_distance,0.16355395317077637
variants.PER_RING.local_measure.thin_feature_region_mass_error,7.911555489227378e-05
variants.PER_RING.local_measure.high_curvature_region_mass_error,8.117384277284145e-05
variants.PER_RING.local_measure.silhouette_near_region_mass_error,7.980952655038888e-05
variants.PER_RING.local_measure.thin_feature_rule,top 18% reference points by world z
variants.PER_RING.local_measure.high_curvature_rule,top quartile eight-neighbor normal variation
variants.PER_RING.local_measure.silhouette_rule,min absolute normal-dot-four-view-direction <= 0.15
variants.PER_RING.local_measure.sampler_mass_sum,1.0
variants.PER_RING.shared_ray_compatible,False
variants.PER_RING.cache_digest,f776c1707c835ef84f43d93620fcee6fe4dc9d56ba040b67af9b9e1884a95adc
variants.PER_RING.weights_digest,d249e421fe414b62f6d1c2d6f54e47ab411bca43f0bea3d83360371ad53f5979
variants.PER_RING.source_mass,9.088634202953163
variants.PER_RING.emitter_count,1048576
variants.PER_RING.runtime.mapping_seconds,18.251245830906555
variants.PER_RING.runtime.mapping_peak_cuda_mib,420.349609375
variants.PER_RING.runtime.transport_seconds,4.018363730981946
variants.PER_RING.runtime.transport_peak_cuda_mib,422.666015625
variants.PER_RING.occupancy_angular.HARD_OUTWARD.per_view[0].view,0
variants.PER_RING.occupancy_angular.HARD_OUTWARD.per_view[0].centers,1024
variants.PER_RING.occupancy_angular.HARD_OUTWARD.per_view[0].modes[0],1
variants.PER_RING.occupancy_angular.HARD_OUTWARD.per_view[0].modes[1],2
variants.PER_RING.occupancy_angular.HARD_OUTWARD.per_view[0].modes[2],3
variants.PER_RING.occupancy_angular.HARD_OUTWARD.per_view[0].modes[3],4
variants.PER_RING.occupancy_angular.HARD_OUTWARD.per_view[0].modes[4],5
variants.PER_RING.occupancy_angular.HARD_OUTWARD.per_view[0].modes[5],6
variants.PER_RING.occupancy_angular.HARD_OUTWARD.per_view[0].modes[6],7
variants.PER_RING.occupancy_angular.HARD_OUTWARD.per_view[0].modes[7],8
variants.PER_RING.occupancy_angular.HARD_OUTWARD.per_view[0].modes[8],9
variants.PER_RING.occupancy_angular.HARD_OUTWARD.per_view[0].modes[9],10
variants.PER_RING.occupancy_angular.HARD_OUTWARD.per_view[0].modes[10],11
variants.PER_RING.occupancy_angular.HARD_OUTWARD.per_view[0].modes[11],12
variants.PER_RING.occupancy_angular.HARD_OUTWARD.per_view[0].modes[12],13
variants.PER_RING.occupancy_angular.HARD_OUTWARD.per_view[0].modes[13],14
variants.PER_RING.occupancy_angular.HARD_OUTWARD.per_view[0].modes[14],15
variants.PER_RING.occupancy_angular.HARD_OUTWARD.per_view[0].modes[15],16
variants.PER_RING.occupancy_angular.HARD_OUTWARD.per_view[0].modes[16],17
variants.PER_RING.occupancy_angular.HARD_OUTWARD.per_view[0].modes[17],18
variants.PER_RING.occupancy_angular.HARD_OUTWARD.per_view[0].modes[18],19
variants.PER_RING.occupancy_angular.HARD_OUTWARD.per_view[0].modes[19],20
variants.PER_RING.occupancy_angular.HARD_OUTWARD.per_view[0].modes[20],21
variants.PER_RING.occupancy_angular.HARD_OUTWARD.per_view[0].modes[21],22
variants.PER_RING.occupancy_angular.HARD_OUTWARD.per_view[0].modes[22],23
variants.PER_RING.occupancy_angular.HARD_OUTWARD.per_view[0].modes[23],24
variants.PER_RING.occupancy_angular.HARD_OUTWARD.per_view[0].modes[24],25
variants.PER_RING.occupancy_angular.HARD_OUTWARD.per_view[0].modes[25],26
variants.PER_RING.occupancy_angular.HARD_OUTWARD.per_view[0].modes[26],27
variants.PER_RING.occupancy_angular.HARD_OUTWARD.per_view[0].modes[27],28
variants.PER_RING.occupancy_angular.HARD_OUTWARD.per_view[0].modes[28],29
variants.PER_RING.occupancy_angular.HARD_OUTWARD.per_view[0].modes[29],30
variants.PER_RING.occupancy_angular.HARD_OUTWARD.per_view[0].modes[30],31
variants.PER_RING.occupancy_angular.HARD_OUTWARD.per_view[0].modes[31],32
variants.PER_RING.occupancy_angular.HARD_OUTWARD.per_view[0].modes[32],33
variants.PER_RING.occupancy_angular.HARD_OUTWARD.per_view[0].modes[33],34
variants.PER_RING.occupancy_angular.HARD_OUTWARD.per_view[0].modes[34],35
variants.PER_RING.occupancy_angular.HARD_OUTWARD.per_view[0].modes[35],36
variants.PER_RING.occupancy_angular.HARD_OUTWARD.per_view[0].modes[36],37
variants.PER_RING.occupancy_angular.HARD_OUTWARD.per_view[0].modes[37],38
variants.PER_RING.occupancy_angular.HARD_OUTWARD.per_view[0].modes[38],39
variants.PER_RING.occupancy_angular.HARD_OUTWARD.per_view[0].modes[39],40
variants.PER_RING.occupancy_angular.HARD_OUTWARD.per_view[0].modes[40],41
variants.PER_RING.occupancy_angular.HARD_OUTWARD.per_view[0].modes[41],42
variants.PER_RING.occupancy_angular.HARD_OUTWARD.per_view[0].modes[42],43
variants.PER_RING.occupancy_angular.HARD_OUTWARD.per_view[0].modes[43],44
variants.PER_RING.occupancy_angular.HARD_OUTWARD.per_view[0].modes[44],45
variants.PER_RING.occupancy_angular.HARD_OUTWARD.per_view[0].modes[45],46
variants.PER_RING.occupancy_angular.HARD_OUTWARD.per_view[0].modes[46],47
variants.PER_RING.occupancy_angular.HARD_OUTWARD.per_view[0].modes[47],48
variants.PER_RING.occupancy_angular.HARD_OUTWARD.per_view[0].modes[48],49
variants.PER_RING.occupancy_angular.HARD_OUTWARD.per_view[0].modes[49],50
variants.PER_RING.occupancy_angular.HARD_OUTWARD.per_view[0].modes[50],51
variants.PER_RING.occupancy_angular.HARD_OUTWARD.per_view[0].modes[51],52
variants.PER_RING.occupancy_angular.HARD_OUTWARD.per_view[0].modes[52],53
variants.PER_RING.occupancy_angular.HARD_OUTWARD.per_view[0].modes[53],54
variants.PER_RING.occupancy_angular.HARD_OUTWARD.per_view[0].modes[54],55
variants.PER_RING.occupancy_angular.HARD_OUTWARD.per_view[0].modes[55],56
variants.PER_RING.occupancy_angular.HARD_OUTWARD.per_view[0].modes[56],57
variants.PER_RING.occupancy_angular.HARD_OUTWARD.per_view[0].modes[57],58
variants.PER_RING.occupancy_angular.HARD_OUTWARD.per_view[0].modes[58],59
variants.PER_RING.occupancy_angular.HARD_OUTWARD.per_view[0].modes[59],60
variants.PER_RING.occupancy_angular.HARD_OUTWARD.per_view[0].modes[60],61
variants.PER_RING.occupancy_angular.HARD_OUTWARD.per_view[0].modes[61],62
variants.PER_RING.occupancy_angular.HARD_OUTWARD.per_view[0].modes[62],63
variants.PER_RING.occupancy_angular.HARD_OUTWARD.per_view[0].modes[63],64
variants.PER_RING.occupancy_angular.HARD_OUTWARD.per_view[0].angular_power[0],59150.187076179005
variants.PER_RING.occupancy_angular.HARD_OUTWARD.per_view[0].angular_power[1],46052.87828997155
variants.PER_RING.occupancy_angular.HARD_OUTWARD.per_view[0].angular_power[2],24762.624404576825
variants.PER_RING.occupancy_angular.HARD_OUTWARD.per_view[0].angular_power[3],22549.451707616256
variants.PER_RING.occupancy_angular.HARD_OUTWARD.per_view[0].angular_power[4],15567.768017751852
variants.PER_RING.occupancy_angular.HARD_OUTWARD.per_view[0].angular_power[5],14616.17798123488
variants.PER_RING.occupancy_angular.HARD_OUTWARD.per_view[0].angular_power[6],11171.886486754709
variants.PER_RING.occupancy_angular.HARD_OUTWARD.per_view[0].angular_power[7],10672.616192295454
variants.PER_RING.occupancy_angular.HARD_OUTWARD.per_view[0].angular_power[8],8799.641949400348
variants.PER_RING.occupancy_angular.HARD_OUTWARD.per_view[0].angular_power[9],8243.330782254667
variants.PER_RING.occupancy_angular.HARD_OUTWARD.per_view[0].angular_power[10],7132.008600194235
variants.PER_RING.occupancy_angular.HARD_OUTWARD.per_view[0].angular_power[11],6610.333005346085
variants.PER_RING.occupancy_angular.HARD_OUTWARD.per_view[0].angular_power[12],6002.805927977425
variants.PER_RING.occupancy_angular.HARD_OUTWARD.per_view[0].angular_power[13],5562.318576535791
variants.PER_RING.occupancy_angular.HARD_OUTWARD.per_view[0].angular_power[14],5006.242520956019
variants.PER_RING.occupancy_angular.HARD_OUTWARD.per_view[0].angular_power[15],4784.702205703788
variants.PER_RING.occupancy_angular.HARD_OUTWARD.per_view[0].angular_power[16],4365.4781218959015
variants.PER_RING.occupancy_angular.HARD_OUTWARD.per_view[0].angular_power[17],4144.513020320637
variants.PER_RING.occupancy_angular.HARD_OUTWARD.per_view[0].angular_power[18],3866.861912810819
variants.PER_RING.occupancy_angular.HARD_OUTWARD.per_view[0].angular_power[19],3662.392435863709
variants.PER_RING.occupancy_angular.HARD_OUTWARD.per_view[0].angular_power[20],3347.344683473057
variants.PER_RING.occupancy_angular.HARD_OUTWARD.per_view[0].angular_power[21],3234.963094659405
variants.PER_RING.occupancy_angular.HARD_OUTWARD.per_view[0].angular_power[22],3031.433999397003
variants.PER_RING.occupancy_angular.HARD_OUTWARD.per_view[0].angular_power[23],2915.2290764465856
variants.PER_RING.occupancy_angular.HARD_OUTWARD.per_view[0].angular_power[24],2725.6280736745543
variants.PER_RING.occupancy_angular.HARD_OUTWARD.per_view[0].angular_power[25],2634.6540322452743
variants.PER_RING.occupancy_angular.HARD_OUTWARD.per_view[0].angular_power[26],2486.4897862984944
variants.PER_RING.occupancy_angular.HARD_OUTWARD.per_view[0].angular_power[27],2401.2769276510676
variants.PER_RING.occupancy_angular.HARD_OUTWARD.per_view[0].angular_power[28],2266.3399576088855
variants.PER_RING.occupancy_angular.HARD_OUTWARD.per_view[0].angular_power[29],2213.1109589402467
variants.PER_RING.occupancy_angular.HARD_OUTWARD.per_view[0].angular_power[30],2059.5176767881867
variants.PER_RING.occupancy_angular.HARD_OUTWARD.per_view[0].angular_power[31],2040.7229516802481
variants.PER_RING.occupancy_angular.HARD_OUTWARD.per_view[0].angular_power[32],1918.0362017532254
variants.PER_RING.occupancy_angular.HARD_OUTWARD.per_view[0].angular_power[33],1886.4113354753479
variants.PER_RING.occupancy_angular.HARD_OUTWARD.per_view[0].angular_power[34],1777.450003458436
variants.PER_RING.occupancy_angular.HARD_OUTWARD.per_view[0].angular_power[35],1743.4614662576548
variants.PER_RING.occupancy_angular.HARD_OUTWARD.per_view[0].angular_power[36],1661.9722211744036
variants.PER_RING.occupancy_angular.HARD_OUTWARD.per_view[0].angular_power[37],1630.1350063306875
variants.PER_RING.occupancy_angular.HARD_OUTWARD.per_view[0].angular_power[38],1571.0937984162827
variants.PER_RING.occupancy_angular.HARD_OUTWARD.per_view[0].angular_power[39],1531.479006295433
variants.PER_RING.occupancy_angular.HARD_OUTWARD.per_view[0].angular_power[40],1480.6883403761383
variants.PER_RING.occupancy_angular.HARD_OUTWARD.per_view[0].angular_power[41],1426.4081285099583
variants.PER_RING.occupancy_angular.HARD_OUTWARD.per_view[0].angular_power[42],1388.0287601437258
variants.PER_RING.occupancy_angular.HARD_OUTWARD.per_view[0].angular_power[43],1343.226080909454
variants.PER_RING.occupancy_angular.HARD_OUTWARD.per_view[0].angular_power[44],1301.9636541245682
variants.PER_RING.occupancy_angular.HARD_OUTWARD.per_view[0].angular_power[45],1276.6437164498518
variants.PER_RING.occupancy_angular.HARD_OUTWARD.per_view[0].angular_power[46],1242.326505147753
variants.PER_RING.occupancy_angular.HARD_OUTWARD.per_view[0].angular_power[47],1223.0459424113578
variants.PER_RING.occupancy_angular.HARD_OUTWARD.per_view[0].angular_power[48],1180.2594607783349
variants.PER_RING.occupancy_angular.HARD_OUTWARD.per_view[0].angular_power[49],1148.6978005990654
variants.PER_RING.occupancy_angular.HARD_OUTWARD.per_view[0].angular_power[50],1119.8972391026189
variants.PER_RING.occupancy_angular.HARD_OUTWARD.per_view[0].angular_power[51],1106.1343102286287
variants.PER_RING.occupancy_angular.HARD_OUTWARD.per_view[0].angular_power[52],1073.8420735169213
variants.PER_RING.occupancy_angular.HARD_OUTWARD.per_view[0].angular_power[53],1049.9277462558919
variants.PER_RING.occupancy_angular.HARD_OUTWARD.per_view[0].angular_power[54],1019.3065497049604
variants.PER_RING.occupancy_angular.HARD_OUTWARD.per_view[0].angular_power[55],1006.2155503153613
variants.PER_RING.occupancy_angular.HARD_OUTWARD.per_view[0].angular_power[56],970.5164147776238
variants.PER_RING.occupancy_angular.HARD_OUTWARD.per_view[0].angular_power[57],964.6416119667022
variants.PER_RING.occupancy_angular.HARD_OUTWARD.per_view[0].angular_power[58],935.8888037098133
variants.PER_RING.occupancy_angular.HARD_OUTWARD.per_view[0].angular_power[59],916.5835288545486
variants.PER_RING.occupancy_angular.HARD_OUTWARD.per_view[0].angular_power[60],885.721718065261
variants.PER_RING.occupancy_angular.HARD_OUTWARD.per_view[0].angular_power[61],875.0155373412875
variants.PER_RING.occupancy_angular.HARD_OUTWARD.per_view[0].angular_power[62],857.7421128834721
variants.PER_RING.occupancy_angular.HARD_OUTWARD.per_view[0].angular_power[63],852.7658345236742
variants.PER_RING.occupancy_angular.HARD_OUTWARD.per_view[0].dominant_mode,1
variants.PER_RING.occupancy_angular.HARD_OUTWARD.per_view[0].spoke_anisotropy,0.37731753998150913
variants.PER_RING.occupancy_angular.HARD_OUTWARD.per_view[0].lattice_harmonic_fraction,0.050800468402106336
variants.PER_RING.occupancy_angular.HARD_OUTWARD.per_view[0].mode32_relative_to_neighbors,1.0101866957931795
variants.PER_RING.occupancy_angular.HARD_OUTWARD.per_view[0].chart_center_hf_correlation,0.5011250934122329
variants.PER_RING.occupancy_angular.HARD_OUTWARD.per_view[1].view,1
variants.PER_RING.occupancy_angular.HARD_OUTWARD.per_view[1].centers,1024
variants.PER_RING.occupancy_angular.HARD_OUTWARD.per_view[1].modes[0],1
variants.PER_RING.occupancy_angular.HARD_OUTWARD.per_view[1].modes[1],2
variants.PER_RING.occupancy_angular.HARD_OUTWARD.per_view[1].modes[2],3
variants.PER_RING.occupancy_angular.HARD_OUTWARD.per_view[1].modes[3],4
variants.PER_RING.occupancy_angular.HARD_OUTWARD.per_view[1].modes[4],5
variants.PER_RING.occupancy_angular.HARD_OUTWARD.per_view[1].modes[5],6
variants.PER_RING.occupancy_angular.HARD_OUTWARD.per_view[1].modes[6],7
variants.PER_RING.occupancy_angular.HARD_OUTWARD.per_view[1].modes[7],8
variants.PER_RING.occupancy_angular.HARD_OUTWARD.per_view[1].modes[8],9
variants.PER_RING.occupancy_angular.HARD_OUTWARD.per_view[1].modes[9],10
variants.PER_RING.occupancy_angular.HARD_OUTWARD.per_view[1].modes[10],11
variants.PER_RING.occupancy_angular.HARD_OUTWARD.per_view[1].modes[11],12
variants.PER_RING.occupancy_angular.HARD_OUTWARD.per_view[1].modes[12],13
variants.PER_RING.occupancy_angular.HARD_OUTWARD.per_view[1].modes[13],14
variants.PER_RING.occupancy_angular.HARD_OUTWARD.per_view[1].modes[14],15
variants.PER_RING.occupancy_angular.HARD_OUTWARD.per_view[1].modes[15],16
variants.PER_RING.occupancy_angular.HARD_OUTWARD.per_view[1].modes[16],17
variants.PER_RING.occupancy_angular.HARD_OUTWARD.per_view[1].modes[17],18
variants.PER_RING.occupancy_angular.HARD_OUTWARD.per_view[1].modes[18],19
variants.PER_RING.occupancy_angular.HARD_OUTWARD.per_view[1].modes[19],20
variants.PER_RING.occupancy_angular.HARD_OUTWARD.per_view[1].modes[20],21
variants.PER_RING.occupancy_angular.HARD_OUTWARD.per_view[1].modes[21],22
variants.PER_RING.occupancy_angular.HARD_OUTWARD.per_view[1].modes[22],23
variants.PER_RING.occupancy_angular.HARD_OUTWARD.per_view[1].modes[23],24
variants.PER_RING.occupancy_angular.HARD_OUTWARD.per_view[1].modes[24],25
variants.PER_RING.occupancy_angular.HARD_OUTWARD.per_view[1].modes[25],26
variants.PER_RING.occupancy_angular.HARD_OUTWARD.per_view[1].modes[26],27
variants.PER_RING.occupancy_angular.HARD_OUTWARD.per_view[1].modes[27],28
variants.PER_RING.occupancy_angular.HARD_OUTWARD.per_view[1].modes[28],29
variants.PER_RING.occupancy_angular.HARD_OUTWARD.per_view[1].modes[29],30
variants.PER_RING.occupancy_angular.HARD_OUTWARD.per_view[1].modes[30],31
variants.PER_RING.occupancy_angular.HARD_OUTWARD.per_view[1].modes[31],32
variants.PER_RING.occupancy_angular.HARD_OUTWARD.per_view[1].modes[32],33
variants.PER_RING.occupancy_angular.HARD_OUTWARD.per_view[1].modes[33],34
variants.PER_RING.occupancy_angular.HARD_OUTWARD.per_view[1].modes[34],35
variants.PER_RING.occupancy_angular.HARD_OUTWARD.per_view[1].modes[35],36
variants.PER_RING.occupancy_angular.HARD_OUTWARD.per_view[1].modes[36],37
variants.PER_RING.occupancy_angular.HARD_OUTWARD.per_view[1].modes[37],38
variants.PER_RING.occupancy_angular.HARD_OUTWARD.per_view[1].modes[38],39
variants.PER_RING.occupancy_angular.HARD_OUTWARD.per_view[1].modes[39],40
variants.PER_RING.occupancy_angular.HARD_OUTWARD.per_view[1].modes[40],41
variants.PER_RING.occupancy_angular.HARD_OUTWARD.per_view[1].modes[41],42
variants.PER_RING.occupancy_angular.HARD_OUTWARD.per_view[1].modes[42],43
variants.PER_RING.occupancy_angular.HARD_OUTWARD.per_view[1].modes[43],44
variants.PER_RING.occupancy_angular.HARD_OUTWARD.per_view[1].modes[44],45
variants.PER_RING.occupancy_angular.HARD_OUTWARD.per_view[1].modes[45],46
variants.PER_RING.occupancy_angular.HARD_OUTWARD.per_view[1].modes[46],47
variants.PER_RING.occupancy_angular.HARD_OUTWARD.per_view[1].modes[47],48
variants.PER_RING.occupancy_angular.HARD_OUTWARD.per_view[1].modes[48],49
variants.PER_RING.occupancy_angular.HARD_OUTWARD.per_view[1].modes[49],50
variants.PER_RING.occupancy_angular.HARD_OUTWARD.per_view[1].modes[50],51
variants.PER_RING.occupancy_angular.HARD_OUTWARD.per_view[1].modes[51],52
variants.PER_RING.occupancy_angular.HARD_OUTWARD.per_view[1].modes[52],53
variants.PER_RING.occupancy_angular.HARD_OUTWARD.per_view[1].modes[53],54
variants.PER_RING.occupancy_angular.HARD_OUTWARD.per_view[1].modes[54],55
variants.PER_RING.occupancy_angular.HARD_OUTWARD.per_view[1].modes[55],56
variants.PER_RING.occupancy_angular.HARD_OUTWARD.per_view[1].modes[56],57
variants.PER_RING.occupancy_angular.HARD_OUTWARD.per_view[1].modes[57],58
variants.PER_RING.occupancy_angular.HARD_OUTWARD.per_view[1].modes[58],59
variants.PER_RING.occupancy_angular.HARD_OUTWARD.per_view[1].modes[59],60
variants.PER_RING.occupancy_angular.HARD_OUTWARD.per_view[1].modes[60],61
variants.PER_RING.occupancy_angular.HARD_OUTWARD.per_view[1].modes[61],62
variants.PER_RING.occupancy_angular.HARD_OUTWARD.per_view[1].modes[62],63
variants.PER_RING.occupancy_angular.HARD_OUTWARD.per_view[1].modes[63],64
variants.PER_RING.occupancy_angular.HARD_OUTWARD.per_view[1].angular_power[0],63705.39389437581
variants.PER_RING.occupancy_angular.HARD_OUTWARD.per_view[1].angular_power[1],44225.954162296104
variants.PER_RING.occupancy_angular.HARD_OUTWARD.per_view[1].angular_power[2],25216.630317423565
variants.PER_RING.occupancy_angular.HARD_OUTWARD.per_view[1].angular_power[3],20858.09620494496
variants.PER_RING.occupancy_angular.HARD_OUTWARD.per_view[1].angular_power[4],15930.060366046016
variants.PER_RING.occupancy_angular.HARD_OUTWARD.per_view[1].angular_power[5],13082.847991997556
variants.PER_RING.occupancy_angular.HARD_OUTWARD.per_view[1].angular_power[6],10937.76405959852
variants.PER_RING.occupancy_angular.HARD_OUTWARD.per_view[1].angular_power[7],9492.366535521476
variants.PER_RING.occupancy_angular.HARD_OUTWARD.per_view[1].angular_power[8],8039.094132959616
variants.PER_RING.occupancy_angular.HARD_OUTWARD.per_view[1].angular_power[9],7422.254730557799
variants.PER_RING.occupancy_angular.HARD_OUTWARD.per_view[1].angular_power[10],6481.00384978741
variants.PER_RING.occupancy_angular.HARD_OUTWARD.per_view[1].angular_power[11],5970.3833395012425
variants.PER_RING.occupancy_angular.HARD_OUTWARD.per_view[1].angular_power[12],5391.935665715832
variants.PER_RING.occupancy_angular.HARD_OUTWARD.per_view[1].angular_power[13],4908.543857129678
variants.PER_RING.occupancy_angular.HARD_OUTWARD.per_view[1].angular_power[14],4549.185261702003
variants.PER_RING.occupancy_angular.HARD_OUTWARD.per_view[1].angular_power[15],4283.33217809738
variants.PER_RING.occupancy_angular.HARD_OUTWARD.per_view[1].angular_power[16],3932.6853207535924
variants.PER_RING.occupancy_angular.HARD_OUTWARD.per_view[1].angular_power[17],3709.5173598337956
variants.PER_RING.occupancy_angular.HARD_OUTWARD.per_view[1].angular_power[18],3445.5170940793787
variants.PER_RING.occupancy_angular.HARD_OUTWARD.per_view[1].angular_power[19],3257.3205271321635
variants.PER_RING.occupancy_angular.HARD_OUTWARD.per_view[1].angular_power[20],3074.9416949378724
variants.PER_RING.occupancy_angular.HARD_OUTWARD.per_view[1].angular_power[21],2967.241251439247
variants.PER_RING.occupancy_angular.HARD_OUTWARD.per_view[1].angular_power[22],2732.5332739656833
variants.PER_RING.occupancy_angular.HARD_OUTWARD.per_view[1].angular_power[23],2617.3272071324063
variants.PER_RING.occupancy_angular.HARD_OUTWARD.per_view[1].angular_power[24],2520.9982259604226
variants.PER_RING.occupancy_angular.HARD_OUTWARD.per_view[1].angular_power[25],2377.699176537709
variants.PER_RING.occupancy_angular.HARD_OUTWARD.per_view[1].angular_power[26],2272.181535464321
variants.PER_RING.occupancy_angular.HARD_OUTWARD.per_view[1].angular_power[27],2197.332652901906
variants.PER_RING.occupancy_angular.HARD_OUTWARD.per_view[1].angular_power[28],2093.672758254651
variants.PER_RING.occupancy_angular.HARD_OUTWARD.per_view[1].angular_power[29],2026.7426107693889
variants.PER_RING.occupancy_angular.HARD_OUTWARD.per_view[1].angular_power[30],1902.0872771943255
variants.PER_RING.occupancy_angular.HARD_OUTWARD.per_view[1].angular_power[31],1844.5250839823516
variants.PER_RING.occupancy_angular.HARD_OUTWARD.per_view[1].angular_power[32],1781.4845437433687
variants.PER_RING.occupancy_angular.HARD_OUTWARD.per_view[1].angular_power[33],1698.9548593702398
variants.PER_RING.occupancy_angular.HARD_OUTWARD.per_view[1].angular_power[34],1661.066021162214
variants.PER_RING.occupancy_angular.HARD_OUTWARD.per_view[1].angular_power[35],1605.4388214312805
variants.PER_RING.occupancy_angular.HARD_OUTWARD.per_view[1].angular_power[36],1549.3214491255478
variants.PER_RING.occupancy_angular.HARD_OUTWARD.per_view[1].angular_power[37],1517.302516928969
variants.PER_RING.occupancy_angular.HARD_OUTWARD.per_view[1].angular_power[38],1456.1371198504055
variants.PER_RING.occupancy_angular.HARD_OUTWARD.per_view[1].angular_power[39],1430.0196002773273
variants.PER_RING.occupancy_angular.HARD_OUTWARD.per_view[1].angular_power[40],1349.0338292853048
variants.PER_RING.occupancy_angular.HARD_OUTWARD.per_view[1].angular_power[41],1334.7711833349492
variants.PER_RING.occupancy_angular.HARD_OUTWARD.per_view[1].angular_power[42],1290.7006919034493
variants.PER_RING.occupancy_angular.HARD_OUTWARD.per_view[1].angular_power[43],1251.7947065902608
variants.PER_RING.occupancy_angular.HARD_OUTWARD.per_view[1].angular_power[44],1227.6526868413503
variants.PER_RING.occupancy_angular.HARD_OUTWARD.per_view[1].angular_power[45],1210.3455885750013
variants.PER_RING.occupancy_angular.HARD_OUTWARD.per_view[1].angular_power[46],1154.648254247761
variants.PER_RING.occupancy_angular.HARD_OUTWARD.per_view[1].angular_power[47],1140.7011492840004
variants.PER_RING.occupancy_angular.HARD_OUTWARD.per_view[1].angular_power[48],1102.4774294092936
variants.PER_RING.occupancy_angular.HARD_OUTWARD.per_view[1].angular_power[49],1077.0918150326274
variants.PER_RING.occupancy_angular.HARD_OUTWARD.per_view[1].angular_power[50],1040.4698221733506
variants.PER_RING.occupancy_angular.HARD_OUTWARD.per_view[1].angular_power[51],1026.6999684755187
variants.PER_RING.occupancy_angular.HARD_OUTWARD.per_view[1].angular_power[52],999.1507016276728
variants.PER_RING.occupancy_angular.HARD_OUTWARD.per_view[1].angular_power[53],978.7998467238134
variants.PER_RING.occupancy_angular.HARD_OUTWARD.per_view[1].angular_power[54],956.4609723648188
variants.PER_RING.occupancy_angular.HARD_OUTWARD.per_view[1].angular_power[55],945.780548457544
variants.PER_RING.occupancy_angular.HARD_OUTWARD.per_view[1].angular_power[56],912.8370509919391
variants.PER_RING.occupancy_angular.HARD_OUTWARD.per_view[1].angular_power[57],896.8144943391486
variants.PER_RING.occupancy_angular.HARD_OUTWARD.per_view[1].angular_power[58],870.1664228171871
variants.PER_RING.occupancy_angular.HARD_OUTWARD.per_view[1].angular_power[59],847.2734537161597
variants.PER_RING.occupancy_angular.HARD_OUTWARD.per_view[1].angular_power[60],828.8910893388353
variants.PER_RING.occupancy_angular.HARD_OUTWARD.per_view[1].angular_power[61],819.8401893392944
variants.PER_RING.occupancy_angular.HARD_OUTWARD.per_view[1].angular_power[62],806.2903128568576
variants.PER_RING.occupancy_angular.HARD_OUTWARD.per_view[1].angular_power[63],787.3680317632046
variants.PER_RING.occupancy_angular.HARD_OUTWARD.per_view[1].dominant_mode,1
variants.PER_RING.occupancy_angular.HARD_OUTWARD.per_view[1].spoke_anisotropy,0.4022318587146352
variants.PER_RING.occupancy_angular.HARD_OUTWARD.per_view[1].lattice_harmonic_fraction,0.047187735993970505
variants.PER_RING.occupancy_angular.HARD_OUTWARD.per_view[1].mode32_relative_to_neighbors,0.9913241224846417
variants.PER_RING.occupancy_angular.HARD_OUTWARD.per_view[1].chart_center_hf_correlation,0.5854845590921177
variants.PER_RING.occupancy_angular.HARD_OUTWARD.per_view[2].view,2
variants.PER_RING.occupancy_angular.HARD_OUTWARD.per_view[2].centers,1024
variants.PER_RING.occupancy_angular.HARD_OUTWARD.per_view[2].modes[0],1
variants.PER_RING.occupancy_angular.HARD_OUTWARD.per_view[2].modes[1],2
variants.PER_RING.occupancy_angular.HARD_OUTWARD.per_view[2].modes[2],3
variants.PER_RING.occupancy_angular.HARD_OUTWARD.per_view[2].modes[3],4
variants.PER_RING.occupancy_angular.HARD_OUTWARD.per_view[2].modes[4],5
variants.PER_RING.occupancy_angular.HARD_OUTWARD.per_view[2].modes[5],6
variants.PER_RING.occupancy_angular.HARD_OUTWARD.per_view[2].modes[6],7
variants.PER_RING.occupancy_angular.HARD_OUTWARD.per_view[2].modes[7],8
variants.PER_RING.occupancy_angular.HARD_OUTWARD.per_view[2].modes[8],9
variants.PER_RING.occupancy_angular.HARD_OUTWARD.per_view[2].modes[9],10
variants.PER_RING.occupancy_angular.HARD_OUTWARD.per_view[2].modes[10],11
variants.PER_RING.occupancy_angular.HARD_OUTWARD.per_view[2].modes[11],12
variants.PER_RING.occupancy_angular.HARD_OUTWARD.per_view[2].modes[12],13
variants.PER_RING.occupancy_angular.HARD_OUTWARD.per_view[2].modes[13],14
variants.PER_RING.occupancy_angular.HARD_OUTWARD.per_view[2].modes[14],15
variants.PER_RING.occupancy_angular.HARD_OUTWARD.per_view[2].modes[15],16
variants.PER_RING.occupancy_angular.HARD_OUTWARD.per_view[2].modes[16],17
variants.PER_RING.occupancy_angular.HARD_OUTWARD.per_view[2].modes[17],18
variants.PER_RING.occupancy_angular.HARD_OUTWARD.per_view[2].modes[18],19
variants.PER_RING.occupancy_angular.HARD_OUTWARD.per_view[2].modes[19],20
variants.PER_RING.occupancy_angular.HARD_OUTWARD.per_view[2].modes[20],21
variants.PER_RING.occupancy_angular.HARD_OUTWARD.per_view[2].modes[21],22
variants.PER_RING.occupancy_angular.HARD_OUTWARD.per_view[2].modes[22],23
variants.PER_RING.occupancy_angular.HARD_OUTWARD.per_view[2].modes[23],24
variants.PER_RING.occupancy_angular.HARD_OUTWARD.per_view[2].modes[24],25
variants.PER_RING.occupancy_angular.HARD_OUTWARD.per_view[2].modes[25],26
variants.PER_RING.occupancy_angular.HARD_OUTWARD.per_view[2].modes[26],27
variants.PER_RING.occupancy_angular.HARD_OUTWARD.per_view[2].modes[27],28
variants.PER_RING.occupancy_angular.HARD_OUTWARD.per_view[2].modes[28],29
variants.PER_RING.occupancy_angular.HARD_OUTWARD.per_view[2].modes[29],30
variants.PER_RING.occupancy_angular.HARD_OUTWARD.per_view[2].modes[30],31
variants.PER_RING.occupancy_angular.HARD_OUTWARD.per_view[2].modes[31],32
variants.PER_RING.occupancy_angular.HARD_OUTWARD.per_view[2].modes[32],33
variants.PER_RING.occupancy_angular.HARD_OUTWARD.per_view[2].modes[33],34
variants.PER_RING.occupancy_angular.HARD_OUTWARD.per_view[2].modes[34],35
variants.PER_RING.occupancy_angular.HARD_OUTWARD.per_view[2].modes[35],36
variants.PER_RING.occupancy_angular.HARD_OUTWARD.per_view[2].modes[36],37
variants.PER_RING.occupancy_angular.HARD_OUTWARD.per_view[2].modes[37],38
variants.PER_RING.occupancy_angular.HARD_OUTWARD.per_view[2].modes[38],39
variants.PER_RING.occupancy_angular.HARD_OUTWARD.per_view[2].modes[39],40
variants.PER_RING.occupancy_angular.HARD_OUTWARD.per_view[2].modes[40],41
variants.PER_RING.occupancy_angular.HARD_OUTWARD.per_view[2].modes[41],42
variants.PER_RING.occupancy_angular.HARD_OUTWARD.per_view[2].modes[42],43
variants.PER_RING.occupancy_angular.HARD_OUTWARD.per_view[2].modes[43],44
variants.PER_RING.occupancy_angular.HARD_OUTWARD.per_view[2].modes[44],45
variants.PER_RING.occupancy_angular.HARD_OUTWARD.per_view[2].modes[45],46
variants.PER_RING.occupancy_angular.HARD_OUTWARD.per_view[2].modes[46],47
variants.PER_RING.occupancy_angular.HARD_OUTWARD.per_view[2].modes[47],48
variants.PER_RING.occupancy_angular.HARD_OUTWARD.per_view[2].modes[48],49
variants.PER_RING.occupancy_angular.HARD_OUTWARD.per_view[2].modes[49],50
variants.PER_RING.occupancy_angular.HARD_OUTWARD.per_view[2].modes[50],51
variants.PER_RING.occupancy_angular.HARD_OUTWARD.per_view[2].modes[51],52
variants.PER_RING.occupancy_angular.HARD_OUTWARD.per_view[2].modes[52],53
variants.PER_RING.occupancy_angular.HARD_OUTWARD.per_view[2].modes[53],54
variants.PER_RING.occupancy_angular.HARD_OUTWARD.per_view[2].modes[54],55
variants.PER_RING.occupancy_angular.HARD_OUTWARD.per_view[2].modes[55],56
variants.PER_RING.occupancy_angular.HARD_OUTWARD.per_view[2].modes[56],57
variants.PER_RING.occupancy_angular.HARD_OUTWARD.per_view[2].modes[57],58
variants.PER_RING.occupancy_angular.HARD_OUTWARD.per_view[2].modes[58],59
variants.PER_RING.occupancy_angular.HARD_OUTWARD.per_view[2].modes[59],60
variants.PER_RING.occupancy_angular.HARD_OUTWARD.per_view[2].modes[60],61
variants.PER_RING.occupancy_angular.HARD_OUTWARD.per_view[2].modes[61],62
variants.PER_RING.occupancy_angular.HARD_OUTWARD.per_view[2].modes[62],63
variants.PER_RING.occupancy_angular.HARD_OUTWARD.per_view[2].modes[63],64
variants.PER_RING.occupancy_angular.HARD_OUTWARD.per_view[2].angular_power[0],36839.37679896516
variants.PER_RING.occupancy_angular.HARD_OUTWARD.per_view[2].angular_power[1],25834.820592440043
variants.PER_RING.occupancy_angular.HARD_OUTWARD.per_view[2].angular_power[2],15268.549635360783
variants.PER_RING.occupancy_angular.HARD_OUTWARD.per_view[2].angular_power[3],13190.325695187812
variants.PER_RING.occupancy_angular.HARD_OUTWARD.per_view[2].angular_power[4],9458.937685238017
variants.PER_RING.occupancy_angular.HARD_OUTWARD.per_view[2].angular_power[5],8875.727748660125
variants.PER_RING.occupancy_angular.HARD_OUTWARD.per_view[2].angular_power[6],7004.917740684838
variants.PER_RING.occupancy_angular.HARD_OUTWARD.per_view[2].angular_power[7],6386.8584772717395
variants.PER_RING.occupancy_angular.HARD_OUTWARD.per_view[2].angular_power[8],5334.03187209587
variants.PER_RING.occupancy_angular.HARD_OUTWARD.per_view[2].angular_power[9],5057.907067916423
variants.PER_RING.occupancy_angular.HARD_OUTWARD.per_view[2].angular_power[10],4302.236941937609
variants.PER_RING.occupancy_angular.HARD_OUTWARD.per_view[2].angular_power[11],4092.627387593845
variants.PER_RING.occupancy_angular.HARD_OUTWARD.per_view[2].angular_power[12],3596.772263032134
variants.PER_RING.occupancy_angular.HARD_OUTWARD.per_view[2].angular_power[13],3434.772584905509
variants.PER_RING.occupancy_angular.HARD_OUTWARD.per_view[2].angular_power[14],3068.500940795
variants.PER_RING.occupancy_angular.HARD_OUTWARD.per_view[2].angular_power[15],2947.5912492481143
variants.PER_RING.occupancy_angular.HARD_OUTWARD.per_view[2].angular_power[16],2714.417716988883
variants.PER_RING.occupancy_angular.HARD_OUTWARD.per_view[2].angular_power[17],2580.3043026366754
variants.PER_RING.occupancy_angular.HARD_OUTWARD.per_view[2].angular_power[18],2368.5600042742635
variants.PER_RING.occupancy_angular.HARD_OUTWARD.per_view[2].angular_power[19],2286.6115158492034
variants.PER_RING.occupancy_angular.HARD_OUTWARD.per_view[2].angular_power[20],2144.9871039850814
variants.PER_RING.occupancy_angular.HARD_OUTWARD.per_view[2].angular_power[21],2052.089954324049
variants.PER_RING.occupancy_angular.HARD_OUTWARD.per_view[2].angular_power[22],1948.450003091369
variants.PER_RING.occupancy_angular.HARD_OUTWARD.per_view[2].angular_power[23],1864.6514560305507
variants.PER_RING.occupancy_angular.HARD_OUTWARD.per_view[2].angular_power[24],1769.9890783121575
variants.PER_RING.occupancy_angular.HARD_OUTWARD.per_view[2].angular_power[25],1712.1879723772304
variants.PER_RING.occupancy_angular.HARD_OUTWARD.per_view[2].angular_power[26],1617.564237358558
variants.PER_RING.occupancy_angular.HARD_OUTWARD.per_view[2].angular_power[27],1582.9240871595205
variants.PER_RING.occupancy_angular.HARD_OUTWARD.per_view[2].angular_power[28],1519.4362096757418
variants.PER_RING.occupancy_angular.HARD_OUTWARD.per_view[2].angular_power[29],1477.9281782871265
variants.PER_RING.occupancy_angular.HARD_OUTWARD.per_view[2].angular_power[30],1407.2348140739973
variants.PER_RING.occupancy_angular.HARD_OUTWARD.per_view[2].angular_power[31],1363.8250260796603
variants.PER_RING.occupancy_angular.HARD_OUTWARD.per_view[2].angular_power[32],1316.9971165912943
variants.PER_RING.occupancy_angular.HARD_OUTWARD.per_view[2].angular_power[33],1268.4196622822524
variants.PER_RING.occupancy_angular.HARD_OUTWARD.per_view[2].angular_power[34],1242.4594371125597
variants.PER_RING.occupancy_angular.HARD_OUTWARD.per_view[2].angular_power[35],1196.860642519566
variants.PER_RING.occupancy_angular.HARD_OUTWARD.per_view[2].angular_power[36],1154.9907046898247
variants.PER_RING.occupancy_angular.HARD_OUTWARD.per_view[2].angular_power[37],1131.545855924573
variants.PER_RING.occupancy_angular.HARD_OUTWARD.per_view[2].angular_power[38],1097.9549181232594
variants.PER_RING.occupancy_angular.HARD_OUTWARD.per_view[2].angular_power[39],1060.1655144800682
variants.PER_RING.occupancy_angular.HARD_OUTWARD.per_view[2].angular_power[40],1028.527412169413
variants.PER_RING.occupancy_angular.HARD_OUTWARD.per_view[2].angular_power[41],1001.4191899640833
variants.PER_RING.occupancy_angular.HARD_OUTWARD.per_view[2].angular_power[42],969.6294220562507
variants.PER_RING.occupancy_angular.HARD_OUTWARD.per_view[2].angular_power[43],947.6288068625406
variants.PER_RING.occupancy_angular.HARD_OUTWARD.per_view[2].angular_power[44],920.0328793064953
variants.PER_RING.occupancy_angular.HARD_OUTWARD.per_view[2].angular_power[45],907.3113510780798
variants.PER_RING.occupancy_angular.HARD_OUTWARD.per_view[2].angular_power[46],883.2275549096597
variants.PER_RING.occupancy_angular.HARD_OUTWARD.per_view[2].angular_power[47],869.4636074647872
variants.PER_RING.occupancy_angular.HARD_OUTWARD.per_view[2].angular_power[48],836.4117955673548
variants.PER_RING.occupancy_angular.HARD_OUTWARD.per_view[2].angular_power[49],828.3766790838641
variants.PER_RING.occupancy_angular.HARD_OUTWARD.per_view[2].angular_power[50],793.6968431104744
variants.PER_RING.occupancy_angular.HARD_OUTWARD.per_view[2].angular_power[51],786.1554779719854
variants.PER_RING.occupancy_angular.HARD_OUTWARD.per_view[2].angular_power[52],768.3639766756881
variants.PER_RING.occupancy_angular.HARD_OUTWARD.per_view[2].angular_power[53],755.1669934786573
variants.PER_RING.occupancy_angular.HARD_OUTWARD.per_view[2].angular_power[54],733.6249479082944
variants.PER_RING.occupancy_angular.HARD_OUTWARD.per_view[2].angular_power[55],730.7671184560754
variants.PER_RING.occupancy_angular.HARD_OUTWARD.per_view[2].angular_power[56],702.3545647640841
variants.PER_RING.occupancy_angular.HARD_OUTWARD.per_view[2].angular_power[57],701.815616463978
variants.PER_RING.occupancy_angular.HARD_OUTWARD.per_view[2].angular_power[58],678.8672474408564
variants.PER_RING.occupancy_angular.HARD_OUTWARD.per_view[2].angular_power[59],665.3159337389203
variants.PER_RING.occupancy_angular.HARD_OUTWARD.per_view[2].angular_power[60],644.6696465676961
variants.PER_RING.occupancy_angular.HARD_OUTWARD.per_view[2].angular_power[61],640.9017904266836
variants.PER_RING.occupancy_angular.HARD_OUTWARD.per_view[2].angular_power[62],630.8031345228922
variants.PER_RING.occupancy_angular.HARD_OUTWARD.per_view[2].angular_power[63],612.6666968968913
variants.PER_RING.occupancy_angular.HARD_OUTWARD.per_view[2].dominant_mode,1
variants.PER_RING.occupancy_angular.HARD_OUTWARD.per_view[2].spoke_anisotropy,0.36488049945983453
variants.PER_RING.occupancy_angular.HARD_OUTWARD.per_view[2].lattice_harmonic_fraction,0.05008281057564642
variants.PER_RING.occupancy_angular.HARD_OUTWARD.per_view[2].mode32_relative_to_neighbors,0.9939841591951084
variants.PER_RING.occupancy_angular.HARD_OUTWARD.per_view[2].chart_center_hf_correlation,0.4701917829354467
variants.PER_RING.occupancy_angular.HARD_OUTWARD.per_view[3].view,3
variants.PER_RING.occupancy_angular.HARD_OUTWARD.per_view[3].centers,1024
variants.PER_RING.occupancy_angular.HARD_OUTWARD.per_view[3].modes[0],1
variants.PER_RING.occupancy_angular.HARD_OUTWARD.per_view[3].modes[1],2
variants.PER_RING.occupancy_angular.HARD_OUTWARD.per_view[3].modes[2],3
variants.PER_RING.occupancy_angular.HARD_OUTWARD.per_view[3].modes[3],4
variants.PER_RING.occupancy_angular.HARD_OUTWARD.per_view[3].modes[4],5
variants.PER_RING.occupancy_angular.HARD_OUTWARD.per_view[3].modes[5],6
variants.PER_RING.occupancy_angular.HARD_OUTWARD.per_view[3].modes[6],7
variants.PER_RING.occupancy_angular.HARD_OUTWARD.per_view[3].modes[7],8
variants.PER_RING.occupancy_angular.HARD_OUTWARD.per_view[3].modes[8],9
variants.PER_RING.occupancy_angular.HARD_OUTWARD.per_view[3].modes[9],10
variants.PER_RING.occupancy_angular.HARD_OUTWARD.per_view[3].modes[10],11
variants.PER_RING.occupancy_angular.HARD_OUTWARD.per_view[3].modes[11],12
variants.PER_RING.occupancy_angular.HARD_OUTWARD.per_view[3].modes[12],13
variants.PER_RING.occupancy_angular.HARD_OUTWARD.per_view[3].modes[13],14
variants.PER_RING.occupancy_angular.HARD_OUTWARD.per_view[3].modes[14],15
variants.PER_RING.occupancy_angular.HARD_OUTWARD.per_view[3].modes[15],16
variants.PER_RING.occupancy_angular.HARD_OUTWARD.per_view[3].modes[16],17
variants.PER_RING.occupancy_angular.HARD_OUTWARD.per_view[3].modes[17],18
variants.PER_RING.occupancy_angular.HARD_OUTWARD.per_view[3].modes[18],19
variants.PER_RING.occupancy_angular.HARD_OUTWARD.per_view[3].modes[19],20
variants.PER_RING.occupancy_angular.HARD_OUTWARD.per_view[3].modes[20],21
variants.PER_RING.occupancy_angular.HARD_OUTWARD.per_view[3].modes[21],22
variants.PER_RING.occupancy_angular.HARD_OUTWARD.per_view[3].modes[22],23
variants.PER_RING.occupancy_angular.HARD_OUTWARD.per_view[3].modes[23],24
variants.PER_RING.occupancy_angular.HARD_OUTWARD.per_view[3].modes[24],25
variants.PER_RING.occupancy_angular.HARD_OUTWARD.per_view[3].modes[25],26
variants.PER_RING.occupancy_angular.HARD_OUTWARD.per_view[3].modes[26],27
variants.PER_RING.occupancy_angular.HARD_OUTWARD.per_view[3].modes[27],28
variants.PER_RING.occupancy_angular.HARD_OUTWARD.per_view[3].modes[28],29
variants.PER_RING.occupancy_angular.HARD_OUTWARD.per_view[3].modes[29],30
variants.PER_RING.occupancy_angular.HARD_OUTWARD.per_view[3].modes[30],31
variants.PER_RING.occupancy_angular.HARD_OUTWARD.per_view[3].modes[31],32
variants.PER_RING.occupancy_angular.HARD_OUTWARD.per_view[3].modes[32],33
variants.PER_RING.occupancy_angular.HARD_OUTWARD.per_view[3].modes[33],34
variants.PER_RING.occupancy_angular.HARD_OUTWARD.per_view[3].modes[34],35
variants.PER_RING.occupancy_angular.HARD_OUTWARD.per_view[3].modes[35],36
variants.PER_RING.occupancy_angular.HARD_OUTWARD.per_view[3].modes[36],37
variants.PER_RING.occupancy_angular.HARD_OUTWARD.per_view[3].modes[37],38
variants.PER_RING.occupancy_angular.HARD_OUTWARD.per_view[3].modes[38],39
variants.PER_RING.occupancy_angular.HARD_OUTWARD.per_view[3].modes[39],40
variants.PER_RING.occupancy_angular.HARD_OUTWARD.per_view[3].modes[40],41
variants.PER_RING.occupancy_angular.HARD_OUTWARD.per_view[3].modes[41],42
variants.PER_RING.occupancy_angular.HARD_OUTWARD.per_view[3].modes[42],43
variants.PER_RING.occupancy_angular.HARD_OUTWARD.per_view[3].modes[43],44
variants.PER_RING.occupancy_angular.HARD_OUTWARD.per_view[3].modes[44],45
variants.PER_RING.occupancy_angular.HARD_OUTWARD.per_view[3].modes[45],46
variants.PER_RING.occupancy_angular.HARD_OUTWARD.per_view[3].modes[46],47
variants.PER_RING.occupancy_angular.HARD_OUTWARD.per_view[3].modes[47],48
variants.PER_RING.occupancy_angular.HARD_OUTWARD.per_view[3].modes[48],49
variants.PER_RING.occupancy_angular.HARD_OUTWARD.per_view[3].modes[49],50
variants.PER_RING.occupancy_angular.HARD_OUTWARD.per_view[3].modes[50],51
variants.PER_RING.occupancy_angular.HARD_OUTWARD.per_view[3].modes[51],52
variants.PER_RING.occupancy_angular.HARD_OUTWARD.per_view[3].modes[52],53
variants.PER_RING.occupancy_angular.HARD_OUTWARD.per_view[3].modes[53],54
variants.PER_RING.occupancy_angular.HARD_OUTWARD.per_view[3].modes[54],55
variants.PER_RING.occupancy_angular.HARD_OUTWARD.per_view[3].modes[55],56
variants.PER_RING.occupancy_angular.HARD_OUTWARD.per_view[3].modes[56],57
variants.PER_RING.occupancy_angular.HARD_OUTWARD.per_view[3].modes[57],58
variants.PER_RING.occupancy_angular.HARD_OUTWARD.per_view[3].modes[58],59
variants.PER_RING.occupancy_angular.HARD_OUTWARD.per_view[3].modes[59],60
variants.PER_RING.occupancy_angular.HARD_OUTWARD.per_view[3].modes[60],61
variants.PER_RING.occupancy_angular.HARD_OUTWARD.per_view[3].modes[61],62
variants.PER_RING.occupancy_angular.HARD_OUTWARD.per_view[3].modes[62],63
variants.PER_RING.occupancy_angular.HARD_OUTWARD.per_view[3].modes[63],64
variants.PER_RING.occupancy_angular.HARD_OUTWARD.per_view[3].angular_power[0],82602.52828228934
variants.PER_RING.occupancy_angular.HARD_OUTWARD.per_view[3].angular_power[1],58455.147407757606
variants.PER_RING.occupancy_angular.HARD_OUTWARD.per_view[3].angular_power[2],32951.95104110543
variants.PER_RING.occupancy_angular.HARD_OUTWARD.per_view[3].angular_power[3],29124.41141809681
variants.PER_RING.occupancy_angular.HARD_OUTWARD.per_view[3].angular_power[4],21063.259863750325
variants.PER_RING.occupancy_angular.HARD_OUTWARD.per_view[3].angular_power[5],18671.594885402803
variants.PER_RING.occupancy_angular.HARD_OUTWARD.per_view[3].angular_power[6],14850.65776757764
variants.PER_RING.occupancy_angular.HARD_OUTWARD.per_view[3].angular_power[7],13675.46730945298
variants.PER_RING.occupancy_angular.HARD_OUTWARD.per_view[3].angular_power[8],11448.324747673849
variants.PER_RING.occupancy_angular.HARD_OUTWARD.per_view[3].angular_power[9],10725.099617063821
variants.PER_RING.occupancy_angular.HARD_OUTWARD.per_view[3].angular_power[10],9424.676065061312
variants.PER_RING.occupancy_angular.HARD_OUTWARD.per_view[3].angular_power[11],8752.402026276215
variants.PER_RING.occupancy_angular.HARD_OUTWARD.per_view[3].angular_power[12],7803.135227691183
variants.PER_RING.occupancy_angular.HARD_OUTWARD.per_view[3].angular_power[13],7473.753655299737
variants.PER_RING.occupancy_angular.HARD_OUTWARD.per_view[3].angular_power[14],6719.2383859592765
variants.PER_RING.occupancy_angular.HARD_OUTWARD.per_view[3].angular_power[15],6393.38336915638
variants.PER_RING.occupancy_angular.HARD_OUTWARD.per_view[3].angular_power[16],5746.571597263725
variants.PER_RING.occupancy_angular.HARD_OUTWARD.per_view[3].angular_power[17],5388.76950389031
variants.PER_RING.occupancy_angular.HARD_OUTWARD.per_view[3].angular_power[18],4996.800866933381
variants.PER_RING.occupancy_angular.HARD_OUTWARD.per_view[3].angular_power[19],4758.184483690152
variants.PER_RING.occupancy_angular.HARD_OUTWARD.per_view[3].angular_power[20],4459.845379413585
variants.PER_RING.occupancy_angular.HARD_OUTWARD.per_view[3].angular_power[21],4176.145401100192
variants.PER_RING.occupancy_angular.HARD_OUTWARD.per_view[3].angular_power[22],3984.420576088877
variants.PER_RING.occupancy_angular.HARD_OUTWARD.per_view[3].angular_power[23],3782.071834082947
variants.PER_RING.occupancy_angular.HARD_OUTWARD.per_view[3].angular_power[24],3620.314891185127
variants.PER_RING.occupancy_angular.HARD_OUTWARD.per_view[3].angular_power[25],3449.882640618522
variants.PER_RING.occupancy_angular.HARD_OUTWARD.per_view[3].angular_power[26],3281.96024587378
variants.PER_RING.occupancy_angular.HARD_OUTWARD.per_view[3].angular_power[27],3107.850895188865
variants.PER_RING.occupancy_angular.HARD_OUTWARD.per_view[3].angular_power[28],2995.102163009237
variants.PER_RING.occupancy_angular.HARD_OUTWARD.per_view[3].angular_power[29],2829.69699269119
variants.PER_RING.occupancy_angular.HARD_OUTWARD.per_view[3].angular_power[30],2764.3488276534963
variants.PER_RING.occupancy_angular.HARD_OUTWARD.per_view[3].angular_power[31],2589.0903754234137
variants.PER_RING.occupancy_angular.HARD_OUTWARD.per_view[3].angular_power[32],2516.8367219200654
variants.PER_RING.occupancy_angular.HARD_OUTWARD.per_view[3].angular_power[33],2409.2077843276957
variants.PER_RING.occupancy_angular.HARD_OUTWARD.per_view[3].angular_power[34],2344.809795398729
variants.PER_RING.occupancy_angular.HARD_OUTWARD.per_view[3].angular_power[35],2233.303292186875
variants.PER_RING.occupancy_angular.HARD_OUTWARD.per_view[3].angular_power[36],2151.9506469522685
variants.PER_RING.occupancy_angular.HARD_OUTWARD.per_view[3].angular_power[37],2092.5102032398704
variants.PER_RING.occupancy_angular.HARD_OUTWARD.per_view[3].angular_power[38],2022.6078898704
variants.PER_RING.occupancy_angular.HARD_OUTWARD.per_view[3].angular_power[39],1935.9659442233258
variants.PER_RING.occupancy_angular.HARD_OUTWARD.per_view[3].angular_power[40],1895.3065236660561
variants.PER_RING.occupancy_angular.HARD_OUTWARD.per_view[3].angular_power[41],1828.089394151784
variants.PER_RING.occupancy_angular.HARD_OUTWARD.per_view[3].angular_power[42],1771.8129590511917
variants.PER_RING.occupancy_angular.HARD_OUTWARD.per_view[3].angular_power[43],1721.8867912843316
variants.PER_RING.occupancy_angular.HARD_OUTWARD.per_view[3].angular_power[44],1667.575700559301
variants.PER_RING.occupancy_angular.HARD_OUTWARD.per_view[3].angular_power[45],1624.271139709335
variants.PER_RING.occupancy_angular.HARD_OUTWARD.per_view[3].angular_power[46],1576.5020822604013
variants.PER_RING.occupancy_angular.HARD_OUTWARD.per_view[3].angular_power[47],1524.6049983321268
variants.PER_RING.occupancy_angular.HARD_OUTWARD.per_view[3].angular_power[48],1501.278817156858
variants.PER_RING.occupancy_angular.HARD_OUTWARD.per_view[3].angular_power[49],1440.4452740068648
variants.PER_RING.occupancy_angular.HARD_OUTWARD.per_view[3].angular_power[50],1402.6524509465428
variants.PER_RING.occupancy_angular.HARD_OUTWARD.per_view[3].angular_power[51],1364.0432371523445
variants.PER_RING.occupancy_angular.HARD_OUTWARD.per_view[3].angular_power[52],1328.9859054312817
variants.PER_RING.occupancy_angular.HARD_OUTWARD.per_view[3].angular_power[53],1290.0330881306606
variants.PER_RING.occupancy_angular.HARD_OUTWARD.per_view[3].angular_power[54],1265.4696157703431
variants.PER_RING.occupancy_angular.HARD_OUTWARD.per_view[3].angular_power[55],1240.2646746879839
variants.PER_RING.occupancy_angular.HARD_OUTWARD.per_view[3].angular_power[56],1205.3921172374485
variants.PER_RING.occupancy_angular.HARD_OUTWARD.per_view[3].angular_power[57],1183.5824177395587
variants.PER_RING.occupancy_angular.HARD_OUTWARD.per_view[3].angular_power[58],1147.0996549134886
variants.PER_RING.occupancy_angular.HARD_OUTWARD.per_view[3].angular_power[59],1124.411651265061
variants.PER_RING.occupancy_angular.HARD_OUTWARD.per_view[3].angular_power[60],1103.0038574707892
variants.PER_RING.occupancy_angular.HARD_OUTWARD.per_view[3].angular_power[61],1081.7013944157984
variants.PER_RING.occupancy_angular.HARD_OUTWARD.per_view[3].angular_power[62],1054.0692769367877
variants.PER_RING.occupancy_angular.HARD_OUTWARD.per_view[3].angular_power[63],1043.2512298695679
variants.PER_RING.occupancy_angular.HARD_OUTWARD.per_view[3].dominant_mode,1
variants.PER_RING.occupancy_angular.HARD_OUTWARD.per_view[3].spoke_anisotropy,0.3839924204309077
variants.PER_RING.occupancy_angular.HARD_OUTWARD.per_view[3].lattice_harmonic_fraction,0.049999978683715314
variants.PER_RING.occupancy_angular.HARD_OUTWARD.per_view[3].mode32_relative_to_neighbors,0.9794791938480528
variants.PER_RING.occupancy_angular.HARD_OUTWARD.per_view[3].chart_center_hf_correlation,0.5418491843139939
variants.PER_RING.occupancy_angular.HARD_OUTWARD.spoke_anisotropy,0.38210557964672165
variants.PER_RING.occupancy_angular.HARD_OUTWARD.lattice_harmonic_fraction,0.04951774841385964
variants.PER_RING.occupancy_angular.HARD_OUTWARD.mode32_relative_to_neighbors,0.9937435428302456
variants.PER_RING.occupancy_angular.HARD_OUTWARD.chart_center_hf_correlation,0.5246626549384479
variants.PER_RING.occupancy_angular.NO_OUTWARD_GATE.per_view[0].view,0
variants.PER_RING.occupancy_angular.NO_OUTWARD_GATE.per_view[0].centers,1024
variants.PER_RING.occupancy_angular.NO_OUTWARD_GATE.per_view[0].modes[0],1
variants.PER_RING.occupancy_angular.NO_OUTWARD_GATE.per_view[0].modes[1],2
variants.PER_RING.occupancy_angular.NO_OUTWARD_GATE.per_view[0].modes[2],3
variants.PER_RING.occupancy_angular.NO_OUTWARD_GATE.per_view[0].modes[3],4
variants.PER_RING.occupancy_angular.NO_OUTWARD_GATE.per_view[0].modes[4],5
variants.PER_RING.occupancy_angular.NO_OUTWARD_GATE.per_view[0].modes[5],6
variants.PER_RING.occupancy_angular.NO_OUTWARD_GATE.per_view[0].modes[6],7
variants.PER_RING.occupancy_angular.NO_OUTWARD_GATE.per_view[0].modes[7],8
variants.PER_RING.occupancy_angular.NO_OUTWARD_GATE.per_view[0].modes[8],9
variants.PER_RING.occupancy_angular.NO_OUTWARD_GATE.per_view[0].modes[9],10
variants.PER_RING.occupancy_angular.NO_OUTWARD_GATE.per_view[0].modes[10],11
variants.PER_RING.occupancy_angular.NO_OUTWARD_GATE.per_view[0].modes[11],12
variants.PER_RING.occupancy_angular.NO_OUTWARD_GATE.per_view[0].modes[12],13
variants.PER_RING.occupancy_angular.NO_OUTWARD_GATE.per_view[0].modes[13],14
variants.PER_RING.occupancy_angular.NO_OUTWARD_GATE.per_view[0].modes[14],15
variants.PER_RING.occupancy_angular.NO_OUTWARD_GATE.per_view[0].modes[15],16
variants.PER_RING.occupancy_angular.NO_OUTWARD_GATE.per_view[0].modes[16],17
variants.PER_RING.occupancy_angular.NO_OUTWARD_GATE.per_view[0].modes[17],18
variants.PER_RING.occupancy_angular.NO_OUTWARD_GATE.per_view[0].modes[18],19
variants.PER_RING.occupancy_angular.NO_OUTWARD_GATE.per_view[0].modes[19],20
variants.PER_RING.occupancy_angular.NO_OUTWARD_GATE.per_view[0].modes[20],21
variants.PER_RING.occupancy_angular.NO_OUTWARD_GATE.per_view[0].modes[21],22
variants.PER_RING.occupancy_angular.NO_OUTWARD_GATE.per_view[0].modes[22],23
variants.PER_RING.occupancy_angular.NO_OUTWARD_GATE.per_view[0].modes[23],24
variants.PER_RING.occupancy_angular.NO_OUTWARD_GATE.per_view[0].modes[24],25
variants.PER_RING.occupancy_angular.NO_OUTWARD_GATE.per_view[0].modes[25],26
variants.PER_RING.occupancy_angular.NO_OUTWARD_GATE.per_view[0].modes[26],27
variants.PER_RING.occupancy_angular.NO_OUTWARD_GATE.per_view[0].modes[27],28
variants.PER_RING.occupancy_angular.NO_OUTWARD_GATE.per_view[0].modes[28],29
variants.PER_RING.occupancy_angular.NO_OUTWARD_GATE.per_view[0].modes[29],30
variants.PER_RING.occupancy_angular.NO_OUTWARD_GATE.per_view[0].modes[30],31
variants.PER_RING.occupancy_angular.NO_OUTWARD_GATE.per_view[0].modes[31],32
variants.PER_RING.occupancy_angular.NO_OUTWARD_GATE.per_view[0].modes[32],33
variants.PER_RING.occupancy_angular.NO_OUTWARD_GATE.per_view[0].modes[33],34
variants.PER_RING.occupancy_angular.NO_OUTWARD_GATE.per_view[0].modes[34],35
variants.PER_RING.occupancy_angular.NO_OUTWARD_GATE.per_view[0].modes[35],36
variants.PER_RING.occupancy_angular.NO_OUTWARD_GATE.per_view[0].modes[36],37
variants.PER_RING.occupancy_angular.NO_OUTWARD_GATE.per_view[0].modes[37],38
variants.PER_RING.occupancy_angular.NO_OUTWARD_GATE.per_view[0].modes[38],39
variants.PER_RING.occupancy_angular.NO_OUTWARD_GATE.per_view[0].modes[39],40
variants.PER_RING.occupancy_angular.NO_OUTWARD_GATE.per_view[0].modes[40],41
variants.PER_RING.occupancy_angular.NO_OUTWARD_GATE.per_view[0].modes[41],42
variants.PER_RING.occupancy_angular.NO_OUTWARD_GATE.per_view[0].modes[42],43
variants.PER_RING.occupancy_angular.NO_OUTWARD_GATE.per_view[0].modes[43],44
variants.PER_RING.occupancy_angular.NO_OUTWARD_GATE.per_view[0].modes[44],45
variants.PER_RING.occupancy_angular.NO_OUTWARD_GATE.per_view[0].modes[45],46
variants.PER_RING.occupancy_angular.NO_OUTWARD_GATE.per_view[0].modes[46],47
variants.PER_RING.occupancy_angular.NO_OUTWARD_GATE.per_view[0].modes[47],48
variants.PER_RING.occupancy_angular.NO_OUTWARD_GATE.per_view[0].modes[48],49
variants.PER_RING.occupancy_angular.NO_OUTWARD_GATE.per_view[0].modes[49],50
variants.PER_RING.occupancy_angular.NO_OUTWARD_GATE.per_view[0].modes[50],51
variants.PER_RING.occupancy_angular.NO_OUTWARD_GATE.per_view[0].modes[51],52
variants.PER_RING.occupancy_angular.NO_OUTWARD_GATE.per_view[0].modes[52],53
variants.PER_RING.occupancy_angular.NO_OUTWARD_GATE.per_view[0].modes[53],54
variants.PER_RING.occupancy_angular.NO_OUTWARD_GATE.per_view[0].modes[54],55
variants.PER_RING.occupancy_angular.NO_OUTWARD_GATE.per_view[0].modes[55],56
variants.PER_RING.occupancy_angular.NO_OUTWARD_GATE.per_view[0].modes[56],57
variants.PER_RING.occupancy_angular.NO_OUTWARD_GATE.per_view[0].modes[57],58
variants.PER_RING.occupancy_angular.NO_OUTWARD_GATE.per_view[0].modes[58],59
variants.PER_RING.occupancy_angular.NO_OUTWARD_GATE.per_view[0].modes[59],60
variants.PER_RING.occupancy_angular.NO_OUTWARD_GATE.per_view[0].modes[60],61
variants.PER_RING.occupancy_angular.NO_OUTWARD_GATE.per_view[0].modes[61],62
variants.PER_RING.occupancy_angular.NO_OUTWARD_GATE.per_view[0].modes[62],63
variants.PER_RING.occupancy_angular.NO_OUTWARD_GATE.per_view[0].modes[63],64
variants.PER_RING.occupancy_angular.NO_OUTWARD_GATE.per_view[0].angular_power[0],187740.80143009295
variants.PER_RING.occupancy_angular.NO_OUTWARD_GATE.per_view[0].angular_power[1],151413.944117226
variants.PER_RING.occupancy_angular.NO_OUTWARD_GATE.per_view[0].angular_power[2],78774.72016991237
variants.PER_RING.occupancy_angular.NO_OUTWARD_GATE.per_view[0].angular_power[3],72445.79513434808
variants.PER_RING.occupancy_angular.NO_OUTWARD_GATE.per_view[0].angular_power[4],48950.12695668515
variants.PER_RING.occupancy_angular.NO_OUTWARD_GATE.per_view[0].angular_power[5],46098.698619688934
variants.PER_RING.occupancy_angular.NO_OUTWARD_GATE.per_view[0].angular_power[6],34618.88778810212
variants.PER_RING.occupancy_angular.NO_OUTWARD_GATE.per_view[0].angular_power[7],32994.39213008814
variants.PER_RING.occupancy_angular.NO_OUTWARD_GATE.per_view[0].angular_power[8],26618.799821566987
variants.PER_RING.occupancy_angular.NO_OUTWARD_GATE.per_view[0].angular_power[9],24887.234314130386
variants.PER_RING.occupancy_angular.NO_OUTWARD_GATE.per_view[0].angular_power[10],21203.699308840423
variants.PER_RING.occupancy_angular.NO_OUTWARD_GATE.per_view[0].angular_power[11],19641.02276468309
variants.PER_RING.occupancy_angular.NO_OUTWARD_GATE.per_view[0].angular_power[12],17657.322192965625
variants.PER_RING.occupancy_angular.NO_OUTWARD_GATE.per_view[0].angular_power[13],16259.579537382997
variants.PER_RING.occupancy_angular.NO_OUTWARD_GATE.per_view[0].angular_power[14],14542.272999898314
variants.PER_RING.occupancy_angular.NO_OUTWARD_GATE.per_view[0].angular_power[15],13811.231172368984
variants.PER_RING.occupancy_angular.NO_OUTWARD_GATE.per_view[0].angular_power[16],12588.008589195046
variants.PER_RING.occupancy_angular.NO_OUTWARD_GATE.per_view[0].angular_power[17],11806.461600262239
variants.PER_RING.occupancy_angular.NO_OUTWARD_GATE.per_view[0].angular_power[18],10947.997223961736
variants.PER_RING.occupancy_angular.NO_OUTWARD_GATE.per_view[0].angular_power[19],10336.29377953657
variants.PER_RING.occupancy_angular.NO_OUTWARD_GATE.per_view[0].angular_power[20],9427.843343434459
variants.PER_RING.occupancy_angular.NO_OUTWARD_GATE.per_view[0].angular_power[21],9096.311953243758
variants.PER_RING.occupancy_angular.NO_OUTWARD_GATE.per_view[0].angular_power[22],8440.968224985263
variants.PER_RING.occupancy_angular.NO_OUTWARD_GATE.per_view[0].angular_power[23],8082.281055871429
variants.PER_RING.occupancy_angular.NO_OUTWARD_GATE.per_view[0].angular_power[24],7506.89455006114
variants.PER_RING.occupancy_angular.NO_OUTWARD_GATE.per_view[0].angular_power[25],7229.091002690818
variants.PER_RING.occupancy_angular.NO_OUTWARD_GATE.per_view[0].angular_power[26],6732.218133272438
variants.PER_RING.occupancy_angular.NO_OUTWARD_GATE.per_view[0].angular_power[27],6543.9269069739785
variants.PER_RING.occupancy_angular.NO_OUTWARD_GATE.per_view[0].angular_power[28],6157.415971669482
variants.PER_RING.occupancy_angular.NO_OUTWARD_GATE.per_view[0].angular_power[29],5909.520625197361
variants.PER_RING.occupancy_angular.NO_OUTWARD_GATE.per_view[0].angular_power[30],5517.339642243595
variants.PER_RING.occupancy_angular.NO_OUTWARD_GATE.per_view[0].angular_power[31],5401.683197611978
variants.PER_RING.occupancy_angular.NO_OUTWARD_GATE.per_view[0].angular_power[32],5051.909054480049
variants.PER_RING.occupancy_angular.NO_OUTWARD_GATE.per_view[0].angular_power[33],4929.998288675702
variants.PER_RING.occupancy_angular.NO_OUTWARD_GATE.per_view[0].angular_power[34],4668.3122511855945
variants.PER_RING.occupancy_angular.NO_OUTWARD_GATE.per_view[0].angular_power[35],4500.292973739182
variants.PER_RING.occupancy_angular.NO_OUTWARD_GATE.per_view[0].angular_power[36],4286.418650820477
variants.PER_RING.occupancy_angular.NO_OUTWARD_GATE.per_view[0].angular_power[37],4159.943633270279
variants.PER_RING.occupancy_angular.NO_OUTWARD_GATE.per_view[0].angular_power[38],4022.5546675638147
variants.PER_RING.occupancy_angular.NO_OUTWARD_GATE.per_view[0].angular_power[39],3881.7319800621594
variants.PER_RING.occupancy_angular.NO_OUTWARD_GATE.per_view[0].angular_power[40],3792.5845748033207
variants.PER_RING.occupancy_angular.NO_OUTWARD_GATE.per_view[0].angular_power[41],3588.9424976602077
variants.PER_RING.occupancy_angular.NO_OUTWARD_GATE.per_view[0].angular_power[42],3507.6419571035567
variants.PER_RING.occupancy_angular.NO_OUTWARD_GATE.per_view[0].angular_power[43],3358.3801005906967
variants.PER_RING.occupancy_angular.NO_OUTWARD_GATE.per_view[0].angular_power[44],3252.294909433497
variants.PER_RING.occupancy_angular.NO_OUTWARD_GATE.per_view[0].angular_power[45],3182.697746352186
variants.PER_RING.occupancy_angular.NO_OUTWARD_GATE.per_view[0].angular_power[46],3068.3899071085966
variants.PER_RING.occupancy_angular.NO_OUTWARD_GATE.per_view[0].angular_power[47],3002.9878786313743
variants.PER_RING.occupancy_angular.NO_OUTWARD_GATE.per_view[0].angular_power[48],2884.1647537653535
variants.PER_RING.occupancy_angular.NO_OUTWARD_GATE.per_view[0].angular_power[49],2809.6794020178663
variants.PER_RING.occupancy_angular.NO_OUTWARD_GATE.per_view[0].angular_power[50],2712.29411344294
variants.PER_RING.occupancy_angular.NO_OUTWARD_GATE.per_view[0].angular_power[51],2659.987366558868
variants.PER_RING.occupancy_angular.NO_OUTWARD_GATE.per_view[0].angular_power[52],2553.313942073566
variants.PER_RING.occupancy_angular.NO_OUTWARD_GATE.per_view[0].angular_power[53],2494.483957542223
variants.PER_RING.occupancy_angular.NO_OUTWARD_GATE.per_view[0].angular_power[54],2433.687297263836
variants.PER_RING.occupancy_angular.NO_OUTWARD_GATE.per_view[0].angular_power[55],2381.840128592189
variants.PER_RING.occupancy_angular.NO_OUTWARD_GATE.per_view[0].angular_power[56],2288.381510707054
variants.PER_RING.occupancy_angular.NO_OUTWARD_GATE.per_view[0].angular_power[57],2283.7804136317554
variants.PER_RING.occupancy_angular.NO_OUTWARD_GATE.per_view[0].angular_power[58],2180.6589382391426
variants.PER_RING.occupancy_angular.NO_OUTWARD_GATE.per_view[0].angular_power[59],2162.0260128370837
variants.PER_RING.occupancy_angular.NO_OUTWARD_GATE.per_view[0].angular_power[60],2056.5645296534876
variants.PER_RING.occupancy_angular.NO_OUTWARD_GATE.per_view[0].angular_power[61],2025.5842516237049
variants.PER_RING.occupancy_angular.NO_OUTWARD_GATE.per_view[0].angular_power[62],1979.1830168987983
variants.PER_RING.occupancy_angular.NO_OUTWARD_GATE.per_view[0].angular_power[63],1957.8316579619118
variants.PER_RING.occupancy_angular.NO_OUTWARD_GATE.per_view[0].dominant_mode,1
variants.PER_RING.occupancy_angular.NO_OUTWARD_GATE.per_view[0].spoke_anisotropy,0.4020480349699559
variants.PER_RING.occupancy_angular.NO_OUTWARD_GATE.per_view[0].lattice_harmonic_fraction,0.05022341498081544
variants.PER_RING.occupancy_angular.NO_OUTWARD_GATE.per_view[0].mode32_relative_to_neighbors,1.0054476841557378
variants.PER_RING.occupancy_angular.NO_OUTWARD_GATE.per_view[0].chart_center_hf_correlation,0.5345110664415835
variants.PER_RING.occupancy_angular.NO_OUTWARD_GATE.per_view[1].view,1
variants.PER_RING.occupancy_angular.NO_OUTWARD_GATE.per_view[1].centers,1024
variants.PER_RING.occupancy_angular.NO_OUTWARD_GATE.per_view[1].modes[0],1
variants.PER_RING.occupancy_angular.NO_OUTWARD_GATE.per_view[1].modes[1],2
variants.PER_RING.occupancy_angular.NO_OUTWARD_GATE.per_view[1].modes[2],3
variants.PER_RING.occupancy_angular.NO_OUTWARD_GATE.per_view[1].modes[3],4
variants.PER_RING.occupancy_angular.NO_OUTWARD_GATE.per_view[1].modes[4],5
variants.PER_RING.occupancy_angular.NO_OUTWARD_GATE.per_view[1].modes[5],6
variants.PER_RING.occupancy_angular.NO_OUTWARD_GATE.per_view[1].modes[6],7
variants.PER_RING.occupancy_angular.NO_OUTWARD_GATE.per_view[1].modes[7],8
variants.PER_RING.occupancy_angular.NO_OUTWARD_GATE.per_view[1].modes[8],9
variants.PER_RING.occupancy_angular.NO_OUTWARD_GATE.per_view[1].modes[9],10
variants.PER_RING.occupancy_angular.NO_OUTWARD_GATE.per_view[1].modes[10],11
variants.PER_RING.occupancy_angular.NO_OUTWARD_GATE.per_view[1].modes[11],12
variants.PER_RING.occupancy_angular.NO_OUTWARD_GATE.per_view[1].modes[12],13
variants.PER_RING.occupancy_angular.NO_OUTWARD_GATE.per_view[1].modes[13],14
variants.PER_RING.occupancy_angular.NO_OUTWARD_GATE.per_view[1].modes[14],15
variants.PER_RING.occupancy_angular.NO_OUTWARD_GATE.per_view[1].modes[15],16
variants.PER_RING.occupancy_angular.NO_OUTWARD_GATE.per_view[1].modes[16],17
variants.PER_RING.occupancy_angular.NO_OUTWARD_GATE.per_view[1].modes[17],18
variants.PER_RING.occupancy_angular.NO_OUTWARD_GATE.per_view[1].modes[18],19
variants.PER_RING.occupancy_angular.NO_OUTWARD_GATE.per_view[1].modes[19],20
variants.PER_RING.occupancy_angular.NO_OUTWARD_GATE.per_view[1].modes[20],21
variants.PER_RING.occupancy_angular.NO_OUTWARD_GATE.per_view[1].modes[21],22
variants.PER_RING.occupancy_angular.NO_OUTWARD_GATE.per_view[1].modes[22],23
variants.PER_RING.occupancy_angular.NO_OUTWARD_GATE.per_view[1].modes[23],24
variants.PER_RING.occupancy_angular.NO_OUTWARD_GATE.per_view[1].modes[24],25
variants.PER_RING.occupancy_angular.NO_OUTWARD_GATE.per_view[1].modes[25],26
variants.PER_RING.occupancy_angular.NO_OUTWARD_GATE.per_view[1].modes[26],27
variants.PER_RING.occupancy_angular.NO_OUTWARD_GATE.per_view[1].modes[27],28
variants.PER_RING.occupancy_angular.NO_OUTWARD_GATE.per_view[1].modes[28],29
variants.PER_RING.occupancy_angular.NO_OUTWARD_GATE.per_view[1].modes[29],30
variants.PER_RING.occupancy_angular.NO_OUTWARD_GATE.per_view[1].modes[30],31
variants.PER_RING.occupancy_angular.NO_OUTWARD_GATE.per_view[1].modes[31],32
variants.PER_RING.occupancy_angular.NO_OUTWARD_GATE.per_view[1].modes[32],33
variants.PER_RING.occupancy_angular.NO_OUTWARD_GATE.per_view[1].modes[33],34
variants.PER_RING.occupancy_angular.NO_OUTWARD_GATE.per_view[1].modes[34],35
variants.PER_RING.occupancy_angular.NO_OUTWARD_GATE.per_view[1].modes[35],36
variants.PER_RING.occupancy_angular.NO_OUTWARD_GATE.per_view[1].modes[36],37
variants.PER_RING.occupancy_angular.NO_OUTWARD_GATE.per_view[1].modes[37],38
variants.PER_RING.occupancy_angular.NO_OUTWARD_GATE.per_view[1].modes[38],39
variants.PER_RING.occupancy_angular.NO_OUTWARD_GATE.per_view[1].modes[39],40
variants.PER_RING.occupancy_angular.NO_OUTWARD_GATE.per_view[1].modes[40],41
variants.PER_RING.occupancy_angular.NO_OUTWARD_GATE.per_view[1].modes[41],42
variants.PER_RING.occupancy_angular.NO_OUTWARD_GATE.per_view[1].modes[42],43
variants.PER_RING.occupancy_angular.NO_OUTWARD_GATE.per_view[1].modes[43],44
variants.PER_RING.occupancy_angular.NO_OUTWARD_GATE.per_view[1].modes[44],45
variants.PER_RING.occupancy_angular.NO_OUTWARD_GATE.per_view[1].modes[45],46
variants.PER_RING.occupancy_angular.NO_OUTWARD_GATE.per_view[1].modes[46],47
variants.PER_RING.occupancy_angular.NO_OUTWARD_GATE.per_view[1].modes[47],48
variants.PER_RING.occupancy_angular.NO_OUTWARD_GATE.per_view[1].modes[48],49
variants.PER_RING.occupancy_angular.NO_OUTWARD_GATE.per_view[1].modes[49],50
variants.PER_RING.occupancy_angular.NO_OUTWARD_GATE.per_view[1].modes[50],51
variants.PER_RING.occupancy_angular.NO_OUTWARD_GATE.per_view[1].modes[51],52
variants.PER_RING.occupancy_angular.NO_OUTWARD_GATE.per_view[1].modes[52],53
variants.PER_RING.occupancy_angular.NO_OUTWARD_GATE.per_view[1].modes[53],54
variants.PER_RING.occupancy_angular.NO_OUTWARD_GATE.per_view[1].modes[54],55
variants.PER_RING.occupancy_angular.NO_OUTWARD_GATE.per_view[1].modes[55],56
variants.PER_RING.occupancy_angular.NO_OUTWARD_GATE.per_view[1].modes[56],57
variants.PER_RING.occupancy_angular.NO_OUTWARD_GATE.per_view[1].modes[57],58
variants.PER_RING.occupancy_angular.NO_OUTWARD_GATE.per_view[1].modes[58],59
variants.PER_RING.occupancy_angular.NO_OUTWARD_GATE.per_view[1].modes[59],60
variants.PER_RING.occupancy_angular.NO_OUTWARD_GATE.per_view[1].modes[60],61
variants.PER_RING.occupancy_angular.NO_OUTWARD_GATE.per_view[1].modes[61],62
variants.PER_RING.occupancy_angular.NO_OUTWARD_GATE.per_view[1].modes[62],63
variants.PER_RING.occupancy_angular.NO_OUTWARD_GATE.per_view[1].modes[63],64
variants.PER_RING.occupancy_angular.NO_OUTWARD_GATE.per_view[1].angular_power[0],241413.56095681904
variants.PER_RING.occupancy_angular.NO_OUTWARD_GATE.per_view[1].angular_power[1],171811.24850731035
variants.PER_RING.occupancy_angular.NO_OUTWARD_GATE.per_view[1].angular_power[2],93699.36549385841
variants.PER_RING.occupancy_angular.NO_OUTWARD_GATE.per_view[1].angular_power[3],77681.38216168752
variants.PER_RING.occupancy_angular.NO_OUTWARD_GATE.per_view[1].angular_power[4],57628.37514077561
variants.PER_RING.occupancy_angular.NO_OUTWARD_GATE.per_view[1].angular_power[5],47614.7963654986
variants.PER_RING.occupancy_angular.NO_OUTWARD_GATE.per_view[1].angular_power[6],39042.82542558657
variants.PER_RING.occupancy_angular.NO_OUTWARD_GATE.per_view[1].angular_power[7],33919.61475669809
variants.PER_RING.occupancy_angular.NO_OUTWARD_GATE.per_view[1].angular_power[8],27938.693658617605
variants.PER_RING.occupancy_angular.NO_OUTWARD_GATE.per_view[1].angular_power[9],25947.787274536986
variants.PER_RING.occupancy_angular.NO_OUTWARD_GATE.per_view[1].angular_power[10],22387.650716794353
variants.PER_RING.occupancy_angular.NO_OUTWARD_GATE.per_view[1].angular_power[11],20504.262555944628
variants.PER_RING.occupancy_angular.NO_OUTWARD_GATE.per_view[1].angular_power[12],18097.559569170426
variants.PER_RING.occupancy_angular.NO_OUTWARD_GATE.per_view[1].angular_power[13],16410.281764740565
variants.PER_RING.occupancy_angular.NO_OUTWARD_GATE.per_view[1].angular_power[14],15012.694775052463
variants.PER_RING.occupancy_angular.NO_OUTWARD_GATE.per_view[1].angular_power[15],13923.479480319576
variants.PER_RING.occupancy_angular.NO_OUTWARD_GATE.per_view[1].angular_power[16],12758.712766472869
variants.PER_RING.occupancy_angular.NO_OUTWARD_GATE.per_view[1].angular_power[17],11943.107385179877
variants.PER_RING.occupancy_angular.NO_OUTWARD_GATE.per_view[1].angular_power[18],11111.834511695277
variants.PER_RING.occupancy_angular.NO_OUTWARD_GATE.per_view[1].angular_power[19],10261.32652506645
variants.PER_RING.occupancy_angular.NO_OUTWARD_GATE.per_view[1].angular_power[20],9773.16524456847
variants.PER_RING.occupancy_angular.NO_OUTWARD_GATE.per_view[1].angular_power[21],9176.253315216125
variants.PER_RING.occupancy_angular.NO_OUTWARD_GATE.per_view[1].angular_power[22],8557.493672799386
variants.PER_RING.occupancy_angular.NO_OUTWARD_GATE.per_view[1].angular_power[23],8027.219924968275
variants.PER_RING.occupancy_angular.NO_OUTWARD_GATE.per_view[1].angular_power[24],7760.01326409861
variants.PER_RING.occupancy_angular.NO_OUTWARD_GATE.per_view[1].angular_power[25],7244.052606135651
variants.PER_RING.occupancy_angular.NO_OUTWARD_GATE.per_view[1].angular_power[26],6870.767149678487
variants.PER_RING.occupancy_angular.NO_OUTWARD_GATE.per_view[1].angular_power[27],6606.059557185931
variants.PER_RING.occupancy_angular.NO_OUTWARD_GATE.per_view[1].angular_power[28],6262.735280793743
variants.PER_RING.occupancy_angular.NO_OUTWARD_GATE.per_view[1].angular_power[29],6034.2778331132795
variants.PER_RING.occupancy_angular.NO_OUTWARD_GATE.per_view[1].angular_power[30],5666.0766659160545
variants.PER_RING.occupancy_angular.NO_OUTWARD_GATE.per_view[1].angular_power[31],5455.446630257709
variants.PER_RING.occupancy_angular.NO_OUTWARD_GATE.per_view[1].angular_power[32],5251.934342410138
variants.PER_RING.occupancy_angular.NO_OUTWARD_GATE.per_view[1].angular_power[33],5039.922346696502
variants.PER_RING.occupancy_angular.NO_OUTWARD_GATE.per_view[1].angular_power[34],4826.774178365986
variants.PER_RING.occupancy_angular.NO_OUTWARD_GATE.per_view[1].angular_power[35],4604.837050040667
variants.PER_RING.occupancy_angular.NO_OUTWARD_GATE.per_view[1].angular_power[36],4437.165888070436
variants.PER_RING.occupancy_angular.NO_OUTWARD_GATE.per_view[1].angular_power[37],4324.032358714966
variants.PER_RING.occupancy_angular.NO_OUTWARD_GATE.per_view[1].angular_power[38],4146.1515415222375
variants.PER_RING.occupancy_angular.NO_OUTWARD_GATE.per_view[1].angular_power[39],4044.9212584254105
variants.PER_RING.occupancy_angular.NO_OUTWARD_GATE.per_view[1].angular_power[40],3837.953744063305
variants.PER_RING.occupancy_angular.NO_OUTWARD_GATE.per_view[1].angular_power[41],3782.7040750790643
variants.PER_RING.occupancy_angular.NO_OUTWARD_GATE.per_view[1].angular_power[42],3606.3827454980637
variants.PER_RING.occupancy_angular.NO_OUTWARD_GATE.per_view[1].angular_power[43],3484.6169856287065
variants.PER_RING.occupancy_angular.NO_OUTWARD_GATE.per_view[1].angular_power[44],3339.4888148197783
variants.PER_RING.occupancy_angular.NO_OUTWARD_GATE.per_view[1].angular_power[45],3304.3880899200108
variants.PER_RING.occupancy_angular.NO_OUTWARD_GATE.per_view[1].angular_power[46],3174.4332095240197
variants.PER_RING.occupancy_angular.NO_OUTWARD_GATE.per_view[1].angular_power[47],3139.0743290758605
variants.PER_RING.occupancy_angular.NO_OUTWARD_GATE.per_view[1].angular_power[48],2998.336172878365
variants.PER_RING.occupancy_angular.NO_OUTWARD_GATE.per_view[1].angular_power[49],2936.991257381962
variants.PER_RING.occupancy_angular.NO_OUTWARD_GATE.per_view[1].angular_power[50],2775.7165486147733
variants.PER_RING.occupancy_angular.NO_OUTWARD_GATE.per_view[1].angular_power[51],2755.741447390184
variants.PER_RING.occupancy_angular.NO_OUTWARD_GATE.per_view[1].angular_power[52],2650.827014450339
variants.PER_RING.occupancy_angular.NO_OUTWARD_GATE.per_view[1].angular_power[53],2595.368768173228
variants.PER_RING.occupancy_angular.NO_OUTWARD_GATE.per_view[1].angular_power[54],2517.5386941031497
variants.PER_RING.occupancy_angular.NO_OUTWARD_GATE.per_view[1].angular_power[55],2483.1053363026786
variants.PER_RING.occupancy_angular.NO_OUTWARD_GATE.per_view[1].angular_power[56],2391.5625070227447
variants.PER_RING.occupancy_angular.NO_OUTWARD_GATE.per_view[1].angular_power[57],2355.294473357319
variants.PER_RING.occupancy_angular.NO_OUTWARD_GATE.per_view[1].angular_power[58],2281.4114367157767
variants.PER_RING.occupancy_angular.NO_OUTWARD_GATE.per_view[1].angular_power[59],2206.728376952309
variants.PER_RING.occupancy_angular.NO_OUTWARD_GATE.per_view[1].angular_power[60],2162.6284269047637
variants.PER_RING.occupancy_angular.NO_OUTWARD_GATE.per_view[1].angular_power[61],2121.318114075334
variants.PER_RING.occupancy_angular.NO_OUTWARD_GATE.per_view[1].angular_power[62],2083.303737157117
variants.PER_RING.occupancy_angular.NO_OUTWARD_GATE.per_view[1].angular_power[63],2010.0888303762397
variants.PER_RING.occupancy_angular.NO_OUTWARD_GATE.per_view[1].dominant_mode,1
variants.PER_RING.occupancy_angular.NO_OUTWARD_GATE.per_view[1].spoke_anisotropy,0.43692342251004784
variants.PER_RING.occupancy_angular.NO_OUTWARD_GATE.per_view[1].lattice_harmonic_fraction,0.04593858813786419
variants.PER_RING.occupancy_angular.NO_OUTWARD_GATE.per_view[1].mode32_relative_to_neighbors,0.9894491320608507
variants.PER_RING.occupancy_angular.NO_OUTWARD_GATE.per_view[1].chart_center_hf_correlation,0.5676335646725289
variants.PER_RING.occupancy_angular.NO_OUTWARD_GATE.per_view[2].view,2
variants.PER_RING.occupancy_angular.NO_OUTWARD_GATE.per_view[2].centers,1024
variants.PER_RING.occupancy_angular.NO_OUTWARD_GATE.per_view[2].modes[0],1
variants.PER_RING.occupancy_angular.NO_OUTWARD_GATE.per_view[2].modes[1],2
variants.PER_RING.occupancy_angular.NO_OUTWARD_GATE.per_view[2].modes[2],3
variants.PER_RING.occupancy_angular.NO_OUTWARD_GATE.per_view[2].modes[3],4
variants.PER_RING.occupancy_angular.NO_OUTWARD_GATE.per_view[2].modes[4],5
variants.PER_RING.occupancy_angular.NO_OUTWARD_GATE.per_view[2].modes[5],6
variants.PER_RING.occupancy_angular.NO_OUTWARD_GATE.per_view[2].modes[6],7
variants.PER_RING.occupancy_angular.NO_OUTWARD_GATE.per_view[2].modes[7],8
variants.PER_RING.occupancy_angular.NO_OUTWARD_GATE.per_view[2].modes[8],9
variants.PER_RING.occupancy_angular.NO_OUTWARD_GATE.per_view[2].modes[9],10
variants.PER_RING.occupancy_angular.NO_OUTWARD_GATE.per_view[2].modes[10],11
variants.PER_RING.occupancy_angular.NO_OUTWARD_GATE.per_view[2].modes[11],12
variants.PER_RING.occupancy_angular.NO_OUTWARD_GATE.per_view[2].modes[12],13
variants.PER_RING.occupancy_angular.NO_OUTWARD_GATE.per_view[2].modes[13],14
variants.PER_RING.occupancy_angular.NO_OUTWARD_GATE.per_view[2].modes[14],15
variants.PER_RING.occupancy_angular.NO_OUTWARD_GATE.per_view[2].modes[15],16
variants.PER_RING.occupancy_angular.NO_OUTWARD_GATE.per_view[2].modes[16],17
variants.PER_RING.occupancy_angular.NO_OUTWARD_GATE.per_view[2].modes[17],18
variants.PER_RING.occupancy_angular.NO_OUTWARD_GATE.per_view[2].modes[18],19
variants.PER_RING.occupancy_angular.NO_OUTWARD_GATE.per_view[2].modes[19],20
variants.PER_RING.occupancy_angular.NO_OUTWARD_GATE.per_view[2].modes[20],21
variants.PER_RING.occupancy_angular.NO_OUTWARD_GATE.per_view[2].modes[21],22
variants.PER_RING.occupancy_angular.NO_OUTWARD_GATE.per_view[2].modes[22],23
variants.PER_RING.occupancy_angular.NO_OUTWARD_GATE.per_view[2].modes[23],24
variants.PER_RING.occupancy_angular.NO_OUTWARD_GATE.per_view[2].modes[24],25
variants.PER_RING.occupancy_angular.NO_OUTWARD_GATE.per_view[2].modes[25],26
variants.PER_RING.occupancy_angular.NO_OUTWARD_GATE.per_view[2].modes[26],27
variants.PER_RING.occupancy_angular.NO_OUTWARD_GATE.per_view[2].modes[27],28
variants.PER_RING.occupancy_angular.NO_OUTWARD_GATE.per_view[2].modes[28],29
variants.PER_RING.occupancy_angular.NO_OUTWARD_GATE.per_view[2].modes[29],30
variants.PER_RING.occupancy_angular.NO_OUTWARD_GATE.per_view[2].modes[30],31
variants.PER_RING.occupancy_angular.NO_OUTWARD_GATE.per_view[2].modes[31],32
variants.PER_RING.occupancy_angular.NO_OUTWARD_GATE.per_view[2].modes[32],33
variants.PER_RING.occupancy_angular.NO_OUTWARD_GATE.per_view[2].modes[33],34
variants.PER_RING.occupancy_angular.NO_OUTWARD_GATE.per_view[2].modes[34],35
variants.PER_RING.occupancy_angular.NO_OUTWARD_GATE.per_view[2].modes[35],36
variants.PER_RING.occupancy_angular.NO_OUTWARD_GATE.per_view[2].modes[36],37
variants.PER_RING.occupancy_angular.NO_OUTWARD_GATE.per_view[2].modes[37],38
variants.PER_RING.occupancy_angular.NO_OUTWARD_GATE.per_view[2].modes[38],39
variants.PER_RING.occupancy_angular.NO_OUTWARD_GATE.per_view[2].modes[39],40
variants.PER_RING.occupancy_angular.NO_OUTWARD_GATE.per_view[2].modes[40],41
variants.PER_RING.occupancy_angular.NO_OUTWARD_GATE.per_view[2].modes[41],42
variants.PER_RING.occupancy_angular.NO_OUTWARD_GATE.per_view[2].modes[42],43
variants.PER_RING.occupancy_angular.NO_OUTWARD_GATE.per_view[2].modes[43],44
variants.PER_RING.occupancy_angular.NO_OUTWARD_GATE.per_view[2].modes[44],45
variants.PER_RING.occupancy_angular.NO_OUTWARD_GATE.per_view[2].modes[45],46
variants.PER_RING.occupancy_angular.NO_OUTWARD_GATE.per_view[2].modes[46],47
variants.PER_RING.occupancy_angular.NO_OUTWARD_GATE.per_view[2].modes[47],48
variants.PER_RING.occupancy_angular.NO_OUTWARD_GATE.per_view[2].modes[48],49
variants.PER_RING.occupancy_angular.NO_OUTWARD_GATE.per_view[2].modes[49],50
variants.PER_RING.occupancy_angular.NO_OUTWARD_GATE.per_view[2].modes[50],51
variants.PER_RING.occupancy_angular.NO_OUTWARD_GATE.per_view[2].modes[51],52
variants.PER_RING.occupancy_angular.NO_OUTWARD_GATE.per_view[2].modes[52],53
variants.PER_RING.occupancy_angular.NO_OUTWARD_GATE.per_view[2].modes[53],54
variants.PER_RING.occupancy_angular.NO_OUTWARD_GATE.per_view[2].modes[54],55
variants.PER_RING.occupancy_angular.NO_OUTWARD_GATE.per_view[2].modes[55],56
variants.PER_RING.occupancy_angular.NO_OUTWARD_GATE.per_view[2].modes[56],57
variants.PER_RING.occupancy_angular.NO_OUTWARD_GATE.per_view[2].modes[57],58
variants.PER_RING.occupancy_angular.NO_OUTWARD_GATE.per_view[2].modes[58],59
variants.PER_RING.occupancy_angular.NO_OUTWARD_GATE.per_view[2].modes[59],60
variants.PER_RING.occupancy_angular.NO_OUTWARD_GATE.per_view[2].modes[60],61
variants.PER_RING.occupancy_angular.NO_OUTWARD_GATE.per_view[2].modes[61],62
variants.PER_RING.occupancy_angular.NO_OUTWARD_GATE.per_view[2].modes[62],63
variants.PER_RING.occupancy_angular.NO_OUTWARD_GATE.per_view[2].modes[63],64
variants.PER_RING.occupancy_angular.NO_OUTWARD_GATE.per_view[2].angular_power[0],113032.80900434457
variants.PER_RING.occupancy_angular.NO_OUTWARD_GATE.per_view[2].angular_power[1],85656.98405040808
variants.PER_RING.occupancy_angular.NO_OUTWARD_GATE.per_view[2].angular_power[2],47551.099896479536
variants.PER_RING.occupancy_angular.NO_OUTWARD_GATE.per_view[2].angular_power[3],41864.16887050406
variants.PER_RING.occupancy_angular.NO_OUTWARD_GATE.per_view[2].angular_power[4],28767.186479693286
variants.PER_RING.occupancy_angular.NO_OUTWARD_GATE.per_view[2].angular_power[5],26858.432842887276
variants.PER_RING.occupancy_angular.NO_OUTWARD_GATE.per_view[2].angular_power[6],21157.299709522642
variants.PER_RING.occupancy_angular.NO_OUTWARD_GATE.per_view[2].angular_power[7],18718.20945454351
variants.PER_RING.occupancy_angular.NO_OUTWARD_GATE.per_view[2].angular_power[8],15793.202000234452
variants.PER_RING.occupancy_angular.NO_OUTWARD_GATE.per_view[2].angular_power[9],14794.077819756792
variants.PER_RING.occupancy_angular.NO_OUTWARD_GATE.per_view[2].angular_power[10],12627.944689531962
variants.PER_RING.occupancy_angular.NO_OUTWARD_GATE.per_view[2].angular_power[11],11717.053378166798
variants.PER_RING.occupancy_angular.NO_OUTWARD_GATE.per_view[2].angular_power[12],10228.069102164081
variants.PER_RING.occupancy_angular.NO_OUTWARD_GATE.per_view[2].angular_power[13],9818.91290851322
variants.PER_RING.occupancy_angular.NO_OUTWARD_GATE.per_view[2].angular_power[14],8726.61203916536
variants.PER_RING.occupancy_angular.NO_OUTWARD_GATE.per_view[2].angular_power[15],8256.502817830233
variants.PER_RING.occupancy_angular.NO_OUTWARD_GATE.per_view[2].angular_power[16],7657.783063563262
variants.PER_RING.occupancy_angular.NO_OUTWARD_GATE.per_view[2].angular_power[17],7185.745742232453
variants.PER_RING.occupancy_angular.NO_OUTWARD_GATE.per_view[2].angular_power[18],6600.457414191873
variants.PER_RING.occupancy_angular.NO_OUTWARD_GATE.per_view[2].angular_power[19],6299.054229775672
variants.PER_RING.occupancy_angular.NO_OUTWARD_GATE.per_view[2].angular_power[20],5923.780312342565
variants.PER_RING.occupancy_angular.NO_OUTWARD_GATE.per_view[2].angular_power[21],5670.005673331002
variants.PER_RING.occupancy_angular.NO_OUTWARD_GATE.per_view[2].angular_power[22],5322.359632452293
variants.PER_RING.occupancy_angular.NO_OUTWARD_GATE.per_view[2].angular_power[23],5047.382434838268
variants.PER_RING.occupancy_angular.NO_OUTWARD_GATE.per_view[2].angular_power[24],4859.7115165477635
variants.PER_RING.occupancy_angular.NO_OUTWARD_GATE.per_view[2].angular_power[25],4593.034379632784
variants.PER_RING.occupancy_angular.NO_OUTWARD_GATE.per_view[2].angular_power[26],4358.36520852787
variants.PER_RING.occupancy_angular.NO_OUTWARD_GATE.per_view[2].angular_power[27],4211.894918664594
variants.PER_RING.occupancy_angular.NO_OUTWARD_GATE.per_view[2].angular_power[28],4066.755990212623
variants.PER_RING.occupancy_angular.NO_OUTWARD_GATE.per_view[2].angular_power[29],3878.451229070474
variants.PER_RING.occupancy_angular.NO_OUTWARD_GATE.per_view[2].angular_power[30],3729.2074475376726
variants.PER_RING.occupancy_angular.NO_OUTWARD_GATE.per_view[2].angular_power[31],3534.6402843406686
variants.PER_RING.occupancy_angular.NO_OUTWARD_GATE.per_view[2].angular_power[32],3450.455235059814
variants.PER_RING.occupancy_angular.NO_OUTWARD_GATE.per_view[2].angular_power[33],3300.1595292869924
variants.PER_RING.occupancy_angular.NO_OUTWARD_GATE.per_view[2].angular_power[34],3206.95076176021
variants.PER_RING.occupancy_angular.NO_OUTWARD_GATE.per_view[2].angular_power[35],3078.9789788017197
variants.PER_RING.occupancy_angular.NO_OUTWARD_GATE.per_view[2].angular_power[36],2985.5232354618083
variants.PER_RING.occupancy_angular.NO_OUTWARD_GATE.per_view[2].angular_power[37],2900.5237790298897
variants.PER_RING.occupancy_angular.NO_OUTWARD_GATE.per_view[2].angular_power[38],2816.272312463704
variants.PER_RING.occupancy_angular.NO_OUTWARD_GATE.per_view[2].angular_power[39],2693.8540198016617
variants.PER_RING.occupancy_angular.NO_OUTWARD_GATE.per_view[2].angular_power[40],2588.79768226801
variants.PER_RING.occupancy_angular.NO_OUTWARD_GATE.per_view[2].angular_power[41],2515.8758756448246
variants.PER_RING.occupancy_angular.NO_OUTWARD_GATE.per_view[2].angular_power[42],2427.8986675950937
variants.PER_RING.occupancy_angular.NO_OUTWARD_GATE.per_view[2].angular_power[43],2381.8378346827976
variants.PER_RING.occupancy_angular.NO_OUTWARD_GATE.per_view[2].angular_power[44],2291.600417735001
variants.PER_RING.occupancy_angular.NO_OUTWARD_GATE.per_view[2].angular_power[45],2260.934604439602
variants.PER_RING.occupancy_angular.NO_OUTWARD_GATE.per_view[2].angular_power[46],2185.4610316197204
variants.PER_RING.occupancy_angular.NO_OUTWARD_GATE.per_view[2].angular_power[47],2148.049374566906
variants.PER_RING.occupancy_angular.NO_OUTWARD_GATE.per_view[2].angular_power[48],2060.655757530846
variants.PER_RING.occupancy_angular.NO_OUTWARD_GATE.per_view[2].angular_power[49],2011.964490391751
variants.PER_RING.occupancy_angular.NO_OUTWARD_GATE.per_view[2].angular_power[50],1929.7941423422674
variants.PER_RING.occupancy_angular.NO_OUTWARD_GATE.per_view[2].angular_power[51],1900.372806100415
variants.PER_RING.occupancy_angular.NO_OUTWARD_GATE.per_view[2].angular_power[52],1867.9668858254338
variants.PER_RING.occupancy_angular.NO_OUTWARD_GATE.per_view[2].angular_power[53],1813.8399737297361
variants.PER_RING.occupancy_angular.NO_OUTWARD_GATE.per_view[2].angular_power[54],1768.011406338768
variants.PER_RING.occupancy_angular.NO_OUTWARD_GATE.per_view[2].angular_power[55],1755.4548621238225
variants.PER_RING.occupancy_angular.NO_OUTWARD_GATE.per_view[2].angular_power[56],1683.7141021145992
variants.PER_RING.occupancy_angular.NO_OUTWARD_GATE.per_view[2].angular_power[57],1665.237053342711
variants.PER_RING.occupancy_angular.NO_OUTWARD_GATE.per_view[2].angular_power[58],1610.5731181457925
variants.PER_RING.occupancy_angular.NO_OUTWARD_GATE.per_view[2].angular_power[59],1575.2972915129021
variants.PER_RING.occupancy_angular.NO_OUTWARD_GATE.per_view[2].angular_power[60],1538.151705754413
variants.PER_RING.occupancy_angular.NO_OUTWARD_GATE.per_view[2].angular_power[61],1506.5455865541933
variants.PER_RING.occupancy_angular.NO_OUTWARD_GATE.per_view[2].angular_power[62],1473.6785063565278
variants.PER_RING.occupancy_angular.NO_OUTWARD_GATE.per_view[2].angular_power[63],1439.5057294536339
variants.PER_RING.occupancy_angular.NO_OUTWARD_GATE.per_view[2].dominant_mode,1
variants.PER_RING.occupancy_angular.NO_OUTWARD_GATE.per_view[2].spoke_anisotropy,0.39126775719082063
variants.PER_RING.occupancy_angular.NO_OUTWARD_GATE.per_view[2].lattice_harmonic_fraction,0.04847824341903217
variants.PER_RING.occupancy_angular.NO_OUTWARD_GATE.per_view[2].mode32_relative_to_neighbors,0.9803929883856662
variants.PER_RING.occupancy_angular.NO_OUTWARD_GATE.per_view[2].chart_center_hf_correlation,0.45308402846918344
variants.PER_RING.occupancy_angular.NO_OUTWARD_GATE.per_view[3].view,3
variants.PER_RING.occupancy_angular.NO_OUTWARD_GATE.per_view[3].centers,1024
variants.PER_RING.occupancy_angular.NO_OUTWARD_GATE.per_view[3].modes[0],1
variants.PER_RING.occupancy_angular.NO_OUTWARD_GATE.per_view[3].modes[1],2
variants.PER_RING.occupancy_angular.NO_OUTWARD_GATE.per_view[3].modes[2],3
variants.PER_RING.occupancy_angular.NO_OUTWARD_GATE.per_view[3].modes[3],4
variants.PER_RING.occupancy_angular.NO_OUTWARD_GATE.per_view[3].modes[4],5
variants.PER_RING.occupancy_angular.NO_OUTWARD_GATE.per_view[3].modes[5],6
variants.PER_RING.occupancy_angular.NO_OUTWARD_GATE.per_view[3].modes[6],7
variants.PER_RING.occupancy_angular.NO_OUTWARD_GATE.per_view[3].modes[7],8
variants.PER_RING.occupancy_angular.NO_OUTWARD_GATE.per_view[3].modes[8],9
variants.PER_RING.occupancy_angular.NO_OUTWARD_GATE.per_view[3].modes[9],10
variants.PER_RING.occupancy_angular.NO_OUTWARD_GATE.per_view[3].modes[10],11
variants.PER_RING.occupancy_angular.NO_OUTWARD_GATE.per_view[3].modes[11],12
variants.PER_RING.occupancy_angular.NO_OUTWARD_GATE.per_view[3].modes[12],13
variants.PER_RING.occupancy_angular.NO_OUTWARD_GATE.per_view[3].modes[13],14
variants.PER_RING.occupancy_angular.NO_OUTWARD_GATE.per_view[3].modes[14],15
variants.PER_RING.occupancy_angular.NO_OUTWARD_GATE.per_view[3].modes[15],16
variants.PER_RING.occupancy_angular.NO_OUTWARD_GATE.per_view[3].modes[16],17
variants.PER_RING.occupancy_angular.NO_OUTWARD_GATE.per_view[3].modes[17],18
variants.PER_RING.occupancy_angular.NO_OUTWARD_GATE.per_view[3].modes[18],19
variants.PER_RING.occupancy_angular.NO_OUTWARD_GATE.per_view[3].modes[19],20
variants.PER_RING.occupancy_angular.NO_OUTWARD_GATE.per_view[3].modes[20],21
variants.PER_RING.occupancy_angular.NO_OUTWARD_GATE.per_view[3].modes[21],22
variants.PER_RING.occupancy_angular.NO_OUTWARD_GATE.per_view[3].modes[22],23
variants.PER_RING.occupancy_angular.NO_OUTWARD_GATE.per_view[3].modes[23],24
variants.PER_RING.occupancy_angular.NO_OUTWARD_GATE.per_view[3].modes[24],25
variants.PER_RING.occupancy_angular.NO_OUTWARD_GATE.per_view[3].modes[25],26
variants.PER_RING.occupancy_angular.NO_OUTWARD_GATE.per_view[3].modes[26],27
variants.PER_RING.occupancy_angular.NO_OUTWARD_GATE.per_view[3].modes[27],28
variants.PER_RING.occupancy_angular.NO_OUTWARD_GATE.per_view[3].modes[28],29
variants.PER_RING.occupancy_angular.NO_OUTWARD_GATE.per_view[3].modes[29],30
variants.PER_RING.occupancy_angular.NO_OUTWARD_GATE.per_view[3].modes[30],31
variants.PER_RING.occupancy_angular.NO_OUTWARD_GATE.per_view[3].modes[31],32
variants.PER_RING.occupancy_angular.NO_OUTWARD_GATE.per_view[3].modes[32],33
variants.PER_RING.occupancy_angular.NO_OUTWARD_GATE.per_view[3].modes[33],34
variants.PER_RING.occupancy_angular.NO_OUTWARD_GATE.per_view[3].modes[34],35
variants.PER_RING.occupancy_angular.NO_OUTWARD_GATE.per_view[3].modes[35],36
variants.PER_RING.occupancy_angular.NO_OUTWARD_GATE.per_view[3].modes[36],37
variants.PER_RING.occupancy_angular.NO_OUTWARD_GATE.per_view[3].modes[37],38
variants.PER_RING.occupancy_angular.NO_OUTWARD_GATE.per_view[3].modes[38],39
variants.PER_RING.occupancy_angular.NO_OUTWARD_GATE.per_view[3].modes[39],40
variants.PER_RING.occupancy_angular.NO_OUTWARD_GATE.per_view[3].modes[40],41
variants.PER_RING.occupancy_angular.NO_OUTWARD_GATE.per_view[3].modes[41],42
variants.PER_RING.occupancy_angular.NO_OUTWARD_GATE.per_view[3].modes[42],43
variants.PER_RING.occupancy_angular.NO_OUTWARD_GATE.per_view[3].modes[43],44
variants.PER_RING.occupancy_angular.NO_OUTWARD_GATE.per_view[3].modes[44],45
variants.PER_RING.occupancy_angular.NO_OUTWARD_GATE.per_view[3].modes[45],46
variants.PER_RING.occupancy_angular.NO_OUTWARD_GATE.per_view[3].modes[46],47
variants.PER_RING.occupancy_angular.NO_OUTWARD_GATE.per_view[3].modes[47],48
variants.PER_RING.occupancy_angular.NO_OUTWARD_GATE.per_view[3].modes[48],49
variants.PER_RING.occupancy_angular.NO_OUTWARD_GATE.per_view[3].modes[49],50
variants.PER_RING.occupancy_angular.NO_OUTWARD_GATE.per_view[3].modes[50],51
variants.PER_RING.occupancy_angular.NO_OUTWARD_GATE.per_view[3].modes[51],52
variants.PER_RING.occupancy_angular.NO_OUTWARD_GATE.per_view[3].modes[52],53
variants.PER_RING.occupancy_angular.NO_OUTWARD_GATE.per_view[3].modes[53],54
variants.PER_RING.occupancy_angular.NO_OUTWARD_GATE.per_view[3].modes[54],55
variants.PER_RING.occupancy_angular.NO_OUTWARD_GATE.per_view[3].modes[55],56
variants.PER_RING.occupancy_angular.NO_OUTWARD_GATE.per_view[3].modes[56],57
variants.PER_RING.occupancy_angular.NO_OUTWARD_GATE.per_view[3].modes[57],58
variants.PER_RING.occupancy_angular.NO_OUTWARD_GATE.per_view[3].modes[58],59
variants.PER_RING.occupancy_angular.NO_OUTWARD_GATE.per_view[3].modes[59],60
variants.PER_RING.occupancy_angular.NO_OUTWARD_GATE.per_view[3].modes[60],61
variants.PER_RING.occupancy_angular.NO_OUTWARD_GATE.per_view[3].modes[61],62
variants.PER_RING.occupancy_angular.NO_OUTWARD_GATE.per_view[3].modes[62],63
variants.PER_RING.occupancy_angular.NO_OUTWARD_GATE.per_view[3].modes[63],64
variants.PER_RING.occupancy_angular.NO_OUTWARD_GATE.per_view[3].angular_power[0],267768.03083891334
variants.PER_RING.occupancy_angular.NO_OUTWARD_GATE.per_view[3].angular_power[1],185952.27704696197
variants.PER_RING.occupancy_angular.NO_OUTWARD_GATE.per_view[3].angular_power[2],102394.74934168308
variants.PER_RING.occupancy_angular.NO_OUTWARD_GATE.per_view[3].angular_power[3],89712.37379275572
variants.PER_RING.occupancy_angular.NO_OUTWARD_GATE.per_view[3].angular_power[4],62710.01020967637
variants.PER_RING.occupancy_angular.NO_OUTWARD_GATE.per_view[3].angular_power[5],55837.91264107428
variants.PER_RING.occupancy_angular.NO_OUTWARD_GATE.per_view[3].angular_power[6],43373.00744344019
variants.PER_RING.occupancy_angular.NO_OUTWARD_GATE.per_view[3].angular_power[7],40028.44817476614
variants.PER_RING.occupancy_angular.NO_OUTWARD_GATE.per_view[3].angular_power[8],33473.712677505755
variants.PER_RING.occupancy_angular.NO_OUTWARD_GATE.per_view[3].angular_power[9],31068.59916699634
variants.PER_RING.occupancy_angular.NO_OUTWARD_GATE.per_view[3].angular_power[10],26971.457319031855
variants.PER_RING.occupancy_angular.NO_OUTWARD_GATE.per_view[3].angular_power[11],25170.859988425756
variants.PER_RING.occupancy_angular.NO_OUTWARD_GATE.per_view[3].angular_power[12],22304.661400766396
variants.PER_RING.occupancy_angular.NO_OUTWARD_GATE.per_view[3].angular_power[13],21113.0723444192
variants.PER_RING.occupancy_angular.NO_OUTWARD_GATE.per_view[3].angular_power[14],19009.512403201697
variants.PER_RING.occupancy_angular.NO_OUTWARD_GATE.per_view[3].angular_power[15],18083.271266946183
variants.PER_RING.occupancy_angular.NO_OUTWARD_GATE.per_view[3].angular_power[16],16150.770092347819
variants.PER_RING.occupancy_angular.NO_OUTWARD_GATE.per_view[3].angular_power[17],15077.82210310948
variants.PER_RING.occupancy_angular.NO_OUTWARD_GATE.per_view[3].angular_power[18],13978.328716106758
variants.PER_RING.occupancy_angular.NO_OUTWARD_GATE.per_view[3].angular_power[19],13343.33314044159
variants.PER_RING.occupancy_angular.NO_OUTWARD_GATE.per_view[3].angular_power[20],12306.969232291238
variants.PER_RING.occupancy_angular.NO_OUTWARD_GATE.per_view[3].angular_power[21],11526.719635190078
variants.PER_RING.occupancy_angular.NO_OUTWARD_GATE.per_view[3].angular_power[22],10903.73042146178
variants.PER_RING.occupancy_angular.NO_OUTWARD_GATE.per_view[3].angular_power[23],10338.020818027719
variants.PER_RING.occupancy_angular.NO_OUTWARD_GATE.per_view[3].angular_power[24],9852.778544436242
variants.PER_RING.occupancy_angular.NO_OUTWARD_GATE.per_view[3].angular_power[25],9280.721395050714
variants.PER_RING.occupancy_angular.NO_OUTWARD_GATE.per_view[3].angular_power[26],8905.30463759551
variants.PER_RING.occupancy_angular.NO_OUTWARD_GATE.per_view[3].angular_power[27],8431.174306116234
variants.PER_RING.occupancy_angular.NO_OUTWARD_GATE.per_view[3].angular_power[28],8013.879895658477
variants.PER_RING.occupancy_angular.NO_OUTWARD_GATE.per_view[3].angular_power[29],7599.107919073705
variants.PER_RING.occupancy_angular.NO_OUTWARD_GATE.per_view[3].angular_power[30],7355.723148827729
variants.PER_RING.occupancy_angular.NO_OUTWARD_GATE.per_view[3].angular_power[31],6927.249769540078
variants.PER_RING.occupancy_angular.NO_OUTWARD_GATE.per_view[3].angular_power[32],6778.43213527215
variants.PER_RING.occupancy_angular.NO_OUTWARD_GATE.per_view[3].angular_power[33],6400.4521323262525
variants.PER_RING.occupancy_angular.NO_OUTWARD_GATE.per_view[3].angular_power[34],6216.589971804425
variants.PER_RING.occupancy_angular.NO_OUTWARD_GATE.per_view[3].angular_power[35],5908.5472084743105
variants.PER_RING.occupancy_angular.NO_OUTWARD_GATE.per_view[3].angular_power[36],5714.888006935317
variants.PER_RING.occupancy_angular.NO_OUTWARD_GATE.per_view[3].angular_power[37],5540.964676767071
variants.PER_RING.occupancy_angular.NO_OUTWARD_GATE.per_view[3].angular_power[38],5288.668867644343
variants.PER_RING.occupancy_angular.NO_OUTWARD_GATE.per_view[3].angular_power[39],5090.61604329019
variants.PER_RING.occupancy_angular.NO_OUTWARD_GATE.per_view[3].angular_power[40],4953.1916395220105
variants.PER_RING.occupancy_angular.NO_OUTWARD_GATE.per_view[3].angular_power[41],4768.370728362626
variants.PER_RING.occupancy_angular.NO_OUTWARD_GATE.per_view[3].angular_power[42],4545.757141931976
variants.PER_RING.occupancy_angular.NO_OUTWARD_GATE.per_view[3].angular_power[43],4468.100759760641
variants.PER_RING.occupancy_angular.NO_OUTWARD_GATE.per_view[3].angular_power[44],4302.619783392212
variants.PER_RING.occupancy_angular.NO_OUTWARD_GATE.per_view[3].angular_power[45],4180.5427851251
variants.PER_RING.occupancy_angular.NO_OUTWARD_GATE.per_view[3].angular_power[46],4041.592909401091
variants.PER_RING.occupancy_angular.NO_OUTWARD_GATE.per_view[3].angular_power[47],3898.316012861173
variants.PER_RING.occupancy_angular.NO_OUTWARD_GATE.per_view[3].angular_power[48],3808.6671604666926
variants.PER_RING.occupancy_angular.NO_OUTWARD_GATE.per_view[3].angular_power[49],3662.4786008306583
variants.PER_RING.occupancy_angular.NO_OUTWARD_GATE.per_view[3].angular_power[50],3560.1239015240685
variants.PER_RING.occupancy_angular.NO_OUTWARD_GATE.per_view[3].angular_power[51],3437.16827800238
variants.PER_RING.occupancy_angular.NO_OUTWARD_GATE.per_view[3].angular_power[52],3354.585679052852
variants.PER_RING.occupancy_angular.NO_OUTWARD_GATE.per_view[3].angular_power[53],3273.9420954668913
variants.PER_RING.occupancy_angular.NO_OUTWARD_GATE.per_view[3].angular_power[54],3166.2721989197867
variants.PER_RING.occupancy_angular.NO_OUTWARD_GATE.per_view[3].angular_power[55],3086.2034387156737
variants.PER_RING.occupancy_angular.NO_OUTWARD_GATE.per_view[3].angular_power[56],3008.4889263299588
variants.PER_RING.occupancy_angular.NO_OUTWARD_GATE.per_view[3].angular_power[57],2925.3317818755254
variants.PER_RING.occupancy_angular.NO_OUTWARD_GATE.per_view[3].angular_power[58],2836.6654649020898
variants.PER_RING.occupancy_angular.NO_OUTWARD_GATE.per_view[3].angular_power[59],2765.694477718318
variants.PER_RING.occupancy_angular.NO_OUTWARD_GATE.per_view[3].angular_power[60],2719.784234662055
variants.PER_RING.occupancy_angular.NO_OUTWARD_GATE.per_view[3].angular_power[61],2667.739293908233
variants.PER_RING.occupancy_angular.NO_OUTWARD_GATE.per_view[3].angular_power[62],2589.4496312789784
variants.PER_RING.occupancy_angular.NO_OUTWARD_GATE.per_view[3].angular_power[63],2535.411698187807
variants.PER_RING.occupancy_angular.NO_OUTWARD_GATE.per_view[3].dominant_mode,1
variants.PER_RING.occupancy_angular.NO_OUTWARD_GATE.per_view[3].spoke_anisotropy,0.4130203407652577
variants.PER_RING.occupancy_angular.NO_OUTWARD_GATE.per_view[3].lattice_harmonic_fraction,0.04830370420209761
variants.PER_RING.occupancy_angular.NO_OUTWARD_GATE.per_view[3].mode32_relative_to_neighbors,0.9810999177279994
variants.PER_RING.occupancy_angular.NO_OUTWARD_GATE.per_view[3].chart_center_hf_correlation,0.5573848915875784
variants.PER_RING.occupancy_angular.NO_OUTWARD_GATE.spoke_anisotropy,0.4108148888590205
variants.PER_RING.occupancy_angular.NO_OUTWARD_GATE.lattice_harmonic_fraction,0.04823598768495235
variants.PER_RING.occupancy_angular.NO_OUTWARD_GATE.mode32_relative_to_neighbors,0.9890974305825635
variants.PER_RING.occupancy_angular.NO_OUTWARD_GATE.chart_center_hf_correlation,0.5281533877927186
variants.PER_CHART_PLUS_RING.whole_image_mse,17.364102687757203
variants.PER_CHART_PLUS_RING.foreground_mse,1244.1139888509472
variants.PER_CHART_PLUS_RING.interior_gt8px_mse,
variants.PER_CHART_PLUS_RING.silhouette_0_8px_mse,99.41327110673946
variants.PER_CHART_PLUS_RING.total_image_energy,5448943.212798949
variants.PER_CHART_PLUS_RING.foreground_mean_brightness,0.8385688803337419
variants.PER_CHART_PLUS_RING.edge_sharpness,0.3279733480086233
variants.PER_CHART_PLUS_RING.reference_edge_sharpness,2.19512979735671
variants.PER_CHART_PLUS_RING.edge_sharpness_ratio,0.14940954671726295
variants.PER_CHART_PLUS_RING.thin_feature_response_ratio,0.0055101621273502994
variants.PER_CHART_PLUS_RING.historical_squared_image_energy,6146082.75
variants.PER_CHART_PLUS_RING.stratification.samples_per_ring,32
variants.PER_CHART_PLUS_RING.stratification.radial_strata,32
variants.PER_CHART_PLUS_RING.stratification.minimum_angular_gap,0.19634954084936093
variants.PER_CHART_PLUS_RING.stratification.rho_digest,042954e8208f199a1ae7c8c3196b1f352006e95882f0356c783835a4a85dcadf
variants.PER_CHART_PLUS_RING.stratification.chart_and_radial_weights_identical,True
variants.PER_CHART_PLUS_RING.stratification.intrinsic_mode32_per_chart_mean,0.02327009361715185
variants.PER_CHART_PLUS_RING.stratification.intrinsic_mode32_across_charts,9.907358682335142e-06
variants.PER_CHART_PLUS_RING.artifact_metrics.per_view[0].gradient_magnitude_ratio,0.053828463918876815
variants.PER_CHART_PLUS_RING.artifact_metrics.per_view[0].gradient_cosine,0.001548107018540746
variants.PER_CHART_PLUS_RING.artifact_metrics.per_view[0].reference_aligned_gradient_energy,5281.22131687411
variants.PER_CHART_PLUS_RING.artifact_metrics.per_view[0].unmatched_gradient_energy,110994.00731833512
variants.PER_CHART_PLUS_RING.artifact_metrics.per_view[0].excess_hf_weak_reference,0.05332258452796807
variants.PER_CHART_PLUS_RING.artifact_metrics.per_view[0].gradient_squared_error,9.702700385597522
variants.PER_CHART_PLUS_RING.artifact_metrics.per_view[0].weak_reference_pixels,2028939
variants.PER_CHART_PLUS_RING.artifact_metrics.per_view[1].gradient_magnitude_ratio,0.05401067085988257
variants.PER_CHART_PLUS_RING.artifact_metrics.per_view[1].gradient_cosine,0.005035655631160108
variants.PER_CHART_PLUS_RING.artifact_metrics.per_view[1].reference_aligned_gradient_energy,3712.297625058656
variants.PER_CHART_PLUS_RING.artifact_metrics.per_view[1].unmatched_gradient_energy,72581.08945189793
variants.PER_CHART_PLUS_RING.artifact_metrics.per_view[1].excess_hf_weak_reference,0.034717679284397875
variants.PER_CHART_PLUS_RING.artifact_metrics.per_view[1].gradient_squared_error,6.321239089124093
variants.PER_CHART_PLUS_RING.artifact_metrics.per_view[1].weak_reference_pixels,2032827
variants.PER_CHART_PLUS_RING.artifact_metrics.per_view[2].gradient_magnitude_ratio,0.05547352325598782
variants.PER_CHART_PLUS_RING.artifact_metrics.per_view[2].gradient_cosine,0.0028637352373702164
variants.PER_CHART_PLUS_RING.artifact_metrics.per_view[2].reference_aligned_gradient_energy,5215.513828737208
variants.PER_CHART_PLUS_RING.artifact_metrics.per_view[2].unmatched_gradient_energy,118015.80555843905
variants.PER_CHART_PLUS_RING.artifact_metrics.per_view[2].excess_hf_weak_reference,0.05684768982176079
variants.PER_CHART_PLUS_RING.artifact_metrics.per_view[2].gradient_squared_error,9.68258776869353
variants.PER_CHART_PLUS_RING.artifact_metrics.per_view[2].weak_reference_pixels,2026421
variants.PER_CHART_PLUS_RING.artifact_metrics.per_view[3].gradient_magnitude_ratio,0.05590085217875019
variants.PER_CHART_PLUS_RING.artifact_metrics.per_view[3].gradient_cosine,0.006690616807562267
variants.PER_CHART_PLUS_RING.artifact_metrics.per_view[3].reference_aligned_gradient_energy,3240.017517215955
variants.PER_CHART_PLUS_RING.artifact_metrics.per_view[3].unmatched_gradient_energy,70023.17164508735
variants.PER_CHART_PLUS_RING.artifact_metrics.per_view[3].excess_hf_weak_reference,0.03348248964346063
variants.PER_CHART_PLUS_RING.artifact_metrics.per_view[3].gradient_squared_error,5.6666321991240105
variants.PER_CHART_PLUS_RING.artifact_metrics.per_view[3].weak_reference_pixels,2038801
variants.PER_CHART_PLUS_RING.artifact_metrics.gradient_magnitude_ratio,0.05480337755337435
variants.PER_CHART_PLUS_RING.artifact_metrics.gradient_cosine,0.004034528673658335
variants.PER_CHART_PLUS_RING.artifact_metrics.reference_aligned_gradient_energy,4362.262571971482
variants.PER_CHART_PLUS_RING.artifact_metrics.unmatched_gradient_energy,92903.51849343987
variants.PER_CHART_PLUS_RING.artifact_metrics.excess_hf_weak_reference,0.04459261081939684
variants.PER_CHART_PLUS_RING.artifact_metrics.gradient_squared_error,7.843289860634789
variants.PER_CHART_PLUS_RING.artifact_metrics.weak_reference_pixels,2031747.0
variants.PER_CHART_PLUS_RING.local_measure.reference_cells,4096
variants.PER_CHART_PLUS_RING.local_measure.mean_absolute_local_mass_error,7.987115532159805e-05
variants.PER_CHART_PLUS_RING.local_measure.normalized_mean_absolute_error,0.3271522521972656
variants.PER_CHART_PLUS_RING.local_measure.p90_local_mass_error,0.0001577138900756836
variants.PER_CHART_PLUS_RING.local_measure.p95_local_mass_error,0.00018870830535888672
variants.PER_CHART_PLUS_RING.local_measure.total_variation_distance,0.1635761260986328
variants.PER_CHART_PLUS_RING.local_measure.thin_feature_region_mass_error,7.902606716000936e-05
variants.PER_CHART_PLUS_RING.local_measure.high_curvature_region_mass_error,8.115614764392376e-05
variants.PER_CHART_PLUS_RING.local_measure.silhouette_near_region_mass_error,7.98943281298598e-05
variants.PER_CHART_PLUS_RING.local_measure.thin_feature_rule,top 18% reference points by world z
variants.PER_CHART_PLUS_RING.local_measure.high_curvature_rule,top quartile eight-neighbor normal variation
variants.PER_CHART_PLUS_RING.local_measure.silhouette_rule,min absolute normal-dot-four-view-direction <= 0.15
variants.PER_CHART_PLUS_RING.local_measure.sampler_mass_sum,1.0
variants.PER_CHART_PLUS_RING.shared_ray_compatible,False
variants.PER_CHART_PLUS_RING.cache_digest,b3109c226af37956bf233f54735631cbd5b02439ce35c22cd0e4786c44d0a370
variants.PER_CHART_PLUS_RING.weights_digest,d249e421fe414b62f6d1c2d6f54e47ab411bca43f0bea3d83360371ad53f5979
variants.PER_CHART_PLUS_RING.source_mass,9.088634202953163
variants.PER_CHART_PLUS_RING.emitter_count,1048576
variants.PER_CHART_PLUS_RING.runtime.mapping_seconds,18.28018769295886
variants.PER_CHART_PLUS_RING.runtime.mapping_peak_cuda_mib,420.349609375
variants.PER_CHART_PLUS_RING.runtime.transport_seconds,4.023958323057741
variants.PER_CHART_PLUS_RING.runtime.transport_peak_cuda_mib,422.666015625
variants.PER_CHART_PLUS_RING.occupancy_angular.HARD_OUTWARD.per_view[0].view,0
variants.PER_CHART_PLUS_RING.occupancy_angular.HARD_OUTWARD.per_view[0].centers,1024
variants.PER_CHART_PLUS_RING.occupancy_angular.HARD_OUTWARD.per_view[0].modes[0],1
variants.PER_CHART_PLUS_RING.occupancy_angular.HARD_OUTWARD.per_view[0].modes[1],2
variants.PER_CHART_PLUS_RING.occupancy_angular.HARD_OUTWARD.per_view[0].modes[2],3
variants.PER_CHART_PLUS_RING.occupancy_angular.HARD_OUTWARD.per_view[0].modes[3],4
variants.PER_CHART_PLUS_RING.occupancy_angular.HARD_OUTWARD.per_view[0].modes[4],5
variants.PER_CHART_PLUS_RING.occupancy_angular.HARD_OUTWARD.per_view[0].modes[5],6
variants.PER_CHART_PLUS_RING.occupancy_angular.HARD_OUTWARD.per_view[0].modes[6],7
variants.PER_CHART_PLUS_RING.occupancy_angular.HARD_OUTWARD.per_view[0].modes[7],8
variants.PER_CHART_PLUS_RING.occupancy_angular.HARD_OUTWARD.per_view[0].modes[8],9
variants.PER_CHART_PLUS_RING.occupancy_angular.HARD_OUTWARD.per_view[0].modes[9],10
variants.PER_CHART_PLUS_RING.occupancy_angular.HARD_OUTWARD.per_view[0].modes[10],11
variants.PER_CHART_PLUS_RING.occupancy_angular.HARD_OUTWARD.per_view[0].modes[11],12
variants.PER_CHART_PLUS_RING.occupancy_angular.HARD_OUTWARD.per_view[0].modes[12],13
variants.PER_CHART_PLUS_RING.occupancy_angular.HARD_OUTWARD.per_view[0].modes[13],14
variants.PER_CHART_PLUS_RING.occupancy_angular.HARD_OUTWARD.per_view[0].modes[14],15
variants.PER_CHART_PLUS_RING.occupancy_angular.HARD_OUTWARD.per_view[0].modes[15],16
variants.PER_CHART_PLUS_RING.occupancy_angular.HARD_OUTWARD.per_view[0].modes[16],17
variants.PER_CHART_PLUS_RING.occupancy_angular.HARD_OUTWARD.per_view[0].modes[17],18
variants.PER_CHART_PLUS_RING.occupancy_angular.HARD_OUTWARD.per_view[0].modes[18],19
variants.PER_CHART_PLUS_RING.occupancy_angular.HARD_OUTWARD.per_view[0].modes[19],20
variants.PER_CHART_PLUS_RING.occupancy_angular.HARD_OUTWARD.per_view[0].modes[20],21
variants.PER_CHART_PLUS_RING.occupancy_angular.HARD_OUTWARD.per_view[0].modes[21],22
variants.PER_CHART_PLUS_RING.occupancy_angular.HARD_OUTWARD.per_view[0].modes[22],23
variants.PER_CHART_PLUS_RING.occupancy_angular.HARD_OUTWARD.per_view[0].modes[23],24
variants.PER_CHART_PLUS_RING.occupancy_angular.HARD_OUTWARD.per_view[0].modes[24],25
variants.PER_CHART_PLUS_RING.occupancy_angular.HARD_OUTWARD.per_view[0].modes[25],26
variants.PER_CHART_PLUS_RING.occupancy_angular.HARD_OUTWARD.per_view[0].modes[26],27
variants.PER_CHART_PLUS_RING.occupancy_angular.HARD_OUTWARD.per_view[0].modes[27],28
variants.PER_CHART_PLUS_RING.occupancy_angular.HARD_OUTWARD.per_view[0].modes[28],29
variants.PER_CHART_PLUS_RING.occupancy_angular.HARD_OUTWARD.per_view[0].modes[29],30
variants.PER_CHART_PLUS_RING.occupancy_angular.HARD_OUTWARD.per_view[0].modes[30],31
variants.PER_CHART_PLUS_RING.occupancy_angular.HARD_OUTWARD.per_view[0].modes[31],32
variants.PER_CHART_PLUS_RING.occupancy_angular.HARD_OUTWARD.per_view[0].modes[32],33
variants.PER_CHART_PLUS_RING.occupancy_angular.HARD_OUTWARD.per_view[0].modes[33],34
variants.PER_CHART_PLUS_RING.occupancy_angular.HARD_OUTWARD.per_view[0].modes[34],35
variants.PER_CHART_PLUS_RING.occupancy_angular.HARD_OUTWARD.per_view[0].modes[35],36
variants.PER_CHART_PLUS_RING.occupancy_angular.HARD_OUTWARD.per_view[0].modes[36],37
variants.PER_CHART_PLUS_RING.occupancy_angular.HARD_OUTWARD.per_view[0].modes[37],38
variants.PER_CHART_PLUS_RING.occupancy_angular.HARD_OUTWARD.per_view[0].modes[38],39
variants.PER_CHART_PLUS_RING.occupancy_angular.HARD_OUTWARD.per_view[0].modes[39],40
variants.PER_CHART_PLUS_RING.occupancy_angular.HARD_OUTWARD.per_view[0].modes[40],41
variants.PER_CHART_PLUS_RING.occupancy_angular.HARD_OUTWARD.per_view[0].modes[41],42
variants.PER_CHART_PLUS_RING.occupancy_angular.HARD_OUTWARD.per_view[0].modes[42],43
variants.PER_CHART_PLUS_RING.occupancy_angular.HARD_OUTWARD.per_view[0].modes[43],44
variants.PER_CHART_PLUS_RING.occupancy_angular.HARD_OUTWARD.per_view[0].modes[44],45
variants.PER_CHART_PLUS_RING.occupancy_angular.HARD_OUTWARD.per_view[0].modes[45],46
variants.PER_CHART_PLUS_RING.occupancy_angular.HARD_OUTWARD.per_view[0].modes[46],47
variants.PER_CHART_PLUS_RING.occupancy_angular.HARD_OUTWARD.per_view[0].modes[47],48
variants.PER_CHART_PLUS_RING.occupancy_angular.HARD_OUTWARD.per_view[0].modes[48],49
variants.PER_CHART_PLUS_RING.occupancy_angular.HARD_OUTWARD.per_view[0].modes[49],50
variants.PER_CHART_PLUS_RING.occupancy_angular.HARD_OUTWARD.per_view[0].modes[50],51
variants.PER_CHART_PLUS_RING.occupancy_angular.HARD_OUTWARD.per_view[0].modes[51],52
variants.PER_CHART_PLUS_RING.occupancy_angular.HARD_OUTWARD.per_view[0].modes[52],53
variants.PER_CHART_PLUS_RING.occupancy_angular.HARD_OUTWARD.per_view[0].modes[53],54
variants.PER_CHART_PLUS_RING.occupancy_angular.HARD_OUTWARD.per_view[0].modes[54],55
variants.PER_CHART_PLUS_RING.occupancy_angular.HARD_OUTWARD.per_view[0].modes[55],56
variants.PER_CHART_PLUS_RING.occupancy_angular.HARD_OUTWARD.per_view[0].modes[56],57
variants.PER_CHART_PLUS_RING.occupancy_angular.HARD_OUTWARD.per_view[0].modes[57],58
variants.PER_CHART_PLUS_RING.occupancy_angular.HARD_OUTWARD.per_view[0].modes[58],59
variants.PER_CHART_PLUS_RING.occupancy_angular.HARD_OUTWARD.per_view[0].modes[59],60
variants.PER_CHART_PLUS_RING.occupancy_angular.HARD_OUTWARD.per_view[0].modes[60],61
variants.PER_CHART_PLUS_RING.occupancy_angular.HARD_OUTWARD.per_view[0].modes[61],62
variants.PER_CHART_PLUS_RING.occupancy_angular.HARD_OUTWARD.per_view[0].modes[62],63
variants.PER_CHART_PLUS_RING.occupancy_angular.HARD_OUTWARD.per_view[0].modes[63],64
variants.PER_CHART_PLUS_RING.occupancy_angular.HARD_OUTWARD.per_view[0].angular_power[0],59042.004394692696
variants.PER_CHART_PLUS_RING.occupancy_angular.HARD_OUTWARD.per_view[0].angular_power[1],46379.841123537604
variants.PER_CHART_PLUS_RING.occupancy_angular.HARD_OUTWARD.per_view[0].angular_power[2],24737.92042538292
variants.PER_CHART_PLUS_RING.occupancy_angular.HARD_OUTWARD.per_view[0].angular_power[3],22764.764501329493
variants.PER_CHART_PLUS_RING.occupancy_angular.HARD_OUTWARD.per_view[0].angular_power[4],15664.067812689591
variants.PER_CHART_PLUS_RING.occupancy_angular.HARD_OUTWARD.per_view[0].angular_power[5],14701.471184831804
variants.PER_CHART_PLUS_RING.occupancy_angular.HARD_OUTWARD.per_view[0].angular_power[6],11244.549761634169
variants.PER_CHART_PLUS_RING.occupancy_angular.HARD_OUTWARD.per_view[0].angular_power[7],10705.659825882609
variants.PER_CHART_PLUS_RING.occupancy_angular.HARD_OUTWARD.per_view[0].angular_power[8],8870.56228500656
variants.PER_CHART_PLUS_RING.occupancy_angular.HARD_OUTWARD.per_view[0].angular_power[9],8256.281263161842
variants.PER_CHART_PLUS_RING.occupancy_angular.HARD_OUTWARD.per_view[0].angular_power[10],7175.8735903760935
variants.PER_CHART_PLUS_RING.occupancy_angular.HARD_OUTWARD.per_view[0].angular_power[11],6684.055911194711
variants.PER_CHART_PLUS_RING.occupancy_angular.HARD_OUTWARD.per_view[0].angular_power[12],5996.502748735819
variants.PER_CHART_PLUS_RING.occupancy_angular.HARD_OUTWARD.per_view[0].angular_power[13],5556.825436879767
variants.PER_CHART_PLUS_RING.occupancy_angular.HARD_OUTWARD.per_view[0].angular_power[14],5084.8503971157115
variants.PER_CHART_PLUS_RING.occupancy_angular.HARD_OUTWARD.per_view[0].angular_power[15],4802.856582048329
variants.PER_CHART_PLUS_RING.occupancy_angular.HARD_OUTWARD.per_view[0].angular_power[16],4423.406062209135
variants.PER_CHART_PLUS_RING.occupancy_angular.HARD_OUTWARD.per_view[0].angular_power[17],4119.743194282052
variants.PER_CHART_PLUS_RING.occupancy_angular.HARD_OUTWARD.per_view[0].angular_power[18],3891.2618323491097
variants.PER_CHART_PLUS_RING.occupancy_angular.HARD_OUTWARD.per_view[0].angular_power[19],3671.9854104414353
variants.PER_CHART_PLUS_RING.occupancy_angular.HARD_OUTWARD.per_view[0].angular_power[20],3385.886316103986
variants.PER_CHART_PLUS_RING.occupancy_angular.HARD_OUTWARD.per_view[0].angular_power[21],3270.564607776499
variants.PER_CHART_PLUS_RING.occupancy_angular.HARD_OUTWARD.per_view[0].angular_power[22],3057.2296294907687
variants.PER_CHART_PLUS_RING.occupancy_angular.HARD_OUTWARD.per_view[0].angular_power[23],2945.8539595122948
variants.PER_CHART_PLUS_RING.occupancy_angular.HARD_OUTWARD.per_view[0].angular_power[24],2745.041832233048
variants.PER_CHART_PLUS_RING.occupancy_angular.HARD_OUTWARD.per_view[0].angular_power[25],2651.5959152242226
variants.PER_CHART_PLUS_RING.occupancy_angular.HARD_OUTWARD.per_view[0].angular_power[26],2517.0270824472673
variants.PER_CHART_PLUS_RING.occupancy_angular.HARD_OUTWARD.per_view[0].angular_power[27],2461.792338188948
variants.PER_CHART_PLUS_RING.occupancy_angular.HARD_OUTWARD.per_view[0].angular_power[28],2313.335681083578
variants.PER_CHART_PLUS_RING.occupancy_angular.HARD_OUTWARD.per_view[0].angular_power[29],2234.1311439472097
variants.PER_CHART_PLUS_RING.occupancy_angular.HARD_OUTWARD.per_view[0].angular_power[30],2081.7647711997947
variants.PER_CHART_PLUS_RING.occupancy_angular.HARD_OUTWARD.per_view[0].angular_power[31],2043.6385603479332
variants.PER_CHART_PLUS_RING.occupancy_angular.HARD_OUTWARD.per_view[0].angular_power[32],1923.6817219286847
variants.PER_CHART_PLUS_RING.occupancy_angular.HARD_OUTWARD.per_view[0].angular_power[33],1896.8474214824075
variants.PER_CHART_PLUS_RING.occupancy_angular.HARD_OUTWARD.per_view[0].angular_power[34],1799.8306402067642
variants.PER_CHART_PLUS_RING.occupancy_angular.HARD_OUTWARD.per_view[0].angular_power[35],1750.4506286949827
variants.PER_CHART_PLUS_RING.occupancy_angular.HARD_OUTWARD.per_view[0].angular_power[36],1689.7771216331669
variants.PER_CHART_PLUS_RING.occupancy_angular.HARD_OUTWARD.per_view[0].angular_power[37],1645.855157143865
variants.PER_CHART_PLUS_RING.occupancy_angular.HARD_OUTWARD.per_view[0].angular_power[38],1577.548047220531
variants.PER_CHART_PLUS_RING.occupancy_angular.HARD_OUTWARD.per_view[0].angular_power[39],1539.949339259253
variants.PER_CHART_PLUS_RING.occupancy_angular.HARD_OUTWARD.per_view[0].angular_power[40],1487.5537083605207
variants.PER_CHART_PLUS_RING.occupancy_angular.HARD_OUTWARD.per_view[0].angular_power[41],1444.62046060318
variants.PER_CHART_PLUS_RING.occupancy_angular.HARD_OUTWARD.per_view[0].angular_power[42],1396.3080130066987
variants.PER_CHART_PLUS_RING.occupancy_angular.HARD_OUTWARD.per_view[0].angular_power[43],1367.3224538677398
variants.PER_CHART_PLUS_RING.occupancy_angular.HARD_OUTWARD.per_view[0].angular_power[44],1318.8736495792446
variants.PER_CHART_PLUS_RING.occupancy_angular.HARD_OUTWARD.per_view[0].angular_power[45],1300.3525682106165
variants.PER_CHART_PLUS_RING.occupancy_angular.HARD_OUTWARD.per_view[0].angular_power[46],1247.1822780679972
variants.PER_CHART_PLUS_RING.occupancy_angular.HARD_OUTWARD.per_view[0].angular_power[47],1227.6743992010734
variants.PER_CHART_PLUS_RING.occupancy_angular.HARD_OUTWARD.per_view[0].angular_power[48],1168.5036284299063
variants.PER_CHART_PLUS_RING.occupancy_angular.HARD_OUTWARD.per_view[0].angular_power[49],1164.8124300293755
variants.PER_CHART_PLUS_RING.occupancy_angular.HARD_OUTWARD.per_view[0].angular_power[50],1115.384651514156
variants.PER_CHART_PLUS_RING.occupancy_angular.HARD_OUTWARD.per_view[0].angular_power[51],1110.1834821017276
variants.PER_CHART_PLUS_RING.occupancy_angular.HARD_OUTWARD.per_view[0].angular_power[52],1069.8244652743008
variants.PER_CHART_PLUS_RING.occupancy_angular.HARD_OUTWARD.per_view[0].angular_power[53],1056.4524133915245
variants.PER_CHART_PLUS_RING.occupancy_angular.HARD_OUTWARD.per_view[0].angular_power[54],1025.7738476878974
variants.PER_CHART_PLUS_RING.occupancy_angular.HARD_OUTWARD.per_view[0].angular_power[55],1014.934260276669
variants.PER_CHART_PLUS_RING.occupancy_angular.HARD_OUTWARD.per_view[0].angular_power[56],978.7780876838225
variants.PER_CHART_PLUS_RING.occupancy_angular.HARD_OUTWARD.per_view[0].angular_power[57],969.5562161067766
variants.PER_CHART_PLUS_RING.occupancy_angular.HARD_OUTWARD.per_view[0].angular_power[58],946.877813012012
variants.PER_CHART_PLUS_RING.occupancy_angular.HARD_OUTWARD.per_view[0].angular_power[59],924.1468278466203
variants.PER_CHART_PLUS_RING.occupancy_angular.HARD_OUTWARD.per_view[0].angular_power[60],904.529657772096
variants.PER_CHART_PLUS_RING.occupancy_angular.HARD_OUTWARD.per_view[0].angular_power[61],877.659545441137
variants.PER_CHART_PLUS_RING.occupancy_angular.HARD_OUTWARD.per_view[0].angular_power[62],861.5914222640992
variants.PER_CHART_PLUS_RING.occupancy_angular.HARD_OUTWARD.per_view[0].angular_power[63],852.1424043857846
variants.PER_CHART_PLUS_RING.occupancy_angular.HARD_OUTWARD.per_view[0].dominant_mode,1
variants.PER_CHART_PLUS_RING.occupancy_angular.HARD_OUTWARD.per_view[0].spoke_anisotropy,0.3760350496458598
variants.PER_CHART_PLUS_RING.occupancy_angular.HARD_OUTWARD.per_view[0].lattice_harmonic_fraction,0.05070864577113536
variants.PER_CHART_PLUS_RING.occupancy_angular.HARD_OUTWARD.per_view[0].mode32_relative_to_neighbors,1.0009992155541856
variants.PER_CHART_PLUS_RING.occupancy_angular.HARD_OUTWARD.per_view[0].chart_center_hf_correlation,0.5053418137961337
variants.PER_CHART_PLUS_RING.occupancy_angular.HARD_OUTWARD.per_view[1].view,1
variants.PER_CHART_PLUS_RING.occupancy_angular.HARD_OUTWARD.per_view[1].centers,1024
variants.PER_CHART_PLUS_RING.occupancy_angular.HARD_OUTWARD.per_view[1].modes[0],1
variants.PER_CHART_PLUS_RING.occupancy_angular.HARD_OUTWARD.per_view[1].modes[1],2
variants.PER_CHART_PLUS_RING.occupancy_angular.HARD_OUTWARD.per_view[1].modes[2],3
variants.PER_CHART_PLUS_RING.occupancy_angular.HARD_OUTWARD.per_view[1].modes[3],4
variants.PER_CHART_PLUS_RING.occupancy_angular.HARD_OUTWARD.per_view[1].modes[4],5
variants.PER_CHART_PLUS_RING.occupancy_angular.HARD_OUTWARD.per_view[1].modes[5],6
variants.PER_CHART_PLUS_RING.occupancy_angular.HARD_OUTWARD.per_view[1].modes[6],7
variants.PER_CHART_PLUS_RING.occupancy_angular.HARD_OUTWARD.per_view[1].modes[7],8
variants.PER_CHART_PLUS_RING.occupancy_angular.HARD_OUTWARD.per_view[1].modes[8],9
variants.PER_CHART_PLUS_RING.occupancy_angular.HARD_OUTWARD.per_view[1].modes[9],10
variants.PER_CHART_PLUS_RING.occupancy_angular.HARD_OUTWARD.per_view[1].modes[10],11
variants.PER_CHART_PLUS_RING.occupancy_angular.HARD_OUTWARD.per_view[1].modes[11],12
variants.PER_CHART_PLUS_RING.occupancy_angular.HARD_OUTWARD.per_view[1].modes[12],13
variants.PER_CHART_PLUS_RING.occupancy_angular.HARD_OUTWARD.per_view[1].modes[13],14
variants.PER_CHART_PLUS_RING.occupancy_angular.HARD_OUTWARD.per_view[1].modes[14],15
variants.PER_CHART_PLUS_RING.occupancy_angular.HARD_OUTWARD.per_view[1].modes[15],16
variants.PER_CHART_PLUS_RING.occupancy_angular.HARD_OUTWARD.per_view[1].modes[16],17
variants.PER_CHART_PLUS_RING.occupancy_angular.HARD_OUTWARD.per_view[1].modes[17],18
variants.PER_CHART_PLUS_RING.occupancy_angular.HARD_OUTWARD.per_view[1].modes[18],19
variants.PER_CHART_PLUS_RING.occupancy_angular.HARD_OUTWARD.per_view[1].modes[19],20
variants.PER_CHART_PLUS_RING.occupancy_angular.HARD_OUTWARD.per_view[1].modes[20],21
variants.PER_CHART_PLUS_RING.occupancy_angular.HARD_OUTWARD.per_view[1].modes[21],22
variants.PER_CHART_PLUS_RING.occupancy_angular.HARD_OUTWARD.per_view[1].modes[22],23
variants.PER_CHART_PLUS_RING.occupancy_angular.HARD_OUTWARD.per_view[1].modes[23],24
variants.PER_CHART_PLUS_RING.occupancy_angular.HARD_OUTWARD.per_view[1].modes[24],25
variants.PER_CHART_PLUS_RING.occupancy_angular.HARD_OUTWARD.per_view[1].modes[25],26
variants.PER_CHART_PLUS_RING.occupancy_angular.HARD_OUTWARD.per_view[1].modes[26],27
variants.PER_CHART_PLUS_RING.occupancy_angular.HARD_OUTWARD.per_view[1].modes[27],28
variants.PER_CHART_PLUS_RING.occupancy_angular.HARD_OUTWARD.per_view[1].modes[28],29
variants.PER_CHART_PLUS_RING.occupancy_angular.HARD_OUTWARD.per_view[1].modes[29],30
variants.PER_CHART_PLUS_RING.occupancy_angular.HARD_OUTWARD.per_view[1].modes[30],31
variants.PER_CHART_PLUS_RING.occupancy_angular.HARD_OUTWARD.per_view[1].modes[31],32
variants.PER_CHART_PLUS_RING.occupancy_angular.HARD_OUTWARD.per_view[1].modes[32],33
variants.PER_CHART_PLUS_RING.occupancy_angular.HARD_OUTWARD.per_view[1].modes[33],34
variants.PER_CHART_PLUS_RING.occupancy_angular.HARD_OUTWARD.per_view[1].modes[34],35
variants.PER_CHART_PLUS_RING.occupancy_angular.HARD_OUTWARD.per_view[1].modes[35],36
variants.PER_CHART_PLUS_RING.occupancy_angular.HARD_OUTWARD.per_view[1].modes[36],37
variants.PER_CHART_PLUS_RING.occupancy_angular.HARD_OUTWARD.per_view[1].modes[37],38
variants.PER_CHART_PLUS_RING.occupancy_angular.HARD_OUTWARD.per_view[1].modes[38],39
variants.PER_CHART_PLUS_RING.occupancy_angular.HARD_OUTWARD.per_view[1].modes[39],40
variants.PER_CHART_PLUS_RING.occupancy_angular.HARD_OUTWARD.per_view[1].modes[40],41
variants.PER_CHART_PLUS_RING.occupancy_angular.HARD_OUTWARD.per_view[1].modes[41],42
variants.PER_CHART_PLUS_RING.occupancy_angular.HARD_OUTWARD.per_view[1].modes[42],43
variants.PER_CHART_PLUS_RING.occupancy_angular.HARD_OUTWARD.per_view[1].modes[43],44
variants.PER_CHART_PLUS_RING.occupancy_angular.HARD_OUTWARD.per_view[1].modes[44],45
variants.PER_CHART_PLUS_RING.occupancy_angular.HARD_OUTWARD.per_view[1].modes[45],46
variants.PER_CHART_PLUS_RING.occupancy_angular.HARD_OUTWARD.per_view[1].modes[46],47
variants.PER_CHART_PLUS_RING.occupancy_angular.HARD_OUTWARD.per_view[1].modes[47],48
variants.PER_CHART_PLUS_RING.occupancy_angular.HARD_OUTWARD.per_view[1].modes[48],49
variants.PER_CHART_PLUS_RING.occupancy_angular.HARD_OUTWARD.per_view[1].modes[49],50
variants.PER_CHART_PLUS_RING.occupancy_angular.HARD_OUTWARD.per_view[1].modes[50],51
variants.PER_CHART_PLUS_RING.occupancy_angular.HARD_OUTWARD.per_view[1].modes[51],52
variants.PER_CHART_PLUS_RING.occupancy_angular.HARD_OUTWARD.per_view[1].modes[52],53
variants.PER_CHART_PLUS_RING.occupancy_angular.HARD_OUTWARD.per_view[1].modes[53],54
variants.PER_CHART_PLUS_RING.occupancy_angular.HARD_OUTWARD.per_view[1].modes[54],55
variants.PER_CHART_PLUS_RING.occupancy_angular.HARD_OUTWARD.per_view[1].modes[55],56
variants.PER_CHART_PLUS_RING.occupancy_angular.HARD_OUTWARD.per_view[1].modes[56],57
variants.PER_CHART_PLUS_RING.occupancy_angular.HARD_OUTWARD.per_view[1].modes[57],58
variants.PER_CHART_PLUS_RING.occupancy_angular.HARD_OUTWARD.per_view[1].modes[58],59
variants.PER_CHART_PLUS_RING.occupancy_angular.HARD_OUTWARD.per_view[1].modes[59],60
variants.PER_CHART_PLUS_RING.occupancy_angular.HARD_OUTWARD.per_view[1].modes[60],61
variants.PER_CHART_PLUS_RING.occupancy_angular.HARD_OUTWARD.per_view[1].modes[61],62
variants.PER_CHART_PLUS_RING.occupancy_angular.HARD_OUTWARD.per_view[1].modes[62],63
variants.PER_CHART_PLUS_RING.occupancy_angular.HARD_OUTWARD.per_view[1].modes[63],64
variants.PER_CHART_PLUS_RING.occupancy_angular.HARD_OUTWARD.per_view[1].angular_power[0],63683.278228463976
variants.PER_CHART_PLUS_RING.occupancy_angular.HARD_OUTWARD.per_view[1].angular_power[1],44300.04456108926
variants.PER_CHART_PLUS_RING.occupancy_angular.HARD_OUTWARD.per_view[1].angular_power[2],25370.155115803278
variants.PER_CHART_PLUS_RING.occupancy_angular.HARD_OUTWARD.per_view[1].angular_power[3],20889.676273086894
variants.PER_CHART_PLUS_RING.occupancy_angular.HARD_OUTWARD.per_view[1].angular_power[4],15926.03340811383
variants.PER_CHART_PLUS_RING.occupancy_angular.HARD_OUTWARD.per_view[1].angular_power[5],13092.567066566851
variants.PER_CHART_PLUS_RING.occupancy_angular.HARD_OUTWARD.per_view[1].angular_power[6],10964.304209465436
variants.PER_CHART_PLUS_RING.occupancy_angular.HARD_OUTWARD.per_view[1].angular_power[7],9520.925599416518
variants.PER_CHART_PLUS_RING.occupancy_angular.HARD_OUTWARD.per_view[1].angular_power[8],8066.739369917229
variants.PER_CHART_PLUS_RING.occupancy_angular.HARD_OUTWARD.per_view[1].angular_power[9],7475.694621506521
variants.PER_CHART_PLUS_RING.occupancy_angular.HARD_OUTWARD.per_view[1].angular_power[10],6538.183467331301
variants.PER_CHART_PLUS_RING.occupancy_angular.HARD_OUTWARD.per_view[1].angular_power[11],6007.396165868859
variants.PER_CHART_PLUS_RING.occupancy_angular.HARD_OUTWARD.per_view[1].angular_power[12],5392.473707353119
variants.PER_CHART_PLUS_RING.occupancy_angular.HARD_OUTWARD.per_view[1].angular_power[13],4978.540730180385
variants.PER_CHART_PLUS_RING.occupancy_angular.HARD_OUTWARD.per_view[1].angular_power[14],4588.067141945101
variants.PER_CHART_PLUS_RING.occupancy_angular.HARD_OUTWARD.per_view[1].angular_power[15],4286.944225804152
variants.PER_CHART_PLUS_RING.occupancy_angular.HARD_OUTWARD.per_view[1].angular_power[16],3974.089811582991
variants.PER_CHART_PLUS_RING.occupancy_angular.HARD_OUTWARD.per_view[1].angular_power[17],3726.9733058912348
variants.PER_CHART_PLUS_RING.occupancy_angular.HARD_OUTWARD.per_view[1].angular_power[18],3471.7958295175395
variants.PER_CHART_PLUS_RING.occupancy_angular.HARD_OUTWARD.per_view[1].angular_power[19],3272.298984551303
variants.PER_CHART_PLUS_RING.occupancy_angular.HARD_OUTWARD.per_view[1].angular_power[20],3100.5698545018026
variants.PER_CHART_PLUS_RING.occupancy_angular.HARD_OUTWARD.per_view[1].angular_power[21],2925.454990024345
variants.PER_CHART_PLUS_RING.occupancy_angular.HARD_OUTWARD.per_view[1].angular_power[22],2759.339844682263
variants.PER_CHART_PLUS_RING.occupancy_angular.HARD_OUTWARD.per_view[1].angular_power[23],2655.507574618258
variants.PER_CHART_PLUS_RING.occupancy_angular.HARD_OUTWARD.per_view[1].angular_power[24],2529.3040896701737
variants.PER_CHART_PLUS_RING.occupancy_angular.HARD_OUTWARD.per_view[1].angular_power[25],2410.7758209389594
variants.PER_CHART_PLUS_RING.occupancy_angular.HARD_OUTWARD.per_view[1].angular_power[26],2255.975780694757
variants.PER_CHART_PLUS_RING.occupancy_angular.HARD_OUTWARD.per_view[1].angular_power[27],2221.295503194215
variants.PER_CHART_PLUS_RING.occupancy_angular.HARD_OUTWARD.per_view[1].angular_power[28],2098.9232323578485
variants.PER_CHART_PLUS_RING.occupancy_angular.HARD_OUTWARD.per_view[1].angular_power[29],2037.3830803966932
variants.PER_CHART_PLUS_RING.occupancy_angular.HARD_OUTWARD.per_view[1].angular_power[30],1935.3077466248085
variants.PER_CHART_PLUS_RING.occupancy_angular.HARD_OUTWARD.per_view[1].angular_power[31],1877.171776506822
variants.PER_CHART_PLUS_RING.occupancy_angular.HARD_OUTWARD.per_view[1].angular_power[32],1806.8122761920995
variants.PER_CHART_PLUS_RING.occupancy_angular.HARD_OUTWARD.per_view[1].angular_power[33],1749.0193054077708
variants.PER_CHART_PLUS_RING.occupancy_angular.HARD_OUTWARD.per_view[1].angular_power[34],1695.0305381505436
variants.PER_CHART_PLUS_RING.occupancy_angular.HARD_OUTWARD.per_view[1].angular_power[35],1626.4895680534444
variants.PER_CHART_PLUS_RING.occupancy_angular.HARD_OUTWARD.per_view[1].angular_power[36],1572.1103319833044
variants.PER_CHART_PLUS_RING.occupancy_angular.HARD_OUTWARD.per_view[1].angular_power[37],1534.3864213246914
variants.PER_CHART_PLUS_RING.occupancy_angular.HARD_OUTWARD.per_view[1].angular_power[38],1477.5686003363892
variants.PER_CHART_PLUS_RING.occupancy_angular.HARD_OUTWARD.per_view[1].angular_power[39],1440.7318228049878
variants.PER_CHART_PLUS_RING.occupancy_angular.HARD_OUTWARD.per_view[1].angular_power[40],1368.683615701769
variants.PER_CHART_PLUS_RING.occupancy_angular.HARD_OUTWARD.per_view[1].angular_power[41],1354.8380957730064
variants.PER_CHART_PLUS_RING.occupancy_angular.HARD_OUTWARD.per_view[1].angular_power[42],1298.996591359147
variants.PER_CHART_PLUS_RING.occupancy_angular.HARD_OUTWARD.per_view[1].angular_power[43],1276.0730858970262
variants.PER_CHART_PLUS_RING.occupancy_angular.HARD_OUTWARD.per_view[1].angular_power[44],1235.8956905185921
variants.PER_CHART_PLUS_RING.occupancy_angular.HARD_OUTWARD.per_view[1].angular_power[45],1203.7298308646218
variants.PER_CHART_PLUS_RING.occupancy_angular.HARD_OUTWARD.per_view[1].angular_power[46],1168.3916773942071
variants.PER_CHART_PLUS_RING.occupancy_angular.HARD_OUTWARD.per_view[1].angular_power[47],1156.0841378612934
variants.PER_CHART_PLUS_RING.occupancy_angular.HARD_OUTWARD.per_view[1].angular_power[48],1128.3428189073286
variants.PER_CHART_PLUS_RING.occupancy_angular.HARD_OUTWARD.per_view[1].angular_power[49],1090.3272299259256
variants.PER_CHART_PLUS_RING.occupancy_angular.HARD_OUTWARD.per_view[1].angular_power[50],1062.8677548345534
variants.PER_CHART_PLUS_RING.occupancy_angular.HARD_OUTWARD.per_view[1].angular_power[51],1036.9620178752873
variants.PER_CHART_PLUS_RING.occupancy_angular.HARD_OUTWARD.per_view[1].angular_power[52],1002.9114558782965
variants.PER_CHART_PLUS_RING.occupancy_angular.HARD_OUTWARD.per_view[1].angular_power[53],982.0695571264296
variants.PER_CHART_PLUS_RING.occupancy_angular.HARD_OUTWARD.per_view[1].angular_power[54],962.7654990100318
variants.PER_CHART_PLUS_RING.occupancy_angular.HARD_OUTWARD.per_view[1].angular_power[55],948.3718842310141
variants.PER_CHART_PLUS_RING.occupancy_angular.HARD_OUTWARD.per_view[1].angular_power[56],921.1160643362276
variants.PER_CHART_PLUS_RING.occupancy_angular.HARD_OUTWARD.per_view[1].angular_power[57],896.9680667936054
variants.PER_CHART_PLUS_RING.occupancy_angular.HARD_OUTWARD.per_view[1].angular_power[58],878.0809714031171
variants.PER_CHART_PLUS_RING.occupancy_angular.HARD_OUTWARD.per_view[1].angular_power[59],854.4403837572404
variants.PER_CHART_PLUS_RING.occupancy_angular.HARD_OUTWARD.per_view[1].angular_power[60],841.5516299560103
variants.PER_CHART_PLUS_RING.occupancy_angular.HARD_OUTWARD.per_view[1].angular_power[61],829.5301706352633
variants.PER_CHART_PLUS_RING.occupancy_angular.HARD_OUTWARD.per_view[1].angular_power[62],806.3040628469818
variants.PER_CHART_PLUS_RING.occupancy_angular.HARD_OUTWARD.per_view[1].angular_power[63],803.0340426142517
variants.PER_CHART_PLUS_RING.occupancy_angular.HARD_OUTWARD.per_view[1].dominant_mode,1
variants.PER_CHART_PLUS_RING.occupancy_angular.HARD_OUTWARD.per_view[1].spoke_anisotropy,0.40125173851056134
variants.PER_CHART_PLUS_RING.occupancy_angular.HARD_OUTWARD.per_view[1].lattice_harmonic_fraction,0.04719524612451697
variants.PER_CHART_PLUS_RING.occupancy_angular.HARD_OUTWARD.per_view[1].mode32_relative_to_neighbors,0.994749777420737
variants.PER_CHART_PLUS_RING.occupancy_angular.HARD_OUTWARD.per_view[1].chart_center_hf_correlation,0.5815803661346863
variants.PER_CHART_PLUS_RING.occupancy_angular.HARD_OUTWARD.per_view[2].view,2
variants.PER_CHART_PLUS_RING.occupancy_angular.HARD_OUTWARD.per_view[2].centers,1024
variants.PER_CHART_PLUS_RING.occupancy_angular.HARD_OUTWARD.per_view[2].modes[0],1
variants.PER_CHART_PLUS_RING.occupancy_angular.HARD_OUTWARD.per_view[2].modes[1],2
variants.PER_CHART_PLUS_RING.occupancy_angular.HARD_OUTWARD.per_view[2].modes[2],3
variants.PER_CHART_PLUS_RING.occupancy_angular.HARD_OUTWARD.per_view[2].modes[3],4
variants.PER_CHART_PLUS_RING.occupancy_angular.HARD_OUTWARD.per_view[2].modes[4],5
variants.PER_CHART_PLUS_RING.occupancy_angular.HARD_OUTWARD.per_view[2].modes[5],6
variants.PER_CHART_PLUS_RING.occupancy_angular.HARD_OUTWARD.per_view[2].modes[6],7
variants.PER_CHART_PLUS_RING.occupancy_angular.HARD_OUTWARD.per_view[2].modes[7],8
variants.PER_CHART_PLUS_RING.occupancy_angular.HARD_OUTWARD.per_view[2].modes[8],9
variants.PER_CHART_PLUS_RING.occupancy_angular.HARD_OUTWARD.per_view[2].modes[9],10
variants.PER_CHART_PLUS_RING.occupancy_angular.HARD_OUTWARD.per_view[2].modes[10],11
variants.PER_CHART_PLUS_RING.occupancy_angular.HARD_OUTWARD.per_view[2].modes[11],12
variants.PER_CHART_PLUS_RING.occupancy_angular.HARD_OUTWARD.per_view[2].modes[12],13
variants.PER_CHART_PLUS_RING.occupancy_angular.HARD_OUTWARD.per_view[2].modes[13],14
variants.PER_CHART_PLUS_RING.occupancy_angular.HARD_OUTWARD.per_view[2].modes[14],15
variants.PER_CHART_PLUS_RING.occupancy_angular.HARD_OUTWARD.per_view[2].modes[15],16
variants.PER_CHART_PLUS_RING.occupancy_angular.HARD_OUTWARD.per_view[2].modes[16],17
variants.PER_CHART_PLUS_RING.occupancy_angular.HARD_OUTWARD.per_view[2].modes[17],18
variants.PER_CHART_PLUS_RING.occupancy_angular.HARD_OUTWARD.per_view[2].modes[18],19
variants.PER_CHART_PLUS_RING.occupancy_angular.HARD_OUTWARD.per_view[2].modes[19],20
variants.PER_CHART_PLUS_RING.occupancy_angular.HARD_OUTWARD.per_view[2].modes[20],21
variants.PER_CHART_PLUS_RING.occupancy_angular.HARD_OUTWARD.per_view[2].modes[21],22
variants.PER_CHART_PLUS_RING.occupancy_angular.HARD_OUTWARD.per_view[2].modes[22],23
variants.PER_CHART_PLUS_RING.occupancy_angular.HARD_OUTWARD.per_view[2].modes[23],24
variants.PER_CHART_PLUS_RING.occupancy_angular.HARD_OUTWARD.per_view[2].modes[24],25
variants.PER_CHART_PLUS_RING.occupancy_angular.HARD_OUTWARD.per_view[2].modes[25],26
variants.PER_CHART_PLUS_RING.occupancy_angular.HARD_OUTWARD.per_view[2].modes[26],27
variants.PER_CHART_PLUS_RING.occupancy_angular.HARD_OUTWARD.per_view[2].modes[27],28
variants.PER_CHART_PLUS_RING.occupancy_angular.HARD_OUTWARD.per_view[2].modes[28],29
variants.PER_CHART_PLUS_RING.occupancy_angular.HARD_OUTWARD.per_view[2].modes[29],30
variants.PER_CHART_PLUS_RING.occupancy_angular.HARD_OUTWARD.per_view[2].modes[30],31
variants.PER_CHART_PLUS_RING.occupancy_angular.HARD_OUTWARD.per_view[2].modes[31],32
variants.PER_CHART_PLUS_RING.occupancy_angular.HARD_OUTWARD.per_view[2].modes[32],33
variants.PER_CHART_PLUS_RING.occupancy_angular.HARD_OUTWARD.per_view[2].modes[33],34
variants.PER_CHART_PLUS_RING.occupancy_angular.HARD_OUTWARD.per_view[2].modes[34],35
variants.PER_CHART_PLUS_RING.occupancy_angular.HARD_OUTWARD.per_view[2].modes[35],36
variants.PER_CHART_PLUS_RING.occupancy_angular.HARD_OUTWARD.per_view[2].modes[36],37
variants.PER_CHART_PLUS_RING.occupancy_angular.HARD_OUTWARD.per_view[2].modes[37],38
variants.PER_CHART_PLUS_RING.occupancy_angular.HARD_OUTWARD.per_view[2].modes[38],39
variants.PER_CHART_PLUS_RING.occupancy_angular.HARD_OUTWARD.per_view[2].modes[39],40
variants.PER_CHART_PLUS_RING.occupancy_angular.HARD_OUTWARD.per_view[2].modes[40],41
variants.PER_CHART_PLUS_RING.occupancy_angular.HARD_OUTWARD.per_view[2].modes[41],42
variants.PER_CHART_PLUS_RING.occupancy_angular.HARD_OUTWARD.per_view[2].modes[42],43
variants.PER_CHART_PLUS_RING.occupancy_angular.HARD_OUTWARD.per_view[2].modes[43],44
variants.PER_CHART_PLUS_RING.occupancy_angular.HARD_OUTWARD.per_view[2].modes[44],45
variants.PER_CHART_PLUS_RING.occupancy_angular.HARD_OUTWARD.per_view[2].modes[45],46
variants.PER_CHART_PLUS_RING.occupancy_angular.HARD_OUTWARD.per_view[2].modes[46],47
variants.PER_CHART_PLUS_RING.occupancy_angular.HARD_OUTWARD.per_view[2].modes[47],48
variants.PER_CHART_PLUS_RING.occupancy_angular.HARD_OUTWARD.per_view[2].modes[48],49
variants.PER_CHART_PLUS_RING.occupancy_angular.HARD_OUTWARD.per_view[2].modes[49],50
variants.PER_CHART_PLUS_RING.occupancy_angular.HARD_OUTWARD.per_view[2].modes[50],51
variants.PER_CHART_PLUS_RING.occupancy_angular.HARD_OUTWARD.per_view[2].modes[51],52
variants.PER_CHART_PLUS_RING.occupancy_angular.HARD_OUTWARD.per_view[2].modes[52],53
variants.PER_CHART_PLUS_RING.occupancy_angular.HARD_OUTWARD.per_view[2].modes[53],54
variants.PER_CHART_PLUS_RING.occupancy_angular.HARD_OUTWARD.per_view[2].modes[54],55
variants.PER_CHART_PLUS_RING.occupancy_angular.HARD_OUTWARD.per_view[2].modes[55],56
variants.PER_CHART_PLUS_RING.occupancy_angular.HARD_OUTWARD.per_view[2].modes[56],57
variants.PER_CHART_PLUS_RING.occupancy_angular.HARD_OUTWARD.per_view[2].modes[57],58
variants.PER_CHART_PLUS_RING.occupancy_angular.HARD_OUTWARD.per_view[2].modes[58],59
variants.PER_CHART_PLUS_RING.occupancy_angular.HARD_OUTWARD.per_view[2].modes[59],60
variants.PER_CHART_PLUS_RING.occupancy_angular.HARD_OUTWARD.per_view[2].modes[60],61
variants.PER_CHART_PLUS_RING.occupancy_angular.HARD_OUTWARD.per_view[2].modes[61],62
variants.PER_CHART_PLUS_RING.occupancy_angular.HARD_OUTWARD.per_view[2].modes[62],63
variants.PER_CHART_PLUS_RING.occupancy_angular.HARD_OUTWARD.per_view[2].modes[63],64
variants.PER_CHART_PLUS_RING.occupancy_angular.HARD_OUTWARD.per_view[2].angular_power[0],36880.38437539913
variants.PER_CHART_PLUS_RING.occupancy_angular.HARD_OUTWARD.per_view[2].angular_power[1],25775.089067612764
variants.PER_CHART_PLUS_RING.occupancy_angular.HARD_OUTWARD.per_view[2].angular_power[2],15345.186525383084
variants.PER_CHART_PLUS_RING.occupancy_angular.HARD_OUTWARD.per_view[2].angular_power[3],13115.565961127788
variants.PER_CHART_PLUS_RING.occupancy_angular.HARD_OUTWARD.per_view[2].angular_power[4],9423.622467477346
variants.PER_CHART_PLUS_RING.occupancy_angular.HARD_OUTWARD.per_view[2].angular_power[5],8815.753285458759
variants.PER_CHART_PLUS_RING.occupancy_angular.HARD_OUTWARD.per_view[2].angular_power[6],6997.266653843328
variants.PER_CHART_PLUS_RING.occupancy_angular.HARD_OUTWARD.per_view[2].angular_power[7],6406.344429790808
variants.PER_CHART_PLUS_RING.occupancy_angular.HARD_OUTWARD.per_view[2].angular_power[8],5316.889304657734
variants.PER_CHART_PLUS_RING.occupancy_angular.HARD_OUTWARD.per_view[2].angular_power[9],5051.52022749993
variants.PER_CHART_PLUS_RING.occupancy_angular.HARD_OUTWARD.per_view[2].angular_power[10],4321.931119109547
variants.PER_CHART_PLUS_RING.occupancy_angular.HARD_OUTWARD.per_view[2].angular_power[11],4077.4903882705785
variants.PER_CHART_PLUS_RING.occupancy_angular.HARD_OUTWARD.per_view[2].angular_power[12],3594.131602079568
variants.PER_CHART_PLUS_RING.occupancy_angular.HARD_OUTWARD.per_view[2].angular_power[13],3478.417516742006
variants.PER_CHART_PLUS_RING.occupancy_angular.HARD_OUTWARD.per_view[2].angular_power[14],3115.5077525746287
variants.PER_CHART_PLUS_RING.occupancy_angular.HARD_OUTWARD.per_view[2].angular_power[15],2980.7812676992153
variants.PER_CHART_PLUS_RING.occupancy_angular.HARD_OUTWARD.per_view[2].angular_power[16],2730.215544113423
variants.PER_CHART_PLUS_RING.occupancy_angular.HARD_OUTWARD.per_view[2].angular_power[17],2580.650261281357
variants.PER_CHART_PLUS_RING.occupancy_angular.HARD_OUTWARD.per_view[2].angular_power[18],2373.8934424480067
variants.PER_CHART_PLUS_RING.occupancy_angular.HARD_OUTWARD.per_view[2].angular_power[19],2320.46666896161
variants.PER_CHART_PLUS_RING.occupancy_angular.HARD_OUTWARD.per_view[2].angular_power[20],2155.101596513906
variants.PER_CHART_PLUS_RING.occupancy_angular.HARD_OUTWARD.per_view[2].angular_power[21],2060.2664543561573
variants.PER_CHART_PLUS_RING.occupancy_angular.HARD_OUTWARD.per_view[2].angular_power[22],1956.1791270148751
variants.PER_CHART_PLUS_RING.occupancy_angular.HARD_OUTWARD.per_view[2].angular_power[23],1903.735139710336
variants.PER_CHART_PLUS_RING.occupancy_angular.HARD_OUTWARD.per_view[2].angular_power[24],1790.2145776234631
variants.PER_CHART_PLUS_RING.occupancy_angular.HARD_OUTWARD.per_view[2].angular_power[25],1713.912520590134
variants.PER_CHART_PLUS_RING.occupancy_angular.HARD_OUTWARD.per_view[2].angular_power[26],1644.407257460266
variants.PER_CHART_PLUS_RING.occupancy_angular.HARD_OUTWARD.per_view[2].angular_power[27],1585.0692805130936
variants.PER_CHART_PLUS_RING.occupancy_angular.HARD_OUTWARD.per_view[2].angular_power[28],1522.4157214604072
variants.PER_CHART_PLUS_RING.occupancy_angular.HARD_OUTWARD.per_view[2].angular_power[29],1472.2472641342347
variants.PER_CHART_PLUS_RING.occupancy_angular.HARD_OUTWARD.per_view[2].angular_power[30],1424.7004703560071
variants.PER_CHART_PLUS_RING.occupancy_angular.HARD_OUTWARD.per_view[2].angular_power[31],1378.8023256539373
variants.PER_CHART_PLUS_RING.occupancy_angular.HARD_OUTWARD.per_view[2].angular_power[32],1322.610223933312
variants.PER_CHART_PLUS_RING.occupancy_angular.HARD_OUTWARD.per_view[2].angular_power[33],1284.50003838385
variants.PER_CHART_PLUS_RING.occupancy_angular.HARD_OUTWARD.per_view[2].angular_power[34],1223.3343984896703
variants.PER_CHART_PLUS_RING.occupancy_angular.HARD_OUTWARD.per_view[2].angular_power[35],1205.091163760122
variants.PER_CHART_PLUS_RING.occupancy_angular.HARD_OUTWARD.per_view[2].angular_power[36],1158.4735235124463
variants.PER_CHART_PLUS_RING.occupancy_angular.HARD_OUTWARD.per_view[2].angular_power[37],1138.0295807455445
variants.PER_CHART_PLUS_RING.occupancy_angular.HARD_OUTWARD.per_view[2].angular_power[38],1095.0206634749097
variants.PER_CHART_PLUS_RING.occupancy_angular.HARD_OUTWARD.per_view[2].angular_power[39],1068.0036473955975
variants.PER_CHART_PLUS_RING.occupancy_angular.HARD_OUTWARD.per_view[2].angular_power[40],1045.980847960827
variants.PER_CHART_PLUS_RING.occupancy_angular.HARD_OUTWARD.per_view[2].angular_power[41],1011.3845189948723
variants.PER_CHART_PLUS_RING.occupancy_angular.HARD_OUTWARD.per_view[2].angular_power[42],976.9830679101838
variants.PER_CHART_PLUS_RING.occupancy_angular.HARD_OUTWARD.per_view[2].angular_power[43],963.0105001141739
variants.PER_CHART_PLUS_RING.occupancy_angular.HARD_OUTWARD.per_view[2].angular_power[44],926.5473849052603
variants.PER_CHART_PLUS_RING.occupancy_angular.HARD_OUTWARD.per_view[2].angular_power[45],912.281020922625
variants.PER_CHART_PLUS_RING.occupancy_angular.HARD_OUTWARD.per_view[2].angular_power[46],892.0858558754925
variants.PER_CHART_PLUS_RING.occupancy_angular.HARD_OUTWARD.per_view[2].angular_power[47],870.5756510851498
variants.PER_CHART_PLUS_RING.occupancy_angular.HARD_OUTWARD.per_view[2].angular_power[48],841.8026394188618
variants.PER_CHART_PLUS_RING.occupancy_angular.HARD_OUTWARD.per_view[2].angular_power[49],827.0718325608148
variants.PER_CHART_PLUS_RING.occupancy_angular.HARD_OUTWARD.per_view[2].angular_power[50],810.8516064353029
variants.PER_CHART_PLUS_RING.occupancy_angular.HARD_OUTWARD.per_view[2].angular_power[51],789.743494424737
variants.PER_CHART_PLUS_RING.occupancy_angular.HARD_OUTWARD.per_view[2].angular_power[52],780.5923105575438
variants.PER_CHART_PLUS_RING.occupancy_angular.HARD_OUTWARD.per_view[2].angular_power[53],754.5001625560054
variants.PER_CHART_PLUS_RING.occupancy_angular.HARD_OUTWARD.per_view[2].angular_power[54],732.3667957317292
variants.PER_CHART_PLUS_RING.occupancy_angular.HARD_OUTWARD.per_view[2].angular_power[55],719.4811684793721
variants.PER_CHART_PLUS_RING.occupancy_angular.HARD_OUTWARD.per_view[2].angular_power[56],710.5295416770862
variants.PER_CHART_PLUS_RING.occupancy_angular.HARD_OUTWARD.per_view[2].angular_power[57],694.0029754931245
variants.PER_CHART_PLUS_RING.occupancy_angular.HARD_OUTWARD.per_view[2].angular_power[58],671.910110234337
variants.PER_CHART_PLUS_RING.occupancy_angular.HARD_OUTWARD.per_view[2].angular_power[59],672.2247471155775
variants.PER_CHART_PLUS_RING.occupancy_angular.HARD_OUTWARD.per_view[2].angular_power[60],651.2933986881774
variants.PER_CHART_PLUS_RING.occupancy_angular.HARD_OUTWARD.per_view[2].angular_power[61],641.398555969919
variants.PER_CHART_PLUS_RING.occupancy_angular.HARD_OUTWARD.per_view[2].angular_power[62],631.7172525517863
variants.PER_CHART_PLUS_RING.occupancy_angular.HARD_OUTWARD.per_view[2].angular_power[63],615.7611136779592
variants.PER_CHART_PLUS_RING.occupancy_angular.HARD_OUTWARD.per_view[2].dominant_mode,1
variants.PER_CHART_PLUS_RING.occupancy_angular.HARD_OUTWARD.per_view[2].spoke_anisotropy,0.36457881403143966
variants.PER_CHART_PLUS_RING.occupancy_angular.HARD_OUTWARD.per_view[2].lattice_harmonic_fraction,0.050320462316806626
variants.PER_CHART_PLUS_RING.occupancy_angular.HARD_OUTWARD.per_view[2].mode32_relative_to_neighbors,1.002788651183221
variants.PER_CHART_PLUS_RING.occupancy_angular.HARD_OUTWARD.per_view[2].chart_center_hf_correlation,0.46880274432658764
variants.PER_CHART_PLUS_RING.occupancy_angular.HARD_OUTWARD.per_view[3].view,3
variants.PER_CHART_PLUS_RING.occupancy_angular.HARD_OUTWARD.per_view[3].centers,1024
variants.PER_CHART_PLUS_RING.occupancy_angular.HARD_OUTWARD.per_view[3].modes[0],1
variants.PER_CHART_PLUS_RING.occupancy_angular.HARD_OUTWARD.per_view[3].modes[1],2
variants.PER_CHART_PLUS_RING.occupancy_angular.HARD_OUTWARD.per_view[3].modes[2],3
variants.PER_CHART_PLUS_RING.occupancy_angular.HARD_OUTWARD.per_view[3].modes[3],4
variants.PER_CHART_PLUS_RING.occupancy_angular.HARD_OUTWARD.per_view[3].modes[4],5
variants.PER_CHART_PLUS_RING.occupancy_angular.HARD_OUTWARD.per_view[3].modes[5],6
variants.PER_CHART_PLUS_RING.occupancy_angular.HARD_OUTWARD.per_view[3].modes[6],7
variants.PER_CHART_PLUS_RING.occupancy_angular.HARD_OUTWARD.per_view[3].modes[7],8
variants.PER_CHART_PLUS_RING.occupancy_angular.HARD_OUTWARD.per_view[3].modes[8],9
variants.PER_CHART_PLUS_RING.occupancy_angular.HARD_OUTWARD.per_view[3].modes[9],10
variants.PER_CHART_PLUS_RING.occupancy_angular.HARD_OUTWARD.per_view[3].modes[10],11
variants.PER_CHART_PLUS_RING.occupancy_angular.HARD_OUTWARD.per_view[3].modes[11],12
variants.PER_CHART_PLUS_RING.occupancy_angular.HARD_OUTWARD.per_view[3].modes[12],13
variants.PER_CHART_PLUS_RING.occupancy_angular.HARD_OUTWARD.per_view[3].modes[13],14
variants.PER_CHART_PLUS_RING.occupancy_angular.HARD_OUTWARD.per_view[3].modes[14],15
variants.PER_CHART_PLUS_RING.occupancy_angular.HARD_OUTWARD.per_view[3].modes[15],16
variants.PER_CHART_PLUS_RING.occupancy_angular.HARD_OUTWARD.per_view[3].modes[16],17
variants.PER_CHART_PLUS_RING.occupancy_angular.HARD_OUTWARD.per_view[3].modes[17],18
variants.PER_CHART_PLUS_RING.occupancy_angular.HARD_OUTWARD.per_view[3].modes[18],19
variants.PER_CHART_PLUS_RING.occupancy_angular.HARD_OUTWARD.per_view[3].modes[19],20
variants.PER_CHART_PLUS_RING.occupancy_angular.HARD_OUTWARD.per_view[3].modes[20],21
variants.PER_CHART_PLUS_RING.occupancy_angular.HARD_OUTWARD.per_view[3].modes[21],22
variants.PER_CHART_PLUS_RING.occupancy_angular.HARD_OUTWARD.per_view[3].modes[22],23
variants.PER_CHART_PLUS_RING.occupancy_angular.HARD_OUTWARD.per_view[3].modes[23],24
variants.PER_CHART_PLUS_RING.occupancy_angular.HARD_OUTWARD.per_view[3].modes[24],25
variants.PER_CHART_PLUS_RING.occupancy_angular.HARD_OUTWARD.per_view[3].modes[25],26
variants.PER_CHART_PLUS_RING.occupancy_angular.HARD_OUTWARD.per_view[3].modes[26],27
variants.PER_CHART_PLUS_RING.occupancy_angular.HARD_OUTWARD.per_view[3].modes[27],28
variants.PER_CHART_PLUS_RING.occupancy_angular.HARD_OUTWARD.per_view[3].modes[28],29
variants.PER_CHART_PLUS_RING.occupancy_angular.HARD_OUTWARD.per_view[3].modes[29],30
variants.PER_CHART_PLUS_RING.occupancy_angular.HARD_OUTWARD.per_view[3].modes[30],31
variants.PER_CHART_PLUS_RING.occupancy_angular.HARD_OUTWARD.per_view[3].modes[31],32
variants.PER_CHART_PLUS_RING.occupancy_angular.HARD_OUTWARD.per_view[3].modes[32],33
variants.PER_CHART_PLUS_RING.occupancy_angular.HARD_OUTWARD.per_view[3].modes[33],34
variants.PER_CHART_PLUS_RING.occupancy_angular.HARD_OUTWARD.per_view[3].modes[34],35
variants.PER_CHART_PLUS_RING.occupancy_angular.HARD_OUTWARD.per_view[3].modes[35],36
variants.PER_CHART_PLUS_RING.occupancy_angular.HARD_OUTWARD.per_view[3].modes[36],37
variants.PER_CHART_PLUS_RING.occupancy_angular.HARD_OUTWARD.per_view[3].modes[37],38
variants.PER_CHART_PLUS_RING.occupancy_angular.HARD_OUTWARD.per_view[3].modes[38],39
variants.PER_CHART_PLUS_RING.occupancy_angular.HARD_OUTWARD.per_view[3].modes[39],40
variants.PER_CHART_PLUS_RING.occupancy_angular.HARD_OUTWARD.per_view[3].modes[40],41
variants.PER_CHART_PLUS_RING.occupancy_angular.HARD_OUTWARD.per_view[3].modes[41],42
variants.PER_CHART_PLUS_RING.occupancy_angular.HARD_OUTWARD.per_view[3].modes[42],43
variants.PER_CHART_PLUS_RING.occupancy_angular.HARD_OUTWARD.per_view[3].modes[43],44
variants.PER_CHART_PLUS_RING.occupancy_angular.HARD_OUTWARD.per_view[3].modes[44],45
variants.PER_CHART_PLUS_RING.occupancy_angular.HARD_OUTWARD.per_view[3].modes[45],46
variants.PER_CHART_PLUS_RING.occupancy_angular.HARD_OUTWARD.per_view[3].modes[46],47
variants.PER_CHART_PLUS_RING.occupancy_angular.HARD_OUTWARD.per_view[3].modes[47],48
variants.PER_CHART_PLUS_RING.occupancy_angular.HARD_OUTWARD.per_view[3].modes[48],49
variants.PER_CHART_PLUS_RING.occupancy_angular.HARD_OUTWARD.per_view[3].modes[49],50
variants.PER_CHART_PLUS_RING.occupancy_angular.HARD_OUTWARD.per_view[3].modes[50],51
variants.PER_CHART_PLUS_RING.occupancy_angular.HARD_OUTWARD.per_view[3].modes[51],52
variants.PER_CHART_PLUS_RING.occupancy_angular.HARD_OUTWARD.per_view[3].modes[52],53
variants.PER_CHART_PLUS_RING.occupancy_angular.HARD_OUTWARD.per_view[3].modes[53],54
variants.PER_CHART_PLUS_RING.occupancy_angular.HARD_OUTWARD.per_view[3].modes[54],55
variants.PER_CHART_PLUS_RING.occupancy_angular.HARD_OUTWARD.per_view[3].modes[55],56
variants.PER_CHART_PLUS_RING.occupancy_angular.HARD_OUTWARD.per_view[3].modes[56],57
variants.PER_CHART_PLUS_RING.occupancy_angular.HARD_OUTWARD.per_view[3].modes[57],58
variants.PER_CHART_PLUS_RING.occupancy_angular.HARD_OUTWARD.per_view[3].modes[58],59
variants.PER_CHART_PLUS_RING.occupancy_angular.HARD_OUTWARD.per_view[3].modes[59],60
variants.PER_CHART_PLUS_RING.occupancy_angular.HARD_OUTWARD.per_view[3].modes[60],61
variants.PER_CHART_PLUS_RING.occupancy_angular.HARD_OUTWARD.per_view[3].modes[61],62
variants.PER_CHART_PLUS_RING.occupancy_angular.HARD_OUTWARD.per_view[3].modes[62],63
variants.PER_CHART_PLUS_RING.occupancy_angular.HARD_OUTWARD.per_view[3].modes[63],64
variants.PER_CHART_PLUS_RING.occupancy_angular.HARD_OUTWARD.per_view[3].angular_power[0],82327.16925918651
variants.PER_CHART_PLUS_RING.occupancy_angular.HARD_OUTWARD.per_view[3].angular_power[1],58429.17802290951
variants.PER_CHART_PLUS_RING.occupancy_angular.HARD_OUTWARD.per_view[3].angular_power[2],33048.721978296155
variants.PER_CHART_PLUS_RING.occupancy_angular.HARD_OUTWARD.per_view[3].angular_power[3],29120.735080367187
variants.PER_CHART_PLUS_RING.occupancy_angular.HARD_OUTWARD.per_view[3].angular_power[4],21073.837035099194
variants.PER_CHART_PLUS_RING.occupancy_angular.HARD_OUTWARD.per_view[3].angular_power[5],18566.359109378143
variants.PER_CHART_PLUS_RING.occupancy_angular.HARD_OUTWARD.per_view[3].angular_power[6],14919.150445442076
variants.PER_CHART_PLUS_RING.occupancy_angular.HARD_OUTWARD.per_view[3].angular_power[7],13763.790796483412
variants.PER_CHART_PLUS_RING.occupancy_angular.HARD_OUTWARD.per_view[3].angular_power[8],11431.678790554522
variants.PER_CHART_PLUS_RING.occupancy_angular.HARD_OUTWARD.per_view[3].angular_power[9],10767.202488762296
variants.PER_CHART_PLUS_RING.occupancy_angular.HARD_OUTWARD.per_view[3].angular_power[10],9482.808253423098
variants.PER_CHART_PLUS_RING.occupancy_angular.HARD_OUTWARD.per_view[3].angular_power[11],8720.90442411855
variants.PER_CHART_PLUS_RING.occupancy_angular.HARD_OUTWARD.per_view[3].angular_power[12],7842.172007516815
variants.PER_CHART_PLUS_RING.occupancy_angular.HARD_OUTWARD.per_view[3].angular_power[13],7440.256419659776
variants.PER_CHART_PLUS_RING.occupancy_angular.HARD_OUTWARD.per_view[3].angular_power[14],6703.312329070479
variants.PER_CHART_PLUS_RING.occupancy_angular.HARD_OUTWARD.per_view[3].angular_power[15],6339.286638943119
variants.PER_CHART_PLUS_RING.occupancy_angular.HARD_OUTWARD.per_view[3].angular_power[16],5770.491600022688
variants.PER_CHART_PLUS_RING.occupancy_angular.HARD_OUTWARD.per_view[3].angular_power[17],5442.404059425082
variants.PER_CHART_PLUS_RING.occupancy_angular.HARD_OUTWARD.per_view[3].angular_power[18],4954.431206924696
variants.PER_CHART_PLUS_RING.occupancy_angular.HARD_OUTWARD.per_view[3].angular_power[19],4747.449837440816
variants.PER_CHART_PLUS_RING.occupancy_angular.HARD_OUTWARD.per_view[3].angular_power[20],4487.9967679988495
variants.PER_CHART_PLUS_RING.occupancy_angular.HARD_OUTWARD.per_view[3].angular_power[21],4234.003221997682
variants.PER_CHART_PLUS_RING.occupancy_angular.HARD_OUTWARD.per_view[3].angular_power[22],3955.4789190030506
variants.PER_CHART_PLUS_RING.occupancy_angular.HARD_OUTWARD.per_view[3].angular_power[23],3767.851530963363
variants.PER_CHART_PLUS_RING.occupancy_angular.HARD_OUTWARD.per_view[3].angular_power[24],3629.7418462522523
variants.PER_CHART_PLUS_RING.occupancy_angular.HARD_OUTWARD.per_view[3].angular_power[25],3423.6300590573196
variants.PER_CHART_PLUS_RING.occupancy_angular.HARD_OUTWARD.per_view[3].angular_power[26],3281.1914041087084
variants.PER_CHART_PLUS_RING.occupancy_angular.HARD_OUTWARD.per_view[3].angular_power[27],3092.95056538466
variants.PER_CHART_PLUS_RING.occupancy_angular.HARD_OUTWARD.per_view[3].angular_power[28],2998.3946499688095
variants.PER_CHART_PLUS_RING.occupancy_angular.HARD_OUTWARD.per_view[3].angular_power[29],2853.804307582314
variants.PER_CHART_PLUS_RING.occupancy_angular.HARD_OUTWARD.per_view[3].angular_power[30],2783.0921108585935
variants.PER_CHART_PLUS_RING.occupancy_angular.HARD_OUTWARD.per_view[3].angular_power[31],2607.1290001301877
variants.PER_CHART_PLUS_RING.occupancy_angular.HARD_OUTWARD.per_view[3].angular_power[32],2526.6643842313274
variants.PER_CHART_PLUS_RING.occupancy_angular.HARD_OUTWARD.per_view[3].angular_power[33],2416.9106122992275
variants.PER_CHART_PLUS_RING.occupancy_angular.HARD_OUTWARD.per_view[3].angular_power[34],2353.01884878416
variants.PER_CHART_PLUS_RING.occupancy_angular.HARD_OUTWARD.per_view[3].angular_power[35],2241.6296593802895
variants.PER_CHART_PLUS_RING.occupancy_angular.HARD_OUTWARD.per_view[3].angular_power[36],2181.554516196719
variants.PER_CHART_PLUS_RING.occupancy_angular.HARD_OUTWARD.per_view[3].angular_power[37],2110.935081519774
variants.PER_CHART_PLUS_RING.occupancy_angular.HARD_OUTWARD.per_view[3].angular_power[38],2026.7828228000467
variants.PER_CHART_PLUS_RING.occupancy_angular.HARD_OUTWARD.per_view[3].angular_power[39],1955.812659427893
variants.PER_CHART_PLUS_RING.occupancy_angular.HARD_OUTWARD.per_view[3].angular_power[40],1913.0349880360811
variants.PER_CHART_PLUS_RING.occupancy_angular.HARD_OUTWARD.per_view[3].angular_power[41],1841.9230225434364
variants.PER_CHART_PLUS_RING.occupancy_angular.HARD_OUTWARD.per_view[3].angular_power[42],1771.8861795104872
variants.PER_CHART_PLUS_RING.occupancy_angular.HARD_OUTWARD.per_view[3].angular_power[43],1720.8184124308032
variants.PER_CHART_PLUS_RING.occupancy_angular.HARD_OUTWARD.per_view[3].angular_power[44],1677.8965877216115
variants.PER_CHART_PLUS_RING.occupancy_angular.HARD_OUTWARD.per_view[3].angular_power[45],1626.6455252993069
variants.PER_CHART_PLUS_RING.occupancy_angular.HARD_OUTWARD.per_view[3].angular_power[46],1588.126236019358
variants.PER_CHART_PLUS_RING.occupancy_angular.HARD_OUTWARD.per_view[3].angular_power[47],1521.2285671725529
variants.PER_CHART_PLUS_RING.occupancy_angular.HARD_OUTWARD.per_view[3].angular_power[48],1515.0465691247712
variants.PER_CHART_PLUS_RING.occupancy_angular.HARD_OUTWARD.per_view[3].angular_power[49],1438.1704380773367
variants.PER_CHART_PLUS_RING.occupancy_angular.HARD_OUTWARD.per_view[3].angular_power[50],1409.4699539970402
variants.PER_CHART_PLUS_RING.occupancy_angular.HARD_OUTWARD.per_view[3].angular_power[51],1374.124712851682
variants.PER_CHART_PLUS_RING.occupancy_angular.HARD_OUTWARD.per_view[3].angular_power[52],1343.7499812041624
variants.PER_CHART_PLUS_RING.occupancy_angular.HARD_OUTWARD.per_view[3].angular_power[53],1309.511026822935
variants.PER_CHART_PLUS_RING.occupancy_angular.HARD_OUTWARD.per_view[3].angular_power[54],1275.7252449167372
variants.PER_CHART_PLUS_RING.occupancy_angular.HARD_OUTWARD.per_view[3].angular_power[55],1240.5830189533297
variants.PER_CHART_PLUS_RING.occupancy_angular.HARD_OUTWARD.per_view[3].angular_power[56],1199.7890538254167
variants.PER_CHART_PLUS_RING.occupancy_angular.HARD_OUTWARD.per_view[3].angular_power[57],1174.2429287953244
variants.PER_CHART_PLUS_RING.occupancy_angular.HARD_OUTWARD.per_view[3].angular_power[58],1148.5621383030798
variants.PER_CHART_PLUS_RING.occupancy_angular.HARD_OUTWARD.per_view[3].angular_power[59],1133.6711523004421
variants.PER_CHART_PLUS_RING.occupancy_angular.HARD_OUTWARD.per_view[3].angular_power[60],1105.4487282995037
variants.PER_CHART_PLUS_RING.occupancy_angular.HARD_OUTWARD.per_view[3].angular_power[61],1081.5754219253527
variants.PER_CHART_PLUS_RING.occupancy_angular.HARD_OUTWARD.per_view[3].angular_power[62],1056.7514526408968
variants.PER_CHART_PLUS_RING.occupancy_angular.HARD_OUTWARD.per_view[3].angular_power[63],1042.8917649915302
variants.PER_CHART_PLUS_RING.occupancy_angular.HARD_OUTWARD.per_view[3].dominant_mode,1
variants.PER_CHART_PLUS_RING.occupancy_angular.HARD_OUTWARD.per_view[3].spoke_anisotropy,0.38339568959986825
variants.PER_CHART_PLUS_RING.occupancy_angular.HARD_OUTWARD.per_view[3].lattice_harmonic_fraction,0.050096325120822245
variants.PER_CHART_PLUS_RING.occupancy_angular.HARD_OUTWARD.per_view[3].mode32_relative_to_neighbors,0.9818533139983799
variants.PER_CHART_PLUS_RING.occupancy_angular.HARD_OUTWARD.per_view[3].chart_center_hf_correlation,0.5425490694280437
variants.PER_CHART_PLUS_RING.occupancy_angular.HARD_OUTWARD.spoke_anisotropy,0.38131532294693227
variants.PER_CHART_PLUS_RING.occupancy_angular.HARD_OUTWARD.lattice_harmonic_fraction,0.049580169833320295
variants.PER_CHART_PLUS_RING.occupancy_angular.HARD_OUTWARD.mode32_relative_to_neighbors,0.9950977395391308
variants.PER_CHART_PLUS_RING.occupancy_angular.HARD_OUTWARD.chart_center_hf_correlation,0.5245684984213628
variants.PER_CHART_PLUS_RING.occupancy_angular.NO_OUTWARD_GATE.per_view[0].view,0
variants.PER_CHART_PLUS_RING.occupancy_angular.NO_OUTWARD_GATE.per_view[0].centers,1024
variants.PER_CHART_PLUS_RING.occupancy_angular.NO_OUTWARD_GATE.per_view[0].modes[0],1
variants.PER_CHART_PLUS_RING.occupancy_angular.NO_OUTWARD_GATE.per_view[0].modes[1],2
variants.PER_CHART_PLUS_RING.occupancy_angular.NO_OUTWARD_GATE.per_view[0].modes[2],3
variants.PER_CHART_PLUS_RING.occupancy_angular.NO_OUTWARD_GATE.per_view[0].modes[3],4
variants.PER_CHART_PLUS_RING.occupancy_angular.NO_OUTWARD_GATE.per_view[0].modes[4],5
variants.PER_CHART_PLUS_RING.occupancy_angular.NO_OUTWARD_GATE.per_view[0].modes[5],6
variants.PER_CHART_PLUS_RING.occupancy_angular.NO_OUTWARD_GATE.per_view[0].modes[6],7
variants.PER_CHART_PLUS_RING.occupancy_angular.NO_OUTWARD_GATE.per_view[0].modes[7],8
variants.PER_CHART_PLUS_RING.occupancy_angular.NO_OUTWARD_GATE.per_view[0].modes[8],9
variants.PER_CHART_PLUS_RING.occupancy_angular.NO_OUTWARD_GATE.per_view[0].modes[9],10
variants.PER_CHART_PLUS_RING.occupancy_angular.NO_OUTWARD_GATE.per_view[0].modes[10],11
variants.PER_CHART_PLUS_RING.occupancy_angular.NO_OUTWARD_GATE.per_view[0].modes[11],12
variants.PER_CHART_PLUS_RING.occupancy_angular.NO_OUTWARD_GATE.per_view[0].modes[12],13
variants.PER_CHART_PLUS_RING.occupancy_angular.NO_OUTWARD_GATE.per_view[0].modes[13],14
variants.PER_CHART_PLUS_RING.occupancy_angular.NO_OUTWARD_GATE.per_view[0].modes[14],15
variants.PER_CHART_PLUS_RING.occupancy_angular.NO_OUTWARD_GATE.per_view[0].modes[15],16
variants.PER_CHART_PLUS_RING.occupancy_angular.NO_OUTWARD_GATE.per_view[0].modes[16],17
variants.PER_CHART_PLUS_RING.occupancy_angular.NO_OUTWARD_GATE.per_view[0].modes[17],18
variants.PER_CHART_PLUS_RING.occupancy_angular.NO_OUTWARD_GATE.per_view[0].modes[18],19
variants.PER_CHART_PLUS_RING.occupancy_angular.NO_OUTWARD_GATE.per_view[0].modes[19],20
variants.PER_CHART_PLUS_RING.occupancy_angular.NO_OUTWARD_GATE.per_view[0].modes[20],21
variants.PER_CHART_PLUS_RING.occupancy_angular.NO_OUTWARD_GATE.per_view[0].modes[21],22
variants.PER_CHART_PLUS_RING.occupancy_angular.NO_OUTWARD_GATE.per_view[0].modes[22],23
variants.PER_CHART_PLUS_RING.occupancy_angular.NO_OUTWARD_GATE.per_view[0].modes[23],24
variants.PER_CHART_PLUS_RING.occupancy_angular.NO_OUTWARD_GATE.per_view[0].modes[24],25
variants.PER_CHART_PLUS_RING.occupancy_angular.NO_OUTWARD_GATE.per_view[0].modes[25],26
variants.PER_CHART_PLUS_RING.occupancy_angular.NO_OUTWARD_GATE.per_view[0].modes[26],27
variants.PER_CHART_PLUS_RING.occupancy_angular.NO_OUTWARD_GATE.per_view[0].modes[27],28
variants.PER_CHART_PLUS_RING.occupancy_angular.NO_OUTWARD_GATE.per_view[0].modes[28],29
variants.PER_CHART_PLUS_RING.occupancy_angular.NO_OUTWARD_GATE.per_view[0].modes[29],30
variants.PER_CHART_PLUS_RING.occupancy_angular.NO_OUTWARD_GATE.per_view[0].modes[30],31
variants.PER_CHART_PLUS_RING.occupancy_angular.NO_OUTWARD_GATE.per_view[0].modes[31],32
variants.PER_CHART_PLUS_RING.occupancy_angular.NO_OUTWARD_GATE.per_view[0].modes[32],33
variants.PER_CHART_PLUS_RING.occupancy_angular.NO_OUTWARD_GATE.per_view[0].modes[33],34
variants.PER_CHART_PLUS_RING.occupancy_angular.NO_OUTWARD_GATE.per_view[0].modes[34],35
variants.PER_CHART_PLUS_RING.occupancy_angular.NO_OUTWARD_GATE.per_view[0].modes[35],36
variants.PER_CHART_PLUS_RING.occupancy_angular.NO_OUTWARD_GATE.per_view[0].modes[36],37
variants.PER_CHART_PLUS_RING.occupancy_angular.NO_OUTWARD_GATE.per_view[0].modes[37],38
variants.PER_CHART_PLUS_RING.occupancy_angular.NO_OUTWARD_GATE.per_view[0].modes[38],39
variants.PER_CHART_PLUS_RING.occupancy_angular.NO_OUTWARD_GATE.per_view[0].modes[39],40
variants.PER_CHART_PLUS_RING.occupancy_angular.NO_OUTWARD_GATE.per_view[0].modes[40],41
variants.PER_CHART_PLUS_RING.occupancy_angular.NO_OUTWARD_GATE.per_view[0].modes[41],42
variants.PER_CHART_PLUS_RING.occupancy_angular.NO_OUTWARD_GATE.per_view[0].modes[42],43
variants.PER_CHART_PLUS_RING.occupancy_angular.NO_OUTWARD_GATE.per_view[0].modes[43],44
variants.PER_CHART_PLUS_RING.occupancy_angular.NO_OUTWARD_GATE.per_view[0].modes[44],45
variants.PER_CHART_PLUS_RING.occupancy_angular.NO_OUTWARD_GATE.per_view[0].modes[45],46
variants.PER_CHART_PLUS_RING.occupancy_angular.NO_OUTWARD_GATE.per_view[0].modes[46],47
variants.PER_CHART_PLUS_RING.occupancy_angular.NO_OUTWARD_GATE.per_view[0].modes[47],48
variants.PER_CHART_PLUS_RING.occupancy_angular.NO_OUTWARD_GATE.per_view[0].modes[48],49
variants.PER_CHART_PLUS_RING.occupancy_angular.NO_OUTWARD_GATE.per_view[0].modes[49],50
variants.PER_CHART_PLUS_RING.occupancy_angular.NO_OUTWARD_GATE.per_view[0].modes[50],51
variants.PER_CHART_PLUS_RING.occupancy_angular.NO_OUTWARD_GATE.per_view[0].modes[51],52
variants.PER_CHART_PLUS_RING.occupancy_angular.NO_OUTWARD_GATE.per_view[0].modes[52],53
variants.PER_CHART_PLUS_RING.occupancy_angular.NO_OUTWARD_GATE.per_view[0].modes[53],54
variants.PER_CHART_PLUS_RING.occupancy_angular.NO_OUTWARD_GATE.per_view[0].modes[54],55
variants.PER_CHART_PLUS_RING.occupancy_angular.NO_OUTWARD_GATE.per_view[0].modes[55],56
variants.PER_CHART_PLUS_RING.occupancy_angular.NO_OUTWARD_GATE.per_view[0].modes[56],57
variants.PER_CHART_PLUS_RING.occupancy_angular.NO_OUTWARD_GATE.per_view[0].modes[57],58
variants.PER_CHART_PLUS_RING.occupancy_angular.NO_OUTWARD_GATE.per_view[0].modes[58],59
variants.PER_CHART_PLUS_RING.occupancy_angular.NO_OUTWARD_GATE.per_view[0].modes[59],60
variants.PER_CHART_PLUS_RING.occupancy_angular.NO_OUTWARD_GATE.per_view[0].modes[60],61
variants.PER_CHART_PLUS_RING.occupancy_angular.NO_OUTWARD_GATE.per_view[0].modes[61],62
variants.PER_CHART_PLUS_RING.occupancy_angular.NO_OUTWARD_GATE.per_view[0].modes[62],63
variants.PER_CHART_PLUS_RING.occupancy_angular.NO_OUTWARD_GATE.per_view[0].modes[63],64
variants.PER_CHART_PLUS_RING.occupancy_angular.NO_OUTWARD_GATE.per_view[0].angular_power[0],187738.0530183027
variants.PER_CHART_PLUS_RING.occupancy_angular.NO_OUTWARD_GATE.per_view[0].angular_power[1],152279.12594760425
variants.PER_CHART_PLUS_RING.occupancy_angular.NO_OUTWARD_GATE.per_view[0].angular_power[2],78835.04749619096
variants.PER_CHART_PLUS_RING.occupancy_angular.NO_OUTWARD_GATE.per_view[0].angular_power[3],72899.23208111136
variants.PER_CHART_PLUS_RING.occupancy_angular.NO_OUTWARD_GATE.per_view[0].angular_power[4],49168.538091381735
variants.PER_CHART_PLUS_RING.occupancy_angular.NO_OUTWARD_GATE.per_view[0].angular_power[5],46445.97879947019
variants.PER_CHART_PLUS_RING.occupancy_angular.NO_OUTWARD_GATE.per_view[0].angular_power[6],34845.743692176846
variants.PER_CHART_PLUS_RING.occupancy_angular.NO_OUTWARD_GATE.per_view[0].angular_power[7],33167.91637675047
variants.PER_CHART_PLUS_RING.occupancy_angular.NO_OUTWARD_GATE.per_view[0].angular_power[8],26753.63792029458
variants.PER_CHART_PLUS_RING.occupancy_angular.NO_OUTWARD_GATE.per_view[0].angular_power[9],24811.630478318486
variants.PER_CHART_PLUS_RING.occupancy_angular.NO_OUTWARD_GATE.per_view[0].angular_power[10],21323.452052994464
variants.PER_CHART_PLUS_RING.occupancy_angular.NO_OUTWARD_GATE.per_view[0].angular_power[11],19787.14310123181
variants.PER_CHART_PLUS_RING.occupancy_angular.NO_OUTWARD_GATE.per_view[0].angular_power[12],17714.989491414246
variants.PER_CHART_PLUS_RING.occupancy_angular.NO_OUTWARD_GATE.per_view[0].angular_power[13],16338.779811478273
variants.PER_CHART_PLUS_RING.occupancy_angular.NO_OUTWARD_GATE.per_view[0].angular_power[14],14718.565822171407
variants.PER_CHART_PLUS_RING.occupancy_angular.NO_OUTWARD_GATE.per_view[0].angular_power[15],13818.921875489908
variants.PER_CHART_PLUS_RING.occupancy_angular.NO_OUTWARD_GATE.per_view[0].angular_power[16],12634.061282285835
variants.PER_CHART_PLUS_RING.occupancy_angular.NO_OUTWARD_GATE.per_view[0].angular_power[17],11718.144272436743
variants.PER_CHART_PLUS_RING.occupancy_angular.NO_OUTWARD_GATE.per_view[0].angular_power[18],10988.279153168412
variants.PER_CHART_PLUS_RING.occupancy_angular.NO_OUTWARD_GATE.per_view[0].angular_power[19],10346.161646600634
variants.PER_CHART_PLUS_RING.occupancy_angular.NO_OUTWARD_GATE.per_view[0].angular_power[20],9459.729685307899
variants.PER_CHART_PLUS_RING.occupancy_angular.NO_OUTWARD_GATE.per_view[0].angular_power[21],9095.97074964036
variants.PER_CHART_PLUS_RING.occupancy_angular.NO_OUTWARD_GATE.per_view[0].angular_power[22],8498.012219911387
variants.PER_CHART_PLUS_RING.occupancy_angular.NO_OUTWARD_GATE.per_view[0].angular_power[23],8138.136337829585
variants.PER_CHART_PLUS_RING.occupancy_angular.NO_OUTWARD_GATE.per_view[0].angular_power[24],7551.4761894223875
variants.PER_CHART_PLUS_RING.occupancy_angular.NO_OUTWARD_GATE.per_view[0].angular_power[25],7250.77017767354
variants.PER_CHART_PLUS_RING.occupancy_angular.NO_OUTWARD_GATE.per_view[0].angular_power[26],6760.0328793269555
variants.PER_CHART_PLUS_RING.occupancy_angular.NO_OUTWARD_GATE.per_view[0].angular_power[27],6655.988994688315
variants.PER_CHART_PLUS_RING.occupancy_angular.NO_OUTWARD_GATE.per_view[0].angular_power[28],6225.860410528466
variants.PER_CHART_PLUS_RING.occupancy_angular.NO_OUTWARD_GATE.per_view[0].angular_power[29],5974.136147538765
variants.PER_CHART_PLUS_RING.occupancy_angular.NO_OUTWARD_GATE.per_view[0].angular_power[30],5556.237390511857
variants.PER_CHART_PLUS_RING.occupancy_angular.NO_OUTWARD_GATE.per_view[0].angular_power[31],5430.86979375191
variants.PER_CHART_PLUS_RING.occupancy_angular.NO_OUTWARD_GATE.per_view[0].angular_power[32],5086.535414269908
variants.PER_CHART_PLUS_RING.occupancy_angular.NO_OUTWARD_GATE.per_view[0].angular_power[33],4966.50375552335
variants.PER_CHART_PLUS_RING.occupancy_angular.NO_OUTWARD_GATE.per_view[0].angular_power[34],4739.3717526240225
variants.PER_CHART_PLUS_RING.occupancy_angular.NO_OUTWARD_GATE.per_view[0].angular_power[35],4546.490954352211
variants.PER_CHART_PLUS_RING.occupancy_angular.NO_OUTWARD_GATE.per_view[0].angular_power[36],4347.204798394274
variants.PER_CHART_PLUS_RING.occupancy_angular.NO_OUTWARD_GATE.per_view[0].angular_power[37],4230.561618282569
variants.PER_CHART_PLUS_RING.occupancy_angular.NO_OUTWARD_GATE.per_view[0].angular_power[38],4024.8850920502136
variants.PER_CHART_PLUS_RING.occupancy_angular.NO_OUTWARD_GATE.per_view[0].angular_power[39],3897.2208445682923
variants.PER_CHART_PLUS_RING.occupancy_angular.NO_OUTWARD_GATE.per_view[0].angular_power[40],3780.28259849208
variants.PER_CHART_PLUS_RING.occupancy_angular.NO_OUTWARD_GATE.per_view[0].angular_power[41],3624.308870423035
variants.PER_CHART_PLUS_RING.occupancy_angular.NO_OUTWARD_GATE.per_view[0].angular_power[42],3492.8182843139116
variants.PER_CHART_PLUS_RING.occupancy_angular.NO_OUTWARD_GATE.per_view[0].angular_power[43],3408.581915951993
variants.PER_CHART_PLUS_RING.occupancy_angular.NO_OUTWARD_GATE.per_view[0].angular_power[44],3297.8224091001985
variants.PER_CHART_PLUS_RING.occupancy_angular.NO_OUTWARD_GATE.per_view[0].angular_power[45],3217.5713433187234
variants.PER_CHART_PLUS_RING.occupancy_angular.NO_OUTWARD_GATE.per_view[0].angular_power[46],3048.5252303262664
variants.PER_CHART_PLUS_RING.occupancy_angular.NO_OUTWARD_GATE.per_view[0].angular_power[47],3010.812319943536
variants.PER_CHART_PLUS_RING.occupancy_angular.NO_OUTWARD_GATE.per_view[0].angular_power[48],2892.1324294305255
variants.PER_CHART_PLUS_RING.occupancy_angular.NO_OUTWARD_GATE.per_view[0].angular_power[49],2831.352044387251
variants.PER_CHART_PLUS_RING.occupancy_angular.NO_OUTWARD_GATE.per_view[0].angular_power[50],2695.0441231885006
variants.PER_CHART_PLUS_RING.occupancy_angular.NO_OUTWARD_GATE.per_view[0].angular_power[51],2689.343550003015
variants.PER_CHART_PLUS_RING.occupancy_angular.NO_OUTWARD_GATE.per_view[0].angular_power[52],2557.8630039179275
variants.PER_CHART_PLUS_RING.occupancy_angular.NO_OUTWARD_GATE.per_view[0].angular_power[53],2522.7180133779093
variants.PER_CHART_PLUS_RING.occupancy_angular.NO_OUTWARD_GATE.per_view[0].angular_power[54],2452.6145787734004
variants.PER_CHART_PLUS_RING.occupancy_angular.NO_OUTWARD_GATE.per_view[0].angular_power[55],2409.771554431312
variants.PER_CHART_PLUS_RING.occupancy_angular.NO_OUTWARD_GATE.per_view[0].angular_power[56],2292.015740550424
variants.PER_CHART_PLUS_RING.occupancy_angular.NO_OUTWARD_GATE.per_view[0].angular_power[57],2284.962581928847
variants.PER_CHART_PLUS_RING.occupancy_angular.NO_OUTWARD_GATE.per_view[0].angular_power[58],2206.4445337453303
variants.PER_CHART_PLUS_RING.occupancy_angular.NO_OUTWARD_GATE.per_view[0].angular_power[59],2154.069803788383
variants.PER_CHART_PLUS_RING.occupancy_angular.NO_OUTWARD_GATE.per_view[0].angular_power[60],2093.1226833958744
variants.PER_CHART_PLUS_RING.occupancy_angular.NO_OUTWARD_GATE.per_view[0].angular_power[61],2049.588388561309
variants.PER_CHART_PLUS_RING.occupancy_angular.NO_OUTWARD_GATE.per_view[0].angular_power[62],1998.4617269121131
variants.PER_CHART_PLUS_RING.occupancy_angular.NO_OUTWARD_GATE.per_view[0].angular_power[63],1960.8464469047556
variants.PER_CHART_PLUS_RING.occupancy_angular.NO_OUTWARD_GATE.per_view[0].dominant_mode,1
variants.PER_CHART_PLUS_RING.occupancy_angular.NO_OUTWARD_GATE.per_view[0].spoke_anisotropy,0.4012992096999697
variants.PER_CHART_PLUS_RING.occupancy_angular.NO_OUTWARD_GATE.per_view[0].lattice_harmonic_fraction,0.05022101706565461
variants.PER_CHART_PLUS_RING.occupancy_angular.NO_OUTWARD_GATE.per_view[0].mode32_relative_to_neighbors,1.001123668639971
variants.PER_CHART_PLUS_RING.occupancy_angular.NO_OUTWARD_GATE.per_view[0].chart_center_hf_correlation,0.5395512230738271
variants.PER_CHART_PLUS_RING.occupancy_angular.NO_OUTWARD_GATE.per_view[1].view,1
variants.PER_CHART_PLUS_RING.occupancy_angular.NO_OUTWARD_GATE.per_view[1].centers,1024
variants.PER_CHART_PLUS_RING.occupancy_angular.NO_OUTWARD_GATE.per_view[1].modes[0],1
variants.PER_CHART_PLUS_RING.occupancy_angular.NO_OUTWARD_GATE.per_view[1].modes[1],2
variants.PER_CHART_PLUS_RING.occupancy_angular.NO_OUTWARD_GATE.per_view[1].modes[2],3
variants.PER_CHART_PLUS_RING.occupancy_angular.NO_OUTWARD_GATE.per_view[1].modes[3],4
variants.PER_CHART_PLUS_RING.occupancy_angular.NO_OUTWARD_GATE.per_view[1].modes[4],5
variants.PER_CHART_PLUS_RING.occupancy_angular.NO_OUTWARD_GATE.per_view[1].modes[5],6
variants.PER_CHART_PLUS_RING.occupancy_angular.NO_OUTWARD_GATE.per_view[1].modes[6],7
variants.PER_CHART_PLUS_RING.occupancy_angular.NO_OUTWARD_GATE.per_view[1].modes[7],8
variants.PER_CHART_PLUS_RING.occupancy_angular.NO_OUTWARD_GATE.per_view[1].modes[8],9
variants.PER_CHART_PLUS_RING.occupancy_angular.NO_OUTWARD_GATE.per_view[1].modes[9],10
variants.PER_CHART_PLUS_RING.occupancy_angular.NO_OUTWARD_GATE.per_view[1].modes[10],11
variants.PER_CHART_PLUS_RING.occupancy_angular.NO_OUTWARD_GATE.per_view[1].modes[11],12
variants.PER_CHART_PLUS_RING.occupancy_angular.NO_OUTWARD_GATE.per_view[1].modes[12],13
variants.PER_CHART_PLUS_RING.occupancy_angular.NO_OUTWARD_GATE.per_view[1].modes[13],14
variants.PER_CHART_PLUS_RING.occupancy_angular.NO_OUTWARD_GATE.per_view[1].modes[14],15
variants.PER_CHART_PLUS_RING.occupancy_angular.NO_OUTWARD_GATE.per_view[1].modes[15],16
variants.PER_CHART_PLUS_RING.occupancy_angular.NO_OUTWARD_GATE.per_view[1].modes[16],17
variants.PER_CHART_PLUS_RING.occupancy_angular.NO_OUTWARD_GATE.per_view[1].modes[17],18
variants.PER_CHART_PLUS_RING.occupancy_angular.NO_OUTWARD_GATE.per_view[1].modes[18],19
variants.PER_CHART_PLUS_RING.occupancy_angular.NO_OUTWARD_GATE.per_view[1].modes[19],20
variants.PER_CHART_PLUS_RING.occupancy_angular.NO_OUTWARD_GATE.per_view[1].modes[20],21
variants.PER_CHART_PLUS_RING.occupancy_angular.NO_OUTWARD_GATE.per_view[1].modes[21],22
variants.PER_CHART_PLUS_RING.occupancy_angular.NO_OUTWARD_GATE.per_view[1].modes[22],23
variants.PER_CHART_PLUS_RING.occupancy_angular.NO_OUTWARD_GATE.per_view[1].modes[23],24
variants.PER_CHART_PLUS_RING.occupancy_angular.NO_OUTWARD_GATE.per_view[1].modes[24],25
variants.PER_CHART_PLUS_RING.occupancy_angular.NO_OUTWARD_GATE.per_view[1].modes[25],26
variants.PER_CHART_PLUS_RING.occupancy_angular.NO_OUTWARD_GATE.per_view[1].modes[26],27
variants.PER_CHART_PLUS_RING.occupancy_angular.NO_OUTWARD_GATE.per_view[1].modes[27],28
variants.PER_CHART_PLUS_RING.occupancy_angular.NO_OUTWARD_GATE.per_view[1].modes[28],29
variants.PER_CHART_PLUS_RING.occupancy_angular.NO_OUTWARD_GATE.per_view[1].modes[29],30
variants.PER_CHART_PLUS_RING.occupancy_angular.NO_OUTWARD_GATE.per_view[1].modes[30],31
variants.PER_CHART_PLUS_RING.occupancy_angular.NO_OUTWARD_GATE.per_view[1].modes[31],32
variants.PER_CHART_PLUS_RING.occupancy_angular.NO_OUTWARD_GATE.per_view[1].modes[32],33
variants.PER_CHART_PLUS_RING.occupancy_angular.NO_OUTWARD_GATE.per_view[1].modes[33],34
variants.PER_CHART_PLUS_RING.occupancy_angular.NO_OUTWARD_GATE.per_view[1].modes[34],35
variants.PER_CHART_PLUS_RING.occupancy_angular.NO_OUTWARD_GATE.per_view[1].modes[35],36
variants.PER_CHART_PLUS_RING.occupancy_angular.NO_OUTWARD_GATE.per_view[1].modes[36],37
variants.PER_CHART_PLUS_RING.occupancy_angular.NO_OUTWARD_GATE.per_view[1].modes[37],38
variants.PER_CHART_PLUS_RING.occupancy_angular.NO_OUTWARD_GATE.per_view[1].modes[38],39
variants.PER_CHART_PLUS_RING.occupancy_angular.NO_OUTWARD_GATE.per_view[1].modes[39],40
variants.PER_CHART_PLUS_RING.occupancy_angular.NO_OUTWARD_GATE.per_view[1].modes[40],41
variants.PER_CHART_PLUS_RING.occupancy_angular.NO_OUTWARD_GATE.per_view[1].modes[41],42
variants.PER_CHART_PLUS_RING.occupancy_angular.NO_OUTWARD_GATE.per_view[1].modes[42],43
variants.PER_CHART_PLUS_RING.occupancy_angular.NO_OUTWARD_GATE.per_view[1].modes[43],44
variants.PER_CHART_PLUS_RING.occupancy_angular.NO_OUTWARD_GATE.per_view[1].modes[44],45
variants.PER_CHART_PLUS_RING.occupancy_angular.NO_OUTWARD_GATE.per_view[1].modes[45],46
variants.PER_CHART_PLUS_RING.occupancy_angular.NO_OUTWARD_GATE.per_view[1].modes[46],47
variants.PER_CHART_PLUS_RING.occupancy_angular.NO_OUTWARD_GATE.per_view[1].modes[47],48
variants.PER_CHART_PLUS_RING.occupancy_angular.NO_OUTWARD_GATE.per_view[1].modes[48],49
variants.PER_CHART_PLUS_RING.occupancy_angular.NO_OUTWARD_GATE.per_view[1].modes[49],50
variants.PER_CHART_PLUS_RING.occupancy_angular.NO_OUTWARD_GATE.per_view[1].modes[50],51
variants.PER_CHART_PLUS_RING.occupancy_angular.NO_OUTWARD_GATE.per_view[1].modes[51],52
variants.PER_CHART_PLUS_RING.occupancy_angular.NO_OUTWARD_GATE.per_view[1].modes[52],53
variants.PER_CHART_PLUS_RING.occupancy_angular.NO_OUTWARD_GATE.per_view[1].modes[53],54
variants.PER_CHART_PLUS_RING.occupancy_angular.NO_OUTWARD_GATE.per_view[1].modes[54],55
variants.PER_CHART_PLUS_RING.occupancy_angular.NO_OUTWARD_GATE.per_view[1].modes[55],56
variants.PER_CHART_PLUS_RING.occupancy_angular.NO_OUTWARD_GATE.per_view[1].modes[56],57
variants.PER_CHART_PLUS_RING.occupancy_angular.NO_OUTWARD_GATE.per_view[1].modes[57],58
variants.PER_CHART_PLUS_RING.occupancy_angular.NO_OUTWARD_GATE.per_view[1].modes[58],59
variants.PER_CHART_PLUS_RING.occupancy_angular.NO_OUTWARD_GATE.per_view[1].modes[59],60
variants.PER_CHART_PLUS_RING.occupancy_angular.NO_OUTWARD_GATE.per_view[1].modes[60],61
variants.PER_CHART_PLUS_RING.occupancy_angular.NO_OUTWARD_GATE.per_view[1].modes[61],62
variants.PER_CHART_PLUS_RING.occupancy_angular.NO_OUTWARD_GATE.per_view[1].modes[62],63
variants.PER_CHART_PLUS_RING.occupancy_angular.NO_OUTWARD_GATE.per_view[1].modes[63],64
variants.PER_CHART_PLUS_RING.occupancy_angular.NO_OUTWARD_GATE.per_view[1].angular_power[0],241381.8475594073
variants.PER_CHART_PLUS_RING.occupancy_angular.NO_OUTWARD_GATE.per_view[1].angular_power[1],172508.30182469045
variants.PER_CHART_PLUS_RING.occupancy_angular.NO_OUTWARD_GATE.per_view[1].angular_power[2],93806.51640988544
variants.PER_CHART_PLUS_RING.occupancy_angular.NO_OUTWARD_GATE.per_view[1].angular_power[3],77928.97112975245
variants.PER_CHART_PLUS_RING.occupancy_angular.NO_OUTWARD_GATE.per_view[1].angular_power[4],57782.00871650463
variants.PER_CHART_PLUS_RING.occupancy_angular.NO_OUTWARD_GATE.per_view[1].angular_power[5],47796.889423914334
variants.PER_CHART_PLUS_RING.occupancy_angular.NO_OUTWARD_GATE.per_view[1].angular_power[6],39083.673514924296
variants.PER_CHART_PLUS_RING.occupancy_angular.NO_OUTWARD_GATE.per_view[1].angular_power[7],34078.42207767264
variants.PER_CHART_PLUS_RING.occupancy_angular.NO_OUTWARD_GATE.per_view[1].angular_power[8],28093.292635995247
variants.PER_CHART_PLUS_RING.occupancy_angular.NO_OUTWARD_GATE.per_view[1].angular_power[9],26118.259142710238
variants.PER_CHART_PLUS_RING.occupancy_angular.NO_OUTWARD_GATE.per_view[1].angular_power[10],22431.58474494423
variants.PER_CHART_PLUS_RING.occupancy_angular.NO_OUTWARD_GATE.per_view[1].angular_power[11],20555.61185817349
variants.PER_CHART_PLUS_RING.occupancy_angular.NO_OUTWARD_GATE.per_view[1].angular_power[12],18149.66099490725
variants.PER_CHART_PLUS_RING.occupancy_angular.NO_OUTWARD_GATE.per_view[1].angular_power[13],16581.6861655487
variants.PER_CHART_PLUS_RING.occupancy_angular.NO_OUTWARD_GATE.per_view[1].angular_power[14],15233.302488207375
variants.PER_CHART_PLUS_RING.occupancy_angular.NO_OUTWARD_GATE.per_view[1].angular_power[15],13967.651698191848
variants.PER_CHART_PLUS_RING.occupancy_angular.NO_OUTWARD_GATE.per_view[1].angular_power[16],12876.695978839945
variants.PER_CHART_PLUS_RING.occupancy_angular.NO_OUTWARD_GATE.per_view[1].angular_power[17],11973.71185788827
variants.PER_CHART_PLUS_RING.occupancy_angular.NO_OUTWARD_GATE.per_view[1].angular_power[18],11172.494325094425
variants.PER_CHART_PLUS_RING.occupancy_angular.NO_OUTWARD_GATE.per_view[1].angular_power[19],10332.636241595204
variants.PER_CHART_PLUS_RING.occupancy_angular.NO_OUTWARD_GATE.per_view[1].angular_power[20],9772.256574888415
variants.PER_CHART_PLUS_RING.occupancy_angular.NO_OUTWARD_GATE.per_view[1].angular_power[21],9116.789682540553
variants.PER_CHART_PLUS_RING.occupancy_angular.NO_OUTWARD_GATE.per_view[1].angular_power[22],8618.81639624241
variants.PER_CHART_PLUS_RING.occupancy_angular.NO_OUTWARD_GATE.per_view[1].angular_power[23],8157.842644082687
variants.PER_CHART_PLUS_RING.occupancy_angular.NO_OUTWARD_GATE.per_view[1].angular_power[24],7863.685521253043
variants.PER_CHART_PLUS_RING.occupancy_angular.NO_OUTWARD_GATE.per_view[1].angular_power[25],7374.387955646214
variants.PER_CHART_PLUS_RING.occupancy_angular.NO_OUTWARD_GATE.per_view[1].angular_power[26],6931.915554457045
variants.PER_CHART_PLUS_RING.occupancy_angular.NO_OUTWARD_GATE.per_view[1].angular_power[27],6665.5921496259925
variants.PER_CHART_PLUS_RING.occupancy_angular.NO_OUTWARD_GATE.per_view[1].angular_power[28],6319.91309967205
variants.PER_CHART_PLUS_RING.occupancy_angular.NO_OUTWARD_GATE.per_view[1].angular_power[29],6147.276358109841
variants.PER_CHART_PLUS_RING.occupancy_angular.NO_OUTWARD_GATE.per_view[1].angular_power[30],5753.299891581106
variants.PER_CHART_PLUS_RING.occupancy_angular.NO_OUTWARD_GATE.per_view[1].angular_power[31],5520.980701352079
variants.PER_CHART_PLUS_RING.occupancy_angular.NO_OUTWARD_GATE.per_view[1].angular_power[32],5308.434398270051
variants.PER_CHART_PLUS_RING.occupancy_angular.NO_OUTWARD_GATE.per_view[1].angular_power[33],5110.376937278116
variants.PER_CHART_PLUS_RING.occupancy_angular.NO_OUTWARD_GATE.per_view[1].angular_power[34],4894.241745099424
variants.PER_CHART_PLUS_RING.occupancy_angular.NO_OUTWARD_GATE.per_view[1].angular_power[35],4689.6875038004
variants.PER_CHART_PLUS_RING.occupancy_angular.NO_OUTWARD_GATE.per_view[1].angular_power[36],4512.675842599292
variants.PER_CHART_PLUS_RING.occupancy_angular.NO_OUTWARD_GATE.per_view[1].angular_power[37],4407.860603438072
variants.PER_CHART_PLUS_RING.occupancy_angular.NO_OUTWARD_GATE.per_view[1].angular_power[38],4177.121077098244
variants.PER_CHART_PLUS_RING.occupancy_angular.NO_OUTWARD_GATE.per_view[1].angular_power[39],4071.8089015736873
variants.PER_CHART_PLUS_RING.occupancy_angular.NO_OUTWARD_GATE.per_view[1].angular_power[40],3877.565477622388
variants.PER_CHART_PLUS_RING.occupancy_angular.NO_OUTWARD_GATE.per_view[1].angular_power[41],3797.5434457816345
variants.PER_CHART_PLUS_RING.occupancy_angular.NO_OUTWARD_GATE.per_view[1].angular_power[42],3604.9631544858344
variants.PER_CHART_PLUS_RING.occupancy_angular.NO_OUTWARD_GATE.per_view[1].angular_power[43],3549.8023829785834
variants.PER_CHART_PLUS_RING.occupancy_angular.NO_OUTWARD_GATE.per_view[1].angular_power[44],3408.6009833608337
variants.PER_CHART_PLUS_RING.occupancy_angular.NO_OUTWARD_GATE.per_view[1].angular_power[45],3316.8263013062497
variants.PER_CHART_PLUS_RING.occupancy_angular.NO_OUTWARD_GATE.per_view[1].angular_power[46],3179.477025432126
variants.PER_CHART_PLUS_RING.occupancy_angular.NO_OUTWARD_GATE.per_view[1].angular_power[47],3148.3719636018855
variants.PER_CHART_PLUS_RING.occupancy_angular.NO_OUTWARD_GATE.per_view[1].angular_power[48],3072.7125448131824
variants.PER_CHART_PLUS_RING.occupancy_angular.NO_OUTWARD_GATE.per_view[1].angular_power[49],2928.964253462621
variants.PER_CHART_PLUS_RING.occupancy_angular.NO_OUTWARD_GATE.per_view[1].angular_power[50],2858.9653307072117
variants.PER_CHART_PLUS_RING.occupancy_angular.NO_OUTWARD_GATE.per_view[1].angular_power[51],2785.1918896165007
variants.PER_CHART_PLUS_RING.occupancy_angular.NO_OUTWARD_GATE.per_view[1].angular_power[52],2670.6665795761855
variants.PER_CHART_PLUS_RING.occupancy_angular.NO_OUTWARD_GATE.per_view[1].angular_power[53],2621.7992652579987
variants.PER_CHART_PLUS_RING.occupancy_angular.NO_OUTWARD_GATE.per_view[1].angular_power[54],2531.626612322561
variants.PER_CHART_PLUS_RING.occupancy_angular.NO_OUTWARD_GATE.per_view[1].angular_power[55],2518.5567154421747
variants.PER_CHART_PLUS_RING.occupancy_angular.NO_OUTWARD_GATE.per_view[1].angular_power[56],2412.143694973341
variants.PER_CHART_PLUS_RING.occupancy_angular.NO_OUTWARD_GATE.per_view[1].angular_power[57],2354.6124912069304
variants.PER_CHART_PLUS_RING.occupancy_angular.NO_OUTWARD_GATE.per_view[1].angular_power[58],2302.9162917128047
variants.PER_CHART_PLUS_RING.occupancy_angular.NO_OUTWARD_GATE.per_view[1].angular_power[59],2206.3463993992336
variants.PER_CHART_PLUS_RING.occupancy_angular.NO_OUTWARD_GATE.per_view[1].angular_power[60],2167.771531407875
variants.PER_CHART_PLUS_RING.occupancy_angular.NO_OUTWARD_GATE.per_view[1].angular_power[61],2140.3014924244876
variants.PER_CHART_PLUS_RING.occupancy_angular.NO_OUTWARD_GATE.per_view[1].angular_power[62],2078.5879781536296
variants.PER_CHART_PLUS_RING.occupancy_angular.NO_OUTWARD_GATE.per_view[1].angular_power[63],2053.6217800547392
variants.PER_CHART_PLUS_RING.occupancy_angular.NO_OUTWARD_GATE.per_view[1].dominant_mode,1
variants.PER_CHART_PLUS_RING.occupancy_angular.NO_OUTWARD_GATE.per_view[1].spoke_anisotropy,0.4358449580054441
variants.PER_CHART_PLUS_RING.occupancy_angular.NO_OUTWARD_GATE.per_view[1].lattice_harmonic_fraction,0.04598598372235849
variants.PER_CHART_PLUS_RING.occupancy_angular.NO_OUTWARD_GATE.per_view[1].mode32_relative_to_neighbors,0.9878432699811255
variants.PER_CHART_PLUS_RING.occupancy_angular.NO_OUTWARD_GATE.per_view[1].chart_center_hf_correlation,0.5651496302895237
variants.PER_CHART_PLUS_RING.occupancy_angular.NO_OUTWARD_GATE.per_view[2].view,2
variants.PER_CHART_PLUS_RING.occupancy_angular.NO_OUTWARD_GATE.per_view[2].centers,1024
variants.PER_CHART_PLUS_RING.occupancy_angular.NO_OUTWARD_GATE.per_view[2].modes[0],1
variants.PER_CHART_PLUS_RING.occupancy_angular.NO_OUTWARD_GATE.per_view[2].modes[1],2
variants.PER_CHART_PLUS_RING.occupancy_angular.NO_OUTWARD_GATE.per_view[2].modes[2],3
variants.PER_CHART_PLUS_RING.occupancy_angular.NO_OUTWARD_GATE.per_view[2].modes[3],4
variants.PER_CHART_PLUS_RING.occupancy_angular.NO_OUTWARD_GATE.per_view[2].modes[4],5
variants.PER_CHART_PLUS_RING.occupancy_angular.NO_OUTWARD_GATE.per_view[2].modes[5],6
variants.PER_CHART_PLUS_RING.occupancy_angular.NO_OUTWARD_GATE.per_view[2].modes[6],7
variants.PER_CHART_PLUS_RING.occupancy_angular.NO_OUTWARD_GATE.per_view[2].modes[7],8
variants.PER_CHART_PLUS_RING.occupancy_angular.NO_OUTWARD_GATE.per_view[2].modes[8],9
variants.PER_CHART_PLUS_RING.occupancy_angular.NO_OUTWARD_GATE.per_view[2].modes[9],10
variants.PER_CHART_PLUS_RING.occupancy_angular.NO_OUTWARD_GATE.per_view[2].modes[10],11
variants.PER_CHART_PLUS_RING.occupancy_angular.NO_OUTWARD_GATE.per_view[2].modes[11],12
variants.PER_CHART_PLUS_RING.occupancy_angular.NO_OUTWARD_GATE.per_view[2].modes[12],13
variants.PER_CHART_PLUS_RING.occupancy_angular.NO_OUTWARD_GATE.per_view[2].modes[13],14
variants.PER_CHART_PLUS_RING.occupancy_angular.NO_OUTWARD_GATE.per_view[2].modes[14],15
variants.PER_CHART_PLUS_RING.occupancy_angular.NO_OUTWARD_GATE.per_view[2].modes[15],16
variants.PER_CHART_PLUS_RING.occupancy_angular.NO_OUTWARD_GATE.per_view[2].modes[16],17
variants.PER_CHART_PLUS_RING.occupancy_angular.NO_OUTWARD_GATE.per_view[2].modes[17],18
variants.PER_CHART_PLUS_RING.occupancy_angular.NO_OUTWARD_GATE.per_view[2].modes[18],19
variants.PER_CHART_PLUS_RING.occupancy_angular.NO_OUTWARD_GATE.per_view[2].modes[19],20
variants.PER_CHART_PLUS_RING.occupancy_angular.NO_OUTWARD_GATE.per_view[2].modes[20],21
variants.PER_CHART_PLUS_RING.occupancy_angular.NO_OUTWARD_GATE.per_view[2].modes[21],22
variants.PER_CHART_PLUS_RING.occupancy_angular.NO_OUTWARD_GATE.per_view[2].modes[22],23
variants.PER_CHART_PLUS_RING.occupancy_angular.NO_OUTWARD_GATE.per_view[2].modes[23],24
variants.PER_CHART_PLUS_RING.occupancy_angular.NO_OUTWARD_GATE.per_view[2].modes[24],25
variants.PER_CHART_PLUS_RING.occupancy_angular.NO_OUTWARD_GATE.per_view[2].modes[25],26
variants.PER_CHART_PLUS_RING.occupancy_angular.NO_OUTWARD_GATE.per_view[2].modes[26],27
variants.PER_CHART_PLUS_RING.occupancy_angular.NO_OUTWARD_GATE.per_view[2].modes[27],28
variants.PER_CHART_PLUS_RING.occupancy_angular.NO_OUTWARD_GATE.per_view[2].modes[28],29
variants.PER_CHART_PLUS_RING.occupancy_angular.NO_OUTWARD_GATE.per_view[2].modes[29],30
variants.PER_CHART_PLUS_RING.occupancy_angular.NO_OUTWARD_GATE.per_view[2].modes[30],31
variants.PER_CHART_PLUS_RING.occupancy_angular.NO_OUTWARD_GATE.per_view[2].modes[31],32
variants.PER_CHART_PLUS_RING.occupancy_angular.NO_OUTWARD_GATE.per_view[2].modes[32],33
variants.PER_CHART_PLUS_RING.occupancy_angular.NO_OUTWARD_GATE.per_view[2].modes[33],34
variants.PER_CHART_PLUS_RING.occupancy_angular.NO_OUTWARD_GATE.per_view[2].modes[34],35
variants.PER_CHART_PLUS_RING.occupancy_angular.NO_OUTWARD_GATE.per_view[2].modes[35],36
variants.PER_CHART_PLUS_RING.occupancy_angular.NO_OUTWARD_GATE.per_view[2].modes[36],37
variants.PER_CHART_PLUS_RING.occupancy_angular.NO_OUTWARD_GATE.per_view[2].modes[37],38
variants.PER_CHART_PLUS_RING.occupancy_angular.NO_OUTWARD_GATE.per_view[2].modes[38],39
variants.PER_CHART_PLUS_RING.occupancy_angular.NO_OUTWARD_GATE.per_view[2].modes[39],40
variants.PER_CHART_PLUS_RING.occupancy_angular.NO_OUTWARD_GATE.per_view[2].modes[40],41
variants.PER_CHART_PLUS_RING.occupancy_angular.NO_OUTWARD_GATE.per_view[2].modes[41],42
variants.PER_CHART_PLUS_RING.occupancy_angular.NO_OUTWARD_GATE.per_view[2].modes[42],43
variants.PER_CHART_PLUS_RING.occupancy_angular.NO_OUTWARD_GATE.per_view[2].modes[43],44
variants.PER_CHART_PLUS_RING.occupancy_angular.NO_OUTWARD_GATE.per_view[2].modes[44],45
variants.PER_CHART_PLUS_RING.occupancy_angular.NO_OUTWARD_GATE.per_view[2].modes[45],46
variants.PER_CHART_PLUS_RING.occupancy_angular.NO_OUTWARD_GATE.per_view[2].modes[46],47
variants.PER_CHART_PLUS_RING.occupancy_angular.NO_OUTWARD_GATE.per_view[2].modes[47],48
variants.PER_CHART_PLUS_RING.occupancy_angular.NO_OUTWARD_GATE.per_view[2].modes[48],49
variants.PER_CHART_PLUS_RING.occupancy_angular.NO_OUTWARD_GATE.per_view[2].modes[49],50
variants.PER_CHART_PLUS_RING.occupancy_angular.NO_OUTWARD_GATE.per_view[2].modes[50],51
variants.PER_CHART_PLUS_RING.occupancy_angular.NO_OUTWARD_GATE.per_view[2].modes[51],52
variants.PER_CHART_PLUS_RING.occupancy_angular.NO_OUTWARD_GATE.per_view[2].modes[52],53
variants.PER_CHART_PLUS_RING.occupancy_angular.NO_OUTWARD_GATE.per_view[2].modes[53],54
variants.PER_CHART_PLUS_RING.occupancy_angular.NO_OUTWARD_GATE.per_view[2].modes[54],55
variants.PER_CHART_PLUS_RING.occupancy_angular.NO_OUTWARD_GATE.per_view[2].modes[55],56
variants.PER_CHART_PLUS_RING.occupancy_angular.NO_OUTWARD_GATE.per_view[2].modes[56],57
variants.PER_CHART_PLUS_RING.occupancy_angular.NO_OUTWARD_GATE.per_view[2].modes[57],58
variants.PER_CHART_PLUS_RING.occupancy_angular.NO_OUTWARD_GATE.per_view[2].modes[58],59
variants.PER_CHART_PLUS_RING.occupancy_angular.NO_OUTWARD_GATE.per_view[2].modes[59],60
variants.PER_CHART_PLUS_RING.occupancy_angular.NO_OUTWARD_GATE.per_view[2].modes[60],61
variants.PER_CHART_PLUS_RING.occupancy_angular.NO_OUTWARD_GATE.per_view[2].modes[61],62
variants.PER_CHART_PLUS_RING.occupancy_angular.NO_OUTWARD_GATE.per_view[2].modes[62],63
variants.PER_CHART_PLUS_RING.occupancy_angular.NO_OUTWARD_GATE.per_view[2].modes[63],64
variants.PER_CHART_PLUS_RING.occupancy_angular.NO_OUTWARD_GATE.per_view[2].angular_power[0],113295.09211668525
variants.PER_CHART_PLUS_RING.occupancy_angular.NO_OUTWARD_GATE.per_view[2].angular_power[1],85939.75958845172
variants.PER_CHART_PLUS_RING.occupancy_angular.NO_OUTWARD_GATE.per_view[2].angular_power[2],47871.49073782816
variants.PER_CHART_PLUS_RING.occupancy_angular.NO_OUTWARD_GATE.per_view[2].angular_power[3],41858.006330122604
variants.PER_CHART_PLUS_RING.occupancy_angular.NO_OUTWARD_GATE.per_view[2].angular_power[4],28901.605988976065
variants.PER_CHART_PLUS_RING.occupancy_angular.NO_OUTWARD_GATE.per_view[2].angular_power[5],26786.66199620811
variants.PER_CHART_PLUS_RING.occupancy_angular.NO_OUTWARD_GATE.per_view[2].angular_power[6],21180.3328109188
variants.PER_CHART_PLUS_RING.occupancy_angular.NO_OUTWARD_GATE.per_view[2].angular_power[7],18936.1534347656
variants.PER_CHART_PLUS_RING.occupancy_angular.NO_OUTWARD_GATE.per_view[2].angular_power[8],15854.14549332835
variants.PER_CHART_PLUS_RING.occupancy_angular.NO_OUTWARD_GATE.per_view[2].angular_power[9],14806.854314813074
variants.PER_CHART_PLUS_RING.occupancy_angular.NO_OUTWARD_GATE.per_view[2].angular_power[10],12636.064749524183
variants.PER_CHART_PLUS_RING.occupancy_angular.NO_OUTWARD_GATE.per_view[2].angular_power[11],11759.722177057547
variants.PER_CHART_PLUS_RING.occupancy_angular.NO_OUTWARD_GATE.per_view[2].angular_power[12],10326.809097373438
variants.PER_CHART_PLUS_RING.occupancy_angular.NO_OUTWARD_GATE.per_view[2].angular_power[13],9941.530914234745
variants.PER_CHART_PLUS_RING.occupancy_angular.NO_OUTWARD_GATE.per_view[2].angular_power[14],8814.872723662753
variants.PER_CHART_PLUS_RING.occupancy_angular.NO_OUTWARD_GATE.per_view[2].angular_power[15],8344.119661479997
variants.PER_CHART_PLUS_RING.occupancy_angular.NO_OUTWARD_GATE.per_view[2].angular_power[16],7648.402616598665
variants.PER_CHART_PLUS_RING.occupancy_angular.NO_OUTWARD_GATE.per_view[2].angular_power[17],7189.30318666433
variants.PER_CHART_PLUS_RING.occupancy_angular.NO_OUTWARD_GATE.per_view[2].angular_power[18],6595.3668931428065
variants.PER_CHART_PLUS_RING.occupancy_angular.NO_OUTWARD_GATE.per_view[2].angular_power[19],6421.631453542967
variants.PER_CHART_PLUS_RING.occupancy_angular.NO_OUTWARD_GATE.per_view[2].angular_power[20],5925.397646070789
variants.PER_CHART_PLUS_RING.occupancy_angular.NO_OUTWARD_GATE.per_view[2].angular_power[21],5700.134237741624
variants.PER_CHART_PLUS_RING.occupancy_angular.NO_OUTWARD_GATE.per_view[2].angular_power[22],5361.7186199055095
variants.PER_CHART_PLUS_RING.occupancy_angular.NO_OUTWARD_GATE.per_view[2].angular_power[23],5132.081912450642
variants.PER_CHART_PLUS_RING.occupancy_angular.NO_OUTWARD_GATE.per_view[2].angular_power[24],4865.677814589512
variants.PER_CHART_PLUS_RING.occupancy_angular.NO_OUTWARD_GATE.per_view[2].angular_power[25],4628.26627509475
variants.PER_CHART_PLUS_RING.occupancy_angular.NO_OUTWARD_GATE.per_view[2].angular_power[26],4387.6594388973035
variants.PER_CHART_PLUS_RING.occupancy_angular.NO_OUTWARD_GATE.per_view[2].angular_power[27],4219.970435935313
variants.PER_CHART_PLUS_RING.occupancy_angular.NO_OUTWARD_GATE.per_view[2].angular_power[28],4005.8359248185816
variants.PER_CHART_PLUS_RING.occupancy_angular.NO_OUTWARD_GATE.per_view[2].angular_power[29],3848.7147548144294
variants.PER_CHART_PLUS_RING.occupancy_angular.NO_OUTWARD_GATE.per_view[2].angular_power[30],3740.547854164087
variants.PER_CHART_PLUS_RING.occupancy_angular.NO_OUTWARD_GATE.per_view[2].angular_power[31],3611.257477192866
variants.PER_CHART_PLUS_RING.occupancy_angular.NO_OUTWARD_GATE.per_view[2].angular_power[32],3450.0954882810556
variants.PER_CHART_PLUS_RING.occupancy_angular.NO_OUTWARD_GATE.per_view[2].angular_power[33],3349.045140205932
variants.PER_CHART_PLUS_RING.occupancy_angular.NO_OUTWARD_GATE.per_view[2].angular_power[34],3195.3908951504973
variants.PER_CHART_PLUS_RING.occupancy_angular.NO_OUTWARD_GATE.per_view[2].angular_power[35],3097.389020633539
variants.PER_CHART_PLUS_RING.occupancy_angular.NO_OUTWARD_GATE.per_view[2].angular_power[36],2978.8056472738813
variants.PER_CHART_PLUS_RING.occupancy_angular.NO_OUTWARD_GATE.per_view[2].angular_power[37],2911.2427368890635
variants.PER_CHART_PLUS_RING.occupancy_angular.NO_OUTWARD_GATE.per_view[2].angular_power[38],2789.6648486384665
variants.PER_CHART_PLUS_RING.occupancy_angular.NO_OUTWARD_GATE.per_view[2].angular_power[39],2693.498635589865
variants.PER_CHART_PLUS_RING.occupancy_angular.NO_OUTWARD_GATE.per_view[2].angular_power[40],2636.7811958891866
variants.PER_CHART_PLUS_RING.occupancy_angular.NO_OUTWARD_GATE.per_view[2].angular_power[41],2547.8981866058853
variants.PER_CHART_PLUS_RING.occupancy_angular.NO_OUTWARD_GATE.per_view[2].angular_power[42],2443.7438327317504
variants.PER_CHART_PLUS_RING.occupancy_angular.NO_OUTWARD_GATE.per_view[2].angular_power[43],2397.1155495924545
variants.PER_CHART_PLUS_RING.occupancy_angular.NO_OUTWARD_GATE.per_view[2].angular_power[44],2298.993181137673
variants.PER_CHART_PLUS_RING.occupancy_angular.NO_OUTWARD_GATE.per_view[2].angular_power[45],2253.4447536142243
variants.PER_CHART_PLUS_RING.occupancy_angular.NO_OUTWARD_GATE.per_view[2].angular_power[46],2189.9723520225216
variants.PER_CHART_PLUS_RING.occupancy_angular.NO_OUTWARD_GATE.per_view[2].angular_power[47],2149.2459363336047
variants.PER_CHART_PLUS_RING.occupancy_angular.NO_OUTWARD_GATE.per_view[2].angular_power[48],2080.3356282981804
variants.PER_CHART_PLUS_RING.occupancy_angular.NO_OUTWARD_GATE.per_view[2].angular_power[49],2012.608905097411
variants.PER_CHART_PLUS_RING.occupancy_angular.NO_OUTWARD_GATE.per_view[2].angular_power[50],1974.6994579846578
variants.PER_CHART_PLUS_RING.occupancy_angular.NO_OUTWARD_GATE.per_view[2].angular_power[51],1911.2883965567592
variants.PER_CHART_PLUS_RING.occupancy_angular.NO_OUTWARD_GATE.per_view[2].angular_power[52],1879.3121084710979
variants.PER_CHART_PLUS_RING.occupancy_angular.NO_OUTWARD_GATE.per_view[2].angular_power[53],1819.9222323751478
variants.PER_CHART_PLUS_RING.occupancy_angular.NO_OUTWARD_GATE.per_view[2].angular_power[54],1741.9135663205293
variants.PER_CHART_PLUS_RING.occupancy_angular.NO_OUTWARD_GATE.per_view[2].angular_power[55],1724.3818242216098
variants.PER_CHART_PLUS_RING.occupancy_angular.NO_OUTWARD_GATE.per_view[2].angular_power[56],1691.4217960293922
variants.PER_CHART_PLUS_RING.occupancy_angular.NO_OUTWARD_GATE.per_view[2].angular_power[57],1656.4438804588724
variants.PER_CHART_PLUS_RING.occupancy_angular.NO_OUTWARD_GATE.per_view[2].angular_power[58],1596.8860989004338
variants.PER_CHART_PLUS_RING.occupancy_angular.NO_OUTWARD_GATE.per_view[2].angular_power[59],1588.7181543126067
variants.PER_CHART_PLUS_RING.occupancy_angular.NO_OUTWARD_GATE.per_view[2].angular_power[60],1540.3606055465073
variants.PER_CHART_PLUS_RING.occupancy_angular.NO_OUTWARD_GATE.per_view[2].angular_power[61],1520.0729914335839
variants.PER_CHART_PLUS_RING.occupancy_angular.NO_OUTWARD_GATE.per_view[2].angular_power[62],1489.2157515504364
variants.PER_CHART_PLUS_RING.occupancy_angular.NO_OUTWARD_GATE.per_view[2].angular_power[63],1442.9158428582457
variants.PER_CHART_PLUS_RING.occupancy_angular.NO_OUTWARD_GATE.per_view[2].dominant_mode,1
variants.PER_CHART_PLUS_RING.occupancy_angular.NO_OUTWARD_GATE.per_view[2].spoke_anisotropy,0.3912460927571872
variants.PER_CHART_PLUS_RING.occupancy_angular.NO_OUTWARD_GATE.per_view[2].lattice_harmonic_fraction,0.048910887987169395
variants.PER_CHART_PLUS_RING.occupancy_angular.NO_OUTWARD_GATE.per_view[2].mode32_relative_to_neighbors,1.003608899527937
variants.PER_CHART_PLUS_RING.occupancy_angular.NO_OUTWARD_GATE.per_view[2].chart_center_hf_correlation,0.45069611850182906
variants.PER_CHART_PLUS_RING.occupancy_angular.NO_OUTWARD_GATE.per_view[3].view,3
variants.PER_CHART_PLUS_RING.occupancy_angular.NO_OUTWARD_GATE.per_view[3].centers,1024
variants.PER_CHART_PLUS_RING.occupancy_angular.NO_OUTWARD_GATE.per_view[3].modes[0],1
variants.PER_CHART_PLUS_RING.occupancy_angular.NO_OUTWARD_GATE.per_view[3].modes[1],2
variants.PER_CHART_PLUS_RING.occupancy_angular.NO_OUTWARD_GATE.per_view[3].modes[2],3
variants.PER_CHART_PLUS_RING.occupancy_angular.NO_OUTWARD_GATE.per_view[3].modes[3],4
variants.PER_CHART_PLUS_RING.occupancy_angular.NO_OUTWARD_GATE.per_view[3].modes[4],5
variants.PER_CHART_PLUS_RING.occupancy_angular.NO_OUTWARD_GATE.per_view[3].modes[5],6
variants.PER_CHART_PLUS_RING.occupancy_angular.NO_OUTWARD_GATE.per_view[3].modes[6],7
variants.PER_CHART_PLUS_RING.occupancy_angular.NO_OUTWARD_GATE.per_view[3].modes[7],8
variants.PER_CHART_PLUS_RING.occupancy_angular.NO_OUTWARD_GATE.per_view[3].modes[8],9
variants.PER_CHART_PLUS_RING.occupancy_angular.NO_OUTWARD_GATE.per_view[3].modes[9],10
variants.PER_CHART_PLUS_RING.occupancy_angular.NO_OUTWARD_GATE.per_view[3].modes[10],11
variants.PER_CHART_PLUS_RING.occupancy_angular.NO_OUTWARD_GATE.per_view[3].modes[11],12
variants.PER_CHART_PLUS_RING.occupancy_angular.NO_OUTWARD_GATE.per_view[3].modes[12],13
variants.PER_CHART_PLUS_RING.occupancy_angular.NO_OUTWARD_GATE.per_view[3].modes[13],14
variants.PER_CHART_PLUS_RING.occupancy_angular.NO_OUTWARD_GATE.per_view[3].modes[14],15
variants.PER_CHART_PLUS_RING.occupancy_angular.NO_OUTWARD_GATE.per_view[3].modes[15],16
variants.PER_CHART_PLUS_RING.occupancy_angular.NO_OUTWARD_GATE.per_view[3].modes[16],17
variants.PER_CHART_PLUS_RING.occupancy_angular.NO_OUTWARD_GATE.per_view[3].modes[17],18
variants.PER_CHART_PLUS_RING.occupancy_angular.NO_OUTWARD_GATE.per_view[3].modes[18],19
variants.PER_CHART_PLUS_RING.occupancy_angular.NO_OUTWARD_GATE.per_view[3].modes[19],20
variants.PER_CHART_PLUS_RING.occupancy_angular.NO_OUTWARD_GATE.per_view[3].modes[20],21
variants.PER_CHART_PLUS_RING.occupancy_angular.NO_OUTWARD_GATE.per_view[3].modes[21],22
variants.PER_CHART_PLUS_RING.occupancy_angular.NO_OUTWARD_GATE.per_view[3].modes[22],23
variants.PER_CHART_PLUS_RING.occupancy_angular.NO_OUTWARD_GATE.per_view[3].modes[23],24
variants.PER_CHART_PLUS_RING.occupancy_angular.NO_OUTWARD_GATE.per_view[3].modes[24],25
variants.PER_CHART_PLUS_RING.occupancy_angular.NO_OUTWARD_GATE.per_view[3].modes[25],26
variants.PER_CHART_PLUS_RING.occupancy_angular.NO_OUTWARD_GATE.per_view[3].modes[26],27
variants.PER_CHART_PLUS_RING.occupancy_angular.NO_OUTWARD_GATE.per_view[3].modes[27],28
variants.PER_CHART_PLUS_RING.occupancy_angular.NO_OUTWARD_GATE.per_view[3].modes[28],29
variants.PER_CHART_PLUS_RING.occupancy_angular.NO_OUTWARD_GATE.per_view[3].modes[29],30
variants.PER_CHART_PLUS_RING.occupancy_angular.NO_OUTWARD_GATE.per_view[3].modes[30],31
variants.PER_CHART_PLUS_RING.occupancy_angular.NO_OUTWARD_GATE.per_view[3].modes[31],32
variants.PER_CHART_PLUS_RING.occupancy_angular.NO_OUTWARD_GATE.per_view[3].modes[32],33
variants.PER_CHART_PLUS_RING.occupancy_angular.NO_OUTWARD_GATE.per_view[3].modes[33],34
variants.PER_CHART_PLUS_RING.occupancy_angular.NO_OUTWARD_GATE.per_view[3].modes[34],35
variants.PER_CHART_PLUS_RING.occupancy_angular.NO_OUTWARD_GATE.per_view[3].modes[35],36
variants.PER_CHART_PLUS_RING.occupancy_angular.NO_OUTWARD_GATE.per_view[3].modes[36],37
variants.PER_CHART_PLUS_RING.occupancy_angular.NO_OUTWARD_GATE.per_view[3].modes[37],38
variants.PER_CHART_PLUS_RING.occupancy_angular.NO_OUTWARD_GATE.per_view[3].modes[38],39
variants.PER_CHART_PLUS_RING.occupancy_angular.NO_OUTWARD_GATE.per_view[3].modes[39],40
variants.PER_CHART_PLUS_RING.occupancy_angular.NO_OUTWARD_GATE.per_view[3].modes[40],41
variants.PER_CHART_PLUS_RING.occupancy_angular.NO_OUTWARD_GATE.per_view[3].modes[41],42
variants.PER_CHART_PLUS_RING.occupancy_angular.NO_OUTWARD_GATE.per_view[3].modes[42],43
variants.PER_CHART_PLUS_RING.occupancy_angular.NO_OUTWARD_GATE.per_view[3].modes[43],44
variants.PER_CHART_PLUS_RING.occupancy_angular.NO_OUTWARD_GATE.per_view[3].modes[44],45
variants.PER_CHART_PLUS_RING.occupancy_angular.NO_OUTWARD_GATE.per_view[3].modes[45],46
variants.PER_CHART_PLUS_RING.occupancy_angular.NO_OUTWARD_GATE.per_view[3].modes[46],47
variants.PER_CHART_PLUS_RING.occupancy_angular.NO_OUTWARD_GATE.per_view[3].modes[47],48
variants.PER_CHART_PLUS_RING.occupancy_angular.NO_OUTWARD_GATE.per_view[3].modes[48],49
variants.PER_CHART_PLUS_RING.occupancy_angular.NO_OUTWARD_GATE.per_view[3].modes[49],50
variants.PER_CHART_PLUS_RING.occupancy_angular.NO_OUTWARD_GATE.per_view[3].modes[50],51
variants.PER_CHART_PLUS_RING.occupancy_angular.NO_OUTWARD_GATE.per_view[3].modes[51],52
variants.PER_CHART_PLUS_RING.occupancy_angular.NO_OUTWARD_GATE.per_view[3].modes[52],53
variants.PER_CHART_PLUS_RING.occupancy_angular.NO_OUTWARD_GATE.per_view[3].modes[53],54
variants.PER_CHART_PLUS_RING.occupancy_angular.NO_OUTWARD_GATE.per_view[3].modes[54],55
variants.PER_CHART_PLUS_RING.occupancy_angular.NO_OUTWARD_GATE.per_view[3].modes[55],56
variants.PER_CHART_PLUS_RING.occupancy_angular.NO_OUTWARD_GATE.per_view[3].modes[56],57
variants.PER_CHART_PLUS_RING.occupancy_angular.NO_OUTWARD_GATE.per_view[3].modes[57],58
variants.PER_CHART_PLUS_RING.occupancy_angular.NO_OUTWARD_GATE.per_view[3].modes[58],59
variants.PER_CHART_PLUS_RING.occupancy_angular.NO_OUTWARD_GATE.per_view[3].modes[59],60
variants.PER_CHART_PLUS_RING.occupancy_angular.NO_OUTWARD_GATE.per_view[3].modes[60],61
variants.PER_CHART_PLUS_RING.occupancy_angular.NO_OUTWARD_GATE.per_view[3].modes[61],62
variants.PER_CHART_PLUS_RING.occupancy_angular.NO_OUTWARD_GATE.per_view[3].modes[62],63
variants.PER_CHART_PLUS_RING.occupancy_angular.NO_OUTWARD_GATE.per_view[3].modes[63],64
variants.PER_CHART_PLUS_RING.occupancy_angular.NO_OUTWARD_GATE.per_view[3].angular_power[0],267411.828649104
variants.PER_CHART_PLUS_RING.occupancy_angular.NO_OUTWARD_GATE.per_view[3].angular_power[1],186366.39310195792
variants.PER_CHART_PLUS_RING.occupancy_angular.NO_OUTWARD_GATE.per_view[3].angular_power[2],102752.47554103963
variants.PER_CHART_PLUS_RING.occupancy_angular.NO_OUTWARD_GATE.per_view[3].angular_power[3],89722.54295105817
variants.PER_CHART_PLUS_RING.occupancy_angular.NO_OUTWARD_GATE.per_view[3].angular_power[4],62722.68381997832
variants.PER_CHART_PLUS_RING.occupancy_angular.NO_OUTWARD_GATE.per_view[3].angular_power[5],55689.64216172592
variants.PER_CHART_PLUS_RING.occupancy_angular.NO_OUTWARD_GATE.per_view[3].angular_power[6],43526.25986292484
variants.PER_CHART_PLUS_RING.occupancy_angular.NO_OUTWARD_GATE.per_view[3].angular_power[7],40156.37910747451
variants.PER_CHART_PLUS_RING.occupancy_angular.NO_OUTWARD_GATE.per_view[3].angular_power[8],33542.87973668581
variants.PER_CHART_PLUS_RING.occupancy_angular.NO_OUTWARD_GATE.per_view[3].angular_power[9],31215.836241556743
variants.PER_CHART_PLUS_RING.occupancy_angular.NO_OUTWARD_GATE.per_view[3].angular_power[10],27108.063939636188
variants.PER_CHART_PLUS_RING.occupancy_angular.NO_OUTWARD_GATE.per_view[3].angular_power[11],25239.95204651552
variants.PER_CHART_PLUS_RING.occupancy_angular.NO_OUTWARD_GATE.per_view[3].angular_power[12],22363.521357595302
variants.PER_CHART_PLUS_RING.occupancy_angular.NO_OUTWARD_GATE.per_view[3].angular_power[13],21088.81226036062
variants.PER_CHART_PLUS_RING.occupancy_angular.NO_OUTWARD_GATE.per_view[3].angular_power[14],19056.170506181927
variants.PER_CHART_PLUS_RING.occupancy_angular.NO_OUTWARD_GATE.per_view[3].angular_power[15],18150.136715139168
variants.PER_CHART_PLUS_RING.occupancy_angular.NO_OUTWARD_GATE.per_view[3].angular_power[16],16238.268201814744
variants.PER_CHART_PLUS_RING.occupancy_angular.NO_OUTWARD_GATE.per_view[3].angular_power[17],15349.80479840209
variants.PER_CHART_PLUS_RING.occupancy_angular.NO_OUTWARD_GATE.per_view[3].angular_power[18],13940.843030464948
variants.PER_CHART_PLUS_RING.occupancy_angular.NO_OUTWARD_GATE.per_view[3].angular_power[19],13392.906917626306
variants.PER_CHART_PLUS_RING.occupancy_angular.NO_OUTWARD_GATE.per_view[3].angular_power[20],12462.208259100213
variants.PER_CHART_PLUS_RING.occupancy_angular.NO_OUTWARD_GATE.per_view[3].angular_power[21],11685.933882102066
variants.PER_CHART_PLUS_RING.occupancy_angular.NO_OUTWARD_GATE.per_view[3].angular_power[22],10990.332241384425
variants.PER_CHART_PLUS_RING.occupancy_angular.NO_OUTWARD_GATE.per_view[3].angular_power[23],10438.274184519203
variants.PER_CHART_PLUS_RING.occupancy_angular.NO_OUTWARD_GATE.per_view[3].angular_power[24],9881.445161390977
variants.PER_CHART_PLUS_RING.occupancy_angular.NO_OUTWARD_GATE.per_view[3].angular_power[25],9355.305072328083
variants.PER_CHART_PLUS_RING.occupancy_angular.NO_OUTWARD_GATE.per_view[3].angular_power[26],8876.36193321206
variants.PER_CHART_PLUS_RING.occupancy_angular.NO_OUTWARD_GATE.per_view[3].angular_power[27],8342.588380387055
variants.PER_CHART_PLUS_RING.occupancy_angular.NO_OUTWARD_GATE.per_view[3].angular_power[28],8138.8502063642845
variants.PER_CHART_PLUS_RING.occupancy_angular.NO_OUTWARD_GATE.per_view[3].angular_power[29],7663.995233044642
variants.PER_CHART_PLUS_RING.occupancy_angular.NO_OUTWARD_GATE.per_view[3].angular_power[30],7459.019786453893
variants.PER_CHART_PLUS_RING.occupancy_angular.NO_OUTWARD_GATE.per_view[3].angular_power[31],6958.575732903558
variants.PER_CHART_PLUS_RING.occupancy_angular.NO_OUTWARD_GATE.per_view[3].angular_power[32],6810.844418997135
variants.PER_CHART_PLUS_RING.occupancy_angular.NO_OUTWARD_GATE.per_view[3].angular_power[33],6468.375585026191
variants.PER_CHART_PLUS_RING.occupancy_angular.NO_OUTWARD_GATE.per_view[3].angular_power[34],6287.066583956198
variants.PER_CHART_PLUS_RING.occupancy_angular.NO_OUTWARD_GATE.per_view[3].angular_power[35],6007.447036644965
variants.PER_CHART_PLUS_RING.occupancy_angular.NO_OUTWARD_GATE.per_view[3].angular_power[36],5786.9248384964885
variants.PER_CHART_PLUS_RING.occupancy_angular.NO_OUTWARD_GATE.per_view[3].angular_power[37],5561.68313081997
variants.PER_CHART_PLUS_RING.occupancy_angular.NO_OUTWARD_GATE.per_view[3].angular_power[38],5312.6478201910595
variants.PER_CHART_PLUS_RING.occupancy_angular.NO_OUTWARD_GATE.per_view[3].angular_power[39],5139.546632109967
variants.PER_CHART_PLUS_RING.occupancy_angular.NO_OUTWARD_GATE.per_view[3].angular_power[40],5021.760798070079
variants.PER_CHART_PLUS_RING.occupancy_angular.NO_OUTWARD_GATE.per_view[3].angular_power[41],4812.469131401173
variants.PER_CHART_PLUS_RING.occupancy_angular.NO_OUTWARD_GATE.per_view[3].angular_power[42],4619.889839849674
variants.PER_CHART_PLUS_RING.occupancy_angular.NO_OUTWARD_GATE.per_view[3].angular_power[43],4528.501876341981
variants.PER_CHART_PLUS_RING.occupancy_angular.NO_OUTWARD_GATE.per_view[3].angular_power[44],4327.6460434805695
variants.PER_CHART_PLUS_RING.occupancy_angular.NO_OUTWARD_GATE.per_view[3].angular_power[45],4204.732567242727
variants.PER_CHART_PLUS_RING.occupancy_angular.NO_OUTWARD_GATE.per_view[3].angular_power[46],4099.955870736545
variants.PER_CHART_PLUS_RING.occupancy_angular.NO_OUTWARD_GATE.per_view[3].angular_power[47],3924.5165338935726
variants.PER_CHART_PLUS_RING.occupancy_angular.NO_OUTWARD_GATE.per_view[3].angular_power[48],3870.33079053764
variants.PER_CHART_PLUS_RING.occupancy_angular.NO_OUTWARD_GATE.per_view[3].angular_power[49],3655.7493319254204
variants.PER_CHART_PLUS_RING.occupancy_angular.NO_OUTWARD_GATE.per_view[3].angular_power[50],3571.683497966339
variants.PER_CHART_PLUS_RING.occupancy_angular.NO_OUTWARD_GATE.per_view[3].angular_power[51],3499.720897940687
variants.PER_CHART_PLUS_RING.occupancy_angular.NO_OUTWARD_GATE.per_view[3].angular_power[52],3389.3950041648764
variants.PER_CHART_PLUS_RING.occupancy_angular.NO_OUTWARD_GATE.per_view[3].angular_power[53],3296.7634434286724
variants.PER_CHART_PLUS_RING.occupancy_angular.NO_OUTWARD_GATE.per_view[3].angular_power[54],3183.6887564889976
variants.PER_CHART_PLUS_RING.occupancy_angular.NO_OUTWARD_GATE.per_view[3].angular_power[55],3115.929091297369
variants.PER_CHART_PLUS_RING.occupancy_angular.NO_OUTWARD_GATE.per_view[3].angular_power[56],3011.7521982724816
variants.PER_CHART_PLUS_RING.occupancy_angular.NO_OUTWARD_GATE.per_view[3].angular_power[57],2933.380545409086
variants.PER_CHART_PLUS_RING.occupancy_angular.NO_OUTWARD_GATE.per_view[3].angular_power[58],2887.3417461250947
variants.PER_CHART_PLUS_RING.occupancy_angular.NO_OUTWARD_GATE.per_view[3].angular_power[59],2846.9876132012387
variants.PER_CHART_PLUS_RING.occupancy_angular.NO_OUTWARD_GATE.per_view[3].angular_power[60],2738.488777136114
variants.PER_CHART_PLUS_RING.occupancy_angular.NO_OUTWARD_GATE.per_view[3].angular_power[61],2667.9771279784627
variants.PER_CHART_PLUS_RING.occupancy_angular.NO_OUTWARD_GATE.per_view[3].angular_power[62],2607.58806632424
variants.PER_CHART_PLUS_RING.occupancy_angular.NO_OUTWARD_GATE.per_view[3].angular_power[63],2575.3469664623603
variants.PER_CHART_PLUS_RING.occupancy_angular.NO_OUTWARD_GATE.per_view[3].dominant_mode,1
variants.PER_CHART_PLUS_RING.occupancy_angular.NO_OUTWARD_GATE.per_view[3].spoke_anisotropy,0.4122283424807092
variants.PER_CHART_PLUS_RING.occupancy_angular.NO_OUTWARD_GATE.per_view[3].lattice_harmonic_fraction,0.0483425633926203
variants.PER_CHART_PLUS_RING.occupancy_angular.NO_OUTWARD_GATE.per_view[3].mode32_relative_to_neighbors,0.9748600541741566
variants.PER_CHART_PLUS_RING.occupancy_angular.NO_OUTWARD_GATE.per_view[3].chart_center_hf_correlation,0.5533372941832649
variants.PER_CHART_PLUS_RING.occupancy_angular.NO_OUTWARD_GATE.spoke_anisotropy,0.4101546507358275
variants.PER_CHART_PLUS_RING.occupancy_angular.NO_OUTWARD_GATE.lattice_harmonic_fraction,0.0483651130419507
variants.PER_CHART_PLUS_RING.occupancy_angular.NO_OUTWARD_GATE.mode32_relative_to_neighbors,0.9918589730807974
variants.PER_CHART_PLUS_RING.occupancy_angular.NO_OUTWARD_GATE.chart_center_hf_correlation,0.5271835665121112
fixed_parameters.charts,1024
fixed_parameters.angles,32
fixed_parameters.radial_strata,32
fixed_parameters.radial,AREA_STRATIFIED
fixed_parameters.integration_steps,32
fixed_parameters.micro,1
fixed_parameters.views,4
fixed_parameters.resolution[0],1080
fixed_parameters.resolution[1],1920
fixed_parameters.gate_width,0.05
fixed_parameters.ambient,0.35
fixed_parameters.detector,CUBIC_4X4
verdicts.PHASE_VARIANTS_MASS_MATCHED,True
verdicts.POLAR_FLOWER_VISIBLE_IN_SOURCE_OCCUPANCY,True
verdicts.FLOWER_ARTIFACT_CHART_CENTER_CORRELATED,True
verdicts.POLAR_LATTICE_HARMONIC_DETECTED,False
verdicts.PER_CHART_PHASE_REDUCES_FLOWER_ARTIFACT,False
verdicts.PER_RING_PHASE_REDUCES_FLOWER_ARTIFACT,True
verdicts.COMBINED_PHASE_REDUCES_FLOWER_ARTIFACT,True
verdicts.CURRENT_HF_PROXY_CONTAMINATED_BY_ALIASING,True
verdicts.POLAR_SAMPLING_COHERENCE_IS_A_REAL_FIDELITY_LIMIT,True
verdicts.BEST_PHASE_SCHEME,PER_CHART_PLUS_RING
verdicts.PRIMARY_ALIASING_SOURCE,RADIAL_SPOKES
interpretation.reduction_threshold,Exploratory visual classification (not preregistered): matched occupancy and RGB crops show S2/S3 lose the S0/S1 spoke network; cross-check requires >20% lower unmatched reference-gradient energy.
interpretation.harmonic_threshold,"S0 mode32 >1.5 times neighboring modes, and phase reduction"
interpretation.center_correlation_threshold,0.2
interpretation.center_correlation_caveat,"Descriptive spatial correlation, not causal proof; shared object support can inflate it."
interpretation.visual_inspection.source,figures/v0812_polar_aliasing_occupancy.png and v0812_polar_aliasing_zoom.png
interpretation.visual_inspection.view,0
interpretation.visual_inspection.observed,S0 and S1 show a connected radial/flower lattice before transport; S2/S3 break the long spokes into finer ring/point structure. Residual rings and sample texture remain; not artifact-free.
interpretation.visual_inspection.scope,"Three nonoverlapping S0-selected high-artifact crops, not independent scene replicates. Four-view numeric metrics accompany them."
interpretation.best_rule,"minimum reference vector-gradient squared error, not maximum HF magnitude"
interpretation.limitations[0],Image-plane circles do not undo foreshortening or curved geodesic deformation; absent mode32 is not proof of absent intrinsic aliasing.
interpretation.limitations[1],"Reference is sparse additive hard-surface quadrature, not a dense radiance oracle."
interpretation.limitations[2],Verdicts are metric-based; matched visual controls are supplied separately.
interpretation.limitations[3],"S2/S3 reuse the existing fixed-grid mapper with one ray per endpoint; no Jacobian, quadrature weights, or transport changes."
zoom_selection.view,0
zoom_selection.chart_ids[0],953
zoom_selection.chart_ids[1],166
zoom_selection.chart_ids[2],20
zoom_selection.rule,"descending S0 no-gate occupancy HF energy, interior chart centers, nonoverlapping 160x160 crops; identical for all variants"
figures[0],figures/v0812_polar_aliasing_local_points.png
figures[1],figures/v0812_polar_aliasing_surface_points.png
figures[2],figures/v0812_polar_aliasing_fullhd.png
figures[3],figures/v0812_polar_aliasing_zoom.png
figures[4],figures/v0812_polar_aliasing_occupancy.png
figures[5],figures/v0812_polar_aliasing_angular_spectrum.png
frozen_measurement_unchanged,True
runtime_seconds,90.1739675491117
