N_A,N_B,Q_A,Q_B,W_A,W_B,category,common_support_mse,comparison_seed,comparison_seeds,comparisons,correlations,count_bins,distance_to_silhouette,emitters,epsilon,foreground_mse,foreground_sampling,foreground_writes_per_pixel,fraction_self_sse_from_support_switch_pixels,fraction_sse_from_support_switch,full_rerender_support_switch_scalar_fraction,independent_visibility_rate_difference,interior_mse,local_mc_sse,mc_self_mse_per_rgb_scalar,mc_self_rmse,mc_self_sse,near_final_support_threshold,parameter,pixel,pixels,reference_seed,regions,resolution,sample_a_rgb,sample_b_rgb,sample_realization_gradient,sample_sets,sampling_method,section,silhouette_0_8px_mse,silhouette_band_mse,silhouette_regions,spatial_rgb_gradient_norm,support_A,support_B,support_decomposition,support_switch_foreground_fraction,support_switch_fraction,support_switch_fraction_on_target_foreground,support_switch_mc_self_sse,support_switch_mse,support_switch_pixel_fraction,target_rgb,view,whole_image_mse,whole_image_sse,writes_per_pixel
,,,,,,,,,,,"{""delta_count"": {""all_pixels"": {""pearson"": 0.030261795967817307, ""spearman"": 0.8716210926909232, ""samples"": 1310720}, ""common_support"": {""pearson"": 0.004419428762048483, ""spearman"": 0.06313619853576881, ""samples"": 371159}}, ""delta_weight"": {""all_pixels"": {""pearson"": 0.010540474206209183, ""spearman"": 0.9547109295295219, ""samples"": 1310720}, ""common_support"": {""pearson"": 0.00608237087726593, ""spearman"": 0.057735896516301344, ""samples"": 371159}}, ""mean_count"": {""all_pixels"": {""pearson"": 0.01318837609142065, ""spearman"": 0.9610984112004451, ""samples"": 1310720}, ""common_support"": {""pearson"": -0.010213401168584824, ""spearman"": 0.25472214439643953, ""samples"": 371159}}, ""mean_weight"": {""all_pixels"": {""pearson"": -0.0026014898903667927, ""spearman"": 0.9576723985331229, ""samples"": 1310720}, ""common_support"": {""pearson"": -0.009833344258368015, ""spearman"": 0.1402188312340606, ""samples"": 371159}}}","[{""count_bin"": ""N=0"", ""pixels"": 926046, ""mean_mc_self_mse"": 0.0, ""median_mc_self_mse"": 0.0, ""p90_mc_self_mse"": 0.0, ""p95_mc_self_mse"": 0.0, ""mean_spatial_rgb_gradient"": 0.0004092130111530423, ""spatial_rgb_gradient_variance"": 0.00011065827857237309}, {""count_bin"": ""N=1"", ""pixels"": 1826, ""mean_mc_self_mse"": 0.0, ""median_mc_self_mse"": 0.0, ""p90_mc_self_mse"": 0.0, ""p95_mc_self_mse"": 0.0, ""mean_spatial_rgb_gradient"": 0.12101568281650543, ""spatial_rgb_gradient_variance"": 0.02160090021789074}, {""count_bin"": ""N=2-3"", ""pixels"": 2710, ""mean_mc_self_mse"": 6.195651076268405e-05, ""median_mc_self_mse"": 0.0, ""p90_mc_self_mse"": 0.0, ""p95_mc_self_mse"": 0.0, ""mean_spatial_rgb_gradient"": 0.22868068516254425, ""spatial_rgb_gradient_variance"": 0.026695862412452698}, {""count_bin"": ""N=4-7"", ""pixels"": 4533, ""mean_mc_self_mse"": 0.008093002252280712, ""median_mc_self_mse"": 0.0, ""p90_mc_self_mse"": 8.124428632072522e-07, ""p95_mc_self_mse"": 0.009046310558915138, ""mean_spatial_rgb_gradient"": 0.3608352541923523, ""spatial_rgb_gradient_variance"": 0.022338232025504112}, {""count_bin"": ""N=8-15"", ""pixels"": 83919, ""mean_mc_self_mse"": 0.0011998866684734821, ""median_mc_self_mse"": 1.5930497738736449e-06, ""p90_mc_self_mse"": 3.9712467696517706e-05, ""p95_mc_self_mse"": 0.0001708011404844001, ""mean_spatial_rgb_gradient"": 0.0540606863796711, ""spatial_rgb_gradient_variance"": 0.014131756499409676}, {""count_bin"": ""N=16-31"", ""pixels"": 218822, ""mean_mc_self_mse"": 0.00016608617443125695, ""median_mc_self_mse"": 3.727958301169565e-06, ""p90_mc_self_mse"": 8.09006451163441e-05, ""p95_mc_self_mse"": 0.00020039740775246173, ""mean_spatial_rgb_gradient"": 0.05118013918399811, ""spatial_rgb_gradient_variance"": 0.004849047400057316}, {""count_bin"": ""N=32-63"", ""pixels"": 64384, ""mean_mc_self_mse"": 0.00011842244566651061, ""median_mc_self_mse"": 1.2140431863372214e-05, ""p90_mc_self_mse"": 0.00020172452786937356, ""p95_mc_self_mse"": 0.0004208477330394089, ""mean_spatial_rgb_gradient"": 0.08677688986063004, ""spatial_rgb_gradient_variance"": 0.004166737664490938}, {""count_bin"": ""N>=64"", ""pixels"": 8480, ""mean_mc_self_mse"": 5.556178803090006e-05, ""median_mc_self_mse"": 9.387260433868505e-06, ""p90_mc_self_mse"": 0.00011173239181516692, ""p95_mc_self_mse"": 0.00021624875080306083, ""mean_spatial_rgb_gradient"": 0.07487443089485168, ""spatial_rgb_gradient_variance"": 0.00260145147331059}]",,65536,,,"{""target_foreground"": {""pixels"": 376883, ""coverage"": 0.9983045136023646, ""writes_per_pixel"": 23.835312285245024, ""zero_fraction"": 0.0016954863976353404, ""count_lt2_fraction"": 0.0025047561179464186, ""count_lt4_fraction"": 0.004407203296513772, ""median_of_view_medians"": 19.5, ""median_of_view_p90"": 42.5, ""median_of_view_p95"": 52.5}, ""predicted_foreground"": {""pixels"": 371712, ""coverage"": 1.0, ""writes_per_pixel"": 24.076322529269973, ""zero_fraction"": 0.0, ""count_lt2_fraction"": 0.0, ""count_lt4_fraction"": 1.8831783746556474e-05, ""median_of_view_medians"": 19.5, ""median_of_view_p90"": 43.0, ""median_of_view_p95"": 52.5}, ""union_foreground"": {""pixels"": 376967, ""coverage"": 0.9983048914095929, ""writes_per_pixel"": 23.83425604893797, ""zero_fraction"": 0.0016951085904071178, ""count_lt2_fraction"": 0.002504197980194553, ""count_lt4_fraction"": 0.004406221234219441, ""median_of_view_medians"": 19.5, ""median_of_view_p90"": 42.5, ""median_of_view_p95"": 52.5}, ""intersection_foreground"": {""pixels"": 371628, ""coverage"": 1.0, ""writes_per_pixel"": 24.077448416158095, ""zero_fraction"": 0.0, ""count_lt2_fraction"": 0.0, ""count_lt4_fraction"": 1.8836040341416687e-05, ""median_of_view_medians"": 19.5, ""median_of_view_p90"": 43.0, ""median_of_view_p95"": 52.5}, ""interior_foreground"": {""pixels"": 275744, ""coverage"": 1.0, ""writes_per_pixel"": 20.8654948067773, ""zero_fraction"": 0.0, ""count_lt2_fraction"": 0.0, ""count_lt4_fraction"": 0.0, ""median_of_view_medians"": 18.0, ""median_of_view_p90"": 32.5, ""median_of_view_p95"": 41.0}}",23.835312285245024,0.8136139095411601,,,0.0001129150390624667,,,0.00013884410643777559,0.011783212908106837,545.9572415703636,,,,1310720,,,"[256, 256]",,,,,,accumulation,,,"[{""region"": ""BACKGROUND"", ""pixels"": 826567, ""mean_contribution_count"": 0.0, ""support_switch_fraction"": 0.0, ""mc_self_mse_per_rgb_scalar"": 0.0, ""mc_self_sse"": 0.0, ""fraction_total_mc_self_sse"": 0.0, ""mean_rgb_intensity"": 0.0, ""mean_spatial_rgb_gradient"": 0.0}, {""region"": ""SILHOUETTE_0_1PX"", ""pixels"": 24805, ""mean_contribution_count"": 9.94497077202177, ""support_switch_fraction"": 0.03084055633944769, ""mc_self_mse_per_rgb_scalar"": 0.0035295553366836542, ""mc_self_sse"": 262.65186037931414, ""fraction_total_mc_self_sse"": 0.4810850381319894, ""mean_rgb_intensity"": 0.10105593342426394, ""mean_spatial_rgb_gradient"": 0.27189608184017544}, {""region"": ""SILHOUETTE_1_2PX"", ""pixels"": 24563, ""mean_contribution_count"": 14.350771485567725, ""support_switch_fraction"": 0.007653788218051541, ""mc_self_mse_per_rgb_scalar"": 0.0016870697787998105, ""mc_self_sse"": 124.31848492997923, ""fraction_total_mc_self_sse"": 0.22770736509034273, ""mean_rgb_intensity"": 0.16432180561130436, ""mean_spatial_rgb_gradient"": 0.09651239353122472}, {""region"": ""SILHOUETTE_2_4PX"", ""pixels"": 52438, ""mean_contribution_count"": 20.39124299172356, ""support_switch_fraction"": 0.0004004729394713757, ""mc_self_mse_per_rgb_scalar"": 0.00032034278526177416, ""mc_self_sse"": 50.39440492067074, ""fraction_total_mc_self_sse"": 0.09230467348636834, ""mean_rgb_intensity"": 0.21179596707324305, ""mean_spatial_rgb_gradient"": 0.06238402552843581}, {""region"": ""SILHOUETTE_4_8PX"", ""pixels"": 106603, ""mean_contribution_count"": 15.062596737427652, ""support_switch_fraction"": 9.380599045055018e-06, ""mc_self_mse_per_rgb_scalar"": 4.333328621054249e-05, ""mc_self_sse"": 13.858374929707383, ""fraction_total_mc_self_sse"": 0.025383626911598164, ""mean_rgb_intensity"": 0.2655278972877903, ""mean_spatial_rgb_gradient"": 0.030583963484823753}, {""region"": ""INTERIOR_GT_8PX"", ""pixels"": 275744, ""mean_contribution_count"": 20.8654948067773, ""support_switch_fraction"": 0.00015594174306603225, ""mc_self_mse_per_rgb_scalar"": 0.00011451940496824608, ""mc_self_sse"": 94.73411641069214, ""fraction_total_mc_self_sse"": 0.17351929637970137, ""mean_rgb_intensity"": 0.631899791733909, ""mean_spatial_rgb_gradient"": 0.03324352811161508}]",,,,"[{""class"": ""UNSUPPORTED_BOTH"", ""pixels"": 938543, ""total_pixel_fraction"": 0.7160514831542969, ""foreground_pixel_fraction"": 0.012765234834152775, ""mc_self_sse"": 0.0, ""mc_self_mse_per_rgb_scalar"": 0.0, ""fraction_total_mc_self_sse"": 0.0}, {""class"": ""COMMON_SUPPORT"", ""pixels"": 371159, ""total_pixel_fraction"": 0.2831718444824219, ""foreground_pixel_fraction"": 0.9846663288076141, ""mc_self_sse"": 101.7588358139925, ""mc_self_mse_per_rgb_scalar"": 9.138835899977503e-05, ""fraction_total_mc_self_sse"": 0.18638609045883991}, {""class"": ""SUPPORT_SWITCH_A_ONLY"", ""pixels"": 553, ""total_pixel_fraction"": 0.000421905517578125, ""foreground_pixel_fraction"": 0.0013903519129278847, ""mc_self_sse"": 257.0640088306627, ""mc_self_mse_per_rgb_scalar"": 0.1549511807297545, ""fraction_total_mc_self_sse"": 0.4708500762646849}, {""class"": ""SUPPORT_SWITCH_B_ONLY"", ""pixels"": 465, ""total_pixel_fraction"": 0.000354766845703125, ""foreground_pixel_fraction"": 0.001178084445305307, ""mc_self_sse"": 187.1343969257084, ""mc_self_mse_per_rgb_scalar"": 0.13414652109369776, ""fraction_total_mc_self_sse"": 0.34276383327647514}]",,,0.0025684363582331917,444.19840575637113,,0.00077667236328125,,,,,6.88759765625
,,,,,,,,,,,"{""delta_count"": {""all_pixels"": {""pearson"": 0.030580781400203705, ""spearman"": 0.8823029545651911, ""samples"": 1310720}, ""common_support"": {""pearson"": 0.021241532638669014, ""spearman"": 0.06558386735615894, ""samples"": 361865}}, ""delta_weight"": {""all_pixels"": {""pearson"": 0.04067119210958481, ""spearman"": 0.9630334852836919, ""samples"": 1310720}, ""common_support"": {""pearson"": 0.027997998520731926, ""spearman"": 0.081690662285848, ""samples"": 361865}}, ""mean_count"": {""all_pixels"": {""pearson"": 0.007332540117204189, ""spearman"": 0.9670543997001518, ""samples"": 1310720}, ""common_support"": {""pearson"": 0.028223427012562752, ""spearman"": 0.2330553862696813, ""samples"": 361865}}, ""mean_weight"": {""all_pixels"": {""pearson"": -0.0012628015829250216, ""spearman"": 0.962040581816377, ""samples"": 1310720}, ""common_support"": {""pearson"": 0.012977522797882557, ""spearman"": 0.05666138023184346, ""samples"": 361865}}}","[{""count_bin"": ""N=0"", ""pixels"": 3767841, ""mean_mc_self_mse"": 0.0, ""median_mc_self_mse"": 0.0, ""p90_mc_self_mse"": 0.0, ""p95_mc_self_mse"": 0.0, ""mean_spatial_rgb_gradient"": 0.00022351773804984987, ""spatial_rgb_gradient_variance"": 5.867378422408365e-05}, {""count_bin"": ""N=1"", ""pixels"": 3198, ""mean_mc_self_mse"": 0.0, ""median_mc_self_mse"": 0.0, ""p90_mc_self_mse"": 0.0, ""p95_mc_self_mse"": 0.0, ""mean_spatial_rgb_gradient"": 0.12611065804958344, ""spatial_rgb_gradient_variance"": 0.02015344798564911}, {""count_bin"": ""N=2-3"", ""pixels"": 4238, ""mean_mc_self_mse"": 0.00010886479867622256, ""median_mc_self_mse"": 0.0, ""p90_mc_self_mse"": 0.0, ""p95_mc_self_mse"": 0.0, ""mean_spatial_rgb_gradient"": 0.21869845688343048, ""spatial_rgb_gradient_variance"": 0.022189607843756676}, {""count_bin"": ""N=4-7"", ""pixels"": 7446, ""mean_mc_self_mse"": 0.011102152988314629, ""median_mc_self_mse"": 0.0, ""p90_mc_self_mse"": 1.2031194955852698e-06, ""p95_mc_self_mse"": 7.241842104122043e-05, ""mean_spatial_rgb_gradient"": 0.29274246096611023, ""spatial_rgb_gradient_variance"": 0.02503042109310627}, {""count_bin"": ""N=8-15"", ""pixels"": 367429, ""mean_mc_self_mse"": 0.002320714294910431, ""median_mc_self_mse"": 5.893440402360284e-07, ""p90_mc_self_mse"": 1.141235316026723e-05, ""p95_mc_self_mse"": 2.9809971238137223e-05, ""mean_spatial_rgb_gradient"": 0.026880867779254913, ""spatial_rgb_gradient_variance"": 0.006123656406998634}, {""count_bin"": ""N=16-31"", ""pixels"": 807179, ""mean_mc_self_mse"": 0.00017215668049175292, ""median_mc_self_mse"": 1.0172652764595114e-06, ""p90_mc_self_mse"": 2.371451409999281e-05, ""p95_mc_self_mse"": 5.919154500588775e-05, ""mean_spatial_rgb_gradient"": 0.028111254796385765, ""spatial_rgb_gradient_variance"": 0.002954743104055524}, {""count_bin"": ""N=32-63"", ""pixels"": 229267, ""mean_mc_self_mse"": 9.044951730174944e-05, ""median_mc_self_mse"": 3.3429237191739958e-06, ""p90_mc_self_mse"": 8.088548202067614e-05, ""p95_mc_self_mse"": 0.00020190661598462611, ""mean_spatial_rgb_gradient"": 0.06046736612915993, ""spatial_rgb_gradient_variance"": 0.004191516432911158}, {""count_bin"": ""N>=64"", ""pixels"": 56282, ""mean_mc_self_mse"": 4.502700539887883e-05, ""median_mc_self_mse"": 3.964204552175943e-06, ""p90_mc_self_mse"": 6.50554065941833e-05, ""p95_mc_self_mse"": 0.00014414470933843404, ""mean_spatial_rgb_gradient"": 0.061185989528894424, ""spatial_rgb_gradient_variance"": 0.002271384699270129}]",,262144,,,"{""target_foreground"": {""pixels"": 1470084, ""coverage"": 0.9946710528105877, ""writes_per_pixel"": 24.500717646066484, ""zero_fraction"": 0.005328947189412306, ""count_lt2_fraction"": 0.006078564218099102, ""count_lt4_fraction"": 0.007341077108518969, ""median_of_view_medians"": 19.5, ""median_of_view_p90"": 45.0, ""median_of_view_p95"": 58.5}, ""predicted_foreground"": {""pixels"": 1449268, ""coverage"": 1.0, ""writes_per_pixel"": 24.77990061189511, ""zero_fraction"": 0.0, ""count_lt2_fraction"": 0.0, ""count_lt4_fraction"": 5.520028041742452e-06, ""median_of_view_medians"": 20.0, ""median_of_view_p90"": 45.0, ""median_of_view_p95"": 59.0}, ""union_foreground"": {""pixels"": 1472086, ""coverage"": 0.9946783000449702, ""writes_per_pixel"": 24.49089455371493, ""zero_fraction"": 0.005321699955029801, ""count_lt2_fraction"": 0.00607029752337839, ""count_lt4_fraction"": 0.007331093427965485, ""median_of_view_medians"": 19.5, ""median_of_view_p90"": 45.0, ""median_of_view_p95"": 58.5}, ""intersection_foreground"": {""pixels"": 1447266, ""coverage"": 1.0, ""writes_per_pixel"": 24.79027835933408, ""zero_fraction"": 0.0, ""count_lt2_fraction"": 0.0, ""count_lt4_fraction"": 5.527663884869817e-06, ""median_of_view_medians"": 20.0, ""median_of_view_p90"": 45.0, ""median_of_view_p95"": 59.0}, ""interior_foreground"": {""pixels"": 1106801, ""coverage"": 1.0, ""writes_per_pixel"": 22.678485111596395, ""zero_fraction"": 0.0, ""count_lt2_fraction"": 0.0, ""count_lt4_fraction"": 1.807009570826192e-06, ""median_of_view_medians"": 20.0, ""median_of_view_p90"": 37.0, ""median_of_view_p95"": 47.0}}",24.500717646066484,0.9544764508624921,,,1.5258789062277955e-06,,,0.00020943798756856345,0.014471972483685955,3294.1747087904096,,,,5242880,,,"[512, 512]",,,,,,accumulation,,,"[{""region"": ""BACKGROUND"", ""pixels"": 3557397, ""mean_contribution_count"": 0.0, ""support_switch_fraction"": 0.0, ""mc_self_mse_per_rgb_scalar"": 0.0, ""mc_self_sse"": 0.0, ""fraction_total_mc_self_sse"": 0.0, ""mean_rgb_intensity"": 0.0, ""mean_spatial_rgb_gradient"": 0.0}, {""region"": ""SILHOUETTE_0_1PX"", ""pixels"": 58005, ""mean_contribution_count"": 10.56088268252737, ""support_switch_fraction"": 0.018653564347901042, ""mc_self_mse_per_rgb_scalar"": 0.0028697051884016872, ""mc_self_sse"": 499.3717483597196, ""fraction_total_mc_self_sse"": 0.15159236910755236, ""mean_rgb_intensity"": 0.1457313802630498, ""mean_spatial_rgb_gradient"": 0.17913482566943867}, {""region"": ""SILHOUETTE_1_2PX"", ""pixels"": 59982, ""mean_contribution_count"": 16.591160681537794, ""support_switch_fraction"": 0.006852055616685005, ""mc_self_mse_per_rgb_scalar"": 0.001311027486606803, ""mc_self_sse"": 235.9141521049478, ""fraction_total_mc_self_sse"": 0.07161555562776246, ""mean_rgb_intensity"": 0.22456119719623568, ""mean_spatial_rgb_gradient"": 0.08552371515723554}, {""region"": ""SILHOUETTE_2_4PX"", ""pixels"": 143660, ""mean_contribution_count"": 23.341076152025614, ""support_switch_fraction"": 0.004183488792983433, ""mc_self_mse_per_rgb_scalar"": 0.0014614233987884438, ""mc_self_sse"": 629.8442564098435, ""fraction_total_mc_self_sse"": 0.19119940868015362, ""mean_rgb_intensity"": 0.3100083572194385, ""mean_spatial_rgb_gradient"": 0.05061160008455707}, {""region"": ""SILHOUETTE_4_8PX"", ""pixels"": 317035, ""mean_contribution_count"": 19.094825492453516, ""support_switch_fraction"": 0.0019051524279653665, ""mc_self_mse_per_rgb_scalar"": 0.0010275139304761587, ""mc_self_sse"": 977.2736368455269, ""fraction_total_mc_self_sse"": 0.2966672150805179, ""mean_rgb_intensity"": 0.3767831710590905, ""mean_spatial_rgb_gradient"": 0.02745493356821294}, {""region"": ""INTERIOR_GT_8PX"", ""pixels"": 1106801, ""mean_contribution_count"": 22.678485111596395, ""support_switch_fraction"": 0.0005095766989729861, ""mc_self_mse_per_rgb_scalar"": 0.0002866431921276943, ""mc_self_sse"": 951.7709150703724, ""fraction_total_mc_self_sse"": 0.28892545150401383, ""mean_rgb_intensity"": 0.6179305409237975, ""mean_spatial_rgb_gradient"": 0.020537487616923245}]",,,,"[{""class"": ""UNSUPPORTED_BOTH"", ""pixels"": 3791857, ""total_pixel_fraction"": 0.7232393264770508, ""foreground_pixel_fraction"": 0.01437128762710158, ""mc_self_sse"": 0.0, ""mc_self_mse_per_rgb_scalar"": 0.0, ""fraction_total_mc_self_sse"": 0.0}, {""class"": ""COMMON_SUPPORT"", ""pixels"": 1447761, ""total_pixel_fraction"": 0.2761384963989258, ""foreground_pixel_fraction"": 0.9834866579052626, ""mc_self_sse"": 149.9625242231568, ""mc_self_mse_per_rgb_scalar"": 3.452745865815256e-05, ""fraction_total_mc_self_sse"": 0.04552354913750815}, {""class"": ""SUPPORT_SWITCH_A_ONLY"", ""pixels"": 1507, ""total_pixel_fraction"": 0.00028743743896484373, ""foreground_pixel_fraction"": 0.0009917800615475035, ""mc_self_sse"": 1387.3631907190058, ""mc_self_mse_per_rgb_scalar"": 0.3068708672238456, ""fraction_total_mc_self_sse"": 0.42115653034942785}, {""class"": ""SUPPORT_SWITCH_B_ONLY"", ""pixels"": 1755, ""total_pixel_fraction"": 0.00033473968505859375, ""foreground_pixel_fraction"": 0.0011502744060883595, ""mc_self_sse"": 1756.8489938482478, ""mc_self_mse_per_rgb_scalar"": 0.33368451924942977, ""fraction_total_mc_self_sse"": 0.5333199205130642}]",,,0.002142054467635863,3144.2121845672536,,0.0006221771240234375,,,,,6.888433837890625
,,,,,,,,,,,"{""delta_count"": {""all_pixels"": {""pearson"": 0.0149738984182477, ""spearman"": 0.8682720689327821, ""samples"": 1310720}, ""common_support"": {""pearson"": 0.01695903204381466, ""spearman"": 0.05383194970782899, ""samples"": 404124}}, ""delta_weight"": {""all_pixels"": {""pearson"": 0.01259068213403225, ""spearman"": 0.9545324591613468, ""samples"": 1310720}, ""common_support"": {""pearson"": 0.020157748833298683, ""spearman"": 0.04791662564867112, ""samples"": 404124}}, ""mean_count"": {""all_pixels"": {""pearson"": 0.006971986033022404, ""spearman"": 0.9588216564499663, ""samples"": 1310720}, ""common_support"": {""pearson"": 0.031043466180562973, ""spearman"": 0.17014475448277172, ""samples"": 404124}}, ""mean_weight"": {""all_pixels"": {""pearson"": -0.0017007023561745882, ""spearman"": 0.9534468902515612, ""samples"": 1310720}, ""common_support"": {""pearson"": 0.01425162237137556, ""spearman"": 0.023107628018361793, ""samples"": 404124}}}","[{""count_bin"": ""N=0"", ""pixels"": 7483284, ""mean_mc_self_mse"": 0.0, ""median_mc_self_mse"": 0.0, ""p90_mc_self_mse"": 0.0, ""p95_mc_self_mse"": 0.0, ""mean_spatial_rgb_gradient"": 0.00021349290909711272, ""spatial_rgb_gradient_variance"": 5.649816012009978e-05}, {""count_bin"": ""N=1"", ""pixels"": 4237, ""mean_mc_self_mse"": 0.0, ""median_mc_self_mse"": 0.0, ""p90_mc_self_mse"": 0.0, ""p95_mc_self_mse"": 0.0, ""mean_spatial_rgb_gradient"": 0.1427537351846695, ""spatial_rgb_gradient_variance"": 0.020810002461075783}, {""count_bin"": ""N=2-3"", ""pixels"": 5718, ""mean_mc_self_mse"": 7.774019468342885e-05, ""median_mc_self_mse"": 0.0, ""p90_mc_self_mse"": 0.0, ""p95_mc_self_mse"": 0.0, ""mean_spatial_rgb_gradient"": 0.221808061003685, ""spatial_rgb_gradient_variance"": 0.01984776183962822}, {""count_bin"": ""N=4-7"", ""pixels"": 9948, ""mean_mc_self_mse"": 0.004580983892083168, ""median_mc_self_mse"": 0.0, ""p90_mc_self_mse"": 4.202545653697598e-07, ""p95_mc_self_mse"": 3.3794110549933976e-06, ""mean_spatial_rgb_gradient"": 0.27349165081977844, ""spatial_rgb_gradient_variance"": 0.02384241484105587}, {""count_bin"": ""N=8-15"", ""pixels"": 871311, ""mean_mc_self_mse"": 0.0004130071320105344, ""median_mc_self_mse"": 3.604632468068303e-07, ""p90_mc_self_mse"": 6.8213275881134905e-06, ""p95_mc_self_mse"": 1.6139816580107436e-05, ""mean_spatial_rgb_gradient"": 0.015728315338492393, ""spatial_rgb_gradient_variance"": 0.0026513009797781706}, {""count_bin"": ""N=16-31"", ""pixels"": 1406454, ""mean_mc_self_mse"": 0.00011994872329523787, ""median_mc_self_mse"": 5.221181709202938e-07, ""p90_mc_self_mse"": 1.278767467738362e-05, ""p95_mc_self_mse"": 3.191920404788107e-05, ""mean_spatial_rgb_gradient"": 0.0226939395070076, ""spatial_rgb_gradient_variance"": 0.0024133010301738977}, {""count_bin"": ""N=32-63"", ""pixels"": 464773, ""mean_mc_self_mse"": 6.535132706630975e-05, ""median_mc_self_mse"": 1.2981453210159088e-06, ""p90_mc_self_mse"": 3.676963024190627e-05, ""p95_mc_self_mse"": 9.805071749724448e-05, ""mean_spatial_rgb_gradient"": 0.04723811894655228, ""spatial_rgb_gradient_variance"": 0.00387201108969748}, {""count_bin"": ""N>=64"", ""pixels"": 122275, ""mean_mc_self_mse"": 3.660973743535578e-05, ""median_mc_self_mse"": 2.1971304704493377e-06, ""p90_mc_self_mse"": 4.3512554839253426e-05, ""p95_mc_self_mse"": 0.00010458482574904338, ""mean_spatial_rgb_gradient"": 0.055564310401678085, ""spatial_rgb_gradient_variance"": 0.0023363647051155567}]",,518400,,,"{""target_foreground"": {""pixels"": 2890733, ""coverage"": 0.9930024668483738, ""writes_per_pixel"": 24.658754717229158, ""zero_fraction"": 0.006997533151626248, ""count_lt2_fraction"": 0.007604991536748638, ""count_lt4_fraction"": 0.00866977337581852, ""median_of_view_medians"": 19.5, ""median_of_view_p90"": 45.0, ""median_of_view_p95"": 60.5}, ""predicted_foreground"": {""pixels"": 2849119, ""coverage"": 1.0, ""writes_per_pixel"": 24.95470915746236, ""zero_fraction"": 0.0, ""count_lt2_fraction"": 0.0, ""count_lt4_fraction"": 3.86084259730815e-06, ""median_of_view_medians"": 20.0, ""median_of_view_p90"": 45.0, ""median_of_view_p95"": 60.5}, ""union_foreground"": {""pixels"": 2893314, ""coverage"": 0.9930087090443692, ""writes_per_pixel"": 24.658937121930077, ""zero_fraction"": 0.0069912909556308096, ""count_lt2_fraction"": 0.007598207453459942, ""count_lt4_fraction"": 0.008662039446807364, ""median_of_view_medians"": 19.5, ""median_of_view_p90"": 45.0, ""median_of_view_p95"": 60.5}, ""intersection_foreground"": {""pixels"": 2846538, ""coverage"": 1.0, ""writes_per_pixel"": 24.954792101844415, ""zero_fraction"": 0.0, ""count_lt2_fraction"": 0.0, ""count_lt4_fraction"": 3.864343282963375e-06, ""median_of_view_medians"": 20.0, ""median_of_view_p90"": 45.0, ""median_of_view_p95"": 60.5}, ""interior_foreground"": {""pixels"": 2453966, ""coverage"": 1.0, ""writes_per_pixel"": 22.53311292821498, ""zero_fraction"": 0.0, ""count_lt2_fraction"": 0.0, ""count_lt4_fraction"": 1.630014433777811e-06, ""median_of_view_medians"": 19.0, ""median_of_view_p90"": 38.0, ""median_of_view_p95"": 47.5}}",24.658754717229158,0.9121638141986409,,,1.0802469135817727e-05,,,5.877951937453885e-05,0.007666780248222773,1828.2781706256562,,,,10368000,,,"[540, 960]",,,,,,accumulation,,,"[{""region"": ""BACKGROUND"", ""pixels"": 7156286, ""mean_contribution_count"": 0.0, ""support_switch_fraction"": 0.0, ""mc_self_mse_per_rgb_scalar"": 0.0, ""mc_self_sse"": 0.0, ""fraction_total_mc_self_sse"": 0.0, ""mean_rgb_intensity"": 0.0, ""mean_spatial_rgb_gradient"": 0.0}, {""region"": ""SILHOUETTE_0_1PX"", ""pixels"": 83970, ""mean_contribution_count"": 10.146218887697987, ""support_switch_fraction"": 0.013504823151125401, ""mc_self_mse_per_rgb_scalar"": 0.0014945880049582136, ""mc_self_sse"": 376.5016643290236, ""fraction_total_mc_self_sse"": 0.2059323741748668, ""mean_rgb_intensity"": 0.10595743520722384, ""mean_spatial_rgb_gradient"": 0.16064478412008018}, {""region"": ""SILHOUETTE_1_2PX"", ""pixels"": 84017, ""mean_contribution_count"": 17.40185914755347, ""support_switch_fraction"": 0.006593903614744635, ""mc_self_mse_per_rgb_scalar"": 0.0008060655747247485, ""mc_self_sse"": 203.1696341749476, ""fraction_total_mc_self_sse"": 0.111126215605047, ""mean_rgb_intensity"": 0.17645766855766076, ""mean_spatial_rgb_gradient"": 0.09337794708207256}, {""region"": ""SILHOUETTE_2_4PX"", ""pixels"": 185890, ""mean_contribution_count"": 26.554785087955242, ""support_switch_fraction"": 0.0022755392974339664, ""mc_self_mse_per_rgb_scalar"": 0.00039634821500555696, ""mc_self_sse"": 221.03150906214896, ""fraction_total_mc_self_sse"": 0.12089599526668834, ""mean_rgb_intensity"": 0.24144602447284852, ""mean_spatial_rgb_gradient"": 0.04993777103300968}, {""region"": ""SILHOUETTE_4_8PX"", ""pixels"": 403871, ""mean_contribution_count"": 21.963329875133397, ""support_switch_fraction"": 0.00040854629324710116, ""mc_self_mse_per_rgb_scalar"": 0.0001507074993843291, ""mc_self_sse"": 182.5991654515451, ""fraction_total_mc_self_sse"": 0.09987493609304417, ""mean_rgb_intensity"": 0.32350021050193006, ""mean_spatial_rgb_gradient"": 0.027104713746665045}, {""region"": ""INTERIOR_GT_8PX"", ""pixels"": 2453966, ""mean_contribution_count"": 22.53311292821498, ""support_switch_fraction"": 0.00018419163101689265, ""mc_self_mse_per_rgb_scalar"": 0.00011477694985830976, ""mc_self_sse"": 844.9761976079909, ""fraction_total_mc_self_sse"": 0.4621704788603537, ""mean_rgb_intensity"": 0.6181690918267613, ""mean_spatial_rgb_gradient"": 0.015891998195101315}]",,,,"[{""class"": ""UNSUPPORTED_BOTH"", ""pixels"": 7517476, ""total_pixel_fraction"": 0.725065200617284, ""foreground_pixel_fraction"": 0.014814235697312758, ""mc_self_sse"": 0.0, ""mc_self_mse_per_rgb_scalar"": 0.0, ""fraction_total_mc_self_sse"": 0.0}, {""class"": ""COMMON_SUPPORT"", ""pixels"": 2847796, ""total_pixel_fraction"": 0.2746716820987654, ""foreground_pixel_fraction"": 0.9842666202655175, ""mc_self_sse"": 160.5889810916433, ""mc_self_mse_per_rgb_scalar"": 1.8796873218405073e-05, ""fraction_total_mc_self_sse"": 0.08783618580135868}, {""class"": ""SUPPORT_SWITCH_A_ONLY"", ""pixels"": 1323, ""total_pixel_fraction"": 0.00012760416666666665, ""foreground_pixel_fraction"": 0.0004448698651864423, ""mc_self_sse"": 756.9119184105557, ""mc_self_mse_per_rgb_scalar"": 0.19070595072072455, ""fraction_total_mc_self_sse"": 0.41400260122973104}, {""class"": ""SUPPORT_SWITCH_B_ONLY"", ""pixels"": 1405, ""total_pixel_fraction"": 0.00013551311728395062, ""foreground_pixel_fraction"": 0.0004742741719833689, ""mc_self_sse"": 910.7772711234567, ""mc_self_mse_per_rgb_scalar"": 0.21608001687389244, ""fraction_total_mc_self_sse"": 0.49816121296890997}]",,,0.0009191440371698113,1667.6891895340123,,0.0002631172839506173,,,,,6.888131172839506
,,,,,,,,,,,"{""delta_count"": {""all_pixels"": {""pearson"": 0.03479085862636566, ""spearman"": 0.8879463507740184, ""samples"": 1310720}, ""common_support"": {""pearson"": 0.015986990183591843, ""spearman"": 0.05012084331999711, ""samples"": 363124}}, ""delta_weight"": {""all_pixels"": {""pearson"": 0.04081389307975769, ""spearman"": 0.9654751425519669, ""samples"": 1310720}, ""common_support"": {""pearson"": 0.015575872734189034, ""spearman"": 0.05414795421942206, ""samples"": 363124}}, ""mean_count"": {""all_pixels"": {""pearson"": 0.007084227167069912, ""spearman"": 0.9665391780860627, ""samples"": 1310720}, ""common_support"": {""pearson"": 0.03015134483575821, ""spearman"": 0.11558212412199644, ""samples"": 363124}}, ""mean_weight"": {""all_pixels"": {""pearson"": -0.0024019000120460987, ""spearman"": 0.9631299655471408, ""samples"": 1310720}, ""common_support"": {""pearson"": 0.012291125021874905, ""spearman"": -0.006653729057261609, ""samples"": 363124}}}","[{""count_bin"": ""N=0"", ""pixels"": 30121518, ""mean_mc_self_mse"": 0.0, ""median_mc_self_mse"": 0.0, ""p90_mc_self_mse"": 0.0, ""p95_mc_self_mse"": 0.0, ""mean_spatial_rgb_gradient"": 0.00011579009878914803, ""spatial_rgb_gradient_variance"": 2.9905859264545143e-05}, {""count_bin"": ""N=1"", ""pixels"": 7448, ""mean_mc_self_mse"": 0.0, ""median_mc_self_mse"": 0.0, ""p90_mc_self_mse"": 0.0, ""p95_mc_self_mse"": 0.0, ""mean_spatial_rgb_gradient"": 0.14284059405326843, ""spatial_rgb_gradient_variance"": 0.01931966468691826}, {""count_bin"": ""N=2-3"", ""pixels"": 10308, ""mean_mc_self_mse"": 0.0013539514038711786, ""median_mc_self_mse"": 0.0, ""p90_mc_self_mse"": 0.0, ""p95_mc_self_mse"": 0.0, ""mean_spatial_rgb_gradient"": 0.20770777761936188, ""spatial_rgb_gradient_variance"": 0.018430165946483612}, {""count_bin"": ""N=4-7"", ""pixels"": 73560, ""mean_mc_self_mse"": 0.033289674669504166, ""median_mc_self_mse"": 1.0530068550451688e-07, ""p90_mc_self_mse"": 5.138213055033702e-06, ""p95_mc_self_mse"": 0.394573450088501, ""mean_spatial_rgb_gradient"": 0.11781298369169235, ""spatial_rgb_gradient_variance"": 0.027650367468595505}, {""count_bin"": ""N=8-15"", ""pixels"": 4745000, ""mean_mc_self_mse"": 0.002113594673573971, ""median_mc_self_mse"": 1.4230758438316116e-07, ""p90_mc_self_mse"": 2.9062150588288205e-06, ""p95_mc_self_mse"": 6.909367584739812e-06, ""mean_spatial_rgb_gradient"": 0.011442743241786957, ""spatial_rgb_gradient_variance"": 0.0022177856881171465}, {""count_bin"": ""N=16-31"", ""pixels"": 4026298, ""mean_mc_self_mse"": 0.0002390840236330405, ""median_mc_self_mse"": 2.5670223635643197e-07, ""p90_mc_self_mse"": 6.059185579943005e-06, ""p95_mc_self_mse"": 1.4542745702783577e-05, ""mean_spatial_rgb_gradient"": 0.014187253080308437, ""spatial_rgb_gradient_variance"": 0.0014437304344028234}, {""count_bin"": ""N=32-63"", ""pixels"": 1790088, ""mean_mc_self_mse"": 0.00037228158907964826, ""median_mc_self_mse"": 2.3161879880717606e-07, ""p90_mc_self_mse"": 8.499944669893011e-06, ""p95_mc_self_mse"": 2.4758146537351422e-05, ""mean_spatial_rgb_gradient"": 0.02416175976395607, ""spatial_rgb_gradient_variance"": 0.0027331719174981117}, {""count_bin"": ""N>=64"", ""pixels"": 697780, ""mean_mc_self_mse"": 0.0001496882177889347, ""median_mc_self_mse"": 4.90406875996996e-07, ""p90_mc_self_mse"": 1.873713335953653e-05, ""p95_mc_self_mse"": 5.6098946515703574e-05, ""mean_spatial_rgb_gradient"": 0.036311570554971695, ""spatial_rgb_gradient_variance"": 0.0027930366341024637}]",,2073600,,,"{""target_foreground"": {""pixels"": 11415525, ""coverage"": 0.9896655650966556, ""writes_per_pixel"": 24.937024622170245, ""zero_fraction"": 0.010334434903344349, ""count_lt2_fraction"": 0.01077874210778742, ""count_lt4_fraction"": 0.011631265316312653, ""median_of_view_medians"": 17.0, ""median_of_view_p90"": 51.0, ""median_of_view_p95"": 70.0}, ""predicted_foreground"": {""pixels"": 11268649, ""coverage"": 1.0, ""writes_per_pixel"": 25.271060621375288, ""zero_fraction"": 0.0, ""count_lt2_fraction"": 2.396028130790124e-06, ""count_lt4_fraction"": 0.00013737227949863376, ""median_of_view_medians"": 17.0, ""median_of_view_p90"": 52.0, ""median_of_view_p95"": 70.0}, ""union_foreground"": {""pixels"": 11456680, ""coverage"": 0.9897026887370513, ""writes_per_pixel"": 24.928869096457262, ""zero_fraction"": 0.010297311262948777, ""count_lt2_fraction"": 0.010740196985514127, ""count_lt4_fraction"": 0.011599084551545473, ""median_of_view_medians"": 17.0, ""median_of_view_p90"": 51.0, ""median_of_view_p95"": 69.5}, ""intersection_foreground"": {""pixels"": 11227494, ""coverage"": 1.0, ""writes_per_pixel"": 25.280607052651288, ""zero_fraction"": 0.0, ""count_lt2_fraction"": 2.2266767633097823e-06, ""count_lt4_fraction"": 0.00012807844742557869, ""median_of_view_medians"": 17.0, ""median_of_view_p90"": 52.0, ""median_of_view_p95"": 70.0}, ""interior_foreground"": {""pixels"": 8483689, ""coverage"": 0.9999680563490717, ""writes_per_pixel"": 24.90891014510315, ""zero_fraction"": 3.194365092826953e-05, ""count_lt2_fraction"": 3.7719440210502764e-05, ""count_lt4_fraction"": 8.616534623086726e-05, ""median_of_view_medians"": 18.0, ""median_of_view_p90"": 50.0, ""median_of_view_p95"": 65.0}}",24.937024622170245,0.9922898296137119,,,6.99266975306978e-06,,,0.00034300830490665717,0.018520483387499828,42675.721263266656,,,,41472000,,,"[1080, 1920]",,,,,,accumulation,,,"[{""region"": ""BACKGROUND"", ""pixels"": 29371215, ""mean_contribution_count"": 0.0, ""support_switch_fraction"": 0.0, ""mc_self_mse_per_rgb_scalar"": 0.0, ""mc_self_sse"": 0.0, ""fraction_total_mc_self_sse"": 0.0, ""mean_rgb_intensity"": 0.0, ""mean_spatial_rgb_gradient"": 0.0}, {""region"": ""SILHOUETTE_0_1PX"", ""pixels"": 292485, ""mean_contribution_count"": 11.704651520590799, ""support_switch_fraction"": 0.010838162640819188, ""mc_self_mse_per_rgb_scalar"": 0.004533837832498589, ""mc_self_sse"": 3978.2386753150495, ""fraction_total_mc_self_sse"": 0.09322018603442653, ""mean_rgb_intensity"": 0.31837503669392236, ""mean_spatial_rgb_gradient"": 0.06743363327382036}, {""region"": ""SILHOUETTE_1_2PX"", ""pixels"": 317335, ""mean_contribution_count"": 16.684894512108656, ""support_switch_fraction"": 0.008741550727149543, ""mc_self_mse_per_rgb_scalar"": 0.003122303227197349, ""mc_self_sse"": 2972.448283808012, ""fraction_total_mc_self_sse"": 0.06965197531099637, ""mean_rgb_intensity"": 0.38212705058583596, ""mean_spatial_rgb_gradient"": 0.05896813160147122}, {""region"": ""SILHOUETTE_2_4PX"", ""pixels"": 887941, ""mean_contribution_count"": 22.49262169445943, ""support_switch_fraction"": 0.0055780733179344125, ""mc_self_mse_per_rgb_scalar"": 0.0025379196688415213, ""mc_self_sse"": 6760.568786012427, ""fraction_total_mc_self_sse"": 0.15841721207959106, ""mean_rgb_intensity"": 0.4846171563007142, ""mean_spatial_rgb_gradient"": 0.03034398870261249}, {""region"": ""SILHOUETTE_4_8PX"", ""pixels"": 2119335, ""mean_contribution_count"": 21.5496238206796, ""support_switch_fraction"": 0.0038474332750603373, ""mc_self_mse_per_rgb_scalar"": 0.0020502134191252358, ""mc_self_sse"": 13035.267169865345, ""fraction_total_mc_self_sse"": 0.3054492527367198, ""mean_rgb_intensity"": 0.5363119320152312, ""mean_spatial_rgb_gradient"": 0.01766887286736889}, {""region"": ""INTERIOR_GT_8PX"", ""pixels"": 8483689, ""mean_contribution_count"": 24.90891014510315, ""support_switch_fraction"": 0.0011298151075552158, ""mc_self_mse_per_rgb_scalar"": 0.0006258754632277629, ""mc_self_sse"": 15929.19834826583, ""fraction_total_mc_self_sse"": 0.3732613738382664, ""mean_rgb_intensity"": 0.594598829220991, ""mean_spatial_rgb_gradient"": 0.01090801629132442}]",,,,"[{""class"": ""UNSUPPORTED_BOTH"", ""pixels"": 30187919, ""total_pixel_fraction"": 0.7279108555169753, ""foreground_pixel_fraction"": 0.015176174551761746, ""mc_self_sse"": 0.0, ""mc_self_mse_per_rgb_scalar"": 0.0, ""fraction_total_mc_self_sse"": 0.0}, {""class"": ""COMMON_SUPPORT"", ""pixels"": 11255445, ""total_pixel_fraction"": 0.2713986545138889, ""foreground_pixel_fraction"": 0.9824066786240668, ""mc_self_sse"": 329.0370822975379, ""mc_self_mse_per_rgb_scalar"": 9.744530530113437e-06, ""fraction_total_mc_self_sse"": 0.007710170386288426}, {""class"": ""SUPPORT_SWITCH_A_ONLY"", ""pixels"": 13204, ""total_pixel_fraction"": 0.000318383487654321, ""foreground_pixel_fraction"": 0.001121805611218056, ""mc_self_sse"": 19592.848246811827, ""mc_self_mse_per_rgb_scalar"": 0.49461901057285235, ""fraction_total_mc_self_sse"": 0.45910994979893804}, {""class"": ""SUPPORT_SWITCH_B_ONLY"", ""pixels"": 15432, ""total_pixel_fraction"": 0.0003721064814814815, ""foreground_pixel_fraction"": 0.001295341212953412, ""mc_self_sse"": 22753.835934157294, ""mc_self_mse_per_rgb_scalar"": 0.4914860016882084, ""fraction_total_mc_self_sse"": 0.5331798798147737}]",,,0.0024171468241714683,42346.68418096913,,0.0006904899691358025,,,,,6.888516975308642
,,,,,,,9.138835899977503e-05,211,,,,,,,,0.0004693846044855959,,,,0.8136139095411601,,,0.00011451940496824608,,,,,,,,,101,,"[256, 256]",,,,,,multiseed,0.0007216948806748134,"{""SILHOUETTE_0_1PX"": 0.0035295553366836542, ""SILHOUETTE_1_2PX"": 0.0016870697787998105, ""SILHOUETTE_2_4PX"": 0.00032034278526177416, ""SILHOUETTE_4_8PX"": 4.333328621054249e-05}",,,,,,0.0025684363582331917,0.00077667236328125,,,0.14544806999226298,,,,0.00013884410643777559,545.9572415703636,
,,,,,,,3.452745865815256e-05,211,,,,,,,,0.0007211217476383229,,,,0.9544764508624921,,,0.0002866431921276943,,,,,,,,,101,,"[512, 512]",,,,,,multiseed,0.0013492751883994072,"{""SILHOUETTE_0_1PX"": 0.0028697051884016872, ""SILHOUETTE_1_2PX"": 0.001311027486606803, ""SILHOUETTE_2_4PX"": 0.0014614233987884438, ""SILHOUETTE_4_8PX"": 0.0010275139304761587}",,,,,,0.002142054467635863,0.0006221771240234375,,,0.3212969736937721,,,,0.00020943798756856345,3294.1747087904096,
,,,,,,,1.8796873218405073e-05,211,,,,,,,,0.00020703023048336747,,,,0.9121638141986409,,,0.00011477694985830976,,,,,,,,,101,,"[540, 960]",,,,,,multiseed,0.00043255452253152996,"{""SILHOUETTE_0_1PX"": 0.0014945880049582136, ""SILHOUETTE_1_2PX"": 0.0008060655747247485, ""SILHOUETTE_2_4PX"": 0.00039634821500555696, ""SILHOUETTE_4_8PX"": 0.0001507074993843291}",,,,,,0.0009191440371698113,0.0002631172839506173,,,0.20377433889711782,,,,5.877951937453885e-05,1828.2781706256562,
,,,,,,,9.744530530113437e-06,211,,,,,,,,0.0012004043264073427,,,,0.9922898296137119,,,0.0006258754632277629,,,,,,,,,101,,"[1080, 1920]",,,,,,multiseed,0.0024648247208074133,"{""SILHOUETTE_0_1PX"": 0.004533837832498589, ""SILHOUETTE_1_2PX"": 0.003122303227197349, ""SILHOUETTE_2_4PX"": 0.0025379196688415213, ""SILHOUETTE_4_8PX"": 0.0020502134191252358}",,,,,,0.0024171468241714683,0.0006904899691358025,,,0.49293062556419814,,,,0.00034300830490665717,42675.721263266656,
,,,,,,,8.084350394984648e-05,307,,,,,,,,0.000384873643005556,,,,0.7988107599567155,,,4.688300607099744e-05,,,,,,,,,101,,"[256, 256]",,,,,,multiseed,0.0006537924172314706,"{""SILHOUETTE_0_1PX"": 0.003251158822404398, ""SILHOUETTE_1_2PX"": 0.001435510219116993, ""SILHOUETTE_2_4PX"": 0.0003272840065719108, ""SILHOUETTE_4_8PX"": 2.9911663314014503e-05}",,,,,,0.0022526885001446072,0.00067901611328125,,,0.1338985726987672,,,,0.00011381830712038778,447.551794526504,
,,,,,,,3.434340069620446e-05,307,,,,,,,,0.0007779939630903196,,,,0.9578497471156265,,,0.0003299318976629747,,,,,,,,,101,,"[512, 512]",,,,,,multiseed,0.0014071733712968638,"{""SILHOUETTE_0_1PX"": 0.0028759973951973648, ""SILHOUETTE_1_2PX"": 0.0014147160202945316, ""SILHOUETTE_2_4PX"": 0.0015307599328252218, ""SILHOUETTE_4_8PX"": 0.0010810074712931082}",,,,,,0.002262455750827844,0.0006557464599609375,,,0.3286095671030457,,,,0.00022496697523385805,3538.424565342269,
,,,,,,,1.914933931649581e-05,307,,,,,,,,0.00021055461469301318,,,,0.9120920421304735,,,0.00011868577431118397,,,,,,,,,101,,"[540, 960]",,,,,,multiseed,0.00043429052796831874,"{""SILHOUETTE_0_1PX"": 0.0014749868603741564, ""SILHOUETTE_1_2PX"": 0.0008584987998706805, ""SILHOUETTE_2_4PX"": 0.00038962334144208985, ""SILHOUETTE_4_8PX"": 0.0001502275620480665}",,,,,,0.0009374784872902478,0.0002690007716049383,,,0.20286890314896236,,,,5.9831561904924435e-05,1861.0009014907696,
,,,,,,,9.516764731789666e-06,307,,,,,,,,0.0011433506871018058,,,,0.9920866992475389,,,0.000559703210205276,,,,,,,,,101,,"[1080, 1920]",,,,,,multiseed,0.002429818363694391,"{""SILHOUETTE_0_1PX"": 0.004429686422344382, ""SILHOUETTE_1_2PX"": 0.0031465507000277195, ""SILHOUETTE_2_4PX"": 0.0025860550518601857, ""SILHOUETTE_4_8PX"": 0.001981043334635179}",,,,,,0.0023296344232963443,0.0006653163580246914,,,0.48673927391049093,,,,0.00032641864997416843,40611.70275518614,
,,,,,,,9.561557462203145e-05,401,,,,,,,,0.00046552204166297234,,,,0.8028889149221589,,,9.97606631347544e-05,,,,,,,,,101,,"[256, 256]",,,,,,multiseed,0.0007319843748626259,"{""SILHOUETTE_0_1PX"": 0.003521289087991994, ""SILHOUETTE_1_2PX"": 0.0017046301557722856, ""SILHOUETTE_2_4PX"": 0.00034886186867181634, ""SILHOUETTE_4_8PX"": 4.729798005174607e-05}",,,,,,0.002549862954816216,0.000768280029296875,,,0.14356366263150389,,,,0.00013737528677076324,540.1816076285244,
,,,,,,,3.7853072337773234e-05,401,,,,,,,,0.0008570747199528147,,,,0.9583259233248902,,,0.0003827442497503731,,,,,,,,,101,,"[512, 512]",,,,,,multiseed,0.0015396089998663182,"{""SILHOUETTE_0_1PX"": 0.003477051161520961, ""SILHOUETTE_1_2PX"": 0.00138077857525827, ""SILHOUETTE_2_4PX"": 0.0014887346726933143, ""SILHOUETTE_4_8PX"": 0.001238236090830206}",,,,,,0.0024229907950838185,0.0007059097290039063,,,0.3403897380305034,,,,0.00025073351547786775,3943.69720088581,
,,,,,,,2.039032815591054e-05,401,,,,,,,,0.0002772726782770775,,,,0.9285620792373199,,,0.00019070489508849308,,,,,,,,,101,,"[540, 960]",,,,,,multiseed,0.0004549682907436767,"{""SILHOUETTE_0_1PX"": 0.0014971508031211176, ""SILHOUETTE_1_2PX"": 0.0008396360223859606, ""SILHOUETTE_2_4PX"": 0.0004121755703308679, ""SILHOUETTE_4_8PX"": 0.0001779591576883537}",,,,,,0.0010495607861397093,0.00029947916666666664,,,0.24305139068390597,,,,7.838875780817599e-05,2438.203922865506,
,,,,,,,9.308564403673193e-06,401,,,,,,,,0.001109524374847621,,,,0.9920392920162192,,,0.000554764923598695,,,,,,,,,101,,"[1080, 1920]",,,,,,multiseed,0.0023380235074140837,"{""SILHOUETTE_0_1PX"": 0.004431692619828938, ""SILHOUETTE_1_2PX"": 0.0031164482763210606, ""SILHOUETTE_2_4PX"": 0.002452884433862494, ""SILHOUETTE_4_8PX"": 0.0018844010455204808}",,,,,,0.002263671622636716,0.0006476900077160494,,,0.48615164368321717,,,,0.0003174023089432278,39489.92566948063,
,,,,,,,8.943242248162299e-05,503,,,,,,,,0.00042388262854815145,,,,0.7976635338416195,,,6.82721904327528e-05,,,,,,,,,101,,"[256, 256]",,,,,,multiseed,0.0006969869576119971,"{""SILHOUETTE_0_1PX"": 0.003367847101743794, ""SILHOUETTE_1_2PX"": 0.0016697799801946988, ""SILHOUETTE_2_4PX"": 0.0003226464775274972, ""SILHOUETTE_4_8PX"": 3.5507123140011037e-05}",,,,,,0.002425155817587952,0.000730133056640625,,,0.1367647070689131,,,,0.00012518615854465308,492.25200518294304,
,,,,,,,3.623587199725176e-05,503,,,,,,,,0.0007683586786990548,,,,0.95526222975463,,,0.0003157360759478225,,,,,,,,,101,,"[512, 512]",,,,,,multiseed,0.0014222623294641507,"{""SILHOUETTE_0_1PX"": 0.0030615031742544044, ""SILHOUETTE_1_2PX"": 0.0013060661321211402, ""SILHOUETTE_2_4PX"": 0.001498669485826748, ""SILHOUETTE_4_8PX"": 0.0011097065013187374}",,,,,,0.002252932485490625,0.00065460205078125,,,0.3263519286952162,,,,0.00022363559988672246,3517.4838418022982,
,,,,,,,1.944979381583221e-05,503,,,,,,,,0.00024809312346015086,,,,0.9239252690390549,,,0.00015297766823380628,,,,,,,,,101,,"[540, 960]",,,,,,multiseed,0.0004653743266940616,"{""SILHOUETTE_0_1PX"": 0.0014591099170406603, ""SILHOUETTE_1_2PX"": 0.0008072952023085168, ""SILHOUETTE_2_4PX"": 0.00046355470544334087, ""SILHOUETTE_4_8PX"": 0.00018847181491775898}",,,,,,0.0009931737036938382,0.00028366126543209877,,,0.22871578775582432,,,,7.021975905756294e-05,2184.1153857264376,
,,,,,,,9.730281031921558e-06,503,,,,,,,,0.0014279753041118379,,,,0.993554844564868,,,0.000668259285869997,,,,,,,,,101,,"[1080, 1920]",,,,,,multiseed,0.00312796092289812,"{""SILHOUETTE_0_1PX"": 0.005952522008654875, ""SILHOUETTE_1_2PX"": 0.0040116910647258345, ""SILHOUETTE_2_4PX"": 0.003463083263770308, ""SILHOUETTE_4_8PX"": 0.0024654186064635513}",,,,,,0.0028948296289482965,0.0008294511959876543,,,0.49053687582640637,,,,0.0004095157912580595,50950.31668516273,
,,,,,,,8.939508876631315e-05,601,,,,,,,,0.00045120071993526534,,,,0.8096009848821503,,,0.00011307259994056918,,,,,,,,,101,,"[256, 256]",,,,,,multiseed,0.0006867138633286304,"{""SILHOUETTE_0_1PX"": 0.0034003009623381243, ""SILHOUETTE_1_2PX"": 0.0015313078298993337, ""SILHOUETTE_2_4PX"": 0.00032345897797184754, ""SILHOUETTE_4_8PX"": 3.9378141881131574e-05}",,,,,,0.002475569341148314,0.00074462890625,,,0.144580501970304,,,,0.00013297763102757936,522.8893216214065,
,,,,,,,3.6549046093779244e-05,601,,,,,,,,0.0008208039265199207,,,,0.957591982910434,,,0.0003433477178721897,,,,,,,,,101,,"[512, 512]",,,,,,multiseed,0.0014989516205880416,"{""SILHOUETTE_0_1PX"": 0.0032304602757989376, ""SILHOUETTE_1_2PX"": 0.001444938575767012, ""SILHOUETTE_2_4PX"": 0.0015196523368952036, ""SILHOUETTE_4_8PX"": 0.0011829921397870575}",,,,,,0.002379455867827961,0.000688934326171875,,,0.3307122702742281,,,,0.00023792913802982068,3742.3017575813587,
,,,,,,,2.0180959517194353e-05,601,,,,,,,,0.0002557784281340588,,,,0.9234301809677353,,,0.00016071019468257084,,,,,,,,,101,,"[540, 960]",,,,,,multiseed,0.000469959323851016,"{""SILHOUETTE_0_1PX"": 0.0015424701770285767, ""SILHOUETTE_1_2PX"": 0.0008427932418255818, ""SILHOUETTE_2_4PX"": 0.00042758435881538176, ""SILHOUETTE_4_8PX"": 0.00018891403617917322}",,,,,,0.0010336478671672548,0.0002961033950617284,,,0.2257405061871548,,,,7.23850396734056e-05,2251.464274001608,
,,,,,,,9.501443262186099e-06,601,,,,,,,,0.0011362223949223566,,,,0.992062673038317,,,0.0005753629819418156,,,,,,,,,101,,"[1080, 1920]",,,,,,multiseed,0.0023758206436394276,"{""SILHOUETTE_0_1PX"": 0.004492548842446295, ""SILHOUETTE_1_2PX"": 0.003124260683388154, ""SILHOUETTE_2_4PX"": 0.002465036466652697, ""SILHOUETTE_4_8PX"": 0.0019342501253665188}",,,,,,0.0023228016232280163,0.000664158950617284,,,0.485325961263771,,,,0.00032491251802981713,40424.31584319773,
,,,,,,,9.097066551764546e-05,701,,,,,,,,0.0004360669470259104,,,,0.8002508690359418,,,9.056128760072645e-05,,,,,,,,,101,,"[256, 256]",,,,,,multiseed,0.0006914162033564519,"{""SILHOUETTE_0_1PX"": 0.0034232866510566355, ""SILHOUETTE_1_2PX"": 0.0016099265868119597, ""SILHOUETTE_2_4PX"": 0.00029759853150006563, ""SILHOUETTE_4_8PX"": 3.7828537650838466e-05}",,,,,,0.0024357691909690808,0.0007354736328125,,,0.1403502978949293,,,,0.0001289894799907604,507.2072736404684,
,,,,,,,3.4232099477538694e-05,701,,,,,,,,0.000790446791068431,,,,0.95864949311343,,,0.0003196991677302604,,,,,,,,,101,,"[512, 512]",,,,,,multiseed,0.0014593116190475847,"{""SILHOUETTE_0_1PX"": 0.003029957780924525, ""SILHOUETTE_1_2PX"": 0.0012988874210862074, ""SILHOUETTE_2_4PX"": 0.0014244487107983065, ""SILHOUETTE_4_8PX"": 0.0012180942109429236}",,,,,,0.0022842232144557727,0.0006612777709960937,,,0.3313439733170984,,,,0.00022856153962644854,3594.9621746301436,
,,,,,,,2.0329285167045384e-05,701,,,,,,,,0.0002558451144054129,,,,0.9228508473972399,,,0.0001644202563467926,,,,,,,,,101,,"[540, 960]",,,,,,multiseed,0.0004577553208563268,"{""SILHOUETTE_0_1PX"": 0.0014657633831395883, ""SILHOUETTE_1_2PX"": 0.0008500627043647887, ""SILHOUETTE_2_4PX"": 0.0004223029029822111, ""SILHOUETTE_4_8PX"": 0.00018288369979035143}",,,,,,0.0010101244217297135,0.0002890625,,,0.23104985807163822,,,,7.237122855464441e-05,2251.03469296366,
,,,,,,,9.33031970455889e-06,701,,,,,,,,0.0010525895452937796,,,,0.9915786997395839,,,0.0005451871075196734,,,,,,,,,101,,"[1080, 1920]",,,,,,multiseed,0.0021698378293636515,"{""SILHOUETTE_0_1PX"": 0.004151633703131087, ""SILHOUETTE_1_2PX"": 0.0028506559489316855, ""SILHOUETTE_2_4PX"": 0.0022378179695879672, ""SILHOUETTE_4_8PX"": 0.0017659114383953005}",,,,,,0.002162931621629316,0.0006176697530864198,,,0.4828491859127696,,,,0.00030077424769112696,37421.12880073925,
,,,,,,,8.998650242200519e-05,809,,,,,,,,0.00041580130536106026,,,,0.7924251233615085,,,6.470406841250499e-05,,,,,,,,,101,,"[256, 256]",,,,,,multiseed,0.0006865874727241135,"{""SILHOUETTE_0_1PX"": 0.0034417447315819123, ""SILHOUETTE_1_2PX"": 0.0015384632196850522, ""SILHOUETTE_2_4PX"": 0.00030292800125679187, ""SILHOUETTE_4_8PX"": 3.793814377684334e-05}",,,,,,0.0024225024742426694,0.00073089599609375,,,0.13311812936918474,,,,0.00012278195743049434,482.7983017298926,
,,,,,,,3.462698513831298e-05,809,,,,,,,,0.0007404336811884008,,,,0.9552283635326546,,,0.00029335605154394315,,,,,,,,,101,,"[512, 512]",,,,,,multiseed,0.001373821051661595,"{""SILHOUETTE_0_1PX"": 0.0027973971816330594, ""SILHOUETTE_1_2PX"": 0.0013241302120958777, ""SILHOUETTE_2_4PX"": 0.001510963455879311, ""SILHOUETTE_4_8PX"": 0.0010606194957763426}",,,,,,0.002160420765071928,0.0006258010864257813,,,0.3259865373612324,,,,0.00021356435490084137,3359.07685506757,
,,,,,,,2.0058860245586492e-05,809,,,,,,,,0.0002488116351033112,,,,0.921775386891725,,,0.00016004102229791675,,,,,,,,,101,,"[540, 960]",,,,,,multiseed,0.00044534442661635923,"{""SILHOUETTE_0_1PX"": 0.0014416763384726028, ""SILHOUETTE_1_2PX"": 0.0007885376540680203, ""SILHOUETTE_2_4PX"": 0.000448575858921743, ""SILHOUETTE_4_8PX"": 0.00016531256748157928}",,,,,,0.0009969789669263816,0.0002850115740740741,,,0.22777493293484807,,,,7.042766935802687e-05,2190.582227712068,
,,,,,,,8.96509838164719e-06,809,,,,,,,,0.000977230643103786,,,,0.9913022262712033,,,0.00048455344019057543,,,,,,,,,101,,"[1080, 1920]",,,,,,multiseed,0.0020721958413279272,"{""SILHOUETTE_0_1PX"": 0.003979053079918877, ""SILHOUETTE_1_2PX"": 0.0027102488349098823, ""SILHOUETTE_2_4PX"": 0.002106420019780212, ""SILHOUETTE_4_8PX"": 0.0016991577244720724}",,,,,,0.0020261004202610042,0.000580029899691358,,,0.4782866127423806,,,,0.0002798546484216055,34818.39593802247,
,,,,,,,"{""mean"": 8.966173096560567e-05, ""std"": 4.437211830243022e-06, ""median"": 8.998650242200519e-05, ""ci95"": [8.637459844075136e-05, 9.294886349045997e-05], ""minimum"": 8.084350394984648e-05, ""maximum"": 9.561557462203145e-05}",,"[211, 307, 401, 503, 601, 701, 809]",7,,,,,,"{""mean"": 0.00043524741286064453, ""std"": 2.9949698809812405e-05, ""median"": 0.0004360669470259104, ""ci95"": [0.0004130603654908703, 0.00045743446023041877], ""minimum"": 0.000384873643005556, ""maximum"": 0.0004693846044855959}",,,,"{""mean"": 0.8021791565058934, ""std"": 0.007267934930693424, ""median"": 0.8002508690359418, ""ci95"": [0.7967949949618415, 0.8075633180499454], ""minimum"": 0.7924251233615085, ""maximum"": 0.8136139095411601}",,,"{""mean"": 8.539617436579304e-05, ""std"": 2.598660626895917e-05, ""median"": 9.056128760072645e-05, ""ci95"": [6.614502703605198e-05, 0.00010464732169553409], ""minimum"": 4.688300607099744e-05, ""maximum"": 0.00011451940496824608}",,,,,,,,,101,,"[256, 256]",,,,8,,multiseed_summary,"{""mean"": 0.0006955965956843004, ""std"": 2.5600313494212058e-05, ""median"": 0.0006914162033564519, ""ci95"": [0.0006766316180468272, 0.0007145615733217737], ""minimum"": 0.0006537924172314706, ""maximum"": 0.0007319843748626259}",,,,,,,,"{""mean"": 0.0007378714425223213, ""std"": 3.176501130124265e-05, ""median"": 0.0007354736328125, ""ci95"": [0.0007143395928393729, 0.0007614032922052697], ""minimum"": 0.00067901611328125, ""maximum"": 0.00077667236328125}",,,"{""mean"": 0.13967484880369502, ""std"": 0.005128344122702795, ""median"": 0.1403502978949293, ""ci95"": [0.13587571831155026, 0.14347397929583977], ""minimum"": 0.13311812936918474, ""maximum"": 0.14544806999226298}",,,,"{""mean"": 0.00012856756104605912, ""std"": 8.805847809877159e-06, ""median"": 0.0001289894799907604, ""ci95"": [0.00012204409769741415, 0.00013509102439470408], ""minimum"": 0.00011381830712038778, ""maximum"": 0.00013884410643777559}",,
,,,,,,,"{""mean"": 3.548113348557328e-05, ""std"": 1.4041455531845035e-06, ""median"": 3.462698513831298e-05, ""ci95"": [3.444092790285952e-05, 3.6521339068287036e-05], ""minimum"": 3.4232099477538694e-05, ""maximum"": 3.7853072337773234e-05}",,"[211, 307, 401, 503, 601, 701, 809]",7,,,,,,"{""mean"": 0.000782319072593895, ""std"": 4.6275710630571545e-05, ""median"": 0.0007779939630903196, ""ci95"": [0.0007480375464139366, 0.0008166005987738535], ""minimum"": 0.0007211217476383229, ""maximum"": 0.0008570747199528147}",,,,"{""mean"": 0.9567691700877367, ""std"": 0.0017178124863845565, ""median"": 0.957591982910434, ""ci95"": [0.9554965967890925, 0.9580417433863808], ""minimum"": 0.9544764508624921, ""maximum"": 0.95864949311343}",,,"{""mean"": 0.0003244940503764654, ""std"": 3.235241398875074e-05, ""median"": 0.0003196991677302604, ""ci95"": [0.0003005270466929497, 0.0003484610540599811], ""minimum"": 0.0002866431921276943, ""maximum"": 0.0003827442497503731}",,,,,,,,,101,,"[512, 512]",,,,8,,multiseed_summary,"{""mean"": 0.001435772025760566, ""std"": 6.788214277035681e-05, ""median"": 0.0014222623294641507, ""ci95"": [0.0013854842306554535, 0.0014860598208656787], ""minimum"": 0.0013492751883994072, ""maximum"": 0.0015396089998663182}",,,,,,,,"{""mean"": 0.0006592069353376116, ""std"": 3.052183530269038e-05, ""median"": 0.0006557464599609375, ""ci95"": [0.0006365960433225182, 0.0006818178273527049], ""minimum"": 0.0006221771240234375, ""maximum"": 0.0007059097290039063}",,,"{""mean"": 0.3292415697821566, ""std"": 0.005962745619275602, ""median"": 0.3286095671030457, ""ci95"": [0.3248243060110285, 0.33365883355328463], ""minimum"": 0.3212969736937721, ""maximum"": 0.3403897380305034}",,,,"{""mean"": 0.00022697558724630318, ""std"": 1.4080443096926283e-05, ""median"": 0.00022496697523385805, ""ci95"": [0.0002165446490267655, 0.00023740652546584085], ""minimum"": 0.00020943798756856345, ""maximum"": 0.00025073351547786775}",,
,,,,,,,"{""mean"": 1.976506277663855e-05, ""std"": 6.304088183615588e-07, ""median"": 2.0058860245586492e-05, ""ci95"": [1.9298049388486255e-05, 2.0232076164790846e-05], ""minimum"": 1.8796873218405073e-05, ""maximum"": 2.039032815591054e-05}",,"[211, 307, 401, 503, 601, 701, 809]",7,,,,,,"{""mean"": 0.00024334083207948456, ""std"": 2.5522313297575366e-05, ""median"": 0.0002488116351033112, ""ci95"": [0.00022443363779631542, 0.00026224802636265373], ""minimum"": 0.00020703023048336747, ""maximum"": 0.0002772726782770775}",,,,"{""mean"": 0.9206856599803128, ""std"": 0.0062237864571281585, ""median"": 0.9228508473972399, ""ci95"": [0.9160750144502676, 0.925296305510358], ""minimum"": 0.9120920421304735, ""maximum"": 0.9285620792373199}",,,"{""mean"": 0.00015175953725986763, ""std"": 2.673574815517289e-05, ""median"": 0.00016004102229791675, ""ci95"": [0.00013195341785439204, 0.0001715656566653432], ""minimum"": 0.00011477694985830976, ""maximum"": 0.00019070489508849308}",,,,,,,,,101,,"[540, 960]",,,,8,,multiseed_summary,"{""mean"": 0.00045146381989446995, ""std"": 1.459098250488504e-05, ""median"": 0.0004549682907436767, ""ci95"": [0.00044065466878870433, 0.0004622729710002356], ""minimum"": 0.00043255452253152996, ""maximum"": 0.000469959323851016}",,,,,,,,"{""mean"": 0.0002836337081128748, ""std"": 1.337279075835145e-05, ""median"": 0.0002850115740740741, ""ci95"": [0.0002737270060820546, 0.000293540410143695], ""minimum"": 0.0002631172839506173, ""maximum"": 0.00029947916666666664}",,,"{""mean"": 0.2232822453827788, ""std"": 0.014743182264874989, ""median"": 0.22777493293484807, ""ci95"": [0.21236034311694277, 0.23420414764861483], ""minimum"": 0.20286890314896236, ""maximum"": 0.24305139068390597}",,,,"{""mean"": 6.891479081875415e-05, ""std"": 7.105938335643418e-06, ""median"": 7.042766935802687e-05, ""ci95"": [6.365063803174979e-05, 7.41789436057585e-05], ""minimum"": 5.877951937453885e-05, ""maximum"": 7.838875780817599e-05}",,
,,,,,,,"{""mean"": 9.442428863698577e-06, ""std"": 2.7125183699264637e-07, ""median"": 9.501443262186099e-06, ""ci95"": [9.241482690760026e-06, 9.64337503663713e-06], ""minimum"": 8.96509838164719e-06, ""maximum"": 9.744530530113437e-06}",,"[211, 307, 401, 503, 601, 701, 809]",7,,,,,,"{""mean"": 0.0011496138965412185, ""std"": 0.00014202123177483824, ""median"": 0.0011362223949223566, ""ci95"": [0.0010444030956943784, 0.0012548246973880586], ""minimum"": 0.000977230643103786, ""maximum"": 0.0014279753041118379}",,,,"{""mean"": 0.9921306092130633, ""std"": 0.0007140847379623729, ""median"": 0.992062673038317, ""ci95"": [0.9916016078361942, 0.9926596105899324], ""minimum"": 0.9913022262712033, ""maximum"": 0.993554844564868}",,,"{""mean"": 0.0005733866303648279, ""std"": 5.913312244256942e-05, ""median"": 0.000559703210205276, ""ci95"": [0.000529580200220492, 0.0006171930605091638], ""minimum"": 0.00048455344019057543, ""maximum"": 0.000668259285869997}",,,,,,,,,101,,"[1080, 1920]",,,,8,,multiseed_summary,"{""mean"": 0.0024254974041635733, ""std"": 0.00034042218379444977, ""median"": 0.0023758206436394276, ""ci95"": [0.002173309121218475, 0.0026776856871086716], ""minimum"": 0.0020721958413279272, ""maximum"": 0.00312796092289812}",,,,,,,,"{""mean"": 0.0006706865906084657, ""std"": 7.876979824967981e-05, ""median"": 0.000664158950617284, ""ci95"": [0.0006123331074508782, 0.0007290400737660531], ""minimum"": 0.000580029899691358, ""maximum"": 0.0008294511959876543}",,,"{""mean"": 0.48611716841474767, ""std"": 0.0048126315783063745, ""median"": 0.48615164368321717, ""ci95"": [0.4825519210485147, 0.48968241578098065], ""minimum"": 0.4782866127423806, ""maximum"": 0.49293062556419814}",,,,"{""mean"": 0.0003288409241749518, ""std"": 4.092408439674023e-05, ""median"": 0.00032491251802981713, ""ci95"": [0.0002985239381898496, 0.00035915791016005396], ""minimum"": 0.0002798546484216055, ""maximum"": 0.0004095157912580595}",,
,,,,,,,7.901441533811549e-05,unscrambled_sobol,,,,,,,,0.0003858027000776486,,,,0.8050858663372968,,,4.404607423125854e-05,,,,,,,,,101,,"[256, 256]",,,,,unscrambled_sobol,grid,0.0006639404875108374,"{""SILHOUETTE_0_1PX"": 0.003417973789474226, ""SILHOUETTE_1_2PX"": 0.001487528045426229, ""SILHOUETTE_2_4PX"": 0.0002596835509433129, ""SILHOUETTE_4_8PX"": 3.2202618965395134e-05}",,,,,,0.002284528620287994,0.00069427490234375,,,0.13316351470623516,,,,0.0001148350629840624,451.5498412634108,
,,,,,,,3.734754236014598e-05,unscrambled_sobol,,,,,,,,0.0005410548654015932,,,,0.95658320884755,,,0.00018963696394533702,,,,,,,,,101,,"[512, 512]",,,,,unscrambled_sobol,grid,0.0017888872279728345,"{""SILHOUETTE_0_1PX"": 0.010291823329918912, ""SILHOUETTE_1_2PX"": 0.0011750544967102496, ""SILHOUETTE_2_4PX"": 0.0010192161050868365, ""SILHOUETTE_4_8PX"": 0.0006980835621536431}",,,,,,0.001848193708658825,0.000688934326171875,,,0.3297423943476991,,,,0.00023748154071606418,3735.2616605683156,
,,,,,,,1.95534816144127e-05,unscrambled_sobol,,,,,,,,0.00018763747861922573,,,,0.9222254585656215,,,8.996433086317252e-05,,,,,,,,,101,,"[540, 960]",,,,,unscrambled_sobol,grid,0.0006534513369452859,"{""SILHOUETTE_0_1PX"": 0.003508647268969353, ""SILHOUETTE_1_2PX"": 0.0008215329080485464, ""SILHOUETTE_2_4PX"": 0.0004033543714652787, ""SILHOUETTE_4_8PX"": 0.0001399656277501099}",,,,,,0.0009070363814299003,0.0002886766975308642,,,0.2205948669519938,,,,6.905100818080562e-05,2147.7625584557777,
,,,,,,,9.890224020964046e-06,unscrambled_sobol,,,,,,,,0.0009757913309069986,,,,0.993532888047362,,,0.0004099647280166471,,,,,,,,,101,,"[1080, 1920]",,,,,unscrambled_sobol,grid,0.003794580722405731,"{""SILHOUETTE_0_1PX"": 0.027523146163283864, ""SILHOUETTE_1_2PX"": 0.003404841954012308, ""SILHOUETTE_2_4PX"": 0.0018282489787325776, ""SILHOUETTE_4_8PX"": 0.0014020447919849942}",,,,,,0.002059388420593884,0.0008346595293209876,,,0.49377783757210963,,,,0.0004148190587903573,51610.128018461095,
,,,,,,,0.00014459879684594813,pseudorandom_uniform,,,,,,,,0.0015861108981204404,,,,0.9112579786103999,,,0.0013842288895903041,,,,,,,,,101,,"[256, 256]",,,,,pseudorandom_uniform,grid,0.0010632073658662338,"{""SILHOUETTE_0_1PX"": 0.004812393655925306, ""SILHOUETTE_1_2PX"": 0.00218254116158013, ""SILHOUETTE_2_4PX"": 0.0004910940175128936, ""SILHOUETTE_4_8PX"": 0.00021433554998785055}",,,,,,0.005237699763587108,0.001548004150390625,,,0.27094084282708303,,,,0.0004602621420623815,1809.8243845320142,
,,,,,,,5.02092996612587e-05,pseudorandom_uniform,,,,,,,,0.0021278934561033205,,,,0.9771300229156663,,,0.0015135960157940634,,,,,,,,,101,,"[512, 512]",,,,,pseudorandom_uniform,grid,0.002581704048779589,"{""SILHOUETTE_0_1PX"": 0.003914261135931038, ""SILHOUETTE_1_2PX"": 0.002141465371224125, ""SILHOUETTE_2_4PX"": 0.002738894960630098, ""SILHOUETTE_4_8PX"": 0.002349961105951409}",,,,,,0.005029644564528286,0.0014347076416015626,,,0.41169302164006255,,,,0.0006044836513963234,9507.705738698269,
,,,,,,,3.2241231312951275e-05,pseudorandom_uniform,,,,,,,,0.0022391963501401015,,,,0.9859286231454661,,,0.0022142565994612224,,,,,,,,,101,,"[540, 960]",,,,,pseudorandom_uniform,grid,0.001405513816621763,"{""SILHOUETTE_0_1PX"": 0.0023880464493540245, ""SILHOUETTE_1_2PX"": 0.0015375188668603648, ""SILHOUETTE_2_4PX"": 0.0011544339185748744, ""SILHOUETTE_4_8PX"": 0.0012893363955430314}",,,,,,0.0049361182786511245,0.0013877314814814815,,,0.44532176361165543,,,,0.0006268070692390979,19496.2070816129,
,,,,,,,1.4011808378961184e-05,pseudorandom_uniform,,,,,,,,0.004011595751279894,,,,0.9966351719173246,,,0.002800851792986165,,,,,,,,,101,,"[1080, 1920]",,,,,pseudorandom_uniform,grid,0.006316640139257955,"{""SILHOUETTE_0_1PX"": 0.008297869958000645, ""SILHOUETTE_1_2PX"": 0.006983551558850064, ""SILHOUETTE_2_4PX"": 0.0064329293119467475, ""SILHOUETTE_4_8PX"": 0.005894634055671513}",,,,,,0.007833542478335424,0.0021946132330246913,,,0.5103841844082811,,,,0.0011238775397361205,139828.34798380916,
,,,,,,deep_interior,,,,,,,,,0.01,,,,,,0.00081634521484375,,,,,,,,17,,,,"{""all_pixels"": {""analytic_vs_frozen"": {""relative_error"": 0.31903818877315304, ""cosine_similarity"": 0.9615600424176496, ""analytic_norm"": 93.78627948569343, ""finite_difference_norm"": 83.44058648913895, ""sign_agreement"": 0.9961164069198568}, ""analytic_vs_full"": {""relative_error"": 0.9978832454692456, ""cosine_similarity"": 0.08235013284673386, ""analytic_norm"": 93.78627948569343, ""finite_difference_norm"": 705.8363083532444, ""sign_agreement"": 0.960448612972061}, ""frozen_vs_full"": {""relative_error"": 0.9974918599412607, ""cosine_similarity"": 0.08029772618309422, ""analytic_norm"": 83.44058648913895, ""finite_difference_norm"": 705.8363083532444, ""sign_agreement"": 0.9638410793115421}, ""pixels_or_scalars"": 786432}, ""common_support"": {""analytic_vs_frozen"": {""relative_error"": 0.3190381887731531, ""cosine_similarity"": 0.9615600424176496, ""analytic_norm"": 93.78627948569343, ""finite_difference_norm"": 83.44058648913895, ""sign_agreement"": 0.9961164069198568}, ""analytic_vs_full"": {""relative_error"": 0.9961533015275099, ""cosine_similarity"": 0.1109647453580729, ""analytic_norm"": 93.78627948569343, ""finite_difference_norm"": 523.8214495367118, ""sign_agreement"": 0.9761436425076915}, ""frozen_vs_full"": {""relative_error"": 0.9954413182363204, ""cosine_similarity"": 0.10819917868648234, ""analytic_norm"": 83.44058648913895, ""finite_difference_norm"": 523.8214495367118, ""sign_agreement"": 0.9795836063920956}, ""pixels_or_scalars"": 198486}, ""silhouette_0_2px"": {""analytic_vs_frozen"": {""relative_error"": 0.09557502605059272, ""cosine_similarity"": 0.9955080860000135, ""analytic_norm"": 46.12209669547509, ""finite_difference_norm"": 45.72963158565308, ""sign_agreement"": 0.9976553341148886}, ""analytic_vs_full"": {""relative_error"": 1.001483020538104, ""cosine_similarity"": 0.010789696133093286, ""analytic_norm"": 46.12209669547509, ""finite_difference_norm"": 695.349291688691, ""sign_agreement"": 0.948002439768222}, ""frozen_vs_full"": {""relative_error"": 1.0017495276936208, ""cosine_similarity"": 0.006256492774940901, ""analytic_norm"": 45.72963158565308, ""finite_difference_norm"": 695.349291688691, ""sign_agreement"": 0.9500724140559494}, ""pixels_or_scalars"": 160380}, ""interior_gt8px"": {""analytic_vs_frozen"": {""relative_error"": 0.2988037586033001, ""cosine_similarity"": 0.9611948514564752, ""analytic_norm"": 34.72476053150913, ""finite_difference_norm"": 32.272212057711855, ""sign_agreement"": 0.9808429118773946}, ""analytic_vs_full"": {""relative_error"": 0.8602965838476605, ""cosine_similarity"": 0.5405181368837738, ""analytic_norm"": 34.72476053150913, ""finite_difference_norm"": 48.21832961306149, ""sign_agreement"": 0.9693486590038314}, ""frozen_vs_full"": {""relative_error"": 0.8548733543030621, ""cosine_similarity"": 0.5357480113083132, ""analytic_norm"": 32.272212057711855, ""finite_difference_norm"": 48.21832961306149, ""sign_agreement"": 0.9885057471264367}, ""pixels_or_scalars"": 618}, ""support_switch_pixels"": {""analytic_vs_frozen"": {""relative_error"": 0.15378773650317948, ""cosine_similarity"": 0.9881040993623104, ""analytic_norm"": 16.578218139742052, ""finite_difference_norm"": 16.767357447278584, ""sign_agreement"": 0.9914529914529915}, ""analytic_vs_full"": {""relative_error"": 1.0031806619979071, ""cosine_similarity"": -0.12296427259029834, ""analytic_norm"": 16.578218139742052, ""finite_difference_norm"": 701.3956253684912, ""sign_agreement"": 0.235202492211838}, ""frozen_vs_full"": {""relative_error"": 1.0035629699120658, ""cosine_similarity"": -0.13735532165572265, ""analytic_norm"": 16.767357447278584, ""finite_difference_norm"": 701.3956253684912, ""sign_agreement"": 0.2367601246105919}, ""pixels_or_scalars"": 642}}",,,,"{""relative_error"": 0.6342692907006579, ""cosine_similarity"": 0.7956658937413246, ""analytic_norm"": 93.78627948569343, ""finite_difference_norm"": 95.33390536869543, ""sign_agreement"": 0.6757111597374179}",,,gradient,,,,,,,,,,,,,,,,,,
,,,,,,deep_interior,,,,,,,,,0.003,,,,,,0.000213623046875,,,,,,,,17,,,,"{""all_pixels"": {""analytic_vs_frozen"": {""relative_error"": 0.04054154179362407, ""cosine_similarity"": 0.9992759956086078, ""analytic_norm"": 93.78627948569343, ""finite_difference_norm"": 92.55705611326377, ""sign_agreement"": 0.9987390931557977}, ""analytic_vs_full"": {""relative_error"": 0.9963303591450166, ""cosine_similarity"": 0.08592690516593215, ""analytic_norm"": 93.78627948569343, ""finite_difference_norm"": 1197.226611899727, ""sign_agreement"": 0.9844972907886815}, ""frozen_vs_full"": {""relative_error"": 0.9963497953816032, ""cosine_similarity"": 0.08578404405657145, ""analytic_norm"": 92.55705611326377, ""finite_difference_norm"": 1197.226611899727, ""sign_agreement"": 0.9856584093872229}, ""pixels_or_scalars"": 786432}, ""common_support"": {""analytic_vs_frozen"": {""relative_error"": 0.04054154179362407, ""cosine_similarity"": 0.999275995608608, ""analytic_norm"": 93.78627948569343, ""finite_difference_norm"": 92.55705611326377, ""sign_agreement"": 0.9987390931557977}, ""analytic_vs_full"": {""relative_error"": 0.9915800559620341, ""cosine_similarity"": 0.13000338785102228, ""analytic_norm"": 93.78627948569343, ""finite_difference_norm"": 791.3176667420915, ""sign_agreement"": 0.9897110001513089}, ""frozen_vs_full"": {""relative_error"": 0.9916247586053634, ""cosine_similarity"": 0.12978724567560956, ""analytic_norm"": 92.55705611326377, ""finite_difference_norm"": 791.3176667420915, ""sign_agreement"": 0.9908756364369613}, ""pixels_or_scalars"": 198486}, ""silhouette_0_2px"": {""analytic_vs_frozen"": {""relative_error"": 0.01872760133491496, ""cosine_similarity"": 0.9998258303915539, ""analytic_norm"": 46.12209669547509, ""finite_difference_norm"": 46.058554759112866, ""sign_agreement"": 0.9989839781164518}, ""analytic_vs_full"": {""relative_error"": 0.9983187278274401, ""cosine_similarity"": 0.06266722396418795, ""analytic_norm"": 46.12209669547509, ""finite_difference_norm"": 1187.3142713541924, ""sign_agreement"": 0.9800000000000001}, ""frozen_vs_full"": {""relative_error"": 0.9983447435445761, ""cosine_similarity"": 0.06203060091166354, ""analytic_norm"": 46.058554759112866, ""finite_difference_norm"": 1187.3142713541924, ""sign_agreement"": 0.981012167712935}, ""pixels_or_scalars"": 160380}, ""interior_gt8px"": {""analytic_vs_frozen"": {""relative_error"": 0.044780882974908225, ""cosine_similarity"": 0.9990671937661506, ""analytic_norm"": 34.72476053150913, ""finite_difference_norm"": 34.349524463889786, ""sign_agreement"": 1.0}, ""analytic_vs_full"": {""relative_error"": 0.3084040290437036, ""cosine_similarity"": 0.9717034154890496, ""analytic_norm"": 34.72476053150913, ""finite_difference_norm"": 29.6793440775416, ""sign_agreement"": 1.0}, ""frozen_vs_full"": {""relative_error"": 0.2928741530462206, ""cosine_similarity"": 0.9736403990249576, ""analytic_norm"": 34.349524463889786, ""finite_difference_norm"": 29.6793440775416, ""sign_agreement"": 1.0}, ""pixels_or_scalars"": 618}, ""support_switch_pixels"": {""analytic_vs_frozen"": {""relative_error"": 0.04111304695319388, ""cosine_similarity"": 0.9991803917898567, ""analytic_norm"": 7.507632991720113, ""finite_difference_norm"": 7.568273931167362, ""sign_agreement"": 1.0}, ""analytic_vs_full"": {""relative_error"": 0.9990374588035309, ""cosine_similarity"": 0.15612631609941535, ""analytic_norm"": 7.507632991720113, ""finite_difference_norm"": 1193.8034166216744, ""sign_agreement"": 0.2976190476190476}, ""frozen_vs_full"": {""relative_error"": 0.9990630360582469, ""cosine_similarity"": 0.15089527400019653, ""analytic_norm"": 7.568273931167362, ""finite_difference_norm"": 1193.8034166216744, ""sign_agreement"": 0.2976190476190476}, ""pixels_or_scalars"": 168}}",,,,"{""relative_error"": 0.6342692907006579, ""cosine_similarity"": 0.7956658937413246, ""analytic_norm"": 93.78627948569343, ""finite_difference_norm"": 95.33390536869543, ""sign_agreement"": 0.6757111597374179}",,,gradient,,,,,,,,,,,,,,,,,,
,,,,,,deep_interior,,,,,,,,,0.001,,,,,,7.2479248046875e-05,,,,,,,,17,,,,"{""all_pixels"": {""analytic_vs_frozen"": {""relative_error"": 0.00792462136214377, ""cosine_similarity"": 0.9999697006064303, ""analytic_norm"": 93.78627948569343, ""finite_difference_norm"": 93.65015601733036, ""sign_agreement"": 0.9991425833459424}, ""analytic_vs_full"": {""relative_error"": 0.9989509594381385, ""cosine_similarity"": 0.045822981625384646, ""analytic_norm"": 93.78627948569343, ""finite_difference_norm"": 2123.77626584736, ""sign_agreement"": 0.9885213713940493}, ""frozen_vs_full"": {""relative_error"": 0.9989558754488987, ""cosine_similarity"": 0.04571407772393463, ""analytic_norm"": 93.65015601733036, ""finite_difference_norm"": 2123.77626584736, ""sign_agreement"": 0.9892814009661836}, ""pixels_or_scalars"": 786432}, ""common_support"": {""analytic_vs_frozen"": {""relative_error"": 0.007924621362143771, ""cosine_similarity"": 0.9999697006064303, ""analytic_norm"": 93.78627948569343, ""finite_difference_norm"": 93.65015601733035, ""sign_agreement"": 0.9991425833459424}, ""analytic_vs_full"": {""relative_error"": 0.9982150096685127, ""cosine_similarity"": 0.05976200738337997, ""analytic_norm"": 93.78627948569343, ""finite_difference_norm"": 1628.421886534822, ""sign_agreement"": 0.9903162354365259}, ""frozen_vs_full"": {""relative_error"": 0.9982233775555748, ""cosine_similarity"": 0.05961997568811097, ""analytic_norm"": 93.65015601733035, ""finite_difference_norm"": 1628.421886534822, ""sign_agreement"": 0.9910768300060496}, ""pixels_or_scalars"": 198486}, ""silhouette_0_2px"": {""analytic_vs_frozen"": {""relative_error"": 0.010993739507997955, ""cosine_similarity"": 0.9999396078286051, ""analytic_norm"": 46.12209669547509, ""finite_difference_norm"": 46.11170831046411, ""sign_agreement"": 0.9992184447049629}, ""analytic_vs_full"": {""relative_error"": 0.9996061061628735, ""cosine_similarity"": 0.02898754822346012, ""analytic_norm"": 46.12209669547509, ""finite_difference_norm"": 2122.329055316351, ""sign_agreement"": 0.9858156028368794}, ""frozen_vs_full"": {""relative_error"": 0.9996110878043152, ""cosine_similarity"": 0.02875998902054872, ""analytic_norm"": 46.11170831046411, ""finite_difference_norm"": 2122.329055316351, ""sign_agreement"": 0.9865970544689472}, ""pixels_or_scalars"": 160380}, ""interior_gt8px"": {""analytic_vs_frozen"": {""relative_error"": 0.0055381631330166025, ""cosine_similarity"": 0.9999856402961226, ""analytic_norm"": 34.72476053150913, ""finite_difference_norm"": 34.67680951258375, ""sign_agreement"": 1.0}, ""analytic_vs_full"": {""relative_error"": 0.2959879181584649, ""cosine_similarity"": 0.9734124116134703, ""analytic_norm"": 34.72476053150913, ""finite_difference_norm"": 29.912688511794574, ""sign_agreement"": 1.0}, ""frozen_vs_full"": {""relative_error"": 0.29442209301991, ""cosine_similarity"": 0.973553037190457, ""analytic_norm"": 34.67680951258375, ""finite_difference_norm"": 29.912688511794574, ""sign_agreement"": 1.0}, ""pixels_or_scalars"": 618}, ""support_switch_pixels"": {""analytic_vs_frozen"": {""relative_error"": 0.005861957100367977, ""cosine_similarity"": 0.9999841796219102, ""analytic_norm"": 6.199653116429851, ""finite_difference_norm"": 6.209996981151469, ""sign_agreement"": 1.0}, ""analytic_vs_full"": {""relative_error"": 0.9998355780868432, ""cosine_similarity"": 0.0577158978573231, ""analytic_norm"": 6.199653116429851, ""finite_difference_norm"": 2121.2971767559097, ""sign_agreement"": 0.3157894736842105}, ""frozen_vs_full"": {""relative_error"": 0.999840611760253, ""cosine_similarity"": 0.0559054399935266, ""analytic_norm"": 6.209996981151469, ""finite_difference_norm"": 2121.2971767559097, ""sign_agreement"": 0.3157894736842105}, ""pixels_or_scalars"": 57}}",,,,"{""relative_error"": 0.6342692907006579, ""cosine_similarity"": 0.7956658937413246, ""analytic_norm"": 93.78627948569343, ""finite_difference_norm"": 95.33390536869543, ""sign_agreement"": 0.6757111597374179}",,,gradient,,,,,,,,,,,,,,,,,,
,,,,,,deep_interior,,,,,,,,,0.0003,,,,,,1.52587890625e-05,,,,,,,,17,,,,"{""all_pixels"": {""analytic_vs_frozen"": {""relative_error"": 0.0058977999040631165, ""cosine_similarity"": 0.9999826089399113, ""analytic_norm"": 93.78627948569343, ""finite_difference_norm"": 93.79233578326306, ""sign_agreement"": 0.999142669827021}, ""analytic_vs_full"": {""relative_error"": 1.0002857732011674, ""cosine_similarity"": 0.004439546811252078, ""analytic_norm"": 93.78627948569343, ""finite_difference_norm"": 3261.3394594140686, ""sign_agreement"": 0.9906791616283757}, ""frozen_vs_full"": {""relative_error"": 1.0002883383201397, ""cosine_similarity"": 0.004351897369136298, ""analytic_norm"": 93.79233578326306, ""finite_difference_norm"": 3261.3394594140686, ""sign_agreement"": 0.9909452185723628}, ""pixels_or_scalars"": 786432}, ""common_support"": {""analytic_vs_frozen"": {""relative_error"": 0.0058977999040631165, ""cosine_similarity"": 0.9999826089399113, ""analytic_norm"": 93.78627948569343, ""finite_difference_norm"": 93.79233578326306, ""sign_agreement"": 0.999142669827021}, ""analytic_vs_full"": {""relative_error"": 1.0005877624526547, ""cosine_similarity"": 0.006367392040530574, ""analytic_norm"": 93.78627948569343, ""finite_difference_norm"": 2273.908863360301, ""sign_agreement"": 0.991578416540595}, ""frozen_vs_full"": {""relative_error"": 1.0005930374437535, ""cosine_similarity"": 0.0062416813804536345, ""analytic_norm"": 93.79233578326306, ""finite_difference_norm"": 2273.908863360301, ""sign_agreement"": 0.9918433110115301}, ""pixels_or_scalars"": 198486}, ""silhouette_0_2px"": {""analytic_vs_frozen"": {""relative_error"": 0.010056667118304902, ""cosine_similarity"": 0.9999494524079637, ""analytic_norm"": 46.12209669547509, ""finite_difference_norm"": 46.114762872468496, ""sign_agreement"": 0.9991403563613629}, ""analytic_vs_full"": {""relative_error"": 1.0005642744569658, ""cosine_similarity"": -0.03282516049910679, ""analytic_norm"": 46.12209669547509, ""finite_difference_norm"": 3260.265604801983, ""sign_agreement"": 0.9896987669736227}, ""frozen_vs_full"": {""relative_error"": 1.000566836352594, ""cosine_similarity"": -0.03301385623812591, ""analytic_norm"": 46.114762872468496, ""finite_difference_norm"": 3260.265604801983, ""sign_agreement"": 0.990257209664848}, ""pixels_or_scalars"": 160380}, ""interior_gt8px"": {""analytic_vs_frozen"": {""relative_error"": 0.0011169852456010493, ""cosine_similarity"": 0.999999385492102, ""analytic_norm"": 34.72476053150913, ""finite_difference_norm"": 34.72004151718274, ""sign_agreement"": 1.0}, ""analytic_vs_full"": {""relative_error"": 0.2946893106849911, ""cosine_similarity"": 0.9735395559303042, ""analytic_norm"": 34.72476053150913, ""finite_difference_norm"": 29.945286208869508, ""sign_agreement"": 1.0}, ""frozen_vs_full"": {""relative_error"": 0.29451829847273514, ""cosine_similarity"": 0.9735577294767656, ""analytic_norm"": 34.72004151718274, ""finite_difference_norm"": 29.945286208869508, ""sign_agreement"": 1.0}, ""pixels_or_scalars"": 618}, ""support_switch_pixels"": {""analytic_vs_frozen"": {""relative_error"": 0.004405558601261575, ""cosine_similarity"": 0.9999996690869741, ""analytic_norm"": 3.7234755721449226, ""finite_difference_norm"": 3.739668807184533, ""sign_agreement"": 1.0}, ""analytic_vs_full"": {""relative_error"": 1.0006623425827892, ""cosine_similarity"": -0.5793467928672205, ""analytic_norm"": 3.7234755721449226, ""finite_difference_norm"": 3259.0322220610788, ""sign_agreement"": 0.0}, ""frozen_vs_full"": {""relative_error"": 1.000664943799397, ""cosine_similarity"": -0.5791015932926786, ""analytic_norm"": 3.739668807184533, ""finite_difference_norm"": 3259.0322220610788, ""sign_agreement"": 0.0}, ""pixels_or_scalars"": 12}}",,,,"{""relative_error"": 0.6342692907006579, ""cosine_similarity"": 0.7956658937413246, ""analytic_norm"": 93.78627948569343, ""finite_difference_norm"": 95.33390536869543, ""sign_agreement"": 0.6757111597374179}",,,gradient,,,,,,,,,,,,,,,,,,
,,,,,,deep_interior,,,,,,,,,0.0001,,,,,,7.62939453125e-06,,,,,,,,17,,,,"{""all_pixels"": {""analytic_vs_frozen"": {""relative_error"": 0.006092843611899733, ""cosine_similarity"": 0.9999814645707416, ""analytic_norm"": 93.78627948569343, ""finite_difference_norm"": 93.8094570444796, ""sign_agreement"": 0.875779143273949}, ""analytic_vs_full"": {""relative_error"": 0.999919908938042, ""cosine_similarity"": 0.012674883947464787, ""analytic_norm"": 93.78627948569343, ""finite_difference_norm"": 7017.033524034791, ""sign_agreement"": 0.8691828346665488}, ""frozen_vs_full"": {""relative_error"": 0.9999198942121745, ""cosine_similarity"": 0.01267615641075374, ""analytic_norm"": 93.8094570444796, ""finite_difference_norm"": 7017.033524034791, ""sign_agreement"": 0.7721410441105852}, ""pixels_or_scalars"": 786432}, ""common_support"": {""analytic_vs_frozen"": {""relative_error"": 0.006092843611899732, ""cosine_similarity"": 0.9999814645707413, ""analytic_norm"": 93.78627948569343, ""finite_difference_norm"": 93.80945704447961, ""sign_agreement"": 0.875779143273949}, ""analytic_vs_full"": {""relative_error"": 0.9420344606596764, ""cosine_similarity"": 0.3360153134086335, ""analytic_norm"": 93.78627948569343, ""finite_difference_norm"": 264.6905721955875, ""sign_agreement"": 0.8698748286080765}, ""frozen_vs_full"": {""relative_error"": 0.9420234753577797, ""cosine_similarity"": 0.3360490468260446, ""analytic_norm"": 93.80945704447961, ""finite_difference_norm"": 264.6905721955875, ""sign_agreement"": 0.772618066996156}, ""pixels_or_scalars"": 198486}, ""silhouette_0_2px"": {""analytic_vs_frozen"": {""relative_error"": 0.010421416575579994, ""cosine_similarity"": 0.9999456979972676, ""analytic_norm"": 46.12209669547509, ""finite_difference_norm"": 46.121383676367195, ""sign_agreement"": 0.9119052714173621}, ""analytic_vs_full"": {""relative_error"": 0.9999794995136753, ""cosine_similarity"": 0.00640538286386129, ""analytic_norm"": 46.12209669547509, ""finite_difference_norm"": 7016.00711660918, ""sign_agreement"": 0.9041544929808308}, ""frozen_vs_full"": {""relative_error"": 0.9999794805264927, ""cosine_similarity"": 0.0064082685405200315, ""analytic_norm"": 46.121383676367195, ""finite_difference_norm"": 7016.00711660918, ""sign_agreement"": 0.8286594947419316}, ""pixels_or_scalars"": 160380}, ""interior_gt8px"": {""analytic_vs_frozen"": {""relative_error"": 0.0011015907215782036, ""cosine_similarity"": 0.9999993980141162, ""analytic_norm"": 34.72476053150913, ""finite_difference_norm"": 34.721391744642574, ""sign_agreement"": 0.9849056603773585}, ""analytic_vs_full"": {""relative_error"": 0.2946283908652037, ""cosine_similarity"": 0.9735536199887079, ""analytic_norm"": 34.72476053150913, ""finite_difference_norm"": 29.94551409096742, ""sign_agreement"": 0.9849056603773585}, ""frozen_vs_full"": {""relative_error"": 0.2945522264600947, ""cosine_similarity"": 0.9735549258614963, ""analytic_norm"": 34.721391744642574, ""finite_difference_norm"": 29.94551409096742, ""sign_agreement"": 0.9307958477508651}, ""pixels_or_scalars"": 618}, ""support_switch_pixels"": {""analytic_vs_frozen"": {""relative_error"": 0.0, ""cosine_similarity"": 0.0, ""analytic_norm"": 0.0, ""finite_difference_norm"": 0.0, ""sign_agreement"": 1.0}, ""analytic_vs_full"": {""relative_error"": 1.0, ""cosine_similarity"": 0.0, ""analytic_norm"": 0.0, ""finite_difference_norm"": 7012.039526419643, ""sign_agreement"": 0.0}, ""frozen_vs_full"": {""relative_error"": 1.0, ""cosine_similarity"": 0.0, ""analytic_norm"": 0.0, ""finite_difference_norm"": 7012.039526419643, ""sign_agreement"": 0.0}, ""pixels_or_scalars"": 6}}",,,,"{""relative_error"": 0.6342692907006579, ""cosine_similarity"": 0.7956658937413246, ""analytic_norm"": 93.78627948569343, ""finite_difference_norm"": 95.33390536869543, ""sign_agreement"": 0.6757111597374179}",,,gradient,,,,,,,,,,,,,,,,,,
,,,,,,deep_interior,,,,,,,,,3e-05,,,,,,0.0,,,,,,,,17,,,,"{""all_pixels"": {""analytic_vs_frozen"": {""relative_error"": 0.006379328358446368, ""cosine_similarity"": 0.9999796852574242, ""analytic_norm"": 93.78627948569343, ""finite_difference_norm"": 93.81242408250962, ""sign_agreement"": 0.5081975625400899}, ""analytic_vs_full"": {""relative_error"": 0.9946371730114233, ""cosine_similarity"": 0.10378235726886866, ""analytic_norm"": 93.78627948569343, ""finite_difference_norm"": 834.5614821614367, ""sign_agreement"": 0.5113763424084042}, ""frozen_vs_full"": {""relative_error"": 0.9946342519371351, ""cosine_similarity"": 0.10381060380320918, ""analytic_norm"": 93.81242408250962, ""finite_difference_norm"": 834.5614821614367, ""sign_agreement"": 0.4481351135621508}, ""pixels_or_scalars"": 786432}, ""common_support"": {""analytic_vs_frozen"": {""relative_error"": 0.006379328358446368, ""cosine_similarity"": 0.9999796852574242, ""analytic_norm"": 93.78627948569343, ""finite_difference_norm"": 93.81242408250962, ""sign_agreement"": 0.5081975625400899}, ""analytic_vs_full"": {""relative_error"": 0.9946371725609506, ""cosine_similarity"": 0.1037823616159624, ""analytic_norm"": 93.78627948569343, ""finite_difference_norm"": 834.5614472044659, ""sign_agreement"": 0.5115758805473181}, ""frozen_vs_full"": {""relative_error"": 0.9946342514864165, ""cosine_similarity"": 0.10381060815148604, ""analytic_norm"": 93.81242408250962, ""finite_difference_norm"": 834.5614472044659, ""sign_agreement"": 0.4482570904933858}, ""pixels_or_scalars"": 198486}, ""silhouette_0_2px"": {""analytic_vs_frozen"": {""relative_error"": 0.010911428891930475, ""cosine_similarity"": 0.9999404687532397, ""analytic_norm"": 46.12209669547509, ""finite_difference_norm"": 46.124003473307205, ""sign_agreement"": 0.6212945864515502}, ""analytic_vs_full"": {""relative_error"": 0.9985203040246967, ""cosine_similarity"": 0.054614019628255496, ""analytic_norm"": 46.12209669547509, ""finite_difference_norm"": 773.0480475732252, ""sign_agreement"": 0.6202277948868358}, ""frozen_vs_full"": {""relative_error"": 0.9985156307313838, ""cosine_similarity"": 0.05469243769392225, ""analytic_norm"": 46.124003473307205, ""finite_difference_norm"": 773.0480475732252, ""sign_agreement"": 0.5269779554707845}, ""pixels_or_scalars"": 160380}, ""interior_gt8px"": {""analytic_vs_frozen"": {""relative_error"": 0.0013524312297190464, ""cosine_similarity"": 0.9999990972236354, ""analytic_norm"": 34.72476053150913, ""finite_difference_norm"": 34.71946740803128, ""sign_agreement"": 0.8259493670886076}, ""analytic_vs_full"": {""relative_error"": 0.2946678074009865, ""cosine_similarity"": 0.9735578053125452, ""analytic_norm"": 34.72476053150913, ""finite_difference_norm"": 29.943229000896643, ""sign_agreement"": 0.8055555555555555}, ""frozen_vs_full"": {""relative_error"": 0.29458279963315, ""cosine_similarity"": 0.9735510427270012, ""analytic_norm"": 34.71946740803128, ""finite_difference_norm"": 29.943229000896643, ""sign_agreement"": 0.8027027027027027}, ""pixels_or_scalars"": 618}, ""support_switch_pixels"": {""analytic_vs_frozen"": {""relative_error"": 0.0, ""cosine_similarity"": 0.0, ""analytic_norm"": 0.0, ""finite_difference_norm"": 0.0, ""sign_agreement"": 1.0}, ""analytic_vs_full"": {""relative_error"": 0.0, ""cosine_similarity"": 0.0, ""analytic_norm"": 0.0, ""finite_difference_norm"": 0.0, ""sign_agreement"": 1.0}, ""frozen_vs_full"": {""relative_error"": 0.0, ""cosine_similarity"": 0.0, ""analytic_norm"": 0.0, ""finite_difference_norm"": 0.0, ""sign_agreement"": 1.0}, ""pixels_or_scalars"": 0}}",,,,"{""relative_error"": 0.6342692907006579, ""cosine_similarity"": 0.7956658937413246, ""analytic_norm"": 93.78627948569343, ""finite_difference_norm"": 95.33390536869543, ""sign_agreement"": 0.6757111597374179}",,,gradient,,,,,,,,,,,,,,,,,,
,,,,,,silhouette,,,,,,,,,0.01,,,,,,0.001438140869140625,,,,,,,,18,,,,"{""all_pixels"": {""analytic_vs_frozen"": {""relative_error"": 0.8071056178863808, ""cosine_similarity"": 0.606711522051075, ""analytic_norm"": 317.3593727738409, ""finite_difference_norm"": 425.1755569774352, ""sign_agreement"": 0.9531663295472227}, ""analytic_vs_full"": {""relative_error"": 0.976894660029653, ""cosine_similarity"": 0.2236679385335957, ""analytic_norm"": 317.3593727738409, ""finite_difference_norm"": 1095.7541584993353, ""sign_agreement"": 0.8409645471508541}, ""frozen_vs_full"": {""relative_error"": 0.9422403556843288, ""cosine_similarity"": 0.33856853428170164, ""analytic_norm"": 425.1755569774352, ""finite_difference_norm"": 1095.7541584993353, ""sign_agreement"": 0.8723801320700546}, ""pixels_or_scalars"": 786432}, ""common_support"": {""analytic_vs_frozen"": {""relative_error"": 0.807105617886381, ""cosine_similarity"": 0.606711522051075, ""analytic_norm"": 317.3593727738409, ""finite_difference_norm"": 425.1755569774351, ""sign_agreement"": 0.9531663295472227}, ""analytic_vs_full"": {""relative_error"": 0.9622024615040219, ""cosine_similarity"": 0.2850095788802466, ""analytic_norm"": 317.3593727738409, ""finite_difference_norm"": 859.918725307613, ""sign_agreement"": 0.9044458166100648}, ""frozen_vs_full"": {""relative_error"": 0.9043483345547075, ""cosine_similarity"": 0.4314220268240913, ""analytic_norm"": 425.1755569774351, ""finite_difference_norm"": 859.918725307613, ""sign_agreement"": 0.9382430137409294}, ""pixels_or_scalars"": 198486}, ""silhouette_0_2px"": {""analytic_vs_frozen"": {""relative_error"": 0.8283656711138505, ""cosine_similarity"": 0.5757690071902118, ""analytic_norm"": 289.27572001412034, ""finite_difference_norm"": 408.1152011771826, ""sign_agreement"": 0.9394982784062961}, ""analytic_vs_full"": {""relative_error"": 0.9817739093682071, ""cosine_similarity"": 0.2015951588407384, ""analytic_norm"": 289.27572001412034, ""finite_difference_norm"": 1076.0516804904191, ""sign_agreement"": 0.7762070465419748}, ""frozen_vs_full"": {""relative_error"": 0.9460979707313772, ""cosine_similarity"": 0.32792531148714227, ""analytic_norm"": 408.1152011771826, ""finite_difference_norm"": 1076.0516804904191, ""sign_agreement"": 0.8140091363933}, ""pixels_or_scalars"": 160380}, ""interior_gt8px"": {""analytic_vs_frozen"": {""relative_error"": 1.0, ""cosine_similarity"": 0.0, ""analytic_norm"": 0.0, ""finite_difference_norm"": 6.771734783337286e-14, ""sign_agreement"": 1.0}, ""analytic_vs_full"": {""relative_error"": 1.0, ""cosine_similarity"": 0.0, ""analytic_norm"": 0.0, ""finite_difference_norm"": 8.499507763039294e-14, ""sign_agreement"": 1.0}, ""frozen_vs_full"": {""relative_error"": 1.2812866766863322, ""cosine_similarity"": -0.004350008669814011, ""analytic_norm"": 6.771734783337286e-14, ""finite_difference_norm"": 8.499507763039294e-14, ""sign_agreement"": 1.0}, ""pixels_or_scalars"": 618}, ""support_switch_pixels"": {""analytic_vs_frozen"": {""relative_error"": 0.8575068447029702, ""cosine_similarity"": 0.5145424403800144, ""analytic_norm"": 182.8545928206605, ""finite_difference_norm"": 349.6113218742205, ""sign_agreement"": 0.8425324675324676}, ""analytic_vs_full"": {""relative_error"": 0.9843253485156832, ""cosine_similarity"": 0.17647242040200914, ""analytic_norm"": 182.8545928206605, ""finite_difference_norm"": 1074.131172997733, ""sign_agreement"": 0.3147656940760389}, ""frozen_vs_full"": {""relative_error"": 0.9554883528254297, ""cosine_similarity"": 0.2964535547230459, ""analytic_norm"": 349.6113218742205, ""finite_difference_norm"": 1074.131172997733, ""sign_agreement"": 0.36251105216622453}, ""pixels_or_scalars"": 1131}}",,,,"{""relative_error"": 1.066639220134104, ""cosine_similarity"": 0.42409873490299027, ""analytic_norm"": 317.3593727738409, ""finite_difference_norm"": 321.33096493887393, ""sign_agreement"": 0.6881287726358148}",,,gradient,,,,,,,,,,,,,,,,,,
,,,,,,silhouette,,,,,,,,,0.003,,,,,,0.000476837158203125,,,,,,,,18,,,,"{""all_pixels"": {""analytic_vs_frozen"": {""relative_error"": 0.23798334449855435, ""cosine_similarity"": 0.9726607744716791, ""analytic_norm"": 317.3593727738409, ""finite_difference_norm"": 309.71833874834635, ""sign_agreement"": 0.9849032866802957}, ""analytic_vs_full"": {""relative_error"": 0.9869975866064721, ""cosine_similarity"": 0.16099545366802268, ""analytic_norm"": 317.3593727738409, ""finite_difference_norm"": 2090.0529159497264, ""sign_agreement"": 0.9292821062299097}, ""frozen_vs_full"": {""relative_error"": 0.9877226572662912, ""cosine_similarity"": 0.1564352538274539, ""analytic_norm"": 309.71833874834635, ""finite_difference_norm"": 2090.0529159497264, ""sign_agreement"": 0.9377485469562558}, ""pixels_or_scalars"": 786432}, ""common_support"": {""analytic_vs_frozen"": {""relative_error"": 0.2379833444985544, ""cosine_similarity"": 0.9726607744716792, ""analytic_norm"": 317.3593727738409, ""finite_difference_norm"": 309.71833874834635, ""sign_agreement"": 0.9849032866802957}, ""analytic_vs_full"": {""relative_error"": 0.9781816882558233, ""cosine_similarity"": 0.20808779948702708, ""analytic_norm"": 317.3593727738409, ""finite_difference_norm"": 1617.0530815502127, ""sign_agreement"": 0.9524631314716033}, ""frozen_vs_full"": {""relative_error"": 0.979403575788605, ""cosine_similarity"": 0.20219370789359767, ""analytic_norm"": 309.71833874834635, ""finite_difference_norm"": 1617.0530815502127, ""sign_agreement"": 0.9611224329832262}, ""pixels_or_scalars"": 198486}, ""silhouette_0_2px"": {""analytic_vs_frozen"": {""relative_error"": 0.2572731079961109, ""cosine_similarity"": 0.9679857138587047, ""analytic_norm"": 289.27572001412034, ""finite_difference_norm"": 282.3776422095527, ""sign_agreement"": 0.9797702297702298}, ""analytic_vs_full"": {""relative_error"": 0.9889801410163638, ""cosine_similarity"": 0.14825499929686856, ""analytic_norm"": 289.27572001412034, ""finite_difference_norm"": 2059.9596417983894, ""sign_agreement"": 0.9008620689655172}, ""frozen_vs_full"": {""relative_error"": 0.9897238009904605, ""cosine_similarity"": 0.14311983398574335, ""analytic_norm"": 282.3776422095527, ""finite_difference_norm"": 2059.9596417983894, ""sign_agreement"": 0.9105477158574504}, ""pixels_or_scalars"": 160380}, ""interior_gt8px"": {""analytic_vs_frozen"": {""relative_error"": 1.0, ""cosine_similarity"": 0.0, ""analytic_norm"": 0.0, ""finite_difference_norm"": 2.322658770987398e-13, ""sign_agreement"": 1.0}, ""analytic_vs_full"": {""relative_error"": 1.0, ""cosine_similarity"": 0.0, ""analytic_norm"": 0.0, ""finite_difference_norm"": 2.6347499859447327e-13, ""sign_agreement"": 1.0}, ""frozen_vs_full"": {""relative_error"": 1.424313276890831, ""cosine_similarity"": -0.1426702155813759, ""analytic_norm"": 2.322658770987398e-13, ""finite_difference_norm"": 2.6347499859447327e-13, ""sign_agreement"": 1.0}, ""pixels_or_scalars"": 618}, ""support_switch_pixels"": {""analytic_vs_frozen"": {""relative_error"": 0.40962261666620836, ""cosine_similarity"": 0.9123926386995297, ""analytic_norm"": 100.58552512340479, ""finite_difference_norm"": 108.36200533526556, ""sign_agreement"": 0.900990099009901}, ""analytic_vs_full"": {""relative_error"": 0.9927840091601312, ""cosine_similarity"": 0.17209401183230655, ""analytic_norm"": 100.58552512340479, ""finite_difference_norm"": 2067.192050638797, ""sign_agreement"": 0.30133333333333334}, ""frozen_vs_full"": {""relative_error"": 0.9941292807046584, ""cosine_similarity"": 0.13787529896187795, ""analytic_norm"": 108.36200533526556, ""finite_difference_norm"": 2067.192050638797, ""sign_agreement"": 0.32266666666666666}, ""pixels_or_scalars"": 375}}",,,,"{""relative_error"": 1.066639220134104, ""cosine_similarity"": 0.42409873490299027, ""analytic_norm"": 317.3593727738409, ""finite_difference_norm"": 321.33096493887393, ""sign_agreement"": 0.6881287726358148}",,,gradient,,,,,,,,,,,,,,,,,,
,,,,,,silhouette,,,,,,,,,0.001,,,,,,0.000164031982421875,,,,,,,,18,,,,"{""all_pixels"": {""analytic_vs_frozen"": {""relative_error"": 0.11153791024909207, ""cosine_similarity"": 0.9937651609521874, ""analytic_norm"": 317.3593727738409, ""finite_difference_norm"": 320.3648280606417, ""sign_agreement"": 0.9924218503315441}, ""analytic_vs_full"": {""relative_error"": 0.9973081496099492, ""cosine_similarity"": 0.07433056965445968, ""analytic_norm"": 317.3593727738409, ""finite_difference_norm"": 3668.0522030047723, ""sign_agreement"": 0.9559168360168829}, ""frozen_vs_full"": {""relative_error"": 0.9973336717894641, ""cosine_similarity"": 0.0741573289473745, ""analytic_norm"": 320.3648280606417, ""finite_difference_norm"": 3668.0522030047723, ""sign_agreement"": 0.9603062978590404}, ""pixels_or_scalars"": 786432}, ""common_support"": {""analytic_vs_frozen"": {""relative_error"": 0.11153791024909207, ""cosine_similarity"": 0.9937651609521875, ""analytic_norm"": 317.3593727738409, ""finite_difference_norm"": 320.3648280606417, ""sign_agreement"": 0.9924218503315441}, ""analytic_vs_full"": {""relative_error"": 0.994382257127866, ""cosine_similarity"": 0.10730120383141466, ""analytic_norm"": 317.3593727738409, ""finite_difference_norm"": 2540.963195529564, ""sign_agreement"": 0.9649676503077165}, ""frozen_vs_full"": {""relative_error"": 0.994435598223976, ""cosine_similarity"": 0.10705111915549653, ""analytic_norm"": 320.3648280606417, ""finite_difference_norm"": 2540.963195529564, ""sign_agreement"": 0.9693958037545355}, ""pixels_or_scalars"": 198486}, ""silhouette_0_2px"": {""analytic_vs_frozen"": {""relative_error"": 0.120219065720313, ""cosine_similarity"": 0.9927530497538838, ""analytic_norm"": 289.27572001412034, ""finite_difference_norm"": 292.37483288548253, ""sign_agreement"": 0.990454659633258}, ""analytic_vs_full"": {""relative_error"": 0.9985184923297754, ""cosine_similarity"": 0.058480483598985666, ""analytic_norm"": 289.27572001412034, ""finite_difference_norm"": 3620.1011402920744, ""sign_agreement"": 0.9470820969337289}, ""frozen_vs_full"": {""relative_error"": 0.9985173136140382, ""cosine_similarity"": 0.058726722883896305, ""analytic_norm"": 292.37483288548253, ""finite_difference_norm"": 3620.1011402920744, ""sign_agreement"": 0.9515570934256055}, ""pixels_or_scalars"": 160380}, ""interior_gt8px"": {""analytic_vs_frozen"": {""relative_error"": 1.0, ""cosine_similarity"": 0.0, ""analytic_norm"": 0.0, ""finite_difference_norm"": 5.993212282476063e-13, ""sign_agreement"": 1.0}, ""analytic_vs_full"": {""relative_error"": 1.0, ""cosine_similarity"": 0.0, ""analytic_norm"": 0.0, ""finite_difference_norm"": 7.332936931904681e-13, ""sign_agreement"": 1.0}, ""frozen_vs_full"": {""relative_error"": 1.286223008465936, ""cosine_similarity"": 0.008326384764970829, ""analytic_norm"": 5.993212282476063e-13, ""finite_difference_norm"": 7.332936931904681e-13, ""sign_agreement"": 1.0}, ""pixels_or_scalars"": 618}, ""support_switch_pixels"": {""analytic_vs_frozen"": {""relative_error"": 0.3001988703745589, ""cosine_similarity"": 0.9586388598792844, ""analytic_norm"": 56.18848443505498, ""finite_difference_norm"": 53.30602571816979, ""sign_agreement"": 0.9402985074626865}, ""analytic_vs_full"": {""relative_error"": 0.9997005996575856, ""cosine_similarity"": 0.027143021852860997, ""analytic_norm"": 56.18848443505498, ""finite_difference_norm"": 3649.955112360514, ""sign_agreement"": 0.31007751937984496}, ""frozen_vs_full"": {""relative_error"": 0.9997455380547811, ""cosine_similarity"": 0.024723514629351264, ""analytic_norm"": 53.30602571816979, ""finite_difference_norm"": 3649.955112360514, ""sign_agreement"": 0.31007751937984496}, ""pixels_or_scalars"": 129}}",,,,"{""relative_error"": 1.066639220134104, ""cosine_similarity"": 0.42409873490299027, ""analytic_norm"": 317.3593727738409, ""finite_difference_norm"": 321.33096493887393, ""sign_agreement"": 0.6881287726358148}",,,gradient,,,,,,,,,,,,,,,,,,
,,,,,,silhouette,,,,,,,,,0.0003,,,,,,3.4332275390625e-05,,,,,,,,18,,,,"{""all_pixels"": {""analytic_vs_frozen"": {""relative_error"": 0.09718594319212112, ""cosine_similarity"": 0.995363890984127, ""analytic_norm"": 317.3593727738409, ""finite_difference_norm"": 323.36696194974184, ""sign_agreement"": 0.9941492726122707}, ""analytic_vs_full"": {""relative_error"": 0.9998645792453871, ""cosine_similarity"": 0.030532760752787963, ""analytic_norm"": 317.3593727738409, ""finite_difference_norm"": 5641.8470717262435, ""sign_agreement"": 0.9749408983451537}, ""frozen_vs_full"": {""relative_error"": 1.0001165053142942, ""cosine_similarity"": 0.02662508896900063, ""analytic_norm"": 323.36696194974184, ""finite_difference_norm"": 5641.8470717262435, ""sign_agreement"": 0.9777115052582012}, ""pixels_or_scalars"": 786432}, ""common_support"": {""analytic_vs_frozen"": {""relative_error"": 0.09718594319212112, ""cosine_similarity"": 0.9953638909841273, ""analytic_norm"": 317.3593727738409, ""finite_difference_norm"": 323.36696194974184, ""sign_agreement"": 0.9941492726122707}, ""analytic_vs_full"": {""relative_error"": 0.999428372711773, ""cosine_similarity"": 0.06272382977019109, ""analytic_norm"": 317.3593727738409, ""finite_difference_norm"": 2746.3432554416545, ""sign_agreement"": 0.9781783681214421}, ""frozen_vs_full"": {""relative_error"": 1.0004915834877703, ""cosine_similarity"": 0.054696251073702754, ""analytic_norm"": 323.36696194974184, ""finite_difference_norm"": 2746.3432554416545, ""sign_agreement"": 0.9809448818897637}, ""pixels_or_scalars"": 198486}, ""silhouette_0_2px"": {""analytic_vs_frozen"": {""relative_error"": 0.10401229974497406, ""cosine_similarity"": 0.9947012281972089, ""analytic_norm"": 289.27572001412034, ""finite_difference_norm"": 295.505392282125, ""sign_agreement"": 0.992948879375472}, ""analytic_vs_full"": {""relative_error"": 1.0000979142551807, ""cosine_similarity"": 0.023737565397168384, ""analytic_norm"": 289.27572001412034, ""finite_difference_norm"": 5639.656245577883, ""sign_agreement"": 0.9676853707414829}, ""frozen_vs_full"": {""relative_error"": 1.0003495220161136, ""cosine_similarity"": 0.01952716582058543, ""analytic_norm"": 295.505392282125, ""finite_difference_norm"": 5639.656245577883, ""sign_agreement"": 0.9717570607348164}, ""pixels_or_scalars"": 160380}, ""interior_gt8px"": {""analytic_vs_frozen"": {""relative_error"": 1.0, ""cosine_similarity"": 0.0, ""analytic_norm"": 0.0, ""finite_difference_norm"": 2.187922730098688e-12, ""sign_agreement"": 1.0}, ""analytic_vs_full"": {""relative_error"": 1.0, ""cosine_similarity"": 0.0, ""analytic_norm"": 0.0, ""finite_difference_norm"": 2.206427636470058e-12, ""sign_agreement"": 1.0}, ""frozen_vs_full"": {""relative_error"": 1.4624982389394863, ""cosine_similarity"": -0.0784602294438141, ""analytic_norm"": 2.187922730098688e-12, ""finite_difference_norm"": 2.206427636470058e-12, ""sign_agreement"": 0.0}, ""pixels_or_scalars"": 618}, ""support_switch_pixels"": {""analytic_vs_frozen"": {""relative_error"": 0.2418287269495828, ""cosine_similarity"": 0.9809931032212901, ""analytic_norm"": 16.823938668994778, ""finite_difference_norm"": 20.10816679145156, ""sign_agreement"": 1.0}, ""analytic_vs_full"": {""relative_error"": 1.0012228379665447, ""cosine_similarity"": -0.40706306908812884, ""analytic_norm"": 16.823938668994778, ""finite_difference_norm"": 5617.585463022768, ""sign_agreement"": 0.1111111111111111}, ""frozen_vs_full"": {""relative_error"": 1.0014627162131111, ""cosine_similarity"": -0.407145729114682, ""analytic_norm"": 20.10816679145156, ""finite_difference_norm"": 5617.585463022768, ""sign_agreement"": 0.1111111111111111}, ""pixels_or_scalars"": 27}}",,,,"{""relative_error"": 1.066639220134104, ""cosine_similarity"": 0.42409873490299027, ""analytic_norm"": 317.3593727738409, ""finite_difference_norm"": 321.33096493887393, ""sign_agreement"": 0.6881287726358148}",,,gradient,,,,,,,,,,,,,,,,,,
,,,,,,silhouette,,,,,,,,,0.0001,,,,,,1.52587890625e-05,,,,,,,,18,,,,"{""all_pixels"": {""analytic_vs_frozen"": {""relative_error"": 0.09769341307358133, ""cosine_similarity"": 0.9953213243884268, ""analytic_norm"": 317.3593727738409, ""finite_difference_norm"": 323.5454484971101, ""sign_agreement"": 0.6988326848249027}, ""analytic_vs_full"": {""relative_error"": 0.9999873786745667, ""cosine_similarity"": 0.014830173922357207, ""analytic_norm"": 317.3593727738409, ""finite_difference_norm"": 11025.79085525202, ""sign_agreement"": 0.6843787895491126}, ""frozen_vs_full"": {""relative_error"": 1.0001807701557806, ""cosine_similarity"": 0.008511363260385603, ""analytic_norm"": 323.5454484971101, ""finite_difference_norm"": 11025.79085525202, ""sign_agreement"": 0.5784637287258138}, ""pixels_or_scalars"": 786432}, ""common_support"": {""analytic_vs_frozen"": {""relative_error"": 0.09769341307358131, ""cosine_similarity"": 0.9953213243884266, ""analytic_norm"": 317.3593727738409, ""finite_difference_norm"": 323.5454484971101, ""sign_agreement"": 0.6988326848249027}, ""analytic_vs_full"": {""relative_error"": 0.9999605965153655, ""cosine_similarity"": 0.026203431530318236, ""analytic_norm"": 317.3593727738409, ""finite_difference_norm"": 6240.190176074133, ""sign_agreement"": 0.6852853515840601}, ""frozen_vs_full"": {""relative_error"": 1.0005642444902438, ""cosine_similarity"": 0.015038726153235203, ""analytic_norm"": 323.5454484971101, ""finite_difference_norm"": 6240.190176074133, ""sign_agreement"": 0.5789132828184703}, ""pixels_or_scalars"": 198486}, ""silhouette_0_2px"": {""analytic_vs_frozen"": {""relative_error"": 0.1019051761504808, ""cosine_similarity"": 0.9949546770667617, ""analytic_norm"": 289.27572001412034, ""finite_difference_norm"": 296.0611963599248, ""sign_agreement"": 0.7657342657342657}, ""analytic_vs_full"": {""relative_error"": 1.0000533320557996, ""cosine_similarity"": 0.011086343303456734, ""analytic_norm"": 289.27572001412034, ""finite_difference_norm"": 11025.049945485041, ""sign_agreement"": 0.7433831990794015}, ""frozen_vs_full"": {""relative_error"": 1.0002469205387727, ""cosine_similarity"": 0.0042305190642150225, ""analytic_norm"": 296.0611963599248, ""finite_difference_norm"": 11025.049945485041, ""sign_agreement"": 0.6382310611016617}, ""pixels_or_scalars"": 160380}, ""interior_gt8px"": {""analytic_vs_frozen"": {""relative_error"": 1.0, ""cosine_similarity"": 0.0, ""analytic_norm"": 0.0, ""finite_difference_norm"": 7.133236932186591e-12, ""sign_agreement"": 0.0}, ""analytic_vs_full"": {""relative_error"": 1.0, ""cosine_similarity"": 0.0, ""analytic_norm"": 0.0, ""finite_difference_norm"": 6.050779143449326e-12, ""sign_agreement"": 0.0}, ""frozen_vs_full"": {""relative_error"": 1.5698701769367938, ""cosine_similarity"": -0.03168114605397597, ""analytic_norm"": 7.133236932186591e-12, ""finite_difference_norm"": 6.050779143449326e-12, ""sign_agreement"": 0.39473684210526316}, ""pixels_or_scalars"": 618}, ""support_switch_pixels"": {""analytic_vs_frozen"": {""relative_error"": 0.30732232410890387, ""cosine_similarity"": 0.9993863852449518, ""analytic_norm"": 10.845601753085107, ""finite_difference_norm"": 15.626168167975395, ""sign_agreement"": 1.0}, ""analytic_vs_full"": {""relative_error"": 1.0004025780868635, ""cosine_similarity"": -0.4081758805338804, ""analytic_norm"": 10.845601753085107, ""finite_difference_norm"": 11007.464798705552, ""sign_agreement"": 0.25}, ""frozen_vs_full"": {""relative_error"": 1.000599006533962, ""cosine_similarity"": -0.4213718053006478, ""analytic_norm"": 15.626168167975395, ""finite_difference_norm"": 11007.464798705552, ""sign_agreement"": 0.25}, ""pixels_or_scalars"": 12}}",,,,"{""relative_error"": 1.066639220134104, ""cosine_similarity"": 0.42409873490299027, ""analytic_norm"": 317.3593727738409, ""finite_difference_norm"": 321.33096493887393, ""sign_agreement"": 0.6881287726358148}",,,gradient,,,,,,,,,,,,,,,,,,
,,,,,,silhouette,,,,,,,,,3e-05,,,,,,0.0,,,,,,,,18,,,,"{""all_pixels"": {""analytic_vs_frozen"": {""relative_error"": 0.0976536284222809, ""cosine_similarity"": 0.9953507154479948, ""analytic_norm"": 317.3593727738409, ""finite_difference_norm"": 324.08457914430693, ""sign_agreement"": 0.24006723716381417}, ""analytic_vs_full"": {""relative_error"": 0.971923142515605, ""cosine_similarity"": 0.24759981566475298, ""analytic_norm"": 317.3593727738409, ""finite_difference_norm"": 1861.0537520597165, ""sign_agreement"": 0.24720353489112695}, ""frozen_vs_full"": {""relative_error"": 0.9715372180782349, ""cosine_similarity"": 0.24819145363809428, ""analytic_norm"": 324.08457914430693, ""finite_difference_norm"": 1861.0537520597165, ""sign_agreement"": 0.26771782676943984}, ""pixels_or_scalars"": 786432}, ""common_support"": {""analytic_vs_frozen"": {""relative_error"": 0.0976536284222809, ""cosine_similarity"": 0.995350715447995, ""analytic_norm"": 317.3593727738409, ""finite_difference_norm"": 324.08457914430693, ""sign_agreement"": 0.24006723716381417}, ""analytic_vs_full"": {""relative_error"": 0.9719231271171198, ""cosine_similarity"": 0.24759988259488785, ""analytic_norm"": 317.3593727738409, ""finite_difference_norm"": 1861.0532489876741, ""sign_agreement"": 0.24726259207644832}, ""frozen_vs_full"": {""relative_error"": 0.9715372024649485, ""cosine_similarity"": 0.24819152072815828, ""analytic_norm"": 324.08457914430693, ""finite_difference_norm"": 1861.0532489876741, ""sign_agreement"": 0.2677554654732057}, ""pixels_or_scalars"": 198486}, ""silhouette_0_2px"": {""analytic_vs_frozen"": {""relative_error"": 0.10148083310872587, ""cosine_similarity"": 0.9950381966551325, ""analytic_norm"": 289.27572001412034, ""finite_difference_norm"": 296.6766466324383, ""sign_agreement"": 0.3209775967413442}, ""analytic_vs_full"": {""relative_error"": 0.9741941377513934, ""cosine_similarity"": 0.24139284801104013, ""analytic_norm"": 289.27572001412034, ""finite_difference_norm"": 1856.613743321363, ""sign_agreement"": 0.3324189953711641}, ""frozen_vs_full"": {""relative_error"": 0.9738161990558475, ""cosine_similarity"": 0.241611239086796, ""analytic_norm"": 296.6766466324383, ""finite_difference_norm"": 1856.613743321363, ""sign_agreement"": 0.3006763897696047}, ""pixels_or_scalars"": 160380}, ""interior_gt8px"": {""analytic_vs_frozen"": {""relative_error"": 1.0, ""cosine_similarity"": 0.0, ""analytic_norm"": 0.0, ""finite_difference_norm"": 2.1158254085864716e-11, ""sign_agreement"": 0.0}, ""analytic_vs_full"": {""relative_error"": 1.0, ""cosine_similarity"": 0.0, ""analytic_norm"": 0.0, ""finite_difference_norm"": 2.1559014199296147e-11, ""sign_agreement"": 0.0}, ""frozen_vs_full"": {""relative_error"": 1.451169592433525, ""cosine_similarity"": -0.07271448751756701, ""analytic_norm"": 2.1158254085864716e-11, ""finite_difference_norm"": 2.1559014199296147e-11, ""sign_agreement"": 0.1369047619047619}, ""pixels_or_scalars"": 618}, ""support_switch_pixels"": {""analytic_vs_frozen"": {""relative_error"": 0.0, ""cosine_similarity"": 0.0, ""analytic_norm"": 0.0, ""finite_difference_norm"": 0.0, ""sign_agreement"": 1.0}, ""analytic_vs_full"": {""relative_error"": 0.0, ""cosine_similarity"": 0.0, ""analytic_norm"": 0.0, ""finite_difference_norm"": 0.0, ""sign_agreement"": 1.0}, ""frozen_vs_full"": {""relative_error"": 0.0, ""cosine_similarity"": 0.0, ""analytic_norm"": 0.0, ""finite_difference_norm"": 0.0, ""sign_agreement"": 1.0}, ""pixels_or_scalars"": 0}}",,,,"{""relative_error"": 1.066639220134104, ""cosine_similarity"": 0.42409873490299027, ""analytic_norm"": 317.3593727738409, ""finite_difference_norm"": 321.33096493887393, ""sign_agreement"": 0.6881287726358148}",,,gradient,,,,,,,,,,,,,,,,,,
,,,,,,smooth_visible_surface,,,,,,,,,0.01,,,,,,0.0010833740234375,,,,,,,,5,,,,"{""all_pixels"": {""analytic_vs_frozen"": {""relative_error"": 0.511240762651468, ""cosine_similarity"": 0.8788329339999361, ""analytic_norm"": 306.64613679306524, ""finite_difference_norm"": 288.62229064200403, ""sign_agreement"": 0.9763934426229508}, ""analytic_vs_full"": {""relative_error"": 0.9653940005865724, ""cosine_similarity"": 0.2686897665659849, ""analytic_norm"": 306.64613679306524, ""finite_difference_norm"": 919.9175715448719, ""sign_agreement"": 0.898170412963931}, ""frozen_vs_full"": {""relative_error"": 0.9496465054958886, ""cosine_similarity"": 0.31332362612102727, ""analytic_norm"": 288.62229064200403, ""finite_difference_norm"": 919.9175715448719, ""sign_agreement"": 0.9148980658651333}, ""pixels_or_scalars"": 786432}, ""common_support"": {""analytic_vs_frozen"": {""relative_error"": 0.511240762651468, ""cosine_similarity"": 0.8788329339999361, ""analytic_norm"": 306.64613679306524, ""finite_difference_norm"": 288.62229064200403, ""sign_agreement"": 0.9763934426229508}, ""analytic_vs_full"": {""relative_error"": 0.9394839422757462, ""cosine_similarity"": 0.3529628710049556, ""analytic_norm"": 306.64613679306524, ""finite_difference_norm"": 700.2788617810994, ""sign_agreement"": 0.9362467306015694}, ""frozen_vs_full"": {""relative_error"": 0.9113666248184568, ""cosine_similarity"": 0.41159590126109985, ""analytic_norm"": 288.62229064200403, ""finite_difference_norm"": 700.2788617810994, ""sign_agreement"": 0.9536835222319093}, ""pixels_or_scalars"": 198486}, ""silhouette_0_2px"": {""analytic_vs_frozen"": {""relative_error"": 0.5751594468006096, ""cosine_similarity"": 0.8386214979027884, ""analytic_norm"": 241.13859781888965, ""finite_difference_norm"": 235.65532177172642, ""sign_agreement"": 0.9718458560619392}, ""analytic_vs_full"": {""relative_error"": 0.9775013219520596, ""cosine_similarity"": 0.21707642520844664, ""analytic_norm"": 241.13859781888965, ""finite_difference_norm"": 898.5310975425649, ""sign_agreement"": 0.853742613263296}, ""frozen_vs_full"": {""relative_error"": 0.9635776780947455, ""cosine_similarity"": 0.26747939023152306, ""analytic_norm"": 235.65532177172642, ""finite_difference_norm"": 898.5310975425649, ""sign_agreement"": 0.8711424819435324}, ""pixels_or_scalars"": 160380}, ""interior_gt8px"": {""analytic_vs_frozen"": {""relative_error"": 1.0, ""cosine_similarity"": 0.0, ""analytic_norm"": 0.0, ""finite_difference_norm"": 6.494448843595619e-14, ""sign_agreement"": 1.0}, ""analytic_vs_full"": {""relative_error"": 1.0, ""cosine_similarity"": 0.0, ""analytic_norm"": 0.0, ""finite_difference_norm"": 8.288420906076905e-14, ""sign_agreement"": 1.0}, ""frozen_vs_full"": {""relative_error"": 1.2972766972655805, ""cosine_similarity"": -0.04400798656421348, ""analytic_norm"": 6.494448843595619e-14, ""finite_difference_norm"": 8.288420906076905e-14, ""sign_agreement"": 1.0}, ""pixels_or_scalars"": 618}, ""support_switch_pixels"": {""analytic_vs_frozen"": {""relative_error"": 0.6546979409900521, ""cosine_similarity"": 0.7562614780118904, ""analytic_norm"": 120.1654509135372, ""finite_difference_norm"": 154.06951857831055, ""sign_agreement"": 0.9449339207048459}, ""analytic_vs_full"": {""relative_error"": 0.9871448593406704, ""cosine_similarity"": 0.1620275913128861, ""analytic_norm"": 120.1654509135372, ""finite_difference_norm"": 887.34760788322, ""sign_agreement"": 0.33098591549295775}, ""frozen_vs_full"": {""relative_error"": 0.97894562696561, ""cosine_similarity"": 0.20679860819845575, ""analytic_norm"": 154.06951857831055, ""finite_difference_norm"": 887.34760788322, ""sign_agreement"": 0.33098591549295775}, ""pixels_or_scalars"": 852}}",,,,"{""relative_error"": 0.8621039476557479, ""cosine_similarity"": 0.6442379627492975, ""analytic_norm"": 306.64613679306524, ""finite_difference_norm"": 294.267970015738, ""sign_agreement"": 0.7313357546408393}",,,gradient,,,,,,,,,,,,,,,,,,
,,,,,,smooth_visible_surface,,,,,,,,,0.003,,,,,,0.00043487548828125,,,,,,,,5,,,,"{""all_pixels"": {""analytic_vs_frozen"": {""relative_error"": 0.09275785068687459, ""cosine_similarity"": 0.996050259861213, ""analytic_norm"": 306.64613679306524, ""finite_difference_norm"": 299.7853493545749, ""sign_agreement"": 0.9929561963460268}, ""analytic_vs_full"": {""relative_error"": 0.9871245649966142, ""cosine_similarity"": 0.15995824289112773, ""analytic_norm"": 306.64613679306524, ""finite_difference_norm"": 1902.2507704124562, ""sign_agreement"": 0.9454584728372395}, ""frozen_vs_full"": {""relative_error"": 0.986807546196793, ""cosine_similarity"": 0.1619564394676206, ""analytic_norm"": 299.7853493545749, ""finite_difference_norm"": 1902.2507704124562, ""sign_agreement"": 0.9497785938006265}, ""pixels_or_scalars"": 786432}, ""common_support"": {""analytic_vs_frozen"": {""relative_error"": 0.09275785068687459, ""cosine_similarity"": 0.9960502598612131, ""analytic_norm"": 306.64613679306524, ""finite_difference_norm"": 299.7853493545749, ""sign_agreement"": 0.9929561963460268}, ""analytic_vs_full"": {""relative_error"": 0.975589670223887, ""cosine_similarity"": 0.21960808254417843, ""analytic_norm"": 306.64613679306524, ""finite_difference_norm"": 1385.5623492922148, ""sign_agreement"": 0.961978021978022}, ""frozen_vs_full"": {""relative_error"": 0.9749849729013735, ""cosine_similarity"": 0.22235142424872953, ""analytic_norm"": 299.7853493545749, ""finite_difference_norm"": 1385.5623492922148, ""sign_agreement"": 0.9663736263736263}, ""pixels_or_scalars"": 198486}, ""silhouette_0_2px"": {""analytic_vs_frozen"": {""relative_error"": 0.10861497893657203, ""cosine_similarity"": 0.994614696325438, ""analytic_norm"": 241.13859781888965, ""finite_difference_norm"": 234.77506321988872, ""sign_agreement"": 0.9907686845375465}, ""analytic_vs_full"": {""relative_error"": 0.990667733205512, ""cosine_similarity"": 0.13655046306587548, ""analytic_norm"": 241.13859781888965, ""finite_difference_norm"": 1879.9479677211264, ""sign_agreement"": 0.9212476305359296}, ""frozen_vs_full"": {""relative_error"": 0.9903521866962337, ""cosine_similarity"": 0.13932355335148383, ""analytic_norm"": 234.77506321988872, ""finite_difference_norm"": 1879.9479677211264, ""sign_agreement"": 0.9264173703256935}, ""pixels_or_scalars"": 160380}, ""interior_gt8px"": {""analytic_vs_frozen"": {""relative_error"": 1.0, ""cosine_similarity"": 0.0, ""analytic_norm"": 0.0, ""finite_difference_norm"": 2.1598681232283537e-13, ""sign_agreement"": 1.0}, ""analytic_vs_full"": {""relative_error"": 1.0, ""cosine_similarity"": 0.0, ""analytic_norm"": 0.0, ""finite_difference_norm"": 2.299975560866595e-13, ""sign_agreement"": 1.0}, ""frozen_vs_full"": {""relative_error"": 1.3797542110274192, ""cosine_similarity"": -0.011630845430261796, ""analytic_norm"": 2.1598681232283537e-13, ""finite_difference_norm"": 2.299975560866595e-13, ""sign_agreement"": 1.0}, ""pixels_or_scalars"": 618}, ""support_switch_pixels"": {""analytic_vs_frozen"": {""relative_error"": 0.05488334695622592, ""cosine_similarity"": 0.9985802813434833, ""analytic_norm"": 85.18735686028093, ""finite_difference_norm"": 86.45297685187518, ""sign_agreement"": 0.9719101123595505}, ""analytic_vs_full"": {""relative_error"": 0.9965185387428638, ""cosine_similarity"": 0.0992067457288309, ""analytic_norm"": 85.18735686028093, ""finite_difference_norm"": 1874.8420498908572, ""sign_agreement"": 0.3771929824561403}, ""frozen_vs_full"": {""relative_error"": 0.996342256289709, ""cosine_similarity"": 0.1022337926677465, ""analytic_norm"": 86.45297685187518, ""finite_difference_norm"": 1874.8420498908572, ""sign_agreement"": 0.3771929824561403}, ""pixels_or_scalars"": 342}}",,,,"{""relative_error"": 0.8621039476557479, ""cosine_similarity"": 0.6442379627492975, ""analytic_norm"": 306.64613679306524, ""finite_difference_norm"": 294.267970015738, ""sign_agreement"": 0.7313357546408393}",,,gradient,,,,,,,,,,,,,,,,,,
,,,,,,smooth_visible_surface,,,,,,,,,0.001,,,,,,0.000148773193359375,,,,,,,,5,,,,"{""all_pixels"": {""analytic_vs_frozen"": {""relative_error"": 0.029318302987157655, ""cosine_similarity"": 0.9995793555884974, ""analytic_norm"": 306.64613679306524, ""finite_difference_norm"": 305.46252469752335, ""sign_agreement"": 0.9962497242444297}, ""analytic_vs_full"": {""relative_error"": 0.9933747805414709, ""cosine_similarity"": 0.11677612073114653, ""analytic_norm"": 306.64613679306524, ""finite_difference_norm"": 3193.0046534737357, ""sign_agreement"": 0.9669041095890412}, ""frozen_vs_full"": {""relative_error"": 0.9932460708805982, ""cosine_similarity"": 0.11819360376275172, ""analytic_norm"": 305.46252469752335, ""finite_difference_norm"": 3193.0046534737357, ""sign_agreement"": 0.9692054794520548}, ""pixels_or_scalars"": 786432}, ""common_support"": {""analytic_vs_frozen"": {""relative_error"": 0.029318302987157648, ""cosine_similarity"": 0.9995793555884972, ""analytic_norm"": 306.64613679306524, ""finite_difference_norm"": 305.46252469752335, ""sign_agreement"": 0.9962497242444297}, ""analytic_vs_full"": {""relative_error"": 0.9854258133337515, ""cosine_similarity"": 0.17285359873382694, ""analytic_norm"": 306.64613679306524, ""finite_difference_norm"": 2157.1242926988753, ""sign_agreement"": 0.9729819144243493}, ""frozen_vs_full"": {""relative_error"": 0.9851415089066805, ""cosine_similarity"": 0.17495177635458553, ""analytic_norm"": 305.46252469752335, ""finite_difference_norm"": 2157.1242926988753, ""sign_agreement"": 0.9752977503308337}, ""pixels_or_scalars"": 198486}, ""silhouette_0_2px"": {""analytic_vs_frozen"": {""relative_error"": 0.031018364793693104, ""cosine_similarity"": 0.9995540929203264, ""analytic_norm"": 241.13859781888965, ""finite_difference_norm"": 239.23620879382165, ""sign_agreement"": 0.9950133570792521}, ""analytic_vs_full"": {""relative_error"": 0.9943362022475032, ""cosine_similarity"": 0.11247352405954289, ""analytic_norm"": 241.13859781888965, ""finite_difference_norm"": 3186.8720029541187, ""sign_agreement"": 0.952062037363412}, ""frozen_vs_full"": {""relative_error"": 0.9941875592890858, ""cosine_similarity"": 0.11473730136254083, ""analytic_norm"": 239.23620879382165, ""finite_difference_norm"": 3186.8720029541187, ""sign_agreement"": 0.9547056750088121}, ""pixels_or_scalars"": 160380}, ""interior_gt8px"": {""analytic_vs_frozen"": {""relative_error"": 1.0, ""cosine_similarity"": 0.0, ""analytic_norm"": 0.0, ""finite_difference_norm"": 6.581349743728024e-13, ""sign_agreement"": 1.0}, ""analytic_vs_full"": {""relative_error"": 1.0, ""cosine_similarity"": 0.0, ""analytic_norm"": 0.0, ""finite_difference_norm"": 8.088500492108189e-13, ""sign_agreement"": 1.0}, ""frozen_vs_full"": {""relative_error"": 1.276817134862591, ""cosine_similarity"": 0.019536702295058467, ""analytic_norm"": 6.581349743728024e-13, ""finite_difference_norm"": 8.088500492108189e-13, ""sign_agreement"": 1.0}, ""pixels_or_scalars"": 618}, ""support_switch_pixels"": {""analytic_vs_frozen"": {""relative_error"": 0.04017066998047557, ""cosine_similarity"": 0.9993966291879085, ""analytic_norm"": 45.01415852588561, ""finite_difference_norm"": 45.96964558405974, ""sign_agreement"": 0.984375}, ""analytic_vs_full"": {""relative_error"": 0.99576365483052, ""cosine_similarity"": 0.3047271605689659, ""analytic_norm"": 45.01415852588561, ""finite_difference_norm"": 3169.1921213030346, ""sign_agreement"": 0.46153846153846156}, ""frozen_vs_full"": {""relative_error"": 0.9956227137026002, ""cosine_similarity"": 0.3083664835889493, ""analytic_norm"": 45.96964558405974, ""finite_difference_norm"": 3169.1921213030346, ""sign_agreement"": 0.45299145299145305}, ""pixels_or_scalars"": 117}}",,,,"{""relative_error"": 0.8621039476557479, ""cosine_similarity"": 0.6442379627492975, ""analytic_norm"": 306.64613679306524, ""finite_difference_norm"": 294.267970015738, ""sign_agreement"": 0.7313357546408393}",,,gradient,,,,,,,,,,,,,,,,,,
,,,,,,smooth_visible_surface,,,,,,,,,0.0003,,,,,,3.814697265625e-05,,,,,,,,5,,,,"{""all_pixels"": {""analytic_vs_frozen"": {""relative_error"": 0.02129946296983761, ""cosine_similarity"": 0.9997782320904557, ""analytic_norm"": 306.64613679306524, ""finite_difference_norm"": 305.7384240921681, ""sign_agreement"": 0.9977917632770233}, ""analytic_vs_full"": {""relative_error"": 0.9996438613099949, ""cosine_similarity"": 0.035689227583043076, ""analytic_norm"": 306.64613679306524, ""finite_difference_norm"": 5163.548617542763, ""sign_agreement"": 0.9769874476987448}, ""frozen_vs_full"": {""relative_error"": 0.9996705318856669, ""cosine_similarity"": 0.03516885360018261, ""analytic_norm"": 305.7384240921681, ""finite_difference_norm"": 5163.548617542763, ""sign_agreement"": 0.977726574500768}, ""pixels_or_scalars"": 786432}, ""common_support"": {""analytic_vs_frozen"": {""relative_error"": 0.021299462969837608, ""cosine_similarity"": 0.9997782320904557, ""analytic_norm"": 306.64613679306524, ""finite_difference_norm"": 305.7384240921681, ""sign_agreement"": 0.9977917632770233}, ""analytic_vs_full"": {""relative_error"": 0.9992892731138735, ""cosine_similarity"": 0.05041275518636984, ""analytic_norm"": 306.64613679306524, ""finite_difference_norm"": 3655.4848285184758, ""sign_agreement"": 0.9795760653565908}, ""frozen_vs_full"": {""relative_error"": 0.9993425068886674, ""cosine_similarity"": 0.04967770183890641, ""analytic_norm"": 305.7384240921681, ""finite_difference_norm"": 3655.4848285184758, ""sign_agreement"": 0.9803080308030803}, ""pixels_or_scalars"": 198486}, ""silhouette_0_2px"": {""analytic_vs_frozen"": {""relative_error"": 0.021299135727131838, ""cosine_similarity"": 0.9997918841313593, ""analytic_norm"": 241.13859781888965, ""finite_difference_norm"": 239.7211910720981, ""sign_agreement"": 0.9969691567124265}, ""analytic_vs_full"": {""relative_error"": 0.9996630900703601, ""cosine_similarity"": 0.03061692580755482, ""analytic_norm"": 241.13859781888965, ""finite_difference_norm"": 5146.436064482051, ""sign_agreement"": 0.9666311679091232}, ""frozen_vs_full"": {""relative_error"": 0.9996613229342192, ""cosine_similarity"": 0.03055965081061355, ""analytic_norm"": 239.7211910720981, ""finite_difference_norm"": 5146.436064482051, ""sign_agreement"": 0.9688385269121813}, ""pixels_or_scalars"": 160380}, ""interior_gt8px"": {""analytic_vs_frozen"": {""relative_error"": 1.0, ""cosine_similarity"": 0.0, ""analytic_norm"": 0.0, ""finite_difference_norm"": 2.1394610305308976e-12, ""sign_agreement"": 1.0}, ""analytic_vs_full"": {""relative_error"": 1.0, ""cosine_similarity"": 0.0, ""analytic_norm"": 0.0, ""finite_difference_norm"": 2.5689530830217448e-12, ""sign_agreement"": 1.0}, ""frozen_vs_full"": {""relative_error"": 1.3457190614973478, ""cosine_similarity"": -0.07047190278800615, ""analytic_norm"": 2.1394610305308976e-12, ""finite_difference_norm"": 2.5689530830217448e-12, ""sign_agreement"": 1.0}, ""pixels_or_scalars"": 618}, ""support_switch_pixels"": {""analytic_vs_frozen"": {""relative_error"": 0.00496321271012749, ""cosine_similarity"": 0.9999885344582161, ""analytic_norm"": 17.7197915118508, ""finite_difference_norm"": 17.743146375753575, ""sign_agreement"": 1.0}, ""analytic_vs_full"": {""relative_error"": 1.0004400897950607, ""cosine_similarity"": -0.12526215885990277, ""analytic_norm"": 17.7197915118508, ""finite_difference_norm"": 5112.216126307305, ""sign_agreement"": 0.2}, ""frozen_vs_full"": {""relative_error"": 1.0004378786874224, ""cosine_similarity"": -0.1244553623755342, ""analytic_norm"": 17.743146375753575, ""finite_difference_norm"": 5112.216126307305, ""sign_agreement"": 0.2}, ""pixels_or_scalars"": 30}}",,,,"{""relative_error"": 0.8621039476557479, ""cosine_similarity"": 0.6442379627492975, ""analytic_norm"": 306.64613679306524, ""finite_difference_norm"": 294.267970015738, ""sign_agreement"": 0.7313357546408393}",,,gradient,,,,,,,,,,,,,,,,,,
,,,,,,smooth_visible_surface,,,,,,,,,0.0001,,,,,,7.62939453125e-06,,,,,,,,5,,,,"{""all_pixels"": {""analytic_vs_frozen"": {""relative_error"": 0.020624649892032085, ""cosine_similarity"": 0.9997909961148049, ""analytic_norm"": 306.64613679306524, ""finite_difference_norm"": 305.8773103536729, ""sign_agreement"": 0.7563405038921904}, ""analytic_vs_full"": {""relative_error"": 0.998765660556038, ""cosine_similarity"": 0.05153284062593257, ""analytic_norm"": 306.64613679306524, ""finite_difference_norm"": 8111.452236343942, ""sign_agreement"": 0.7560314907305511}, ""frozen_vs_full"": {""relative_error"": 0.9987646417692532, ""cosine_similarity"": 0.051594450595204476, ""analytic_norm"": 305.8773103536729, ""finite_difference_norm"": 8111.452236343942, ""sign_agreement"": 0.6339638773111039}, ""pixels_or_scalars"": 786432}, ""common_support"": {""analytic_vs_frozen"": {""relative_error"": 0.020624649892032082, ""cosine_similarity"": 0.9997909961148049, ""analytic_norm"": 306.64613679306524, ""finite_difference_norm"": 305.8773103536729, ""sign_agreement"": 0.7563405038921904}, ""analytic_vs_full"": {""relative_error"": 0.9987656600664354, ""cosine_similarity"": 0.05153285083991112, ""analytic_norm"": 306.64613679306524, ""finite_difference_norm"": 8111.450628627745, ""sign_agreement"": 0.7564156856102312}, ""frozen_vs_full"": {""relative_error"": 0.998764641279246, ""cosine_similarity"": 0.051594460821394295, ""analytic_norm"": 305.8773103536729, ""finite_difference_norm"": 8111.450628627745, ""sign_agreement"": 0.6341672011973487}, ""pixels_or_scalars"": 198486}, ""silhouette_0_2px"": {""analytic_vs_frozen"": {""relative_error"": 0.020332268434101738, ""cosine_similarity"": 0.9998088021448588, ""analytic_norm"": 241.13859781888965, ""finite_difference_norm"": 239.84813434217023, ""sign_agreement"": 0.807831238260367}, ""analytic_vs_full"": {""relative_error"": 0.9990341671728489, ""cosine_similarity"": 0.047332449210718136, ""analytic_norm"": 241.13859781888965, ""finite_difference_norm"": 8109.260233841383, ""sign_agreement"": 0.8003204194581998}, ""frozen_vs_full"": {""relative_error"": 0.9990331350568853, ""cosine_similarity"": 0.04746241312476657, ""analytic_norm"": 239.84813434217023, ""finite_difference_norm"": 8109.260233841383, ""sign_agreement"": 0.680532445923461}, ""pixels_or_scalars"": 160380}, ""interior_gt8px"": {""analytic_vs_frozen"": {""relative_error"": 1.0, ""cosine_similarity"": 0.0, ""analytic_norm"": 0.0, ""finite_difference_norm"": 7.1345867736088716e-12, ""sign_agreement"": 0.0}, ""analytic_vs_full"": {""relative_error"": 1.0, ""cosine_similarity"": 0.0, ""analytic_norm"": 0.0, ""finite_difference_norm"": 6.522560269672795e-12, ""sign_agreement"": 0.0}, ""frozen_vs_full"": {""relative_error"": 1.5050841858576505, ""cosine_similarity"": -0.031453367755405234, ""analytic_norm"": 7.1345867736088716e-12, ""finite_difference_norm"": 6.522560269672795e-12, ""sign_agreement"": 0.3611111111111111}, ""pixels_or_scalars"": 618}, ""support_switch_pixels"": {""analytic_vs_frozen"": {""relative_error"": 0.00010944076894794981, ""cosine_similarity"": 0.9999999998710463, ""analytic_norm"": 11.808130111117373, ""finite_difference_norm"": 11.806851949377169, ""sign_agreement"": 1.0}, ""analytic_vs_full"": {""relative_error"": 0.9994540411400906, ""cosine_similarity"": 0.374567663298538, ""analytic_norm"": 11.808130111117373, ""finite_difference_norm"": 8087.658857333715, ""sign_agreement"": 0.5}, ""frozen_vs_full"": {""relative_error"": 0.9994541161505986, ""cosine_similarity"": 0.3745567004955019, ""analytic_norm"": 11.806851949377169, ""finite_difference_norm"": 8087.658857333715, ""sign_agreement"": 0.5}, ""pixels_or_scalars"": 6}}",,,,"{""relative_error"": 0.8621039476557479, ""cosine_similarity"": 0.6442379627492975, ""analytic_norm"": 306.64613679306524, ""finite_difference_norm"": 294.267970015738, ""sign_agreement"": 0.7313357546408393}",,,gradient,,,,,,,,,,,,,,,,,,
,,,,,,smooth_visible_surface,,,,,,,,,3e-05,,,,,,7.62939453125e-06,,,,,,,,5,,,,"{""all_pixels"": {""analytic_vs_frozen"": {""relative_error"": 0.02048990871151152, ""cosine_similarity"": 0.999793719935367, ""analytic_norm"": 306.64613679306524, ""finite_difference_norm"": 305.8817247396305, ""sign_agreement"": 0.3257616729763836}, ""analytic_vs_full"": {""relative_error"": 0.9997732673236885, ""cosine_similarity"": 0.025616477157231293, ""analytic_norm"": 306.64613679306524, ""finite_difference_norm"": 26955.429868108262, ""sign_agreement"": 0.33446830801466737}, ""frozen_vs_full"": {""relative_error"": 0.9997732861630586, ""cosine_similarity"": 0.025650440251509584, ""analytic_norm"": 305.8817247396305, ""finite_difference_norm"": 26955.429868108262, ""sign_agreement"": 0.3191704602933738}, ""pixels_or_scalars"": 786432}, ""common_support"": {""analytic_vs_frozen"": {""relative_error"": 0.02048990871151152, ""cosine_similarity"": 0.9997937199353667, ""analytic_norm"": 306.64613679306524, ""finite_difference_norm"": 305.8817247396305, ""sign_agreement"": 0.3257616729763836}, ""analytic_vs_full"": {""relative_error"": 0.9997732673155484, ""cosine_similarity"": 0.025616477617011982, ""analytic_norm"": 306.64613679306524, ""finite_difference_norm"": 26955.429384295214, ""sign_agreement"": 0.3345684557227337}, ""frozen_vs_full"": {""relative_error"": 0.9997732861549193, ""cosine_similarity"": 0.025650440711899855, ""analytic_norm"": 305.8817247396305, ""finite_difference_norm"": 26955.429384295214, ""sign_agreement"": 0.31922917720645727}, ""pixels_or_scalars"": 198486}, ""silhouette_0_2px"": {""analytic_vs_frozen"": {""relative_error"": 0.020128804485203093, ""cosine_similarity"": 0.9998126256275508, ""analytic_norm"": 241.13859781888965, ""finite_difference_norm"": 239.85984676466336, ""sign_agreement"": 0.42049044681811343}, ""analytic_vs_full"": {""relative_error"": 0.9997975988134993, ""cosine_similarity"": 0.027095387707234624, ""analytic_norm"": 241.13859781888965, ""finite_difference_norm"": 26954.77035562054, ""sign_agreement"": 0.42828219903441833}, ""frozen_vs_full"": {""relative_error"": 0.9997976173438262, ""cosine_similarity"": 0.027190190750543918, ""analytic_norm"": 239.85984676466336, ""finite_difference_norm"": 26954.77035562054, ""sign_agreement"": 0.36336275059939804}, ""pixels_or_scalars"": 160380}, ""interior_gt8px"": {""analytic_vs_frozen"": {""relative_error"": 1.0, ""cosine_similarity"": 0.0, ""analytic_norm"": 0.0, ""finite_difference_norm"": 2.1389608642983397e-11, ""sign_agreement"": 0.0}, ""analytic_vs_full"": {""relative_error"": 1.0, ""cosine_similarity"": 0.0, ""analytic_norm"": 0.0, ""finite_difference_norm"": 2.1932954695269013e-11, ""sign_agreement"": 0.0}, ""frozen_vs_full"": {""relative_error"": 1.4104339202587157, ""cosine_similarity"": -0.019614012678616965, ""analytic_norm"": 2.1389608642983397e-11, ""finite_difference_norm"": 2.1932954695269013e-11, ""sign_agreement"": 0.23717948717948717}, ""pixels_or_scalars"": 618}, ""support_switch_pixels"": {""analytic_vs_frozen"": {""relative_error"": 7.560638825327483e-05, ""cosine_similarity"": 0.9999999999446865, ""analytic_norm"": 11.808130111117373, ""finite_difference_norm"": 11.807246088919639, ""sign_agreement"": 1.0}, ""analytic_vs_full"": {""relative_error"": 0.9998361805573437, ""cosine_similarity"": 0.37412931927387644, ""analytic_norm"": 11.808130111117373, ""finite_difference_norm"": 26953.71671380983, ""sign_agreement"": 0.5}, ""frozen_vs_full"": {""relative_error"": 0.9998361959528096, ""cosine_similarity"": 0.37412215878171867, ""analytic_norm"": 11.807246088919639, ""finite_difference_norm"": 26953.71671380983, ""sign_agreement"": 0.5}, ""pixels_or_scalars"": 6}}",,,,"{""relative_error"": 0.8621039476557479, ""cosine_similarity"": 0.6442379627492975, ""analytic_norm"": 306.64613679306524, ""finite_difference_norm"": 294.267970015738, ""sign_agreement"": 0.7313357546408393}",,,gradient,,,,,,,,,,,,,,,,,,
,,,,,,occlusion_boundary,,,,,,,,,0.01,,,,,,0.001110076904296875,,,,,,,,8,,,,"{""all_pixels"": {""analytic_vs_frozen"": {""relative_error"": 0.8408542149432648, ""cosine_similarity"": 0.5533919665408794, ""analytic_norm"": 299.62291026286755, ""finite_difference_norm"": 448.1185205899037, ""sign_agreement"": 0.9447823303457106}, ""analytic_vs_full"": {""relative_error"": 0.9662933258314919, ""cosine_similarity"": 0.2593471156410912, ""analytic_norm"": 299.62291026286755, ""finite_difference_norm"": 1030.65417029124, ""sign_agreement"": 0.8373075762149109}, ""frozen_vs_full"": {""relative_error"": 0.944685448320978, ""cosine_similarity"": 0.3410977936982722, ""analytic_norm"": 448.1185205899037, ""finite_difference_norm"": 1030.65417029124, ""sign_agreement"": 0.8695783132530122}, ""pixels_or_scalars"": 786432}, ""common_support"": {""analytic_vs_frozen"": {""relative_error"": 0.8408542149432651, ""cosine_similarity"": 0.5533919665408794, ""analytic_norm"": 299.62291026286755, ""finite_difference_norm"": 448.1185205899037, ""sign_agreement"": 0.9447823303457106}, ""analytic_vs_full"": {""relative_error"": 0.9459661097683304, ""cosine_similarity"": 0.32666309510471064, ""analytic_norm"": 299.62291026286755, ""finite_difference_norm"": 818.2656391069032, ""sign_agreement"": 0.8879641485275288}, ""frozen_vs_full"": {""relative_error"": 0.9106822891218948, ""cosine_similarity"": 0.42963292939438236, ""analytic_norm"": 448.1185205899037, ""finite_difference_norm"": 818.2656391069032, ""sign_agreement"": 0.9220696263174705}, ""pixels_or_scalars"": 198486}, ""silhouette_0_2px"": {""analytic_vs_frozen"": {""relative_error"": 0.856033657396235, ""cosine_similarity"": 0.5327215766161344, ""analytic_norm"": 278.35110021584234, ""finite_difference_norm"": 420.7827704695406, ""sign_agreement"": 0.9282199710564399}, ""analytic_vs_full"": {""relative_error"": 0.9700632151422401, ""cosine_similarity"": 0.24525484435675396, ""analytic_norm"": 278.35110021584234, ""finite_difference_norm"": 995.8972829633963, ""sign_agreement"": 0.7692307692307693}, ""frozen_vs_full"": {""relative_error"": 0.9496001759541957, ""cosine_similarity"": 0.3275370882152334, ""analytic_norm"": 420.7827704695406, ""finite_difference_norm"": 995.8972829633963, ""sign_agreement"": 0.8072603813006007}, ""pixels_or_scalars"": 160380}, ""interior_gt8px"": {""analytic_vs_frozen"": {""relative_error"": 1.0, ""cosine_similarity"": 0.0, ""analytic_norm"": 0.0, ""finite_difference_norm"": 6.584275438357411e-14, ""sign_agreement"": 1.0}, ""analytic_vs_full"": {""relative_error"": 1.0, ""cosine_similarity"": 0.0, ""analytic_norm"": 0.0, ""finite_difference_norm"": 8.542451966082828e-14, ""sign_agreement"": 1.0}, ""frozen_vs_full"": {""relative_error"": 1.247219128924647, ""cosine_similarity"": 0.02499613203174596, ""analytic_norm"": 6.584275438357411e-14, ""finite_difference_norm"": 8.542451966082828e-14, ""sign_agreement"": 1.0}, ""pixels_or_scalars"": 618}, ""support_switch_pixels"": {""analytic_vs_frozen"": {""relative_error"": 0.8316336803474421, ""cosine_similarity"": 0.5559171383292938, ""analytic_norm"": 200.62876477658088, ""finite_difference_norm"": 344.97352452405124, ""sign_agreement"": 0.8336673346693386}, ""analytic_vs_full"": {""relative_error"": 0.9617589396734773, ""cosine_similarity"": 0.28811838333765843, ""analytic_norm"": 200.62876477658088, ""finite_difference_norm"": 1009.6163772955599, ""sign_agreement"": 0.33791523482245134}, ""frozen_vs_full"": {""relative_error"": 0.9388213636305368, ""cosine_similarity"": 0.34441528240263386, ""analytic_norm"": 344.97352452405124, ""finite_difference_norm"": 1009.6163772955599, ""sign_agreement"": 0.3825887743413517}, ""pixels_or_scalars"": 873}}",,,,"{""relative_error"": 0.9756656794958972, ""cosine_similarity"": 0.5314242375979856, ""analytic_norm"": 299.62291026286755, ""finite_difference_norm"": 295.04787182619236, ""sign_agreement"": 0.709616226470159}",,,gradient,,,,,,,,,,,,,,,,,,
,,,,,,occlusion_boundary,,,,,,,,,0.003,,,,,,0.000335693359375,,,,,,,,8,,,,"{""all_pixels"": {""analytic_vs_frozen"": {""relative_error"": 0.27228871376751673, ""cosine_similarity"": 0.962619555673819, ""analytic_norm"": 299.62291026286755, ""finite_difference_norm"": 320.5431851872195, ""sign_agreement"": 0.9873602333495382}, ""analytic_vs_full"": {""relative_error"": 0.9880080021006808, ""cosine_similarity"": 0.1544860421298259, ""analytic_norm"": 299.62291026286755, ""finite_difference_norm"": 1877.8020801603502, ""sign_agreement"": 0.9269851413963891}, ""frozen_vs_full"": {""relative_error"": 0.9889780448100761, ""cosine_similarity"": 0.14956347463670974, ""analytic_norm"": 320.5431851872195, ""finite_difference_norm"": 1877.8020801603502, ""sign_agreement"": 0.9322924964154851}, ""pixels_or_scalars"": 786432}, ""common_support"": {""analytic_vs_frozen"": {""relative_error"": 0.27228871376751673, ""cosine_similarity"": 0.962619555673819, ""analytic_norm"": 299.62291026286755, ""finite_difference_norm"": 320.5431851872195, ""sign_agreement"": 0.9873602333495382}, ""analytic_vs_full"": {""relative_error"": 0.9810807836921189, ""cosine_similarity"": 0.19370332467303053, ""analytic_norm"": 299.62291026286755, ""finite_difference_norm"": 1497.6212295622859, ""sign_agreement"": 0.9418831168831169}, ""frozen_vs_full"": {""relative_error"": 0.9826161628868826, ""cosine_similarity"": 0.187531131533778, ""analytic_norm"": 320.5431851872195, ""finite_difference_norm"": 1497.6212295622859, ""sign_agreement"": 0.9472321139527355}, ""pixels_or_scalars"": 198486}, ""silhouette_0_2px"": {""analytic_vs_frozen"": {""relative_error"": 0.2831066314645129, ""cosine_similarity"": 0.9596202214997204, ""analytic_norm"": 278.35110021584234, ""finite_difference_norm"": 300.05156462662086, ""sign_agreement"": 0.9879020359988196}, ""analytic_vs_full"": {""relative_error"": 0.9880093192993734, ""cosine_similarity"": 0.15439616586625343, ""analytic_norm"": 278.35110021584234, ""finite_difference_norm"": 1811.858859798536, ""sign_agreement"": 0.8926213034740167}, ""frozen_vs_full"": {""relative_error"": 0.988589318253603, ""cosine_similarity"": 0.15131232452470833, ""analytic_norm"": 300.05156462662086, ""finite_difference_norm"": 1811.858859798536, ""sign_agreement"": 0.901893287435456}, ""pixels_or_scalars"": 160380}, ""interior_gt8px"": {""analytic_vs_frozen"": {""relative_error"": 1.0, ""cosine_similarity"": 0.0, ""analytic_norm"": 0.0, ""finite_difference_norm"": 2.1409608281427339e-13, ""sign_agreement"": 1.0}, ""analytic_vs_full"": {""relative_error"": 1.0, ""cosine_similarity"": 0.0, ""analytic_norm"": 0.0, ""finite_difference_norm"": 2.7782547098262883e-13, ""sign_agreement"": 1.0}, ""frozen_vs_full"": {""relative_error"": 1.2529975149165402, ""cosine_similarity"": 0.015469833917061637, ""analytic_norm"": 2.1409608281427339e-13, ""finite_difference_norm"": 2.7782547098262883e-13, ""sign_agreement"": 1.0}, ""pixels_or_scalars"": 618}, ""support_switch_pixels"": {""analytic_vs_frozen"": {""relative_error"": 0.3360721807474069, ""cosine_similarity"": 0.9679941017994166, ""analytic_norm"": 95.56505198195649, ""finite_difference_norm"": 128.3642706188673, ""sign_agreement"": 0.9939024390243902}, ""analytic_vs_full"": {""relative_error"": 0.9981047247857295, ""cosine_similarity"": 0.06234612142407846, ""analytic_norm"": 95.56505198195649, ""finite_difference_norm"": 1825.7780388594701, ""sign_agreement"": 0.3560606060606061}, ""frozen_vs_full"": {""relative_error"": 1.0001597204017214, ""cosine_similarity"": 0.03288135600254231, ""analytic_norm"": 128.3642706188673, ""finite_difference_norm"": 1825.7780388594701, ""sign_agreement"": 0.3522727272727273}, ""pixels_or_scalars"": 264}}",,,,"{""relative_error"": 0.9756656794958972, ""cosine_similarity"": 0.5314242375979856, ""analytic_norm"": 299.62291026286755, ""finite_difference_norm"": 295.04787182619236, ""sign_agreement"": 0.709616226470159}",,,gradient,,,,,,,,,,,,,,,,,,
,,,,,,occlusion_boundary,,,,,,,,,0.001,,,,,,0.000133514404296875,,,,,,,,8,,,,"{""all_pixels"": {""analytic_vs_frozen"": {""relative_error"": 0.20144490010056845, ""cosine_similarity"": 0.9796170821596046, ""analytic_norm"": 299.62291026286755, ""finite_difference_norm"": 310.6632497652281, ""sign_agreement"": 0.9942931681069623}, ""analytic_vs_full"": {""relative_error"": 0.9928828979489581, ""cosine_similarity"": 0.12419364577635514, ""analytic_norm"": 299.62291026286755, ""finite_difference_norm"": 3367.580204153701, ""sign_agreement"": 0.9597087378640777}, ""frozen_vs_full"": {""relative_error"": 0.9914400382667423, ""cosine_similarity"": 0.1385181776153309, ""analytic_norm"": 310.6632497652281, ""finite_difference_norm"": 3367.580204153701, ""sign_agreement"": 0.9629449838187703}, ""pixels_or_scalars"": 786432}, ""common_support"": {""analytic_vs_frozen"": {""relative_error"": 0.20144490010056848, ""cosine_similarity"": 0.9796170821596047, ""analytic_norm"": 299.62291026286755, ""finite_difference_norm"": 310.6632497652281, ""sign_agreement"": 0.9942931681069623}, ""analytic_vs_full"": {""relative_error"": 0.9876640737473038, ""cosine_similarity"": 0.16329175841131843, ""analytic_norm"": 299.62291026286755, ""finite_difference_norm"": 2561.256410410123, ""sign_agreement"": 0.9667481662591687}, ""frozen_vs_full"": {""relative_error"": 0.9851551993047357, ""cosine_similarity"": 0.18212587812640774, ""analytic_norm"": 310.6632497652281, ""finite_difference_norm"": 2561.256410410123, ""sign_agreement"": 0.9700081499592502}, ""pixels_or_scalars"": 198486}, ""silhouette_0_2px"": {""analytic_vs_frozen"": {""relative_error"": 0.21289251315871155, ""cosine_similarity"": 0.9772952147653308, ""analytic_norm"": 278.35110021584234, ""finite_difference_norm"": 290.98598444260284, ""sign_agreement"": 0.9934698723656872}, ""analytic_vs_full"": {""relative_error"": 0.9936883017576377, ""cosine_similarity"": 0.11602878588144591, ""analytic_norm"": 278.35110021584234, ""finite_difference_norm"": 3222.4460272112924, ""sign_agreement"": 0.9412973290284707}, ""frozen_vs_full"": {""relative_error"": 0.9921328244511186, ""cosine_similarity"": 0.13193007579754884, ""analytic_norm"": 290.98598444260284, ""finite_difference_norm"": 3222.4460272112924, ""sign_agreement"": 0.9445259759319048}, ""pixels_or_scalars"": 160380}, ""interior_gt8px"": {""analytic_vs_frozen"": {""relative_error"": 1.0, ""cosine_similarity"": 0.0, ""analytic_norm"": 0.0, ""finite_difference_norm"": 6.853716608060526e-13, ""sign_agreement"": 1.0}, ""analytic_vs_full"": {""relative_error"": 1.0, ""cosine_similarity"": 0.0, ""analytic_norm"": 0.0, ""finite_difference_norm"": 7.117018865886496e-13, ""sign_agreement"": 1.0}, ""frozen_vs_full"": {""relative_error"": 1.3748141941517276, ""cosine_similarity"": 0.019346940927944384, ""analytic_norm"": 6.853716608060526e-13, ""finite_difference_norm"": 7.117018865886496e-13, ""sign_agreement"": 1.0}, ""pixels_or_scalars"": 618}, ""support_switch_pixels"": {""analytic_vs_frozen"": {""relative_error"": 0.35573149602151327, ""cosine_similarity"": 0.9346329209214169, ""analytic_norm"": 76.01601619543426, ""finite_difference_norm"": 82.13597258302583, ""sign_agreement"": 0.984375}, ""analytic_vs_full"": {""relative_error"": 0.9973384485110268, ""cosine_similarity"": 0.12548929194356148, ""analytic_norm"": 76.01601619543426, ""finite_difference_norm"": 3254.8954211880327, ""sign_agreement"": 0.40952380952380957}, ""frozen_vs_full"": {""relative_error"": 0.9964321617828411, ""cosine_similarity"": 0.15375185069630337, ""analytic_norm"": 82.13597258302583, ""finite_difference_norm"": 3254.8954211880327, ""sign_agreement"": 0.4}, ""pixels_or_scalars"": 105}}",,,,"{""relative_error"": 0.9756656794958972, ""cosine_similarity"": 0.5314242375979856, ""analytic_norm"": 299.62291026286755, ""finite_difference_norm"": 295.04787182619236, ""sign_agreement"": 0.709616226470159}",,,gradient,,,,,,,,,,,,,,,,,,
,,,,,,occlusion_boundary,,,,,,,,,0.0003,,,,,,3.814697265625e-05,,,,,,,,8,,,,"{""all_pixels"": {""analytic_vs_frozen"": {""relative_error"": 0.1517980207946575, ""cosine_similarity"": 0.9884495875262098, ""analytic_norm"": 299.62291026286755, ""finite_difference_norm"": 305.80747383222956, ""sign_agreement"": 0.9960848287112561}, ""analytic_vs_full"": {""relative_error"": 0.9899329429618046, ""cosine_similarity"": 0.19648953732226712, ""analytic_norm"": 299.62291026286755, ""finite_difference_norm"": 4977.286077133678, ""sign_agreement"": 0.9737870400521004}, ""frozen_vs_full"": {""relative_error"": 0.9900502615930209, ""cosine_similarity"": 0.1918554280853183, ""analytic_norm"": 305.80747383222956, ""finite_difference_norm"": 4977.286077133678, ""sign_agreement"": 0.9745790155440415}, ""pixels_or_scalars"": 786432}, ""common_support"": {""analytic_vs_frozen"": {""relative_error"": 0.15179802079465748, ""cosine_similarity"": 0.9884495875262098, ""analytic_norm"": 299.62291026286755, ""finite_difference_norm"": 305.80747383222956, ""sign_agreement"": 0.9960848287112561}, ""analytic_vs_full"": {""relative_error"": 0.9867944946413116, ""cosine_similarity"": 0.22486555305110636, ""analytic_norm"": 299.62291026286755, ""finite_difference_norm"": 4349.197220946895, ""sign_agreement"": 0.9756933115823817}, ""frozen_vs_full"": {""relative_error"": 0.9869486309187007, ""cosine_similarity"": 0.21956220941934526, ""analytic_norm"": 305.80747383222956, ""finite_difference_norm"": 4349.197220946895, ""sign_agreement"": 0.976476314081765}, ""pixels_or_scalars"": 198486}, ""silhouette_0_2px"": {""analytic_vs_frozen"": {""relative_error"": 0.16083974219798394, ""cosine_similarity"": 0.987066463961489, ""analytic_norm"": 278.35110021584234, ""finite_difference_norm"": 285.76898496173874, ""sign_agreement"": 0.9952508162659544}, ""analytic_vs_full"": {""relative_error"": 0.9886283236476958, ""cosine_similarity"": 0.21995123464413885, ""analytic_norm"": 278.35110021584234, ""finite_difference_norm"": 4683.051885706524, ""sign_agreement"": 0.965925925925926}, ""frozen_vs_full"": {""relative_error"": 0.9887647398952808, ""cosine_similarity"": 0.21359499135892357, ""analytic_norm"": 285.76898496173874, ""finite_difference_norm"": 4683.051885706524, ""sign_agreement"": 0.9681885125184093}, ""pixels_or_scalars"": 160380}, ""interior_gt8px"": {""analytic_vs_frozen"": {""relative_error"": 1.0, ""cosine_similarity"": 0.0, ""analytic_norm"": 0.0, ""finite_difference_norm"": 2.5214497295481243e-12, ""sign_agreement"": 1.0}, ""analytic_vs_full"": {""relative_error"": 1.0, ""cosine_similarity"": 0.0, ""analytic_norm"": 0.0, ""finite_difference_norm"": 2.0615250206132596e-12, ""sign_agreement"": 1.0}, ""frozen_vs_full"": {""relative_error"": 1.5336113413194248, ""cosine_similarity"": 0.058870142828684094, ""analytic_norm"": 2.5214497295481243e-12, ""finite_difference_norm"": 2.0615250206132596e-12, ""sign_agreement"": 1.0}, ""pixels_or_scalars"": 618}, ""support_switch_pixels"": {""analytic_vs_frozen"": {""relative_error"": 0.3372864866396127, ""cosine_similarity"": 0.9630156577808682, ""analytic_norm"": 54.55588143208563, ""finite_difference_norm"": 46.79300544858459, ""sign_agreement"": 1.0}, ""analytic_vs_full"": {""relative_error"": 0.992936427448815, ""cosine_similarity"": 0.5890744492006228, ""analytic_norm"": 54.55588143208563, ""finite_difference_norm"": 4519.0879440473955, ""sign_agreement"": 0.7}, ""frozen_vs_full"": {""relative_error"": 0.9939306833874567, ""cosine_similarity"": 0.5895496772336986, ""analytic_norm"": 46.79300544858459, ""finite_difference_norm"": 4519.0879440473955, ""sign_agreement"": 0.7}, ""pixels_or_scalars"": 30}}",,,,"{""relative_error"": 0.9756656794958972, ""cosine_similarity"": 0.5314242375979856, ""analytic_norm"": 299.62291026286755, ""finite_difference_norm"": 295.04787182619236, ""sign_agreement"": 0.709616226470159}",,,gradient,,,,,,,,,,,,,,,,,,
,,,,,,occlusion_boundary,,,,,,,,,0.0001,,,,,,2.288818359375e-05,,,,,,,,8,,,,"{""all_pixels"": {""analytic_vs_frozen"": {""relative_error"": 0.12896796433170157, ""cosine_similarity"": 0.9916778569586479, ""analytic_norm"": 299.62291026286755, ""finite_difference_norm"": 304.4696742379509, ""sign_agreement"": 0.6810219792480197}, ""analytic_vs_full"": {""relative_error"": 0.9983644704700675, ""cosine_similarity"": 0.08203279017697522, ""analytic_norm"": 299.62291026286755, ""finite_difference_norm"": 12913.348969004905, ""sign_agreement"": 0.6511096605744126}, ""frozen_vs_full"": {""relative_error"": 0.9982515565624819, ""cosine_similarity"": 0.08588014542106072, ""analytic_norm"": 304.4696742379509, ""finite_difference_norm"": 12913.348969004905, ""sign_agreement"": 0.5689313166377387}, ""pixels_or_scalars"": 786432}, ""common_support"": {""analytic_vs_frozen"": {""relative_error"": 0.12896796433170157, ""cosine_similarity"": 0.9916778569586479, ""analytic_norm"": 299.62291026286755, ""finite_difference_norm"": 304.4696742379509, ""sign_agreement"": 0.6810219792480197}, ""analytic_vs_full"": {""relative_error"": 0.9983644700435591, ""cosine_similarity"": 0.08203280086434968, ""analytic_norm"": 299.62291026286755, ""finite_difference_norm"": 12913.34728663158, ""sign_agreement"": 0.6515349444807316}, ""frozen_vs_full"": {""relative_error"": 0.9982515561065022, ""cosine_similarity"": 0.0858801566096753, ""analytic_norm"": 304.4696742379509, ""finite_difference_norm"": 12913.34728663158, ""sign_agreement"": 0.5691429988837902}, ""pixels_or_scalars"": 198486}, ""silhouette_0_2px"": {""analytic_vs_frozen"": {""relative_error"": 0.1364409445631633, ""cosine_similarity"": 0.9907175083970177, ""analytic_norm"": 278.35110021584234, ""finite_difference_norm"": 284.32201781561156, ""sign_agreement"": 0.717558886509636}, ""analytic_vs_full"": {""relative_error"": 0.9983651570509124, ""cosine_similarity"": 0.08644968837554413, ""analytic_norm"": 278.35110021584234, ""finite_difference_norm"": 12891.471829326274, ""sign_agreement"": 0.679749478079332}, ""frozen_vs_full"": {""relative_error"": 0.9982515694823562, ""cosine_similarity"": 0.09023397493921476, ""analytic_norm"": 284.32201781561156, ""finite_difference_norm"": 12891.471829326274, ""sign_agreement"": 0.5889182058047493}, ""pixels_or_scalars"": 160380}, ""interior_gt8px"": {""analytic_vs_frozen"": {""relative_error"": 1.0, ""cosine_similarity"": 0.0, ""analytic_norm"": 0.0, ""finite_difference_norm"": 5.7622072369219716e-12, ""sign_agreement"": 1.0}, ""analytic_vs_full"": {""relative_error"": 1.0, ""cosine_similarity"": 0.0, ""analytic_norm"": 0.0, ""finite_difference_norm"": 7.442428716526407e-12, ""sign_agreement"": 0.0}, ""frozen_vs_full"": {""relative_error"": 1.2750957857608545, ""cosine_similarity"": -0.0170655592516979, ""analytic_norm"": 5.7622072369219716e-12, ""finite_difference_norm"": 7.442428716526407e-12, ""sign_agreement"": 0.42857142857142855}, ""pixels_or_scalars"": 618}, ""support_switch_pixels"": {""analytic_vs_frozen"": {""relative_error"": 0.3699823163684069, ""cosine_similarity"": 0.9305528658254615, ""analytic_norm"": 44.850145186179816, ""finite_difference_norm"": 45.597273510827215, ""sign_agreement"": 1.0}, ""analytic_vs_full"": {""relative_error"": 0.9972577341225013, ""cosine_similarity"": 0.6964192640992866, ""analytic_norm"": 44.850145186179816, ""finite_difference_norm"": 11373.382020004003, ""sign_agreement"": 0.8333333333333333}, ""frozen_vs_full"": {""relative_error"": 0.997208286769503, ""cosine_similarity"": 0.6973729122704323, ""analytic_norm"": 45.597273510827215, ""finite_difference_norm"": 11373.382020004003, ""sign_agreement"": 0.8333333333333333}, ""pixels_or_scalars"": 18}}",,,,"{""relative_error"": 0.9756656794958972, ""cosine_similarity"": 0.5314242375979856, ""analytic_norm"": 299.62291026286755, ""finite_difference_norm"": 295.04787182619236, ""sign_agreement"": 0.709616226470159}",,,gradient,,,,,,,,,,,,,,,,,,
,,,,,,occlusion_boundary,,,,,,,,,3e-05,,,,,,7.62939453125e-06,,,,,,,,8,,,,"{""all_pixels"": {""analytic_vs_frozen"": {""relative_error"": 0.11650917863090181, ""cosine_similarity"": 0.9932201482186043, ""analytic_norm"": 299.62291026286755, ""finite_difference_norm"": 304.05227113167, ""sign_agreement"": 0.24868630086765245}, ""analytic_vs_full"": {""relative_error"": 0.9975513291285653, ""cosine_similarity"": 0.17015940826106837, ""analytic_norm"": 299.62291026286755, ""finite_difference_norm"": 19925.35575942615, ""sign_agreement"": 0.2418645558487247}, ""frozen_vs_full"": {""relative_error"": 0.9975745836280141, ""cosine_similarity"": 0.1663810297064757, ""analytic_norm"": 304.05227113167, ""finite_difference_norm"": 19925.35575942615, ""sign_agreement"": 0.2618469453994663}, ""pixels_or_scalars"": 786432}, ""common_support"": {""analytic_vs_frozen"": {""relative_error"": 0.11650917863090181, ""cosine_similarity"": 0.9932201482186039, ""analytic_norm"": 299.62291026286755, ""finite_difference_norm"": 304.05227113167, ""sign_agreement"": 0.24868630086765245}, ""analytic_vs_full"": {""relative_error"": 0.9975513288572269, ""cosine_similarity"": 0.17015941767722617, ""analytic_norm"": 299.62291026286755, ""finite_difference_norm"": 19925.35465681134, ""sign_agreement"": 0.24192258477287268}, ""frozen_vs_full"": {""relative_error"": 0.9975745833592558, ""cosine_similarity"": 0.16638103891354836, ""analytic_norm"": 304.05227113167, ""finite_difference_norm"": 19925.35465681134, ""sign_agreement"": 0.261884723591507}, ""pixels_or_scalars"": 198486}, ""silhouette_0_2px"": {""analytic_vs_frozen"": {""relative_error"": 0.123045729663702, ""cosine_similarity"": 0.9924720236401169, ""analytic_norm"": 278.35110021584234, ""finite_difference_norm"": 283.85824120252795, ""sign_agreement"": 0.30968218773096823}, ""analytic_vs_full"": {""relative_error"": 0.9975658172606672, ""cosine_similarity"": 0.1810177132158409, ""analytic_norm"": 278.35110021584234, ""finite_difference_norm"": 19925.06188036972, ""sign_agreement"": 0.29573934837092736}, ""frozen_vs_full"": {""relative_error"": 0.9975891339096609, ""cosine_similarity"": 0.1761467783567284, ""analytic_norm"": 283.85824120252795, ""finite_difference_norm"": 19925.06188036972, ""sign_agreement"": 0.2728596225992497}, ""pixels_or_scalars"": 160380}, ""interior_gt8px"": {""analytic_vs_frozen"": {""relative_error"": 1.0, ""cosine_similarity"": 0.0, ""analytic_norm"": 0.0, ""finite_difference_norm"": 2.273774821656602e-11, ""sign_agreement"": 0.0}, ""analytic_vs_full"": {""relative_error"": 1.0, ""cosine_similarity"": 0.0, ""analytic_norm"": 0.0, ""finite_difference_norm"": 2.13846058108151e-11, ""sign_agreement"": 0.0}, ""frozen_vs_full"": {""relative_error"": 1.47431606566844, ""cosine_similarity"": -0.020244502359725997, ""analytic_norm"": 2.273774821656602e-11, ""finite_difference_norm"": 2.13846058108151e-11, ""sign_agreement"": 0.2383419689119171}, ""pixels_or_scalars"": 618}, ""support_switch_pixels"": {""analytic_vs_frozen"": {""relative_error"": 0.0905448796085248, ""cosine_similarity"": 0.9998594718739842, ""analytic_norm"": 32.2594174403362, ""finite_difference_norm"": 29.627355732224355, ""sign_agreement"": 1.0}, ""analytic_vs_full"": {""relative_error"": 0.9978409479740323, ""cosine_similarity"": 0.9999282456392228, ""analytic_norm"": 32.2594174403362, ""finite_difference_norm"": 14940.39851278436, ""sign_agreement"": 1.0}, ""frozen_vs_full"": {""relative_error"": 0.9980171371389365, ""cosine_similarity"": 0.999912606200454, ""analytic_norm"": 29.627355732224355, ""finite_difference_norm"": 14940.39851278436, ""sign_agreement"": 1.0}, ""pixels_or_scalars"": 6}}",,,,"{""relative_error"": 0.9756656794958972, ""cosine_similarity"": 0.5314242375979856, ""analytic_norm"": 299.62291026286755, ""finite_difference_norm"": 295.04787182619236, ""sign_agreement"": 0.709616226470159}",,,gradient,,,,,,,,,,,,,,,,,,
,,,,,,high_curvature,,,,,,,,,0.01,,,,,,0.001148223876953125,,,,,,,,31,,,,"{""all_pixels"": {""analytic_vs_frozen"": {""relative_error"": 0.6155749686603563, ""cosine_similarity"": 0.7906538373986989, ""analytic_norm"": 241.70553884066163, ""finite_difference_norm"": 332.52084238109927, ""sign_agreement"": 0.9704033824705748}, ""analytic_vs_full"": {""relative_error"": 0.9595428821461037, ""cosine_similarity"": 0.2862610430766039, ""analytic_norm"": 241.70553884066163, ""finite_difference_norm"": 1030.24810672674, ""sign_agreement"": 0.8868151058720803}, ""frozen_vs_full"": {""relative_error"": 0.9363632541101568, ""cosine_similarity"": 0.35227102278496497, ""analytic_norm"": 332.52084238109927, ""finite_difference_norm"": 1030.24810672674, ""sign_agreement"": 0.9049433797909407}, ""pixels_or_scalars"": 786432}, ""common_support"": {""analytic_vs_frozen"": {""relative_error"": 0.6155749686603563, ""cosine_similarity"": 0.7906538373986989, ""analytic_norm"": 241.70553884066163, ""finite_difference_norm"": 332.52084238109927, ""sign_agreement"": 0.9704033824705748}, ""analytic_vs_full"": {""relative_error"": 0.9286213711056778, ""cosine_similarity"": 0.3772202350073473, ""analytic_norm"": 241.70553884066163, ""finite_difference_norm"": 781.8241713717946, ""sign_agreement"": 0.9271938833732739}, ""frozen_vs_full"": {""relative_error"": 0.8865812807124916, ""cosine_similarity"": 0.46420482708037636, ""analytic_norm"": 332.52084238109927, ""finite_difference_norm"": 781.8241713717946, ""sign_agreement"": 0.9460443938531589}, ""pixels_or_scalars"": 198486}, ""silhouette_0_2px"": {""analytic_vs_frozen"": {""relative_error"": 0.6304433577593019, ""cosine_similarity"": 0.7816662793538759, ""analytic_norm"": 173.04061087203578, ""finite_difference_norm"": 250.89891217040102, ""sign_agreement"": 0.96875}, ""analytic_vs_full"": {""relative_error"": 0.9775156881234, ""cosine_similarity"": 0.21362284686133962, ""analytic_norm"": 173.04061087203578, ""finite_difference_norm"": 964.5863023614472, ""sign_agreement"": 0.8370961463604515}, ""frozen_vs_full"": {""relative_error"": 0.9636157607737441, ""cosine_similarity"": 0.2673904734869445, ""analytic_norm"": 250.89891217040102, ""finite_difference_norm"": 964.5863023614472, ""sign_agreement"": 0.8530952843004076}, ""pixels_or_scalars"": 160380}, ""interior_gt8px"": {""analytic_vs_frozen"": {""relative_error"": 0.004378290751790155, ""cosine_similarity"": 0.9999999148486238, ""analytic_norm"": 0.2678280548445486, ""finite_difference_norm"": 0.2690005972364017, ""sign_agreement"": 1.0}, ""analytic_vs_full"": {""relative_error"": 0.004378290751820087, ""cosine_similarity"": 0.9999999148486238, ""analytic_norm"": 0.2678280548445486, ""finite_difference_norm"": 0.26900059723640996, ""sign_agreement"": 1.0}, ""frozen_vs_full"": {""relative_error"": 4.2816737052479994e-13, ""cosine_similarity"": 1.0000000000000002, ""analytic_norm"": 0.2690005972364017, ""finite_difference_norm"": 0.26900059723640996, ""sign_agreement"": 1.0}, ""pixels_or_scalars"": 618}, ""support_switch_pixels"": {""analytic_vs_frozen"": {""relative_error"": 0.7065757535451405, ""cosine_similarity"": 0.7390027050778311, ""analytic_norm"": 126.65913767967301, ""finite_difference_norm"": 240.80128988378164, ""sign_agreement"": 0.9620758483033931}, ""analytic_vs_full"": {""relative_error"": 0.9709955149593679, ""cosine_similarity"": 0.2892774399657305, ""analytic_norm"": 126.65913767967301, ""finite_difference_norm"": 1001.677076491702, ""sign_agreement"": 0.38870431893687707}, ""frozen_vs_full"": {""relative_error"": 0.94961420964082, ""cosine_similarity"": 0.3245119144473879, ""analytic_norm"": 240.80128988378164, ""finite_difference_norm"": 1001.677076491702, ""sign_agreement"": 0.39867109634551495}, ""pixels_or_scalars"": 903}}",,,,"{""relative_error"": 0.804304086469878, ""cosine_similarity"": 0.6749314223530981, ""analytic_norm"": 241.70553884066163, ""finite_difference_norm"": 242.92258277677442, ""sign_agreement"": 0.7110062893081761}",,,gradient,,,,,,,,,,,,,,,,,,
,,,,,,high_curvature,,,,,,,,,0.003,,,,,,0.0003814697265625,,,,,,,,31,,,,"{""all_pixels"": {""analytic_vs_frozen"": {""relative_error"": 0.10537286247562277, ""cosine_similarity"": 0.9945031300194169, ""analytic_norm"": 241.70553884066163, ""finite_difference_norm"": 245.9670331521328, ""sign_agreement"": 0.9920350917695948}, ""analytic_vs_full"": {""relative_error"": 0.9876299577585352, ""cosine_similarity"": 0.15997572683474193, ""analytic_norm"": 241.70553884066163, ""finite_difference_norm"": 1884.3296880075272, ""sign_agreement"": 0.9402136849283929}, ""frozen_vs_full"": {""relative_error"": 0.9870472048447181, ""cosine_similarity"": 0.1638539130006322, ""analytic_norm"": 245.9670331521328, ""finite_difference_norm"": 1884.3296880075272, ""sign_agreement"": 0.9435182034705681}, ""pixels_or_scalars"": 786432}, ""common_support"": {""analytic_vs_frozen"": {""relative_error"": 0.10537286247562277, ""cosine_similarity"": 0.9945031300194169, ""analytic_norm"": 241.70553884066163, ""finite_difference_norm"": 245.9670331521328, ""sign_agreement"": 0.9920350917695948}, ""analytic_vs_full"": {""relative_error"": 0.9774625083038718, ""cosine_similarity"": 0.2153811307820997, ""analytic_norm"": 241.70553884066163, ""finite_difference_norm"": 1399.598053648718, ""sign_agreement"": 0.954865520027704}, ""frozen_vs_full"": {""relative_error"": 0.9763949421329378, ""cosine_similarity"": 0.22060247365904637, ""analytic_norm"": 245.9670331521328, ""finite_difference_norm"": 1399.598053648718, ""sign_agreement"": 0.9581893572909468}, ""pixels_or_scalars"": 198486}, ""silhouette_0_2px"": {""analytic_vs_frozen"": {""relative_error"": 0.1085509211935926, ""cosine_similarity"": 0.9941801463839078, ""analytic_norm"": 173.04061087203578, ""finite_difference_norm"": 176.4175045052318, ""sign_agreement"": 0.9910179640718563}, ""analytic_vs_full"": {""relative_error"": 0.9902617613915701, ""cosine_similarity"": 0.14992096508250582, ""analytic_norm"": 173.04061087203578, ""finite_difference_norm"": 1835.1691232751793, ""sign_agreement"": 0.9197171381031615}, ""frozen_vs_full"": {""relative_error"": 0.9898025822716916, ""cosine_similarity"": 0.1536027053167451, ""analytic_norm"": 176.4175045052318, ""finite_difference_norm"": 1835.1691232751793, ""sign_agreement"": 0.9256335687577898}, ""pixels_or_scalars"": 160380}, ""interior_gt8px"": {""analytic_vs_frozen"": {""relative_error"": 0.003984670464928341, ""cosine_similarity"": 0.9999999182810029, ""analytic_norm"": 0.2678280548445486, ""finite_difference_norm"": 0.26889400197063434, ""sign_agreement"": 1.0}, ""analytic_vs_full"": {""relative_error"": 0.00398467046486522, ""cosine_similarity"": 0.9999999182810028, ""analytic_norm"": 0.2678280548445486, ""finite_difference_norm"": 0.26889400197061264, ""sign_agreement"": 1.0}, ""frozen_vs_full"": {""relative_error"": 1.2497257350072346e-12, ""cosine_similarity"": 1.0, ""analytic_norm"": 0.26889400197063434, ""finite_difference_norm"": 0.26889400197061264, ""sign_agreement"": 1.0}, ""pixels_or_scalars"": 618}, ""support_switch_pixels"": {""analytic_vs_frozen"": {""relative_error"": 0.13199940156131879, ""cosine_similarity"": 0.9929950870021306, ""analytic_norm"": 46.14140424663031, ""finite_difference_norm"": 49.39415208946543, ""sign_agreement"": 0.9757575757575757}, ""analytic_vs_full"": {""relative_error"": 0.9953588613949169, ""cosine_similarity"": 0.19722085936469086, ""analytic_norm"": 46.14140424663031, ""finite_difference_norm"": 1840.3773808290186, ""sign_agreement"": 0.36333333333333334}, ""frozen_vs_full"": {""relative_error"": 0.9949267912406211, ""cosine_similarity"": 0.20196284944943982, ""analytic_norm"": 49.39415208946543, ""finite_difference_norm"": 1840.3773808290186, ""sign_agreement"": 0.37000000000000005}, ""pixels_or_scalars"": 300}}",,,,"{""relative_error"": 0.804304086469878, ""cosine_similarity"": 0.6749314223530981, ""analytic_norm"": 241.70553884066163, ""finite_difference_norm"": 242.92258277677442, ""sign_agreement"": 0.7110062893081761}",,,gradient,,,,,,,,,,,,,,,,,,
,,,,,,high_curvature,,,,,,,,,0.001,,,,,,0.000141143798828125,,,,,,,,31,,,,"{""all_pixels"": {""analytic_vs_frozen"": {""relative_error"": 0.05586791440292596, ""cosine_similarity"": 0.9985287675820061, ""analytic_norm"": 241.70553884066163, ""finite_difference_norm"": 245.3669074827366, ""sign_agreement"": 0.9962941517081645}, ""analytic_vs_full"": {""relative_error"": 0.9946837467192582, ""cosine_similarity"": 0.10887826565758718, ""analytic_norm"": 241.70553884066163, ""finite_difference_norm"": 3287.6324384919626, ""sign_agreement"": 0.9575764543573235}, ""frozen_vs_full"": {""relative_error"": 0.9946348360784708, ""cosine_similarity"": 0.10901079876341986, ""analytic_norm"": 245.3669074827366, ""finite_difference_norm"": 3287.6324384919626, ""sign_agreement"": 0.960137851809305}, ""pixels_or_scalars"": 786432}, ""common_support"": {""analytic_vs_frozen"": {""relative_error"": 0.055867914402925954, ""cosine_similarity"": 0.9985287675820061, ""analytic_norm"": 241.70553884066163, ""finite_difference_norm"": 245.3669074827366, ""sign_agreement"": 0.9962941517081645}, ""analytic_vs_full"": {""relative_error"": 0.9905269002455498, ""cosine_similarity"": 0.14518823268260203, ""analytic_norm"": 241.70553884066163, ""finite_difference_norm"": 2465.432021651178, ""sign_agreement"": 0.9635585377140213}, ""frozen_vs_full"": {""relative_error"": 0.9904395606817813, ""cosine_similarity"": 0.14536496444161348, ""analytic_norm"": 245.3669074827366, ""finite_difference_norm"": 2465.432021651178, ""sign_agreement"": 0.966131083111779}, ""pixels_or_scalars"": 198486}, ""silhouette_0_2px"": {""analytic_vs_frozen"": {""relative_error"": 0.0629299547049852, ""cosine_similarity"": 0.9981212354781938, ""analytic_norm"": 173.04061087203578, ""finite_difference_norm"": 175.89677535335323, ""sign_agreement"": 0.994639794168096}, ""analytic_vs_full"": {""relative_error"": 0.9961274488379704, ""cosine_similarity"": 0.09923706279363356, ""analytic_norm"": 173.04061087203578, ""finite_difference_norm"": 3251.6324152677807, ""sign_agreement"": 0.9451038575667656}, ""frozen_vs_full"": {""relative_error"": 0.9960879696109558, ""cosine_similarity"": 0.09922389867513129, ""analytic_norm"": 175.89677535335323, ""finite_difference_norm"": 3251.6324152677807, ""sign_agreement"": 0.9483488569009314}, ""pixels_or_scalars"": 160380}, ""interior_gt8px"": {""analytic_vs_frozen"": {""relative_error"": 0.0038804374625724235, ""cosine_similarity"": 0.9999999189223756, ""analytic_norm"": 0.2678280548445486, ""finite_difference_norm"": 0.26886576054258154, ""sign_agreement"": 1.0}, ""analytic_vs_full"": {""relative_error"": 0.003880437462273512, ""cosine_similarity"": 0.9999999189223755, ""analytic_norm"": 0.2678280548445486, ""finite_difference_norm"": 0.26886576054249917, ""sign_agreement"": 1.0}, ""frozen_vs_full"": {""relative_error"": 3.872579729226743e-12, ""cosine_similarity"": 0.9999999999999998, ""analytic_norm"": 0.26886576054258154, ""finite_difference_norm"": 0.26886576054249917, ""sign_agreement"": 1.0}, ""pixels_or_scalars"": 618}, ""support_switch_pixels"": {""analytic_vs_frozen"": {""relative_error"": 0.11304179664901146, ""cosine_similarity"": 0.9940380456873287, ""analytic_norm"": 22.618981395315487, ""finite_difference_norm"": 23.458714974753914, ""sign_agreement"": 1.0}, ""analytic_vs_full"": {""relative_error"": 0.9971139708348143, ""cosine_similarity"": 0.40631803387501086, ""analytic_norm"": 22.618981395315487, ""finite_difference_norm"": 3160.99980599492, ""sign_agreement"": 0.43243243243243246}, ""frozen_vs_full"": {""relative_error"": 0.9970372247407062, ""cosine_similarity"": 0.4023453704048942, ""analytic_norm"": 23.458714974753914, ""finite_difference_norm"": 3160.99980599492, ""sign_agreement"": 0.43243243243243246}, ""pixels_or_scalars"": 111}}",,,,"{""relative_error"": 0.804304086469878, ""cosine_similarity"": 0.6749314223530981, ""analytic_norm"": 241.70553884066163, ""finite_difference_norm"": 242.92258277677442, ""sign_agreement"": 0.7110062893081761}",,,gradient,,,,,,,,,,,,,,,,,,
,,,,,,high_curvature,,,,,,,,,0.0003,,,,,,1.9073486328125e-05,,,,,,,,31,,,,"{""all_pixels"": {""analytic_vs_frozen"": {""relative_error"": 0.04422594539708632, ""cosine_similarity"": 0.9990576138732312, ""analytic_norm"": 241.70553884066163, ""finite_difference_norm"": 244.00667261715725, ""sign_agreement"": 0.9969879518072289}, ""analytic_vs_full"": {""relative_error"": 0.9978551657785, ""cosine_similarity"": 0.06561368299631777, ""analytic_norm"": 241.70553884066163, ""finite_difference_norm"": 3953.842931270388, ""sign_agreement"": 0.9801225008667515}, ""frozen_vs_full"": {""relative_error"": 0.9978703429286638, ""cosine_similarity"": 0.06532875801315734, ""analytic_norm"": 244.00667261715725, ""finite_difference_norm"": 3953.842931270388, ""sign_agreement"": 0.980904175773611}, ""pixels_or_scalars"": 786432}, ""common_support"": {""analytic_vs_frozen"": {""relative_error"": 0.04422594539708632, ""cosine_similarity"": 0.9990576138732313, ""analytic_norm"": 241.70553884066163, ""finite_difference_norm"": 244.00667261715725, ""sign_agreement"": 0.9969879518072289}, ""analytic_vs_full"": {""relative_error"": 0.9966355181736223, ""cosine_similarity"": 0.08215311591483464, ""analytic_norm"": 241.70553884066163, ""finite_difference_norm"": 3157.8375795087973, ""sign_agreement"": 0.9821656050955414}, ""frozen_vs_full"": {""relative_error"": 0.9966593402021815, ""cosine_similarity"": 0.0817963690580864, ""analytic_norm"": 244.00667261715725, ""finite_difference_norm"": 3157.8375795087973, ""sign_agreement"": 0.9829394812680116}, ""pixels_or_scalars"": 198486}, ""silhouette_0_2px"": {""analytic_vs_frozen"": {""relative_error"": 0.05132742854430414, ""cosine_similarity"": 0.9987291848478553, ""analytic_norm"": 173.04061087203578, ""finite_difference_norm"": 174.96370530502168, ""sign_agreement"": 0.9959236215404419}, ""analytic_vs_full"": {""relative_error"": 0.9987856642168169, ""cosine_similarity"": 0.049586453454610116, ""analytic_norm"": 173.04061087203578, ""finite_difference_norm"": 3936.020627202167, ""sign_agreement"": 0.9749786142001711}, ""frozen_vs_full"": {""relative_error"": 0.9988013643244457, ""cosine_similarity"": 0.0491745659161939, ""analytic_norm"": 174.96370530502168, ""finite_difference_norm"": 3936.020627202167, ""sign_agreement"": 0.9770065999574197}, ""pixels_or_scalars"": 160380}, ""interior_gt8px"": {""analytic_vs_frozen"": {""relative_error"": 0.0038445785005969436, ""cosine_similarity"": 0.99999991912059, ""analytic_norm"": 0.2678280548445486, ""finite_difference_norm"": 0.268856043197905, ""sign_agreement"": 1.0}, ""analytic_vs_full"": {""relative_error"": 0.003844578500955376, ""cosine_similarity"": 0.9999999191205897, ""analytic_norm"": 0.2678280548445486, ""finite_difference_norm"": 0.2688560431979865, ""sign_agreement"": 1.0}, ""frozen_vs_full"": {""relative_error"": 1.2759131350797726e-11, ""cosine_similarity"": 1.0000000000000002, ""analytic_norm"": 0.268856043197905, ""finite_difference_norm"": 0.2688560431979865, ""sign_agreement"": 1.0}, ""pixels_or_scalars"": 618}, ""support_switch_pixels"": {""analytic_vs_frozen"": {""relative_error"": 0.03814077430585199, ""cosine_similarity"": 0.9995372623698785, ""analytic_norm"": 2.208606795799178, ""finite_difference_norm"": 2.261694839076712, ""sign_agreement"": 1.0}, ""analytic_vs_full"": {""relative_error"": 0.999792004529007, ""cosine_similarity"": 0.3424087852743999, ""analytic_norm"": 2.208606795799178, ""finite_difference_norm"": 3633.029218715647, ""sign_agreement"": 0.2}, ""frozen_vs_full"": {""relative_error"": 0.999778591699625, ""cosine_similarity"": 0.35592678392268956, ""analytic_norm"": 2.261694839076712, ""finite_difference_norm"": 3633.029218715647, ""sign_agreement"": 0.2}, ""pixels_or_scalars"": 15}}",,,,"{""relative_error"": 0.804304086469878, ""cosine_similarity"": 0.6749314223530981, ""analytic_norm"": 241.70553884066163, ""finite_difference_norm"": 242.92258277677442, ""sign_agreement"": 0.7110062893081761}",,,gradient,,,,,,,,,,,,,,,,,,
,,,,,,high_curvature,,,,,,,,,0.0001,,,,,,7.62939453125e-06,,,,,,,,31,,,,"{""all_pixels"": {""analytic_vs_frozen"": {""relative_error"": 0.042243083261001076, ""cosine_similarity"": 0.9991196358224363, ""analytic_norm"": 241.70553884066163, ""finite_difference_norm"": 243.12358464449326, ""sign_agreement"": 0.7550680122860904}, ""analytic_vs_full"": {""relative_error"": 0.9993941231911021, ""cosine_similarity"": 0.035629118865535665, ""analytic_norm"": 241.70553884066163, ""finite_difference_norm"": 8629.19021195137, ""sign_agreement"": 0.7403478260869566}, ""frozen_vs_full"": {""relative_error"": 0.9993923481948555, ""cosine_similarity"": 0.03564812178272208, ""analytic_norm"": 243.12358464449326, ""finite_difference_norm"": 8629.19021195137, ""sign_agreement"": 0.6380030789531559}, ""pixels_or_scalars"": 786432}, ""common_support"": {""analytic_vs_frozen"": {""relative_error"": 0.042243083261001076, ""cosine_similarity"": 0.9991196358224361, ""analytic_norm"": 241.70553884066163, ""finite_difference_norm"": 243.12358464449326, ""sign_agreement"": 0.7550680122860904}, ""analytic_vs_full"": {""relative_error"": 0.9990256325386839, ""cosine_similarity"": 0.045178757143005906, ""analytic_norm"": 241.70553884066163, ""finite_difference_norm"": 6805.199240026647, ""sign_agreement"": 0.7411211699164345}, ""frozen_vs_full"": {""relative_error"": 0.9990227774721809, ""cosine_similarity"": 0.04520285339371067, ""analytic_norm"": 243.12358464449326, ""finite_difference_norm"": 6805.199240026647, ""sign_agreement"": 0.6384242957746479}, ""pixels_or_scalars"": 198486}, ""silhouette_0_2px"": {""analytic_vs_frozen"": {""relative_error"": 0.04904084714059849, ""cosine_similarity"": 0.9988201525441174, ""analytic_norm"": 173.04061087203578, ""finite_difference_norm"": 174.4385122996516, ""sign_agreement"": 0.7861134631668079}, ""analytic_vs_full"": {""relative_error"": 0.9996254630343372, ""cosine_similarity"": 0.028665847868641698, ""analytic_norm"": 173.04061087203578, ""finite_difference_norm"": 8594.566633325476, ""sign_agreement"": 0.7650602409638554}, ""frozen_vs_full"": {""relative_error"": 0.9996227443678961, ""cosine_similarity"": 0.02873202355952563, ""analytic_norm"": 174.4385122996516, ""finite_difference_norm"": 8594.566633325476, ""sign_agreement"": 0.6634957020057307}, ""pixels_or_scalars"": 160380}, ""interior_gt8px"": {""analytic_vs_frozen"": {""relative_error"": 0.0038343923672609693, ""cosine_similarity"": 0.9999999191747393, ""analytic_norm"": 0.2678280548445486, ""finite_difference_norm"": 0.26885328272099385, ""sign_agreement"": 0.42857142857142855}, ""analytic_vs_full"": {""relative_error"": 0.0038343923642724037, ""cosine_similarity"": 0.9999999191747391, ""analytic_norm"": 0.2678280548445486, ""finite_difference_norm"": 0.2688532827201703, ""sign_agreement"": 0.2727272727272727}, ""frozen_vs_full"": {""relative_error"": 3.4111160524884675e-11, ""cosine_similarity"": 1.0000000000000002, ""analytic_norm"": 0.26885328272099385, ""finite_difference_norm"": 0.2688532827201703, ""sign_agreement"": 0.4615384615384615}, ""pixels_or_scalars"": 618}, ""support_switch_pixels"": {""analytic_vs_frozen"": {""relative_error"": 0.03926414903365949, ""cosine_similarity"": 0.9995802422367447, ""analytic_norm"": 1.999347495697877, ""finite_difference_norm"": 2.054661751368328, ""sign_agreement"": 1.0}, ""analytic_vs_full"": {""relative_error"": 0.9998275682506931, ""cosine_similarity"": 0.7382351140131985, ""analytic_norm"": 1.999347495697877, ""finite_difference_norm"": 8559.225683774166, ""sign_agreement"": 0.5}, ""frozen_vs_full"": {""relative_error"": 0.9998210370398907, ""cosine_similarity"": 0.7455698780550889, ""analytic_norm"": 2.054661751368328, ""finite_difference_norm"": 8559.225683774166, ""sign_agreement"": 0.5}, ""pixels_or_scalars"": 6}}",,,,"{""relative_error"": 0.804304086469878, ""cosine_similarity"": 0.6749314223530981, ""analytic_norm"": 241.70553884066163, ""finite_difference_norm"": 242.92258277677442, ""sign_agreement"": 0.7110062893081761}",,,gradient,,,,,,,,,,,,,,,,,,
,,,,,,high_curvature,,,,,,,,,3e-05,,,,,,3.814697265625e-06,,,,,,,,31,,,,"{""all_pixels"": {""analytic_vs_frozen"": {""relative_error"": 0.04119136308569078, ""cosine_similarity"": 0.9991602615782585, ""analytic_norm"": 241.70553884066163, ""finite_difference_norm"": 242.9390068069868, ""sign_agreement"": 0.3171361156171656}, ""analytic_vs_full"": {""relative_error"": 0.9998334036160524, ""cosine_similarity"": 0.020953885702130175, ""analytic_norm"": 241.70553884066163, ""finite_difference_norm"": 22667.478052282484, ""sign_agreement"": 0.31066223472257737}, ""frozen_vs_full"": {""relative_error"": 0.9998333036170772, ""cosine_similarity"": 0.020911103563969618, ""analytic_norm"": 242.9390068069868, ""finite_difference_norm"": 22667.478052282484, ""sign_agreement"": 0.30931438623746316}, ""pixels_or_scalars"": 786432}, ""common_support"": {""analytic_vs_frozen"": {""relative_error"": 0.04119136308569079, ""cosine_similarity"": 0.9991602615782585, ""analytic_norm"": 241.70553884066163, ""finite_difference_norm"": 242.93900680698678, ""sign_agreement"": 0.3171361156171656}, ""analytic_vs_full"": {""relative_error"": 0.999833403615987, ""cosine_similarity"": 0.02095388570624126, ""analytic_norm"": 241.70553884066163, ""finite_difference_norm"": 22667.478047835204, ""sign_agreement"": 0.3107643963753288}, ""frozen_vs_full"": {""relative_error"": 0.9998333036170118, ""cosine_similarity"": 0.020911103568072305, ""analytic_norm"": 242.93900680698678, ""finite_difference_norm"": 22667.478047835204, ""sign_agreement"": 0.3093779991773685}, ""pixels_or_scalars"": 198486}, ""silhouette_0_2px"": {""analytic_vs_frozen"": {""relative_error"": 0.04741416003507589, ""cosine_similarity"": 0.9988925440600849, ""analytic_norm"": 173.04061087203578, ""finite_difference_norm"": 174.2558834545844, ""sign_agreement"": 0.3761244833454899}, ""analytic_vs_full"": {""relative_error"": 0.9998816962870396, ""cosine_similarity"": 0.019241724264189408, ""analytic_norm"": 173.04061087203578, ""finite_difference_norm"": 22528.418607828615, ""sign_agreement"": 0.36360019099156454}, ""frozen_vs_full"": {""relative_error"": 0.9998808201406664, ""cosine_similarity"": 0.019274544885129707, ""analytic_norm"": 174.2558834545844, ""finite_difference_norm"": 22528.418607828615, ""sign_agreement"": 0.3258216937535698}, ""pixels_or_scalars"": 160380}, ""interior_gt8px"": {""analytic_vs_frozen"": {""relative_error"": 0.003830833414489471, ""cosine_similarity"": 0.9999999191934298, ""analytic_norm"": 0.2678280548445486, ""finite_difference_norm"": 0.2688523182155083, ""sign_agreement"": 0.02830188679245283}, ""analytic_vs_full"": {""relative_error"": 0.0038308334097785306, ""cosine_similarity"": 0.9999999191934298, ""analytic_norm"": 0.2678280548445486, ""finite_difference_norm"": 0.2688523182142227, ""sign_agreement"": 0.0297029702970297}, ""frozen_vs_full"": {""relative_error"": 1.27685842692486e-10, ""cosine_similarity"": 1.0, ""analytic_norm"": 0.2688523182155083, ""finite_difference_norm"": 0.2688523182142227, ""sign_agreement"": 0.22}, ""pixels_or_scalars"": 618}, ""support_switch_pixels"": {""analytic_vs_frozen"": {""relative_error"": 0.03837041082675192, ""cosine_similarity"": 0.9995944839530959, ""analytic_norm"": 1.999347495697877, ""finite_difference_norm"": 2.052978728087865, ""sign_agreement"": 1.0}, ""analytic_vs_full"": {""relative_error"": 0.9999159733057292, ""cosine_similarity"": 0.9407975689218145, ""analytic_norm"": 1.999347495697877, ""finite_difference_norm"": 22385.398115768352, ""sign_agreement"": 1.0}, ""frozen_vs_full"": {""relative_error"": 0.9999128762335063, ""cosine_similarity"": 0.949990057301632, ""analytic_norm"": 2.052978728087865, ""finite_difference_norm"": 22385.398115768352, ""sign_agreement"": 1.0}, ""pixels_or_scalars"": 3}}",,,,"{""relative_error"": 0.804304086469878, ""cosine_similarity"": 0.6749314223530981, ""analytic_norm"": 241.70553884066163, ""finite_difference_norm"": 242.92258277677442, ""sign_agreement"": 0.7110062893081761}",,,gradient,,,,,,,,,,,,,,,,,,
17,16,0.6131543517112732,0.3986157178878784,1.802253007888794,1.1806855201721191,stable_interior,,,,,,,35.0,,,,,,,,,,,1.2789769243681803e-13,,,,False,,"[184, 101]",,,,"[256, 256]","[1.0, 0.5065194964408875, 1.0]","[1.0, 0.5065191388130188, 1.0]",,,,pixel_cases,,,,0.0050687865487746165,True,True,,,,,,,,"[1.0, 0.5031272172927856, 1.0]",10,,,
9,15,0.058440010994672775,0.07239872962236404,0.4969024360179901,0.623931348323822,stable_interior,,,,,,,56.080299377441406,,,,,,,,,,,1.893241119432787e-11,,,,False,,"[163, 111]",,,,"[256, 256]","[1.0, 0.6086521744728088, 1.0]","[1.0, 0.6086565256118774, 1.0]",,,,pixel_cases,,,,0.005096930680193798,True,True,,,,,,,,"[1.0, 0.60613614320755, 1.0]",10,,,
16,16,0.2107902467250824,0.367954283952713,0.979489803314209,1.077127456665039,stable_interior,,,,,,,56.00892639160156,,,,,,,,,,,8.208189683500677e-11,,,,False,,"[161, 104]",,,,"[256, 256]","[1.0, 0.6171227693557739, 1.0]","[1.0, 0.6171318292617798, 1.0]",,,,pixel_cases,,,,0.003987913192422099,True,True,,,,,,,,"[1.0, 0.6159660816192627, 1.0]",10,,,
12,12,0.06491371989250183,0.13331587612628937,0.5789405703544617,0.5689529180526733,stable_interior,,,,,,,53.0,,,,,,,,,,,1.0146905538022111e-10,,,,False,,"[166, 108]",,,,"[256, 256]","[1.0, 0.5898736715316772, 1.0]","[1.0, 0.5898635983467102, 1.0]",,,,pixel_cases,,,,0.00648675450663665,True,True,,,,,,,,"[1.0, 0.5851192474365234, 1.0]",10,,,
12,12,0.2821281850337982,0.27767348289489746,1.120789885520935,0.880206823348999,stable_interior,,,,,,,46.0,,,,,,,,,,,1.766728985330701e-10,,,,False,,"[173, 104]",,,,"[256, 256]","[1.0, 0.5601910948753357, 1.0]","[1.0, 0.5602043867111206, 1.0]",,,,pixel_cases,,,,0.004214435666662258,True,True,,,,,,,,"[1.0, 0.5581517815589905, 1.0]",10,,,
62,67,0.9276048541069031,1.1712396144866943,4.1809892654418945,4.76833438873291,high_count,,,,,,,3.605551242828369,,,,,,,,,,,7.698216286655679e-09,,,,False,,"[112, 73]",,,,"[256, 256]","[0.5260376334190369, 0.4145087003707886, 0.3871830999851227]","[0.5259584188461304, 0.4144710302352905, 0.38718515634536743]",,,,pixel_cases,,,,0.08012961627531937,True,True,,,,,,,,"[0.5248745679855347, 0.4139922261238098, 0.3860713243484497]",10,,,
137,125,2.4200549125671387,2.523224353790283,10.6532621383667,10.077980041503906,high_count,,,,,,,3.0,,,,,,,,,,,1.382751513290259e-08,,,,False,,"[217, 162]",,,,"[256, 256]","[0.2518807351589203, 0.1409263163805008, 0.340453177690506]","[0.2519655227661133, 0.1409977823495865, 0.340492308139801]",,,,pixel_cases,,,,0.03051158403588,True,True,,,,,,,,"[0.2530524432659149, 0.14116548001766205, 0.3425876796245575]",10,,,
85,80,1.805705189704895,1.3519355058670044,7.379702091217041,6.238450050354004,high_count,,,,,,,2.0,,,,,,,,,,,2.84079266776871e-08,,,,False,,"[218, 164]",,,,"[256, 256]","[0.23430325090885162, 0.13733455538749695, 0.31855225563049316]","[0.23429490625858307, 0.1372913122177124, 0.3187149465084076]",,,,pixel_cases,,,,0.022507986202808458,True,True,,,,,,,,"[0.23429377377033234, 0.1375037431716919, 0.3184260129928589]",10,,,
72,73,1.8718990087509155,1.6013966798782349,7.272144794464111,6.870738983154297,high_count,,,,,,,2.0,,,,,,,,,,,3.041353968669114e-08,,,,False,,"[187, 173]",,,,"[256, 256]","[0.23386278748512268, 0.20745261013507843, 0.3460994064807892]","[0.23386754095554352, 0.2074151635169983, 0.3459291458129883]",,,,pixel_cases,,,,0.04287132489895898,True,True,,,,,,,,"[0.23674732446670532, 0.21003171801567078, 0.3501456379890442]",10,,,
75,67,0.8639404773712158,0.7799787521362305,3.967972993850708,3.650407075881958,high_count,,,,,,,2.0,,,,,,,,,,,3.6616037313308425e-08,,,,False,,"[104, 147]",,,,"[256, 256]","[0.2623060941696167, 0.35790011286735535, 0.30048638582229614]","[0.2622731328010559, 0.35808128118515015, 0.30053842067718506]",,,,pixel_cases,,,,0.035960728791569044,True,True,,,,,,,,"[0.26404497027397156, 0.36057984828948975, 0.30185481905937195]",10,,,
1,2,2.6583428383922247e-13,5.316685676784449e-13,5.155911821930204e-07,1.0311823643860407e-06,low_count_foreground,,,,,,,1.0,,,,,,,,,,,0.0,,,,False,,"[36, 136]",,,,"[256, 256]","[0.0, 0.0, 0.0]","[0.0, 0.0, 0.0]",,,,pixel_cases,,,,0.0,False,False,,,,,,,,"[0.38893139362335205, 0.5575119256973267, 0.45516857504844666]",10,,,
2,4,1.5283009702216077e-07,3.14545559376711e-07,0.00040795563836582005,0.0008798612398095429,low_count_foreground,,,,,,,1.0,,,,,,,,,,,0.0,,,,False,,"[37, 136]",,,,"[256, 256]","[0.0, 0.0, 0.0]","[0.0, 0.0, 0.0]",,,,pixel_cases,,,,0.39423022250749634,False,False,,,,,,,,"[0.34525081515312195, 0.4927179217338562, 0.4032871425151825]",10,,,
1,5,3.2352156509318775e-09,1.3571533230560817e-08,5.687895463779569e-05,0.00022422899201046675,low_count_foreground,,,,,,,1.0,,,,,,,,,,,0.0,,,,False,,"[38, 135]",,,,"[256, 256]","[0.0, 0.0, 0.0]","[0.0, 0.0, 0.0]",,,,pixel_cases,,,,0.1729840670315464,False,False,,,,,,,,"[0.39825886487960815, 0.5592869520187378, 0.4650108218193054]",10,,,
4,2,1.3556014089033397e-08,1.9805541928707981e-10,0.0001764646003721282,1.4077245396038052e-05,low_count_foreground,,,,,,,1.0,,,,,,,,,,,0.0,,,,False,,"[42, 206]",,,,"[256, 256]","[0.0, 0.0, 0.0]","[0.0, 0.0, 0.0]",,,,pixel_cases,,,,0.0,False,False,,,,,,,,"[0.28586894273757935, 0.6008774042129517, 0.5928508043289185]",10,,,
1,2,1.8417125602354645e-09,4.26296420386052e-09,4.2915176891256124e-05,8.33338635857217e-05,low_count_foreground,,,,,,,1.0,,,,,,,,,,,0.0,,,,False,,"[42, 214]",,,,"[256, 256]","[0.0, 0.0, 0.0]","[0.0, 0.0, 0.0]",,,,pixel_cases,,,,0.1804179449331949,False,False,,,,,,,,"[0.27302879095077515, 0.622917890548706, 0.6046318411827087]",10,,,
15,9,0.03548054024577141,0.0006170061533339322,0.4189092814922333,0.04100918769836426,support_switch,,,,,,,44.72135925292969,,,,,,,,,,,2.119463366754747,,,,False,,"[170, 132]",,,,"[256, 256]","[0.8931681513786316, 0.5671983957290649, 1.0]","[0.0, 0.0, 0.0]",,,,pixel_cases,,,,0.008931998082368706,True,False,,,,,,,,"[0.8925895094871521, 0.5646478533744812, 1.0]",10,,,
9,7,0.12054259330034256,0.0002859777305275202,0.5229107737541199,0.01844019442796707,support_switch,,,,,,,21.540658950805664,,,,,,,,,,,1.9414011230698636,,,,False,,"[193, 70]",,,,"[256, 256]","[1.0, 0.44270649552345276, 0.8633725047111511]","[0.0, 0.0, 0.0]",,,,pixel_cases,,,,0.006264459837254476,True,False,,,,,,,,"[1.0, 0.43294450640678406, 0.8447124361991882]",10,,,
12,6,0.29012003540992737,0.0006342762499116361,1.0713211297988892,0.04166115075349808,support_switch,,,,,,,25.495098114013672,,,,,,,,,,,1.5864748577138954,,,,False,,"[151, 177]",,,,"[256, 256]","[0.5855929851531982, 0.6307169198989868, 0.9196476936340332]","[0.0, 0.0, 0.0]",,,,pixel_cases,,,,0.02924866806658018,True,False,,,,,,,,"[0.594114363193512, 0.6387901902198792, 0.9338275790214539]",10,,,
9,8,0.0008562810253351927,0.0007112753810361028,0.056494757533073425,0.04562629014253616,support_switch,,,,,,,1.0,,,,,,,,,,,0.6485425959639466,,,,False,,"[41, 134]",,,,"[256, 256]","[0.38995593786239624, 0.5392084717750549, 0.453575998544693]","[0.0, 0.0, 0.0]",,,,pixel_cases,,,,0.6170125830847653,True,False,,,,,,,,"[0.6306501626968384, 0.8595431447029114, 0.7345996499061584]",10,,,
6,8,0.00038978547672741115,0.001196786412037909,0.024351248517632484,0.06669522076845169,support_switch,,,,,,,1.0,,,,,,,,,,,0.6104514353000461,,,,False,,"[44, 205]",,,,"[256, 256]","[0.0, 0.0, 0.0]","[0.25257807970046997, 0.5260280966758728, 0.5195673108100891]",,,,pixel_cases,,,,0.6046468159384026,False,True,,,,,,,,"[0.2722955346107483, 0.561141848564148, 0.5567521452903748]",10,,,
9,8,0.0008562810253351927,0.0007112753810361028,0.056494757533073425,0.04562629014253616,silhouette,,,,,,,1.0,,,,,,,,,,,0.6485425959639466,,,,False,,"[41, 134]",,,,"[256, 256]","[0.38995593786239624, 0.5392084717750549, 0.453575998544693]","[0.0, 0.0, 0.0]",,,,pixel_cases,,,,0.6170125830847653,True,False,,,,,,,,"[0.6306501626968384, 0.8595431447029114, 0.7345996499061584]",10,,,
6,8,0.00038978547672741115,0.001196786412037909,0.024351248517632484,0.06669522076845169,silhouette,,,,,,,1.0,,,,,,,,,,,0.6104514353000461,,,,False,,"[44, 205]",,,,"[256, 256]","[0.0, 0.0, 0.0]","[0.25257807970046997, 0.5260280966758728, 0.5195673108100891]",,,,pixel_cases,,,,0.6046468159384026,False,True,,,,,,,,"[0.2722955346107483, 0.561141848564148, 0.5567521452903748]",10,,,
9,6,2.595507430669386e-05,0.0013998656067997217,0.008637829683721066,0.054372839629650116,silhouette,,,,,,,1.0,,,,,,,,,,,0.5393511883686708,,,,False,,"[42, 208]",,,,"[256, 256]","[0.0, 0.0, 0.0]","[0.23091670870780945, 0.49858927726745605, 0.48727548122406006]",,,,pixel_cases,,,,0.5998071647527539,False,True,,,,,,,,"[0.29170283675193787, 0.6149954199790955, 0.6067560911178589]",10,,,
12,16,0.0004145520506426692,0.0005645433557219803,0.04521860554814339,0.06164722517132759,silhouette,,,,,,,1.0,,,,,,,,,,,0.5004429617615458,,,,False,,"[59, 212]",,,,"[256, 256]","[0.0, 0.0, 0.0]","[0.21376292407512665, 0.4864514470100403, 0.46702608466148376]",,,,pixel_cases,,,,0.5047981471970859,False,True,,,,,,,,"[0.2524469196796417, 0.5778114795684814, 0.5541181564331055]",10,,,
13,9,0.0033105595503002405,0.0006314862403087318,0.13286496698856354,0.0435304194688797,silhouette,,,,,,,1.0,,,,,,,,,,,0.49973136863649703,,,,False,,"[73, 138]",,,,"[256, 256]","[0.3496020436286926, 0.46652862429618835, 0.3998259902000427]","[0.0, 0.0, 0.0]",,,,pixel_cases,,,,0.5407036393899367,True,False,,,,,,,,"[0.3687915503978729, 0.4906417429447174, 0.4210566282272339]",10,,,
17,13,0.5260629653930664,0.11749294400215149,2.1831088066101074,0.9970400333404541,stable_interior,,,,,,,21.587032318115234,,,,,,,,,,,1.7408297026122455e-13,,,,False,,"[355, 220]",,,,"[512, 512]","[1.0, 0.5340535640716553, 1.0]","[1.0, 0.5340539813041687, 1.0]",,,,pixel_cases,,,,0.001788543042933675,True,True,,,,,,,,"[1.0, 0.534203290939331, 1.0]",10,,,
17,15,0.1731845587491989,0.09636210650205612,0.7653631567955017,0.6585476994514465,stable_interior,,,,,,,51.4781494140625,,,,,,,,,,,4.298783551348606e-13,,,,False,,"[329, 194]",,,,"[512, 512]","[1.0, 0.5989746451377869, 1.0]","[1.0, 0.5989753007888794, 1.0]",,,,pixel_cases,,,,0.0029954496538521762,True,True,,,,,,,,"[1.0, 0.5978532433509827, 0.9978100657463074]",10,,,
9,8,0.2726488411426544,0.03286805748939514,0.7799250483512878,0.2311229109764099,stable_interior,,,,,,,26.07680892944336,,,,,,,,,,,7.993605777301127e-13,,,,False,,"[352, 215]",,,,"[512, 512]","[1.0, 0.5440913438796997, 1.0]","[1.0, 0.5440922379493713, 1.0]",,,,pixel_cases,,,,0.38014437642352533,True,True,,,,,,,,"[1.0, 0.5457301735877991, 1.0]",10,,,
11,13,0.2265164703130722,0.22209398448467255,1.1722625494003296,1.069028615951538,stable_interior,,,,,,,34.058773040771484,,,,,,,,,,,9.094947017729282e-13,,,,False,,"[324, 219]",,,,"[512, 512]","[1.0, 0.6139009594917297, 1.0]","[1.0, 0.6139019131660461, 1.0]",,,,pixel_cases,,,,0.0020324964134334493,True,True,,,,,,,,"[1.0, 0.6124901175498962, 1.0]",10,,,
19,18,0.2694638967514038,0.30155983567237854,0.9465767741203308,1.1396507024765015,stable_interior,,,,,,,36.12478256225586,,,,,,,,,,,1.566746732351021e-12,,,,False,,"[353, 205]",,,,"[512, 512]","[1.0, 0.542537271976471, 1.0]","[1.0, 0.5425360202789307, 1.0]",,,,pixel_cases,,,,0.0024482645027943508,True,True,,,,,,,,"[1.0, 0.5410617589950562, 1.0]",10,,,
71,63,1.1352510452270508,0.9129475355148315,4.219780445098877,3.713582754135132,high_count,,,,,,,2.2360680103302,,,,,,,,,,,5.29222887735159e-10,,,,False,,"[401, 88]",,,,"[512, 512]","[0.5081160068511963, 0.1798233687877655, 0.3203585743904114]","[0.5080992579460144, 0.17983105778694153, 0.32034480571746826]",,,,pixel_cases,,,,0.054078938151496836,True,True,,,,,,,,"[0.515023946762085, 0.18203194439411163, 0.3247015178203583]",10,,,
85,79,1.7723612785339355,2.0447769165039062,6.549726963043213,7.068032264709473,high_count,,,,,,,4.4721360206604,,,,,,,,,,,7.599398887947473e-10,,,,False,,"[432, 368]",,,,"[512, 512]","[0.22458195686340332, 0.1554507464170456, 0.3711283802986145]","[0.2245578020811081, 0.15544356405735016, 0.3711395561695099]",,,,pixel_cases,,,,0.07287845979706811,True,True,,,,,,,,"[0.3606652319431305, 0.24462252855300903, 0.5977732539176941]",10,,,
78,88,0.5046297311782837,0.49450671672821045,3.532439947128296,3.7235331535339355,high_count,,,,,,,2.0,,,,,,,,,,,9.267231426690614e-10,,,,False,,"[437, 331]",,,,"[512, 512]","[0.2214427888393402, 0.13350175321102142, 0.30263009667396545]","[0.22143350541591644, 0.13352811336517334, 0.30261802673339844]",,,,pixel_cases,,,,0.2061497517259229,True,True,,,,,,,,"[0.22144156694412231, 0.13394150137901306, 0.30238497257232666]",10,,,
138,129,1.764445424079895,2.035956859588623,7.619609355926514,8.396186828613281,high_count,,,,,,,5.0,,,,,,,,,,,1.1371437125262673e-09,,,,False,,"[434, 330]",,,,"[512, 512]","[0.25989916920661926, 0.14575494825839996, 0.3619217276573181]","[0.2598864436149597, 0.14572711288928986, 0.36193588376045227]",,,,pixel_cases,,,,0.035762219711841695,True,True,,,,,,,,"[0.2529091238975525, 0.1408429741859436, 0.3529215455055237]",10,,,
65,68,1.1421312093734741,0.9854265451431274,5.041121006011963,4.584508419036865,high_count,,,,,,,3.605551242828369,,,,,,,,,,,2.1789974269381673e-09,,,,False,,"[235, 132]",,,,"[512, 512]","[0.5185483694076538, 0.38863399624824524, 0.3604290187358856]","[0.5185800790786743, 0.3886575698852539, 0.36045387387275696]",,,,pixel_cases,,,,0.06596893172399068,True,True,,,,,,,,"[0.5316097140312195, 0.3982371985912323, 0.3695209324359894]",10,,,
1,1,2.1399509797980613e-21,3.9524278294678084e-10,4.6259603786458214e-11,1.9880713807651773e-05,low_count_foreground,,,,,,,2.2360680103302,,,,,,,,,,,0.0,,,,False,,"[74, 275]",,,,"[512, 512]","[0.0, 0.0, 0.0]","[0.0, 0.0, 0.0]",,,,pixel_cases,,,,0.15505929545761504,False,False,,,,,,,,"[0.44070616364479065, 0.6315925121307373, 0.5173451900482178]",10,,,
3,2,8.02390971443856e-08,5.098309685536151e-08,0.00030813258490525186,0.00029510108288377523,low_count_foreground,,,,,,,2.8284270763397217,,,,,,,,,,,0.0,,,,False,,"[74, 280]",,,,"[512, 512]","[0.0, 0.0, 0.0]","[0.0, 0.0, 0.0]",,,,pixel_cases,,,,0.36625618314135416,False,False,,,,,,,,"[0.3771056830883026, 0.5553789138793945, 0.44851937890052795]",10,,,
1,1,1.775562932359448e-13,1.1965008519555786e-13,4.2137429545618943e-07,3.459047377418756e-07,low_count_foreground,,,,,,,2.2360680103302,,,,,,,,,,,0.0,,,,False,,"[74, 281]",,,,"[512, 512]","[0.0, 0.0, 0.0]","[0.0, 0.0, 0.0]",,,,pixel_cases,,,,0.3419229936054514,False,False,,,,,,,,"[0.3575887084007263, 0.5283198356628418, 0.42552128434181213]",10,,,
0,2,0.0,1.4751946192381737e-11,0.0,5.425360086519504e-06,low_count_foreground,,,,,,,2.0,,,,,,,,,,,0.0,,,,False,,"[75, 274]",,,,"[512, 512]","[0.0, 0.0, 0.0]","[0.0, 0.0, 0.0]",,,,pixel_cases,,,,0.15505929545761504,False,False,,,,,,,,"[0.3825923204421997, 0.5444052219390869, 0.4481200575828552]",10,,,
1,0,1.3518948917155073e-16,0.0,1.1627101059730194e-08,0.0,low_count_foreground,,,,,,,1.4142135381698608,,,,,,,,,,,0.0,,,,False,,"[76, 273]",,,,"[512, 512]","[0.0, 0.0, 0.0]","[0.0, 0.0, 0.0]",,,,pixel_cases,,,,0.0,False,False,,,,,,,,"[0.32282349467277527, 0.45793917775154114, 0.37689390778541565]",10,,,
10,7,0.17396998405456543,0.00015235479804687202,0.7852857112884521,0.020381513983011246,support_switch,,,,,,,27.80287742614746,,,,,,,,,,,2.348449101258531,,,,False,,"[305, 239]",,,,"[512, 512]","[0.9603652358055115, 0.6527999043464661, 1.0]","[0.0, 0.0, 0.0]",,,,pixel_cases,,,,0.3857011162013129,True,False,,,,,,,,"[0.9618498086929321, 0.6548455357551575, 1.0]",10,,,
10,9,0.20870275795459747,7.92771388660185e-05,0.8258617520332336,0.014727570116519928,support_switch,,,,,,,27.20294189453125,,,,,,,,,,,2.3481254592835263,,,,False,,"[306, 239]",,,,"[512, 512]","[0.9615926742553711, 0.6507418751716614, 1.0]","[0.0, 0.0, 0.0]",,,,pixel_cases,,,,0.38435418947380584,True,False,,,,,,,,"[0.9630700945854187, 0.6497707366943359, 1.0]",10,,,
10,11,0.00045777097693644464,0.09057669341564178,0.04214845225214958,0.5950568318367004,support_switch,,,,,,,24.73863410949707,,,,,,,,,,,2.3216787316874274,,,,False,,"[316, 237]",,,,"[512, 512]","[0.0, 0.0, 0.0]","[0.9649341106414795, 0.624964714050293, 1.0]",,,,pixel_cases,,,,0.005252054226593675,False,True,,,,,,,,"[0.9580750465393066, 0.6220375299453735, 1.0]",10,,,
12,10,0.14911536872386932,0.000228777396841906,0.6636213660240173,0.02780105546116829,support_switch,,,,,,,1.4142135381698608,,,,,,,,,,,2.31206020661617,,,,False,,"[104, 413]",,,,"[512, 512]","[0.5586234927177429, 1.0, 1.0]","[0.0, 0.0, 0.0]",,,,pixel_cases,,,,0.027404105262853896,True,False,,,,,,,,"[0.524131178855896, 1.0, 1.0]",10,,,
11,13,6.189073610585183e-05,0.15895260870456696,0.014771844260394573,0.6461874842643738,support_switch,,,,,,,15.231546401977539,,,,,,,,,,,2.2962159398171345,,,,False,,"[336, 235]",,,,"[512, 512]","[0.0, 0.0, 0.0]","[0.978243350982666, 0.5824567675590515, 1.0]",,,,pixel_cases,,,,0.0075511409650804535,False,True,,,,,,,,"[0.9779965877532959, 0.583141028881073, 1.0]",10,,,
9,11,0.00730419997125864,0.0007133519393391907,0.1541416347026825,0.0447944700717926,silhouette,,,,,,,1.0,,,,,,,,,,,1.9769797768338586,,,,False,,"[417, 233]",,,,"[512, 512]","[0.9408418536186218, 0.3833383619785309, 0.9720329642295837]","[0.0, 0.0, 0.0]",,,,pixel_cases,,,,0.005348230303721059,True,False,,,,,,,,"[0.9467763304710388, 0.3845065236091614, 0.9771005511283875]",10,,,
16,17,0.0005409229779615998,0.0003807895409408957,0.04500913619995117,0.052900202572345734,silhouette,,,,,,,1.0,,,,,,,,,,,0.5285994296413579,,,,False,,"[107, 314]",,,,"[512, 512]","[0.0, 0.0, 0.0]","[0.31485071778297424, 0.5101788640022278, 0.4113222360610962]",,,,pixel_cases,,,,0.49252284077942,False,True,,,,,,,,"[0.30653220415115356, 0.4981626868247986, 0.4008035361766815]",10,,,
9,7,0.0008016714127734303,0.0001443636865587905,0.05124315246939659,0.018980788066983223,silhouette,,,,,,,1.0,,,,,,,,,,,0.4337787764611658,,,,False,,"[147, 279]",,,,"[512, 512]","[0.3242877125740051, 0.4355807602405548, 0.3726736605167389]","[0.0, 0.0, 0.0]",,,,pixel_cases,,,,0.4900556397559907,True,False,,,,,,,,"[0.34791257977485657, 0.4651394486427307, 0.398663192987442]",10,,,
14,15,0.000351782568031922,0.00037487930967472494,0.04556433483958244,0.05026472359895706,silhouette,,,,,,,1.0,,,,,,,,,,,0.412545432591771,,,,True,,"[127, 419]",,,,"[512, 512]","[0.0, 0.0, 0.0]","[0.20911088585853577, 0.417727530002594, 0.4408194422721863]",,,,pixel_cases,,,,0.4778822094889683,False,True,,,,,,,,"[0.22966831922531128, 0.4555544853210449, 0.4852464199066162]",10,,,
16,12,0.0004402254126034677,0.0006230361177586019,0.04868775233626366,0.05189327895641327,silhouette,,,,,,,1.0,,,,,,,,,,,0.41243528131040286,,,,False,,"[98, 305]",,,,"[512, 512]","[0.0, 0.0, 0.0]","[0.2838338613510132, 0.4503549039363861, 0.35924097895622253]",,,,pixel_cases,,,,0.47571041181101414,False,True,,,,,,,,"[0.298049658536911, 0.4738397002220154, 0.37777748703956604]",10,,,
10,11,0.14846859872341156,0.13527710735797882,0.5144565105438232,0.5605874061584473,stable_interior,,,,,,,23.194826126098633,,,,,,,,,,,1.7408297026122455e-13,,,,False,,"[371, 413]",,,,"[540, 960]","[1.0, 0.5416183471679688, 1.0]","[1.0, 0.5416179299354553, 1.0]",,,,pixel_cases,,,,0.002379116236641987,True,True,,,,,,,,"[0.9957168102264404, 0.5375556349754333, 1.0]",10,,,
9,6,0.0389472097158432,0.07800403237342834,0.3233970105648041,0.3253381848335266,stable_interior,,,,,,,17.0,,,,,,,,,,,6.004086117172847e-13,,,,False,,"[383, 398]",,,,"[540, 960]","[1.0, 0.5176740884780884, 1.0]","[1.0, 0.5176748633384705, 1.0]",,,,pixel_cases,,,,0.0021265879637924253,True,True,,,,,,,,"[1.0, 0.5155818462371826, 1.0]",10,,,
24,27,0.05493839457631111,0.05929623916745186,0.32272398471832275,0.5666359066963196,stable_interior,,,,,,,11.180339813232422,,,,,,,,,,,6.004086117172847e-13,,,,False,,"[373, 400]",,,,"[540, 960]","[1.0, 0.5405253171920776, 1.0]","[1.0, 0.5405245423316956, 1.0]",,,,pixel_cases,,,,0.0030762930165625334,True,True,,,,,,,,"[1.0, 0.5414008498191833, 1.0]",10,,,
12,11,0.1427260935306549,0.27699440717697144,0.770759642124176,0.9272834658622742,stable_interior,,,,,,,24.1867733001709,,,,,,,,,,,6.856737400084967e-13,,,,False,,"[423, 296]",,,,"[540, 960]","[1.0, 0.412372887134552, 0.8629439473152161]","[1.0, 0.4123724699020386, 0.8629432320594788]",,,,pixel_cases,,,,0.005544885806307395,True,True,,,,,,,,"[1.0, 0.42043304443359375, 0.8779882192611694]",10,,,
10,8,0.04897814244031906,0.14755111932754517,0.3547669053077698,0.5832226276397705,stable_interior,,,,,,,18.788293838500977,,,,,,,,,,,1.0267342531733448e-12,,,,False,,"[385, 398]",,,,"[540, 960]","[1.0, 0.5143293738365173, 1.0]","[1.0, 0.5143283605575562, 1.0]",,,,pixel_cases,,,,0.0021417391480120724,True,True,,,,,,,,"[1.0, 0.5148583650588989, 1.0]",10,,,
74,76,2.311676263809204,2.1787562370300293,8.488117218017578,8.587385177612305,high_count,,,,,,,5.0,,,,,,,,,,,1.4284129434827264e-10,,,,False,,"[221, 331]",,,,"[540, 960]","[0.5055409073829651, 0.43939581513404846, 0.41192591190338135]","[0.505533754825592, 0.439387708902359, 0.41193100810050964]",,,,pixel_cases,,,,0.03973671805723517,True,True,,,,,,,,"[0.511699378490448, 0.444558709859848, 0.417330801486969]",10,,,
83,92,1.5165966749191284,1.5128967761993408,6.492221355438232,6.827569484710693,high_count,,,,,,,3.0,,,,,,,,,,,1.5830448063525182e-10,,,,False,,"[221, 441]",,,,"[540, 960]","[0.3942485749721527, 0.39621803164482117, 0.3880154490470886]","[0.3942375183105469, 0.39622360467910767, 0.3880176842212677]",,,,pixel_cases,,,,0.0633968276621031,True,True,,,,,,,,"[0.3982073962688446, 0.3995741903781891, 0.3925311863422394]",10,,,
91,96,1.2500364780426025,1.255628228187561,6.119454860687256,6.132392883300781,high_count,,,,,,,2.8284270763397217,,,,,,,,,,,2.295517109729417e-10,,,,False,,"[269, 742]",,,,"[540, 960]","[0.2029014527797699, 0.36066439747810364, 0.38990965485572815]","[0.2028922587633133, 0.36065807938575745, 0.3898994028568268]",,,,pixel_cases,,,,0.05322475054961294,True,True,,,,,,,,"[0.18825796246528625, 0.33788400888442993, 0.3618950843811035]",10,,,
69,68,3.1117794513702393,3.324953079223633,8.368046760559082,8.322928428649902,high_count,,,,,,,5.656854152679443,,,,,,,,,,,2.426476797268151e-10,,,,False,,"[268, 224]",,,,"[540, 960]","[0.5745627284049988, 0.39362287521362305, 0.3886583745479584]","[0.5745681524276733, 0.393637090921402, 0.3886617124080658]",,,,pixel_cases,,,,0.017800916568463627,True,True,,,,,,,,"[0.5770913362503052, 0.3952711224555969, 0.3904624879360199]",10,,,
94,88,0.9067181348800659,0.5868373513221741,3.7829060554504395,2.920776128768921,high_count,,,,,,,5.0,,,,,,,,,,,3.2165381469440035e-10,,,,False,,"[233, 509]",,,,"[540, 960]","[0.37869027256965637, 0.41214847564697266, 0.42085710167884827]","[0.3786764144897461, 0.41214850544929504, 0.42084571719169617]",,,,pixel_cases,,,,0.05570539624086319,True,True,,,,,,,,"[0.37791159749031067, 0.41088226437568665, 0.4202406704425812]",10,,,
3,2,9.404216121111642e-12,1.6022477788979472e-10,3.079284397244919e-06,1.2782666090060957e-05,low_count_foreground,,,,,,,2.0,,,,,,,,,,,0.0,,,,False,,"[78, 518]",,,,"[540, 960]","[0.0, 0.0, 0.0]","[0.0, 0.0, 0.0]",,,,pixel_cases,,,,0.31153427928154837,False,False,,,,,,,,"[0.5021994113922119, 0.7219510674476624, 0.5924921035766602]",10,,,
3,3,2.7925939338757644e-09,8.2837079418141e-09,5.6350589147768915e-05,9.83389763860032e-05,low_count_foreground,,,,,,,2.2360680103302,,,,,,,,,,,0.0,,,,False,,"[78, 519]",,,,"[540, 960]","[0.0, 0.0, 0.0]","[0.0, 0.0, 0.0]",,,,pixel_cases,,,,0.33446350337858044,False,False,,,,,,,,"[0.50954669713974, 0.732755720615387, 0.601668119430542]",10,,,
4,1,8.967580367516548e-13,2.5969019144291006e-13,1.3992832919029752e-06,5.095980668556876e-07,low_count_foreground,,,,,,,3.605551242828369,,,,,,,,,,,0.0,,,,False,,"[78, 524]",,,,"[540, 960]","[0.0, 0.0, 0.0]","[0.0, 0.0, 0.0]",,,,pixel_cases,,,,0.35563662673573976,False,False,,,,,,,,"[0.4549945294857025, 0.6625060439109802, 0.5402734279632568]",10,,,
2,1,1.289322847366158e-15,7.983601577040225e-16,3.622884392484593e-08,2.8255268347265883e-08,low_count_foreground,,,,,,,3.1622776985168457,,,,,,,,,,,0.0,,,,False,,"[78, 525]",,,,"[540, 960]","[0.0, 0.0, 0.0]","[0.0, 0.0, 0.0]",,,,pixel_cases,,,,0.37647879464998957,False,False,,,,,,,,"[0.39012542366981506, 0.5737253427505493, 0.46389493346214294]",10,,,
1,1,4.07793113513244e-12,7.536962692139808e-17,2.019388830376556e-06,8.681568353097191e-09,low_count_foreground,,,,,,,2.2360680103302,,,,,,,,,,,0.0,,,,False,,"[79, 516]",,,,"[540, 960]","[0.0, 0.0, 0.0]","[0.0, 0.0, 0.0]",,,,pixel_cases,,,,0.17369955153333136,False,False,,,,,,,,"[0.49302706122398376, 0.6994587779045105, 0.5806917548179626]",10,,,
4,10,0.00014305149670690298,0.03383234143257141,0.01559266448020935,0.30420970916748047,support_switch,,,,,,,7.071067810058594,,,,,,,,,,,2.3953869522500355,,,,False,,"[334, 366]",,,,"[540, 960]","[0.0, 0.0, 0.0]","[1.0, 0.63004469871521, 0.9992150068283081]",,,,pixel_cases,,,,0.003108557018962811,False,True,,,,,,,,"[1.0, 0.631276547908783, 1.0]",10,,,
6,10,0.0004425034567248076,0.08702016621828079,0.03820756450295448,0.4680785536766052,support_switch,,,,,,,13.928388595581055,,,,,,,,,,,2.381829154921661,,,,False,,"[340, 401]",,,,"[540, 960]","[0.0, 0.0, 0.0]","[1.0, 0.6179232597351074, 1.0]",,,,pixel_cases,,,,0.002749509833041709,False,True,,,,,,,,"[1.0, 0.6159332394599915, 1.0]",10,,,
10,11,0.23286449909210205,0.00043417434790171683,0.9423714876174927,0.036986399441957474,support_switch,,,,,,,14.142135620117188,,,,,,,,,,,2.3736911047613525,,,,False,,"[343, 383]",,,,"[540, 960]","[1.0, 0.6113027930259705, 1.0]","[0.0, 0.0, 0.0]",,,,pixel_cases,,,,0.003327997043756276,True,False,,,,,,,,"[1.0, 0.611275315284729, 1.0]",10,,,
6,7,0.00022156571503728628,0.12787862122058868,0.025739410892128944,0.40771472454071045,support_switch,,,,,,,12.649110794067383,,,,,,,,,,,2.36760325312736,,,,False,,"[326, 322]",,,,"[540, 960]","[0.0, 0.0, 0.0]","[1.0, 0.6492963433265686, 0.9726343154907227]",,,,pixel_cases,,,,0.002877011082795226,False,True,,,,,,,,"[1.0, 0.6507479548454285, 0.9743648767471313]",10,,,
15,15,0.240076944231987,0.00048622096073813736,0.7815291881561279,0.049924422055482864,support_switch,,,,,,,4.123105525970459,,,,,,,,,,,2.358904453286314,,,,True,,"[326, 333]",,,,"[540, 960]","[1.0, 0.6444058418273926, 0.9714142084121704]","[0.0, 0.0, 0.0]",,,,pixel_cases,,,,0.003918680516957509,True,False,,,,,,,,"[1.0, 0.6404692530632019, 0.9661164283752441]",10,,,
12,14,0.0007363111362792552,0.07100247591733932,0.04203910380601883,0.35546785593032837,silhouette,,,,,,,1.0,,,,,,,,,,,2.1662072992524664,,,,False,,"[359, 320]",,,,"[540, 960]","[0.0, 0.0, 0.0]","[1.0, 0.5510951280593872, 0.9287095665931702]",,,,pixel_cases,,,,0.004044277517277015,False,True,,,,,,,,"[1.0, 0.5522868633270264, 0.9294185042381287]",10,,,
7,11,0.0007557442877441645,0.05748714506626129,0.04326300695538521,0.48767489194869995,silhouette,,,,,,,1.0,,,,,,,,,,,1.6235945627639596,,,,False,,"[434, 575]",,,,"[540, 960]","[0.0, 0.0, 0.0]","[0.7350366711616516, 0.3881196677684784, 0.9657529592514038]",,,,pixel_cases,,,,0.015373682463878135,False,True,,,,,,,,"[0.7433684468269348, 0.39353013038635254, 0.9778757095336914]",10,,,
11,13,0.0008494322537444532,0.0008185660117305815,0.0432773232460022,0.07869277149438858,silhouette,,,,,,,-1.0,,,,,,,,,,,0.5065164010469685,,,,False,,"[91, 505]",,,,"[540, 960]","[0.0, 0.0, 0.0]","[0.34700116515159607, 0.4743136465549469, 0.4014139473438263]",,,,pixel_cases,,,,0.5190952021714892,False,True,,,,,,,,"[0.0, 0.0, 0.0]",10,,,
8,10,0.0006223891396075487,0.0005173776880837977,0.04830825701355934,0.05728960037231445,silhouette,,,,,,,1.0,,,,,,,,,,,0.4373665058316174,,,,False,,"[154, 521]",,,,"[540, 960]","[0.0, 0.0, 0.0]","[0.3270333707332611, 0.43688803911209106, 0.37355658411979675]",,,,pixel_cases,,,,0.47358612794238497,False,True,,,,,,,,"[0.34855976700782776, 0.46432462334632874, 0.3975532054901123]",10,,,
7,7,0.0008118835976347327,6.37406628811732e-05,0.050241030752658844,0.012774784117937088,silhouette,,,,,,,1.0,,,,,,,,,,,0.43534303998637913,,,,True,,"[155, 524]",,,,"[540, 960]","[0.3250495493412018, 0.43628937005996704, 0.37327927350997925]","[0.0, 0.0, 0.0]",,,,pixel_cases,,,,0.4980743714138728,True,False,,,,,,,,"[0.35994023084640503, 0.4810846745967865, 0.4126058518886566]",10,,,
59,60,0.25512585043907166,0.30277445912361145,3.6523444652557373,3.7558419704437256,stable_interior,,,,,,,8.5440034866333,,,,,,,,,,,3.552713678800501e-15,,,,False,,"[638, 806]",,,,"[1080, 1920]","[1.0, 0.652930736541748, 1.0]","[1.0, 0.6529307961463928, 1.0]",,,,pixel_cases,,,,0.0033939404436705554,True,True,,,,,,,,"[1.0, 0.6569667458534241, 1.0]",10,,,
10,10,0.1509806513786316,0.06018092483282089,0.7266620397567749,0.5166267156600952,stable_interior,,,,,,,8.062257766723633,,,,,,,,,,,3.197442310920451e-14,,,,False,,"[741, 777]",,,,"[1080, 1920]","[1.0, 0.5484887957572937, 1.0]","[1.0, 0.5484886169433594, 1.0]",,,,pixel_cases,,,,0.0012054682462606346,True,True,,,,,,,,"[1.0, 0.5452479124069214, 1.0]",10,,,
22,21,1.8421926498413086,1.6434626579284668,5.25775671005249,4.655498027801514,stable_interior,,,,,,,16.401220321655273,,,,,,,,,,,1.2878587085651816e-13,,,,False,,"[798, 486]",,,,"[1080, 1920]","[1.0, 0.46522173285484314, 0.8643701672554016]","[1.0, 0.46522146463394165, 0.8643699288368225]",,,,pixel_cases,,,,0.0021246543499595333,True,True,,,,,,,,"[1.0, 0.4606828987598419, 0.8564276695251465]",10,,,
23,28,2.09429931640625,2.5297834873199463,5.491099834442139,6.896617889404297,stable_interior,,,,,,,9.05538558959961,,,,,,,,,,,3.552713678800501e-13,,,,False,,"[761, 773]",,,,"[1080, 1920]","[1.0, 0.5252500772476196, 1.0]","[1.0, 0.5252506732940674, 1.0]",,,,pixel_cases,,,,0.00035107681180302554,True,True,,,,,,,,"[1.0, 0.5214181542396545, 1.0]",10,,,
119,120,0.4509786069393158,0.5217492580413818,4.474195957183838,4.611629486083984,stable_interior,,,,,,,30.149627685546875,,,,,,,,,,,6.004086117172847e-13,,,,False,,"[670, 402]",,,,"[1080, 1920]","[0.7058404684066772, 0.37468430399894714, 0.47333675622940063]","[0.7058407068252563, 0.37468501925468445, 0.47333693504333496]",,,,pixel_cases,,,,0.0022533465639443476,True,True,,,,,,,,"[0.7058610916137695, 0.3746849298477173, 0.4733424782752991]",10,,,
69,70,6.549137592315674,6.692810535430908,20.21096420288086,20.508989334106445,high_count,,,,,,,2.8284270763397217,,,,,,,,,,,5.684341886080802e-14,,,,False,,"[697, 798]",,,,"[1080, 1920]","[1.0, 0.5971408486366272, 1.0]","[1.0, 0.5971406102180481, 1.0]",,,,pixel_cases,,,,0.0002593814770612223,True,True,,,,,,,,"[1.0, 0.5961980819702148, 1.0]",10,,,
69,70,4.949424743652344,5.123295307159424,17.445140838623047,17.91988754272461,high_count,,,,,,,2.2360680103302,,,,,,,,,,,8.881784197001252e-14,,,,False,,"[697, 797]",,,,"[1080, 1920]","[1.0, 0.5971441268920898, 1.0]","[1.0, 0.5971444249153137, 1.0]",,,,pixel_cases,,,,0.0002676369293146761,True,True,,,,,,,,"[1.0, 0.5962049961090088, 1.0]",10,,,
119,120,0.4509786069393158,0.5217492580413818,4.474195957183838,4.611629486083984,high_count,,,,,,,30.149627685546875,,,,,,,,,,,6.004086117172847e-13,,,,False,,"[670, 402]",,,,"[1080, 1920]","[0.7058404684066772, 0.37468430399894714, 0.47333675622940063]","[0.7058407068252563, 0.37468501925468445, 0.47333693504333496]",,,,pixel_cases,,,,0.0022533465639443476,True,True,,,,,,,,"[0.7058610916137695, 0.3746849298477173, 0.4733424782752991]",10,,,
67,72,2.727112054824829,2.8103392124176025,12.912956237792969,13.139269828796387,high_count,,,,,,,2.8284270763397217,,,,,,,,,,,1.1510792319313623e-12,,,,False,,"[715, 844]",,,,"[1080, 1920]","[1.0, 0.5783480405807495, 1.0]","[1.0, 0.5783469676971436, 1.0]",,,,pixel_cases,,,,0.0011521627188186396,True,True,,,,,,,,"[0.9910200238227844, 0.5713282227516174, 1.0]",10,,,
70,72,0.06574387103319168,0.03641882166266441,0.3490718603134155,0.3038633465766907,high_count,,,,,,,3.0,,,,,,,,,,,1.1510792319313623e-12,,,,False,,"[695, 799]",,,,"[1080, 1920]","[1.0, 0.6003448367118835, 1.0]","[1.0, 0.6003459095954895, 1.0]",,,,pixel_cases,,,,0.0019612303982697084,True,True,,,,,,,,"[1.0, 0.5997447371482849, 1.0]",10,,,
0,2,0.0,4.423543804949674e-16,0.0,2.1043383924279624e-08,low_count_foreground,,,,,,,1.0,,,,,,,,,,,0.0,,,,False,,"[552, 421]",,,,"[1080, 1920]","[0.0, 0.0, 0.0]","[0.0, 0.0, 0.0]",,,,pixel_cases,,,,0.0,False,False,,,,,,,,"[0.4313742518424988, 0.2887539267539978, 0.27954599261283875]",10,,,
1,2,4.584944620147913e-13,3.0522736031365905e-13,6.771221592316579e-07,6.792396334276418e-07,low_count_foreground,,,,,,,1.0,,,,,,,,,,,0.0,,,,False,,"[530, 1506]",,,,"[1080, 1920]","[0.0, 0.0, 0.0]","[0.0, 0.0, 0.0]",,,,pixel_cases,,,,0.0,False,False,,,,,,,,"[0.1529759019613266, 0.2974618971347809, 0.30487561225891113]",10,,,
4,2,1.3465147052915682e-10,3.1657840793286596e-09,1.5297049685614184e-05,6.0966023738728836e-05,low_count_foreground,,,,,,,1.0,,,,,,,,,,,0.0,,,,False,,"[531, 1504]",,,,"[1080, 1920]","[0.0, 0.0, 0.0]","[0.0, 0.0, 0.0]",,,,pixel_cases,,,,0.23669423250577387,False,False,,,,,,,,"[0.15699957311153412, 0.3036126494407654, 0.3119193911552429]",10,,,
3,4,3.1817248835608325e-10,7.323923689739331e-10,2.0181392756057903e-05,4.0518436435377225e-05,low_count_foreground,,,,,,,1.0,,,,,,,,,,,0.0,,,,False,,"[535, 437]",,,,"[1080, 1920]","[0.0, 0.0, 0.0]","[0.0, 0.0, 0.0]",,,,pixel_cases,,,,0.14255625185308882,False,False,,,,,,,,"[0.4259916841983795, 0.2951805591583252, 0.27902793884277344]",10,,,
2,5,6.722969403405443e-11,7.641692834070568e-10,8.34097863844363e-06,4.507739868131466e-05,low_count_foreground,,,,,,,1.0,,,,,,,,,,,0.0,,,,False,,"[536, 436]",,,,"[1080, 1920]","[0.0, 0.0, 0.0]","[0.0, 0.0, 0.0]",,,,pixel_cases,,,,0.30093036868802087,False,False,,,,,,,,"[0.43066397309303284, 0.29769882559776306, 0.28198719024658203]",10,,,
9,7,0.30185067653656006,0.0006753896595910192,1.0675303936004639,0.03735124692320824,support_switch,,,,,,,1.0,,,,,,,,,,,2.6450651440413395,,,,False,,"[214, 1006]",,,,"[1080, 1920]","[0.8405106067657471, 1.0, 0.9688173532485962]","[0.0, 0.0, 0.0]",,,,pixel_cases,,,,0.006518049304521934,True,False,,,,,,,,"[0.8189869523048401, 1.0, 0.9464415311813354]",10,,,
11,11,0.010800082236528397,0.0008097528479993343,0.21940791606903076,0.03932652994990349,support_switch,,,,,,,-1.0,,,,,,,,,,,2.641467354678589,,,,False,,"[213, 1007]",,,,"[1080, 1920]","[0.8392838835716248, 1.0, 0.9680237174034119]","[0.0, 0.0, 0.0]",,,,pixel_cases,,,,0.015585982655685521,True,False,,,,,,,,"[0.0, 0.0, 0.0]",10,,,
7,7,0.06164690479636192,0.0010467085521668196,0.3412792384624481,0.047733064740896225,support_switch,,,,,,,2.0,,,,,,,,,,,2.4483220622620365,,,,False,,"[188, 1026]",,,,"[1080, 1920]","[0.7802631855010986, 1.0, 0.9162485599517822]","[0.0, 0.0, 0.0]",,,,pixel_cases,,,,0.03376857562296683,True,False,,,,,,,,"[0.6842157244682312, 0.930860161781311, 0.8062241077423096]",10,,,
39,41,0.020539416000247,9.0413486759644e-05,0.29228293895721436,0.014633024111390114,support_switch,,,,,,,4.4721360206604,,,,,,,,,,,2.4360213490043385,,,,False,,"[529, 784]",,,,"[1080, 1920]","[0.982354462146759, 0.768932580947876, 0.9379465579986572]","[0.0, 0.0, 0.0]",,,,pixel_cases,,,,0.0029741687645863327,True,False,,,,,,,,"[0.9953625202178955, 0.7791545391082764, 0.9512577652931213]",10,,,
8,9,0.0003139420587103814,0.3585968017578125,0.026969408616423607,1.0617783069610596,support_switch,,,,,,,12.806248664855957,,,,,,,,,,,2.435851232417196,,,,False,,"[532, 766]",,,,"[1080, 1920]","[0.0, 0.0, 0.0]","[0.991028904914856, 0.7635641694068909, 0.9331037998199463]",,,,pixel_cases,,,,0.0019463865119088701,False,True,,,,,,,,"[0.9971056580543518, 0.7683077454566956, 0.9391711950302124]",10,,,
9,7,0.30185067653656006,0.0006753896595910192,1.0675303936004639,0.03735124692320824,silhouette,,,,,,,1.0,,,,,,,,,,,2.6450651440413395,,,,False,,"[214, 1006]",,,,"[1080, 1920]","[0.8405106067657471, 1.0, 0.9688173532485962]","[0.0, 0.0, 0.0]",,,,pixel_cases,,,,0.006518049304521934,True,False,,,,,,,,"[0.8189869523048401, 1.0, 0.9464415311813354]",10,,,
11,11,0.010800082236528397,0.0008097528479993343,0.21940791606903076,0.03932652994990349,silhouette,,,,,,,-1.0,,,,,,,,,,,2.641467354678589,,,,False,,"[213, 1007]",,,,"[1080, 1920]","[0.8392838835716248, 1.0, 0.9680237174034119]","[0.0, 0.0, 0.0]",,,,pixel_cases,,,,0.015585982655685521,True,False,,,,,,,,"[0.0, 0.0, 0.0]",10,,,
14,11,0.011808388866484165,0.00029821606585755944,0.23307716846466064,0.039285216480493546,silhouette,,,,,,,1.0,,,,,,,,,,,2.421993284849979,,,,False,,"[650, 801]",,,,"[1080, 1920]","[1.0, 0.6496101021766663, 1.0]","[0.0, 0.0, 0.0]",,,,pixel_cases,,,,0.0010905261922973218,True,False,,,,,,,,"[1.0, 0.6518203020095825, 1.0]",10,,,
12,10,0.0008024346898309886,0.005844497587531805,0.045931581407785416,0.10380624979734421,silhouette,,,,,,,-1.0,,,,,,,,,,,2.418508141243027,,,,False,,"[648, 786]",,,,"[1080, 1920]","[0.0, 0.0, 0.0]","[1.0, 0.6469220519065857, 1.0]",,,,pixel_cases,,,,0.38901606453092547,False,True,,,,,,,,"[0.0, 0.0, 0.0]",10,,,
10,6,0.10798891633749008,0.0010022944770753384,0.3519228398799896,0.04261047765612602,silhouette,,,,,,,1.0,,,,,,,,,,,2.4185009691957617,,,,False,,"[646, 786]",,,,"[1080, 1920]","[1.0, 0.6469165086746216, 1.0]","[0.0, 0.0, 0.0]",,,,pixel_cases,,,,0.38900223759186653,True,False,,,,,,,,"[1.0, 0.6445456147193909, 0.9963796734809875]",10,,,
