above_one_rgb_scalars,affected_pixel_fraction,affected_rgb_scalar_fraction,attempted_packets,below_zero_rgb_scalars,category,chunk_size,clamp_affected_frozen_fd_change_fraction,clamp_affected_full_fd_change_fraction,clamp_affected_jacobian_entry_fraction,common_support_mse,comparison,continuous_detector_writes,cpu_peak_rss_mib,current_image_energy,emitters,epsilon,estimator,events_per_second,foreground_self_mse,fraction_self_sse_from_support_xor,hard_bin_writes,independent_self_mse,interior_mse,interior_self_mse,mae,mean_contribution_count,mean_detector_weight,mean_foreground_brightness,mse,mse_vs_8N,packets_per_second,parameter,peak_allocated_mib,peak_reserved_mib,regions,resolution,retained_events,rmse,rmse_vs_8N,runtime_seconds,sample_realization_gradient,sample_set,scale_normalized_self_rmse,scale_normalized_whole_image_self_mse,scientific_mc_measurement_clamped,section,seed,self_mse,silhouette_0_8px_self_mse,silhouette_mse,silhouette_regions,support_switch_scalar_fraction,support_xor_fraction,support_xor_pixel_fraction,support_xor_sse_fraction,switch_pixel_mse,target_image_energy,target_mean_square,threshold,topology_component_fraction_of_full_norm,total_image_energy,visibility_switch_fraction,whole_image_self_mse,whole_image_self_sse
,,,,,,,,,,,,,,,32768,,LEGACY_GATED_NORMALIZED_SPLAT,,,,,0.0,,,,,,0.5759719634714849,,0.002570680823797981,,,,,,,,,0.050701881856573934,,,,,,,convergence,101,,,,,,,,,,,,,,430411.31640625,,,
,,,,,,,,,,,,,,,32768,,UNGATED_NORMALIZED_SPLAT,,,,,0.0,,,,,,0.581073477820417,,0.0002803277272808676,,,,,,,,,0.01674299039242595,,,,,,,convergence,101,,,,,,,,,,,,,,443458.0263671875,,,
,,,,,,,,,,,,,,,32768,,HARD_BIN_MONTE_CARLO,,,,,0.0,,,,,,0.8541926642436618,,0.20944801022609075,,,,,,,,,0.45765490298487,,,,,,,convergence,101,,,,,,,,,,,,,,1948999.3828125,,,
,,,,,,,,,,,,,,,32768,,CONTINUOUS_KERNEL_MONTE_CARLO,,,,,0.0,,,,,,0.7912278224183682,,0.036935035263498624,,,,,,,,,0.1921848986353991,,,,,,,convergence,101,,,,,,,,,,,,,,1088145.484375,,,
,,,,,,,,,,,,,,,65536,,LEGACY_GATED_NORMALIZED_SPLAT,,,,,0.0,,,,,,0.5876687999320117,,0.0002874605735996738,,,,,,,,,0.01695466229683369,,,,,,,convergence,101,,,,,,,,,,,,,,439437.1650390625,,,
,,,,,,,,,,,,,,,65536,,UNGATED_NORMALIZED_SPLAT,,,,,0.0,,,,,,0.5820832665293154,,0.00011573998805639955,,,,,,,,,0.010758252091134487,,,,,,,convergence,101,,,,,,,,,,,,,,443799.0810546875,,,
,,,,,,,,,,,,,,,65536,,HARD_BIN_MONTE_CARLO,,,,,0.0,,,,,,0.8540508984307114,,0.06550048391024271,,,,,,,,,0.2559306232365379,,,,,,,convergence,101,,,,,,,,,,,,,,1381018.0859375,,,
,,,,,,,,,,,,,,,65536,,CONTINUOUS_KERNEL_MONTE_CARLO,,,,,0.0,,,,,,0.7910965166870486,,0.008134389109909535,,,,,,,,,0.09019084826028378,,,,,,,convergence,101,,,,,,,,,,,,,,974184.041015625,,,
,,,,,,,,,,,,,,,131072,,LEGACY_GATED_NORMALIZED_SPLAT,,,,,0.0,,,,,,0.5891424402861957,,0.00012631204178129943,,,,,,,,,0.011238863011056742,,,,,,,convergence,101,,,,,,,,,,,,,,440059.3974609375,,,
,,,,,,,,,,,,,,,131072,,UNGATED_NORMALIZED_SPLAT,,,,,0.0,,,,,,0.5825182330342678,,4.945795832706305e-05,,,,,,,,,0.00703263523347138,,,,,,,convergence,101,,,,,,,,,,,,,,443908.2041015625,,,
,,,,,,,,,,,,,,,131072,,HARD_BIN_MONTE_CARLO,,,,,0.0,,,,,,0.8541350228378659,,0.019779782307644687,,,,,,,,,0.14064061400479125,,,,,,,convergence,101,,,,,,,,,,,,,,1202232.95703125,,,
,,,,,,,,,,,,,,,131072,,CONTINUOUS_KERNEL_MONTE_CARLO,,,,,0.0,,,,,,0.7911744299156073,,0.0022211399162188174,,,,,,,,,0.04712897109229967,,,,,,,convergence,101,,,,,,,,,,,,,,951468.01171875,,,
,,,,,,,,,,,,,,,262144,,LEGACY_GATED_NORMALIZED_SPLAT,,,,,0.0,,,,,,0.5903128807937925,,0.0,,,,,,,,,0.0,,,,,,,convergence,101,,,,,,,,,,,,,,440531.3271484375,,,
,,,,,,,,,,,,,,,262144,,UNGATED_NORMALIZED_SPLAT,,,,,0.0,,,,,,0.5828342488323631,,0.0,,,,,,,,,0.0,,,,,,,convergence,101,,,,,,,,,,,,,,443975.396484375,,,
,,,,,,,,,,,,,,,262144,,HARD_BIN_MONTE_CARLO,,,,,0.0,,,,,,0.8540280725362107,,0.0,,,,,,,,,0.0,,,,,,,convergence,101,,,,,,,,,,,,,,1122679.71484375,,,
,,,,,,,,,,,,,,,262144,,CONTINUOUS_KERNEL_MONTE_CARLO,,,,,0.0,,,,,,0.7910753902544676,,0.0,,,,,,,,,0.0,,,,,,,convergence,101,,,,,,,,,,,,,,942182.775390625,,,
,,,,,,,,,,,,,,,32768,,LEGACY_GATED_NORMALIZED_SPLAT,,,,,0.0038315788221855956,,,,,,0.5776708850580273,,0.0022154995473101734,,,,,,,,,0.0470690933342695,,,,,,,convergence,211,,,,,,,,,,,,,,431860.9599609375,,,
,,,,,,,,,,,,,,,32768,,UNGATED_NORMALIZED_SPLAT,,,,,0.0003575562295736745,,,,,,0.5810783539366888,,0.0002862245096669843,,,,,,,,,0.016918170990594235,,,,,,,convergence,211,,,,,,,,,,,,,,443527.8076171875,,,
,,,,,,,,,,,,,,,32768,,HARD_BIN_MONTE_CARLO,,,,,0.44874131282170615,,,,,,0.8534078991529804,,0.20332205096880596,,,,,,,,,0.45091246486297754,,,,,,,convergence,211,,,,,,,,,,,,,,1920879.8203125,,,
,,,,,,,,,,,,,,,32768,,CONTINUOUS_KERNEL_MONTE_CARLO,,,,,0.07517284924785296,,,,,,0.7916149155626431,,0.03400534813602765,,,,,,,,,0.18440539074557352,,,,,,,convergence,211,,,,,,,,,,,,,,1078650.7734375,,,
,,,,,,,,,,,,,,,65536,,LEGACY_GATED_NORMALIZED_SPLAT,,,,,0.0001388441087328829,,,,,,0.5876014893820505,,0.00030384361161850393,,,,,,,,,0.017431110452822675,,,,,,,convergence,211,,,,,,,,,,,,,,439383.7822265625,,,
,,,,,,,,,,,,,,,65536,,UNGATED_NORMALIZED_SPLAT,,,,,0.0001696312899487869,,,,,,0.581988678471584,,0.00012961920583620667,,,,,,,,,0.01138504307572908,,,,,,,convergence,211,,,,,,,,,,,,,,443800.6181640625,,,
,,,,,,,,,,,,,,,65536,,HARD_BIN_MONTE_CARLO,,,,,0.17010897745688755,,,,,,0.8527458407327433,,0.07196571653087934,,,,,,,,,0.26826426622060445,,,,,,,convergence,211,,,,,,,,,,,,,,1401857.92578125,,,
,,,,,,,,,,,,,,,65536,,CONTINUOUS_KERNEL_MONTE_CARLO,,,,,0.02089373003691435,,,,,,0.7910007815028567,,0.009414490312337875,,,,,,,,,0.09702829645179738,,,,,,,convergence,211,,,,,,,,,,,,,,979426.84765625,,,
,,,,,,,,,,,,,,,131072,,LEGACY_GATED_NORMALIZED_SPLAT,,,,,5.9007358989523105e-05,,,,,,0.5891737685602826,,0.0001221447314795417,,,,,,,,,0.01105191076147205,,,,,,,convergence,211,,,,,,,,,,,,,,440056.4599609375,,,
,,,,,,,,,,,,,,,131072,,UNGATED_NORMALIZED_SPLAT,,,,,9.846805611838742e-05,,,,,,0.5824904975250877,,4.6966034824436063e-05,,,,,,,,,0.006853176987677763,,,,,,,convergence,211,,,,,,,,,,,,,,443899.763671875,,,
,,,,,,,,,,,,,,,131072,,HARD_BIN_MONTE_CARLO,,,,,0.07145924965540568,,,,,,0.8527343356414361,,0.01907306325932344,,,,,,,,,0.13810526151933328,,,,,,,convergence,211,,,,,,,,,,,,,,1192986.98828125,,,
,,,,,,,,,,,,,,,131072,,CONTINUOUS_KERNEL_MONTE_CARLO,,,,,0.007575629154841105,,,,,,0.7909901297471066,,0.0021608347228417794,,,,,,,,,0.04648477947502579,,,,,,,convergence,211,,,,,,,,,,,,,,950115.009765625,,,
,,,,,,,,,,,,,,,262144,,LEGACY_GATED_NORMALIZED_SPLAT,,,,,3.34962459722495e-05,,,,,,0.590316297337617,,0.0,,,,,,,,,0.0,,,,,,,convergence,211,,,,,,,,,,,,,,440511.970703125,,,
,,,,,,,,,,,,,,,262144,,UNGATED_NORMALIZED_SPLAT,,,,,6.492031437422459e-05,,,,,,0.5828043457108155,,0.0,,,,,,,,,0.0,,,,,,,convergence,211,,,,,,,,,,,,,,443974.611328125,,,
,,,,,,,,,,,,,,,262144,,HARD_BIN_MONTE_CARLO,,,,,0.03238156909743945,,,,,,0.8526968320321101,,0.0,,,,,,,,,0.0,,,,,,,convergence,211,,,,,,,,,,,,,,1118901.9296875,,,
,,,,,,,,,,,,,,,262144,,CONTINUOUS_KERNEL_MONTE_CARLO,,,,,0.0030986571218818426,,,,,,0.7909553146304864,,0.0,,,,,,,,,0.0,,,,,,,convergence,211,,,,,,,,,,,,,,941829.60546875,,,
,,,,,,,,,,,,,,,32768,,LEGACY_GATED_NORMALIZED_SPLAT,,,,,0.004167087492533028,,,,,,0.5757484616888903,,0.0026312070588270825,,,,,,,,,0.05129529275505777,,,,,,,convergence,307,,,,,,,,,,,,,,430210.7138671875,,,
,,,,,,,,,,,,,,,32768,,UNGATED_NORMALIZED_SPLAT,,,,,0.0003600760343639801,,,,,,0.5809662136470044,,0.0003000137871519352,,,,,,,,,0.017320906071910187,,,,,,,convergence,307,,,,,,,,,,,,,,443430.935546875,,,
,,,,,,,,,,,,,,,32768,,HARD_BIN_MONTE_CARLO,,,,,0.4480633834997813,,,,,,0.8540106423688486,,0.2072407474120458,,,,,,,,,0.4552370233318527,,,,,,,convergence,307,,,,,,,,,,,,,,1939603.8125,,,
,,,,,,,,,,,,,,,32768,,CONTINUOUS_KERNEL_MONTE_CARLO,,,,,0.07632441644867262,,,,,,0.7910124946181772,,0.036912406856815023,,,,,,,,,0.19212601816728264,,,,,,,convergence,307,,,,,,,,,,,,,,1087018.7890625,,,
,,,,,,,,,,,,,,,65536,,LEGACY_GATED_NORMALIZED_SPLAT,,,,,0.00011381831063772552,,,,,,0.5877200509955909,,0.0002803994041945164,,,,,,,,,0.016745130760747032,,,,,,,convergence,307,,,,,,,,,,,,,,439466.681640625,,,
,,,,,,,,,,,,,,,65536,,UNGATED_NORMALIZED_SPLAT,,,,,0.00016653722850605844,,,,,,0.5820186760743091,,0.00012487301986160068,,,,,,,,,0.011174659720170484,,,,,,,convergence,307,,,,,,,,,,,,,,443795.2373046875,,,
,,,,,,,,,,,,,,,65536,,HARD_BIN_MONTE_CARLO,,,,,0.16016586720943451,,,,,,0.8538893347455925,,0.06152899439136187,,,,,,,,,0.24805038679946032,,,,,,,convergence,307,,,,,,,,,,,,,,1363238.90625,,,
,,,,,,,,,,,,,,,65536,,CONTINUOUS_KERNEL_MONTE_CARLO,,,,,0.018037755414843558,,,,,,0.7909001287851252,,0.006683777350311478,,,,,,,,,0.08175437205624833,,,,,,,convergence,307,,,,,,,,,,,,,,967814.578125,,,
,,,,,,,,,,,,,,,131072,,LEGACY_GATED_NORMALIZED_SPLAT,,,,,6.0617980731573574e-05,,,,,,0.5891689117949149,,0.00012170858875227471,,,,,,,,,0.01103216156300635,,,,,,,convergence,307,,,,,,,,,,,,,,440051.501953125,,,
,,,,,,,,,,,,,,,131072,,UNGATED_NORMALIZED_SPLAT,,,,,0.00010348077315332678,,,,,,0.5825058730154866,,4.824559788782305e-05,,,,,,,,,0.00694590511652895,,,,,,,convergence,307,,,,,,,,,,,,,,443904.1572265625,,,
,,,,,,,,,,,,,,,131072,,HARD_BIN_MONTE_CARLO,,,,,0.07209282045563062,,,,,,0.8540245042201928,,0.018992056449254353,,,,,,,,,0.137811670221554,,,,,,,convergence,307,,,,,,,,,,,,,,1196794.00390625,,,
,,,,,,,,,,,,,,,131072,,CONTINUOUS_KERNEL_MONTE_CARLO,,,,,0.007377536098162333,,,,,,0.7910253339164092,,0.001963213823425273,,,,,,,,,0.044308168811464925,,,,,,,convergence,307,,,,,,,,,,,,,,949859.63671875,,,
,,,,,,,,,,,,,,,262144,,LEGACY_GATED_NORMALIZED_SPLAT,,,,,3.673589611328983e-05,,,,,,0.5903150048658578,,0.0,,,,,,,,,0.0,,,,,,,convergence,307,,,,,,,,,,,,,,440510.955078125,,,
,,,,,,,,,,,,,,,262144,,UNGATED_NORMALIZED_SPLAT,,,,,6.883956763582925e-05,,,,,,0.5828173071306176,,0.0,,,,,,,,,0.0,,,,,,,convergence,307,,,,,,,,,,,,,,443983.66015625,,,
,,,,,,,,,,,,,,,262144,,HARD_BIN_MONTE_CARLO,,,,,0.033323172852396964,,,,,,0.854039490202715,,0.0,,,,,,,,,0.0,,,,,,,convergence,307,,,,,,,,,,,,,,1122443.73828125,,,
,,,,,,,,,,,,,,,262144,,CONTINUOUS_KERNEL_MONTE_CARLO,,,,,0.003179170237854123,,,,,,0.7910391873772187,,0.0,,,,,,,,,0.0,,,,,,,convergence,307,,,,,,,,,,,,,,942211.60546875,,,
,,,,,,,,,,,,,,,32768,,LEGACY_GATED_NORMALIZED_SPLAT,,,,,0.0035700691243012745,,,,,,0.5789935507671616,,0.0019443190501381954,,,,,,,,,0.04409443332369967,,,,,,,convergence,401,,,,,,,,,,,,,,432913.5615234375,,,
,,,,,,,,,,,,,,,32768,,UNGATED_NORMALIZED_SPLAT,,,,,0.0003436339126589398,,,,,,0.5811175313307041,,0.00027336253454753506,,,,,,,,,0.016533678796551453,,,,,,,convergence,401,,,,,,,,,,,,,,443499.0869140625,,,
,,,,,,,,,,,,,,,32768,,HARD_BIN_MONTE_CARLO,,,,,0.43651771247386933,,,,,,0.8557529280909939,,0.1924880733092626,,,,,,,,,0.4387346274335576,,,,,,,convergence,401,,,,,,,,,,,,,,1885400.51953125,,,
,,,,,,,,,,,,,,,32768,,CONTINUOUS_KERNEL_MONTE_CARLO,,,,,0.07039206574360529,,,,,,0.7909857632776583,,0.030499436582128208,,,,,,,,,0.17464087889760577,,,,,,,convergence,401,,,,,,,,,,,,,,1063050.9609375,,,
,,,,,,,,,,,,,,,65536,,LEGACY_GATED_NORMALIZED_SPLAT,,,,,0.00013737528618851987,,,,,,0.5876189606008118,,0.00029656763654202224,,,,,,,,,0.017221139234731894,,,,,,,convergence,401,,,,,,,,,,,,,,439365.90625,,,
,,,,,,,,,,,,,,,65536,,UNGATED_NORMALIZED_SPLAT,,,,,0.0001724127757673462,,,,,,0.5819892667781161,,0.00012675176379464876,,,,,,,,,0.011258408581795597,,,,,,,convergence,401,,,,,,,,,,,,,,443743.8955078125,,,
,,,,,,,,,,,,,,,65536,,HARD_BIN_MONTE_CARLO,,,,,0.17107475847005843,,,,,,0.8560188515151133,,0.0703371246655782,,,,,,,,,0.26521147159498626,,,,,,,convergence,401,,,,,,,,,,,,,,1406456.24609375,,,
,,,,,,,,,,,,,,,65536,,CONTINUOUS_KERNEL_MONTE_CARLO,,,,,0.021798884371916454,,,,,,0.7912315739684159,,0.010042661149054766,,,,,,,,,0.10021307873254252,,,,,,,convergence,401,,,,,,,,,,,,,,983228.70703125,,,
,,,,,,,,,,,,,,,131072,,LEGACY_GATED_NORMALIZED_SPLAT,,,,,6.164063027730056e-05,,,,,,0.5891735358250463,,0.00011981285739845285,,,,,,,,,0.010945905965174963,,,,,,,convergence,401,,,,,,,,,,,,,,440043.076171875,,,
,,,,,,,,,,,,,,,131072,,UNGATED_NORMALIZED_SPLAT,,,,,0.00010135680422536097,,,,,,0.5825170836232622,,4.488546013211211e-05,,,,,,,,,0.0066996611953226495,,,,,,,convergence,401,,,,,,,,,,,,,,443882.2021484375,,,
,,,,,,,,,,,,,,,131072,,HARD_BIN_MONTE_CARLO,,,,,0.07422572647531828,,,,,,0.855901635413331,,0.01907167360186577,,,,,,,,,0.13810023027448495,,,,,,,convergence,401,,,,,,,,,,,,,,1204739.5078125,,,
,,,,,,,,,,,,,,,131072,,CONTINUOUS_KERNEL_MONTE_CARLO,,,,,0.007956696270654599,,,,,,0.7911232326782672,,0.002104771005300184,,,,,,,,,0.04587778335207777,,,,,,,convergence,401,,,,,,,,,,,,,,952020.037109375,,,
,,,,,,,,,,,,,,,262144,,LEGACY_GATED_NORMALIZED_SPLAT,,,,,3.574949975397127e-05,,,,,,0.590302847648139,,0.0,,,,,,,,,0.0,,,,,,,convergence,401,,,,,,,,,,,,,,440496.861328125,,,
,,,,,,,,,,,,,,,262144,,UNGATED_NORMALIZED_SPLAT,,,,,6.928284771371788e-05,,,,,,0.5828132751944903,,0.0,,,,,,,,,0.0,,,,,,,convergence,401,,,,,,,,,,,,,,443952.8662109375,,,
,,,,,,,,,,,,,,,262144,,HARD_BIN_MONTE_CARLO,,,,,0.03508938836554686,,,,,,0.8557902823111481,,0.0,,,,,,,,,0.0,,,,,,,convergence,401,,,,,,,,,,,,,,1129857.48046875,,,
,,,,,,,,,,,,,,,262144,,CONTINUOUS_KERNEL_MONTE_CARLO,,,,,0.003583902462075154,,,,,,0.7910203275535805,,0.0,,,,,,,,,0.0,,,,,,,convergence,401,,,,,,,,,,,,,,943519.806640625,,,
,,,,,,,,,,,,,,,32768,,LEGACY_GATED_NORMALIZED_SPLAT,,,,,0.00378997892451783,,,,,,0.5778164062639003,,0.002182283900522937,,,,,,,,,0.04671492160458944,,,,,,,convergence,503,,,,,,,,,,,,,,431907.53515625,,,
,,,,,,,,,,,,,,,32768,,UNGATED_NORMALIZED_SPLAT,,,,,0.0003534627050006141,,,,,,0.5810431473248091,,0.00027652256782554713,,,,,,,,,0.016628967731809066,,,,,,,convergence,503,,,,,,,,,,,,,,443423.3359375,,,
,,,,,,,,,,,,,,,32768,,HARD_BIN_MONTE_CARLO,,,,,0.44213293691476185,,,,,,0.8540361750765318,,0.2021705557902654,,,,,,,,,0.44963380187688895,,,,,,,convergence,503,,,,,,,,,,,,,,1919585.3125,,,
,,,,,,,,,,,,,,,32768,,CONTINUOUS_KERNEL_MONTE_CARLO,,,,,0.0731142612795035,,,,,,0.7909305429350295,,0.03413898336390654,,,,,,,,,0.18476737635174273,,,,,,,convergence,503,,,,,,,,,,,,,,1076200.73828125,,,
,,,,,,,,,,,,,,,65536,,LEGACY_GATED_NORMALIZED_SPLAT,,,,,0.00012518616058514452,,,,,,0.5876299873184732,,0.00029005357258332274,,,,,,,,,0.017030959238496308,,,,,,,convergence,503,,,,,,,,,,,,,,439383.08984375,,,
,,,,,,,,,,,,,,,65536,,UNGATED_NORMALIZED_SPLAT,,,,,0.0001641647065601622,,,,,,0.5819863840299864,,0.0001244610563541452,,,,,,,,,0.011156211559223193,,,,,,,convergence,503,,,,,,,,,,,,,,443739.4912109375,,,
,,,,,,,,,,,,,,,65536,,HARD_BIN_MONTE_CARLO,,,,,0.16597743779420854,,,,,,0.8540257172062212,,0.06792073075970013,,,,,,,,,0.26061606005712723,,,,,,,convergence,503,,,,,,,,,,,,,,1389954.30078125,,,
,,,,,,,,,,,,,,,65536,,CONTINUOUS_KERNEL_MONTE_CARLO,,,,,0.020135391938189664,,,,,,0.7909208240031588,,0.009036484671135743,,,,,,,,,0.09506042641991326,,,,,,,convergence,503,,,,,,,,,,,,,,977493.7109375,,,
,,,,,,,,,,,,,,,131072,,LEGACY_GATED_NORMALIZED_SPLAT,,,,,6.119661738921423e-05,,,,,,0.5891520047632456,,0.00012041710506309755,,,,,,,,,0.010973472789554706,,,,,,,convergence,503,,,,,,,,,,,,,,440036.9833984375,,,
,,,,,,,,,,,,,,,131072,,UNGATED_NORMALIZED_SPLAT,,,,,9.984902377861242e-05,,,,,,0.5824449452088878,,5.1272421114845204e-05,,,,,,,,,0.0071604763189919984,,,,,,,convergence,503,,,,,,,,,,,,,,443849.126953125,,,
,,,,,,,,,,,,,,,131072,,HARD_BIN_MONTE_CARLO,,,,,0.07256674220164618,,,,,,0.8541205315801548,,0.019612802440921465,,,,,,,,,0.14004571553932474,,,,,,,convergence,503,,,,,,,,,,,,,,1199448.8828125,,,
,,,,,,,,,,,,,,,131072,,CONTINUOUS_KERNEL_MONTE_CARLO,,,,,0.007643645846595367,,,,,,0.7910086425812942,,0.002283361282510062,,,,,,,,,0.04778452974038838,,,,,,,convergence,503,,,,,,,,,,,,,,951107.56640625,,,
,,,,,,,,,,,,,,,262144,,LEGACY_GATED_NORMALIZED_SPLAT,,,,,3.4321821840421765e-05,,,,,,0.5902980119894029,,0.0,,,,,,,,,0.0,,,,,,,convergence,503,,,,,,,,,,,,,,440502.41796875,,,
,,,,,,,,,,,,,,,262144,,UNGATED_NORMALIZED_SPLAT,,,,,7.021863687744675e-05,,,,,,0.582804780632721,,0.0,,,,,,,,,0.0,,,,,,,convergence,503,,,,,,,,,,,,,,443965.1748046875,,,
,,,,,,,,,,,,,,,262144,,HARD_BIN_MONTE_CARLO,,,,,0.03321879108746847,,,,,,0.8540777583430517,,0.0,,,,,,,,,0.0,,,,,,,convergence,503,,,,,,,,,,,,,,1121119.08984375,,,
,,,,,,,,,,,,,,,262144,,CONTINUOUS_KERNEL_MONTE_CARLO,,,,,0.0031423628252620498,,,,,,0.790969036666234,,0.0,,,,,,,,,0.0,,,,,,,convergence,503,,,,,,,,,,,,,,941784.015625,,,
,,,,,,,,,,,,,,,32768,,LEGACY_GATED_NORMALIZED_SPLAT,,,,,0.0035241596788788835,,,,,,0.5793214477244218,,0.0018632450373843312,,,,,,,,,0.04316532216240638,,,,,,,convergence,601,,,,,,,,,,,,,,433180.8857421875,,,
,,,,,,,,,,,,,,,32768,,UNGATED_NORMALIZED_SPLAT,,,,,0.0003312715726982181,,,,,,0.5810284343477287,,0.00027023517371465764,,,,,,,,,0.016438831275813304,,,,,,,convergence,601,,,,,,,,,,,,,,443430.44921875,,,
,,,,,,,,,,,,,,,32768,,HARD_BIN_MONTE_CARLO,,,,,0.4365783323844274,,,,,,0.8546578873267253,,0.19416183332602183,,,,,,,,,0.4406379844339589,,,,,,,convergence,601,,,,,,,,,,,,,,1880799.00390625,,,
,,,,,,,,,,,,,,,32768,,CONTINUOUS_KERNEL_MONTE_CARLO,,,,,0.07066580206155777,,,,,,0.7911241330712859,,0.030359633763631187,,,,,,,,,0.17424016116737032,,,,,,,convergence,601,,,,,,,,,,,,,,1060732.4609375,,,
,,,,,,,,,,,,,,,65536,,LEGACY_GATED_NORMALIZED_SPLAT,,,,,0.0001329776311952931,,,,,,0.5876378571194247,,0.0002921002315512548,,,,,,,,,0.017090940042936632,,,,,,,convergence,601,,,,,,,,,,,,,,439364.9345703125,,,
,,,,,,,,,,,,,,,65536,,UNGATED_NORMALIZED_SPLAT,,,,,0.00016520889766979963,,,,,,0.5819652368103297,,0.0001235717162974955,,,,,,,,,0.011116281585921413,,,,,,,convergence,601,,,,,,,,,,,,,,443729.876953125,,,
,,,,,,,,,,,,,,,65536,,HARD_BIN_MONTE_CARLO,,,,,0.1693679392337799,,,,,,0.8548124914396928,,0.06989286144574483,,,,,,,,,0.2643725807373844,,,,,,,convergence,601,,,,,,,,,,,,,,1398023.7734375,,,
,,,,,,,,,,,,,,,65536,,CONTINUOUS_KERNEL_MONTE_CARLO,,,,,0.0205687552690506,,,,,,0.7912672509510903,,0.009273011578867833,,,,,,,,,0.09629647749979141,,,,,,,convergence,601,,,,,,,,,,,,,,979567.244140625,,,
,,,,,,,,,,,,,,,131072,,LEGACY_GATED_NORMALIZED_SPLAT,,,,,6.358312736362373e-05,,,,,,0.5891301627394789,,0.00012368829629849643,,,,,,,,,0.011121524009707322,,,,,,,convergence,601,,,,,,,,,,,,,,440024.3076171875,,,
,,,,,,,,,,,,,,,131072,,UNGATED_NORMALIZED_SPLAT,,,,,0.00010423561616335064,,,,,,0.5824624663083419,,4.868736577918753e-05,,,,,,,,,0.006977633250550471,,,,,,,convergence,601,,,,,,,,,,,,,,443868.2255859375,,,
,,,,,,,,,,,,,,,131072,,HARD_BIN_MONTE_CARLO,,,,,0.07391177887717883,,,,,,0.8546482715892698,,0.019952848615745703,,,,,,,,,0.14125455254874336,,,,,,,convergence,601,,,,,,,,,,,,,,1201318.3828125,,,
,,,,,,,,,,,,,,,131072,,CONTINUOUS_KERNEL_MONTE_CARLO,,,,,0.0076464225227634115,,,,,,0.7911152422921881,,0.0021312094293534757,,,,,,,,,0.04616502387472009,,,,,,,convergence,601,,,,,,,,,,,,,,950692.50390625,,,
,,,,,,,,,,,,,,,262144,,LEGACY_GATED_NORMALIZED_SPLAT,,,,,3.4599905241824065e-05,,,,,,0.5903127741886518,,0.0,,,,,,,,,0.0,,,,,,,convergence,601,,,,,,,,,,,,,,440512.375,,,
,,,,,,,,,,,,,,,262144,,UNGATED_NORMALIZED_SPLAT,,,,,6.743240810465067e-05,,,,,,0.5828120818291352,,0.0,,,,,,,,,0.0,,,,,,,convergence,601,,,,,,,,,,,,,,443973.470703125,,,
,,,,,,,,,,,,,,,262144,,HARD_BIN_MONTE_CARLO,,,,,0.03398140072822571,,,,,,0.8545740408716391,,0.0,,,,,,,,,0.0,,,,,,,convergence,601,,,,,,,,,,,,,,1123818.3828125,,,
,,,,,,,,,,,,,,,262144,,CONTINUOUS_KERNEL_MONTE_CARLO,,,,,0.003306219478448232,,,,,,0.7910465229927582,,0.0,,,,,,,,,0.0,,,,,,,convergence,601,,,,,,,,,,,,,,942461.150390625,,,
,,,,,,,,,,,,,,,32768,,LEGACY_GATED_NORMALIZED_SPLAT,,,,,0.004025729248921076,,,,,,0.5768113390169914,,0.0024108798902792235,,,,,,,,,0.04910071170847958,,,,,,,convergence,701,,,,,,,,,,,,,,431016.59765625,,,
,,,,,,,,,,,,,,,32768,,UNGATED_NORMALIZED_SPLAT,,,,,0.0003446113890580212,,,,,,0.5809287066967863,,0.0002843446733701664,,,,,,,,,0.01686252274632021,,,,,,,convergence,701,,,,,,,,,,,,,,443360.794921875,,,
,,,,,,,,,,,,,,,32768,,HARD_BIN_MONTE_CARLO,,,,,0.44704784254233043,,,,,,0.853379067015891,,0.20372116913398106,,,,,,,,,0.45135481512218417,,,,,,,convergence,701,,,,,,,,,,,,,,1920343.59375,,,
,,,,,,,,,,,,,,,32768,,CONTINUOUS_KERNEL_MONTE_CARLO,,,,,0.07567022566994032,,,,,,0.7907867921006562,,0.03538841443757216,,,,,,,,,0.18811808641800543,,,,,,,convergence,701,,,,,,,,,,,,,,1079241.296875,,,
,,,,,,,,,,,,,,,65536,,LEGACY_GATED_NORMALIZED_SPLAT,,,,,0.00012898948092091207,,,,,,0.5876798884920296,,0.000287914983346127,,,,,,,,,0.016968057736409522,,,,,,,convergence,701,,,,,,,,,,,,,,439399.5,,,
,,,,,,,,,,,,,,,65536,,UNGATED_NORMALIZED_SPLAT,,,,,0.0001653692845138721,,,,,,0.5819353564603638,,0.00012844622809401093,,,,,,,,,0.011333412023482202,,,,,,,convergence,701,,,,,,,,,,,,,,443734.05078125,,,
,,,,,,,,,,,,,,,65536,,HARD_BIN_MONTE_CARLO,,,,,0.16983637660741807,,,,,,0.85360582462374,,0.07068010866641998,,,,,,,,,0.2658573088452149,,,,,,,convergence,701,,,,,,,,,,,,,,1398191.18359375,,,
,,,,,,,,,,,,,,,65536,,CONTINUOUS_KERNEL_MONTE_CARLO,,,,,0.021142930599550407,,,,,,0.7909969381404914,,0.009947800015409788,,,,,,,,,0.09973865858036085,,,,,,,convergence,701,,,,,,,,,,,,,,980610.49609375,,,
,,,,,,,,,,,,,,,131072,,LEGACY_GATED_NORMALIZED_SPLAT,,,,,6.001598073150186e-05,,,,,,0.5891815216443631,,0.00012046625003373872,,,,,,,,,0.010975711823555624,,,,,,,convergence,701,,,,,,,,,,,,,,440053.3779296875,,,
,,,,,,,,,,,,,,,131072,,UNGATED_NORMALIZED_SPLAT,,,,,0.00010000541636448665,,,,,,0.582427495593579,,5.237978839431889e-05,,,,,,,,,0.0072373882301779895,,,,,,,convergence,701,,,,,,,,,,,,,,443869.861328125,,,
,,,,,,,,,,,,,,,131072,,HARD_BIN_MONTE_CARLO,,,,,0.07347818613052368,,,,,,0.8535592692731709,,0.020382780271271866,,,,,,,,,0.142768274736623,,,,,,,convergence,701,,,,,,,,,,,,,,1201210.3203125,,,
,,,,,,,,,,,,,,,131072,,CONTINUOUS_KERNEL_MONTE_CARLO,,,,,0.00763778875892361,,,,,,0.7909537704132982,,0.002262251397284369,,,,,,,,,0.047563130650582375,,,,,,,convergence,701,,,,,,,,,,,,,,950664.1328125,,,
,,,,,,,,,,,,,,,262144,,LEGACY_GATED_NORMALIZED_SPLAT,,,,,3.405389785863614e-05,,,,,,0.5903103659453361,,0.0,,,,,,,,,0.0,,,,,,,convergence,701,,,,,,,,,,,,,,440499.9287109375,,,
,,,,,,,,,,,,,,,262144,,UNGATED_NORMALIZED_SPLAT,,,,,6.711176344348739e-05,,,,,,0.5827963058485598,,0.0,,,,,,,,,0.0,,,,,,,convergence,701,,,,,,,,,,,,,,443969.3095703125,,,
,,,,,,,,,,,,,,,262144,,HARD_BIN_MONTE_CARLO,,,,,0.03274210654199124,,,,,,0.8535481137911117,,0.0,,,,,,,,,0.0,,,,,,,convergence,701,,,,,,,,,,,,,,1120354.5078125,,,
,,,,,,,,,,,,,,,262144,,CONTINUOUS_KERNEL_MONTE_CARLO,,,,,0.003099045716226101,,,,,,0.790943433145502,,0.0,,,,,,,,,0.0,,,,,,,convergence,701,,,,,,,,,,,,,,941789.16796875,,,
,,,,,,,,,,,,,,,32768,,LEGACY_GATED_NORMALIZED_SPLAT,,,,,0.003718178711521129,,,,,,0.5783766339185153,,0.002077608664209644,,,,,,,,,0.04558079271151001,,,,,,,convergence,809,,,,,,,,,,,,,,432362.23828125,,,
,,,,,,,,,,,,,,,32768,,UNGATED_NORMALIZED_SPLAT,,,,,0.0003355883915598194,,,,,,0.5811035957005474,,0.00027384636535619696,,,,,,,,,0.016548304002410547,,,,,,,convergence,809,,,,,,,,,,,,,,443494.849609375,,,
,,,,,,,,,,,,,,,32768,,HARD_BIN_MONTE_CARLO,,,,,0.43989234368006386,,,,,,0.8531353636892482,,0.1982489675283432,,,,,,,,,0.4452515777943333,,,,,,,convergence,809,,,,,,,,,,,,,,1902252.07421875,,,
,,,,,,,,,,,,,,,32768,,CONTINUOUS_KERNEL_MONTE_CARLO,,,,,0.07292312085628509,,,,,,0.7913211053958158,,0.0329642283419768,,,,,,,,,0.18156053630119293,,,,,,,convergence,809,,,,,,,,,,,,,,1071931.62890625,,,
,,,,,,,,,,,,,,,65536,,LEGACY_GATED_NORMALIZED_SPLAT,,,,,0.00012278195814966844,,,,,,0.5876817580225381,,0.0002854135954597344,,,,,,,,,0.016894188215470264,,,,,,,convergence,809,,,,,,,,,,,,,,439420.703125,,,
,,,,,,,,,,,,,,,65536,,UNGATED_NORMALIZED_SPLAT,,,,,0.00016745135605257625,,,,,,0.5819699159337747,,0.00012759002929669806,,,,,,,,,0.011295575651408743,,,,,,,convergence,809,,,,,,,,,,,,,,443744.8896484375,,,
,,,,,,,,,,,,,,,65536,,HARD_BIN_MONTE_CARLO,,,,,0.16709367781877518,,,,,,0.8530217589074371,,0.06971882730722427,,,,,,,,,0.26404322999695384,,,,,,,convergence,809,,,,,,,,,,,,,,1391953.98828125,,,
,,,,,,,,,,,,,,,65536,,CONTINUOUS_KERNEL_MONTE_CARLO,,,,,0.020911487812797228,,,,,,0.7912157454133403,,0.009838539144645135,,,,,,,,,0.09918941044610123,,,,,,,convergence,809,,,,,,,,,,,,,,980528.28515625,,,
,,,,,,,,,,,,,,,131072,,LEGACY_GATED_NORMALIZED_SPLAT,,,,,5.8534374087078804e-05,,,,,,0.5891645908897009,,0.00012088622049001666,,,,,,,,,0.010994826987725486,,,,,,,convergence,809,,,,,,,,,,,,,,440041.095703125,,,
,,,,,,,,,,,,,,,131072,,UNGATED_NORMALIZED_SPLAT,,,,,0.00010053941320317486,,,,,,0.5824707096747149,,4.786202080140356e-05,,,,,,,,,0.006918238272956748,,,,,,,convergence,809,,,,,,,,,,,,,,443869.009765625,,,
,,,,,,,,,,,,,,,131072,,HARD_BIN_MONTE_CARLO,,,,,0.07086522057652474,,,,,,0.8527229372570094,,0.019000967343648274,,,,,,,,,0.13784399640045364,,,,,,,convergence,809,,,,,,,,,,,,,,1192564.40234375,,,
,,,,,,,,,,,,,,,131072,,CONTINUOUS_KERNEL_MONTE_CARLO,,,,,0.0070789464438954985,,,,,,0.7909385614763852,,0.0019227796156580249,,,,,,,,,0.0438495110081974,,,,,,,convergence,809,,,,,,,,,,,,,,948576.0234375,,,
,,,,,,,,,,,,,,,262144,,LEGACY_GATED_NORMALIZED_SPLAT,,,,,3.165646109361357e-05,,,,,,0.5903023239249607,,0.0,,,,,,,,,0.0,,,,,,,convergence,809,,,,,,,,,,,,,,440500.4453125,,,
,,,,,,,,,,,,,,,262144,,UNGATED_NORMALIZED_SPLAT,,,,,6.612343737894359e-05,,,,,,0.5827922153214989,,0.0,,,,,,,,,0.0,,,,,,,convergence,809,,,,,,,,,,,,,,443954.248046875,,,
,,,,,,,,,,,,,,,262144,,HARD_BIN_MONTE_CARLO,,,,,0.031854702283938725,,,,,,0.852815388974959,,0.0,,,,,,,,,0.0,,,,,,,convergence,809,,,,,,,,,,,,,,1117991.09765625,,,
,,,,,,,,,,,,,,,262144,,CONTINUOUS_KERNEL_MONTE_CARLO,,,,,0.0029474527031804125,,,,,,0.7910243314727072,,0.0,,,,,,,,,0.0,,,,,,,convergence,809,,,,,,,,,,,,,,941324.259765625,,,
,,,,,,,,,,9.138835769578539e-05,211,,,,,,LEGACY_GATED_NORMALIZED_SPLAT,,0.00046130581145511937,0.8136138934467085,,,,0.00010042384639091551,,6.88759765625,0.43047485798597335,,,,,,,,,"[256, 256]",,,,,,,,,,multiseed,,,0.0007330584642480942,,"[{""fraction_total_self_sse"": 0.9550665198871425, ""region"": ""FOREGROUND"", ""rgb_scalars"": 1130325, ""self_mse"": 0.00046130581145511937, ""self_sse"": 521.4254913330078}, {""fraction_total_self_sse"": 0.5103137490061402, ""region"": ""SILHOUETTE_0_1PX"", ""rgb_scalars"": 74745, ""self_mse"": 0.0037274666044319568, ""self_sse"": 278.6094913482666}, {""fraction_total_self_sse"": 0.2285200473408858, ""region"": ""SILHOUETTE_1_2PX"", ""rgb_scalars"": 74097, ""self_mse"": 0.0016837682598767893, ""self_sse"": 124.76217675209045}, {""fraction_total_self_sse"": 0.08265127070371146, ""region"": ""SILHOUETTE_2_4PX"", ""rgb_scalars"": 158841, ""self_mse"": 0.00028408320592031685, ""self_sse"": 45.12406051158905}, {""fraction_total_self_sse"": 0.02771284623315526, ""region"": ""SILHOUETTE_4_8PX"", ""rgb_scalars"": 324771, ""self_mse"": 4.6586762166628235e-05, ""self_sse"": 15.130029335618019}, {""fraction_total_self_sse"": 0.15080207495254794, ""region"": ""INTERIOR_GT_8PX"", ""rgb_scalars"": 819840, ""self_mse"": 0.00010042384639091551, ""self_sse"": 82.33148622512817}]",,,0.00077667236328125,,0.14544806951936273,,,,,,,0.0001388441087328829,545.9572505950928
,,,,,,,,,,0.000140623234872485,211,,,,,,UNGATED_NORMALIZED_SPLAT,,0.0005443407486527989,0.7576133758869935,,,,3.719664534287591e-05,,6.88759765625,0.43047485798597335,,,,,,,,,"[256, 256]",,,,,,,,,,multiseed,,,0.0010063013301282117,,"[{""fraction_total_self_sse"": 0.9536723932583822, ""region"": ""FOREGROUND"", ""rgb_scalars"": 1168599, ""self_mse"": 0.0005443407486527989, ""self_sse"": 636.1160545349121}, {""fraction_total_self_sse"": 0.5548488501394306, ""region"": ""SILHOUETTE_0_1PX"", ""rgb_scalars"": 75768, ""self_mse"": 0.004884566340397635, ""self_sse"": 370.09382247924805}, {""fraction_total_self_sse"": 0.2438623898874243, ""region"": ""SILHOUETTE_1_2PX"", ""rgb_scalars"": 74547, ""self_mse"": 0.0021819851998999985, ""self_sse"": 162.6604506969452}, {""fraction_total_self_sse"": 0.12190880535931103, ""region"": ""SILHOUETTE_2_4PX"", ""rgb_scalars"": 158613, ""self_mse"": 0.0005126647318107652, ""self_sse"": 81.3152911067009}, {""fraction_total_self_sse"": 0.03131018357460763, ""region"": ""SILHOUETTE_4_8PX"", ""rgb_scalars"": 322050, ""self_mse"": 6.484842850099234e-05, ""self_sse"": 20.884436398744583}, {""fraction_total_self_sse"": 0.04806975169279538, ""region"": ""INTERIOR_GT_8PX"", ""rgb_scalars"": 861996, ""self_mse"": 3.719664534287591e-05, ""self_sse"": 32.06335949897766}]",,,0.001096343994140625,,0.11722136019443696,,,,,,,0.0001696312899487869,667.017373085022
,,,,,,,,,,0.4757834134058352,211,,,,,,HARD_BIN_MONTE_CARLO,,0.6014429598799469,0.522682833533407,,,,0.0,,6.88759765625,0.43047485798597335,,,,,,,,,"[256, 256]",,,,,,,,,,multiseed,,,0.47344321273219175,,"[{""fraction_total_self_sse"": 0.7533856371430189, ""region"": ""FOREGROUND"", ""rgb_scalars"": 837879, ""self_mse"": 0.6014429598799469, ""self_sse"": 503936.42578125}, {""fraction_total_self_sse"": 0.7266645217290518, ""region"": ""SILHOUETTE_0_1PX"", ""rgb_scalars"": 813240, ""self_mse"": 0.597686766677503, ""self_sse"": 486062.7861328125}, {""fraction_total_self_sse"": 0.18925392620422804, ""region"": ""SILHOUETTE_1_2PX"", ""rgb_scalars"": 255456, ""self_mse"": 0.49554968614947387, ""self_sse"": 126591.140625}, {""fraction_total_self_sse"": 0.0795106140891199, ""region"": ""SILHOUETTE_2_4PX"", ""rgb_scalars"": 172839, ""self_mse"": 0.30771011868907805, ""self_sse"": 53184.30920410156}, {""fraction_total_self_sse"": 0.004570944456895576, ""region"": ""SILHOUETTE_4_8PX"", ""rgb_scalars"": 171297, ""self_mse"": 0.017849029282088234, ""self_sse"": 3057.4851689338684}, {""fraction_total_self_sse"": 0.0, ""region"": ""INTERIOR_GT_8PX"", ""rgb_scalars"": 0, ""self_mse"": 0.0, ""self_sse"": 0.0}]",,,0.08254776000976563,,1.0771102975552311,,,,,,,0.17010897745688755,668895.716796875
,,,,,,,,,,0.07145925260307265,211,,,,,,CONTINUOUS_KERNEL_MONTE_CARLO,,0.0703042598812499,5.488657640187546e-10,,,,0.0770527557393864,,6.88759765625,0.43047485798597335,,,,,,,,,"[256, 256]",,,,,,,,,,multiseed,,,0.024942740781388587,,"[{""fraction_total_self_sse"": 0.9999999791986782, ""region"": ""FOREGROUND"", ""rgb_scalars"": 1168599, ""self_mse"": 0.0703042598812499, ""self_sse"": 82157.48779296875}, {""fraction_total_self_sse"": 5.9496798405227876e-06, ""region"": ""SILHOUETTE_0_1PX"", ""rgb_scalars"": 75768, ""self_mse"": 6.451414304689752e-06, ""self_sse"": 0.4888107590377331}, {""fraction_total_self_sse"": 0.0015789654150950413, ""region"": ""SILHOUETTE_1_2PX"", ""rgb_scalars"": 74547, ""self_mse"": 0.0017401617035510204, ""self_sse"": 129.72383451461792}, {""fraction_total_self_sse"": 0.04862558858342871, ""region"": ""SILHOUETTE_2_4PX"", ""rgb_scalars"": 158613, ""self_mse"": 0.025186814974619585, ""self_sse"": 3994.956283569336}, {""fraction_total_self_sse"": 0.14135232021226668, ""region"": ""SILHOUETTE_4_8PX"", ""rgb_scalars"": 322050, ""self_mse"": 0.036060089315062924, ""self_sse"": 11613.151763916016}, {""fraction_total_self_sse"": 0.8084371569648455, ""region"": ""INTERIOR_GT_8PX"", ""rgb_scalars"": 861996, ""self_mse"": 0.0770527557393864, ""self_sse"": 66419.16723632812}]",,,0.001096343994140625,,1.0460086579761612e-08,,,,,,,0.02089373003691435,82157.48950195312
,,,,,,,,,,3.4527459525511274e-05,211,,,,,,LEGACY_GATED_NORMALIZED_SPLAT,,0.00046044753295974763,0.9544763990465711,,,,0.0001662226320148767,,6.888433837890625,0.4305271044373512,,,,,,,,,"[512, 512]",,,,,,,,,,multiseed,,,0.0016343595271094808,,"[{""fraction_total_self_sse"": 0.6165417433813358, ""region"": ""FOREGROUND"", ""rgb_scalars"": 4410918, ""self_mse"": 0.00046044753295974763, ""self_sse"": 2030.9963111877441}, {""fraction_total_self_sse"": 0.4969946103452738, ""region"": ""SILHOUETTE_0_1PX"", ""rgb_scalars"": 170724, ""self_mse"": 0.009589671932213398, ""self_sse"": 1637.1871509552002}, {""fraction_total_self_sse"": 0.06515895049234453, ""region"": ""SILHOUETTE_1_2PX"", ""rgb_scalars"": 175839, ""self_mse"": 0.0012206903850448749, ""self_sse"": 214.64497661590576}, {""fraction_total_self_sse"": 0.1351135984017994, ""region"": ""SILHOUETTE_2_4PX"", ""rgb_scalars"": 415362, ""self_mse"": 0.0010715660534652335, ""self_sse"": 445.08781909942627}, {""fraction_total_self_sse"": 0.13193129137710313, ""region"": ""SILHOUETTE_4_8PX"", ""rgb_scalars"": 909387, ""self_mse"": 0.0004779095624875531, ""self_sse"": 434.60474330186844}, {""fraction_total_self_sse"": 0.17080149142854797, ""region"": ""INTERIOR_GT_8PX"", ""rgb_scalars"": 3384918, ""self_mse"": 0.0001662226320148767, ""self_sse"": 562.6499791145325}]",,,0.0006221771240234375,,0.3212969709997062,,,,,,,0.00020943799718224908,3294.1748600006104
,,,,,,,,,,4.53520427741374e-05,211,,,,,,UNGATED_NORMALIZED_SPLAT,,0.00023084478248922797,0.8109911284716785,,,,2.028428949475229e-05,,6.888433837890625,0.4305271044373512,,,,,,,,,"[512, 512]",,,,,,,,,,multiseed,,,0.0007725552786941852,,"[{""fraction_total_self_sse"": 0.9780535311514368, ""region"": ""FOREGROUND"", ""rgb_scalars"": 4490499, ""self_mse"": 0.00023084478248922797, ""self_sse"": 1036.6082649230957}, {""fraction_total_self_sse"": 0.43329747511379413, ""region"": ""SILHOUETTE_0_1PX"", ""rgb_scalars"": 151569, ""self_mse"": 0.003029896649233426, ""self_sse"": 459.23840522766113}, {""fraction_total_self_sse"": 0.15585433778960373, ""region"": ""SILHOUETTE_1_2PX"", ""rgb_scalars"": 149256, ""self_mse"": 0.0011067235144591506, ""self_sse"": 165.185124874115}, {""fraction_total_self_sse"": 0.2594781687051969, ""region"": ""SILHOUETTE_2_4PX"", ""rgb_scalars"": 318489, ""self_mse"": 0.0008634922195548165, ""self_sse"": 275.01277351379395}, {""fraction_total_self_sse"": 0.07743382587414288, ""region"": ""SILHOUETTE_4_8PX"", ""rgb_scalars"": 651153, ""self_mse"": 0.00012603748065538405, ""self_sse"": 82.0696836411953}, {""fraction_total_self_sse"": 0.07393615503479112, ""region"": ""INTERIOR_GT_8PX"", ""rgb_scalars"": 3863217, ""self_mse"": 2.028428949475229e-05, ""self_sse"": 78.36261200904846}]",,,0.0005096435546875,,0.10722855084432575,,,,,,,6.738463331809422e-05,1059.8686389923096
,,,,,,,,,,0.5200337988546596,211,,,,,,HARD_BIN_MONTE_CARLO,,0.6584954652861029,0.5619143333219268,,,,1.2401262992186564,,6.888433837890625,0.4305271044373512,,,,,,,,,"[512, 512]",,,,,,,,,,multiseed,,,0.5588320044831737,,"[{""fraction_total_self_sse"": 0.7253449396664982, ""region"": ""FOREGROUND"", ""rgb_scalars"": 3063024, ""self_mse"": 0.6584954652861029, ""self_sse"": 2016987.4140625}, {""fraction_total_self_sse"": 0.7761529422678847, ""region"": ""SILHOUETTE_0_1PX"", ""rgb_scalars"": 3452103, ""self_mse"": 0.6252046012785539, ""self_sse"": 2158270.6796875}, {""fraction_total_self_sse"": 0.160769299840088, ""region"": ""SILHOUETTE_1_2PX"", ""rgb_scalars"": 765354, ""self_mse"": 0.5841163553891402, ""self_sse"": 447055.7890625}, {""fraction_total_self_sse"": 0.058220398186446524, ""region"": ""SILHOUETTE_2_4PX"", ""rgb_scalars"": 408735, ""self_mse"": 0.3960882380431392, ""self_sse"": 161895.1259765625}, {""fraction_total_self_sse"": 0.004740964925734953, ""region"": ""SILHOUETTE_4_8PX"", ""rgb_scalars"": 349194, ""self_mse"": 0.037753617562034374, ""self_sse"": 13183.336730957031}, {""fraction_total_self_sse"": 0.00011639861755065226, ""region"": ""INTERIOR_GT_8PX"", ""rgb_scalars"": 261, ""self_mse"": 1.2401262992186564, ""self_sse"": 323.67296409606934}]",,,0.09444236755371094,,1.0518908437889192,,,,,,,0.17679396271705627,2780728.59375
,,,,,,,,,,0.092450225696673,211,,,,,,CONTINUOUS_KERNEL_MONTE_CARLO,,0.09093870860291658,1.915119146880691e-10,,,,0.09567835409357338,,6.888433837890625,0.4305271044373512,,,,,,,,,"[512, 512]",,,,,,,,,,multiseed,,,0.030489596512724357,,"[{""fraction_total_self_sse"": 0.9999949182455717, ""region"": ""FOREGROUND"", ""rgb_scalars"": 4490496, ""self_mse"": 0.09093870860291658, ""self_sse"": 408359.9072265625}, {""fraction_total_self_sse"": 2.9551817327283953e-05, ""region"": ""SILHOUETTE_0_1PX"", ""rgb_scalars"": 151569, ""self_mse"": 7.961943872387355e-05, ""self_sse"": 12.06783870793879}, {""fraction_total_self_sse"": 0.0005449506797199281, ""region"": ""SILHOUETTE_1_2PX"", ""rgb_scalars"": 149256, ""self_mse"": 0.0014909761744424219, ""self_sse"": 222.53713989257812}, {""fraction_total_self_sse"": 0.02196538901655186, ""region"": ""SILHOUETTE_2_4PX"", ""rgb_scalars"": 318489, ""self_mse"": 0.028163703623882763, ""self_sse"": 8969.829803466797}, {""fraction_total_self_sse"": 0.07231719087932933, ""region"": ""SILHOUETTE_4_8PX"", ""rgb_scalars"": 651153, ""self_mse"": 0.04535276875122139, ""self_sse"": 29531.591430664062}, {""fraction_total_self_sse"": 0.9051429196202521, ""region"": ""INTERIOR_GT_8PX"", ""rgb_scalars"": 3863214, ""self_mse"": 0.09567835409357338, ""self_sse"": 369625.95703125}]",,,0.0005096435546875,,9.75626062118624e-09,,,,,,,0.02596295562883218,408361.982421875
,,,,,,,,,,1.879687303007317e-05,211,,,,,,LEGACY_GATED_NORMALIZED_SPLAT,,0.00015964012420485694,0.9121638750354856,,,,6.437504412193917e-05,,6.888131172839506,0.4305081817250193,,,,,,,,,"[540, 960]",,,,,,,,,,multiseed,,,0.0006132878632658089,,"[{""fraction_total_self_sse"": 0.7572745885687046, ""region"": ""FOREGROUND"", ""rgb_scalars"": 8672685, ""self_mse"": 0.00015964012420485694, ""self_sse"": 1384.5085105895996}, {""fraction_total_self_sse"": 0.43807386318205255, ""region"": ""SILHOUETTE_0_1PX"", ""rgb_scalars"": 249276, ""self_mse"": 0.0032129881327241662, ""self_sse"": 800.9208297729492}, {""fraction_total_self_sse"": 0.10678604719157857, ""region"": ""SILHOUETTE_1_2PX"", ""rgb_scalars"": 247986, ""self_mse"": 0.000787280679059623, ""self_sse"": 195.23458647727966}, {""fraction_total_self_sse"": 0.12175072810201967, ""region"": ""SILHOUETTE_2_4PX"", ""rgb_scalars"": 541524, ""self_mse"": 0.0004110513738268896, ""self_sse"": 222.59418416023254}, {""fraction_total_self_sse"": 0.07162701008757505, ""region"": ""SILHOUETTE_4_8PX"", ""rgb_scalars"": 1161981, ""self_mse"": 0.00011269899470425337, ""self_sse"": 130.95409056544304}, {""fraction_total_self_sse"": 0.26176243044655956, ""region"": ""INTERIOR_GT_8PX"", ""rgb_scalars"": 7434162, ""self_mse"": 6.437504412193917e-05, ""self_sse"": 478.57450675964355}]",,,0.0002631172839506173,,0.2037743394092847,,,,,,,5.877951560197053e-05,1828.2780532836914
,,,,,,,,,,2.338503140697865e-05,211,,,,,,UNGATED_NORMALIZED_SPLAT,,0.0001474733915418978,0.8473597648708546,,,,1.2036654320436293e-05,,6.888131172839506,0.4305081817250193,,,,,,,,,"[540, 960]",,,,,,,,,,multiseed,,,0.0006438516864991272,,"[{""fraction_total_self_sse"": 0.978544312806018, ""region"": ""FOREGROUND"", ""rgb_scalars"": 8786781, ""self_mse"": 0.0001474733915418978, ""self_sse"": 1295.8163948059082}, {""fraction_total_self_sse"": 0.3672992737569165, ""region"": ""SILHOUETTE_0_1PX"", ""rgb_scalars"": 230178, ""self_mse"": 0.00211309601313474, ""self_sse"": 486.3882141113281}, {""fraction_total_self_sse"": 0.1761524140113607, ""region"": ""SILHOUETTE_1_2PX"", ""rgb_scalars"": 226962, ""self_mse"": 0.0010277758826987276, ""self_sse"": 233.2660698890686}, {""fraction_total_self_sse"": 0.22775249720867968, ""region"": ""SILHOUETTE_2_4PX"", ""rgb_scalars"": 479547, ""self_mse"": 0.0006289193288097761, ""self_sse"": 301.5963773727417}, {""fraction_total_self_sse"": 0.15758940867104404, ""region"": ""SILHOUETTE_4_8PX"", ""rgb_scalars"": 973590, ""self_mse"": 0.0002143452652115929, ""self_sse"": 208.68440675735474}, {""fraction_total_self_sse"": 0.0712064239062272, ""region"": ""INTERIOR_GT_8PX"", ""rgb_scalars"": 7833870, ""self_mse"": 1.2036654320436293e-05, ""self_sse"": 94.29358518123627}]",,,0.00033950617283950616,,0.10625928604241573,,,,,,,4.2574222931646026e-05,1324.228630065918
,,,,,,,,,,0.4977523977707068,211,,,,,,HARD_BIN_MONTE_CARLO,,0.6407969910830577,0.580516507566616,,,,1.0582592192051616,,6.888131172839506,0.4305081817250193,,,,,,,,,"[540, 960]",,,,,,,,,,multiseed,,,0.5570886808677257,,"[{""fraction_total_self_sse"": 0.719808406659749, ""region"": ""FOREGROUND"", ""rgb_scalars"": 5954115, ""self_mse"": 0.6407969910830577, ""self_sse"": 3815378.9765625}, {""fraction_total_self_sse"": 0.7905777158905702, ""region"": ""SILHOUETTE_0_1PX"", ""rgb_scalars"": 6908202, ""self_mse"": 0.6065970702289829, ""self_sse"": 4190495.09375}, {""fraction_total_self_sse"": 0.14342670303346497, ""region"": ""SILHOUETTE_1_2PX"", ""rgb_scalars"": 1332132, ""self_mse"": 0.5706942834400044, ""self_sse"": 760240.1171875}, {""fraction_total_self_sse"": 0.0585777638160399, ""region"": ""SILHOUETTE_2_4PX"", ""rgb_scalars"": 725292, ""self_mse"": 0.42809550649083405, ""self_sse"": 310494.24609375}, {""fraction_total_self_sse"": 0.007194455607805247, ""region"": ""SILHOUETTE_4_8PX"", ""rgb_scalars"": 546978, ""self_mse"": 0.06971863026630098, ""self_sse"": 38134.55694580078}, {""fraction_total_self_sse"": 0.0002234093676281943, ""region"": ""INTERIOR_GT_8PX"", ""rgb_scalars"": 1119, ""self_mse"": 1.0582592192051616, ""self_sse"": 1184.192066290576}]",,,0.09658333333333333,,1.0242757918229517,,,,,,,0.17041370734069572,5300547.953125
,,,,,,,,,,0.0765739446288104,211,,,,,,CONTINUOUS_KERNEL_MONTE_CARLO,,0.07532045176192795,8.785690054524444e-11,,,,0.07845853964898575,,6.888131172839506,0.4305081817250193,,,,,,,,,"[540, 960]",,,,,,,,,,multiseed,,,0.024729199332072776,,"[{""fraction_total_self_sse"": 0.9999255339550351, ""region"": ""FOREGROUND"", ""rgb_scalars"": 8786781, ""self_mse"": 0.07532045176192795, ""self_sse"": 661824.314453125}, {""fraction_total_self_sse"": 0.0002013525010379856, ""region"": ""SILHOUETTE_0_1PX"", ""rgb_scalars"": 230178, ""self_mse"": 0.000578986284725858, ""self_sse"": 133.26990504562855}, {""fraction_total_self_sse"": 0.0007278599546330496, ""region"": ""SILHOUETTE_1_2PX"", ""rgb_scalars"": 226962, ""self_mse"": 0.0021226077035190667, ""self_sse"": 481.75128960609436}, {""fraction_total_self_sse"": 0.017420753810743414, ""region"": ""SILHOUETTE_2_4PX"", ""rgb_scalars"": 479547, ""self_mse"": 0.024044227295031334, ""self_sse"": 11530.33706665039}, {""fraction_total_self_sse"": 0.053022604872477244, ""region"": ""SILHOUETTE_4_8PX"", ""rgb_scalars"": 973590, ""self_mse"": 0.036046243748571655, ""self_sse"": 35094.262451171875}, {""fraction_total_self_sse"": 0.9286274577940857, ""region"": ""INTERIOR_GT_8PX"", ""rgb_scalars"": 7833870, ""self_mse"": 0.07845853964898575, ""self_sse"": 614634.0}]",,,0.00033950617283950616,,5.506644241098419e-09,,,,,,,0.021279372478218237,661873.6015625
,,,,,,,,,,9.744529750393055e-06,211,,,,,,LEGACY_GATED_NORMALIZED_SPLAT,,0.0008443738728831894,0.9922899042159052,,,,0.00044005876492138167,,6.888516975308642,0.4305323169849537,,,,,,,,,"[1080, 1920]",,,,,,,,,,multiseed,,,0.0031136666386385064,,"[{""fraction_total_self_sse"": 0.6779237013345354, ""region"": ""FOREGROUND"", ""rgb_scalars"": 34263117, ""self_mse"": 0.0008443738728831894, ""self_sse"": 28930.880798339844}, {""fraction_total_self_sse"": 0.42786985614621176, ""region"": ""SILHOUETTE_0_1PX"", ""rgb_scalars"": 817089, ""self_mse"": 0.022347202546292577, ""self_sse"": 18259.653381347656}, {""fraction_total_self_sse"": 0.05453386023385509, ""region"": ""SILHOUETTE_1_2PX"", ""rgb_scalars"": 877914, ""self_mse"": 0.0026509107365949086, ""self_sse"": 2327.2716484069824}, {""fraction_total_self_sse"": 0.07645719571544675, ""region"": ""SILHOUETTE_2_4PX"", ""rgb_scalars"": 2405196, ""self_mse"": 0.0013565903710551414, ""self_sse"": 3262.865734100342}, {""fraction_total_self_sse"": 0.16978173026932078, ""region"": ""SILHOUETTE_4_8PX"", ""rgb_scalars"": 5886531, ""self_mse"": 0.0012308704848807135, ""self_sse"": 7245.557266235352}, {""fraction_total_self_sse"": 0.2713574157373682, ""region"": ""INTERIOR_GT_8PX"", ""rgb_scalars"": 26315514, ""self_mse"": 0.00044005876492138167, ""self_sse"": 11580.372589111328}]",,,0.0006904899691358025,,0.4929306265439391,,,,,,,0.00034300827980041505,42675.71813964844
,,,,,,,,,,1.0589816746156126e-05,211,,,,,,UNGATED_NORMALIZED_SPLAT,,6.557508211205669e-05,0.8455654985779869,,,,1.2406913280710178e-05,,6.888516975308642,0.4305323169849537,,,,,,,,,"[1080, 1920]",,,,,,,,,,multiseed,,,0.00047973337672789403,,"[{""fraction_total_self_sse"": 0.9717172043112523, ""region"": ""FOREGROUND"", ""rgb_scalars"": 34580745, ""self_mse"": 6.557508211205669e-05, ""self_sse"": 2267.6351928710938}, {""fraction_total_self_sse"": 0.1619447902017581, ""region"": ""SILHOUETTE_0_1PX"", ""rgb_scalars"": 491691, ""self_mse"": 0.0007686135186487671, ""self_sse"": 377.9203495979309}, {""fraction_total_self_sse"": 0.24278545366642487, ""region"": ""SILHOUETTE_1_2PX"", ""rgb_scalars"": 479982, ""self_mse"": 0.001180404912226801, ""self_sse"": 566.5731105804443}, {""fraction_total_self_sse"": 0.2122369204634326, ""region"": ""SILHOUETTE_2_4PX"", ""rgb_scalars"": 1015389, ""self_mse"": 0.0004877775159104375, ""self_sse"": 495.2839241027832}, {""fraction_total_self_sse"": 0.2102921438701985, ""region"": ""SILHOUETTE_4_8PX"", ""rgb_scalars"": 2037096, ""self_mse"": 0.00024090446476033046, ""self_sse"": 490.74552154541016}, {""fraction_total_self_sse"": 0.17274055755193557, ""region"": ""INTERIOR_GT_8PX"", ""rgb_scalars"": 32491059, ""self_mse"": 1.2406913280710178e-05, ""self_sse"": 403.113751411438}]",,,0.0001554542824074074,,0.10202383064359563,,,,,,,1.8756727193608696e-05,2333.6369705200195
,,,,,,,,,,0.5827431727286284,211,,,,,,HARD_BIN_MONTE_CARLO,,0.7129555102717325,0.5935512048254239,,,,0.91156509165043,,6.888516975308642,0.4305323169849537,,,,,,,,,"[1080, 1920]",,,,,,,,,,multiseed,,,0.6369965066868044,,"[{""fraction_total_self_sse"": 0.6912184032211215, ""region"": ""FOREGROUND"", ""rgb_scalars"": 22269174, ""self_mse"": 0.7129555102717325, ""self_sse"": 15876930.3125}, {""fraction_total_self_sse"": 0.8125900301146834, ""region"": ""SILHOUETTE_0_1PX"", ""rgb_scalars"": 28327269, ""self_mse"": 0.6588977567869321, ""self_sse"": 18664774.0}, {""fraction_total_self_sse"": 0.127535831507428, ""region"": ""SILHOUETTE_1_2PX"", ""rgb_scalars"": 4450329, ""self_mse"": 0.658250724623393, ""self_sse"": 2929432.2890625}, {""fraction_total_self_sse"": 0.050474055081232094, ""region"": ""SILHOUETTE_2_4PX"", ""rgb_scalars"": 2029425, ""self_mse"": 0.5712766027476994, ""self_sse"": 1159363.01953125}, {""fraction_total_self_sse"": 0.009092589811754318, ""region"": ""SILHOUETTE_4_8PX"", ""rgb_scalars"": 1240932, ""self_mse"": 0.16830261417174752, ""self_sse"": 208852.099609375}, {""fraction_total_self_sse"": 0.0003074071269797161, ""region"": ""INTERIOR_GT_8PX"", ""rgb_scalars"": 7746, ""self_mse"": 0.91156509165043, ""self_sse"": 7060.983199924231}]",,,0.10197620081018519,,1.0745691655176985,,,,,,,0.18461841222190073,22969484.375
,,,,,,,,,,0.09927163124717087,211,,,,,,CONTINUOUS_KERNEL_MONTE_CARLO,,0.0976318059642006,1.2116039213643319e-06,,,,0.09949257261436138,,6.888516975308642,0.4305323169849537,,,,,,,,,"[1080, 1920]",,,,,,,,,,multiseed,,,0.036233047013052,,"[{""fraction_total_self_sse"": 0.9993352235285015, ""region"": ""FOREGROUND"", ""rgb_scalars"": 34580745, ""self_mse"": 0.0976318059642006, ""self_sse"": 3376180.5859375}, {""fraction_total_self_sse"": 0.0011971720741841255, ""region"": ""SILHOUETTE_0_1PX"", ""rgb_scalars"": 491691, ""self_mse"": 0.008225812231213915, ""self_sse"": 4044.5578417778015}, {""fraction_total_self_sse"": 0.001228512578663373, ""region"": ""SILHOUETTE_1_2PX"", ""rgb_scalars"": 479982, ""self_mse"": 0.008647073082207593, ""self_sse"": 4150.439432144165}, {""fraction_total_self_sse"": 0.00933978450486461, ""region"": ""SILHOUETTE_2_4PX"", ""rgb_scalars"": 1015389, ""self_mse"": 0.031075553634705363, ""self_sse"": 31553.775329589844}, {""fraction_total_self_sse"": 0.03139293807011997, ""region"": ""SILHOUETTE_4_8PX"", ""rgb_scalars"": 2037096, ""self_mse"": 0.05206368938844193, ""self_sse"": 106058.7333984375}, {""fraction_total_self_sse"": 0.9568416130484562, ""region"": ""INTERIOR_GT_8PX"", ""rgb_scalars"": 32491059, ""self_mse"": 0.09949257261436138, ""self_sse"": 3232619.046875}]",,,0.0001554542824074074,,0.00021163925218498856,,,,,,,0.02715427665553466,3378426.484375
,,,,,,,,,,8.084350221876569e-05,307,,,,,,LEGACY_GATED_NORMALIZED_SPLAT,,0.00037497230735483337,0.7988107321264538,,,,3.217352353542415e-05,,6.88759765625,0.43047485798597335,,,,,,,,,"[256, 256]",,,,,,,,,,multiseed,,,0.0006659372150506869,,"[{""fraction_total_self_sse"": 0.9470201335272893, ""region"": ""FOREGROUND"", ""rgb_scalars"": 1130325, ""self_mse"": 0.00037497230735483337, ""self_sse"": 423.84057331085205}, {""fraction_total_self_sse"": 0.5745280021076853, ""region"": ""SILHOUETTE_0_1PX"", ""rgb_scalars"": 74745, ""self_mse"": 0.003440110325709626, ""self_sse"": 257.131046295166}, {""fraction_total_self_sse"": 0.24571915564056446, ""region"": ""SILHOUETTE_1_2PX"", ""rgb_scalars"": 74097, ""self_mse"": 0.0014841633595820132, ""self_sse"": 109.97205245494843}, {""fraction_total_self_sse"": 0.09677105304258435, ""region"": ""SILHOUETTE_2_4PX"", ""rgb_scalars"": 158841, ""self_mse"": 0.0002726629760946034, ""self_sse"": 43.310059785842896}, {""fraction_total_self_sse"": 0.02404525391420143, ""region"": ""SILHOUETTE_4_8PX"", ""rgb_scalars"": 324771, ""self_mse"": 3.313564595271691e-05, ""self_sse"": 10.761496871709824}, {""fraction_total_self_sse"": 0.05893650979112507, ""region"": ""INTERIOR_GT_8PX"", ""rgb_scalars"": 819840, ""self_mse"": 3.217352353542415e-05, ""self_sse"": 26.377141535282135}]",,,0.00067901611328125,,0.133898572171672,,,,,,,0.00011381831063772552,447.55180835723877
,,,,,,,,,,0.00012554082193436773,307,,,,,,UNGATED_NORMALIZED_SPLAT,,0.0005312297435484659,0.7795630811586185,,,,3.165894633351262e-05,,6.88759765625,0.43047485798597335,,,,,,,,,"[256, 256]",,,,,,,,,,multiseed,,,0.0009945848654579056,,"[{""fraction_total_self_sse"": 0.947993543749339, ""region"": ""FOREGROUND"", ""rgb_scalars"": 1168599, ""self_mse"": 0.0005312297435484659, ""self_sse"": 620.7945470809937}, {""fraction_total_self_sse"": 0.5346895724416426, ""region"": ""SILHOUETTE_0_1PX"", ""rgb_scalars"": 75768, ""self_mse"": 0.004621238734173102, ""self_sse"": 350.14201641082764}, {""fraction_total_self_sse"": 0.2590333515731907, ""region"": ""SILHOUETTE_1_2PX"", ""rgb_scalars"": 74547, ""self_mse"": 0.0022754538301820496, ""self_sse"": 169.62825667858124}, {""fraction_total_self_sse"": 0.13511644568297299, ""region"": ""SILHOUETTE_2_4PX"", ""rgb_scalars"": 158613, ""self_mse"": 0.0005578429473938089, ""self_sse"": 88.48114341497421}, {""fraction_total_self_sse"": 0.029487245027995414, ""region"": ""SILHOUETTE_4_8PX"", ""rgb_scalars"": 322050, ""self_mse"": 5.995886580504684e-05, ""self_sse"": 19.309752732515335}, {""fraction_total_self_sse"": 0.04167342482245739, ""region"": ""INTERIOR_GT_8PX"", ""rgb_scalars"": 861996, ""self_mse"": 3.165894633351262e-05, ""self_sse"": 27.289885103702545}]",,,0.001068878173828125,,0.12146031059539236,,,,,,,0.00016653722850605844,654.8510284423828
,,,,,,,,,,0.44412234265164274,307,,,,,,HARD_BIN_MONTE_CARLO,,0.5620124920707524,0.5176721366078788,,,,0.0,,6.88759765625,0.43047485798597335,,,,,,,,,"[256, 256]",,,,,,,,,,multiseed,,,0.4457697853920538,,"[{""fraction_total_self_sse"": 0.7476978366339678, ""region"": ""FOREGROUND"", ""rgb_scalars"": 837879, ""self_mse"": 0.5620124920707524, ""self_sse"": 470898.46484375}, {""fraction_total_self_sse"": 0.7299872080102889, ""region"": ""SILHOUETTE_0_1PX"", ""rgb_scalars"": 813240, ""self_mse"": 0.5653243195236031, ""self_sse"": 459744.349609375}, {""fraction_total_self_sse"": 0.186414422892575, ""region"": ""SILHOUETTE_1_2PX"", ""rgb_scalars"": 255456, ""self_mse"": 0.45958363273665526, ""self_sse"": 117403.396484375}, {""fraction_total_self_sse"": 0.07949709435520047, ""region"": ""SILHOUETTE_2_4PX"", ""rgb_scalars"": 172839, ""self_mse"": 0.28967476342461407, ""self_sse"": 50067.096435546875}, {""fraction_total_self_sse"": 0.004101276375437844, ""region"": ""SILHOUETTE_4_8PX"", ""rgb_scalars"": 171297, ""self_mse"": 0.015078926692991084, ""self_sse"": 2582.974905729294}, {""fraction_total_self_sse"": 0.0, ""region"": ""INTERIOR_GT_8PX"", ""rgb_scalars"": 0, ""self_mse"": 0.0, ""self_sse"": 0.0}]",,,0.08010406494140625,,1.035071150891162,,,,,,,0.16016586720943451,629797.81640625
,,,,,,,,,,0.06168388719979017,307,,,,,,CONTINUOUS_KERNEL_MONTE_CARLO,,0.060694336815788605,6.9403024741920626e-09,,,,0.06655328409047323,,6.88759765625,0.43047485798597335,,,,,,,,,"[256, 256]",,,,,,,,,,multiseed,,,0.02148835175006369,,"[{""fraction_total_self_sse"": 1.0000000137684917, ""region"": ""FOREGROUND"", ""rgb_scalars"": 1168599, ""self_mse"": 0.060694336815788605, ""self_sse"": 70927.34130859375}, {""fraction_total_self_sse"": 5.0088667925848655e-06, ""region"": ""SILHOUETTE_0_1PX"", ""rgb_scalars"": 75768, ""self_mse"": 4.688860728480052e-06, ""self_sse"": 0.35526559967547655}, {""fraction_total_self_sse"": 0.0015427943483874288, ""region"": ""SILHOUETTE_1_2PX"", ""rgb_scalars"": 74547, ""self_mse"": 0.0014678833462166089, ""self_sse"": 109.42629981040955}, {""fraction_total_self_sse"": 0.048673170508044886, ""region"": ""SILHOUETTE_2_4PX"", ""rgb_scalars"": 158613, ""self_mse"": 0.021765293700157527, ""self_sse"": 3452.258529663086}, {""fraction_total_self_sse"": 0.1409419423974082, ""region"": ""SILHOUETTE_4_8PX"", ""rgb_scalars"": 322050, ""self_mse"": 0.031040636905693263, ""self_sse"": 9996.637115478516}, {""fraction_total_self_sse"": 0.8088371057520607, ""region"": ""INTERIOR_GT_8PX"", ""rgb_scalars"": 861996, ""self_mse"": 0.06655328409047323, ""self_sse"": 57368.66467285156}]",,,0.001068878173828125,,1.1712043673429906e-07,,,,,,,0.018037755414843558,70927.34033203125
,,,,,,,,,,3.434340249134498e-05,307,,,,,,LEGACY_GATED_NORMALIZED_SPLAT,,0.0005171360877726545,0.9578497626216423,,,,0.00020246205304304374,,6.888433837890625,0.4305271044373512,,,,,,,,,"[512, 512]",,,,,,,,,,multiseed,,,0.001707106223071788,,"[{""fraction_total_self_sse"": 0.6446498537739899, ""region"": ""FOREGROUND"", ""rgb_scalars"": 4410918, ""self_mse"": 0.0005171360877726545, ""self_sse"": 2281.0448780059814}, {""fraction_total_self_sse"": 0.4646026716091679, ""region"": ""SILHOUETTE_0_1PX"", ""rgb_scalars"": 170724, ""self_mse"": 0.009629352088106492, ""self_sse"": 1643.9615058898926}, {""fraction_total_self_sse"": 0.05900194856270705, ""region"": ""SILHOUETTE_1_2PX"", ""rgb_scalars"": 175839, ""self_mse"": 0.0011873017029184686, ""self_sse"": 208.7739441394806}, {""fraction_total_self_sse"": 0.1255892665903969, ""region"": ""SILHOUETTE_2_4PX"", ""rgb_scalars"": 415362, ""self_mse"": 0.0010698815633678924, ""self_sse"": 444.3881459236145}, {""fraction_total_self_sse"": 0.15712741923096016, ""region"": ""SILHOUETTE_4_8PX"", ""rgb_scalars"": 909387, ""self_mse"": 0.0006113827445758169, ""self_sse"": 555.9835199415684}, {""fraction_total_self_sse"": 0.19367869377936092, ""region"": ""INTERIOR_GT_8PX"", ""rgb_scalars"": 3384918, ""self_mse"": 0.00020246205304304374, ""self_sse"": 685.3174476623535}]",,,0.0006557464599609375,,0.3286095723316192,,,,,,,0.00022496697517150702,3538.4245643615723
,,,,,,,,,,4.554780852494138e-05,307,,,,,,UNGATED_NORMALIZED_SPLAT,,0.00022982004014730342,0.8094625960938168,,,,1.98580311109146e-05,,6.888433837890625,0.4305271044373512,,,,,,,,,"[512, 512]",,,,,,,,,,multiseed,,,0.0007707249619290086,,"[{""fraction_total_self_sse"": 0.9773747792723118, ""region"": ""FOREGROUND"", ""rgb_scalars"": 4490499, ""self_mse"": 0.00022982004014730342, ""self_sse"": 1032.0066604614258}, {""fraction_total_self_sse"": 0.43592840616095524, ""region"": ""SILHOUETTE_0_1PX"", ""rgb_scalars"": 151569, ""self_mse"": 0.0030368696860002898, ""self_sse"": 460.29530143737793}, {""fraction_total_self_sse"": 0.1544187054090546, ""region"": ""SILHOUETTE_1_2PX"", ""rgb_scalars"": 149256, ""self_mse"": 0.0010924195929560663, ""self_sse"": 163.0501787662506}, {""fraction_total_self_sse"": 0.2582624538783748, ""region"": ""SILHOUETTE_2_4PX"", ""rgb_scalars"": 318489, ""self_mse"": 0.0008562255990935696, ""self_sse"": 272.6984348297119}, {""fraction_total_self_sse"": 0.0787356630101692, ""region"": ""SILHOUETTE_4_8PX"", ""rgb_scalars"": 651153, ""self_mse"": 0.00012767616086191926, ""self_sse"": 83.13671517372131}, {""fraction_total_self_sse"": 0.0726547341719948, ""region"": ""INTERIOR_GT_8PX"", ""rgb_scalars"": 3863217, ""self_mse"": 1.98580311109146e-05, ""self_sse"": 76.71588337421417}]",,,0.0005075454711914063,,0.10706611111485748,,,,,,,6.713209489438062e-05,1055.8965530395508
,,,,,,,,,,0.5305651528020423,307,,,,,,HARD_BIN_MONTE_CARLO,,0.672945026100024,0.5653168874851492,,,,1.248660405476888,,6.888433837890625,0.4305271044373512,,,,,,,,,"[512, 512]",,,,,,,,,,multiseed,,,0.5707495651831163,,"[{""fraction_total_self_sse"": 0.7257846478420049, ""region"": ""FOREGROUND"", ""rgb_scalars"": 3063024, ""self_mse"": 0.672945026100024, ""self_sse"": 2061246.765625}, {""fraction_total_self_sse"": 0.7761663237161023, ""region"": ""SILHOUETTE_0_1PX"", ""rgb_scalars"": 3452103, ""self_mse"": 0.6385475752027098, ""self_sse"": 2204332.0}, {""fraction_total_self_sse"": 0.16075651940645258, ""region"": ""SILHOUETTE_1_2PX"", ""rgb_scalars"": 765354, ""self_mse"": 0.596524723210191, ""self_sse"": 456552.5830078125}, {""fraction_total_self_sse"": 0.05831146430503718, ""region"": ""SILHOUETTE_2_4PX"", ""rgb_scalars"": 408735, ""self_mse"": 0.405167245720791, ""self_sse"": 165606.0341796875}, {""fraction_total_self_sse"": 0.0046509370563927, ""region"": ""SILHOUETTE_4_8PX"", ""rgb_scalars"": 349194, ""self_mse"": 0.03782647734687326, ""self_sse"": 13208.778930664062}, {""fraction_total_self_sse"": 0.00011475262748242588, ""region"": ""INTERIOR_GT_8PX"", ""rgb_scalars"": 261, ""self_mse"": 1.248660405476888, ""self_sse"": 325.9003658294678}]",,,0.09465827941894531,,1.0783615401626494,,,,,,,0.1805639460682869,2840025.3046875
,,,,,,,,,,0.09599809782791718,307,,,,,,CONTINUOUS_KERNEL_MONTE_CARLO,,0.09442760558215618,3.496116000553016e-10,,,,0.09948736503991559,,6.888433837890625,0.4305271044373512,,,,,,,,,"[512, 512]",,,,,,,,,,multiseed,,,0.031239795596862185,,"[{""fraction_total_self_sse"": 0.9999921442969257, ""region"": ""FOREGROUND"", ""rgb_scalars"": 4490496, ""self_mse"": 0.09442760558215618, ""self_sse"": 424026.78515625}, {""fraction_total_self_sse"": 3.172661118388453e-05, ""region"": ""SILHOUETTE_0_1PX"", ""rgb_scalars"": 151569, ""self_mse"": 8.875851016554694e-05, ""self_sse"": 13.453038627281785}, {""fraction_total_self_sse"": 0.0005650827022689554, ""region"": ""SILHOUETTE_1_2PX"", ""rgb_scalars"": 149256, ""self_mse"": 0.0016053765604859822, ""self_sse"": 239.61208391189575}, {""fraction_total_self_sse"": 0.021652153347358954, ""region"": ""SILHOUETTE_2_4PX"", ""rgb_scalars"": 318489, ""self_mse"": 0.028827259654486202, ""self_sse"": 9181.165100097656}, {""fraction_total_self_sse"": 0.07135082630515638, ""region"": ""SILHOUETTE_4_8PX"", ""rgb_scalars"": 651153, ""self_mse"": 0.04646357948120008, ""self_sse"": 30254.899169921875}, {""fraction_total_self_sse"": 0.9064001983626057, ""region"": ""INTERIOR_GT_8PX"", ""rgb_scalars"": 3863214, ""self_mse"": 0.09948736503991559, ""self_sse"": 384340.9814453125}]",,,0.0005075454711914063,,1.8570192584259218e-08,,,,,,,0.026959108747541906,424030.1162109375
,,,,,,,,,,1.914933985139566e-05,307,,,,,,LEGACY_GATED_NORMALIZED_SPLAT,,0.00016323652207619698,0.9120921295149684,,,,6.721239775988305e-05,,6.888131172839506,0.4305081817250193,,,,,,,,,"[540, 960]",,,,,,,,,,multiseed,,,0.0006185720819866218,,"[{""fraction_total_self_sse"": 0.7607191736684321, ""region"": ""FOREGROUND"", ""rgb_scalars"": 8672685, ""self_mse"": 0.00016323652207619698, ""self_sse"": 1415.6989364624023}, {""fraction_total_self_sse"": 0.4274018247508059, ""region"": ""SILHOUETTE_0_1PX"", ""rgb_scalars"": 249276, ""self_mse"": 0.0031908210468287643, ""self_sse"": 795.3951072692871}, {""fraction_total_self_sse"": 0.10949620034470624, ""region"": ""SILHOUETTE_1_2PX"", ""rgb_scalars"": 247986, ""self_mse"": 0.0008217097280540668, ""self_sse"": 203.77250862121582}, {""fraction_total_self_sse"": 0.11843305401089586, ""region"": ""SILHOUETTE_2_4PX"", ""rgb_scalars"": 541524, ""self_mse"": 0.00040700689130204835, ""self_sse"": 220.40399980545044}, {""fraction_total_self_sse"": 0.0761748274905815, ""region"": ""SILHOUETTE_4_8PX"", ""rgb_scalars"": 1161981, ""self_mse"": 0.00012199976545356443, ""self_sse"": 141.76140946149826}, {""fraction_total_self_sse"": 0.26849417395412434, ""region"": ""INTERIOR_GT_8PX"", ""rgb_scalars"": 7434162, ""self_mse"": 6.721239775988305e-05, ""self_sse"": 499.6678533554077}]",,,0.0002690007716049383,,0.20286890373900185,,,,,,,5.983155634668138e-05,1861.0007286071777
,,,,,,,,,,2.4030798720332883e-05,307,,,,,,UNGATED_NORMALIZED_SPLAT,,0.00014629221470159444,0.8415080094907772,,,,1.2406920774745258e-05,,6.888131172839506,0.4305081817250193,,,,,,,,,"[540, 960]",,,,,,,,,,multiseed,,,0.000635177894876353,,"[{""fraction_total_self_sse"": 0.9808308775238548, ""region"": ""FOREGROUND"", ""rgb_scalars"": 8786781, ""self_mse"": 0.00014629221470159444, ""self_sse"": 1285.4376525878906}, {""fraction_total_self_sse"": 0.3709423155548841, ""region"": ""SILHOUETTE_0_1PX"", ""rgb_scalars"": 230178, ""self_mse"": 0.002112026942311888, ""self_sse"": 486.1421375274658}, {""fraction_total_self_sse"": 0.18786746545442404, ""region"": ""SILHOUETTE_1_2PX"", ""rgb_scalars"": 226962, ""self_mse"": 0.0010848140816558237, ""self_sse"": 246.21157360076904}, {""fraction_total_self_sse"": 0.21350103597112763, ""region"": ""SILHOUETTE_2_4PX"", ""rgb_scalars"": 479547, ""self_mse"": 0.0005834796258761063, ""self_sse"": 279.80590415000916}, {""fraction_total_self_sse"": 0.15352682666785666, ""region"": ""SILHOUETTE_4_8PX"", ""rgb_scalars"": 973590, ""self_mse"": 0.0002066641072858914, ""self_sse"": 201.206108212471}, {""fraction_total_self_sse"": 0.07416234980254598, ""region"": ""INTERIOR_GT_8PX"", ""rgb_scalars"": 7833870, ""self_mse"": 1.2406920774745258e-05, ""self_sse"": 97.19420444965363}]",,,0.0003368055555555556,,0.10527364294599058,,,,,,,4.2134771621766896e-05,1310.5599365234375
,,,,,,,,,,0.5002312081116971,307,,,,,,HARD_BIN_MONTE_CARLO,,0.6430202591506042,0.5808161862325646,,,,1.0091646784295027,,6.888131172839506,0.4305081817250193,,,,,,,,,"[540, 960]",,,,,,,,,,multiseed,,,0.5592431587398434,,"[{""fraction_total_self_sse"": 0.719531135305037, ""region"": ""FOREGROUND"", ""rgb_scalars"": 5954115, ""self_mse"": 0.6430202591506042, ""self_sse"": 3828616.5703125}, {""fraction_total_self_sse"": 0.7906515776183309, ""region"": ""SILHOUETTE_0_1PX"", ""rgb_scalars"": 6908202, ""self_mse"": 0.6089931350805897, ""self_sse"": 4207047.59375}, {""fraction_total_self_sse"": 0.14324386520260782, ""region"": ""SILHOUETTE_1_2PX"", ""rgb_scalars"": 1332132, ""self_mse"": 0.5721646912852856, ""self_sse"": 762198.89453125}, {""fraction_total_self_sse"": 0.05854983325391855, ""region"": ""SILHOUETTE_2_4PX"", ""rgb_scalars"": 725292, ""self_mse"": 0.42954143005937606, ""self_sse"": 311542.962890625}, {""fraction_total_self_sse"": 0.007342481750610168, ""region"": ""SILHOUETTE_4_8PX"", ""rgb_scalars"": 546978, ""self_mse"": 0.07142747538181524, ""self_sse"": 39069.25762939453}, {""fraction_total_self_sse"": 0.0002122266137819689, ""region"": ""INTERIOR_GT_8PX"", ""rgb_scalars"": 1119, ""self_mse"": 1.0091646784295027, ""self_sse"": 1129.2552751626135}]",,,0.09676726466049383,,1.0268010070854052,,,,,,,0.17107086056053883,5320988.046875
,,,,,,,,,,0.07784760609427906,307,,,,,,CONTINUOUS_KERNEL_MONTE_CARLO,,0.07657346146764384,1.53184624685862e-10,,,,0.07986049629286036,,6.888131172839506,0.4305081817250193,,,,,,,,,"[540, 960]",,,,,,,,,,multiseed,,,0.02474453490751774,,"[{""fraction_total_self_sse"": 0.9999235713626822, ""region"": ""FOREGROUND"", ""rgb_scalars"": 8786781, ""self_mse"": 0.07657346146764384, ""self_sse"": 672834.236328125}, {""fraction_total_self_sse"": 0.00020738048833995602, ""region"": ""SILHOUETTE_0_1PX"", ""rgb_scalars"": 230178, ""self_mse"": 0.0006062410726057089, ""self_sse"": 139.54335761023685}, {""fraction_total_self_sse"": 0.0007056588919529108, ""region"": ""SILHOUETTE_1_2PX"", ""rgb_scalars"": 226962, ""self_mse"": 0.0020921024317433856, ""self_sse"": 474.8277521133423}, {""fraction_total_self_sse"": 0.017315626579564355, ""region"": ""SILHOUETTE_2_4PX"", ""rgb_scalars"": 479547, ""self_mse"": 0.024296756917775397, ""self_sse"": 11651.436889648438}, {""fraction_total_self_sse"": 0.05201939910389447, ""region"": ""SILHOUETTE_4_8PX"", ""rgb_scalars"": 973590, ""self_mse"": 0.03595261651224463, ""self_sse"": 35003.10791015625}, {""fraction_total_self_sse"": 0.9297519318759636, ""region"": ""INTERIOR_GT_8PX"", ""rgb_scalars"": 7833870, ""self_mse"": 0.07986049629286036, ""self_sse"": 625616.74609375}]",,,0.0003368055555555556,,9.83922660422977e-09,,,,,,,0.021633412553449718,672885.6640625
,,,,,,,,,,9.51676517624947e-06,307,,,,,,LEGACY_GATED_NORMALIZED_SPLAT,,0.0007893788500042051,0.9920867200457886,,,,0.0003777310350210918,,6.888516975308642,0.4305323169849537,,,,,,,,,"[1080, 1920]",,,,,,,,,,multiseed,,,0.003071227074342667,,"[{""fraction_total_self_sse"": 0.6659799700268773, ""region"": ""FOREGROUND"", ""rgb_scalars"": 34263117, ""self_mse"": 0.0007893788500042051, ""self_sse"": 27046.57989501953}, {""fraction_total_self_sse"": 0.4455339370322516, ""region"": ""SILHOUETTE_0_1PX"", ""rgb_scalars"": 817089, ""self_mse"": 0.022144333551696174, ""self_sse"": 18093.891357421875}, {""fraction_total_self_sse"": 0.056369291988385126, ""region"": ""SILHOUETTE_1_2PX"", ""rgb_scalars"": 877914, ""self_mse"": 0.0026076049276660823, ""self_sse"": 2289.252872467041}, {""fraction_total_self_sse"": 0.0872832385212226, ""region"": ""SILHOUETTE_2_4PX"", ""rgb_scalars"": 2405196, ""self_mse"": 0.001473776294357506, ""self_sse"": 3544.720848083496}, {""fraction_total_self_sse"": 0.1660519061347006, ""region"": ""SILHOUETTE_4_8PX"", ""rgb_scalars"": 5886531, ""self_mse"": 0.001145606891763202, ""self_sse"": 6743.650482177734}, {""fraction_total_self_sse"": 0.24476163073819654, ""region"": ""INTERIOR_GT_8PX"", ""rgb_scalars"": 26315514, ""self_mse"": 0.0003777310350210918, ""self_sse"": 9940.186340332031}]",,,0.0006653163580246914,,0.48673927172193254,,,,,,,0.00032641864166338256,40611.701721191406
,,,,,,,,,,1.033598948893079e-05,307,,,,,,UNGATED_NORMALIZED_SPLAT,,6.577511885023552e-05,0.8493410721654885,,,,1.256210854640591e-05,,6.888516975308642,0.4305323169849537,,,,,,,,,"[1080, 1920]",,,,,,,,,,multiseed,,,0.000478763798786633,,"[{""fraction_total_self_sse"": 0.9742053131841131, ""region"": ""FOREGROUND"", ""rgb_scalars"": 34580745, ""self_mse"": 6.577511885023552e-05, ""self_sse"": 2274.5526123046875}, {""fraction_total_self_sse"": 0.16228216223088315, ""region"": ""SILHOUETTE_0_1PX"", ""rgb_scalars"": 491691, ""self_mse"": 0.0007705911547725344, ""self_sse"": 378.8927354812622}, {""fraction_total_self_sse"": 0.23178349982553, ""region"": ""SILHOUETTE_1_2PX"", ""rgb_scalars"": 479982, ""self_mse"": 0.0011274649723148238, ""self_sse"": 541.1628923416138}, {""fraction_total_self_sse"": 0.21667774553803554, ""region"": ""SILHOUETTE_2_4PX"", ""rgb_scalars"": 1015389, ""self_mse"": 0.0004982271007731551, ""self_sse"": 505.8943176269531}, {""fraction_total_self_sse"": 0.21444066206621631, ""region"": ""SILHOUETTE_4_8PX"", ""rgb_scalars"": 2037096, ""self_mse"": 0.00024577694205270176, ""self_sse"": 500.6712255477905}, {""fraction_total_self_sse"": 0.1748158939859714, ""region"": ""INTERIOR_GT_8PX"", ""rgb_scalars"": 32491059, ""self_mse"": 1.256210854640591e-05, ""self_sse"": 408.1562099456787}]",,,0.00015678047839506174,,0.1016621755402259,,,,,,,1.8765893983252254e-05,2334.7774658203125
,,,,,,,,,,0.5757239190553184,307,,,,,,HARD_BIN_MONTE_CARLO,,0.7081771168297486,0.5955754308135445,,,,0.8900983841931546,,6.888516975308642,0.4305323169849537,,,,,,,,,"[1080, 1920]",,,,,,,,,,multiseed,,,0.6334733245606009,,"[{""fraction_total_self_sse"": 0.6904082553099702, ""region"": ""FOREGROUND"", ""rgb_scalars"": 22269174, ""self_mse"": 0.7081771168297486, ""self_sse"": 15770519.4375}, {""fraction_total_self_sse"": 0.8132349579211916, ""region"": ""SILHOUETTE_0_1PX"", ""rgb_scalars"": 28327269, ""self_mse"": 0.6557697130104565, ""self_sse"": 18576165.0625}, {""fraction_total_self_sse"": 0.12733293809455748, ""region"": ""SILHOUETTE_1_2PX"", ""rgb_scalars"": 4450329, ""self_mse"": 0.6535648157978882, ""self_sse"": 2908578.453125}, {""fraction_total_self_sse"": 0.050075578156621475, ""region"": ""SILHOUETTE_2_4PX"", ""rgb_scalars"": 2029425, ""self_mse"": 0.5636285562720967, ""self_sse"": 1143841.8828125}, {""fraction_total_self_sse"": 0.009054797805366999, ""region"": ""SILHOUETTE_4_8PX"", ""rgb_scalars"": 1240932, ""self_mse"": 0.16667512726195916, ""self_sse"": 206832.4990234375}, {""fraction_total_self_sse"": 0.0003018390900524173, ""region"": ""INTERIOR_GT_8PX"", ""rgb_scalars"": 7746, ""self_mse"": 0.8900983841931546, ""self_sse"": 6894.7020839601755}]",,,0.10168733121141975,,1.0753100677103822,,,,,,,0.18359624214329345,22842310.0625
,,,,,,,,,,0.09758857023991264,307,,,,,,CONTINUOUS_KERNEL_MONTE_CARLO,,0.09597762990104754,1.0610964194513791e-06,,,,0.09782957135992397,,6.888516975308642,0.4305323169849537,,,,,,,,,"[1080, 1920]",,,,,,,,,,multiseed,,,0.0354251361352519,,"[{""fraction_total_self_sse"": 0.9993481841580374, ""region"": ""FOREGROUND"", ""rgb_scalars"": 34580745, ""self_mse"": 0.09597762990104754, ""self_sse"": 3318977.9453125}, {""fraction_total_self_sse"": 0.001175828376349459, ""region"": ""SILHOUETTE_0_1PX"", ""rgb_scalars"": 491691, ""self_mse"": 0.0079421706938151, ""self_sse"": 3905.0938506126404}, {""fraction_total_self_sse"": 0.0012163371785281463, ""region"": ""SILHOUETTE_1_2PX"", ""rgb_scalars"": 479982, ""self_mse"": 0.008416210116241175, ""self_sse"": 4039.629364013672}, {""fraction_total_self_sse"": 0.009300567166507881, ""region"": ""SILHOUETTE_2_4PX"", ""rgb_scalars"": 1015389, ""self_mse"": 0.030420371823304142, ""self_sse"": 30888.51092529297}, {""fraction_total_self_sse"": 0.031231151330612703, ""region"": ""SILHOUETTE_4_8PX"", ""rgb_scalars"": 2037096, ""self_mse"": 0.05091714422876671, ""self_sse"": 103723.11083984375}, {""fraction_total_self_sse"": 0.9570761163182849, ""region"": ""INTERIOR_GT_8PX"", ""rgb_scalars"": 32491059, ""self_mse"": 0.09782957135992397, ""self_sse"": 3178586.375}]",,,0.00015678047839506174,,0.00018066505933316126,,,,,,,0.026693855442627958,3321142.71875
,,,,,,,,,,9.561557424097119e-05,401,,,,,,LEGACY_GATED_NORMALIZED_SPLAT,,0.0004537098264260754,0.8028888972175908,,,,7.877644888655364e-05,,6.88759765625,0.43047485798597335,,,,,,,,,"[256, 256]",,,,,,,,,,multiseed,,,0.000751987523177571,,"[{""fraction_total_self_sse"": 0.9493836044882812, ""region"": ""FOREGROUND"", ""rgb_scalars"": 1130325, ""self_mse"": 0.0004537098264260754, ""self_sse"": 512.8395595550537}, {""fraction_total_self_sse"": 0.5215371480615159, ""region"": ""SILHOUETTE_0_1PX"", ""rgb_scalars"": 74745, ""self_mse"": 0.0037691454128546335, ""self_sse"": 281.7247738838196}, {""fraction_total_self_sse"": 0.23097781135120715, ""region"": ""SILHOUETTE_1_2PX"", ""rgb_scalars"": 74097, ""self_mse"": 0.0016838733677935055, ""self_sse"": 124.76996493339539}, {""fraction_total_self_sse"": 0.08941770497021082, ""region"": ""SILHOUETTE_2_4PX"", ""rgb_scalars"": 158841, ""self_mse"": 0.00030408899098181234, ""self_sse"": 48.30179941654205}, {""fraction_total_self_sse"": 0.038507380748247666, ""region"": ""SILHOUETTE_4_8PX"", ""rgb_scalars"": 324771, ""self_mse"": 6.404814084382676e-05, ""self_sse"": 20.800978749990463}, {""fraction_total_self_sse"": 0.11955994653800789, ""region"": ""INTERIOR_GT_8PX"", ""rgb_scalars"": 819840, ""self_mse"": 7.877644888655364e-05, ""self_sse"": 64.58408385515213}]",,,0.000768280029296875,,0.14356365885729822,,,,,,,0.00013737528618851987,540.1816053390503
,,,,,,,,,,0.00014609606962128282,401,,,,,,UNGATED_NORMALIZED_SPLAT,,0.0005505501204221216,0.7522316037921214,,,,3.842637763986946e-05,,6.88759765625,0.43047485798597335,,,,,,,,,"[256, 256]",,,,,,,,,,multiseed,,,0.001021955156843276,,"[{""fraction_total_self_sse"": 0.9489902433768709, ""region"": ""FOREGROUND"", ""rgb_scalars"": 1168599, ""self_mse"": 0.0005505501204221216, ""self_sse"": 643.3723201751709}, {""fraction_total_self_sse"": 0.531771856538696, ""region"": ""SILHOUETTE_0_1PX"", ""rgb_scalars"": 75768, ""self_mse"": 0.004758172145477382, ""self_sse"": 360.5171871185303}, {""fraction_total_self_sse"": 0.2497923622015486, ""region"": ""SILHOUETTE_1_2PX"", ""rgb_scalars"": 74547, ""self_mse"": 0.002271692839222373, ""self_sse"": 169.34788608551025}, {""fraction_total_self_sse"": 0.1375135627402942, ""region"": ""SILHOUETTE_2_4PX"", ""rgb_scalars"": 158613, ""self_mse"": 0.0005877699509001773, ""self_sse"": 93.22795522212982}, {""fraction_total_self_sse"": 0.032064376988684716, ""region"": ""SILHOUETTE_4_8PX"", ""rgb_scalars"": 322050, ""self_mse"": 6.749943340626068e-05, ""self_sse"": 21.738192528486252}, {""fraction_total_self_sse"": 0.048857818540130625, ""region"": ""INTERIOR_GT_8PX"", ""rgb_scalars"": 861996, ""self_mse"": 3.842637763986946e-05, ""self_sse"": 33.123383820056915}]",,,0.001082611083984375,,0.11979771937342745,,,,,,,0.0001724127757673462,677.9546203613281
,,,,,,,,,,0.4803358299883183,401,,,,,,HARD_BIN_MONTE_CARLO,,0.6049584585378677,0.5212346078568765,,,,0.0,,6.88759765625,0.43047485798597335,,,,,,,,,"[256, 256]",,,,,,,,,,multiseed,,,0.47613115528551725,,"[{""fraction_total_self_sse"": 0.7535112532023895, ""region"": ""FOREGROUND"", ""rgb_scalars"": 837879, ""self_mse"": 0.6049584585378677, ""self_sse"": 506881.98828125}, {""fraction_total_self_sse"": 0.7258339530944724, ""region"": ""SILHOUETTE_0_1PX"", ""rgb_scalars"": 813240, ""self_mse"": 0.6003930614828494, ""self_sse"": 488263.6533203125}, {""fraction_total_self_sse"": 0.1895173236692202, ""region"": ""SILHOUETTE_1_2PX"", ""rgb_scalars"": 255456, ""self_mse"": 0.4990567380916381, ""self_sse"": 127487.0380859375}, {""fraction_total_self_sse"": 0.08047154763953035, ""region"": ""SILHOUETTE_2_4PX"", ""rgb_scalars"": 172839, ""self_mse"": 0.31319709515498345, ""self_sse"": 54132.67272949219}, {""fraction_total_self_sse"": 0.004177190638880999, ""region"": ""SILHOUETTE_4_8PX"", ""rgb_scalars"": 171297, ""self_mse"": 0.016404071575133995, ""self_sse"": 2809.968248605728}, {""fraction_total_self_sse"": 0.0, ""region"": ""INTERIOR_GT_8PX"", ""rgb_scalars"": 0, ""self_mse"": 0.0, ""self_sse"": 0.0}]",,,0.08278121948242187,,1.077177712564207,,,,,,,0.17107475847005843,672693.322265625
,,,,,,,,,,0.07455169254593559,401,,,,,,CONTINUOUS_KERNEL_MONTE_CARLO,,0.07334996901371055,1.1832140793561004e-08,,,,0.08029427542387813,,6.88759765625,0.43047485798597335,,,,,,,,,"[256, 256]",,,,,,,,,,multiseed,,,0.026155201385646205,,"[{""fraction_total_self_sse"": 0.9999999914553189, ""region"": ""FOREGROUND"", ""rgb_scalars"": 1168599, ""self_mse"": 0.07334996901371055, ""self_sse"": 85716.70043945312}, {""fraction_total_self_sse"": 5.615805552105503e-06, ""region"": ""SILHOUETTE_0_1PX"", ""rgb_scalars"": 75768, ""self_mse"": 6.353187709180444e-06, ""self_sse"": 0.4813683263491839}, {""fraction_total_self_sse"": 0.0014581380083397042, ""region"": ""SILHOUETTE_1_2PX"", ""rgb_scalars"": 74547, ""self_mse"": 0.0016766171667298134, ""self_sse"": 124.9867799282074}, {""fraction_total_self_sse"": 0.047619118447502766, ""region"": ""SILHOUETTE_2_4PX"", ""rgb_scalars"": 158613, ""self_mse"": 0.02573404289706843, ""self_sse"": 4081.753746032715}, {""fraction_total_self_sse"": 0.14345086310507194, ""region"": ""SILHOUETTE_4_8PX"", ""rgb_scalars"": 322050, ""self_mse"": 0.0381808252309424, ""self_sse"": 12296.134765625}, {""fraction_total_self_sse"": 0.8074662614406729, ""region"": ""INTERIOR_GT_8PX"", ""rgb_scalars"": 861996, ""self_mse"": 0.08029427542387813, ""self_sse"": 69213.34423828125}]",,,0.001082611083984375,,2.3824573094320425e-07,,,,,,,0.021798884371916454,85716.701171875
,,,,,,,,,,3.7853072624220756e-05,401,,,,,,LEGACY_GATED_NORMALIZED_SPLAT,,0.0006220553197121023,0.9583259342528853,,,,0.00028774908130482785,,6.888433837890625,0.4305271044373512,,,,,,,,,"[512, 512]",,,,,,,,,,multiseed,,,0.0017768616089452462,,"[{""fraction_total_self_sse"": 0.6957519674170348, ""region"": ""FOREGROUND"", ""rgb_scalars"": 4410918, ""self_mse"": 0.0006220553197121023, ""self_sse"": 2743.835006713867}, {""fraction_total_self_sse"": 0.40963918318237685, ""region"": ""SILHOUETTE_0_1PX"", ""rgb_scalars"": 170724, ""self_mse"": 0.009462599594460492, ""self_sse"": 1615.4928531646729}, {""fraction_total_self_sse"": 0.054327682777356716, ""region"": ""SILHOUETTE_1_2PX"", ""rgb_scalars"": 175839, ""self_mse"": 0.0012184550883271171, ""self_sse"": 214.25192427635193}, {""fraction_total_self_sse"": 0.10899085263972405, ""region"": ""SILHOUETTE_2_4PX"", ""rgb_scalars"": 415362, ""self_mse"": 0.0010348248226664041, ""self_sse"": 429.826907992363}, {""fraction_total_self_sse"": 0.18006414498639486, ""region"": ""SILHOUETTE_4_8PX"", ""rgb_scalars"": 909387, ""self_mse"": 0.0007808759570305157, ""self_sse"": 710.1184439361095}, {""fraction_total_self_sse"": 0.2469781586844797, ""region"": ""INTERIOR_GT_8PX"", ""rgb_scalars"": 3384918, ""self_mse"": 0.00028774908130482785, ""self_sse"": 974.0070447921753}]",,,0.0007059097290039063,,0.3403897320248249,,,,,,,0.00025073350819487437,3943.6970863342285
,,,,,,,,,,4.8964395976094607e-05,401,,,,,,UNGATED_NORMALIZED_SPLAT,,0.00023661533294743131,0.8010419358507901,,,,2.1811088615400657e-05,,6.888433837890625,0.4305271044373512,,,,,,,,,"[512, 512]",,,,,,,,,,multiseed,,,0.0007893030438988324,,"[{""fraction_total_self_sse"": 0.9774402124234253, ""region"": ""FOREGROUND"", ""rgb_scalars"": 4490499, ""self_mse"": 0.00023661533294743131, ""self_sse"": 1062.5209159851074}, {""fraction_total_self_sse"": 0.42643701329350847, ""region"": ""SILHOUETTE_0_1PX"", ""rgb_scalars"": 151569, ""self_mse"": 0.0030583824541427045, ""self_sse"": 463.55597019195557}, {""fraction_total_self_sse"": 0.1524353176508844, ""region"": ""SILHOUETTE_1_2PX"", ""rgb_scalars"": 149256, ""self_mse"": 0.0011101996533809486, ""self_sse"": 165.70395946502686}, {""fraction_total_self_sse"": 0.2628055732812028, ""region"": ""SILHOUETTE_2_4PX"", ""rgb_scalars"": 318489, ""self_mse"": 0.0008969896245555732, ""self_sse"": 285.68132853507996}, {""fraction_total_self_sse"": 0.08080830141263418, ""region"": ""SILHOUETTE_4_8PX"", ""rgb_scalars"": 651153, ""self_mse"": 0.00013490256833794133, ""self_sse"": 87.8422120809555}, {""fraction_total_self_sse"": 0.07751382353230896, ""region"": ""INTERIOR_GT_8PX"", ""rgb_scalars"": 3863217, ""self_mse"": 2.1811088615400657e-05, ""self_sse"": 84.26096832752228}]",,,0.0005140304565429688,,0.10770168906018995,,,,,,,6.911242210965914e-05,1087.0444068908691
,,,,,,,,,,0.5591886095495138,401,,,,,,HARD_BIN_MONTE_CARLO,,0.7000596622406484,0.5662009561655288,,,,1.078421779062556,,6.888433837890625,0.4305271044373512,,,,,,,,,"[512, 512]",,,,,,,,,,multiseed,,,0.5936956801635842,,"[{""fraction_total_self_sse"": 0.7258609179223562, ""region"": ""FOREGROUND"", ""rgb_scalars"": 3063024, ""self_mse"": 0.7000596622406484, ""self_sse"": 2144299.546875}, {""fraction_total_self_sse"": 0.7750648464829212, ""region"": ""SILHOUETTE_0_1PX"", ""rgb_scalars"": 3452103, ""self_mse"": 0.6632638609168092, ""self_sse"": 2289655.1640625}, {""fraction_total_self_sse"": 0.16179878932991967, ""region"": ""SILHOUETTE_1_2PX"", ""rgb_scalars"": 765354, ""self_mse"": 0.6245179875505321, ""self_sse"": 477977.33984375}, {""fraction_total_self_sse"": 0.05843298924724881, ""region"": ""SILHOUETTE_2_4PX"", ""rgb_scalars"": 408735, ""self_mse"": 0.42232648350245267, ""self_sse"": 172619.615234375}, {""fraction_total_self_sse"": 0.004608118062438775, ""region"": ""SILHOUETTE_4_8PX"", ""rgb_scalars"": 349194, ""self_mse"": 0.03898422139483929, ""self_sse"": 13613.056205749512}, {""fraction_total_self_sse"": 9.527898392705187e-05, ""region"": ""INTERIOR_GT_8PX"", ""rgb_scalars"": 261, ""self_mse"": 1.078421779062556, ""self_sse"": 281.46808433532715}]",,,0.09575824737548828,,1.1105427406405217,,,,,,,0.18781958123048145,2954146.578125
,,,,,,,,,,0.10242361329018651,401,,,,,,CONTINUOUS_KERNEL_MONTE_CARLO,,0.10074716473066116,3.1846308139903836e-10,,,,0.10603543504150624,,6.888433837890625,0.4305271044373512,,,,,,,,,"[512, 512]",,,,,,,,,,multiseed,,,0.033663719394476516,,"[{""fraction_total_self_sse"": 0.9999967405191913, ""region"": ""FOREGROUND"", ""rgb_scalars"": 4490496, ""self_mse"": 0.10074716473066116, ""self_sse"": 452404.740234375}, {""fraction_total_self_sse"": 3.546796429152897e-05, ""region"": ""SILHOUETTE_0_1PX"", ""rgb_scalars"": 151569, ""self_mse"": 0.00010586549672653319, ""self_sse"": 16.04592747334391}, {""fraction_total_self_sse"": 0.0005482126914803857, ""region"": ""SILHOUETTE_1_2PX"", ""rgb_scalars"": 149256, ""self_mse"": 0.001661674094722797, ""self_sse"": 248.0148286819458}, {""fraction_total_self_sse"": 0.021515750723814123, ""region"": ""SILHOUETTE_2_4PX"", ""rgb_scalars"": 318489, ""self_mse"": 0.030562623338584446, ""self_sse"": 9733.859344482422}, {""fraction_total_self_sse"": 0.07243650377045084, ""region"": ""SILHOUETTE_4_8PX"", ""rgb_scalars"": 651153, ""self_mse"": 0.050327226454158526, ""self_sse"": 32770.72448730469}, {""fraction_total_self_sse"": 0.9054640800854521, ""region"": ""INTERIOR_GT_8PX"", ""rgb_scalars"": 3863214, ""self_mse"": 0.10603543504150624, ""self_sse"": 409637.5771484375}]",,,0.0005140304565429688,,1.7819997182834384e-08,,,,,,,0.028763212511936823,452406.21484375
,,,,,,,,,,2.0390327185096835e-05,401,,,,,,LEGACY_GATED_NORMALIZED_SPLAT,,0.00023031584385011002,0.9285621088690819,,,,0.0001389797206088524,,6.888131172839506,0.4305081817250193,,,,,,,,,"[540, 960]",,,,,,,,,,multiseed,,,0.000638416585415228,,"[{""fraction_total_self_sse"": 0.8192328796733188, ""region"": ""FOREGROUND"", ""rgb_scalars"": 8672685, ""self_mse"": 0.00023031584385011002, ""self_sse"": 1997.4567642211914}, {""fraction_total_self_sse"": 0.32469342352722413, ""region"": ""SILHOUETTE_0_1PX"", ""rgb_scalars"": 249276, ""self_mse"": 0.0031758723522721214, ""self_sse"": 791.6687564849854}, {""fraction_total_self_sse"": 0.07968732442546032, ""region"": ""SILHOUETTE_1_2PX"", ""rgb_scalars"": 247986, ""self_mse"": 0.0007834875416265545, ""self_sse"": 194.29394149780273}, {""fraction_total_self_sse"": 0.10034883343450171, ""region"": ""SILHOUETTE_2_4PX"", ""rgb_scalars"": 541524, ""self_mse"": 0.0004518191481540742, ""self_sse"": 244.67091238498688}, {""fraction_total_self_sse"": 0.07151680234151309, ""region"": ""SILHOUETTE_4_8PX"", ""rgb_scalars"": 1161981, ""self_mse"": 0.00015006488321817657, ""self_sse"": 174.37254306674004}, {""fraction_total_self_sse"": 0.42375363987403786, ""region"": ""INTERIOR_GT_8PX"", ""rgb_scalars"": 7434162, ""self_mse"": 0.0001389797206088524, ""self_sse"": 1033.1977577209473}]",,,0.00029947916666666664,,0.243051391536039,,,,,,,7.838875558150648e-05,2438.2038536071777
,,,,,,,,,,2.5427598835824155e-05,401,,,,,,UNGATED_NORMALIZED_SPLAT,,0.00014574366822784547,0.8317318631199859,,,,1.3059963280043472e-05,,6.888131172839506,0.4305081817250193,,,,,,,,,"[540, 960]",,,,,,,,,,multiseed,,,0.0006301932764872263,,"[{""fraction_total_self_sse"": 0.9804494109577112, ""region"": ""FOREGROUND"", ""rgb_scalars"": 8786781, ""self_mse"": 0.00014574366822784547, ""self_sse"": 1280.6176948547363}, {""fraction_total_self_sse"": 0.36625798267965676, ""region"": ""SILHOUETTE_0_1PX"", ""rgb_scalars"": 230178, ""self_mse"": 0.0020783447811400925, ""self_sse"": 478.38924503326416}, {""fraction_total_self_sse"": 0.18487943335307222, ""region"": ""SILHOUETTE_1_2PX"", ""rgb_scalars"": 226962, ""self_mse"": 0.0010639709244374784, ""self_sse"": 241.48096895217896}, {""fraction_total_self_sse"": 0.21721223864667857, ""region"": ""SILHOUETTE_2_4PX"", ""rgb_scalars"": 479547, ""self_mse"": 0.0005916262316218106, ""self_sse"": 283.71258449554443}, {""fraction_total_self_sse"": 0.15332109256837437, ""region"": ""SILHOUETTE_4_8PX"", ""rgb_scalars"": 973590, ""self_mse"": 0.00020569328274448335, ""self_sse"": 200.26092314720154}, {""fraction_total_self_sse"": 0.07832925713305441, ""region"": ""INTERIOR_GT_8PX"", ""rgb_scalars"": 7833870, ""self_mse"": 1.3059963280043472e-05, ""self_sse"": 102.31005454063416}]",,,0.0003353587962962963,,0.10414818416402,,,,,,,4.1993112475783735e-05,1306.1537704467773
,,,,,,,,,,0.5109071587732573,401,,,,,,HARD_BIN_MONTE_CARLO,,0.6547822703290077,0.5817437432836841,,,,1.071613015182536,,6.888131172839506,0.4305081817250193,,,,,,,,,"[540, 960]",,,,,,,,,,multiseed,,,0.568808362781763,,"[{""fraction_total_self_sse"": 0.7203648240064024, ""region"": ""FOREGROUND"", ""rgb_scalars"": 5954115, ""self_mse"": 0.6547822703290077, ""self_sse"": 3898648.9375}, {""fraction_total_self_sse"": 0.7886756626490274, ""region"": ""SILHOUETTE_0_1PX"", ""rgb_scalars"": 6908202, ""self_mse"": 0.6178670613207315, ""self_sse"": 4268350.46875}, {""fraction_total_self_sse"": 0.14464060740858764, ""region"": ""SILHOUETTE_1_2PX"", ""rgb_scalars"": 1332132, ""self_mse"": 0.5876308777841648, ""self_sse"": 782801.896484375}, {""fraction_total_self_sse"": 0.05909807792663605, ""region"": ""SILHOUETTE_2_4PX"", ""rgb_scalars"": 725292, ""self_mse"": 0.4409832576482989, ""self_sse"": 319841.62890625}, {""fraction_total_self_sse"": 0.007364072451132509, ""region"": ""SILHOUETTE_4_8PX"", ""rgb_scalars"": 546978, ""self_mse"": 0.07286346597235172, ""self_sse"": 39854.712890625}, {""fraction_total_self_sse"": 0.00022156769207538974, ""region"": ""INTERIOR_GT_8PX"", ""rgb_scalars"": 1119, ""self_mse"": 1.071613015182536, ""self_sse"": 1199.1349639892578}]",,,0.09711930941358024,,1.0422490896655157,,,,,,,0.17399845377604167,5412047.90625
,,,,,,,,,,0.08050413685750316,401,,,,,,CONTINUOUS_KERNEL_MONTE_CARLO,,0.07918687053348945,5.442504809334381e-10,,,,0.08249955252400792,,6.888131172839506,0.4305081817250193,,,,,,,,,"[540, 960]",,,,,,,,,,multiseed,,,0.02593799955699745,,"[{""fraction_total_self_sse"": 0.9999398517717943, ""region"": ""FOREGROUND"", ""rgb_scalars"": 8786781, ""self_mse"": 0.07918687053348945, ""self_sse"": 695797.689453125}, {""fraction_total_self_sse"": 0.000213803455817896, ""region"": ""SILHOUETTE_0_1PX"", ""rgb_scalars"": 230178, ""self_mse"": 0.0006463384814424667, ""self_sse"": 148.7728989814641}, {""fraction_total_self_sse"": 0.0007098115426097817, ""region"": ""SILHOUETTE_1_2PX"", ""rgb_scalars"": 226962, ""self_mse"": 0.002176201035431191, ""self_sse"": 493.91493940353394}, {""fraction_total_self_sse"": 0.017485045722547624, ""region"": ""SILHOUETTE_2_4PX"", ""rgb_scalars"": 479547, ""self_mse"": 0.025371415574209064, ""self_sse"": 12166.786224365234}, {""fraction_total_self_sse"": 0.0527985083461147, ""region"": ""SILHOUETTE_4_8PX"", ""rgb_scalars"": 973590, ""self_mse"": 0.037735894901336484, ""self_sse"": 36739.28991699219}, {""fraction_total_self_sse"": 0.9287928173410444, ""region"": ""INTERIOR_GT_8PX"", ""rgb_scalars"": 7833870, ""self_mse"": 0.08249955252400792, ""self_sse"": 646290.76953125}]",,,0.0003353587962962963,,3.630629910010986e-08,,,,,,,0.022371384483306004,695839.54296875
,,,,,,,,,,9.308563791340409e-06,401,,,,,,LEGACY_GATED_NORMALIZED_SPLAT,,0.0007531677629652162,0.99203921613995,,,,0.00037536978715901794,,6.888516975308642,0.4305323169849537,,,,,,,,,"[1080, 1920]",,,,,,,,,,multiseed,,,0.0029651223329211136,,"[{""fraction_total_self_sse"": 0.6534799100891333, ""region"": ""FOREGROUND"", ""rgb_scalars"": 34263117, ""self_mse"": 0.0007531677629652162, ""self_sse"": 25805.87518310547}, {""fraction_total_self_sse"": 0.4565711175726474, ""region"": ""SILHOUETTE_0_1PX"", ""rgb_scalars"": 817089, ""self_mse"": 0.022066091904330593, ""self_sse"": 18029.960968017578}, {""fraction_total_self_sse"": 0.05591896525919482, ""region"": ""SILHOUETTE_1_2PX"", ""rgb_scalars"": 877914, ""self_mse"": 0.0025153215029194917, ""self_sse"": 2208.2359619140625}, {""fraction_total_self_sse"": 0.072901245128703, ""region"": ""SILHOUETTE_2_4PX"", ""rgb_scalars"": 2405196, ""self_mse"": 0.0011969357118586917, ""self_sse"": 2878.8649864196777}, {""fraction_total_self_sse"": 0.16446761038563662, ""region"": ""SILHOUETTE_4_8PX"", ""rgb_scalars"": 5886531, ""self_mse"": 0.0011033347551387997, ""self_sse"": 6494.814239501953}, {""fraction_total_self_sse"": 0.2501409641851812, ""region"": ""INTERIOR_GT_8PX"", ""rgb_scalars"": 26315514, ""self_mse"": 0.00037536978715901794, ""self_sse"": 9878.048889160156}]",,,0.0006476900077160494,,0.4861516461967009,,,,,,,0.0003174023348608135,39489.92889404297
,,,,,,,,,,1.012348204009484e-05,401,,,,,,UNGATED_NORMALIZED_SPLAT,,6.555825478371854e-05,0.8520458374811236,,,,1.2239957060885737e-05,,6.888516975308642,0.4305323169849537,,,,,,,,,"[1080, 1920]",,,,,,,,,,multiseed,,,0.0004798210748241128,,"[{""fraction_total_self_sse"": 0.9735837559528702, ""region"": ""FOREGROUND"", ""rgb_scalars"": 34580745, ""self_mse"": 6.555825478371854e-05, ""self_sse"": 2267.053291320801}, {""fraction_total_self_sse"": 0.1648054997288209, ""region"": ""SILHOUETTE_0_1PX"", ""rgb_scalars"": 491691, ""self_mse"": 0.0007804909137176611, ""self_sse"": 383.7603578567505}, {""fraction_total_self_sse"": 0.2359172559628617, ""region"": ""SILHOUETTE_1_2PX"", ""rgb_scalars"": 479982, ""self_mse"": 0.0011445194226121218, ""self_sse"": 549.3487215042114}, {""fraction_total_self_sse"": 0.21650675494743363, ""region"": ""SILHOUETTE_2_4PX"", ""rgb_scalars"": 1015389, ""self_mse"": 0.0004965093216186415, ""self_sse"": 504.15010356903076}, {""fraction_total_self_sse"": 0.21198316698830508, ""region"": ""SILHOUETTE_4_8PX"", ""rgb_scalars"": 2037096, ""self_mse"": 0.0002423138791161827, ""self_sse"": 493.6166338920593}, {""fraction_total_self_sse"": 0.17078721281675635, ""region"": ""INTERIOR_GT_8PX"", ""rgb_scalars"": 32491059, ""self_mse"": 1.2239957060885737e-05, ""self_sse"": 397.6891670227051}]",,,0.00015711805555555555,,0.10149602614859995,,,,,,,1.8715962890244314e-05,2328.5652389526367
,,,,,,,,,,0.5744984673206968,401,,,,,,HARD_BIN_MONTE_CARLO,,0.7050729631911807,0.593040391937497,,,,0.9063790108678632,,6.888516975308642,0.4305323169849537,,,,,,,,,"[1080, 1920]",,,,,,,,,,multiseed,,,0.6303687283841544,,"[{""fraction_total_self_sse"": 0.6907624275954011, ""region"": ""FOREGROUND"", ""rgb_scalars"": 22269174, ""self_mse"": 0.7050729631911807, ""self_sse"": 15701392.5}, {""fraction_total_self_sse"": 0.8132122757823368, ""region"": ""SILHOUETTE_0_1PX"", ""rgb_scalars"": 28327269, ""self_mse"": 0.6525423192931165, ""self_sse"": 18484741.8125}, {""fraction_total_self_sse"": 0.12714681993277888, ""region"": ""SILHOUETTE_1_2PX"", ""rgb_scalars"": 4450329, ""self_mse"": 0.6494157949474073, ""self_sse"": 2890113.9453125}, {""fraction_total_self_sse"": 0.0502779943994199, ""region"": ""SILHOUETTE_2_4PX"", ""rgb_scalars"": 2029425, ""self_mse"": 0.5631374400230361, ""self_sse"": 1142845.19921875}, {""fraction_total_self_sse"": 0.009054018720007447, ""region"": ""SILHOUETTE_4_8PX"", ""rgb_scalars"": 1240932, ""self_mse"": 0.16584518504476373, ""self_sse"": 205802.59716796875}, {""fraction_total_self_sse"": 0.0003088715230332726, ""region"": ""INTERIOR_GT_8PX"", ""rgb_scalars"": 7746, ""self_mse"": 0.9063790108678632, ""self_sse"": 7020.811818182468}]",,,0.10164250578703704,,1.0659630221452647,,,,,,,0.1826977624461484,22730524.8125
,,,,,,,,,,0.09665592800828988,401,,,,,,CONTINUOUS_KERNEL_MONTE_CARLO,,0.0950612124427915,1.5736819643961616e-06,,,,0.09689536315013617,,6.888516975308642,0.4305323169849537,,,,,,,,,"[1080, 1920]",,,,,,,,,,multiseed,,,0.035075830491471414,,"[{""fraction_total_self_sse"": 0.9993627130917115, ""region"": ""FOREGROUND"", ""rgb_scalars"": 34580745, ""self_mse"": 0.0950612124427915, ""self_sse"": 3287287.546875}, {""fraction_total_self_sse"": 0.0011465375350635837, ""region"": ""SILHOUETTE_0_1PX"", ""rgb_scalars"": 491691, ""self_mse"": 0.00767026857554125, ""self_sse"": 3771.4020261764526}, {""fraction_total_self_sse"": 0.001216609019939305, ""region"": ""SILHOUETTE_1_2PX"", ""rgb_scalars"": 479982, ""self_mse"": 0.008337591899986573, ""self_sse"": 4001.8940353393555}, {""fraction_total_self_sse"": 0.009282510112194978, ""region"": ""SILHOUETTE_2_4PX"", ""rgb_scalars"": 1015389, ""self_mse"": 0.03007097639176802, ""self_sse"": 30533.738647460938}, {""fraction_total_self_sse"": 0.03126532339904655, ""region"": ""SILHOUETTE_4_8PX"", ""rgb_scalars"": 2037096, ""self_mse"": 0.050485420996321174, ""self_sse"": 102843.64916992188}, {""fraction_total_self_sse"": 0.9570889642064185, ""region"": ""INTERIOR_GT_8PX"", ""rgb_scalars"": 32491059, ""self_mse"": 0.09689536315013617, ""self_sse"": 3148232.9609375}]",,,0.00015711805555555555,,0.0002648068346785715,,,,,,,0.02643859172554173,3289383.828125
,,,,,,,,,,8.943242315289974e-05,503,,,,,,LEGACY_GATED_NORMALIZED_SPLAT,,0.0004139290179100608,0.7976635150363466,,,,5.2071843081089225e-05,,6.88759765625,0.43047485798597335,,,,,,,,,"[256, 256]",,,,,,,,,,multiseed,,,0.0007108207484515539,,"[{""fraction_total_self_sse"": 0.9504772039864327, ""region"": ""FOREGROUND"", ""rgb_scalars"": 1130325, ""self_mse"": 0.0004139290179100608, ""self_sse"": 467.87431716918945}, {""fraction_total_self_sse"": 0.5508934824307764, ""region"": ""SILHOUETTE_0_1PX"", ""rgb_scalars"": 74745, ""self_mse"": 0.003628047706052303, ""self_sse"": 271.1784257888794}, {""fraction_total_self_sse"": 0.24387412205726297, ""region"": ""SILHOUETTE_1_2PX"", ""rgb_scalars"": 74097, ""self_mse"": 0.0016201401885589295, ""self_sse"": 120.047527551651}, {""fraction_total_self_sse"": 0.09000837692420831, ""region"": ""SILHOUETTE_2_4PX"", ""rgb_scalars"": 158841, ""self_mse"": 0.0002789380874357967, ""self_sse"": 44.30680474638939}, {""fraction_total_self_sse"": 0.028498954149273902, ""region"": ""SILHOUETTE_4_8PX"", ""rgb_scalars"": 324771, ""self_mse"": 4.319556719737692e-05, ""self_sse"": 14.0286675542593}, {""fraction_total_self_sse"": 0.08672504872761796, ""region"": ""INTERIOR_GT_8PX"", ""rgb_scalars"": 819840, ""self_mse"": 5.2071843081089225e-05, ""self_sse"": 42.69057983160019}]",,,0.000730133056640625,,0.13676470607384203,,,,,,,0.00012518616058514452,492.25201320648193
,,,,,,,,,,0.0001397568597671642,503,,,,,,UNGATED_NORMALIZED_SPLAT,,0.0005226933514104432,0.75103835729141,,,,3.4726564987928776e-05,,6.88759765625,0.43047485798597335,,,,,,,,,"[256, 256]",,,,,,,,,,multiseed,,,0.000975608873340633,,"[{""fraction_total_self_sse"": 0.946240452596028, ""region"": ""FOREGROUND"", ""rgb_scalars"": 1168599, ""self_mse"": 0.0005226933514104432, ""self_sse"": 610.8189277648926}, {""fraction_total_self_sse"": 0.547619223285309, ""region"": ""SILHOUETTE_0_1PX"", ""rgb_scalars"": 75768, ""self_mse"": 0.004665560624677746, ""self_sse"": 353.5001974105835}, {""fraction_total_self_sse"": 0.24636269372605107, ""region"": ""SILHOUETTE_1_2PX"", ""rgb_scalars"": 74547, ""self_mse"": 0.0021333187426344057, ""self_sse"": 159.03251230716705}, {""fraction_total_self_sse"": 0.12720835577137415, ""region"": ""SILHOUETTE_2_4PX"", ""rgb_scalars"": 158613, ""self_mse"": 0.0005177115278407621, ""self_sse"": 82.1157785654068}, {""fraction_total_self_sse"": 0.032437702952149344, ""region"": ""SILHOUETTE_4_8PX"", ""rgb_scalars"": 322050, ""self_mse"": 6.501862257279477e-05, ""self_sse"": 20.939247399568558}, {""fraction_total_self_sse"": 0.04637202929740605, ""region"": ""INTERIOR_GT_8PX"", ""rgb_scalars"": 861996, ""self_mse"": 3.4726564987928776e-05, ""self_sse"": 29.934160113334656}]",,,0.001052093505859375,,0.117189195497848,,,,,,,0.0001641647065601622,645.5218925476074
,,,,,,,,,,0.466889029796474,503,,,,,,HARD_BIN_MONTE_CARLO,,0.5868242605547758,0.5160942521703417,,,,0.0,,6.88759765625,0.43047485798597335,,,,,,,,,"[256, 256]",,,,,,,,,,multiseed,,,0.4619444134690284,,"[{""fraction_total_self_sse"": 0.7533713993642606, ""region"": ""FOREGROUND"", ""rgb_scalars"": 837879, ""self_mse"": 0.5868242605547758, ""self_sse"": 491687.724609375}, {""fraction_total_self_sse"": 0.7268662507426642, ""region"": ""SILHOUETTE_0_1PX"", ""rgb_scalars"": 813240, ""self_mse"": 0.5833322802059508, ""self_sse"": 474389.1435546875}, {""fraction_total_self_sse"": 0.18778591767595132, ""region"": ""SILHOUETTE_1_2PX"", ""rgb_scalars"": 255456, ""self_mse"": 0.47976344052553327, ""self_sse"": 122558.44946289062}, {""fraction_total_self_sse"": 0.08096053071582858, ""region"": ""SILHOUETTE_2_4PX"", ""rgb_scalars"": 172839, ""self_mse"": 0.3057115440582077, ""self_sse"": 52838.87756347656}, {""fraction_total_self_sse"": 0.0043873127760763915, ""region"": ""SILHOUETTE_4_8PX"", ""rgb_scalars"": 171297, ""self_mse"": 0.016715873536720816, ""self_sse"": 2863.3789892196655}, {""fraction_total_self_sse"": 0.0, ""region"": ""INTERIOR_GT_8PX"", ""rgb_scalars"": 0, ""self_mse"": 0.0, ""self_sse"": 0.0}]",,,0.081396484375,,1.0523796241728216,,,,,,,0.16597743779420854,652649.841796875
,,,,,,,,,,0.06885270476170716,503,,,,,,CONTINUOUS_KERNEL_MONTE_CARLO,,0.06775256719832091,1.1937313555905473e-09,,,,0.07429866110937942,,6.88759765625,0.43047485798597335,,,,,,,,,"[256, 256]",,,,,,,,,,multiseed,,,0.023979338200013703,,"[{""fraction_total_self_sse"": 0.9999999938329314, ""region"": ""FOREGROUND"", ""rgb_scalars"": 1168599, ""self_mse"": 0.06775256719832091, ""self_sse"": 79175.58227539062}, {""fraction_total_self_sse"": 5.8207035926461315e-06, ""region"": ""SILHOUETTE_0_1PX"", ""rgb_scalars"": 75768, ""self_mse"": 6.082483357649087e-06, ""self_sse"": 0.460857599042356}, {""fraction_total_self_sse"": 0.0013878343494017607, ""region"": ""SILHOUETTE_1_2PX"", ""rgb_scalars"": 74547, ""self_mse"": 0.0014740042307983662, ""self_sse"": 109.8825933933258}, {""fraction_total_self_sse"": 0.04694483015132996, ""region"": ""SILHOUETTE_2_4PX"", ""rgb_scalars"": 158613, ""self_mse"": 0.023433667385227848, ""self_sse"": 3716.8842849731445}, {""fraction_total_self_sse"": 0.14276127472962516, ""region"": ""SILHOUETTE_4_8PX"", ""rgb_scalars"": 322050, ""self_mse"": 0.03509767776060467, ""self_sse"": 11303.207122802734}, {""fraction_total_self_sse"": 0.8089002498763603, ""region"": ""INTERIOR_GT_8PX"", ""rgb_scalars"": 861996, ""self_mse"": 0.07429866110937942, ""self_sse"": 64045.148681640625}]",,,0.001052093505859375,,2.284611451345168e-08,,,,,,,0.020135391938189664,79175.58276367188
,,,,,,,,,,3.6235871937648624e-05,503,,,,,,LEGACY_GATED_NORMALIZED_SPLAT,,0.0005130464776942895,0.9552622542269923,,,,0.0002135230178210876,,6.888433837890625,0.4305271044373512,,,,,,,,,"[512, 512]",,,,,,,,,,multiseed,,,0.0016721748677236382,,"[{""fraction_total_self_sse"": 0.6433593081378535, ""region"": ""FOREGROUND"", ""rgb_scalars"": 4410918, ""self_mse"": 0.0005130464776942895, ""self_sse"": 2263.00594329834}, {""fraction_total_self_sse"": 0.4682199485254147, ""region"": ""SILHOUETTE_0_1PX"", ""rgb_scalars"": 170724, ""self_mse"": 0.009646892547607422, ""self_sse"": 1646.9560832977295}, {""fraction_total_self_sse"": 0.05536182595701004, ""region"": ""SILHOUETTE_1_2PX"", ""rgb_scalars"": 175839, ""self_mse"": 0.0011074581059137775, ""self_sse"": 194.7343258857727}, {""fraction_total_self_sse"": 0.1356462273385862, ""region"": ""SILHOUETTE_2_4PX"", ""rgb_scalars"": 415362, ""self_mse"": 0.0011487170397299984, ""self_sse"": 477.13340705633163}, {""fraction_total_self_sse"": 0.13529617575580613, ""region"": ""SILHOUETTE_4_8PX"", ""rgb_scalars"": 909387, ""self_mse"": 0.0005233218709802265, ""self_sse"": 475.9021062850952}, {""fraction_total_self_sse"": 0.20547583094664404, ""region"": ""INTERIOR_GT_8PX"", ""rgb_scalars"": 3384918, ""self_mse"": 0.0002135230178210876, ""self_sse"": 722.7579064369202}]",,,0.00065460205078125,,0.326351933082871,,,,,,,0.00022363559716419938,3517.483798980713
,,,,,,,,,,4.759293949108138e-05,503,,,,,,UNGATED_NORMALIZED_SPLAT,,0.0002346308998887607,0.8051526121852978,,,,2.078009115916876e-05,,6.888433837890625,0.4305271044373512,,,,,,,,,"[512, 512]",,,,,,,,,,multiseed,,,0.0007860493579869552,,"[{""fraction_total_self_sse"": 0.9765341504455061, ""region"": ""FOREGROUND"", ""rgb_scalars"": 4490499, ""self_mse"": 0.0002346308998887607, ""self_sse"": 1053.60982131958}, {""fraction_total_self_sse"": 0.4318912452400798, ""region"": ""SILHOUETTE_0_1PX"", ""rgb_scalars"": 151569, ""self_mse"": 0.0030743718152783346, ""self_sse"": 465.9794616699219}, {""fraction_total_self_sse"": 0.15548927477073704, ""region"": ""SILHOUETTE_1_2PX"", ""rgb_scalars"": 149256, ""self_mse"": 0.0011239862904617907, ""self_sse"": 167.76169776916504}, {""fraction_total_self_sse"": 0.25952693726639414, ""region"": ""SILHOUETTE_2_4PX"", ""rgb_scalars"": 318489, ""self_mse"": 0.0008791852209002679, ""self_sse"": 280.0108218193054}, {""fraction_total_self_sse"": 0.0786871838385642, ""region"": ""SILHOUETTE_4_8PX"", ""rgb_scalars"": 651153, ""self_mse"": 0.00013038070689257473, ""self_sse"": 84.89778843522072}, {""fraction_total_self_sse"": 0.07440535228252708, ""region"": ""INTERIOR_GT_8PX"", ""rgb_scalars"": 3863217, ""self_mse"": 2.078009115916876e-05, ""self_sse"": 80.27800142765045}]",,,0.0005132675170898438,,0.10760578706954678,,,,,,,6.859638075790523e-05,1078.9277782440186
,,,,,,,,,,0.5269553768188886,503,,,,,,HARD_BIN_MONTE_CARLO,,0.6713911491144046,0.5694808425500609,,,,0.8877165966107015,,6.888433837890625,0.4305271044373512,,,,,,,,,"[512, 512]",,,,,,,,,,multiseed,,,0.5714670560453506,,"[{""fraction_total_self_sse"": 0.7232236808170105, ""region"": ""FOREGROUND"", ""rgb_scalars"": 3063024, ""self_mse"": 0.6713911491144046, ""self_sse"": 2056487.203125}, {""fraction_total_self_sse"": 0.7763302663778919, ""region"": ""SILHOUETTE_0_1PX"", ""rgb_scalars"": 3452103, ""self_mse"": 0.6394640681709092, ""self_sse"": 2207495.828125}, {""fraction_total_self_sse"": 0.1608339813433879, ""region"": ""SILHOUETTE_1_2PX"", ""rgb_scalars"": 765354, ""self_mse"": 0.5975425413844443, ""self_sse"": 457331.57421875}, {""fraction_total_self_sse"": 0.058054672112792034, ""region"": ""SILHOUETTE_2_4PX"", ""rgb_scalars"": 408735, ""self_mse"": 0.40387662830898996, ""self_sse"": 165078.513671875}, {""fraction_total_self_sse"": 0.004699584934481473, ""region"": ""SILHOUETTE_4_8PX"", ""rgb_scalars"": 349194, ""self_mse"": 0.03826891095960391, ""self_sse"": 13363.27409362793}, {""fraction_total_self_sse"": 8.148196117433096e-05, ""region"": ""INTERIOR_GT_8PX"", ""rgb_scalars"": 261, ""self_mse"": 0.8877165966107015, ""self_sse"": 231.69403171539307}]",,,0.09472465515136719,,1.0868717158859043,,,,,,,0.18078491985797882,2843500.921875
,,,,,,,,,,0.09550991623877704,503,,,,,,CONTINUOUS_KERNEL_MONTE_CARLO,,0.09394967779589382,1.537657952327763e-10,,,,0.0990072042548316,,6.888433837890625,0.4305271044373512,,,,,,,,,"[512, 512]",,,,,,,,,,multiseed,,,0.03101049762595632,,"[{""fraction_total_self_sse"": 0.9999924561765022, ""region"": ""FOREGROUND"", ""rgb_scalars"": 4490496, ""self_mse"": 0.09394967779589382, ""self_sse"": 421880.65234375}, {""fraction_total_self_sse"": 3.571518877488091e-05, ""region"": ""SILHOUETTE_0_1PX"", ""rgb_scalars"": 151569, ""self_mse"": 9.941123057287827e-05, ""self_sse"": 15.067660806700587}, {""fraction_total_self_sse"": 0.0005419091772777808, ""region"": ""SILHOUETTE_1_2PX"", ""rgb_scalars"": 149256, ""self_mse"": 0.0015317489542160897, ""self_sse"": 228.62272191047668}, {""fraction_total_self_sse"": 0.021119972271668654, ""region"": ""SILHOUETTE_2_4PX"", ""rgb_scalars"": 318489, ""self_mse"": 0.027976397603183264, ""self_sse"": 8910.174896240234}, {""fraction_total_self_sse"": 0.07168785836792904, ""region"": ""SILHOUETTE_4_8PX"", ""rgb_scalars"": 651153, ""self_mse"": 0.04644676229457353, ""self_sse"": 30243.948608398438}, {""fraction_total_self_sse"": 0.9066145367089963, ""region"": ""INTERIOR_GT_8PX"", ""rgb_scalars"": 3863214, ""self_mse"": 0.0990072042548316, ""self_sse"": 382486.017578125}]",,,0.0005132675170898438,,8.035588180183563e-09,,,,,,,0.026822651860614617,421883.8349609375
,,,,,,,,,,1.9449794346725332e-05,503,,,,,,LEGACY_GATED_NORMALIZED_SPLAT,,0.0002007608201022381,0.9239252822979311,,,,0.00010556991104953188,,6.888131172839506,0.4305081817250193,,,,,,,,,"[540, 960]",,,,,,,,,,multiseed,,,0.0006358199558756255,,"[{""fraction_total_self_sse"": 0.7971810547278749, ""region"": ""FOREGROUND"", ""rgb_scalars"": 8672685, ""self_mse"": 0.0002007608201022381, ""self_sse"": 1741.135353088379}, {""fraction_total_self_sse"": 0.3612899469454277, ""region"": ""SILHOUETTE_0_1PX"", ""rgb_scalars"": 249276, ""self_mse"": 0.0031655631006222143, ""self_sse"": 789.0989074707031}, {""fraction_total_self_sse"": 0.08788542144675772, ""region"": ""SILHOUETTE_1_2PX"", ""rgb_scalars"": 247986, ""self_mse"": 0.0007740432735596727, ""self_sse"": 191.951895236969}, {""fraction_total_self_sse"": 0.115211518528339, ""region"": ""SILHOUETTE_2_4PX"", ""rgb_scalars"": 541524, ""self_mse"": 0.0004646797601992861, ""self_sse"": 251.6352424621582}, {""fraction_total_self_sse"": 0.07628055637305184, ""region"": ""SILHOUETTE_4_8PX"", ""rgb_scalars"": 1161981, ""self_mse"": 0.00014338059887614561, ""self_sse"": 166.60553166270256}, {""fraction_total_self_sse"": 0.359332593152303, ""region"": ""INTERIOR_GT_8PX"", ""rgb_scalars"": 7434162, ""self_mse"": 0.00010556991104953188, ""self_sse"": 784.8238210678101}]",,,0.00028366126543209877,,0.22871578397710862,,,,,,,7.021975688973571e-05,2184.11531829834
,,,,,,,,,,2.428161120560322e-05,503,,,,,,UNGATED_NORMALIZED_SPLAT,,0.0001448252835625194,0.8381766988926262,,,,1.2602542402192863e-05,,6.888131172839506,0.4305081817250193,,,,,,,,,"[540, 960]",,,,,,,,,,multiseed,,,0.000627271409702022,,"[{""fraction_total_self_sse"": 0.9811557479860585, ""region"": ""FOREGROUND"", ""rgb_scalars"": 8786781, ""self_mse"": 0.0001448252835625194, ""self_sse"": 1272.5480499267578}, {""fraction_total_self_sse"": 0.369033651451922, ""region"": ""SILHOUETTE_0_1PX"", ""rgb_scalars"": 230178, ""self_mse"": 0.002079401704090012, ""self_sse"": 478.63252544403076}, {""fraction_total_self_sse"": 0.18268947993113874, ""region"": ""SILHOUETTE_1_2PX"", ""rgb_scalars"": 226962, ""self_mse"": 0.0010439906928453998, ""self_sse"": 236.94621562957764}, {""fraction_total_self_sse"": 0.20899424090019442, ""region"": ""SILHOUETTE_2_4PX"", ""rgb_scalars"": 479547, ""self_mse"": 0.0005652484467581003, ""self_sse"": 271.0631968975067}, {""fraction_total_self_sse"": 0.16316270667142266, ""region"": ""SILHOUETTE_4_8PX"", ""rgb_scalars"": 973590, ""self_mse"": 0.0002173607049581799, ""self_sse"": 211.62020874023438}, {""fraction_total_self_sse"": 0.07611991424380839, ""region"": ""INTERIOR_GT_8PX"", ""rgb_scalars"": 7833870, ""self_mse"": 1.2602542402192863e-05, ""self_sse"": 98.7266788482666}]",,,0.00033246527777777777,,0.10512579244774668,,,,,,,4.169845789548301e-05,1296.9888343811035
,,,,,,,,,,0.4964288240962703,503,,,,,,HARD_BIN_MONTE_CARLO,,0.6410888270653993,0.5828508286106565,,,,1.015947640847691,,6.888131172839506,0.4305081817250193,,,,,,,,,"[540, 960]",,,,,,,,,,multiseed,,,0.5583349464622045,,"[{""fraction_total_self_sse"": 0.7185355089020056, ""region"": ""FOREGROUND"", ""rgb_scalars"": 5954115, ""self_mse"": 0.6410888270653993, ""self_sse"": 3817116.6015625}, {""fraction_total_self_sse"": 0.7900583809914856, ""region"": ""SILHOUETTE_0_1PX"", ""rgb_scalars"": 6908202, ""self_mse"": 0.6075490522895828, ""self_sse"": 4197071.578125}, {""fraction_total_self_sse"": 0.14388893096519081, ""region"": ""SILHOUETTE_1_2PX"", ""rgb_scalars"": 1332132, ""self_mse"": 0.5738089481513469, ""self_sse"": 764389.26171875}, {""fraction_total_self_sse"": 0.05864545801680516, ""region"": ""SILHOUETTE_2_4PX"", ""rgb_scalars"": 725292, ""self_mse"": 0.4295450183232236, ""self_sse"": 311545.5654296875}, {""fraction_total_self_sse"": 0.007193199775093179, ""region"": ""SILHOUETTE_4_8PX"", ""rgb_scalars"": 546978, ""self_mse"": 0.06986174906982519, ""self_sse"": 38212.839782714844}, {""fraction_total_self_sse"": 0.0002140002207322911, ""region"": ""INTERIOR_GT_8PX"", ""rgb_scalars"": 1119, ""self_mse"": 1.015947640847691, ""self_sse"": 1136.8454101085663}]",,,0.09647926311728396,,1.0317973035966652,,,,,,,0.1707933465149177,5312356.25
,,,,,,,,,,0.0781176228802196,503,,,,,,CONTINUOUS_KERNEL_MONTE_CARLO,,0.07683988773875211,1.0270278235291331e-10,,,,0.08000086084527826,,6.888131172839506,0.4305081817250193,,,,,,,,,"[540, 960]",,,,,,,,,,multiseed,,,0.02539377105093923,,"[{""fraction_total_self_sse"": 0.9999256614043696, ""region"": ""FOREGROUND"", ""rgb_scalars"": 8786781, ""self_mse"": 0.07683988773875211, ""self_sse"": 675175.265625}, {""fraction_total_self_sse"": 0.00021872354382831047, ""region"": ""SILHOUETTE_0_1PX"", ""rgb_scalars"": 230178, ""self_mse"": 0.0006416238984583862, ""self_sse"": 147.6877056993544}, {""fraction_total_self_sse"": 0.000735242080359273, ""region"": ""SILHOUETTE_1_2PX"", ""rgb_scalars"": 226962, ""self_mse"": 0.0021873889576723704, ""self_sse"": 496.4541726112366}, {""fraction_total_self_sse"": 0.01761754865821207, ""region"": ""SILHOUETTE_2_4PX"", ""rgb_scalars"": 479547, ""self_mse"": 0.02480636395041587, ""self_sse"": 11895.817413330078}, {""fraction_total_self_sse"": 0.053269877353697336, ""region"": ""SILHOUETTE_4_8PX"", ""rgb_scalars"": 973590, ""self_mse"": 0.03694489209034026, ""self_sse"": 35969.177490234375}, {""fraction_total_self_sse"": 0.9281586373829139, ""region"": ""INTERIOR_GT_8PX"", ""rgb_scalars"": 7833870, ""self_mse"": 0.08000086084527826, ""self_sse"": 626716.34375}]",,,0.00033246527777777777,,6.7060761583801975e-09,,,,,,,0.021708637504420654,675225.4609375
,,,,,,,,,,9.730281539140852e-06,503,,,,,,LEGACY_GATED_NORMALIZED_SPLAT,,0.0010918354631384447,0.9935548152223043,,,,0.0005343993818734911,,6.888516975308642,0.4305323169849537,,,,,,,,,"[1080, 1920]",,,,,,,,,,multiseed,,,0.003693633569208498,,"[{""fraction_total_self_sse"": 0.7342385174984531, ""region"": ""FOREGROUND"", ""rgb_scalars"": 34263117, ""self_mse"": 0.0010918354631384447, ""self_sse"": 37409.68621826172}, {""fraction_total_self_sse"": 0.3620532439559976, ""region"": ""SILHOUETTE_0_1PX"", ""rgb_scalars"": 817089, ""self_mse"": 0.02257615515886585, ""self_sse"": 18446.72804260254}, {""fraction_total_self_sse"": 0.05383024652145628, ""region"": ""SILHOUETTE_1_2PX"", ""rgb_scalars"": 877914, ""self_mse"": 0.0031240738815326284, ""self_sse"": 2742.668197631836}, {""fraction_total_self_sse"": 0.0986721166264314, ""region"": ""SILHOUETTE_2_4PX"", ""rgb_scalars"": 2405196, ""self_mse"": 0.0020902145834726395, ""self_sse"": 5027.375755310059}, {""fraction_total_self_sse"": 0.2094304711466781, ""region"": ""SILHOUETTE_4_8PX"", ""rgb_scalars"": 5886531, ""self_mse"": 0.0018127058498591357, ""self_sse"": 10670.549179077148}, {""fraction_total_self_sse"": 0.276013867393148, ""region"": ""INTERIOR_GT_8PX"", ""rgb_scalars"": 26315514, ""self_mse"": 0.0005343993818734911, ""self_sse"": 14062.994415283203}]",,,0.0008294511959876543,,0.49053687745832153,,,,,,,0.00040951580471462675,50950.318359375
,,,,,,,,,,1.0576330088877576e-05,503,,,,,,UNGATED_NORMALIZED_SPLAT,,6.680427618634222e-05,0.8485256065900854,,,,1.308522180750202e-05,,6.888516975308642,0.4305323169849537,,,,,,,,,"[1080, 1920]",,,,,,,,,,multiseed,,,0.0004848334648765171,,"[{""fraction_total_self_sse"": 0.9722002602105203, ""region"": ""FOREGROUND"", ""rgb_scalars"": 34580745, ""self_mse"": 6.680427618634222e-05, ""self_sse"": 2310.1416397094727}, {""fraction_total_self_sse"": 0.16519548223268712, ""region"": ""SILHOUETTE_0_1PX"", ""rgb_scalars"": 491691, ""self_mse"": 0.0007983416409265765, ""self_sse"": 392.53739976882935}, {""fraction_total_self_sse"": 0.22725139545281864, ""region"": ""SILHOUETTE_1_2PX"", ""rgb_scalars"": 479982, ""self_mse"": 0.0011250309829886442, ""self_sse"": 539.9946212768555}, {""fraction_total_self_sse"": 0.21396663522192128, ""region"": ""SILHOUETTE_2_4PX"", ""rgb_scalars"": 1015389, ""self_mse"": 0.0005007217750725852, ""self_sse"": 508.42738246917725}, {""fraction_total_self_sse"": 0.21466509528880973, ""region"": ""SILHOUETTE_4_8PX"", ""rgb_scalars"": 2037096, ""self_mse"": 0.0002503991283845697, ""self_sse"": 510.08706283569336}, {""fraction_total_self_sse"": 0.17892131454496552, ""region"": ""INTERIOR_GT_8PX"", ""rgb_scalars"": 32491059, ""self_mse"": 1.308522180750202e-05, ""self_sse"": 425.15271377563477}]",,,0.0001586130401234568,,0.10217219045655855,,,,,,,1.9098824618284595e-05,2376.199363708496
,,,,,,,,,,0.5834376017428772,503,,,,,,HARD_BIN_MONTE_CARLO,,0.7144046406930046,0.5938440260007396,,,,0.9138202848835814,,6.888516975308642,0.4305323169849537,,,,,,,,,"[1080, 1920]",,,,,,,,,,multiseed,,,0.6383432217020009,,"[{""fraction_total_self_sse"": 0.6911620747149883, ""region"": ""FOREGROUND"", ""rgb_scalars"": 22269174, ""self_mse"": 0.7144046406930046, ""self_sse"": 15909201.25}, {""fraction_total_self_sse"": 0.8122335014002803, ""region"": ""SILHOUETTE_0_1PX"", ""rgb_scalars"": 28327269, ""self_mse"": 0.6600011127970014, ""self_sse"": 18696029.0625}, {""fraction_total_self_sse"": 0.1277556604328036, ""region"": ""SILHOUETTE_1_2PX"", ""rgb_scalars"": 4450329, ""self_mse"": 0.6607794210972942, ""self_sse"": 2940685.8203125}, {""fraction_total_self_sse"": 0.05056297707216176, ""region"": ""SILHOUETTE_2_4PX"", ""rgb_scalars"": 2029425, ""self_mse"": 0.5734929806164307, ""self_sse"": 1163860.9921875}, {""fraction_total_self_sse"": 0.009140299946165883, ""region"": ""SILHOUETTE_4_8PX"", ""rgb_scalars"": 1240932, ""self_mse"": 0.16954342016222484, ""self_sse"": 210391.85546875}, {""fraction_total_self_sse"": 0.00030751748265387996, ""region"": ""INTERIOR_GT_8PX"", ""rgb_scalars"": 7746, ""self_mse"": 0.9138202848835814, ""self_sse"": 7078.451926708221}]",,,0.10190422453703704,,1.0781332620079511,,,,,,,0.18500873832545653,23018047.1875
,,,,,,,,,,0.10137680433559909,503,,,,,,CONTINUOUS_KERNEL_MONTE_CARLO,,0.09970588333370203,1.7604645940843113e-06,,,,0.101568830828198,,6.888516975308642,0.4305323169849537,,,,,,,,,"[1080, 1920]",,,,,,,,,,multiseed,,,0.03726930847604518,,"[{""fraction_total_self_sse"": 0.9993760744941828, ""region"": ""FOREGROUND"", ""rgb_scalars"": 34580745, ""self_mse"": 0.09970588333370203, ""self_sse"": 3447903.7265625}, {""fraction_total_self_sse"": 0.0011215384551495323, ""region"": ""SILHOUETTE_0_1PX"", ""rgb_scalars"": 491691, ""self_mse"": 0.007869517274341247, ""self_sse"": 3869.3708181381226}, {""fraction_total_self_sse"": 0.0011503132263961996, ""region"": ""SILHOUETTE_1_2PX"", ""rgb_scalars"": 479982, ""self_mse"": 0.008268321310160856, ""self_sse"": 3968.645399093628}, {""fraction_total_self_sse"": 0.009497401347466006, ""region"": ""SILHOUETTE_2_4PX"", ""rgb_scalars"": 1015389, ""self_mse"": 0.03226996687670701, ""self_sse"": 32766.569396972656}, {""fraction_total_self_sse"": 0.031701801531626723, ""region"": ""SILHOUETTE_4_8PX"", ""rgb_scalars"": 2037096, ""self_mse"": 0.053690646019696975, ""self_sse"": 109373.00024414062}, {""fraction_total_self_sse"": 0.9565289907055344, ""region"": ""INTERIOR_GT_8PX"", ""rgb_scalars"": 32491059, ""self_mse"": 0.101568830828198, ""self_sse"": 3300078.875}]",,,0.0001586130401234568,,0.00030777855335966856,,,,,,,0.027730005020957915,3450056.3046875
,,,,,,,,,,8.939508820482304e-05,601,,,,,,LEGACY_GATED_NORMALIZED_SPLAT,,0.0004409090530246676,0.8096009767429413,,,,9.703359113690632e-05,,6.88759765625,0.43047485798597335,,,,,,,,,"[256, 256]",,,,,,,,,,multiseed,,,0.0007009795315473512,,"[{""fraction_total_self_sse"": 0.9531090120298814, ""region"": ""FOREGROUND"", ""rgb_scalars"": 1130325, ""self_mse"": 0.0004409090530246676, ""self_sse"": 498.3705253601074}, {""fraction_total_self_sse"": 0.5142219126062149, ""region"": ""SILHOUETTE_0_1PX"", ""rgb_scalars"": 74745, ""self_mse"": 0.003597312828746318, ""self_sse"": 268.88114738464355}, {""fraction_total_self_sse"": 0.22834645314932106, ""region"": ""SILHOUETTE_1_2PX"", ""rgb_scalars"": 74097, ""self_mse"": 0.0016114002204204228, ""self_sse"": 119.39992213249207}, {""fraction_total_self_sse"": 0.07613539822015898, ""region"": ""SILHOUETTE_2_4PX"", ""rgb_scalars"": 158841, ""self_mse"": 0.00025063042147130865, ""self_sse"": 39.81038677692413}, {""fraction_total_self_sse"": 0.029156939531075274, ""region"": ""SILHOUETTE_4_8PX"", ""rgb_scalars"": 324771, ""self_mse"": 4.694339196291744e-05, ""self_sse"": 15.24585235118866}, {""fraction_total_self_sse"": 0.15213930743635995, ""region"": ""INTERIOR_GT_8PX"", ""rgb_scalars"": 819840, ""self_mse"": 9.703359113690632e-05, ""self_sse"": 79.55201935768127}]",,,0.00074462890625,,0.14458050069913186,,,,,,,0.0001329776311952931,522.8893222808838
,,,,,,,,,,0.00013804705747351778,601,,,,,,UNGATED_NORMALIZED_SPLAT,,0.0005233260029758077,0.7556633438353394,,,,3.566050634141244e-05,,6.88759765625,0.43047485798597335,,,,,,,,,"[256, 256]",,,,,,,,,,multiseed,,,0.0009808402327516207,,"[{""fraction_total_self_sse"": 0.9413978678364414, ""region"": ""FOREGROUND"", ""rgb_scalars"": 1168599, ""self_mse"": 0.0005233260029758077, ""self_sse"": 611.5582437515259}, {""fraction_total_self_sse"": 0.5656530009638804, ""region"": ""SILHOUETTE_0_1PX"", ""rgb_scalars"": 75768, ""self_mse"": 0.0048498564745226656, ""self_sse"": 367.4639253616333}, {""fraction_total_self_sse"": 0.23671080829186658, ""region"": ""SILHOUETTE_1_2PX"", ""rgb_scalars"": 74547, ""self_mse"": 0.0020627781954857725, ""self_sse"": 153.77392613887787}, {""fraction_total_self_sse"": 0.1192703302112994, ""region"": ""SILHOUETTE_2_4PX"", ""rgb_scalars"": 158613, ""self_mse"": 0.000488492900921646, ""self_sse"": 77.48132449388504}, {""fraction_total_self_sse"": 0.031047673444621008, ""region"": ""SILHOUETTE_4_8PX"", ""rgb_scalars"": 322050, ""self_mse"": 6.26282638930475e-05, ""self_sse"": 20.169432386755943}, {""fraction_total_self_sse"": 0.04731819192825012, ""region"": ""INTERIOR_GT_8PX"", ""rgb_scalars"": 861996, ""self_mse"": 3.566050634141244e-05, ""self_sse"": 30.739213824272156}]",,,0.001070404052734375,,0.11663101211696487,,,,,,,0.00016520889766979963,649.6278190612793
,,,,,,,,,,0.4742155356264395,601,,,,,,HARD_BIN_MONTE_CARLO,,0.5990134902757439,0.5223429737051176,,,,0.0,,6.88759765625,0.43047485798597335,,,,,,,,,"[256, 256]",,,,,,,,,,multiseed,,,0.47138076377631566,,"[{""fraction_total_self_sse"": 0.7536253950713628, ""region"": ""FOREGROUND"", ""rgb_scalars"": 837879, ""self_mse"": 0.5990134902757439, ""self_sse"": 501900.82421875}, {""fraction_total_self_sse"": 0.7273527205339156, ""region"": ""SILHOUETTE_0_1PX"", ""rgb_scalars"": 813240, ""self_mse"": 0.5956466728091492, ""self_sse"": 484403.7001953125}, {""fraction_total_self_sse"": 0.1883748838284171, ""region"": ""SILHOUETTE_1_2PX"", ""rgb_scalars"": 255456, ""self_mse"": 0.4910992537915042, ""self_sse"": 125454.2509765625}, {""fraction_total_self_sse"": 0.0799171240945655, ""region"": ""SILHOUETTE_2_4PX"", ""rgb_scalars"": 172839, ""self_mse"": 0.307936015756535, ""self_sse"": 53223.35302734375}, {""fraction_total_self_sse"": 0.004355258494877453, ""region"": ""SILHOUETTE_4_8PX"", ""rgb_scalars"": 171297, ""self_mse"": 0.016932713640057204, ""self_sse"": 2900.523048400879}, {""fraction_total_self_sse"": 0.0, ""region"": ""INTERIOR_GT_8PX"", ""rgb_scalars"": 0, ""self_mse"": 0.0, ""self_sse"": 0.0}]",,,0.08274765014648437,,1.0691319073480532,,,,,,,0.1693679392337799,665981.8359375
,,,,,,,,,,0.07034174014008293,601,,,,,,CONTINUOUS_KERNEL_MONTE_CARLO,,0.0692107713455118,4.565455369640266e-10,,,,0.07617947709851974,,6.88759765625,0.43047485798597335,,,,,,,,,"[256, 256]",,,,,,,,,,multiseed,,,0.024110560331756514,,"[{""fraction_total_self_sse"": 1.0000000181114037, ""region"": ""FOREGROUND"", ""rgb_scalars"": 1168599, ""self_mse"": 0.0692107713455118, ""self_sse"": 80879.63818359375}, {""fraction_total_self_sse"": 5.006740422434368e-06, ""region"": ""SILHOUETTE_0_1PX"", ""rgb_scalars"": 75768, ""self_mse"": 5.34451676844542e-06, ""self_sse"": 0.4049433465115726}, {""fraction_total_self_sse"": 0.0014684815716407198, ""region"": ""SILHOUETTE_1_2PX"", ""rgb_scalars"": 74547, ""self_mse"": 0.0015932265019716484, ""self_sse"": 118.77025604248047}, {""fraction_total_self_sse"": 0.04659017610387919, ""region"": ""SILHOUETTE_2_4PX"", ""rgb_scalars"": 158613, ""self_mse"": 0.023757173232612307, ""self_sse"": 3768.196517944336}, {""fraction_total_self_sse"": 0.14003353475810193, ""region"": ""SILHOUETTE_4_8PX"", ""rgb_scalars"": 322050, ""self_mse"": 0.0351680217968568, ""self_sse"": 11325.861419677734}, {""fraction_total_self_sse"": 0.8119028126865022, ""region"": ""INTERIOR_GT_8PX"", ""rgb_scalars"": 861996, ""self_mse"": 0.07617947709851974, ""self_sse"": 65666.40454101562}]",,,0.001070404052734375,,8.772924014069165e-09,,,,,,,0.0205687552690506,80879.63671875
,,,,,,,,,,3.654904525647875e-05,601,,,,,,LEGACY_GATED_NORMALIZED_SPLAT,,0.0005690300112844028,0.9575919439763961,,,,0.00023097958328694945,,6.888433837890625,0.4305271044373512,,,,,,,,,"[512, 512]",,,,,,,,,,multiseed,,,0.0017713357994545518,,"[{""fraction_total_self_sse"": 0.6706954048879198, ""region"": ""FOREGROUND"", ""rgb_scalars"": 4410918, ""self_mse"": 0.0005690300112844028, ""self_sse"": 2509.944719314575}, {""fraction_total_self_sse"": 0.44386829636256636, ""region"": ""SILHOUETTE_0_1PX"", ""rgb_scalars"": 170724, ""self_mse"": 0.009729675906898966, ""self_sse"": 1661.089189529419}, {""fraction_total_self_sse"": 0.05387653963844357, ""region"": ""SILHOUETTE_1_2PX"", ""rgb_scalars"": 175839, ""self_mse"": 0.0011466300375182713, ""self_sse"": 201.6222791671753}, {""fraction_total_self_sse"": 0.11582365926300787, ""region"": ""SILHOUETTE_2_4PX"", ""rgb_scalars"": 415362, ""self_mse"": 0.001043540587552362, ""self_sse"": 433.44710552692413}, {""fraction_total_self_sse"": 0.17751004940445772, ""region"": ""SILHOUETTE_4_8PX"", ""rgb_scalars"": 909387, ""self_mse"": 0.0007304879038676243, ""self_sse"": 664.2962034344673}, {""fraction_total_self_sse"": 0.20892139657583408, ""region"": ""INTERIOR_GT_8PX"", ""rgb_scalars"": 3384918, ""self_mse"": 0.00023097958328694945, ""self_sse"": 781.8469491004944}]",,,0.000688934326171875,,0.33071227353540633,,,,,,,0.0002379291500498463,3742.3019466400146
,,,,,,,,,,4.775956351129029e-05,601,,,,,,UNGATED_NORMALIZED_SPLAT,,0.0002415631701263401,0.80991873971215,,,,2.1198674722752112e-05,,6.888433837890625,0.4305271044373512,,,,,,,,,"[512, 512]",,,,,,,,,,multiseed,,,0.0008090612703145534,,"[{""fraction_total_self_sse"": 0.977435569335322, ""region"": ""FOREGROUND"", ""rgb_scalars"": 4490499, ""self_mse"": 0.0002415631701263401, ""self_sse"": 1084.7391738891602}, {""fraction_total_self_sse"": 0.426050923032598, ""region"": ""SILHOUETTE_0_1PX"", ""rgb_scalars"": 151569, ""self_mse"": 0.0031195238510542678, ""self_sse"": 472.82311058044434}, {""fraction_total_self_sse"": 0.15821596291616818, ""region"": ""SILHOUETTE_1_2PX"", ""rgb_scalars"": 149256, ""self_mse"": 0.0011764018138313611, ""self_sse"": 175.58502912521362}, {""fraction_total_self_sse"": 0.26405556262779367, ""region"": ""SILHOUETTE_2_4PX"", ""rgb_scalars"": 318489, ""self_mse"": 0.0009201064366315062, ""self_sse"": 293.0437788963318}, {""fraction_total_self_sse"": 0.0778836060501069, ""region"": ""SILHOUETTE_4_8PX"", ""rgb_scalars"": 651153, ""self_mse"": 0.00013273950409616479, ""self_sse"": 86.43372631072998}, {""fraction_total_self_sse"": 0.07379392818661738, ""region"": ""INTERIOR_GT_8PX"", ""rgb_scalars"": 3863217, ""self_mse"": 2.1198674722752112e-05, ""self_sse"": 81.89508056640625}]",,,0.0005277633666992187,,0.10827999301106653,,,,,,,7.055795952813545e-05,1109.7807445526123
,,,,,,,,,,0.5465456706953047,601,,,,,,HARD_BIN_MONTE_CARLO,,0.6848445512914688,0.562385315489534,,,,1.1956845279854376,,6.888433837890625,0.4305271044373512,,,,,,,,,"[512, 512]",,,,,,,,,,multiseed,,,0.5803906955858835,,"[{""fraction_total_self_sse"": 0.7263538819999135, ""region"": ""FOREGROUND"", ""rgb_scalars"": 3063024, ""self_mse"": 0.6848445512914688, ""self_sse"": 2097695.296875}, {""fraction_total_self_sse"": 0.7756042545171614, ""region"": ""SILHOUETTE_0_1PX"", ""rgb_scalars"": 3452103, ""self_mse"": 0.6488593692019039, ""self_sse"": 2239929.375}, {""fraction_total_self_sse"": 0.1612345916326613, ""region"": ""SILHOUETTE_1_2PX"", ""rgb_scalars"": 765354, ""self_mse"": 0.6084011246756403, ""self_sse"": 465642.234375}, {""fraction_total_self_sse"": 0.05836933770043244, ""region"": ""SILHOUETTE_2_4PX"", ""rgb_scalars"": 408735, ""self_mse"": 0.41241749506098085, ""self_sse"": 168569.46484375}, {""fraction_total_self_sse"": 0.00468378186035018, ""region"": ""SILHOUETTE_4_8PX"", ""rgb_scalars"": 349194, ""self_mse"": 0.03873682574590801, ""self_sse"": 13526.667129516602}, {""fraction_total_self_sse"": 0.0001080595051431417, ""region"": ""INTERIOR_GT_8PX"", ""rgb_scalars"": 261, ""self_mse"": 1.1956845279854376, ""self_sse"": 312.0736618041992}]",,,0.09547004699707032,,1.0816077889773936,,,,,,,0.18361280709505082,2887979.7421875
,,,,,,,,,,0.0986784576492398,601,,,,,,CONTINUOUS_KERNEL_MONTE_CARLO,,0.09706006485871772,1.2371437950592487e-10,,,,0.10222565032031943,,6.888433837890625,0.4305271044373512,,,,,,,,,"[512, 512]",,,,,,,,,,multiseed,,,0.032217938104015575,,"[{""fraction_total_self_sse"": 0.9999918577105112, ""region"": ""FOREGROUND"", ""rgb_scalars"": 4490496, ""self_mse"": 0.09706006485871772, ""self_sse"": 435847.8330078125}, {""fraction_total_self_sse"": 3.7107015809852195e-05, ""region"": ""SILHOUETTE_0_1PX"", ""rgb_scalars"": 151569, ""self_mse"": 0.00010670482827314331, ""self_sse"": 16.173144116532058}, {""fraction_total_self_sse"": 0.0005647784955674711, ""region"": ""SILHOUETTE_1_2PX"", ""rgb_scalars"": 149256, ""self_mse"": 0.0016492434992516495, ""self_sse"": 246.1594877243042}, {""fraction_total_self_sse"": 0.021655996057935414, ""region"": ""SILHOUETTE_2_4PX"", ""rgb_scalars"": 318489, ""self_mse"": 0.029636175211340942, ""self_sse"": 9438.795806884766}, {""fraction_total_self_sse"": 0.07165446762819846, ""region"": ""SILHOUETTE_4_8PX"", ""rgb_scalars"": 651153, ""self_mse"": 0.047962151338423915, ""self_sse"": 31230.69873046875}, {""fraction_total_self_sse"": 0.9060876710153865, ""region"": ""INTERIOR_GT_8PX"", ""rgb_scalars"": 3863214, ""self_mse"": 0.10222565032031943, ""self_sse"": 394919.5634765625}]",,,0.0005277633666992187,,6.495733437011558e-09,,,,,,,0.027710684575140476,435851.3818359375
,,,,,,,,,,2.0180959181058625e-05,601,,,,,,LEGACY_GATED_NORMALIZED_SPLAT,,0.00020877696632199368,0.9234301857228451,,,,0.00011409324595949423,,6.888131172839506,0.4305081817250193,,,,,,,,,"[540, 960]",,,,,,,,,,multiseed,,,0.00063763069846894,,"[{""fraction_total_self_sse"": 0.8042130205914376, ""region"": ""FOREGROUND"", ""rgb_scalars"": 8672685, ""self_mse"": 0.00020877696632199368, ""self_sse"": 1810.6568641662598}, {""fraction_total_self_sse"": 0.3595545233045056, ""region"": ""SILHOUETTE_0_1PX"", ""rgb_scalars"": 249276, ""self_mse"": 0.003247501382656517, ""self_sse"": 809.5241546630859}, {""fraction_total_self_sse"": 0.08878960654748601, ""region"": ""SILHOUETTE_1_2PX"", ""rgb_scalars"": 247986, ""self_mse"": 0.0008061206067842795, ""self_sse"": 199.90662479400635}, {""fraction_total_self_sse"": 0.10200187567313998, ""region"": ""SILHOUETTE_2_4PX"", ""rgb_scalars"": 541524, ""self_mse"": 0.00042408753143730277, ""self_sse"": 229.65357637405396}, {""fraction_total_self_sse"": 0.07292687132126204, ""region"": ""SILHOUETTE_4_8PX"", ""rgb_scalars"": 1161981, ""self_mse"": 0.00014130372488555966, ""self_sse"": 164.19224354624748}, {""fraction_total_self_sse"": 0.3767271339416492, ""region"": ""INTERIOR_GT_8PX"", ""rgb_scalars"": 7434162, ""self_mse"": 0.00011409324595949423, ""self_sse"": 848.1876735687256}]",,,0.0002961033950617284,,0.22574050480845698,,,,,,,7.238503885857852e-05,2251.4642486572266
,,,,,,,,,,2.5150383109785386e-05,601,,,,,,UNGATED_NORMALIZED_SPLAT,,0.00014799540378403477,0.836156216513183,,,,1.2988954116012194e-05,,6.888131172839506,0.4305081817250193,,,,,,,,,"[540, 960]",,,,,,,,,,multiseed,,,0.0006412916188034674,,"[{""fraction_total_self_sse"": 0.9801060856270488, ""region"": ""FOREGROUND"", ""rgb_scalars"": 8786781, ""self_mse"": 0.00014799540378403477, ""self_sse"": 1300.4032020568848}, {""fraction_total_self_sse"": 0.3718987448871984, ""region"": ""SILHOUETTE_0_1PX"", ""rgb_scalars"": 230178, ""self_mse"": 0.0021437090672433144, ""self_sse"": 493.43466567993164}, {""fraction_total_self_sse"": 0.18354840140417827, ""region"": ""SILHOUETTE_1_2PX"", ""rgb_scalars"": 226962, ""self_mse"": 0.0010730066190272807, ""self_sse"": 243.53172826766968}, {""fraction_total_self_sse"": 0.2200015825923598, ""region"": ""SILHOUETTE_2_4PX"", ""rgb_scalars"": 479547, ""self_mse"": 0.0006086947709636998, ""self_sse"": 291.89775133132935}, {""fraction_total_self_sse"": 0.14786005321379658, ""region"": ""SILHOUETTE_4_8PX"", ""rgb_scalars"": 973590, ""self_mse"": 0.00020150215636366504, ""self_sse"": 196.18048441410065}, {""fraction_total_self_sse"": 0.07669121152330681, ""region"": ""INTERIOR_GT_8PX"", ""rgb_scalars"": 7833870, ""self_mse"": 1.2988954116012194e-05, ""self_sse"": 101.75377798080444}]",,,0.00033815586419753084,,0.10547734775749942,,,,,,,4.2656842082616236e-05,1326.7984161376953
,,,,,,,,,,0.5142291299910052,601,,,,,,HARD_BIN_MONTE_CARLO,,0.6575103337145822,0.5830298901395483,,,,0.9862949815150134,,6.888131172839506,0.4305081817250193,,,,,,,,,"[540, 960]",,,,,,,,,,multiseed,,,0.5720922710235817,,"[{""fraction_total_self_sse"": 0.7192274240911914, ""region"": ""FOREGROUND"", ""rgb_scalars"": 5954115, ""self_mse"": 0.6575103337145822, ""self_sse"": 3914892.140625}, {""fraction_total_self_sse"": 0.789514700871328, ""region"": ""SILHOUETTE_0_1PX"", ""rgb_scalars"": 6908202, ""self_mse"": 0.6220836048403043, ""self_sse"": 4297479.203125}, {""fraction_total_self_sse"": 0.14419875043709643, ""region"": ""SILHOUETTE_1_2PX"", ""rgb_scalars"": 1332132, ""self_mse"": 0.5892068656202989, ""self_sse"": 784901.3203125}, {""fraction_total_self_sse"": 0.058656088032750436, ""region"": ""SILHOUETTE_2_4PX"", ""rgb_scalars"": 725292, ""self_mse"": 0.44020378306470015, ""self_sse"": 319276.2822265625}, {""fraction_total_self_sse"": 0.007427705749893111, ""region"": ""SILHOUETTE_4_8PX"", ""rgb_scalars"": 546978, ""self_mse"": 0.07391598938886997, ""self_sse"": 40430.42004394531}, {""fraction_total_self_sse"": 0.00020276049707395807, ""region"": ""INTERIOR_GT_8PX"", ""rgb_scalars"": 1119, ""self_mse"": 0.9862949815150134, ""self_sse"": 1103.6640843153}]",,,0.09755623070987654,,1.0458589748216198,,,,,,,0.17499970612702545,5443190.859375
,,,,,,,,,,0.0809786013800176,601,,,,,,CONTINUOUS_KERNEL_MONTE_CARLO,,0.07965280392678786,1.3964258019029924e-10,,,,0.08304377438130835,,6.888131172839506,0.4305081817250193,,,,,,,,,"[540, 960]",,,,,,,,,,multiseed,,,0.0258525215163675,,"[{""fraction_total_self_sse"": 0.9999315872917499, ""region"": ""FOREGROUND"", ""rgb_scalars"": 8786781, ""self_mse"": 0.07965280392678786, ""self_sse"": 699891.744140625}, {""fraction_total_self_sse"": 0.00018432230542974752, ""region"": ""SILHOUETTE_0_1PX"", ""rgb_scalars"": 230178, ""self_mse"": 0.0005604987707845318, ""self_sse"": 129.01448606164195}, {""fraction_total_self_sse"": 0.0006842182365925644, ""region"": ""SILHOUETTE_1_2PX"", ""rgb_scalars"": 226962, ""self_mse"": 0.0021100953402397246, ""self_sse"": 478.91145861148834}, {""fraction_total_self_sse"": 0.017140736323339158, ""region"": ""SILHOUETTE_2_4PX"", ""rgb_scalars"": 479547, ""self_mse"": 0.02501836237394435, ""self_sse"": 11997.48062133789}, {""fraction_total_self_sse"": 0.05254749004022641, ""region"": ""SILHOUETTE_4_8PX"", ""rgb_scalars"": 973590, ""self_mse"": 0.0377777818986544, ""self_sse"": 36780.07067871094}, {""fraction_total_self_sse"": 0.9294432061649067, ""region"": ""INTERIOR_GT_8PX"", ""rgb_scalars"": 7833870, ""self_mse"": 0.08304377438130835, ""self_sse"": 650554.1328125}]",,,0.00033815586419753084,,9.292771986871012e-09,,,,,,,0.02250320308983571,699939.62890625
,,,,,,,,,,9.50144396619012e-06,601,,,,,,LEGACY_GATED_NORMALIZED_SPLAT,,0.0007798861066393064,0.9920626683137072,,,,0.0004005118467328163,,6.888516975308642,0.4305323169849537,,,,,,,,,"[1080, 1920]",,,,,,,,,,multiseed,,,0.002992434979085288,,"[{""fraction_total_self_sse"": 0.6610211727751626, ""region"": ""FOREGROUND"", ""rgb_scalars"": 34263117, ""self_mse"": 0.0007798861066393064, ""self_sse"": 26721.32891845703}, {""fraction_total_self_sse"": 0.44935299654552385, ""region"": ""SILHOUETTE_0_1PX"", ""rgb_scalars"": 817089, ""self_mse"": 0.022231100440923607, ""self_sse"": 18164.787628173828}, {""fraction_total_self_sse"": 0.05567150354291408, ""region"": ""SILHOUETTE_1_2PX"", ""rgb_scalars"": 877914, ""self_mse"": 0.002563442961197418, ""self_sse"": 2250.48246383667}, {""fraction_total_self_sse"": 0.07340122400047662, ""region"": ""SILHOUETTE_2_4PX"", ""rgb_scalars"": 2405196, ""self_mse"": 0.0012336600801602583, ""self_sse"": 2967.194290161133}, {""fraction_total_self_sse"": 0.16084813310425358, ""region"": ""SILHOUETTE_4_8PX"", ""rgb_scalars"": 5886531, ""self_mse"": 0.0011045853315830307, ""self_sse"": 6502.175796508789}, {""fraction_total_self_sse"": 0.26072611968706344, ""region"": ""INTERIOR_GT_8PX"", ""rgb_scalars"": 26315514, ""self_mse"": 0.0004005118467328163, ""self_sse"": 10539.675109863281}]",,,0.000664158950617284,,0.485325963514012,,,,,,,0.0003249125210836591,40424.31622314453
,,,,,,,,,,1.0383088388487685e-05,601,,,,,,UNGATED_NORMALIZED_SPLAT,,6.63119110875362e-05,0.8501624095668985,,,,1.269885881394081e-05,,6.888516975308642,0.4305323169849537,,,,,,,,,"[1080, 1920]",,,,,,,,,,multiseed,,,0.00048349461025238476,,"[{""fraction_total_self_sse"": 0.9723768780627656, ""region"": ""FOREGROUND"", ""rgb_scalars"": 34580745, ""self_mse"": 6.63119110875362e-05, ""self_sse"": 2293.1152877807617}, {""fraction_total_self_sse"": 0.16177835728274897, ""region"": ""SILHOUETTE_0_1PX"", ""rgb_scalars"": 491691, ""self_mse"": 0.0007759244350180886, ""self_sse"": 381.515061378479}, {""fraction_total_self_sse"": 0.2362160933728328, ""region"": ""SILHOUETTE_1_2PX"", ""rgb_scalars"": 479982, ""self_mse"": 0.001160581913093968, ""self_sse"": 557.058427810669}, {""fraction_total_self_sse"": 0.21697623396313076, ""region"": ""SILHOUETTE_2_4PX"", ""rgb_scalars"": 1015389, ""self_mse"": 0.00050393088822216, ""self_sse"": 511.68588066101074}, {""fraction_total_self_sse"": 0.2100700563601496, ""region"": ""SILHOUETTE_4_8PX"", ""rgb_scalars"": 2037096, ""self_mse"": 0.00024318899745218557, ""self_sse"": 495.3993339538574}, {""fraction_total_self_sse"": 0.17495940581755143, ""region"": ""INTERIOR_GT_8PX"", ""rgb_scalars"": 32491059, ""self_mse"": 1.269885881394081e-05, ""self_sse"": 412.5993709564209}]",,,0.00015885416666666665,,0.10144212066922152,,,,,,,1.8954617802988846e-05,2358.25772857666
,,,,,,,,,,0.5811486585545442,601,,,,,,HARD_BIN_MONTE_CARLO,,0.7117836016279724,0.5942040459230097,,,,0.8879417325640537,,6.888516975308642,0.4305323169849537,,,,,,,,,"[1080, 1920]",,,,,,,,,,multiseed,,,0.636214894119102,,"[{""fraction_total_self_sse"": 0.6909352946451803, ""region"": ""FOREGROUND"", ""rgb_scalars"": 22269174, ""self_mse"": 0.7117836016279724, ""self_sse"": 15850832.875}, {""fraction_total_self_sse"": 0.8127113688447677, ""region"": ""SILHOUETTE_0_1PX"", ""rgb_scalars"": 28327269, ""self_mse"": 0.6581825095811389, ""self_sse"": 18644513.0}, {""fraction_total_self_sse"": 0.12757574179053852, ""region"": ""SILHOUETTE_1_2PX"", ""rgb_scalars"": 4450329, ""self_mse"": 0.6576437435159288, ""self_sse"": 2926731.0234375}, {""fraction_total_self_sse"": 0.05032401837897018, ""region"": ""SILHOUETTE_2_4PX"", ""rgb_scalars"": 2029425, ""self_mse"": 0.568875218273033, ""self_sse"": 1154489.58984375}, {""fraction_total_self_sse"": 0.009089016401333121, ""region"": ""SILHOUETTE_4_8PX"", ""rgb_scalars"": 1240932, ""self_mse"": 0.16802875601072922, ""self_sse"": 208512.26025390625}, {""fraction_total_self_sse"": 0.0002998107851257298, ""region"": ""INTERIOR_GT_8PX"", ""rgb_scalars"": 7746, ""self_mse"": 0.8879417325640537, ""self_sse"": 6877.99666044116}]",,,0.10194639756944444,,1.0747369860781852,,,,,,,0.1843904712818287,22941124.875
,,,,,,,,,,0.09841633005214523,601,,,,,,CONTINUOUS_KERNEL_MONTE_CARLO,,0.09679357756570889,1.4958955645263164e-06,,,,0.09866982655905429,,6.888516975308642,0.4305323169849537,,,,,,,,,"[1080, 1920]",,,,,,,,,,multiseed,,,0.03563742256217446,,"[{""fraction_total_self_sse"": 0.9993718669418307, ""region"": ""FOREGROUND"", ""rgb_scalars"": 34580745, ""self_mse"": 0.09679357756570889, ""self_sse"": 3347194.0234375}, {""fraction_total_self_sse"": 0.0011824932597483176, ""region"": ""SILHOUETTE_0_1PX"", ""rgb_scalars"": 491691, ""self_mse"": 0.008054900550645611, ""self_sse"": 3960.5221066474915}, {""fraction_total_self_sse"": 0.001188874793385083, ""region"": ""SILHOUETTE_1_2PX"", ""rgb_scalars"": 479982, ""self_mse"": 0.008295927271016865, ""self_sse"": 3981.895763397217}, {""fraction_total_self_sse"": 0.009133414457992433, ""region"": ""SILHOUETTE_2_4PX"", ""rgb_scalars"": 1015389, ""self_mse"": 0.03012690230790321, ""self_sse"": 30590.52520751953}, {""fraction_total_self_sse"": 0.03131333234826212, ""region"": ""SILHOUETTE_4_8PX"", ""rgb_scalars"": 2037096, ""self_mse"": 0.051483914368979485, ""self_sse"": 104877.67602539062}, {""fraction_total_self_sse"": 0.9571818693844603, ""region"": ""INTERIOR_GT_8PX"", ""rgb_scalars"": 32491059, ""self_mse"": 0.09866982655905429, ""self_sse"": 3205887.15625}]",,,0.00015885416666666665,,0.00025350130365157925,,,,,,,0.026920153582537614,3349297.828125
,,,,,,,,,,9.097066783252693e-05,701,,,,,,LEGACY_GATED_NORMALIZED_SPLAT,,0.00042465794403641127,0.8002508747946664,,,,7.608092057749129e-05,,6.88759765625,0.43047485798597335,,,,,,,,,"[256, 256]",,,,,,,,,,multiseed,,,0.0007033445757639757,,"[{""fraction_total_self_sse"": 0.9463616002318629, ""region"": ""FOREGROUND"", ""rgb_scalars"": 1130325, ""self_mse"": 0.00042465794403641127, ""self_sse"": 480.00149059295654}, {""fraction_total_self_sse"": 0.534772241642006, ""region"": ""SILHOUETTE_0_1PX"", ""rgb_scalars"": 74745, ""self_mse"": 0.0036288764821429645, ""self_sse"": 271.2403726577759}, {""fraction_total_self_sse"": 0.22281324016225634, ""region"": ""SILHOUETTE_1_2PX"", ""rgb_scalars"": 74097, ""self_mse"": 0.001525196659630451, ""self_sse"": 113.01249688863754}, {""fraction_total_self_sse"": 0.09260550441410435, ""region"": ""SILHOUETTE_2_4PX"", ""rgb_scalars"": 158841, ""self_mse"": 0.0002957056789914654, ""self_sse"": 46.97018575668335}, {""fraction_total_self_sse"": 0.026833280251097717, ""region"": ""SILHOUETTE_4_8PX"", ""rgb_scalars"": 324771, ""self_mse"": 4.190655882801346e-05, ""self_sse"": 13.610035017132759}, {""fraction_total_self_sse"": 0.12297572357110904, ""region"": ""INTERIOR_GT_8PX"", ""rgb_scalars"": 819840, ""self_mse"": 7.608092057749129e-05, ""self_sse"": 62.37418192625046}]",,,0.0007354736328125,,0.14035029991698628,,,,,,,0.00012898948092091207,507.20727729797363
,,,,,,,,,,0.00013934417309535043,701,,,,,,UNGATED_NORMALIZED_SPLAT,,0.0005242064386980927,0.7536105462445842,,,,3.7952126519316106e-05,,6.88759765625,0.43047485798597335,,,,,,,,,"[256, 256]",,,,,,,,,,multiseed,,,0.0009787090665654638,,"[{""fraction_total_self_sse"": 0.9420670909170644, ""region"": ""FOREGROUND"", ""rgb_scalars"": 1168599, ""self_mse"": 0.0005242064386980927, ""self_sse"": 612.5871200561523}, {""fraction_total_self_sse"": 0.548127472853298, ""region"": ""SILHOUETTE_0_1PX"", ""rgb_scalars"": 75768, ""self_mse"": 0.004704156642906166, ""self_sse"": 356.42454051971436}, {""fraction_total_self_sse"": 0.24391873968851727, ""region"": ""SILHOUETTE_1_2PX"", ""rgb_scalars"": 74547, ""self_mse"": 0.002127654101796887, ""self_sse"": 158.61023032665253}, {""fraction_total_self_sse"": 0.12569865457500556, ""region"": ""SILHOUETTE_2_4PX"", ""rgb_scalars"": 158613, ""self_mse"": 0.000515321044241611, ""self_sse"": 81.73661679029465}, {""fraction_total_self_sse"": 0.03194499144646332, ""region"": ""SILHOUETTE_4_8PX"", ""rgb_scalars"": 322050, ""self_mse"": 6.45008593904104e-05, ""self_sse"": 20.77250176668167}, {""fraction_total_self_sse"": 0.050310118154313334, ""region"": ""INTERIOR_GT_8PX"", ""rgb_scalars"": 861996, ""self_mse"": 3.7952126519316106e-05, ""self_sse"": 32.71458125114441}]",,,0.001059722900390625,,0.11760058859597873,,,,,,,0.0001653692845138721,650.2584857940674
,,,,,,,,,,0.47740834248383607,701,,,,,,HARD_BIN_MONTE_CARLO,,0.6026549067645806,0.518928493281915,,,,0.0,,6.88759765625,0.43047485798597335,,,,,,,,,"[256, 256]",,,,,,,,,,multiseed,,,0.4726845032732575,,"[{""fraction_total_self_sse"": 0.756115438838689, ""region"": ""FOREGROUND"", ""rgb_scalars"": 837879, ""self_mse"": 0.6026549067645806, ""self_sse"": 504951.890625}, {""fraction_total_self_sse"": 0.7247394799460417, ""region"": ""SILHOUETTE_0_1PX"", ""rgb_scalars"": 813240, ""self_mse"": 0.5951481460827216, ""self_sse"": 483998.2783203125}, {""fraction_total_self_sse"": 0.19002939187485504, ""region"": ""SILHOUETTE_1_2PX"", ""rgb_scalars"": 255456, ""self_mse"": 0.4967828191761742, ""self_sse"": 126906.15185546875}, {""fraction_total_self_sse"": 0.08075515016944218, ""region"": ""SILHOUETTE_2_4PX"", ""rgb_scalars"": 172839, ""self_mse"": 0.31202571058610723, ""self_sse"": 53930.21179199219}, {""fraction_total_self_sse"": 0.004475956279285558, ""region"": ""SILHOUETTE_4_8PX"", ""rgb_scalars"": 171297, ""self_mse"": 0.017450102224729504, ""self_sse"": 2989.1501607894897}, {""fraction_total_self_sse"": 0.0, ""region"": ""INTERIOR_GT_8PX"", ""rgb_scalars"": 0, ""self_mse"": 0.0, ""self_sse"": 0.0}]",,,0.08237380981445312,,1.069914517925863,,,,,,,0.16983637660741807,667823.806640625
,,,,,,,,,,0.07230645609434141,701,,,,,,CONTINUOUS_KERNEL_MONTE_CARLO,,0.07114278064949461,1.3378065967515543e-09,,,,0.0779517392219265,,6.88759765625,0.43047485798597335,,,,,,,,,"[256, 256]",,,,,,,,,,multiseed,,,0.02526759407602206,,"[{""fraction_total_self_sse"": 0.9999999559511124, ""region"": ""FOREGROUND"", ""rgb_scalars"": 1168599, ""self_mse"": 0.07114278064949461, ""self_sse"": 83137.38232421875}, {""fraction_total_self_sse"": 5.990805610455369e-06, ""region"": ""SILHOUETTE_0_1PX"", ""rgb_scalars"": 75768, ""self_mse"": 6.5734864112222595e-06, ""self_sse"": 0.49805991840548813}, {""fraction_total_self_sse"": 0.001515470807052311, ""region"": ""SILHOUETTE_1_2PX"", ""rgb_scalars"": 74547, ""self_mse"": 0.0016901053219703028, ""self_sse"": 125.99228143692017}, {""fraction_total_self_sse"": 0.047749731299582876, ""region"": ""SILHOUETTE_2_4PX"", ""rgb_scalars"": 158613, ""self_mse"": 0.025028136670997174, ""self_sse"": 3969.787841796875}, {""fraction_total_self_sse"": 0.14249928177554536, ""region"": ""SILHOUETTE_4_8PX"", ""rgb_scalars"": 322050, ""self_mse"": 0.03678626856621036, ""self_sse"": 11847.017791748047}, {""fraction_total_self_sse"": 0.8082294939294069, ""region"": ""INTERIOR_GT_8PX"", ""rgb_scalars"": 861996, ""self_mse"": 0.0779517392219265, ""self_sse"": 67194.08740234375}]",,,0.001059722900390625,,2.6691083131555077e-08,,,,,,,0.021142930599550407,83137.38598632812
,,,,,,,,,,3.4232099044607694e-05,701,,,,,,LEGACY_GATED_NORMALIZED_SPLAT,,0.0005370171984044385,0.9586494752406831,,,,0.00021358579160802205,,6.888433837890625,0.4305271044373512,,,,,,,,,"[512, 512]",,,,,,,,,,multiseed,,,0.0017184055418679675,,"[{""fraction_total_self_sse"": 0.6589050526097977, ""region"": ""FOREGROUND"", ""rgb_scalars"": 4410918, ""self_mse"": 0.0005370171984044385, ""self_sse"": 2368.738826751709}, {""fraction_total_self_sse"": 0.45622474679412145, ""region"": ""SILHOUETTE_0_1PX"", ""rgb_scalars"": 170724, ""self_mse"": 0.009606796744245109, ""self_sse"": 1640.110767364502}, {""fraction_total_self_sse"": 0.055069441304515104, ""region"": ""SILHOUETTE_1_2PX"", ""rgb_scalars"": 175839, ""self_mse"": 0.0011258740418845646, ""self_sse"": 197.97256565093994}, {""fraction_total_self_sse"": 0.11349450125545894, ""region"": ""SILHOUETTE_2_4PX"", ""rgb_scalars"": 415362, ""self_mse"": 0.0009822960546366248, ""self_sse"": 408.0084538459778}, {""fraction_total_self_sse"": 0.17410475076372434, ""region"": ""SILHOUETTE_4_8PX"", ""rgb_scalars"": 909387, ""self_mse"": 0.0006882658495547186, ""self_sse"": 625.9000161290169}, {""fraction_total_self_sse"": 0.20110652886091182, ""region"": ""INTERIOR_GT_8PX"", ""rgb_scalars"": 3384918, ""self_mse"": 0.00021358579160802205, ""self_sse"": 722.9703905582428}]",,,0.0006612777709960937,,0.3313439791620425,,,,,,,0.00022856154791952576,3594.9623050689697
,,,,,,,,,,4.507442286677607e-05,701,,,,,,UNGATED_NORMALIZED_SPLAT,,0.0002319122553116202,0.8132494056531115,,,,2.0235204347706113e-05,,6.888433837890625,0.4305271044373512,,,,,,,,,"[512, 512]",,,,,,,,,,multiseed,,,0.0007776370146938614,,"[{""fraction_total_self_sse"": 0.9768008649133749, ""region"": ""FOREGROUND"", ""rgb_scalars"": 4490499, ""self_mse"": 0.0002319122553116202, ""self_sse"": 1041.4017505645752}, {""fraction_total_self_sse"": 0.4308138222515223, ""region"": ""SILHOUETTE_0_1PX"", ""rgb_scalars"": 151569, ""self_mse"": 0.0030303410667879152, ""self_sse"": 459.30576515197754}, {""fraction_total_self_sse"": 0.15172874859033542, ""region"": ""SILHOUETTE_1_2PX"", ""rgb_scalars"": 149256, ""self_mse"": 0.0010837980000901312, ""self_sse"": 161.76335430145264}, {""fraction_total_self_sse"": 0.26553928370531277, ""region"": ""SILHOUETTE_2_4PX"", ""rgb_scalars"": 318489, ""self_mse"": 0.0008888871133724425, ""self_sse"": 283.10076785087585}, {""fraction_total_self_sse"": 0.07859442278207945, ""region"": ""SILHOUETTE_4_8PX"", ""rgb_scalars"": 651153, ""self_mse"": 0.00012868293295548064, ""self_sse"": 83.79227784276009}, {""fraction_total_self_sse"": 0.07332370984004485, ""region"": ""INTERIOR_GT_8PX"", ""rgb_scalars"": 3863217, ""self_mse"": 2.0235204347706113e-05, ""self_sse"": 78.17298543453217}]",,,0.0005102157592773438,,0.10804159360511281,,,,,,,6.778304826487632e-05,1066.1351642608643
,,,,,,,,,,0.5211583595996496,701,,,,,,HARD_BIN_MONTE_CARLO,,0.665424774565103,0.5664757091978331,,,,1.0821561009491083,,6.888433837890625,0.4305271044373512,,,,,,,,,"[512, 512]",,,,,,,,,,multiseed,,,0.5643459796018238,,"[{""fraction_total_self_sse"": 0.7258275918718461, ""region"": ""FOREGROUND"", ""rgb_scalars"": 3063024, ""self_mse"": 0.665424774565103, ""self_sse"": 2038212.0546875}, {""fraction_total_self_sse"": 0.7754330345672867, ""region"": ""SILHOUETTE_0_1PX"", ""rgb_scalars"": 3452103, ""self_mse"": 0.6307778661478235, ""self_sse"": 2177510.1640625}, {""fraction_total_self_sse"": 0.16126307156516304, ""region"": ""SILHOUETTE_1_2PX"", ""rgb_scalars"": 765354, ""self_mse"": 0.5916821443390085, ""self_sse"": 452846.2958984375}, {""fraction_total_self_sse"": 0.05849075421722512, ""region"": ""SILHOUETTE_2_4PX"", ""rgb_scalars"": 408735, ""self_mse"": 0.4018475138040234, ""self_sse"": 164249.1435546875}, {""fraction_total_self_sse"": 0.00471257480319448, ""region"": ""SILHOUETTE_4_8PX"", ""rgb_scalars"": 349194, ""self_mse"": 0.03789722203581593, ""self_sse"": 13233.482551574707}, {""fraction_total_self_sse"": 0.00010058067071502791, ""region"": ""INTERIOR_GT_8PX"", ""rgb_scalars"": 261, ""self_mse"": 1.0821561009491083, ""self_sse"": 282.4427423477173}]",,,0.09409065246582031,,1.0748788847591555,,,,,,,0.17853555579980215,2808121.484375
,,,,,,,,,,0.09322682075181904,701,,,,,,CONTINUOUS_KERNEL_MONTE_CARLO,,0.09170368360512124,3.2382782698991364e-10,,,,0.09679038406800011,,6.888433837890625,0.4305271044373512,,,,,,,,,"[512, 512]",,,,,,,,,,multiseed,,,0.02981325159573232,,"[{""fraction_total_self_sse"": 0.9999910643538619, ""region"": ""FOREGROUND"", ""rgb_scalars"": 4490496, ""self_mse"": 0.09170368360512124, ""self_sse"": 411795.0244140625}, {""fraction_total_self_sse"": 3.5811887186345717e-05, ""region"": ""SILHOUETTE_0_1PX"", ""rgb_scalars"": 151569, ""self_mse"": 9.729752610869319e-05, ""self_sse"": 14.747288734768517}, {""fraction_total_self_sse"": 0.0004966884644165301, ""region"": ""SILHOUETTE_1_2PX"", ""rgb_scalars"": 149256, ""self_mse"": 0.0013703681325301638, ""self_sse"": 204.53566598892212}, {""fraction_total_self_sse"": 0.02120581639277627, ""region"": ""SILHOUETTE_2_4PX"", ""rgb_scalars"": 318489, ""self_mse"": 0.027418616372813308, ""self_sse"": 8732.527709960938}, {""fraction_total_self_sse"": 0.07024048731162794, ""region"": ""SILHOUETTE_4_8PX"", ""rgb_scalars"": 651153, ""self_mse"": 0.04442111400913552, ""self_sse"": 28924.941650390625}, {""fraction_total_self_sse"": 0.9080212323947822, ""region"": ""INTERIOR_GT_8PX"", ""rgb_scalars"": 3863214, ""self_mse"": 0.09679038406800011, ""self_sse"": 373921.966796875}]",,,0.0005102157592773438,,1.6617056636320426e-08,,,,,,,0.026181456508735816,411798.7041015625
,,,,,,,,,,2.0329285564817176e-05,701,,,,,,LEGACY_GATED_NORMALIZED_SPLAT,,0.00020930734770070644,0.9228508689496653,,,,0.00011427482651853938,,6.888131172839506,0.4305081817250193,,,,,,,,,"[540, 960]",,,,,,,,,,multiseed,,,0.0006368221281187502,,"[{""fraction_total_self_sse"": 0.806409930511097, ""region"": ""FOREGROUND"", ""rgb_scalars"": 8672685, ""self_mse"": 0.00020930734770070644, ""self_sse"": 1815.2566947937012}, {""fraction_total_self_sse"": 0.34921940065107493, ""region"": ""SILHOUETTE_0_1PX"", ""rgb_scalars"": 249276, ""self_mse"": 0.0031535525719764714, ""self_sse"": 786.1049709320068}, {""fraction_total_self_sse"": 0.09051143452139802, ""region"": ""SILHOUETTE_1_2PX"", ""rgb_scalars"": 247986, ""self_mse"": 0.0008215962805516514, ""self_sse"": 203.74437522888184}, {""fraction_total_self_sse"": 0.10964241878201127, ""region"": ""SILHOUETTE_2_4PX"", ""rgb_scalars"": 541524, ""self_mse"": 0.0004557672119185709, ""self_sse"": 246.8088836669922}, {""fraction_total_self_sse"": 0.07322805745639424, ""region"": ""SILHOUETTE_4_8PX"", ""rgb_scalars"": 1161981, ""self_mse"": 0.0001418602323150177, ""self_sse"": 164.8388946056366}, {""fraction_total_self_sse"": 0.37739871008988857, ""region"": ""INTERIOR_GT_8PX"", ""rgb_scalars"": 7434162, ""self_mse"": 0.00011427482651853938, ""self_sse"": 849.5375728607178}]",,,0.0002890625,,0.23104985894436647,,,,,,,7.237122713783641e-05,2251.0346488952637
,,,,,,,,,,2.529610149103506e-05,701,,,,,,UNGATED_NORMALIZED_SPLAT,,0.00014539066122829316,0.8321320323515092,,,,1.3110055431728369e-05,,6.888131172839506,0.4305081817250193,,,,,,,,,"[540, 960]",,,,,,,,,,multiseed,,,0.0006280754825776835,,"[{""fraction_total_self_sse"": 0.9808178291305364, ""region"": ""FOREGROUND"", ""rgb_scalars"": 8786781, ""self_mse"": 0.00014539066122829316, ""self_sse"": 1277.5158996582031}, {""fraction_total_self_sse"": 0.3744141642185329, ""region"": ""SILHOUETTE_0_1PX"", ""rgb_scalars"": 230178, ""self_mse"": 0.002118685136775538, ""self_sse"": 487.6747074127197}, {""fraction_total_self_sse"": 0.17552143574491746, ""region"": ""SILHOUETTE_1_2PX"", ""rgb_scalars"": 226962, ""self_mse"": 0.001007291049815923, ""self_sse"": 228.61679124832153}, {""fraction_total_self_sse"": 0.21099191672374726, ""region"": ""SILHOUETTE_2_4PX"", ""rgb_scalars"": 479547, ""self_mse"": 0.0005730765018115073, ""self_sse"": 274.8171172142029}, {""fraction_total_self_sse"": 0.1602222050900183, ""region"": ""SILHOUETTE_4_8PX"", ""rgb_scalars"": 973590, ""self_mse"": 0.0002143505302609984, ""self_sse"": 208.68953275680542}, {""fraction_total_self_sse"": 0.07885022303417485, ""region"": ""INTERIOR_GT_8PX"", ""rgb_scalars"": 7833870, ""self_mse"": 1.3110055431728369e-05, ""self_sse"": 102.70246994495392}]",,,0.00033179012345679014,,0.10502447157867195,,,,,,,4.1875665202552887e-05,1302.500690460205
,,,,,,,,,,0.5111856169074442,701,,,,,,HARD_BIN_MONTE_CARLO,,0.6536636899438456,0.5806735113188126,,,,1.0653920133162866,,6.888131172839506,0.4305081817250193,,,,,,,,,"[540, 960]",,,,,,,,,,multiseed,,,0.5683913452150029,,"[{""fraction_total_self_sse"": 0.7196626322060814, ""region"": ""FOREGROUND"", ""rgb_scalars"": 5954115, ""self_mse"": 0.6536636899438456, ""self_sse"": 3891988.78125}, {""fraction_total_self_sse"": 0.7890043872683337, ""region"": ""SILHOUETTE_0_1PX"", ""rgb_scalars"": 6908202, ""self_mse"": 0.6176707231490914, ""self_sse"": 4266994.125}, {""fraction_total_self_sse"": 0.14416925646967485, ""region"": ""SILHOUETTE_1_2PX"", ""rgb_scalars"": 1332132, ""self_mse"": 0.5852858498749561, ""self_sse"": 779678.009765625}, {""fraction_total_self_sse"": 0.059287161834072184, ""region"": ""SILHOUETTE_2_4PX"", ""rgb_scalars"": 725292, ""self_mse"": 0.4420693450017372, ""self_sse"": 320629.359375}, {""fraction_total_self_sse"": 0.007318740424527636, ""region"": ""SILHOUETTE_4_8PX"", ""rgb_scalars"": 546978, ""self_mse"": 0.07236175845645014, ""self_sse"": 39580.28991699219}, {""fraction_total_self_sse"": 0.0002204432963484779, ""region"": ""INTERIOR_GT_8PX"", ""rgb_scalars"": 1119, ""self_mse"": 1.0653920133162866, ""self_sse"": 1192.1736629009247}]",,,0.09703829089506173,,1.0404357344450264,,,,,,,0.17387069237477495,5408074.015625
,,,,,,,,,,0.08126645297659271,701,,,,,,CONTINUOUS_KERNEL_MONTE_CARLO,,0.07993630374102587,4.290340547642862e-10,,,,0.08324849340109039,,6.888131172839506,0.4305081817250193,,,,,,,,,"[540, 960]",,,,,,,,,,multiseed,,,0.02631697088104479,,"[{""fraction_total_self_sse"": 0.9999319744831545, ""region"": ""FOREGROUND"", ""rgb_scalars"": 8786781, ""self_mse"": 0.07993630374102587, ""self_sse"": 702382.794921875}, {""fraction_total_self_sse"": 0.00021091909554737603, ""region"": ""SILHOUETTE_0_1PX"", ""rgb_scalars"": 230178, ""self_mse"": 0.0006436584826653523, ""self_sse"": 148.15602222294547}, {""fraction_total_self_sse"": 0.0006802757684978919, ""region"": ""SILHOUETTE_1_2PX"", ""rgb_scalars"": 226962, ""self_mse"": 0.002105403113077973, ""self_sse"": 477.84650135040283}, {""fraction_total_self_sse"": 0.017302713891966682, ""region"": ""SILHOUETTE_2_4PX"", ""rgb_scalars"": 479547, ""self_mse"": 0.025344659276912637, ""self_sse"": 12153.955322265625}, {""fraction_total_self_sse"": 0.05337573207301157, ""region"": ""SILHOUETTE_4_8PX"", ""rgb_scalars"": 973590, ""self_mse"": 0.03850978988885529, ""self_sse"": 37492.746337890625}, {""fraction_total_self_sse"": 0.9284303606782138, ""region"": ""INTERIOR_GT_8PX"", ""rgb_scalars"": 7833870, ""self_mse"": 0.08324849340109039, ""self_sse"": 652157.875}]",,,0.00033179012345679014,,2.9202193713506827e-08,,,,,,,0.022583287619759515,702430.578125
,,,,,,,,,,9.330319784054152e-06,701,,,,,,LEGACY_GATED_NORMALIZED_SPLAT,,0.0006930401753515166,0.991578770286121,,,,0.0003399737554700281,,6.888516975308642,0.4305323169849537,,,,,,,,,"[1080, 1920]",,,,,,,,,,multiseed,,,0.002851238021336369,,"[{""fraction_total_self_sse"": 0.6345537733445558, ""region"": ""FOREGROUND"", ""rgb_scalars"": 34263117, ""self_mse"": 0.0006930401753515166, ""self_sse"": 23745.71661376953}, {""fraction_total_self_sse"": 0.48113047388021335, ""region"": ""SILHOUETTE_0_1PX"", ""rgb_scalars"": 817089, ""self_mse"": 0.022034862806258472, ""self_sse"": 18004.44401550293}, {""fraction_total_self_sse"": 0.05730812946483731, ""region"": ""SILHOUETTE_1_2PX"", ""rgb_scalars"": 877914, ""self_mse"": 0.002442761734280589, ""self_sse"": 2144.534725189209}, {""fraction_total_self_sse"": 0.07153072609054024, ""region"": ""SILHOUETTE_2_4PX"", ""rgb_scalars"": 2405196, ""self_mse"": 0.0011129073487139154, ""self_sse"": 2676.7603034973145}, {""fraction_total_self_sse"": 0.15095230599410192, ""region"": ""SILHOUETTE_4_8PX"", ""rgb_scalars"": 5886531, ""self_mse"": 0.0009596153049446445, ""self_sse"": 5648.8052406311035}, {""fraction_total_self_sse"": 0.2390784327679472, ""region"": ""INTERIOR_GT_8PX"", ""rgb_scalars"": 26315514, ""self_mse"": 0.0003399737554700281, ""self_sse"": 8946.584121704102}]",,,0.0006176697530864198,,0.4828491822496295,,,,,,,0.00030077422401051464,37421.12585449219
,,,,,,,,,,1.018741826964927e-05,701,,,,,,UNGATED_NORMALIZED_SPLAT,,6.64981040161601e-05,0.8531530655297823,,,,1.221621752296537e-05,,6.888516975308642,0.4305323169849537,,,,,,,,,"[1080, 1920]",,,,,,,,,,multiseed,,,0.0004880576209684825,,"[{""fraction_total_self_sse"": 0.973999719194841, ""region"": ""FOREGROUND"", ""rgb_scalars"": 34580745, ""self_mse"": 6.64981040161601e-05, ""self_sse"": 2299.5539779663086}, {""fraction_total_self_sse"": 0.16173731908577627, ""region"": ""SILHOUETTE_0_1PX"", ""rgb_scalars"": 491691, ""self_mse"": 0.0007766096054360762, ""self_sse"": 381.8519535064697}, {""fraction_total_self_sse"": 0.23554725130411078, ""region"": ""SILHOUETTE_1_2PX"", ""rgb_scalars"": 479982, ""self_mse"": 0.0011586115838317123, ""self_sse"": 556.1127052307129}, {""fraction_total_self_sse"": 0.21463800445123488, ""region"": ""SILHOUETTE_2_4PX"", ""rgb_scalars"": 1015389, ""self_mse"": 0.0004990671040319748, ""self_sse"": 506.74724769592285}, {""fraction_total_self_sse"": 0.2199586948427232, ""region"": ""SILHOUETTE_4_8PX"", ""rgb_scalars"": 2037096, ""self_mse"": 0.00025492616619353294, ""self_sse"": 519.3090734481812}, {""fraction_total_self_sse"": 0.16811863195711618, ""region"": ""INTERIOR_GT_8PX"", ""rgb_scalars"": 32491059, ""self_mse"": 1.221621752296537e-05, ""self_sse"": 396.9178442955017}]",,,0.00015991512345679012,,0.10123856018765844,,,,,,,1.897616911326907e-05,2360.9390563964844
,,,,,,,,,,0.5709392748269314,701,,,,,,HARD_BIN_MONTE_CARLO,,0.7023988939823274,0.5936840637643692,,,,0.9131451316683784,,6.888516975308642,0.4305323169849537,,,,,,,,,"[1080, 1920]",,,,,,,,,,multiseed,,,0.628292511181893,,"[{""fraction_total_self_sse"": 0.6904142420772377, ""region"": ""FOREGROUND"", ""rgb_scalars"": 22269174, ""self_mse"": 0.7023988939823274, ""self_sse"": 15641843.1875}, {""fraction_total_self_sse"": 0.8134481668322497, ""region"": ""SILHOUETTE_0_1PX"", ""rgb_scalars"": 28327269, ""self_mse"": 0.6505839788156069, ""self_sse"": 18429267.375}, {""fraction_total_self_sse"": 0.12701488221312382, ""region"": ""SILHOUETTE_1_2PX"", ""rgb_scalars"": 4450329, ""self_mse"": 0.6466074105841388, ""self_sse"": 2877615.7109375}, {""fraction_total_self_sse"": 0.05017141560877028, ""region"": ""SILHOUETTE_2_4PX"", ""rgb_scalars"": 2029425, ""self_mse"": 0.5600947928600466, ""self_sse"": 1136670.375}, {""fraction_total_self_sse"": 0.009053190939899506, ""region"": ""SILHOUETTE_4_8PX"", ""rgb_scalars"": 1240932, ""self_mse"": 0.16528440638518066, ""self_sse"": 205106.708984375}, {""fraction_total_self_sse"": 0.0003122044684087176, ""region"": ""INTERIOR_GT_8PX"", ""rgb_scalars"": 7746, ""self_mse"": 0.9131451316683784, ""self_sse"": 7073.222189903259}]",,,0.10153571084104938,,1.0647276422310508,,,,,,,0.1820966480396412,22655736.5625
,,,,,,,,,,0.09541898621418375,701,,,,,,CONTINUOUS_KERNEL_MONTE_CARLO,,0.09384342536576352,2.1959446731004587e-06,,,,0.09565655167049188,,6.888516975308642,0.4305323169849537,,,,,,,,,"[1080, 1920]",,,,,,,,,,multiseed,,,0.034617660663543263,,"[{""fraction_total_self_sse"": 0.9993489402377517, ""region"": ""FOREGROUND"", ""rgb_scalars"": 34580745, ""self_mse"": 0.09384342536576352, ""self_sse"": 3245175.5625}, {""fraction_total_self_sse"": 0.0011733697554551382, ""region"": ""SILHOUETTE_0_1PX"", ""rgb_scalars"": 491691, ""self_mse"": 0.007749321363788488, ""self_sse"": 3810.2715706825256}, {""fraction_total_self_sse"": 0.0011744822788106782, ""region"": ""SILHOUETTE_1_2PX"", ""rgb_scalars"": 479982, ""self_mse"": 0.007945890171637509, ""self_sse"": 3813.884256362915}, {""fraction_total_self_sse"": 0.009370301362636096, ""region"": ""SILHOUETTE_2_4PX"", ""rgb_scalars"": 1015389, ""self_mse"": 0.02996692252535112, ""self_sse"": 30428.08349609375}, {""fraction_total_self_sse"": 0.03118129419185572, ""region"": ""SILHOUETTE_4_8PX"", ""rgb_scalars"": 2037096, ""self_mse"": 0.049705412399486205, ""self_sse"": 101254.69677734375}, {""fraction_total_self_sse"": 0.9571005086749181, ""region"": ""INTERIOR_GT_8PX"", ""rgb_scalars"": 32491059, ""self_mse"": 0.09565655167049188, ""self_sse"": 3107982.6640625}]",,,0.00015991512345679012,,0.00035840714773675126,,,,,,,0.026100258344485434,3247289.7421875
,,,,,,,,,,8.998650062479466e-05,809,,,,,,LEGACY_GATED_NORMALIZED_SPLAT,,0.00040464089702648136,0.7924251208218047,,,,5.00034434018565e-05,,6.88759765625,0.43047485798597335,,,,,,,,,"[256, 256]",,,,,,,,,,multiseed,,,0.0006985543268145422,,"[{""fraction_total_self_sse"": 0.9473432644929697, ""region"": ""FOREGROUND"", ""rgb_scalars"": 1130325, ""self_mse"": 0.00040464089702648136, ""self_sse"": 457.3757219314575}, {""fraction_total_self_sse"": 0.5691408781516486, ""region"": ""SILHOUETTE_0_1PX"", ""rgb_scalars"": 74745, ""self_mse"": 0.0036762358823486997, ""self_sse"": 274.78025102615356}, {""fraction_total_self_sse"": 0.23288273454586628, ""region"": ""SILHOUETTE_1_2PX"", ""rgb_scalars"": 74097, ""self_mse"": 0.0015174081190807793, ""self_sse"": 112.4353893995285}, {""fraction_total_self_sse"": 0.0848959531222588, ""region"": ""SILHOUETTE_2_4PX"", ""rgb_scalars"": 158841, ""self_mse"": 0.0002580418294473407, ""self_sse"": 40.98762223124504}, {""fraction_total_self_sse"": 0.028169559474103656, ""region"": ""SILHOUETTE_4_8PX"", ""rgb_scalars"": 324771, ""self_mse"": 4.1876323791956074e-05, ""self_sse"": 13.600215554237366}, {""fraction_total_self_sse"": 0.08491086785428047, ""region"": ""INTERIOR_GT_8PX"", ""rgb_scalars"": 819840, ""self_mse"": 5.00034434018565e-05, ""self_sse"": 40.99482303857803}]",,,0.00073089599609375,,0.13311812972226073,,,,,,,0.00012278195814966844,482.7983045578003
,,,,,,,,,,0.0001339550633814941,809,,,,,,UNGATED_NORMALIZED_SPLAT,,0.000535522633078881,0.7660908516434567,,,,3.687873965974227e-05,,6.88759765625,0.43047485798597335,,,,,,,,,"[256, 256]",,,,,,,,,,multiseed,,,0.0009931506494160166,,"[{""fraction_total_self_sse"": 0.9504373414015941, ""region"": ""FOREGROUND"", ""rgb_scalars"": 1168599, ""self_mse"": 0.000535522633078881, ""self_sse"": 625.8112134933472}, {""fraction_total_self_sse"": 0.5474085406933562, ""region"": ""SILHOUETTE_0_1PX"", ""rgb_scalars"": 75768, ""self_mse"": 0.004757136304732701, ""self_sse"": 360.4387035369873}, {""fraction_total_self_sse"": 0.257286378390525, ""region"": ""SILHOUETTE_1_2PX"", ""rgb_scalars"": 74547, ""self_mse"": 0.0022725135054785265, ""self_sse"": 169.40906429290771}, {""fraction_total_self_sse"": 0.11534146509144312, ""region"": ""SILHOUETTE_2_4PX"", ""rgb_scalars"": 158613, ""self_mse"": 0.00047881366247370596, ""self_sse"": 75.94607144594193}, {""fraction_total_self_sse"": 0.031684278234304114, ""region"": ""SILHOUETTE_4_8PX"", ""rgb_scalars"": 322050, ""self_mse"": 6.477991365124176e-05, ""self_sse"": 20.862371191382408}, {""fraction_total_self_sse"": 0.04827935630605855, ""region"": ""INTERIOR_GT_8PX"", ""rgb_scalars"": 861996, ""self_mse"": 3.687873965974227e-05, ""self_sse"": 31.789326071739197}]",,,0.00108642578125,,0.11807797106910733,,,,,,,0.00016745135605257625,658.4455242156982
,,,,,,,,,,0.4705002719787992,809,,,,,,HARD_BIN_MONTE_CARLO,,0.5914246600456331,0.5158969108236573,,,,0.0,,6.88759765625,0.43047485798597335,,,,,,,,,"[256, 256]",,,,,,,,,,multiseed,,,0.4650510964115566,,"[{""fraction_total_self_sse"": 0.7542052226506327, ""region"": ""FOREGROUND"", ""rgb_scalars"": 837879, ""self_mse"": 0.5914246600456331, ""self_sse"": 495542.302734375}, {""fraction_total_self_sse"": 0.7260625094159476, ""region"": ""SILHOUETTE_0_1PX"", ""rgb_scalars"": 813240, ""self_mse"": 0.5866059717053852, ""self_sse"": 477051.4404296875}, {""fraction_total_self_sse"": 0.18821596408630173, ""region"": ""SILHOUETTE_1_2PX"", ""rgb_scalars"": 255456, ""self_mse"": 0.4840960602376241, ""self_sse"": 123665.2431640625}, {""fraction_total_self_sse"": 0.08102331365809207, ""region"": ""SILHOUETTE_2_4PX"", ""rgb_scalars"": 172839, ""self_mse"": 0.3080061974108672, ""self_sse"": 53235.483154296875}, {""fraction_total_self_sse"": 0.004698204428373994, ""region"": ""SILHOUETTE_4_8PX"", ""rgb_scalars"": 171297, ""self_mse"": 0.018020770342069396, ""self_sse"": 3086.9038972854614}, {""fraction_total_self_sse"": 0.0, ""region"": ""INTERIOR_GT_8PX"", ""rgb_scalars"": 0, ""self_mse"": 0.0, ""self_sse"": 0.0}]",,,0.0816497802734375,,1.0557666158584065,,,,,,,0.16709367781877518,657039.076171875
,,,,,,,,,,0.0715168136512301,809,,,,,,CONTINUOUS_KERNEL_MONTE_CARLO,,0.07036401150143248,1.3061379029440691e-09,,,,0.07702472277097283,,6.88759765625,0.43047485798597335,,,,,,,,,"[256, 256]",,,,,,,,,,multiseed,,,0.025091701703423126,,"[{""fraction_total_self_sse"": 0.9999999703090606, ""region"": ""FOREGROUND"", ""rgb_scalars"": 1168599, ""self_mse"": 0.07036401150143248, ""self_sse"": 82227.3134765625}, {""fraction_total_self_sse"": 6.67033455272042e-06, ""region"": ""SILHOUETTE_0_1PX"", ""rgb_scalars"": 75768, ""self_mse"": 7.238988841530524e-06, ""self_sse"": 0.5484837065450847}, {""fraction_total_self_sse"": 0.0014572982761821398, ""region"": ""SILHOUETTE_1_2PX"", ""rgb_scalars"": 74547, ""self_mse"": 0.0016074386057432235, ""self_sse"": 119.82972574234009}, {""fraction_total_self_sse"": 0.04899471864548177, ""region"": ""SILHOUETTE_2_4PX"", ""rgb_scalars"": 158613, ""self_mse"": 0.025399583945666646, ""self_sse"": 4028.7042083740234}, {""fraction_total_self_sse"": 0.1420845276192036, ""region"": ""SILHOUETTE_4_8PX"", ""rgb_scalars"": 322050, ""self_mse"": 0.03627768774910607, ""self_sse"": 11683.22933959961}, {""fraction_total_self_sse"": 0.8074567701556036, ""region"": ""INTERIOR_GT_8PX"", ""rgb_scalars"": 861996, ""self_mse"": 0.07702472277097283, ""self_sse"": 66395.0029296875}]",,,0.00108642578125,,2.5140499526642132e-08,,,,,,,0.020911487812797228,82227.31591796875
,,,,,,,,,,3.462698444570871e-05,809,,,,,,LEGACY_GATED_NORMALIZED_SPLAT,,0.0004804385493027591,0.9552283426733802,,,,0.0001740907151047119,,6.888433837890625,0.4305271044373512,,,,,,,,,"[512, 512]",,,,,,,,,,multiseed,,,0.0016572573363580689,,"[{""fraction_total_self_sse"": 0.6308801676377825, ""region"": ""FOREGROUND"", ""rgb_scalars"": 4410918, ""self_mse"": 0.0004804385493027591, ""self_sse"": 2119.1750450134277}, {""fraction_total_self_sse"": 0.4781082382644083, ""region"": ""SILHOUETTE_0_1PX"", ""rgb_scalars"": 170724, ""self_mse"": 0.009407009996538552, ""self_sse"": 1606.0023746490479}, {""fraction_total_self_sse"": 0.05787643382975014, ""region"": ""SILHOUETTE_1_2PX"", ""rgb_scalars"": 175839, ""self_mse"": 0.001105621598536331, ""self_sse"": 194.4113962650299}, {""fraction_total_self_sse"": 0.12508742152565225, ""region"": ""SILHOUETTE_2_4PX"", ""rgb_scalars"": 415362, ""self_mse"": 0.0010115953734152936, ""self_sse"": 420.1782774925232}, {""fraction_total_self_sse"": 0.16349789809688156, ""region"": ""SILHOUETTE_4_8PX"", ""rgb_scalars"": 909387, ""self_mse"": 0.0006039255288855856, ""self_sse"": 549.202024936676}, {""fraction_total_self_sse"": 0.1754299766273835, ""region"": ""INTERIOR_GT_8PX"", ""rgb_scalars"": 3384918, ""self_mse"": 0.0001740907151047119, ""self_sse"": 589.2827951908112}]",,,0.0006258010864257813,,0.3259865418689638,,,,,,,0.00021356436251759685,3359.0769748687744
,,,,,,,,,,4.575777465449514e-05,809,,,,,,UNGATED_NORMALIZED_SPLAT,,0.0002324053397664803,0.8107572169981258,,,,2.0140888620521137e-05,,6.888433837890625,0.4305271044373512,,,,,,,,,"[512, 512]",,,,,,,,,,multiseed,,,0.0007794272525926647,,"[{""fraction_total_self_sse"": 0.9771271237338688, ""region"": ""FOREGROUND"", ""rgb_scalars"": 4490499, ""self_mse"": 0.0002324053397664803, ""self_sse"": 1043.61594581604}, {""fraction_total_self_sse"": 0.4246830544005235, ""region"": ""SILHOUETTE_0_1PX"", ""rgb_scalars"": 151569, ""self_mse"": 0.0029925690793082835, ""self_sse"": 453.58070278167725}, {""fraction_total_self_sse"": 0.15821195138778454, ""region"": ""SILHOUETTE_1_2PX"", ""rgb_scalars"": 149256, ""self_mse"": 0.0011321321563487613, ""self_sse"": 168.97751712799072}, {""fraction_total_self_sse"": 0.2651033452660918, ""region"": ""SILHOUETTE_2_4PX"", ""rgb_scalars"": 318489, ""self_mse"": 0.0008890177008985825, ""self_sse"": 283.14235854148865}, {""fraction_total_self_sse"": 0.07915023065985355, ""region"": ""SILHOUETTE_4_8PX"", ""rgb_scalars"": 651153, ""self_mse"": 0.00012982513306164343, ""self_sse"": 84.53602486848831}, {""fraction_total_self_sse"": 0.07285143218174689, ""region"": ""INTERIOR_GT_8PX"", ""rgb_scalars"": 3863217, ""self_mse"": 2.0140888620521137e-05, ""self_sse"": 77.80862331390381}]",,,0.0005130767822265625,,0.1073017798687298,,,,,,,6.790448581644644e-05,1068.0452117919922
,,,,,,,,,,0.5126006679326344,809,,,,,,HARD_BIN_MONTE_CARLO,,0.6537362846936556,0.5637673183637216,,,,0.876926643181578,,6.888433837890625,0.4305271044373512,,,,,,,,,"[512, 512]",,,,,,,,,,multiseed,,,0.5546812531699188,,"[{""fraction_total_self_sse"": 0.7255154730295409, ""region"": ""FOREGROUND"", ""rgb_scalars"": 3063024, ""self_mse"": 0.6537362846936556, ""self_sse"": 2002409.9296875}, {""fraction_total_self_sse"": 0.7766642538531142, ""region"": ""SILHOUETTE_0_1PX"", ""rgb_scalars"": 3452103, ""self_mse"": 0.6209489299891979, ""self_sse"": 2143579.6640625}, {""fraction_total_self_sse"": 0.16037982477390467, ""region"": ""SILHOUETTE_1_2PX"", ""rgb_scalars"": 765354, ""self_mse"": 0.5783539279699329, ""self_sse"": 442645.4921875}, {""fraction_total_self_sse"": 0.058180968218983144, ""region"": ""SILHOUETTE_2_4PX"", ""rgb_scalars"": 408735, ""self_mse"": 0.39286688870271996, ""self_sse"": 160578.44775390625}, {""fraction_total_self_sse"": 0.004691963805331054, ""region"": ""SILHOUETTE_4_8PX"", ""rgb_scalars"": 349194, ""self_mse"": 0.037084650595839486, ""self_sse"": 12949.737480163574}, {""fraction_total_self_sse"": 8.292728774206501e-05, ""region"": ""INTERIOR_GT_8PX"", ""rgb_scalars"": 261, ""self_mse"": 0.876926643181578, ""self_sse"": 228.87785387039185}]",,,0.0941162109375,,1.0511158878443512,,,,,,,0.17547495464483898,2759982.390625
,,,,,,,,,,0.09026030011155332,809,,,,,,CONTINUOUS_KERNEL_MONTE_CARLO,,0.08878611153666266,2.3863242607553805e-10,,,,0.09361509926951367,,6.888433837890625,0.4305271044373512,,,,,,,,,"[512, 512]",,,,,,,,,,multiseed,,,0.029154581849188364,,"[{""fraction_total_self_sse"": 0.999996418981944, ""region"": ""FOREGROUND"", ""rgb_scalars"": 4490496, ""self_mse"": 0.08878611153666266, ""self_sse"": 398693.6787109375}, {""fraction_total_self_sse"": 2.2758176203825786e-05, ""region"": ""SILHOUETTE_0_1PX"", ""rgb_scalars"": 151569, ""self_mse"": 5.98643092194677e-05, ""self_sse"": 9.0735734840855}, {""fraction_total_self_sse"": 0.0005313224540266998, ""region"": ""SILHOUETTE_1_2PX"", ""rgb_scalars"": 149256, ""self_mse"": 0.0014192773648292847, ""self_sse"": 211.83566236495972}, {""fraction_total_self_sse"": 0.021272970096792004, ""region"": ""SILHOUETTE_2_4PX"", ""rgb_scalars"": 318489, ""self_mse"": 0.02663021039077782, ""self_sse"": 8481.429077148438}, {""fraction_total_self_sse"": 0.07107585562774464, ""region"": ""SILHOUETTE_4_8PX"", ""rgb_scalars"": 651153, ""self_mse"": 0.043519105072379785, ""self_sse"": 28337.595825195312}, {""fraction_total_self_sse"": 0.9070970680674303, ""region"": ""INTERIOR_GT_8PX"", ""rgb_scalars"": 3863214, ""self_mse"": 0.09361509926951367, ""self_sse"": 361655.162109375}]",,,0.0005130767822265625,,1.178953909733455e-08,,,,,,,0.025348352206250032,398695.1064453125
,,,,,,,,,,2.0058859815566086e-05,809,,,,,,LEGACY_GATED_NORMALIZED_SPLAT,,0.00020112356511206683,0.921775364393829,,,,0.00011090243027297731,,6.888131172839506,0.4305081817250193,,,,,,,,,"[540, 960]",,,,,,,,,,multiseed,,,0.0006207452208916712,,"[{""fraction_total_self_sse"": 0.7962637912084092, ""region"": ""FOREGROUND"", ""rgb_scalars"": 8672685, ""self_mse"": 0.00020112356511206683, ""self_sse"": 1744.2813262939453}, {""fraction_total_self_sse"": 0.3613227821938596, ""region"": ""SILHOUETTE_0_1PX"", ""rgb_scalars"": 249276, ""self_mse"": 0.0031752245411525255, ""self_sse"": 791.5072727203369}, {""fraction_total_self_sse"": 0.08885102298476819, ""region"": ""SILHOUETTE_1_2PX"", ""rgb_scalars"": 247986, ""self_mse"": 0.000784864765463292, ""self_sse"": 194.63547372817993}, {""fraction_total_self_sse"": 0.10674870993846033, ""region"": ""SILHOUETTE_2_4PX"", ""rgb_scalars"": 541524, ""self_mse"": 0.00043182172731311667, ""self_sse"": 233.84182906150818}, {""fraction_total_self_sse"": 0.06670875842421098, ""region"": ""SILHOUETTE_4_8PX"", ""rgb_scalars"": 1161981, ""self_mse"": 0.0001257602508440978, ""self_sse"": 146.1310220360756}, {""fraction_total_self_sse"": 0.3763687181053848, ""region"": ""INTERIOR_GT_8PX"", ""rgb_scalars"": 7434162, ""self_mse"": 0.00011090243027297731, ""self_sse"": 824.4666328430176}]",,,0.0002850115740740741,,0.2277749295565481,,,,,,,7.042767003239919e-05,2190.582248687744
,,,,,,,,,,2.4911165454238024e-05,809,,,,,,UNGATED_NORMALIZED_SPLAT,,0.00015050905281488257,0.8407133806630444,,,,1.2730696158512491e-05,,6.888131172839506,0.4305081817250193,,,,,,,,,"[540, 960]",,,,,,,,,,multiseed,,,0.0006554111215835559,,"[{""fraction_total_self_sse"": 0.9783559318776585, ""region"": ""FOREGROUND"", ""rgb_scalars"": 8786781, ""self_mse"": 0.00015050905281488257, ""self_sse"": 1322.4900856018066}, {""fraction_total_self_sse"": 0.36738130257706403, ""region"": ""SILHOUETTE_0_1PX"", ""rgb_scalars"": 230178, ""self_mse"": 0.002157489942438909, ""self_sse"": 496.6067199707031}, {""fraction_total_self_sse"": 0.18814641464189596, ""region"": ""SILHOUETTE_1_2PX"", ""rgb_scalars"": 226962, ""self_mse"": 0.0011205683176304512, ""self_sse"": 254.32642650604248}, {""fraction_total_self_sse"": 0.21106909879871869, ""region"": ""SILHOUETTE_2_4PX"", ""rgb_scalars"": 479547, ""self_mse"": 0.0005949617142403832, ""self_sse"": 285.312105178833}, {""fraction_total_self_sse"": 0.1596241573750001, ""region"": ""SILHOUETTE_4_8PX"", ""rgb_scalars"": 973590, ""self_mse"": 0.00022162464636006098, ""self_sse"": 215.77153944969177}, {""fraction_total_self_sse"": 0.07377903507346795, ""region"": ""INTERIOR_GT_8PX"", ""rgb_scalars"": 7833870, ""self_mse"": 1.2730696158512491e-05, ""self_sse"": 99.73061871528625}]",,,0.0003470293209876543,,0.10528368770535045,,,,,,,4.345895699512811e-05,1351.7473983764648
,,,,,,,,,,0.5065756608481333,809,,,,,,HARD_BIN_MONTE_CARLO,,0.6486880711911006,0.5779670780019125,,,,1.3153199528595034,,6.888131172839506,0.4305081817250193,,,,,,,,,"[540, 960]",,,,,,,,,,multiseed,,,0.5625716927949967,,"[{""fraction_total_self_sse"": 0.7215333242262799, ""region"": ""FOREGROUND"", ""rgb_scalars"": 5954115, ""self_mse"": 0.6486880711911006, ""self_sse"": 3862363.375}, {""fraction_total_self_sse"": 0.7882309723881146, ""region"": ""SILHOUETTE_0_1PX"", ""rgb_scalars"": 6908202, ""self_mse"": 0.6107805574808033, ""self_sse"": 4219395.46875}, {""fraction_total_self_sse"": 0.1450310559278161, ""region"": ""SILHOUETTE_1_2PX"", ""rgb_scalars"": 1332132, ""self_mse"": 0.5827878438003892, ""self_sse"": 776350.3359375}, {""fraction_total_self_sse"": 0.05902756846636053, ""region"": ""SILHOUETTE_2_4PX"", ""rgb_scalars"": 725292, ""self_mse"": 0.43565102755597057, ""self_sse"": 315974.205078125}, {""fraction_total_self_sse"": 0.00743541413677758, ""region"": ""SILHOUETTE_4_8PX"", ""rgb_scalars"": 546978, ""self_mse"": 0.07276659281146962, ""self_sse"": 39801.72540283203}, {""fraction_total_self_sse"": 0.00027495698593890276, ""region"": ""INTERIOR_GT_8PX"", ""rgb_scalars"": 1119, ""self_mse"": 1.3153199528595034, ""self_sse"": 1471.8430272497844}]",,,0.09665364583333333,,1.029118424466498,,,,,,,0.17209985050154322,5352993.75
,,,,,,,,,,0.07980390482404397,809,,,,,,CONTINUOUS_KERNEL_MONTE_CARLO,,0.07849430631045373,4.613995197039266e-11,,,,0.08172313804711145,,6.888131172839506,0.4305081817250193,,,,,,,,,"[540, 960]",,,,,,,,,,multiseed,,,0.0259452174660811,,"[{""fraction_total_self_sse"": 0.9999149230731545, ""region"": ""FOREGROUND"", ""rgb_scalars"": 8786781, ""self_mse"": 0.07849430631045373, ""self_sse"": 689712.279296875}, {""fraction_total_self_sse"": 0.00023999210453478089, ""region"": ""SILHOUETTE_0_1PX"", ""rgb_scalars"": 230178, ""self_mse"": 0.0007191807428646671, ""self_sse"": 165.53958503110334}, {""fraction_total_self_sse"": 0.0007283985341709756, ""region"": ""SILHOUETTE_1_2PX"", ""rgb_scalars"": 226962, ""self_mse"": 0.0022137104814164204, ""self_sse"": 502.42815828323364}, {""fraction_total_self_sse"": 0.017316679324924693, ""region"": ""SILHOUETTE_2_4PX"", ""rgb_scalars"": 479547, ""self_mse"": 0.02490797058895475, ""self_sse"": 11944.542572021484}, {""fraction_total_self_sse"": 0.05356856675333294, ""region"": ""SILHOUETTE_4_8PX"", ""rgb_scalars"": 973590, ""self_mse"": 0.03795236379802298, ""self_sse"": 36950.04187011719}, {""fraction_total_self_sse"": 0.928146404960571, ""region"": ""INTERIOR_GT_8PX"", ""rgb_scalars"": 7833870, ""self_mse"": 0.08172313804711145, ""self_sse"": 640208.439453125}]",,,0.0003470293209876543,,2.9484898182643075e-09,,,,,,,0.02217627838511526,689770.962890625
,,,,,,,,,,8.965097953087749e-06,809,,,,,,LEGACY_GATED_NORMALIZED_SPLAT,,0.0006172613641614611,0.991302311453701,,,,0.00027882007237504106,,6.888516975308642,0.4305323169849537,,,,,,,,,"[1080, 1920]",,,,,,,,,,multiseed,,,0.0027517618124582133,,"[{""fraction_total_self_sse"": 0.6074174158327019, ""region"": ""FOREGROUND"", ""rgb_scalars"": 34263117, ""self_mse"": 0.0006172613641614611, ""self_sse"": 21149.29833984375}, {""fraction_total_self_sse"": 0.5152186835616037, ""region"": ""SILHOUETTE_0_1PX"", ""rgb_scalars"": 817089, ""self_mse"": 0.021954874731399267, ""self_sse"": 17939.086639404297}, {""fraction_total_self_sse"": 0.059703514123871454, ""region"": ""SILHOUETTE_1_2PX"", ""rgb_scalars"": 877914, ""self_mse"": 0.002367863392326234, ""self_sse"": 2078.7804222106934}, {""fraction_total_self_sse"": 0.07174393688268996, ""region"": ""SILHOUETTE_2_4PX"", ""rgb_scalars"": 2405196, ""self_mse"": 0.001038588370558133, ""self_sse"": 2498.0085945129395}, {""fraction_total_self_sse"": 0.14260355380942233, ""region"": ""SILHOUETTE_4_8PX"", ""rgb_scalars"": 5886531, ""self_mse"": 0.0008434894149377419, ""self_sse"": 4965.226589202881}, {""fraction_total_self_sse"": 0.21073038908121325, ""region"": ""INTERIOR_GT_8PX"", ""rgb_scalars"": 26315514, ""self_mse"": 0.00027882007237504106, ""self_sse"": 7337.293518066406}]",,,0.000580029899691358,,0.47828661439523357,,,,,,,0.00027985462534084243,34818.39306640625
,,,,,,,,,,9.781287911163492e-06,809,,,,,,UNGATED_NORMALIZED_SPLAT,,6.611589171928446e-05,0.858097278309902,,,,1.1884481218510517e-05,,6.888516975308642,0.4305323169849537,,,,,,,,,"[1080, 1920]",,,,,,,,,,multiseed,,,0.00048697662214735866,,"[{""fraction_total_self_sse"": 0.9746471379092033, ""region"": ""FOREGROUND"", ""rgb_scalars"": 34580745, ""self_mse"": 6.611589171928446e-05, ""self_sse"": 2286.3367919921875}, {""fraction_total_self_sse"": 0.16349518292810244, ""region"": ""SILHOUETTE_0_1PX"", ""rgb_scalars"": 491691, ""self_mse"": 0.0007800195646027174, ""self_sse"": 383.5285997390747}, {""fraction_total_self_sse"": 0.2329027763946256, ""region"": ""SILHOUETTE_1_2PX"", ""rgb_scalars"": 479982, ""self_mse"": 0.0011382627089604727, ""self_sse"": 546.3456115722656}, {""fraction_total_self_sse"": 0.2195699288268728, ""region"": ""SILHOUETTE_2_4PX"", ""rgb_scalars"": 1015389, ""self_mse"": 0.0005072630167355663, ""self_sse"": 515.0692873001099}, {""fraction_total_self_sse"": 0.21942417272736675, ""region"": ""SILHOUETTE_4_8PX"", ""rgb_scalars"": 2037096, ""self_mse"": 0.00025267703201803957, ""self_sse"": 514.7273712158203}, {""fraction_total_self_sse"": 0.16460813792292828, ""region"": ""INTERIOR_GT_8PX"", ""rgb_scalars"": 32491059, ""self_mse"": 1.1884481218510517e-05, ""self_sse"": 386.1393804550171}]",,,0.0001583719135802469,,0.10215859678379172,,,,,,,1.8854566807609528e-05,2345.809783935547
,,,,,,,,,,0.5707130415452668,809,,,,,,HARD_BIN_MONTE_CARLO,,0.7042907734813155,0.5960659599749178,,,,0.9178973159339426,,6.888516975308642,0.4305323169849537,,,,,,,,,"[1080, 1920]",,,,,,,,,,multiseed,,,0.6300981105371585,,"[{""fraction_total_self_sse"": 0.6902895520346327, ""region"": ""FOREGROUND"", ""rgb_scalars"": 22269174, ""self_mse"": 0.7042907734813155, ""self_sse"": 15683973.78125}, {""fraction_total_self_sse"": 0.8136022567035343, ""region"": ""SILHOUETTE_0_1PX"", ""rgb_scalars"": 28327269, ""self_mse"": 0.6525777246652333, ""self_sse"": 18485744.75}, {""fraction_total_self_sse"": 0.12708304842745088, ""region"": ""SILHOUETTE_1_2PX"", ""rgb_scalars"": 4450329, ""self_mse"": 0.6488141505240399, ""self_sse"": 2887436.4296875}, {""fraction_total_self_sse"": 0.050063358621170284, ""region"": ""SILHOUETTE_2_4PX"", ""rgb_scalars"": 2029425, ""self_mse"": 0.5604950524779186, ""self_sse"": 1137482.671875}, {""fraction_total_self_sse"": 0.008938238390343462, ""region"": ""SILHOUETTE_4_8PX"", ""rgb_scalars"": 1240932, ""self_mse"": 0.16365480353961026, ""self_sse"": 203084.48266601562}, {""fraction_total_self_sse"": 0.00031292970093080096, ""region"": ""INTERIOR_GT_8PX"", ""rgb_scalars"": 7746, ""self_mse"": 0.9178973159339426, ""self_sse"": 7110.0326092243195}]",,,0.10165584008487655,,1.070805418480942,,,,,,,0.1826200986006623,22720862.1875
,,,,,,,,,,0.09381638640221363,809,,,,,,CONTINUOUS_KERNEL_MONTE_CARLO,,0.09227000007518635,1.1053655599065308e-06,,,,0.09407582280943813,,6.888516975308642,0.4305323169849537,,,,,,,,,"[1080, 1920]",,,,,,,,,,multiseed,,,0.033831941720454596,,"[{""fraction_total_self_sse"": 0.999372806141004, ""region"": ""FOREGROUND"", ""rgb_scalars"": 34580745, ""self_mse"": 0.09227000007518635, ""self_sse"": 3190765.34375}, {""fraction_total_self_sse"": 0.0011754706204301993, ""region"": ""SILHOUETTE_0_1PX"", ""rgb_scalars"": 491691, ""self_mse"": 0.00763285229913843, ""self_sse"": 3753.004779815674}, {""fraction_total_self_sse"": 0.001175818793919573, ""region"": ""SILHOUETTE_1_2PX"", ""rgb_scalars"": 479982, ""self_mse"": 0.00782136916995044, ""self_sse"": 3754.1164169311523}, {""fraction_total_self_sse"": 0.009305634878056138, ""region"": ""SILHOUETTE_2_4PX"", ""rgb_scalars"": 1015389, ""self_mse"": 0.029260442706130898, ""self_sse"": 29710.731658935547}, {""fraction_total_self_sse"": 0.03098478542748134, ""region"": ""SILHOUETTE_4_8PX"", ""rgb_scalars"": 2037096, ""self_mse"": 0.04856286894393723, ""self_sse"": 98927.22607421875}, {""fraction_total_self_sse"": 0.9573584030912912, ""region"": ""INTERIOR_GT_8PX"", ""rgb_scalars"": 32491059, ""self_mse"": 0.09407582280943813, ""self_sse"": 3056623.109375}]",,,0.0001583719135802469,,0.00017910960200908188,,,,,,,0.025662035655582883,3192767.828125
,,,,,,,,,,"{""ci95"": [8.555799361354642e-05, 9.376546752090119e-05], ""maximum"": 9.561557424097119e-05, ""mean"": 8.96617305672238e-05, ""median"": 8.998650062479466e-05, ""minimum"": 8.084350221876569e-05, ""samples"": 7, ""std"": 4.43721232555872e-06}",,,,,,,LEGACY_GATED_NORMALIZED_SPLAT,,"{""ci95"": [0.0003970390650591221, 0.00045271089415049187], ""maximum"": 0.00046130581145511937, ""mean"": 0.000424874979604807, ""median"": 0.00042465794403641127, ""minimum"": 0.00037497230735483337, ""samples"": 7, ""std"": 3.0097899672792282e-05}","{""ci95"": [0.7954574269644268, 0.8089008616602908], ""maximum"": 0.8136138934467085, ""mean"": 0.8021791443123588, ""median"": 0.8002508747946664, ""minimum"": 0.7924251208218047, ""samples"": 7, ""std"": 0.007267933447449347}",,,,"{""ci95"": [4.586706404341085e-05, 9.315111224522817e-05], ""maximum"": 0.00010042384639091551, ""mean"": 6.950908814431951e-05, ""median"": 7.608092057749129e-05, ""minimum"": 3.217352353542415e-05, ""samples"": 7, ""std"": 2.5563207858072475e-05}",,,,,,,,,,,,"[256, 256]",,,,,,,0.033611789749860885,"{""ci95"": [0.0010581887893485594, 0.0012013160310291465], ""maximum"": 0.0012200547604801332, ""mean"": 0.001129752410188853, ""median"": 0.0011334599046776024, ""minimum"": 0.0010001473810496353, ""samples"": 7, ""std"": 7.737898019258002e-05}",,multiseed_summary,,,"{""ci95"": [0.0006839420340281519, 0.0007345386474157838], ""maximum"": 0.000751987523177571, ""mean"": 0.0007092403407219679, ""median"": 0.0007033445757639757, ""minimum"": 0.0006659372150506869, ""samples"": 7, ""std"": 2.735408227785491e-05}",,,,,"{""ci95"": [0.0007084937068750925, 0.0007672491781695501], ""maximum"": 0.00077667236328125, ""mean"": 0.0007378714425223213, ""median"": 0.0007354736328125, ""minimum"": 0.00067901611328125, ""samples"": 7, ""std"": 3.176501130124265e-05}",,"{""ci95"": [0.1349319214400468, 0.14441777483439722], ""maximum"": 0.14544806951936273, ""mean"": 0.139674848137222, ""median"": 0.14035029991698628, ""minimum"": 0.13311812972226073, ""samples"": 7, ""std"": 0.0051283435165279}",,0.11380153844753901,,,,,"{""ci95"": [0.00012042351219580485, 0.0001367116124928084], ""maximum"": 0.0001388441087328829, ""mean"": 0.00012856756234430662, ""median"": 0.00012898948092091207, ""minimum"": 0.00011381831063772552, ""samples"": 7, ""std"": 8.805846989417255e-06}",
,,,,,,,,,,"{""ci95"": [0.00013167832592399253, 0.0001435683255461966], ""maximum"": 0.00014609606962128282, ""mean"": 0.00013762332573509457, ""median"": 0.00013934417309535043, ""minimum"": 0.00012554082193436773, ""samples"": 7, ""std"": 6.42809876340335e-06}",,,,,,,UNGATED_NORMALIZED_SPLAT,,"{""ci95"": [0.0005229708411599446, 0.0005432774556362299], ""maximum"": 0.0005505501204221216, ""mean"": 0.0005331241483980873, ""median"": 0.0005312297435484659, ""minimum"": 0.0005226933514104432, ""samples"": 7, ""std"": 1.0978379104415907e-05}","{""ci95"": [0.7499753281378417, 0.7688278603914506], ""maximum"": 0.7795630811586185, ""mean"": 0.7594015942646462, ""median"": 0.7556633438353394, ""minimum"": 0.75103835729141, ""samples"": 7, ""std"": 0.010192257621281621}",,,,"{""ci95"": [3.392067033317713e-05, 3.8222160188153616e-05], ""maximum"": 3.842637763986946e-05, ""mean"": 3.607141526066537e-05, ""median"": 3.687873965974227e-05, ""minimum"": 3.165894633351262e-05, ""samples"": 7, ""std"": 2.3255174513151732e-06}",,,,,,,,,,,,"[256, 256]",,,,,,,0.038108147505563676,"{""ci95"": [0.001429027423528208, 0.0014754343890833901], ""maximum"": 0.0014970266057560111, ""mean"": 0.001452230906305799, ""median"": 0.0014460103714057577, ""minimum"": 0.0014254102246942437, ""samples"": 7, ""std"": 2.5089030056947206e-05}",,multiseed_summary,,,"{""ci95"": [0.0009775808692853102, 0.0010084620377155834], ""maximum"": 0.001021955156843276, ""mean"": 0.0009930214535004468, ""median"": 0.0009931506494160166, ""minimum"": 0.000975608873340633, ""samples"": 7, ""std"": 1.669530756152294e-05}",,,,,"{""ci95"": [0.0010594036458631037, 0.0010881619233333243], ""maximum"": 0.001096343994140625, ""mean"": 0.001073782784598214, ""median"": 0.001070404052734375, ""minimum"": 0.001052093505859375, ""samples"": 7, ""std"": 1.554760754564826e-05}",,"{""ci95"": [0.11668294271392148, 0.11988224512698019], ""maximum"": 0.12146031059539236, ""mean"": 0.11828259392045083, ""median"": 0.11760058859597873, ""minimum"": 0.11663101211696487, ""samples"": 7, ""std"": 0.0017296410881906918}",,0.11517014801502228,,,,,"{""ci95"": [0.00016458129988526963, 0.000169925996977188], ""maximum"": 0.0001724127757673462, ""mean"": 0.00016725364843122882, ""median"": 0.00016653722850605844, ""minimum"": 0.0001641647065601622, ""samples"": 7, ""std"": 2.8895073052119524e-06}",
,,,,,,,,,,"{""ci95"": [0.45861425034815123, 0.481172825632233], ""maximum"": 0.4803358299883183, ""mean"": 0.4698935379901921, ""median"": 0.4742155356264395, ""minimum"": 0.44412234265164274, ""samples"": 7, ""std"": 0.012195858241824458}",,,,,,,HARD_BIN_MONTE_CARLO,,"{""ci95"": [0.578779512495798, 0.6064579812554307], ""maximum"": 0.6049584585378677, ""mean"": 0.5926187468756143, ""median"": 0.5990134902757439, ""minimum"": 0.5620124920707524, ""samples"": 7, ""std"": 0.014963829811603657}","{""ci95"": [0.5166193973453044, 0.5219098049344655], ""maximum"": 0.522682833533407, ""mean"": 0.5192646011398849, ""median"": 0.518928493281915, ""minimum"": 0.5158969108236573, ""samples"": 7, ""std"": 0.0028601567335863817}",,,,"{""ci95"": [0.0, 0.0], ""maximum"": 0.0, ""mean"": 0.0, ""median"": 0.0, ""minimum"": 0.0, ""samples"": 7, ""std"": 0.0}",,,,,,,,,,,,"[256, 256]",,,,,,,0.7062579735010118,"{""ci95"": [0.4884670094493946, 0.5091336408181173], ""maximum"": 0.5089572891035796, ""mean"": 0.498800325133756, ""median"": 0.5038794032760325, ""minimum"": 0.4765027074178506, ""samples"": 7, ""std"": 0.011173015287310297}",,multiseed_summary,,,"{""ci95"": [0.4569624269203176, 0.47629612460537424], ""maximum"": 0.47613115528551725, ""mean"": 0.4666292757628459, ""median"": 0.47138076377631566, ""minimum"": 0.4457697853920538, ""samples"": 7, ""std"": 0.010452390423061194}",,,,,"{""ci95"": [0.08104409299730343, 0.08284184101497334], ""maximum"": 0.08278121948242187, ""mean"": 0.08194296700613839, ""median"": 0.08237380981445312, ""minimum"": 0.08010406494140625, ""samples"": 7, ""std"": 0.0009719177608478805}",,"{""ci95"": [1.0480975850562286, 1.0766315081768414], ""maximum"": 1.077177712564207, ""mean"": 1.062364546616535, ""median"": 1.0691319073480532, ""minimum"": 1.035071150891162, ""samples"": 7, ""std"": 0.015426314697616164}",,0.3361279269059499,,,,,"{""ci95"": [0.16418740324817405, 0.1711340352062723], ""maximum"": 0.17107475847005843, ""mean"": 0.16766071922722317, ""median"": 0.1693679392337799, ""minimum"": 0.16016586720943451, ""samples"": 7, ""std"": 0.0037555624658120964}",
,,,,,,,,,,"{""ci95"": [0.06630755597468138, 0.07389602888136435], ""maximum"": 0.07455169254593559, ""mean"": 0.07010179242802286, ""median"": 0.07145925260307265, ""minimum"": 0.06168388719979017, ""samples"": 7, ""std"": 0.004102561384146294}",,,,,,,CONTINUOUS_KERNEL_MONTE_CARLO,,"{""ci95"": [0.06524296066468584, 0.07270523830831667], ""maximum"": 0.07334996901371055, ""mean"": 0.06897409948650125, ""median"": 0.0703042598812499, ""minimum"": 0.060694336815788605, ""samples"": 7, ""std"": 0.004034336351333191}","{""ci95"": [-6.56376161154192e-10, 7.403670568017626e-09], ""maximum"": 1.1832140793561004e-08, ""mean"": 3.3736472034317173e-09, ""median"": 1.3061379029440691e-09, ""minimum"": 4.565455369640266e-10, ""samples"": 7, ""std"": 4.357508667704923e-09}",,,,"{""ci95"": [0.07156304909138268, 0.07968121246705624], ""maximum"": 0.08029427542387813, ""mean"": 0.07562213077921946, ""median"": 0.07702472277097283, ""minimum"": 0.06655328409047323, ""samples"": 7, ""std"": 0.004388928310714272}",,,,,,,,,,,,"[256, 256]",,,,,,,0.29528415619930326,"{""ci95"": [0.08247606015667655, 0.09190940564799249], ""maximum"": 0.0927244325645351, ""mean"": 0.08719273290233452, ""median"": 0.08887423910213357, ""minimum"": 0.07672597400140241, ""samples"": 7, ""std"": 0.00509995613239926}",,multiseed_summary,,,"{""ci95"": [0.02305477425627712, 0.025812508094669704], ""maximum"": 0.026155201385646205, ""mean"": 0.024433641175473413, ""median"": 0.024942740781388587, ""minimum"": 0.02148835175006369, ""samples"": 7, ""std"": 0.0014909155626264706}",,,,,"{""ci95"": [0.0010594036458631037, 0.0010881619233333243], ""maximum"": 0.001096343994140625, ""mean"": 0.001073782784598214, ""median"": 0.001070404052734375, ""minimum"": 0.001052093505859375, ""samples"": 7, ""std"": 1.554760754564826e-05}",,"{""ci95"": [-1.4741974332891941e-08, 1.4310679588802993e-07], ""maximum"": 2.3824573094320425e-07, ""mean"": 6.4182410777569e-08, ""median"": 2.5140499526642132e-08, ""minimum"": 8.772924014069165e-09, ""samples"": 7, ""std"": 8.533789040388171e-08}",,0.23509320865074793,,,,,"{""ci95"": [0.019389561619105197, 0.021607277078969728], ""maximum"": 0.021798884371916454, ""mean"": 0.020498419349037462, ""median"": 0.02089373003691435, ""minimum"": 0.018037755414843558, ""samples"": 7, ""std"": 0.0011989650511438008}",
,,,,,,,,,,"{""ci95"": [3.418251579226518e-05, 3.67797514435979e-05], ""maximum"": 3.7853072624220756e-05, ""mean"": 3.548113361793154e-05, ""median"": 3.462698444570871e-05, ""minimum"": 3.4232099044607694e-05, ""samples"": 7, ""std"": 1.4041453161546944e-06}",,,,,,,LEGACY_GATED_NORMALIZED_SPLAT,,"{""ci95"": [0.0004781121864037049, 0.0005787938642049793], ""maximum"": 0.0006220553197121023, ""mean"": 0.0005284530253043421, ""median"": 0.0005171360877726545, ""minimum"": 0.00046044753295974763, ""samples"": 7, ""std"": 5.4431605478198816e-05}","{""ci95"": [0.9551804399133056, 0.9583578778119949], ""maximum"": 0.9586494752406831, ""mean"": 0.9567691588626502, ""median"": 0.9575919439763961, ""minimum"": 0.9544763990465711, ""samples"": 7, ""std"": 0.001717820460583752}",,,,"{""ci95"": [0.0001754277733260643, 0.00024989019072636976], ""maximum"": 0.00028774908130482785, ""mean"": 0.00021265898202621703, ""median"": 0.0002135230178210876, ""minimum"": 0.0001662226320148767, ""samples"": 7, ""std"": 4.0256668496192805e-05}",,,,,,,,,,,,"[512, 512]",,,,,,,0.04471782983863376,"{""ci95"": [0.0018849567334995342, 0.0021144118774544737], ""maximum"": 0.00220899462628058, ""mean"": 0.0019996843054770038, ""median"": 0.0019819881388099788, ""minimum"": 0.0018451758348747628, ""samples"": 7, ""std"": 0.00012405049402683374}",,multiseed_summary,,,"{""ci95"": [0.0016545682946624727, 0.0017561462494891673], ""maximum"": 0.0017768616089452462, ""mean"": 0.00170535727207582, ""median"": 0.001707106223071788, ""minimum"": 0.0016343595271094808, ""samples"": 7, ""std"": 5.49161603496734e-05}",,,,,"{""ci95"": [0.0006309789457270549, 0.0006874349249481683], ""maximum"": 0.0007059097290039063, ""mean"": 0.0006592069353376116, ""median"": 0.0006557464599609375, ""minimum"": 0.0006221771240234375, ""samples"": 7, ""std"": 3.052183530269038e-05}",,"{""ci95"": [0.3237269534519314, 0.33475619026390696], ""maximum"": 0.3403897320248249, ""mean"": 0.3292415718579192, ""median"": 0.3286095723316192, ""minimum"": 0.3212969709997062, ""samples"": 7, ""std"": 0.005962743966782415}",,0.11350571215152741,,,,,"{""ci95"": [0.0002139533564106815, 0.00023999782593211812], ""maximum"": 0.00025073350819487437, ""mean"": 0.0002269755911713998, ""median"": 0.00022496697517150702, ""minimum"": 0.00020943799718224908, ""samples"": 7, ""std"": 1.4080439667264561e-05}",
,,,,,,,,,,"{""ci95"": [4.5185058891028456e-05, 4.797178333720476e-05], ""maximum"": 4.8964395976094607e-05, ""mean"": 4.657842111411661e-05, ""median"": 4.575777465449514e-05, ""minimum"": 4.507442286677607e-05, ""samples"": 7, ""std"": 1.5065887750710575e-06}",,,,,,,UNGATED_NORMALIZED_SPLAT,,"{""ci95"": [0.00023021802907327555, 0.00023772249112019995], ""maximum"": 0.0002415631701263401, ""mean"": 0.00023397026009673775, ""median"": 0.0002324053397664803, ""minimum"": 0.00022982004014730342, ""samples"": 7, ""std"": 4.057142534618503e-06}","{""ci95"": [0.8048129445138321, 0.8124938083333024], ""maximum"": 0.8132494056531115, ""mean"": 0.8086533764235673, ""median"": 0.80991873971215, ""minimum"": 0.8010419358507901, ""samples"": 7, ""std"": 0.004152510747570061}",,,,"{""ci95"": [1.9978065910840734e-05, 2.1252867823792312e-05], ""maximum"": 2.1811088615400657e-05, ""mean"": 2.0615466867316523e-05, ""median"": 2.028428949475229e-05, ""minimum"": 1.98580311109146e-05, ""samples"": 7, ""std"": 6.89197044626079e-07}",,,,,,,,,,,,"[512, 512]",,,,,,,0.024455602328003995,"{""ci95"": [0.0005884719455770025, 0.0006076810248739464], ""maximum"": 0.0006173694535976853, ""mean"": 0.0005980764852254744, ""median"": 0.000594152035938831, ""minimum"": 0.000587393754311803, ""samples"": 7, ""std"": 1.0385017897243022e-05}",,multiseed_summary,,,"{""ci95"": [0.0007714341536612035, 0.0007956396120845282], ""maximum"": 0.0008090612703145534, ""mean"": 0.0007835368828728659, ""median"": 0.0007794272525926647, ""minimum"": 0.0007707249619290086, ""samples"": 7, ""std"": 1.3086213818545261e-05}",,,,,"{""ci95"": [0.0005075036017763635, 0.000519794371856449], ""maximum"": 0.0005277633666992187, ""mean"": 0.0005136489868164063, ""median"": 0.0005130767822265625, ""minimum"": 0.0005075454711914063, ""samples"": 7, ""std"": 6.644767574721451e-06}",,"{""ci95"": [0.10719356649905402, 0.10801372052203999], ""maximum"": 0.10827999301106653, ""mean"": 0.107603643510547, ""median"": 0.10760578706954678, ""minimum"": 0.10706611111485748, ""samples"": 7, ""std"": 0.00044340043973685526}",,0.11428806384404501,,,,,"{""ci95"": [6.725531928653384e-05, 6.94506877676083e-05], ""maximum"": 7.055795952813545e-05, ""mean"": 6.835300352707107e-05, ""median"": 6.790448581644644e-05, ""minimum"": 6.713209489438062e-05, ""samples"": 7, ""std"": 1.1868835884616605e-06}",
,,,,,,,,,,"{""ci95"": [0.5158642425239073, 0.546149367834005], ""maximum"": 0.5591886095495138, ""mean"": 0.5310068051789562, ""median"": 0.5269553768188886, ""minimum"": 0.5126006679326344, ""samples"": 7, ""std"": 0.016373068355006987}",,,,,,,HARD_BIN_MONTE_CARLO,,"{""ci95"": [0.6577345032555082, 0.6870931862563225], ""maximum"": 0.7000596622406484, ""mean"": 0.6724138447559154, ""median"": 0.6713911491144046, ""minimum"": 0.6537362846936556, ""samples"": 7, ""std"": 0.01587220520514208}","{""ci95"": [0.5626411125424389, 0.5675135624786336], ""maximum"": 0.5694808425500609, ""mean"": 0.5650773375105362, ""median"": 0.5653168874851492, ""minimum"": 0.5619143333219268, ""samples"": 7, ""std"": 0.002634195997038448}",,,,"{""ci95"": [0.9431594359834061, 1.231038379012287], ""maximum"": 1.248660405476888, ""mean"": 1.0870989074978465, ""median"": 1.0821561009491083, ""minimum"": 0.876926643181578, ""samples"": 7, ""std"": 0.15563619314487206}",,,,,,,,,,,,"[512, 512]",,,,,,,0.6394642894293568,"{""ci95"": [0.4001006106528049, 0.41772854425797956], ""maximum"": 0.42546788968363236, ""mean"": 0.4089145774553922, ""median"": 0.40903169192113686, ""minimum"": 0.39750359443860933, ""samples"": 7, ""std"": 0.00953020200246014}",,multiseed_summary,,,"{""ci95"": [0.558295853816519, 0.5828933559642955], ""maximum"": 0.5936956801635842, ""mean"": 0.5705946048904073, ""median"": 0.5707495651831163, ""minimum"": 0.5546812531699188, ""samples"": 7, ""std"": 0.013298164689901207}",,,,,"{""ci95"": [0.0941574850974232, 0.09534550344540604], ""maximum"": 0.09575824737548828, ""mean"": 0.09475149427141462, ""median"": 0.09465827941894531, ""minimum"": 0.09409065246582031, ""samples"": 7, ""std"": 0.0006422791855525214}",,"{""ci95"": [1.057406034959539, 1.0955280799144314], ""maximum"": 1.1105427406405217, ""mean"": 1.0764670574369852, ""median"": 1.0783615401626494, ""minimum"": 1.0511158878443512, ""samples"": 7, ""std"": 0.020609947671934692}",,0.4414424349864324,,,,,"{""ci95"": [0.1766213878061327, 0.1844031057405802], ""maximum"": 0.18781958123048145, ""mean"": 0.18051224677335645, ""median"": 0.1805639460682869, ""minimum"": 0.17547495464483898, ""samples"": 7, ""std"": 0.004207035577878578}",
,,,,,,,,,,"{""ci95"": [0.09172715010779729, 0.09928640176825008], ""maximum"": 0.10242361329018651, ""mean"": 0.09550677593802369, ""median"": 0.09550991623877704, ""minimum"": 0.09026030011155332, ""samples"": 7, ""std"": 0.004086763481478043}",,,,,,,CONTINUOUS_KERNEL_MONTE_CARLO,,"{""ci95"": [0.09022838960138192, 0.09766104374494071], ""maximum"": 0.10074716473066116, ""mean"": 0.09394471667316132, ""median"": 0.09394967779589382, ""minimum"": 0.08878611153666266, ""samples"": 7, ""std"": 0.0040183209778906805}","{""ci95"": [1.5967734306064954e-10, 3.259018066383681e-10], ""maximum"": 3.496116000553016e-10, ""mean"": 2.427895748495088e-10, ""median"": 2.3863242607553805e-10, ""minimum"": 1.2371437950592487e-10, ""samples"": 7, ""std"": 8.986604732736276e-11}",,,,"{""ci95"": [0.09510726119416846, 0.1028468794023058], ""maximum"": 0.10603543504150624, ""mean"": 0.09897707029823713, ""median"": 0.0990072042548316, ""minimum"": 0.09361509926951367, ""samples"": 7, ""std"": 0.004184275173569701}",,,,,,,,,,,,"[512, 512]",,,,,,,0.3177182064878049,"{""ci95"": [0.09695163282391979, 0.10493808464373508], ""maximum"": 0.10825384706568733, ""mean"": 0.10094485873382743, ""median"": 0.10095031113823334, ""minimum"": 0.09540160515671806, ""samples"": 7, ""std"": 0.004317721000685661}",,multiseed_summary,,,"{""ci95"": [0.029688669984053857, 0.032479724495647753], ""maximum"": 0.033663719394476516, ""mean"": 0.031084197239850807, ""median"": 0.03101049762595632, ""minimum"": 0.029154581849188364, ""samples"": 7, ""std"": 0.0015089297413486598}",,,,,"{""ci95"": [0.0005075036017763635, 0.000519794371856449], ""maximum"": 0.0005277633666992187, ""mean"": 0.0005136489868164063, ""median"": 0.0005130767822265625, ""minimum"": 0.0005075454711914063, ""samples"": 7, ""std"": 6.644767574721451e-06}",,"{""ci95"": [8.16799301814713e-09, 1.7284683478747138e-08], ""maximum"": 1.8570192584259218e-08, ""mean"": 1.2726338248447134e-08, ""median"": 1.178953909733455e-08, ""minimum"": 6.495733437011558e-09, ""samples"": 7, ""std"": 4.928762702958825e-09}",,0.2657015273968379,,,,,"{""ci95"": [0.02576019692493289, 0.02788220937193907], ""maximum"": 0.028763212511936823, ""mean"": 0.02682120314843598, ""median"": 0.026822651860614617, ""minimum"": 0.025348352206250032, ""samples"": 7, ""std"": 0.0011472250647555835}",
,,,,,,,,,,"{""ci95"": [1.9182032030800298e-05, 2.0348093390551957e-05], ""maximum"": 2.0390327185096835e-05, ""mean"": 1.9765062710676127e-05, ""median"": 2.0058859815566086e-05, ""minimum"": 1.879687303007317e-05, ""samples"": 7, ""std"": 6.304085637374119e-07}",,,,,,,LEGACY_GATED_NORMALIZED_SPLAT,,"{""ci95"": [0.00017239979784650403, 0.0002199319705444014], ""maximum"": 0.00023031584385011002, ""mean"": 0.0001961658841954527, ""median"": 0.00020112356511206683, ""minimum"": 0.00015964012420485694, ""samples"": 7, ""std"": 2.569735157692035e-05}","{""ci95"": [0.9149296691053286, 0.9264417065471875], ""maximum"": 0.9285621088690819, ""mean"": 0.920685687826258, ""median"": 0.9228508689496653, ""minimum"": 0.9120921295149684, ""samples"": 7, ""std"": 0.006223760807029296}",,,,"{""ci95"": [7.720757367453936e-05, 0.00012719459098009417], ""maximum"": 0.0001389797206088524, ""mean"": 0.00010220108232731676, ""median"": 0.00011090243027297731, ""minimum"": 6.437504412193917e-05, ""samples"": 7, ""std"": 2.7024515924121985e-05}",,,,,,,,,,,,"[540, 960]",,,,,,,0.024639907394418775,"{""ci95"": [0.0005492279730471739, 0.0006650220997638923], ""maximum"": 0.0006905887259976317, ""mean"": 0.000607125036405533, ""median"": 0.0006204532086503807, ""minimum"": 0.0005178353769389259, ""samples"": 7, ""std"": 6.260185924372026e-05}",,multiseed_summary,,,"{""ci95"": [0.0006188083780343338, 0.0006387043459721364], ""maximum"": 0.000638416585415228, ""mean"": 0.0006287563620032351, ""median"": 0.0006358199558756255, ""minimum"": 0.0006132878632658089, ""samples"": 7, ""std"": 1.0756370980775022e-05}",,,,,"{""ci95"": [0.00027126593943686665, 0.00029600147678888295], ""maximum"": 0.00029947916666666664, ""mean"": 0.0002836337081128748, ""median"": 0.0002850115740740741, ""minimum"": 0.0002631172839506173, ""samples"": 7, ""std"": 1.337279075835145e-05}",,"{""ci95"": [0.20964707552507644, 0.2369174136094394], ""maximum"": 0.243051391536039, ""mean"": 0.22328224456725793, ""median"": 0.2277749295565481, ""minimum"": 0.20286890373900185, ""samples"": 7, ""std"": 0.014743181840840919}",,0.11351004241817772,,,,,"{""ci95"": [6.234289051783447e-05, 7.548668675322502e-05], ""maximum"": 7.838875558150648e-05, ""mean"": 6.891478863552975e-05, ""median"": 7.042767003239919e-05, ""minimum"": 5.877951560197053e-05, ""samples"": 7, ""std"": 7.1059396982114785e-06}",
,,,,,,,,,,"{""ci95"": [2.393813903063189e-05, 2.5342629604738796e-05], ""maximum"": 2.5427598835824155e-05, ""mean"": 2.4640384317685343e-05, ""median"": 2.4911165454238024e-05, ""minimum"": 2.338503140697865e-05, ""samples"": 7, ""std"": 7.593107156848405e-07}",,,,,,,UNGATED_NORMALIZED_SPLAT,,"{""ci95"": [0.0001450854257818613, 0.00014869448160701517], ""maximum"": 0.00015050905281488257, ""mean"": 0.00014688995369443824, ""median"": 0.00014629221470159444, ""minimum"": 0.0001448252835625194, ""samples"": 7, ""std"": 1.9511663602916694e-06}","{""ci95"": [0.8331327720873237, 0.8433752181703852], ""maximum"": 0.8473597648708546, ""mean"": 0.8382539951288545, ""median"": 0.8381766988926262, ""minimum"": 0.8317318631199859, ""samples"": 7, ""std"": 0.005537380747918632}",,,,"{""ci95"": [1.234347643730558e-05, 1.3066748272314685e-05], ""maximum"": 1.3110055431728369e-05, ""mean"": 1.2705112354810132e-05, ""median"": 1.2730696158512491e-05, ""minimum"": 1.2036654320436293e-05, ""samples"": 7, ""std"": 3.9102295508438877e-07}",,,,,,,,,,,,"[540, 960]",,,,,,,0.019265853233004074,"{""ci95"": [0.0003662673055574258, 0.0003760788960338811], ""maximum"": 0.00038096696149172467, ""mean"": 0.0003711731007956535, ""median"": 0.000369358977475961, ""minimum"": 0.0003655341936787305, ""samples"": 7, ""std"": 5.3044469817258975e-06}",,multiseed_summary,,,"{""ci95"": [0.0006278663185558079, 0.0006467829644526021], ""maximum"": 0.0006554111215835559, ""mean"": 0.000637324641504205, ""median"": 0.000635177894876353, ""minimum"": 0.000627271409702022, ""samples"": 7, ""std"": 1.0226919424778059e-05}",,,,,"{""ci95"": [0.00033255556647277017, 0.0003420476081304045], ""maximum"": 0.0003470293209876543, ""mean"": 0.00033730158730158733, ""median"": 0.0003368055555555556, ""minimum"": 0.00033179012345679014, ""samples"": 7, ""std"": 5.1316890816100535e-06}",,"{""ci95"": [0.10464883897117778, 0.10580613606930643], ""maximum"": 0.10625928604241573, ""mean"": 0.10522748752024211, ""median"": 0.10527364294599058, ""minimum"": 0.10414818416402, ""samples"": 7, ""std"": 0.0006256703348819796}",,0.11407539600011253,,,,,"{""ci95"": [4.178208792335757e-05, 4.2901348992350137e-05], ""maximum"": 4.345895699512811e-05, ""mean"": 4.234171845785385e-05, ""median"": 4.2134771621766896e-05, ""minimum"": 4.169845789548301e-05, ""samples"": 7, ""std"": 6.051068900019835e-07}",
,,,,,,,,,,"{""ci95"": [0.49869526196797703, 0.5119647370315984], ""maximum"": 0.5142291299910052, ""mean"": 0.5053299994997877, ""median"": 0.5065756608481333, ""minimum"": 0.4964288240962703, ""samples"": 7, ""std"": 0.0071738855305080685}",,,,,,,HARD_BIN_MONTE_CARLO,,"{""ci95"": [0.6420593095023955, 0.6549551026340606], ""maximum"": 0.6575103337145822, ""mean"": 0.6485072060682281, ""median"": 0.6486880711911006, ""minimum"": 0.6407969910830577, ""samples"": 7, ""std"": 0.0069718616077966734}","{""ci95"": [0.5795004710157807, 0.5826703133138746], ""maximum"": 0.5830298901395483, ""mean"": 0.5810853921648277, ""median"": 0.5808161862325646, ""minimum"": 0.5779670780019125, ""samples"": 7, ""std"": 0.001713714045752308}",,,,"{""ci95"": [0.9719814616767445, 1.1771589672820253], ""maximum"": 1.3153199528595034, ""mean"": 1.074570214479385, ""median"": 1.0582592192051616, ""minimum"": 0.9862949815150134, ""samples"": 7, ""std"": 0.11092525752452466}",,,,,,,,,,,,"[540, 960]",,,,,,,0.5576301527185467,"{""ci95"": [0.3079198388821067, 0.3139829355597126], ""maximum"": 0.31552360906094296, ""mean"": 0.31095138722090965, ""median"": 0.3102951836369386, ""minimum"": 0.3072550758145982, ""samples"": 7, ""std"": 0.003277896172757685}",,multiseed_summary,,,"{""ci95"": [0.558291219365318, 0.5692889114590014], ""maximum"": 0.5720922710235817, ""mean"": 0.5637900654121597, ""median"": 0.5625716927949967, ""minimum"": 0.5570886808677257, ""samples"": 7, ""std"": 0.005945689923797666}",,,,,"{""ci95"": [0.09653683350390266, 0.09723383448551534], ""maximum"": 0.09755623070987654, ""mean"": 0.096885333994709, ""median"": 0.09676726466049383, ""minimum"": 0.09647926311728396, ""samples"": 7, ""std"": 0.000376820125345375}",,"{""ci95"": [1.0265854680851807, 1.042139196458728], ""maximum"": 1.0458589748216198, ""mean"": 1.0343623322719544, ""median"": 1.0317973035966652, ""minimum"": 1.0242757918229517, ""samples"": 7, ""std"": 0.008408822985797313}",,0.554632683899177,,,,,"{""ci95"": [0.170782406664985, 0.1741451982480257], ""maximum"": 0.17499970612702545, ""mean"": 0.17246380245650536, ""median"": 0.17209985050154322, ""minimum"": 0.17041370734069572, ""samples"": 7, ""std"": 0.0018180283518394352}",
,,,,,,,,,,"{""ci95"": [0.07763900414066327, 0.08095878718547003], ""maximum"": 0.08126645297659271, ""mean"": 0.07929889566306665, ""median"": 0.07980390482404397, ""minimum"": 0.0765739446288104, ""samples"": 7, ""std"": 0.0017947766159082514}",,,,,,,CONTINUOUS_KERNEL_MONTE_CARLO,,"{""ci95"": [0.0763680766553923, 0.07963309062463078], ""maximum"": 0.07993630374102587, ""mean"": 0.07800058364001154, ""median"": 0.07849430631045373, ""minimum"": 0.07532045176192795, ""samples"": 7, ""std"": 0.0017651667725003602}","{""ci95"": [3.718866115210298e-11, 3.9218601754573586e-10], ""maximum"": 5.442504809334381e-10, ""mean"": 2.1468733934891942e-10, ""median"": 1.3964258019029924e-10, ""minimum"": 4.613995197039266e-11, ""samples"": 7, ""std"": 1.9192246763270758e-10}",,,,"{""ci95"": [0.07956185020558651, 0.08296239412031131], ""maximum"": 0.08324849340109039, ""mean"": 0.08126212216294891, ""median"": 0.08172313804711145, ""minimum"": 0.07845853964898575, ""samples"": 7, ""std"": 0.0018384384211686932}",,,,,,,,,,,,"[540, 960]",,,,,,,0.2738868422854833,"{""ci95"": [0.0734442454862252, 0.07658375926800122], ""maximum"": 0.07687527308296357, ""mean"": 0.07501400237711321, ""median"": 0.07548978189198266, ""minimum"": 0.07243664420524022, ""samples"": 7, ""std"": 0.0016973175188866147}",,multiseed_summary,,,"{""ci95"": [0.02498336690963415, 0.026136694436371736], ""maximum"": 0.02631697088104479, ""mean"": 0.025560030673002943, ""median"": 0.0258525215163675, ""minimum"": 0.024729199332072776, ""samples"": 7, ""std"": 0.0006235242627406092}",,,,,"{""ci95"": [0.00033255556647277017, 0.0003420476081304045], ""maximum"": 0.0003470293209876543, ""mean"": 0.00033730158730158733, ""median"": 0.0003368055555555556, ""minimum"": 0.00033179012345679014, ""samples"": 7, ""std"": 5.1316890816100535e-06}",,"{""ci95"": [2.2275264011756004e-09, 2.6287245490955944e-08], ""maximum"": 3.630629910010986e-08, ""mean"": 1.4257385946065772e-08, ""median"": 9.292771986871012e-09, ""minimum"": 2.9484898182643075e-09, ""samples"": 7, ""std"": 1.3007422661312033e-08}",,0.2937652994791667,,,,,"{""ci95"": [0.021575370770282383, 0.022497650976604784], ""maximum"": 0.022583287619759515, ""mean"": 0.022036510873443584, ""median"": 0.02217627838511526, ""minimum"": 0.021279372478218237, ""samples"": 7, ""std"": 0.0004986129892469625}",
,,,,,,,,,,"{""ci95"": [9.191562594070167e-06, 9.693295108917206e-06], ""maximum"": 9.744529750393055e-06, ""mean"": 9.442428851493687e-06, ""median"": 9.50144396619012e-06, ""minimum"": 8.965097953087749e-06, ""samples"": 7, ""std"": 2.7125199837892315e-07}",,,,,,,LEGACY_GATED_NORMALIZED_SPLAT,,"{""ci95"": [0.0006570711854570348, 0.000934055556012491], ""maximum"": 0.0010918354631384447, ""mean"": 0.0007955633707347629, ""median"": 0.0007798861066393064, ""minimum"": 0.0006172613641614611, ""samples"": 7, ""std"": 0.00014974625285307864}","{""ci95"": [0.9914702398722202, 0.9927910188927733], ""maximum"": 0.9935548152223043, ""mean"": 0.9921306293824967, ""median"": 0.9920626683137072, ""minimum"": 0.991302311453701, ""samples"": 7, ""std"": 0.0007140536802786464}",,,,"{""ci95"": [0.00031817622176215626, 0.0004666422478243774], ""maximum"": 0.0005343993818734911, ""mean"": 0.00039240923479326684, ""median"": 0.0003777310350210918, ""minimum"": 0.00027882007237504106, ""samples"": 7, ""std"": 8.026529090511959e-05}",,,,,,,,,,,,"[1080, 1920]",,,,,,,0.05394184708523788,"{""ci95"": [0.0025748236386534014, 0.003244622095280972], ""maximum"": 0.003623568215829078, ""mean"": 0.0029097228669671864, ""median"": 0.0028749627505685153, ""minimum"": 0.0024762715230111647, ""samples"": 7, ""std"": 0.00036211360534753567}",,multiseed_summary,,,"{""ci95"": [0.00278103912797222, 0.003344413565739397], ""maximum"": 0.003693633569208498, ""mean"": 0.0030627263468558084, ""median"": 0.002992434979085288, ""minimum"": 0.0027517618124582133, ""samples"": 7, ""std"": 0.00030457751402963705}",,,,,"{""ci95"": [0.0005978366776013794, 0.0007435365036155519], ""maximum"": 0.0008294511959876543, ""mean"": 0.0006706865906084657, ""median"": 0.000664158950617284, ""minimum"": 0.000580029899691358, ""samples"": 7, ""std"": 7.876979824967981e-05}",,"{""ci95"": [0.4816662266992859, 0.490568111037791], ""maximum"": 0.4929306265439391, ""mean"": 0.48611716886853845, ""median"": 0.4861516461967009, ""minimum"": 0.47828661439523357, ""samples"": 7, ""std"": 0.004812631919806299}",,0.11301451506438079,,,,,"{""ci95"": [0.00029099244489871857, 0.00036668939266535413], ""maximum"": 0.00040951580471462675, ""mean"": 0.00032884091878203635, ""median"": 0.0003249125210836591, ""minimum"": 0.00027985462534084243, ""samples"": 7, ""std"": 4.092409350656631e-05}",
,,,,,,,,,,"{""ci95"": [1.0021092584699586e-05, 1.0543882539117494e-05], ""maximum"": 1.0589816746156126e-05, ""mean"": 1.028248756190854e-05, ""median"": 1.033598948893079e-05, ""minimum"": 9.781287911163492e-06, ""samples"": 7, ""std"": 2.826362965763067e-07}",,,,,,,UNGATED_NORMALIZED_SPLAT,,"{""ci95"": [6.56487093250357e-05, 6.653375889077393e-05], ""maximum"": 6.680427618634222e-05, ""mean"": 6.609123410790482e-05, ""median"": 6.611589171928446e-05, ""minimum"": 6.555825478371854e-05, ""samples"": 7, ""std"": 4.78484962139803e-07}","{""ci95"": [0.8473002817790422, 0.8546685091413201], ""maximum"": 0.858097278309902, ""mean"": 0.8509843954601811, ""median"": 0.8501624095668985, ""minimum"": 0.8455654985779869, ""samples"": 7, ""std"": 0.003983489882327978}",,,,"{""ci95"": [1.208417362446474e-05, 1.2799757304369698e-05], ""maximum"": 1.308522180750202e-05, ""mean"": 1.244196546441722e-05, ""median"": 1.2406913280710178e-05, ""minimum"": 1.1884481218510517e-05, ""samples"": 7, ""std"": 3.8686650244451356e-07}",,,,,,,,,,,,"[1080, 1920]",,,,,,,0.012883327931338234,"{""ci95"": [0.0001648382742227805, 0.00016712200295001931], ""maximum"": 0.0001679512182021013, ""mean"": 0.0001659801385863999, ""median"": 0.00016580326419560285, ""minimum"": 0.0001645844092537765, ""samples"": 7, ""std"": 1.234653849786361e-06}",,multiseed_summary,,,"{""ci95"": [0.000479643883573629, 0.0004865505645930519], ""maximum"": 0.0004880576209684825, ""mean"": 0.00048309722408334047, ""median"": 0.00048349461025238476, ""minimum"": 0.000478763798786633, ""samples"": 7, ""std"": 3.7339637620563296e-06}",,,,,"{""ci95"": [0.00015648294722562663, 0.00015926192711299768], ""maximum"": 0.00015991512345679012, ""mean"": 0.00015787243716931215, ""median"": 0.0001583719135802469, ""minimum"": 0.0001554542824074074, ""samples"": 7, ""std"": 1.5024018288590217e-06}",,"{""ci95"": [0.10139417771047704, 0.10208967955513773], ""maximum"": 0.10217219045655855, ""mean"": 0.10174192863280739, ""median"": 0.1016621755402259, ""minimum"": 0.10123856018765844, ""samples"": 7, ""std"": 0.00037600964589260796}",,0.11371649948559671,,,,,"{""ci95"": [1.8744831525861468e-05, 1.9004529162497765e-05], ""maximum"": 1.9098824618284595e-05, ""mean"": 1.8874680344179616e-05, ""median"": 1.8854566807609528e-05, ""minimum"": 1.8715962890244314e-05, ""samples"": 7, ""std"": 1.4040051387412074e-07}",
,,,,,,,,,,"{""ci95"": [0.5720233561683722, 0.5820349683385603], ""maximum"": 0.5834376017428772, ""mean"": 0.5770291622534662, ""median"": 0.5757239190553184, ""minimum"": 0.5707130415452668, ""samples"": 7, ""std"": 0.005412584849092727}",,,,,,,HARD_BIN_MONTE_CARLO,,"{""ci95"": [0.7040982609288774, 0.712782739093203], ""maximum"": 0.7144046406930046, ""mean"": 0.7084405000110402, ""median"": 0.7081771168297486, ""minimum"": 0.7023988939823274, ""samples"": 7, ""std"": 0.00469509546868735}","{""ci95"": [0.5932476509585878, 0.5953138128241271], ""maximum"": 0.5960659599749178, ""mean"": 0.5942807318913574, ""median"": 0.5938440260007396, ""minimum"": 0.593040391937497, ""samples"": 7, ""std"": 0.0011170305260617302}",,,,"{""ci95"": [0.8947394276833768, 0.9169311299627388], ""maximum"": 0.9178973159339426, ""mean"": 0.9058352788230578, ""median"": 0.91156509165043, ""minimum"": 0.8879417325640537, ""samples"": 7, ""std"": 0.011997515434179594}",,,,,,,,,,,,"[1080, 1920]",,,,,,,0.38288496526578497,"{""ci95"": [0.1457654823133941, 0.1474363109397687], ""maximum"": 0.147745475848061, ""mean"": 0.14660089662658138, ""median"": 0.1466174755035576, ""minimum"": 0.1454199199371103, ""samples"": 7, ""std"": 0.0009033012420791367}",,multiseed_summary,,,"{""ci95"": [0.6297870049640734, 0.6370093656564165], ""maximum"": 0.6383432217020009, ""mean"": 0.6333981853102449, ""median"": 0.6334733245606009, ""minimum"": 0.628292511181893, ""samples"": 7, ""std"": 0.003904629883133498}",,,,,"{""ci95"": [0.10160277137740051, 0.10192528886289934], ""maximum"": 0.10197620081018519, ""mean"": 0.10176403012014992, ""median"": 0.10168733121141975, ""minimum"": 0.10153571084104938, ""samples"": 7, ""std"": 0.0001743628524461383}",,"{""ci95"": [1.0673584959279159, 1.076711665263934], ""maximum"": 1.0781332620079511, ""mean"": 1.072035080595925, ""median"": 1.0745691655176985, ""minimum"": 1.0647276422310508, ""samples"": 7, ""std"": 0.005056610441810549}",,1.2522125450102881,,,,,"{""ci95"": [0.18252936558230734, 0.18462159814881593], ""maximum"": 0.18500873832545653, ""mean"": 0.18357548186556163, ""median"": 0.18359624214329345, ""minimum"": 0.1820966480396412, ""samples"": 7, ""std"": 0.0011311251472548702}",
,,,,,,,,,,"{""ci95"": [0.0951903320893416, 0.09982242119623413], ""maximum"": 0.10137680433559909, ""mean"": 0.09750637664278787, ""median"": 0.09758857023991264, ""minimum"": 0.09381638640221363, ""samples"": 7, ""std"": 0.0025042495547590534}",,,,,,,CONTINUOUS_KERNEL_MONTE_CARLO,,"{""ci95"": [0.09361974904796272, 0.098175546565866], ""maximum"": 0.09970588333370203, ""mean"": 0.09589764780691436, ""median"": 0.09597762990104754, ""minimum"": 0.09227000007518635, ""samples"": 7, ""std"": 0.0024630039799548357}","{""ci95"": [1.1110260325389745e-06, 1.8615604522694513e-06], ""maximum"": 2.1959446731004587e-06, ""mean"": 1.486293242404213e-06, ""median"": 1.4958955645263164e-06, ""minimum"": 1.0610964194513791e-06, ""samples"": 7, ""std"": 4.057619452192038e-07}",,,,"{""ci95"": [0.09544195309416752, 0.10004048661771932], ""maximum"": 0.101568830828198, ""mean"": 0.09774121985594342, ""median"": 0.09782957135992397, ""minimum"": 0.09407582280943813, ""samples"": 7, ""std"": 0.002486108376404862}",,,,,,,,,,,,"[1080, 1920]",,,,,,,0.23868633464212585,"{""ci95"": [0.05561792361179315, 0.05832440907799262], ""maximum"": 0.05923258641617014, ""mean"": 0.05697116634489289, ""median"": 0.05701932250250975, ""minimum"": 0.05481530722534446, ""samples"": 7, ""std"": 0.0014632091195324133}",,multiseed_summary,,,"{""ci95"": [0.034413748318263285, 0.03646920798516323], ""maximum"": 0.03726930847604518, ""mean"": 0.03544147815171326, ""median"": 0.0354251361352519, ""minimum"": 0.033831941720454596, ""samples"": 7, ""std"": 0.0011112445889696083}",,,,,"{""ci95"": [0.00015648294722562663, 0.00015926192711299768], ""maximum"": 0.00015991512345679012, ""mean"": 0.00015787243716931215, ""median"": 0.0001583719135802469, ""minimum"": 0.0001554542824074074, ""samples"": 7, ""std"": 1.5024018288590217e-06}",,"{""ci95"": [0.0001892400318157748, 0.00031244789759959723], ""maximum"": 0.00035840714773675126, ""mean"": 0.000250843964707686, ""median"": 0.00025350130365157925, ""minimum"": 0.00017910960200908188, ""samples"": 7, ""std"": 6.660995415067477e-05}",,0.46815455307195214,,,,,"{""ci95"": [0.026037784171268997, 0.027304837665093343], ""maximum"": 0.027730005020957915, ""mean"": 0.02667131091818117, ""median"": 0.026693855442627958, ""minimum"": 0.025662035655582883, ""samples"": 7, ""std"": 0.0006850080114055015}",
,,,,,,,,,,9.138835769578539e-05,211,,,,,,LEGACY_GATED_NORMALIZED_SPLAT,,0.00046130581145511937,0.8136138934467085,,,,0.00010042384639091551,,6.88759765625,0.43047485798597335,,,,,,,,,"[256, 256]",,,,,,,,,,support_xor,,,0.0007330584642480942,,"[{""fraction_total_self_sse"": 0.9550665198871425, ""region"": ""FOREGROUND"", ""rgb_scalars"": 1130325, ""self_mse"": 0.00046130581145511937, ""self_sse"": 521.4254913330078}, {""fraction_total_self_sse"": 0.5103137490061402, ""region"": ""SILHOUETTE_0_1PX"", ""rgb_scalars"": 74745, ""self_mse"": 0.0037274666044319568, ""self_sse"": 278.6094913482666}, {""fraction_total_self_sse"": 0.2285200473408858, ""region"": ""SILHOUETTE_1_2PX"", ""rgb_scalars"": 74097, ""self_mse"": 0.0016837682598767893, ""self_sse"": 124.76217675209045}, {""fraction_total_self_sse"": 0.08265127070371146, ""region"": ""SILHOUETTE_2_4PX"", ""rgb_scalars"": 158841, ""self_mse"": 0.00028408320592031685, ""self_sse"": 45.12406051158905}, {""fraction_total_self_sse"": 0.02771284623315526, ""region"": ""SILHOUETTE_4_8PX"", ""rgb_scalars"": 324771, ""self_mse"": 4.6586762166628235e-05, ""self_sse"": 15.130029335618019}, {""fraction_total_self_sse"": 0.15080207495254794, ""region"": ""INTERIOR_GT_8PX"", ""rgb_scalars"": 819840, ""self_mse"": 0.00010042384639091551, ""self_sse"": 82.33148622512817}]",,,0.00077667236328125,,0.14544806951936273,,,,,,,0.0001388441087328829,545.9572505950928
,,,,,,,,,,0.000140623234872485,211,,,,,,UNGATED_NORMALIZED_SPLAT,,0.0005443407486527989,0.7576133758869935,,,,3.719664534287591e-05,,6.88759765625,0.43047485798597335,,,,,,,,,"[256, 256]",,,,,,,,,,support_xor,,,0.0010063013301282117,,"[{""fraction_total_self_sse"": 0.9536723932583822, ""region"": ""FOREGROUND"", ""rgb_scalars"": 1168599, ""self_mse"": 0.0005443407486527989, ""self_sse"": 636.1160545349121}, {""fraction_total_self_sse"": 0.5548488501394306, ""region"": ""SILHOUETTE_0_1PX"", ""rgb_scalars"": 75768, ""self_mse"": 0.004884566340397635, ""self_sse"": 370.09382247924805}, {""fraction_total_self_sse"": 0.2438623898874243, ""region"": ""SILHOUETTE_1_2PX"", ""rgb_scalars"": 74547, ""self_mse"": 0.0021819851998999985, ""self_sse"": 162.6604506969452}, {""fraction_total_self_sse"": 0.12190880535931103, ""region"": ""SILHOUETTE_2_4PX"", ""rgb_scalars"": 158613, ""self_mse"": 0.0005126647318107652, ""self_sse"": 81.3152911067009}, {""fraction_total_self_sse"": 0.03131018357460763, ""region"": ""SILHOUETTE_4_8PX"", ""rgb_scalars"": 322050, ""self_mse"": 6.484842850099234e-05, ""self_sse"": 20.884436398744583}, {""fraction_total_self_sse"": 0.04806975169279538, ""region"": ""INTERIOR_GT_8PX"", ""rgb_scalars"": 861996, ""self_mse"": 3.719664534287591e-05, ""self_sse"": 32.06335949897766}]",,,0.001096343994140625,,0.11722136019443696,,,,,,,0.0001696312899487869,667.017373085022
,,,,,,,,,,0.4757834134058352,211,,,,,,HARD_BIN_MONTE_CARLO,,0.6014429598799469,0.522682833533407,,,,0.0,,6.88759765625,0.43047485798597335,,,,,,,,,"[256, 256]",,,,,,,,,,support_xor,,,0.47344321273219175,,"[{""fraction_total_self_sse"": 0.7533856371430189, ""region"": ""FOREGROUND"", ""rgb_scalars"": 837879, ""self_mse"": 0.6014429598799469, ""self_sse"": 503936.42578125}, {""fraction_total_self_sse"": 0.7266645217290518, ""region"": ""SILHOUETTE_0_1PX"", ""rgb_scalars"": 813240, ""self_mse"": 0.597686766677503, ""self_sse"": 486062.7861328125}, {""fraction_total_self_sse"": 0.18925392620422804, ""region"": ""SILHOUETTE_1_2PX"", ""rgb_scalars"": 255456, ""self_mse"": 0.49554968614947387, ""self_sse"": 126591.140625}, {""fraction_total_self_sse"": 0.0795106140891199, ""region"": ""SILHOUETTE_2_4PX"", ""rgb_scalars"": 172839, ""self_mse"": 0.30771011868907805, ""self_sse"": 53184.30920410156}, {""fraction_total_self_sse"": 0.004570944456895576, ""region"": ""SILHOUETTE_4_8PX"", ""rgb_scalars"": 171297, ""self_mse"": 0.017849029282088234, ""self_sse"": 3057.4851689338684}, {""fraction_total_self_sse"": 0.0, ""region"": ""INTERIOR_GT_8PX"", ""rgb_scalars"": 0, ""self_mse"": 0.0, ""self_sse"": 0.0}]",,,0.08254776000976563,,1.0771102975552311,,,,,,,0.17010897745688755,668895.716796875
,,,,,,,,,,0.07145925260307265,211,,,,,,CONTINUOUS_KERNEL_MONTE_CARLO,,0.0703042598812499,5.488657640187546e-10,,,,0.0770527557393864,,6.88759765625,0.43047485798597335,,,,,,,,,"[256, 256]",,,,,,,,,,support_xor,,,0.024942740781388587,,"[{""fraction_total_self_sse"": 0.9999999791986782, ""region"": ""FOREGROUND"", ""rgb_scalars"": 1168599, ""self_mse"": 0.0703042598812499, ""self_sse"": 82157.48779296875}, {""fraction_total_self_sse"": 5.9496798405227876e-06, ""region"": ""SILHOUETTE_0_1PX"", ""rgb_scalars"": 75768, ""self_mse"": 6.451414304689752e-06, ""self_sse"": 0.4888107590377331}, {""fraction_total_self_sse"": 0.0015789654150950413, ""region"": ""SILHOUETTE_1_2PX"", ""rgb_scalars"": 74547, ""self_mse"": 0.0017401617035510204, ""self_sse"": 129.72383451461792}, {""fraction_total_self_sse"": 0.04862558858342871, ""region"": ""SILHOUETTE_2_4PX"", ""rgb_scalars"": 158613, ""self_mse"": 0.025186814974619585, ""self_sse"": 3994.956283569336}, {""fraction_total_self_sse"": 0.14135232021226668, ""region"": ""SILHOUETTE_4_8PX"", ""rgb_scalars"": 322050, ""self_mse"": 0.036060089315062924, ""self_sse"": 11613.151763916016}, {""fraction_total_self_sse"": 0.8084371569648455, ""region"": ""INTERIOR_GT_8PX"", ""rgb_scalars"": 861996, ""self_mse"": 0.0770527557393864, ""self_sse"": 66419.16723632812}]",,,0.001096343994140625,,1.0460086579761612e-08,,,,,,,0.02089373003691435,82157.48950195312
,,,,,,,,,,3.4527459525511274e-05,211,,,,,,LEGACY_GATED_NORMALIZED_SPLAT,,0.00046044753295974763,0.9544763990465711,,,,0.0001662226320148767,,6.888433837890625,0.4305271044373512,,,,,,,,,"[512, 512]",,,,,,,,,,support_xor,,,0.0016343595271094808,,"[{""fraction_total_self_sse"": 0.6165417433813358, ""region"": ""FOREGROUND"", ""rgb_scalars"": 4410918, ""self_mse"": 0.00046044753295974763, ""self_sse"": 2030.9963111877441}, {""fraction_total_self_sse"": 0.4969946103452738, ""region"": ""SILHOUETTE_0_1PX"", ""rgb_scalars"": 170724, ""self_mse"": 0.009589671932213398, ""self_sse"": 1637.1871509552002}, {""fraction_total_self_sse"": 0.06515895049234453, ""region"": ""SILHOUETTE_1_2PX"", ""rgb_scalars"": 175839, ""self_mse"": 0.0012206903850448749, ""self_sse"": 214.64497661590576}, {""fraction_total_self_sse"": 0.1351135984017994, ""region"": ""SILHOUETTE_2_4PX"", ""rgb_scalars"": 415362, ""self_mse"": 0.0010715660534652335, ""self_sse"": 445.08781909942627}, {""fraction_total_self_sse"": 0.13193129137710313, ""region"": ""SILHOUETTE_4_8PX"", ""rgb_scalars"": 909387, ""self_mse"": 0.0004779095624875531, ""self_sse"": 434.60474330186844}, {""fraction_total_self_sse"": 0.17080149142854797, ""region"": ""INTERIOR_GT_8PX"", ""rgb_scalars"": 3384918, ""self_mse"": 0.0001662226320148767, ""self_sse"": 562.6499791145325}]",,,0.0006221771240234375,,0.3212969709997062,,,,,,,0.00020943799718224908,3294.1748600006104
,,,,,,,,,,4.53520427741374e-05,211,,,,,,UNGATED_NORMALIZED_SPLAT,,0.00023084478248922797,0.8109911284716785,,,,2.028428949475229e-05,,6.888433837890625,0.4305271044373512,,,,,,,,,"[512, 512]",,,,,,,,,,support_xor,,,0.0007725552786941852,,"[{""fraction_total_self_sse"": 0.9780535311514368, ""region"": ""FOREGROUND"", ""rgb_scalars"": 4490499, ""self_mse"": 0.00023084478248922797, ""self_sse"": 1036.6082649230957}, {""fraction_total_self_sse"": 0.43329747511379413, ""region"": ""SILHOUETTE_0_1PX"", ""rgb_scalars"": 151569, ""self_mse"": 0.003029896649233426, ""self_sse"": 459.23840522766113}, {""fraction_total_self_sse"": 0.15585433778960373, ""region"": ""SILHOUETTE_1_2PX"", ""rgb_scalars"": 149256, ""self_mse"": 0.0011067235144591506, ""self_sse"": 165.185124874115}, {""fraction_total_self_sse"": 0.2594781687051969, ""region"": ""SILHOUETTE_2_4PX"", ""rgb_scalars"": 318489, ""self_mse"": 0.0008634922195548165, ""self_sse"": 275.01277351379395}, {""fraction_total_self_sse"": 0.07743382587414288, ""region"": ""SILHOUETTE_4_8PX"", ""rgb_scalars"": 651153, ""self_mse"": 0.00012603748065538405, ""self_sse"": 82.0696836411953}, {""fraction_total_self_sse"": 0.07393615503479112, ""region"": ""INTERIOR_GT_8PX"", ""rgb_scalars"": 3863217, ""self_mse"": 2.028428949475229e-05, ""self_sse"": 78.36261200904846}]",,,0.0005096435546875,,0.10722855084432575,,,,,,,6.738463331809422e-05,1059.8686389923096
,,,,,,,,,,0.5200337988546596,211,,,,,,HARD_BIN_MONTE_CARLO,,0.6584954652861029,0.5619143333219268,,,,1.2401262992186564,,6.888433837890625,0.4305271044373512,,,,,,,,,"[512, 512]",,,,,,,,,,support_xor,,,0.5588320044831737,,"[{""fraction_total_self_sse"": 0.7253449396664982, ""region"": ""FOREGROUND"", ""rgb_scalars"": 3063024, ""self_mse"": 0.6584954652861029, ""self_sse"": 2016987.4140625}, {""fraction_total_self_sse"": 0.7761529422678847, ""region"": ""SILHOUETTE_0_1PX"", ""rgb_scalars"": 3452103, ""self_mse"": 0.6252046012785539, ""self_sse"": 2158270.6796875}, {""fraction_total_self_sse"": 0.160769299840088, ""region"": ""SILHOUETTE_1_2PX"", ""rgb_scalars"": 765354, ""self_mse"": 0.5841163553891402, ""self_sse"": 447055.7890625}, {""fraction_total_self_sse"": 0.058220398186446524, ""region"": ""SILHOUETTE_2_4PX"", ""rgb_scalars"": 408735, ""self_mse"": 0.3960882380431392, ""self_sse"": 161895.1259765625}, {""fraction_total_self_sse"": 0.004740964925734953, ""region"": ""SILHOUETTE_4_8PX"", ""rgb_scalars"": 349194, ""self_mse"": 0.037753617562034374, ""self_sse"": 13183.336730957031}, {""fraction_total_self_sse"": 0.00011639861755065226, ""region"": ""INTERIOR_GT_8PX"", ""rgb_scalars"": 261, ""self_mse"": 1.2401262992186564, ""self_sse"": 323.67296409606934}]",,,0.09444236755371094,,1.0518908437889192,,,,,,,0.17679396271705627,2780728.59375
,,,,,,,,,,0.092450225696673,211,,,,,,CONTINUOUS_KERNEL_MONTE_CARLO,,0.09093870860291658,1.915119146880691e-10,,,,0.09567835409357338,,6.888433837890625,0.4305271044373512,,,,,,,,,"[512, 512]",,,,,,,,,,support_xor,,,0.030489596512724357,,"[{""fraction_total_self_sse"": 0.9999949182455717, ""region"": ""FOREGROUND"", ""rgb_scalars"": 4490496, ""self_mse"": 0.09093870860291658, ""self_sse"": 408359.9072265625}, {""fraction_total_self_sse"": 2.9551817327283953e-05, ""region"": ""SILHOUETTE_0_1PX"", ""rgb_scalars"": 151569, ""self_mse"": 7.961943872387355e-05, ""self_sse"": 12.06783870793879}, {""fraction_total_self_sse"": 0.0005449506797199281, ""region"": ""SILHOUETTE_1_2PX"", ""rgb_scalars"": 149256, ""self_mse"": 0.0014909761744424219, ""self_sse"": 222.53713989257812}, {""fraction_total_self_sse"": 0.02196538901655186, ""region"": ""SILHOUETTE_2_4PX"", ""rgb_scalars"": 318489, ""self_mse"": 0.028163703623882763, ""self_sse"": 8969.829803466797}, {""fraction_total_self_sse"": 0.07231719087932933, ""region"": ""SILHOUETTE_4_8PX"", ""rgb_scalars"": 651153, ""self_mse"": 0.04535276875122139, ""self_sse"": 29531.591430664062}, {""fraction_total_self_sse"": 0.9051429196202521, ""region"": ""INTERIOR_GT_8PX"", ""rgb_scalars"": 3863214, ""self_mse"": 0.09567835409357338, ""self_sse"": 369625.95703125}]",,,0.0005096435546875,,9.75626062118624e-09,,,,,,,0.02596295562883218,408361.982421875
,,,,,,,,,,1.879687303007317e-05,211,,,,,,LEGACY_GATED_NORMALIZED_SPLAT,,0.00015964012420485694,0.9121638750354856,,,,6.437504412193917e-05,,6.888131172839506,0.4305081817250193,,,,,,,,,"[540, 960]",,,,,,,,,,support_xor,,,0.0006132878632658089,,"[{""fraction_total_self_sse"": 0.7572745885687046, ""region"": ""FOREGROUND"", ""rgb_scalars"": 8672685, ""self_mse"": 0.00015964012420485694, ""self_sse"": 1384.5085105895996}, {""fraction_total_self_sse"": 0.43807386318205255, ""region"": ""SILHOUETTE_0_1PX"", ""rgb_scalars"": 249276, ""self_mse"": 0.0032129881327241662, ""self_sse"": 800.9208297729492}, {""fraction_total_self_sse"": 0.10678604719157857, ""region"": ""SILHOUETTE_1_2PX"", ""rgb_scalars"": 247986, ""self_mse"": 0.000787280679059623, ""self_sse"": 195.23458647727966}, {""fraction_total_self_sse"": 0.12175072810201967, ""region"": ""SILHOUETTE_2_4PX"", ""rgb_scalars"": 541524, ""self_mse"": 0.0004110513738268896, ""self_sse"": 222.59418416023254}, {""fraction_total_self_sse"": 0.07162701008757505, ""region"": ""SILHOUETTE_4_8PX"", ""rgb_scalars"": 1161981, ""self_mse"": 0.00011269899470425337, ""self_sse"": 130.95409056544304}, {""fraction_total_self_sse"": 0.26176243044655956, ""region"": ""INTERIOR_GT_8PX"", ""rgb_scalars"": 7434162, ""self_mse"": 6.437504412193917e-05, ""self_sse"": 478.57450675964355}]",,,0.0002631172839506173,,0.2037743394092847,,,,,,,5.877951560197053e-05,1828.2780532836914
,,,,,,,,,,2.338503140697865e-05,211,,,,,,UNGATED_NORMALIZED_SPLAT,,0.0001474733915418978,0.8473597648708546,,,,1.2036654320436293e-05,,6.888131172839506,0.4305081817250193,,,,,,,,,"[540, 960]",,,,,,,,,,support_xor,,,0.0006438516864991272,,"[{""fraction_total_self_sse"": 0.978544312806018, ""region"": ""FOREGROUND"", ""rgb_scalars"": 8786781, ""self_mse"": 0.0001474733915418978, ""self_sse"": 1295.8163948059082}, {""fraction_total_self_sse"": 0.3672992737569165, ""region"": ""SILHOUETTE_0_1PX"", ""rgb_scalars"": 230178, ""self_mse"": 0.00211309601313474, ""self_sse"": 486.3882141113281}, {""fraction_total_self_sse"": 0.1761524140113607, ""region"": ""SILHOUETTE_1_2PX"", ""rgb_scalars"": 226962, ""self_mse"": 0.0010277758826987276, ""self_sse"": 233.2660698890686}, {""fraction_total_self_sse"": 0.22775249720867968, ""region"": ""SILHOUETTE_2_4PX"", ""rgb_scalars"": 479547, ""self_mse"": 0.0006289193288097761, ""self_sse"": 301.5963773727417}, {""fraction_total_self_sse"": 0.15758940867104404, ""region"": ""SILHOUETTE_4_8PX"", ""rgb_scalars"": 973590, ""self_mse"": 0.0002143452652115929, ""self_sse"": 208.68440675735474}, {""fraction_total_self_sse"": 0.0712064239062272, ""region"": ""INTERIOR_GT_8PX"", ""rgb_scalars"": 7833870, ""self_mse"": 1.2036654320436293e-05, ""self_sse"": 94.29358518123627}]",,,0.00033950617283950616,,0.10625928604241573,,,,,,,4.2574222931646026e-05,1324.228630065918
,,,,,,,,,,0.4977523977707068,211,,,,,,HARD_BIN_MONTE_CARLO,,0.6407969910830577,0.580516507566616,,,,1.0582592192051616,,6.888131172839506,0.4305081817250193,,,,,,,,,"[540, 960]",,,,,,,,,,support_xor,,,0.5570886808677257,,"[{""fraction_total_self_sse"": 0.719808406659749, ""region"": ""FOREGROUND"", ""rgb_scalars"": 5954115, ""self_mse"": 0.6407969910830577, ""self_sse"": 3815378.9765625}, {""fraction_total_self_sse"": 0.7905777158905702, ""region"": ""SILHOUETTE_0_1PX"", ""rgb_scalars"": 6908202, ""self_mse"": 0.6065970702289829, ""self_sse"": 4190495.09375}, {""fraction_total_self_sse"": 0.14342670303346497, ""region"": ""SILHOUETTE_1_2PX"", ""rgb_scalars"": 1332132, ""self_mse"": 0.5706942834400044, ""self_sse"": 760240.1171875}, {""fraction_total_self_sse"": 0.0585777638160399, ""region"": ""SILHOUETTE_2_4PX"", ""rgb_scalars"": 725292, ""self_mse"": 0.42809550649083405, ""self_sse"": 310494.24609375}, {""fraction_total_self_sse"": 0.007194455607805247, ""region"": ""SILHOUETTE_4_8PX"", ""rgb_scalars"": 546978, ""self_mse"": 0.06971863026630098, ""self_sse"": 38134.55694580078}, {""fraction_total_self_sse"": 0.0002234093676281943, ""region"": ""INTERIOR_GT_8PX"", ""rgb_scalars"": 1119, ""self_mse"": 1.0582592192051616, ""self_sse"": 1184.192066290576}]",,,0.09658333333333333,,1.0242757918229517,,,,,,,0.17041370734069572,5300547.953125
,,,,,,,,,,0.0765739446288104,211,,,,,,CONTINUOUS_KERNEL_MONTE_CARLO,,0.07532045176192795,8.785690054524444e-11,,,,0.07845853964898575,,6.888131172839506,0.4305081817250193,,,,,,,,,"[540, 960]",,,,,,,,,,support_xor,,,0.024729199332072776,,"[{""fraction_total_self_sse"": 0.9999255339550351, ""region"": ""FOREGROUND"", ""rgb_scalars"": 8786781, ""self_mse"": 0.07532045176192795, ""self_sse"": 661824.314453125}, {""fraction_total_self_sse"": 0.0002013525010379856, ""region"": ""SILHOUETTE_0_1PX"", ""rgb_scalars"": 230178, ""self_mse"": 0.000578986284725858, ""self_sse"": 133.26990504562855}, {""fraction_total_self_sse"": 0.0007278599546330496, ""region"": ""SILHOUETTE_1_2PX"", ""rgb_scalars"": 226962, ""self_mse"": 0.0021226077035190667, ""self_sse"": 481.75128960609436}, {""fraction_total_self_sse"": 0.017420753810743414, ""region"": ""SILHOUETTE_2_4PX"", ""rgb_scalars"": 479547, ""self_mse"": 0.024044227295031334, ""self_sse"": 11530.33706665039}, {""fraction_total_self_sse"": 0.053022604872477244, ""region"": ""SILHOUETTE_4_8PX"", ""rgb_scalars"": 973590, ""self_mse"": 0.036046243748571655, ""self_sse"": 35094.262451171875}, {""fraction_total_self_sse"": 0.9286274577940857, ""region"": ""INTERIOR_GT_8PX"", ""rgb_scalars"": 7833870, ""self_mse"": 0.07845853964898575, ""self_sse"": 614634.0}]",,,0.00033950617283950616,,5.506644241098419e-09,,,,,,,0.021279372478218237,661873.6015625
,,,,,,,,,,9.744529750393055e-06,211,,,,,,LEGACY_GATED_NORMALIZED_SPLAT,,0.0008443738728831894,0.9922899042159052,,,,0.00044005876492138167,,6.888516975308642,0.4305323169849537,,,,,,,,,"[1080, 1920]",,,,,,,,,,support_xor,,,0.0031136666386385064,,"[{""fraction_total_self_sse"": 0.6779237013345354, ""region"": ""FOREGROUND"", ""rgb_scalars"": 34263117, ""self_mse"": 0.0008443738728831894, ""self_sse"": 28930.880798339844}, {""fraction_total_self_sse"": 0.42786985614621176, ""region"": ""SILHOUETTE_0_1PX"", ""rgb_scalars"": 817089, ""self_mse"": 0.022347202546292577, ""self_sse"": 18259.653381347656}, {""fraction_total_self_sse"": 0.05453386023385509, ""region"": ""SILHOUETTE_1_2PX"", ""rgb_scalars"": 877914, ""self_mse"": 0.0026509107365949086, ""self_sse"": 2327.2716484069824}, {""fraction_total_self_sse"": 0.07645719571544675, ""region"": ""SILHOUETTE_2_4PX"", ""rgb_scalars"": 2405196, ""self_mse"": 0.0013565903710551414, ""self_sse"": 3262.865734100342}, {""fraction_total_self_sse"": 0.16978173026932078, ""region"": ""SILHOUETTE_4_8PX"", ""rgb_scalars"": 5886531, ""self_mse"": 0.0012308704848807135, ""self_sse"": 7245.557266235352}, {""fraction_total_self_sse"": 0.2713574157373682, ""region"": ""INTERIOR_GT_8PX"", ""rgb_scalars"": 26315514, ""self_mse"": 0.00044005876492138167, ""self_sse"": 11580.372589111328}]",,,0.0006904899691358025,,0.4929306265439391,,,,,,,0.00034300827980041505,42675.71813964844
,,,,,,,,,,1.0589816746156126e-05,211,,,,,,UNGATED_NORMALIZED_SPLAT,,6.557508211205669e-05,0.8455654985779869,,,,1.2406913280710178e-05,,6.888516975308642,0.4305323169849537,,,,,,,,,"[1080, 1920]",,,,,,,,,,support_xor,,,0.00047973337672789403,,"[{""fraction_total_self_sse"": 0.9717172043112523, ""region"": ""FOREGROUND"", ""rgb_scalars"": 34580745, ""self_mse"": 6.557508211205669e-05, ""self_sse"": 2267.6351928710938}, {""fraction_total_self_sse"": 0.1619447902017581, ""region"": ""SILHOUETTE_0_1PX"", ""rgb_scalars"": 491691, ""self_mse"": 0.0007686135186487671, ""self_sse"": 377.9203495979309}, {""fraction_total_self_sse"": 0.24278545366642487, ""region"": ""SILHOUETTE_1_2PX"", ""rgb_scalars"": 479982, ""self_mse"": 0.001180404912226801, ""self_sse"": 566.5731105804443}, {""fraction_total_self_sse"": 0.2122369204634326, ""region"": ""SILHOUETTE_2_4PX"", ""rgb_scalars"": 1015389, ""self_mse"": 0.0004877775159104375, ""self_sse"": 495.2839241027832}, {""fraction_total_self_sse"": 0.2102921438701985, ""region"": ""SILHOUETTE_4_8PX"", ""rgb_scalars"": 2037096, ""self_mse"": 0.00024090446476033046, ""self_sse"": 490.74552154541016}, {""fraction_total_self_sse"": 0.17274055755193557, ""region"": ""INTERIOR_GT_8PX"", ""rgb_scalars"": 32491059, ""self_mse"": 1.2406913280710178e-05, ""self_sse"": 403.113751411438}]",,,0.0001554542824074074,,0.10202383064359563,,,,,,,1.8756727193608696e-05,2333.6369705200195
,,,,,,,,,,0.5827431727286284,211,,,,,,HARD_BIN_MONTE_CARLO,,0.7129555102717325,0.5935512048254239,,,,0.91156509165043,,6.888516975308642,0.4305323169849537,,,,,,,,,"[1080, 1920]",,,,,,,,,,support_xor,,,0.6369965066868044,,"[{""fraction_total_self_sse"": 0.6912184032211215, ""region"": ""FOREGROUND"", ""rgb_scalars"": 22269174, ""self_mse"": 0.7129555102717325, ""self_sse"": 15876930.3125}, {""fraction_total_self_sse"": 0.8125900301146834, ""region"": ""SILHOUETTE_0_1PX"", ""rgb_scalars"": 28327269, ""self_mse"": 0.6588977567869321, ""self_sse"": 18664774.0}, {""fraction_total_self_sse"": 0.127535831507428, ""region"": ""SILHOUETTE_1_2PX"", ""rgb_scalars"": 4450329, ""self_mse"": 0.658250724623393, ""self_sse"": 2929432.2890625}, {""fraction_total_self_sse"": 0.050474055081232094, ""region"": ""SILHOUETTE_2_4PX"", ""rgb_scalars"": 2029425, ""self_mse"": 0.5712766027476994, ""self_sse"": 1159363.01953125}, {""fraction_total_self_sse"": 0.009092589811754318, ""region"": ""SILHOUETTE_4_8PX"", ""rgb_scalars"": 1240932, ""self_mse"": 0.16830261417174752, ""self_sse"": 208852.099609375}, {""fraction_total_self_sse"": 0.0003074071269797161, ""region"": ""INTERIOR_GT_8PX"", ""rgb_scalars"": 7746, ""self_mse"": 0.91156509165043, ""self_sse"": 7060.983199924231}]",,,0.10197620081018519,,1.0745691655176985,,,,,,,0.18461841222190073,22969484.375
,,,,,,,,,,0.09927163124717087,211,,,,,,CONTINUOUS_KERNEL_MONTE_CARLO,,0.0976318059642006,1.2116039213643319e-06,,,,0.09949257261436138,,6.888516975308642,0.4305323169849537,,,,,,,,,"[1080, 1920]",,,,,,,,,,support_xor,,,0.036233047013052,,"[{""fraction_total_self_sse"": 0.9993352235285015, ""region"": ""FOREGROUND"", ""rgb_scalars"": 34580745, ""self_mse"": 0.0976318059642006, ""self_sse"": 3376180.5859375}, {""fraction_total_self_sse"": 0.0011971720741841255, ""region"": ""SILHOUETTE_0_1PX"", ""rgb_scalars"": 491691, ""self_mse"": 0.008225812231213915, ""self_sse"": 4044.5578417778015}, {""fraction_total_self_sse"": 0.001228512578663373, ""region"": ""SILHOUETTE_1_2PX"", ""rgb_scalars"": 479982, ""self_mse"": 0.008647073082207593, ""self_sse"": 4150.439432144165}, {""fraction_total_self_sse"": 0.00933978450486461, ""region"": ""SILHOUETTE_2_4PX"", ""rgb_scalars"": 1015389, ""self_mse"": 0.031075553634705363, ""self_sse"": 31553.775329589844}, {""fraction_total_self_sse"": 0.03139293807011997, ""region"": ""SILHOUETTE_4_8PX"", ""rgb_scalars"": 2037096, ""self_mse"": 0.05206368938844193, ""self_sse"": 106058.7333984375}, {""fraction_total_self_sse"": 0.9568416130484562, ""region"": ""INTERIOR_GT_8PX"", ""rgb_scalars"": 32491059, ""self_mse"": 0.09949257261436138, ""self_sse"": 3232619.046875}]",,,0.0001554542824074074,,0.00021163925218498856,,,,,,,0.02715427665553466,3378426.484375
,,,,,,,,,,,,,,,,,,,,,,,,,,,,0.5927187867086013,,,,,,,,"[256, 256]",,,,,,,,,,threshold,,0.00019618578759642938,,,,,0.0009063720703125,,0.8765143556414415,,,,0.1,,,,,
,,,,,,,,,,,,,,,,,,,,,,,,,,,,0.591647890598201,,,,,,,,"[256, 256]",,,,,,,,,,threshold,,0.00013884410800528711,,,,,0.00077667236328125,,0.8136139029507329,,,,0.05,,,,,
,,,,,,,,,,,,,,,,,,,,,,,,,,,,0.5903299477962448,,,,,,,,"[256, 256]",,,,,,,,,,threshold,,0.000113392016889217,,,,,0.000678253173828125,,0.7565980534771511,,,,0.02,,,,,
,,,,,,,,,,,,,,,,,,,,,,,,,,,,0.5895008848696422,,,,,,,,"[256, 256]",,,,,,,,,,threshold,,0.0001086933557720234,,,,,0.000637054443359375,,0.7330516355558553,,,,0.01,,,,,
,,,,,,,,,,,,,,,,,,,,,,,,,,,,0.588789373028007,,,,,,,,"[256, 256]",,,,,,,,,,threshold,,0.00010386922464628393,,,,,0.00059814453125,,0.7088876991211387,,,,0.005,,,,,
,,,,,,,,,,,,,,,,,,,,,,,,,,,,0.582794477434139,,,,,,,,"[256, 256]",,,,,,,,,,threshold,,0.0001696312899487869,,,,,0.001096343994140625,,0.7576133758869935,,,,0.0,,,,,
,,,,,,,,,,,,,,,,,,,,,,,,,,,,0.5990178302312773,,,,,,,,"[512, 512]",,,,,,,,,,threshold,,0.0006180503754876554,,,,,0.0014238357543945312,,0.9850578687991863,,,,0.1,,,,,
,,,,,,,,,,,,,,,,,,,,,,,,,,,,0.5994654539992359,,,,,,,,"[512, 512]",,,,,,,,,,threshold,,0.0002094379925741426,,,,,0.0006221771240234375,,0.9544764571036132,,,,0.05,,,,,
,,,,,,,,,,,,,,,,,,,,,,,,,,,,0.5991565723873178,,,,,,,,"[512, 512]",,,,,,,,,,threshold,,7.140389316191431e-05,,,,,0.00033473968505859375,,0.8611371839939134,,,,0.02,,,,,
,,,,,,,,,,,,,,,,,,,,,,,,,,,,0.5987558995707458,,,,,,,,"[512, 512]",,,,,,,,,,threshold,,4.8732594586908816e-05,,,,,0.000295257568359375,,0.7917408581730926,,,,0.01,,,,,
,,,,,,,,,,,,,,,,,,,,,,,,,,,,0.598365469337859,,,,,,,,"[512, 512]",,,,,,,,,,threshold,,4.484643820129956e-05,,,,,0.0002925872802734375,,0.7689533712575582,,,,0.005,,,,,
,,,,,,,,,,,,,,,,,,,,,,,,,,,,0.5951027802626462,,,,,,,,"[512, 512]",,,,,,,,,,threshold,,6.738463331809422e-05,,,,,0.0005096435546875,,0.8109911284716785,,,,0.0,,,,,
,,,,,,,,,,,,,,,,,,,,,,,,,,,,0.6021247284736485,,,,,,,,"[540, 960]",,,,,,,,,,threshold,,0.00022328985080797485,,,,,0.0005712770061728395,,0.977510223193053,,,,0.1,,,,,
,,,,,,,,,,,,,,,,,,,,,,,,,,,,0.6020729470850505,,,,,,,,"[540, 960]",,,,,,,,,,threshold,,5.8779517073690154e-05,,,,,0.0002631172839506173,,0.9121638542832536,,,,0.05,,,,,
,,,,,,,,,,,,,,,,,,,,,,,,,,,,0.6016209849120727,,,,,,,,"[540, 960]",,,,,,,,,,threshold,,2.953255759099874e-05,,,,,0.00020061728395061727,,0.8200382871854021,,,,0.02,,,,,
,,,,,,,,,,,,,,,,,,,,,,,,,,,,0.6012889028434408,,,,,,,,"[540, 960]",,,,,,,,,,threshold,,2.6744569402663305e-05,,,,,0.00018942901234567902,,0.7976739443977905,,,,0.01,,,,,
,,,,,,,,,,,,,,,,,,,,,,,,,,,,0.6009908137554776,,,,,,,,"[540, 960]",,,,,,,,,,threshold,,2.6266572222788148e-05,,,,,0.00019155092592592593,,0.7908736535669321,,,,0.005,,,,,
,,,,,,,,,,,,,,,,,,,,,,,,,,,,0.5985599351461288,,,,,,,,"[540, 960]",,,,,,,,,,threshold,,4.2574222931646026e-05,,,,,0.00033950617283950616,,0.8473597648708546,,,,0.0,,,,,
,,,,,,,,,,,,,,,,,,,,,,,,,,,,0.6030655995869785,,,,,,,,"[1080, 1920]",,,,,,,,,,threshold,,0.0011907788637734245,,,,,0.0022405960648148146,,0.997810865952407,,,,0.1,,,,,
,,,,,,,,,,,,,,,,,,,,,,,,,,,,0.6048972903361234,,,,,,,,"[1080, 1920]",,,,,,,,,,threshold,,0.0003430082876495864,,,,,0.0006904899691358025,,0.9922898843694254,,,,0.05,,,,,
,,,,,,,,,,,,,,,,,,,,,,,,,,,,0.6052797428922008,,,,,,,,"[1080, 1920]",,,,,,,,,,threshold,,8.404134759687102e-05,,,,,0.00022477816358024692,,0.9681491156012105,,,,0.02,,,,,
,,,,,,,,,,,,,,,,,,,,,,,,,,,,0.605235143279876,,,,,,,,"[1080, 1920]",,,,,,,,,,threshold,,3.843184637189402e-05,,,,,0.00013956404320987655,,0.9298671628306722,,,,0.01,,,,,
,,,,,,,,,,,,,,,,,,,,,,,,,,,,0.6051318502573008,,,,,,,,"[1080, 1920]",,,,,,,,,,threshold,,2.2844724142502364e-05,,,,,0.00011009837962962963,,0.8813627124915822,,,,0.005,,,,,
,,,,,,,,,,,,,,,,,,,,,,,,,,,,0.6039198599671802,,,,,,,,"[1080, 1920]",,,,,,,,,,threshold,,1.8756727193608696e-05,,,,,0.0001554542824074074,,0.8455654985779869,,,,0.0,,,,,
40985,0.02911529541015625,0.010423024495442709,,0,,,,,,,,,,,,,LEGACY_GATED_NORMALIZED_SPLAT,,,,,,,,,,,,,,,,,,,"[256, 256]",,,,,,101,,,True,clamp,,,,,,,,,,,,,,,,,,
40985,0.02911529541015625,0.010423024495442709,,0,,,,,,,,,,,,,UNGATED_NORMALIZED_SPLAT,,,,,,,,,,,,,,,,,,,"[256, 256]",,,,,,101,,,True,clamp,,,,,,,,,,,,,,,,,,
354345,0.12018508911132812,0.09011459350585938,,0,,,,,,,,,,,,,HARD_BIN_MONTE_CARLO,,,,,,,,,,,,,,,,,,,"[256, 256]",,,,,,101,,,False,clamp,,,,,,,,,,,,,,,,,,
309241,0.13287429809570311,0.07864405314127604,,0,,,,,,,,,,,,,CONTINUOUS_KERNEL_MONTE_CARLO,,,,,,,,,,,,,,,,,,,"[256, 256]",,,,,,101,,,False,clamp,,,,,,,,,,,,,,,,,,
167534,0.029651641845703125,0.010651524861653645,,0,,,,,,,,,,,,,LEGACY_GATED_NORMALIZED_SPLAT,,,,,,,,,,,,,,,,,,,"[512, 512]",,,,,,101,,,True,clamp,,,,,,,,,,,,,,,,,,
167534,0.029651641845703125,0.010651524861653645,,0,,,,,,,,,,,,,UNGATED_NORMALIZED_SPLAT,,,,,,,,,,,,,,,,,,,"[512, 512]",,,,,,101,,,True,clamp,,,,,,,,,,,,,,,,,,
1278110,0.10658454895019531,0.08126004536946614,,0,,,,,,,,,,,,,HARD_BIN_MONTE_CARLO,,,,,,,,,,,,,,,,,,,"[512, 512]",,,,,,101,,,False,clamp,,,,,,,,,,,,,,,,,,
1239517,0.12208099365234375,0.07880636850992838,,0,,,,,,,,,,,,,CONTINUOUS_KERNEL_MONTE_CARLO,,,,,,,,,,,,,,,,,,,"[512, 512]",,,,,,101,,,False,clamp,,,,,,,,,,,,,,,,,,
332305,0.029733603395061727,0.010683674125514403,,0,,,,,,,,,,,,,LEGACY_GATED_NORMALIZED_SPLAT,,,,,,,,,,,,,,,,,,,"[540, 960]",,,,,,101,,,True,clamp,,,,,,,,,,,,,,,,,,
332305,0.029733603395061727,0.010683674125514403,,0,,,,,,,,,,,,,UNGATED_NORMALIZED_SPLAT,,,,,,,,,,,,,,,,,,,"[540, 960]",,,,,,101,,,True,clamp,,,,,,,,,,,,,,,,,,
2343807,0.10075231481481481,0.07535387731481481,,0,,,,,,,,,,,,,HARD_BIN_MONTE_CARLO,,,,,,,,,,,,,,,,,,,"[540, 960]",,,,,,101,,,False,clamp,,,,,,,,,,,,,,,,,,
2236157,0.10852594521604939,0.07189290766460905,,0,,,,,,,,,,,,,CONTINUOUS_KERNEL_MONTE_CARLO,,,,,,,,,,,,,,,,,,,"[540, 960]",,,,,,101,,,False,clamp,,,,,,,,,,,,,,,,,,
1334920,0.02984548611111111,0.01072948816872428,,0,,,,,,,,,,,,,LEGACY_GATED_NORMALIZED_SPLAT,,,,,,,,,,,,,,,,,,,"[1080, 1920]",,,,,,101,,,True,clamp,,,,,,,,,,,,,,,,,,
1334920,0.02984548611111111,0.01072948816872428,,0,,,,,,,,,,,,,UNGATED_NORMALIZED_SPLAT,,,,,,,,,,,,,,,,,,,"[1080, 1920]",,,,,,101,,,True,clamp,,,,,,,,,,,,,,,,,,
8624227,0.09298206018518519,0.06931766814557613,,0,,,,,,,,,,,,,HARD_BIN_MONTE_CARLO,,,,,,,,,,,,,,,,,,,"[1080, 1920]",,,,,,101,,,False,clamp,,,,,,,,,,,,,,,,,,
7523039,0.09158779417438272,0.06046681295010288,,0,,,,,,,,,,,,,CONTINUOUS_KERNEL_MONTE_CARLO,,,,,,,,,,,,,,,,,,,"[1080, 1920]",,,,,,101,,,False,clamp,,,,,,,,,,,,,,,,,,
,,,,,,,,,,,,,,439437.1650390625,,,LEGACY_GATED_NORMALIZED_SPLAT,,,,,,0.00033915226669817766,,0.005692305384824673,,,,0.0010403623047750444,,,,,,,"[256, 256]",,0.03225464780113161,,,,common_seed_101,,,,fixed_geometry,,,,0.006028613044696235,,,,,,,447485.857421875,,,,,,,
,,,,,,,,,,,,,,443799.0810546875,,,UNGATED_NORMALIZED_SPLAT,,,,,,0.0003464895813566206,,0.006098904646933079,,,,0.001075898939355587,,,,,,,"[256, 256]",,0.03280089845348123,,,,common_seed_101,,,,fixed_geometry,,,,0.00623149160913507,,,,,,,452867.44921875,,,,,,,
,,,,,,,,,,,,,,1381018.0859375,,,HARD_BIN_MONTE_CARLO,,,,,,0.0,,0.058431063095728555,,,,0.05081693629423777,,,,,,,"[256, 256]",,0.22542612158806657,,,,common_seed_101,,,,fixed_geometry,,,,0.14143248235746536,,,,,,,1321708.7890625,,,,,,,
,,,,,,,,,,,,,,974184.041015625,,,CONTINUOUS_KERNEL_MONTE_CARLO,,,,,,0.008984687987184594,,0.01706601238499085,,,,0.004712811624631286,,,,,,,"[256, 256]",,0.06864992079115086,,,,common_seed_101,,,,fixed_geometry,,,,0.017095310214361673,,,,,,,924424.111328125,,,,,,,
,,,,,,,,,,,,,,1750970.17578125,,,LEGACY_GATED_NORMALIZED_SPLAT,,,,,,0.0004599930056610908,,0.006151580608760318,,,,0.001224471360910684,,,,,,,"[512, 512]",,0.034992447198083816,,,,common_seed_101,,,,fixed_geometry,,,,0.010591817719051896,,,,,,,1785290.484375,,,,,,,
,,,,,,,,,,,,,,1760028.0390625,,,UNGATED_NORMALIZED_SPLAT,,,,,,0.0004790009417005704,,0.006246852766101559,,,,0.0011093402844077596,,,,,,,"[512, 512]",,0.033306760340924176,,,,common_seed_101,,,,fixed_geometry,,,,0.01227732004228225,,,,,,,1797595.8125,,,,,,,
,,,,,,,,,,,,,,7244272.28125,,,HARD_BIN_MONTE_CARLO,,,,,,1.0141435857020118,,0.09341016486287117,,,,0.1403421272834142,,,,,,,"[512, 512]",,0.37462264651701743,,,,common_seed_101,,,,fixed_geometry,,,,0.4436090297818099,,,,,,,6943289.140625,,,,,,,
,,,,,,,,,,,,,,4407858.171875,,,CONTINUOUS_KERNEL_MONTE_CARLO,,,,,,0.030420085970374183,,0.030494541426499686,,,,0.014005822129547596,,,,,,,"[512, 512]",,0.11834619609242875,,,,common_seed_101,,,,fixed_geometry,,,,0.08089406243248054,,,,,,,4179123.671875,,,,,,,
,,,,,,,,,,,,,,3462315.4453125,,,LEGACY_GATED_NORMALIZED_SPLAT,,,,,,0.00048548393813678477,,0.006221180323220084,,,,0.0012678306524645645,,,,,,,"[540, 960]",,0.03560660967383113,,,,common_seed_101,,,,fixed_geometry,,,,0.01627861459444629,,,,,,,3530616.359375,,,,,,,
,,,,,,,,,,,,,,3473213.6640625,,,UNGATED_NORMALIZED_SPLAT,,,,,,0.0005486744240212592,,0.006292992689972552,,,,0.0011589057494583443,,,,,,,"[540, 960]",,0.03404270479057656,,,,common_seed_101,,,,fixed_geometry,,,,0.016619765944110708,,,,,,,3548201.1171875,,,,,,,
,,,,,,,,,,,,,,17950257.4375,,,HARD_BIN_MONTE_CARLO,,,,,,1.6989339961165977,,0.11916415945296426,,,,0.27040237188143,,,,,,,"[540, 960]",,0.5200022806502198,,,,common_seed_101,,,,fixed_geometry,,,,0.8839529737335855,,,,,,,17251295.0,,,,,,,
,,,,,,,,,,,,,,9624840.5,,,CONTINUOUS_KERNEL_MONTE_CARLO,,,,,,0.07270881920430132,,0.042318299972471385,,,,0.028645439995659723,,,,,,,"[540, 960]",,0.16924963809609675,,,,common_seed_101,,,,fixed_geometry,,,,0.16824593288695827,,,,,,,9137275.875,,,,,,,
,,,,,,,,,,,,,,13813103.28125,,,LEGACY_GATED_NORMALIZED_SPLAT,,,,,,0.0007206449593608487,,0.006629084740156009,,,,0.0016174042156203783,,,,,,,"[1080, 1920]",,0.04021696427653856,,,,common_seed_101,,,,fixed_geometry,,,,0.018250905206091295,,,,,,,14060813.90625,,,,,,,
,,,,,,,,,,,,,,13854595.375,,,UNGATED_NORMALIZED_SPLAT,,,,,,0.0009253772290099726,,0.006357308972519612,,,,0.001293238779154334,,,,,,,"[1080, 1920]",,0.035961629261677425,,,,common_seed_101,,,,fixed_geometry,,,,0.03251191831717498,,,,,,,14148152.0,,,,,,,
,,,,,,,,,,,,,,160737122.5,,,HARD_BIN_MONTE_CARLO,,,,,,8.880198125380002,,0.17494023779095935,,,,1.202832316583076,,,,,,,"[1080, 1920]",,1.0967371228252814,,,,common_seed_101,,,,fixed_geometry,,,,4.149550577834443,,,,,,,155795276.0,,,,,,,
,,,,,,,,,,,,,,60902685.75,,,CONTINUOUS_KERNEL_MONTE_CARLO,,,,,,0.5132241572981663,,0.07868038500876093,,,,0.16310952922051827,,,,,,,"[1080, 1920]",,0.40386820773677923,,,,common_seed_101,,,,fixed_geometry,,,,0.899129657604771,,,,,,,58245916.875,,,,,,,
,,,,,,,,,,,,,,439383.7822265625,,,LEGACY_GATED_NORMALIZED_SPLAT,,,,,,0.0003508232676330618,,0.0057396366881827515,,,,0.0010614052046245585,,,,,,,"[256, 256]",,0.03257921430336463,,,,heldout_seed_211,,,,fixed_geometry,,,,0.006042023389080058,,,,,,,447515.56640625,,,,,,,
,,,,,,,,,,,,,,443800.6181640625,,,UNGATED_NORMALIZED_SPLAT,,,,,,0.0003497497404666833,,0.0061299029737710954,,,,0.0010848357536209126,,,,,,,"[256, 256]",,0.032936844925112556,,,,heldout_seed_211,,,,fixed_geometry,,,,0.006281654464838582,,,,,,,452907.85546875,,,,,,,
,,,,,,,,,,,,,,1401857.92578125,,,HARD_BIN_MONTE_CARLO,,,,,,0.0,,0.05890005851785342,,,,0.05231203647951285,,,,,,,"[256, 256]",,0.22871824693170603,,,,heldout_seed_211,,,,fixed_geometry,,,,0.1456214247697623,,,,,,,1342899.97265625,,,,,,,
,,,,,,,,,,,,,,979426.84765625,,,CONTINUOUS_KERNEL_MONTE_CARLO,,,,,,0.009105828956831681,,0.017366128414869307,,,,0.004840636532753706,,,,,,,"[256, 256]",,0.06957468313081783,,,,heldout_seed_211,,,,fixed_geometry,,,,0.01772540919236852,,,,,,,929040.609375,,,,,,,
,,,,,,,,,,,,,,1751325.1796875,,,LEGACY_GATED_NORMALIZED_SPLAT,,,,,,0.00046348487762299236,,0.006148873285079996,,,,0.0012183042495356252,,,,,,,"[512, 512]",,0.034904215354819614,,,,heldout_seed_211,,,,fixed_geometry,,,,0.010834779484285045,,,,,,,1785890.171875,,,,,,,
,,,,,,,,,,,,,,1759963.59765625,,,UNGATED_NORMALIZED_SPLAT,,,,,,0.00047763921154227927,,0.0062465160619467495,,,,0.0011085234912267576,,,,,,,"[512, 512]",,0.03329449641046937,,,,heldout_seed_211,,,,fixed_geometry,,,,0.012265435919979436,,,,,,,1797618.1953125,,,,,,,
,,,,,,,,,,,,,,7175682.109375,,,HARD_BIN_MONTE_CARLO,,,,,,0.6898171151125873,,0.0929535061120987,,,,0.1382383222381274,,,,,,,"[512, 512]",,0.3718041449985831,,,,heldout_seed_211,,,,fixed_geometry,,,,0.4369964517014728,,,,,,,6873630.46875,,,,,,,
,,,,,,,,,,,,,,4392227.890625,,,CONTINUOUS_KERNEL_MONTE_CARLO,,,,,,0.028818009117366705,,0.030135406305392583,,,,0.013739370182156563,,,,,,,"[512, 512]",,0.1172150595365483,,,,heldout_seed_211,,,,fixed_geometry,,,,0.08244709524718102,,,,,,,4163924.125,,,,,,,
,,,,,,,,,,,,,,3462464.4140625,,,LEGACY_GATED_NORMALIZED_SPLAT,,,,,,0.0004764353767135587,,0.0062249665593904725,,,,0.001268470075395372,,,,,,,"[540, 960]",,0.03561558753404711,,,,heldout_seed_211,,,,fixed_geometry,,,,0.01667030336581198,,,,,,,3530692.859375,,,,,,,
,,,,,,,,,,,,,,3473229.3515625,,,UNGATED_NORMALIZED_SPLAT,,,,,,0.0005475733064730057,,0.006297343108879686,,,,0.0011589796945391368,,,,,,,"[540, 960]",,0.03404379083679044,,,,heldout_seed_211,,,,fixed_geometry,,,,0.016603871356405255,,,,,,,3548299.390625,,,,,,,
,,,,,,,,,,,,,,17990584.125,,,HARD_BIN_MONTE_CARLO,,,,,,2.1755433112290046,,0.11914018795814044,,,,0.2710713292502572,,,,,,,"[540, 960]",,0.5206451087355544,,,,heldout_seed_211,,,,fixed_geometry,,,,0.8861083733395729,,,,,,,17295083.125,,,,,,,
,,,,,,,,,,,,,,9630298.1875,,,CONTINUOUS_KERNEL_MONTE_CARLO,,,,,,0.07230731293170889,,0.04223366166730967,,,,0.028661149389949847,,,,,,,"[540, 960]",,0.1692960406800757,,,,heldout_seed_211,,,,fixed_geometry,,,,0.16999381735613048,,,,,,,9142791.53125,,,,,,,
,,,,,,,,,,,,,,13816233.0625,,,LEGACY_GATED_NORMALIZED_SPLAT,,,,,,0.0007156151941773956,,0.006607645827556343,,,,0.0016020691679338368,,,,,,,"[1080, 1920]",,0.0400258562423571,,,,heldout_seed_211,,,,fixed_geometry,,,,0.01888849213786464,,,,,,,14063344.78125,,,,,,,
,,,,,,,,,,,,,,13854616.71875,,,UNGATED_NORMALIZED_SPLAT,,,,,,0.0009033381014807077,,0.00635992585484383,,,,0.0012956833525449652,,,,,,,"[1080, 1920]",,0.035995601850017246,,,,heldout_seed_211,,,,fixed_geometry,,,,0.03278792685463382,,,,,,,14147791.3125,,,,,,,
,,,,,,,,,,,,,,160740363.5,,,HARD_BIN_MONTE_CARLO,,,,,,4.697076722156194,,0.17485714457947532,,,,1.2025937379436729,,,,,,,"[1080, 1920]",,1.096628349963502,,,,heldout_seed_211,,,,fixed_geometry,,,,4.149547177589612,,,,,,,155820408.0,,,,,,,
,,,,,,,,,,,,,,60885707.125,,,CONTINUOUS_KERNEL_MONTE_CARLO,,,,,,0.5141945545254656,,0.0787908561298386,,,,0.16308023686664094,,,,,,,"[1080, 1920]",,0.40383194136502,,,,heldout_seed_211,,,,fixed_geometry,,,,0.890612187402939,,,,,,,58237392.875,,,,,,,
,,,,,deep_interior,,0.20950378477573395,0.20985832810401917,0.2095518559217453,,,,,,,0.01,,,,,,,,,,,,,,,,17,,,"{""all_pixels"": {""analytic_vs_frozen"": {""analytic_norm"": 1423.9615752274292, ""cosine_similarity"": 0.9749448369664325, ""finite_difference_norm"": 1201.0877833104673, ""relative_error"": 0.3063352603403362, ""sign_agreement"": 0.9925147182506308}, ""analytic_vs_full"": {""analytic_norm"": 1423.9615752274292, ""cosine_similarity"": 0.9592975920395733, ""finite_difference_norm"": 1208.911991367101, ""relative_error"": 0.35711259746517454, ""sign_agreement"": 0.9838519764507989}, ""frozen_vs_full"": {""analytic_norm"": 1201.0877833104673, ""cosine_similarity"": 0.9869452956667769, ""finite_difference_norm"": 1208.911991367101, ""relative_error"": 0.16119030351003802, ""sign_agreement"": 0.9908341742347797}, ""scalars"": 786432}, ""interior_gt8px"": {""analytic_vs_frozen"": {""analytic_norm"": 451.49370257811773, ""cosine_similarity"": 0.9707062628939841, ""finite_difference_norm"": 365.745720553883, ""relative_error"": 0.3567751679817501, ""sign_agreement"": 0.946360153256705}, ""analytic_vs_full"": {""analytic_norm"": 451.49370257811773, ""cosine_similarity"": 0.956098713936858, ""finite_difference_norm"": 367.7204423186111, ""relative_error"": 0.3996329667270598, ""sign_agreement"": 0.9348659003831418}, ""frozen_vs_full"": {""analytic_norm"": 365.745720553883, ""cosine_similarity"": 0.9910348541066107, ""finite_difference_norm"": 367.7204423186111, ""relative_error"": 0.1336519427028141, ""sign_agreement"": 0.9578544061302682}, ""scalars"": 618}, ""silhouette_0_2px"": {""analytic_vs_frozen"": {""analytic_norm"": 1053.6029372641478, ""cosine_similarity"": 0.987806590945478, ""finite_difference_norm"": 925.9990318604638, ""relative_error"": 0.21618640792716426, ""sign_agreement"": 0.9928832007655044}, ""analytic_vs_full"": {""analytic_norm"": 1053.6029372641478, ""cosine_similarity"": 0.9833033101749483, ""finite_difference_norm"": 930.3712332619391, ""relative_error"": 0.23528839479484728, ""sign_agreement"": 0.9863644518868488}, ""frozen_vs_full"": {""analytic_norm"": 925.9990318604638, ""cosine_similarity"": 0.9954589417558928, ""finite_difference_norm"": 930.3712332619391, ""relative_error"": 0.0951920183387088, ""sign_agreement"": 0.9934816409520392}, ""scalars"": 160380}, ""support_switch_pixels"": {""analytic_vs_frozen"": {""analytic_norm"": 1.1813419011757171, ""cosine_similarity"": 0.985882914237509, ""finite_difference_norm"": 3.4835299652734406, ""relative_error"": 0.6680826789533411, ""sign_agreement"": 0.7142857142857142}, ""analytic_vs_full"": {""analytic_norm"": 1.1813419011757171, ""cosine_similarity"": 0.985882914237509, ""finite_difference_norm"": 3.4835299652734406, ""relative_error"": 0.6680826789533411, ""sign_agreement"": 0.7142857142857142}, ""frozen_vs_full"": {""analytic_norm"": 3.4835299652734406, ""cosine_similarity"": 1.0, ""finite_difference_norm"": 3.4835299652734406, ""relative_error"": 0.0, ""sign_agreement"": 1.0}, ""scalars"": 45}}",,,,,,"{""analytic_norm"": 1423.9615752274292, ""cosine_similarity"": 0.06278068708199212, ""finite_difference_norm"": 1369.3200316538566, ""relative_error"": 1.3967207434460598, ""sign_agreement"": 0.5771376989988511}",,,,,gradient,,,,,,5.7220458984375e-05,,,,,,,,0.16119030351003802,,0.000152587890625,,
,,,,,deep_interior,,0.20960955321788788,0.2099645584821701,0.2095518559217453,,,,,,,0.003,,,,,,,,,,,,,,,,17,,,"{""all_pixels"": {""analytic_vs_frozen"": {""analytic_norm"": 1423.9615752274292, ""cosine_similarity"": 0.9996940538832098, ""finite_difference_norm"": 1399.6564464696935, ""relative_error"": 0.030398410402854924, ""sign_agreement"": 0.9972232740123691}, ""analytic_vs_full"": {""analytic_norm"": 1423.9615752274292, ""cosine_similarity"": 0.9865414525431818, ""finite_difference_norm"": 1400.7970040052141, ""relative_error"": 0.1662398200566321, ""sign_agreement"": 0.9928478270015567}, ""frozen_vs_full"": {""analytic_norm"": 1399.6564464696935, ""cosine_similarity"": 0.9876046680535199, ""finite_difference_norm"": 1400.7970040052141, ""relative_error"": 0.1573885058792741, ""sign_agreement"": 0.9955415352260779}, ""scalars"": 786432}, ""interior_gt8px"": {""analytic_vs_frozen"": {""analytic_norm"": 451.49370257811773, ""cosine_similarity"": 0.9997076238717467, ""finite_difference_norm"": 442.47464234759644, ""relative_error"": 0.03181426187015096, ""sign_agreement"": 1.0}, ""analytic_vs_full"": {""analytic_norm"": 451.49370257811773, ""cosine_similarity"": 0.9822992676620524, ""finite_difference_norm"": 433.42004785837065, ""relative_error"": 0.19651108459128389, ""sign_agreement"": 0.9808429118773946}, ""frozen_vs_full"": {""analytic_norm"": 442.47464234759644, ""cosine_similarity"": 0.9845016064975277, ""finite_difference_norm"": 433.42004785837065, ""relative_error"": 0.17911107585848804, ""sign_agreement"": 0.9808429118773946}, ""scalars"": 618}, ""silhouette_0_2px"": {""analytic_vs_frozen"": {""analytic_norm"": 1053.6029372641478, ""cosine_similarity"": 0.9998299277398206, ""finite_difference_norm"": 1040.8829550513892, ""relative_error"": 0.022217984399511, ""sign_agreement"": 0.9968282465589466}, ""analytic_vs_full"": {""analytic_norm"": 1053.6029372641478, ""cosine_similarity"": 0.986067056693386, ""finite_difference_norm"": 1056.4133233017371, ""relative_error"": 0.1667298173234558, ""sign_agreement"": 0.9926391382405745}, ""frozen_vs_full"": {""analytic_norm"": 1040.8829550513892, ""cosine_similarity"": 0.9862475094315272, ""finite_difference_norm"": 1056.4133233017371, ""relative_error"": 0.1652777960733703, ""sign_agreement"": 0.9958116436307066}, ""scalars"": 160380}, ""support_switch_pixels"": {""analytic_vs_frozen"": {""analytic_norm"": 0.010150108983793366, ""cosine_similarity"": 0.9984319269538694, ""finite_difference_norm"": 0.017685686526343752, ""relative_error"": 0.42819032528773054, ""sign_agreement"": 0.9230769230769231}, ""analytic_vs_full"": {""analytic_norm"": 0.010150108983793366, ""cosine_similarity"": 0.9984319269538694, ""finite_difference_norm"": 0.017685686526343752, ""relative_error"": 0.42819032528773054, ""sign_agreement"": 0.9230769230769231}, ""frozen_vs_full"": {""analytic_norm"": 0.017685686526343752, ""cosine_similarity"": 1.0, ""finite_difference_norm"": 0.017685686526343752, ""relative_error"": 0.0, ""sign_agreement"": 1.0}, ""scalars"": 15}}",,,,,,"{""analytic_norm"": 1423.9615752274292, ""cosine_similarity"": 0.06278068708199212, ""finite_difference_norm"": 1369.3200316538566, ""relative_error"": 1.3967207434460598, ""sign_agreement"": 0.5771376989988511}",,,,,gradient,,,,,,1.9073486328125e-05,,,,,,,,0.1573885058792741,,3.0517578125e-05,,
,,,,,deep_interior,,0.2095763087272644,0.2099645584821701,0.2095518559217453,,,,,,,0.001,,,,,,,,,,,,,,,,17,,,"{""all_pixels"": {""analytic_vs_frozen"": {""analytic_norm"": 1423.9615752274292, ""cosine_similarity"": 0.9999601769091352, ""finite_difference_norm"": 1421.7432689242257, ""relative_error"": 0.009066691808621845, ""sign_agreement"": 0.9981487714574218}, ""analytic_vs_full"": {""analytic_norm"": 1423.9615752274292, ""cosine_similarity"": 0.9285294176942284, ""finite_difference_norm"": 1512.2820364077136, ""relative_error"": 0.37148876895035304, ""sign_agreement"": 0.9931843998485422}, ""frozen_vs_full"": {""analytic_norm"": 1421.7432689242257, ""cosine_similarity"": 0.9286573397247226, ""finite_difference_norm"": 1512.2820364077136, ""relative_error"": 0.37111614213044897, ""sign_agreement"": 0.9949533181932879}, ""scalars"": 786432}, ""interior_gt8px"": {""analytic_vs_frozen"": {""analytic_norm"": 451.49370257811773, ""cosine_similarity"": 0.999980991505783, ""finite_difference_norm"": 450.8608185589533, ""relative_error"": 0.006327779549330508, ""sign_agreement"": 1.0}, ""analytic_vs_full"": {""analytic_norm"": 451.49370257811773, ""cosine_similarity"": 0.9831890312526086, ""finite_difference_norm"": 440.38371608119877, ""relative_error"": 0.18736755606447333, ""sign_agreement"": 0.9808429118773946}, ""frozen_vs_full"": {""analytic_norm"": 450.8608185589533, ""cosine_similarity"": 0.9834625189301557, ""finite_difference_norm"": 440.38371608119877, ""relative_error"": 0.1855474280697157, ""sign_agreement"": 0.9808429118773946}, ""scalars"": 618}, ""silhouette_0_2px"": {""analytic_vs_frozen"": {""analytic_norm"": 1053.6029372641478, ""cosine_similarity"": 0.9999670954687478, ""finite_difference_norm"": 1052.7960746326676, ""relative_error"": 0.008151494777333412, ""sign_agreement"": 0.9979053204859656}, ""analytic_vs_full"": {""analytic_norm"": 1053.6029372641478, ""cosine_similarity"": 0.8958063609811588, ""finite_difference_norm"": 1178.578253221564, ""relative_error"": 0.4444483875097056, ""sign_agreement"": 0.993715961457897}, ""frozen_vs_full"": {""analytic_norm"": 1052.7960746326676, ""cosine_similarity"": 0.8958408794088613, ""finite_difference_norm"": 1178.578253221564, ""relative_error"": 0.4443823754554108, ""sign_agreement"": 0.995811142361319}, ""scalars"": 160380}, ""support_switch_pixels"": {""analytic_vs_frozen"": {""analytic_norm"": 0.00041723948197095996, ""cosine_similarity"": 0.9999999994433041, ""finite_difference_norm"": 0.0005621139429489631, ""relative_error"": 0.25773148610972574, ""sign_agreement"": 1.0}, ""analytic_vs_full"": {""analytic_norm"": 0.00041723948197095996, ""cosine_similarity"": 0.9999999994433041, ""finite_difference_norm"": 0.0005621139429489631, ""relative_error"": 0.25773148610972574, ""sign_agreement"": 1.0}, ""frozen_vs_full"": {""analytic_norm"": 0.0005621139429489631, ""cosine_similarity"": 1.0, ""finite_difference_norm"": 0.0005621139429489631, ""relative_error"": 0.0, ""sign_agreement"": 1.0}, ""scalars"": 3}}",,,,,,"{""analytic_norm"": 1423.9615752274292, ""cosine_similarity"": 0.06278068708199212, ""finite_difference_norm"": 1369.3200316538566, ""relative_error"": 1.3967207434460598, ""sign_agreement"": 0.5771376989988511}",,,,,gradient,,,,,,3.814697265625e-06,,,,,,,,0.37111614213044897,,3.0517578125e-05,,
,,,,,deep_interior,,0.22173427045345306,0.22072409093379974,0.2095518559217453,,,,,,,0.0003,,,,,,,,,,,,,,,,17,,,"{""all_pixels"": {""analytic_vs_frozen"": {""analytic_norm"": 1423.9615752274292, ""cosine_similarity"": 0.9999694222614856, ""finite_difference_norm"": 1424.3398736730308, ""relative_error"": 0.0078236676463255, ""sign_agreement"": 0.9827250507477526}, ""analytic_vs_full"": {""analytic_norm"": 1423.9615752274292, ""cosine_similarity"": 0.7267404556461319, ""finite_difference_norm"": 1940.7381726861195, ""relative_error"": 0.6869476304063447, ""sign_agreement"": 0.9803701859229746}, ""frozen_vs_full"": {""analytic_norm"": 1424.3398736730308, ""cosine_similarity"": 0.7267689908448297, ""finite_difference_norm"": 1940.7381726861195, ""relative_error"": 0.6869191521703271, ""sign_agreement"": 0.9540916594607343}, ""scalars"": 786432}, ""interior_gt8px"": {""analytic_vs_frozen"": {""analytic_norm"": 451.49370257811773, ""cosine_similarity"": 0.9999876575049791, ""finite_difference_norm"": 451.64478154281477, ""relative_error"": 0.004978817988514962, ""sign_agreement"": 0.9961832061068702}, ""analytic_vs_full"": {""analytic_norm"": 451.49370257811773, ""cosine_similarity"": 0.9832826058596515, ""finite_difference_norm"": 440.9945230377632, ""relative_error"": 0.18654120527128304, ""sign_agreement"": 0.9660377358490566}, ""frozen_vs_full"": {""analytic_norm"": 451.64478154281477, ""cosine_similarity"": 0.9833298757691713, ""finite_difference_norm"": 440.9945230377632, ""relative_error"": 0.18635633216007103, ""sign_agreement"": 0.9560439560439561}, ""scalars"": 618}, ""silhouette_0_2px"": {""analytic_vs_frozen"": {""analytic_norm"": 1053.6029372641478, ""cosine_similarity"": 0.9999748670599058, ""finite_difference_norm"": 1054.2208478917457, ""relative_error"": 0.007111959392257546, ""sign_agreement"": 0.9922051648220874}, ""analytic_vs_full"": {""analytic_norm"": 1053.6029372641478, ""cosine_similarity"": 0.6555392087882769, ""finite_difference_norm"": 1623.024789512603, ""relative_error"": 0.755188081705294, ""sign_agreement"": 0.9902305355334485}, ""frozen_vs_full"": {""analytic_norm"": 1054.2208478917457, ""cosine_similarity"": 0.6555565926626646, ""finite_difference_norm"": 1623.024789512603, ""relative_error"": 0.7551700095823429, ""sign_agreement"": 0.9797049046480435}, ""scalars"": 160380}, ""support_switch_pixels"": {""analytic_vs_frozen"": {""analytic_norm"": 0.0, ""cosine_similarity"": 0.0, ""finite_difference_norm"": 0.0, ""relative_error"": 0.0, ""sign_agreement"": 1.0}, ""analytic_vs_full"": {""analytic_norm"": 0.0, ""cosine_similarity"": 0.0, ""finite_difference_norm"": 0.0, ""relative_error"": 0.0, ""sign_agreement"": 1.0}, ""frozen_vs_full"": {""analytic_norm"": 0.0, ""cosine_similarity"": 0.0, ""finite_difference_norm"": 0.0, ""relative_error"": 0.0, ""sign_agreement"": 1.0}, ""scalars"": 0}}",,,,,,"{""analytic_norm"": 1423.9615752274292, ""cosine_similarity"": 0.06278068708199212, ""finite_difference_norm"": 1369.3200316538566, ""relative_error"": 1.3967207434460598, ""sign_agreement"": 0.5771376989988511}",,,,,gradient,,,,,,0.0,,,,,,,,0.6869191521703271,,1.52587890625e-05,,
,,,,,deep_interior,,0.376861572265625,0.37129905819892883,0.2095518559217453,,,,,,,0.0001,,,,,,,,,,,,,,,,17,,,"{""all_pixels"": {""analytic_vs_frozen"": {""analytic_norm"": 1423.9615752274292, ""cosine_similarity"": 0.9999712020578059, ""finite_difference_norm"": 1424.3870110216199, ""relative_error"": 0.007593937802440074, ""sign_agreement"": 0.7436596758519076}, ""analytic_vs_full"": {""analytic_norm"": 1423.9615752274292, ""cosine_similarity"": 0.33620411401855405, ""finite_difference_norm"": 4227.825678324763, ""relative_error"": 0.9417893380537842, ""sign_agreement"": 0.7472478805516892}, ""frozen_vs_full"": {""analytic_norm"": 1424.3870110216199, ""cosine_similarity"": 0.3362087862337201, ""finite_difference_norm"": 4227.825678324763, ""relative_error"": 0.941787736453913, ""sign_agreement"": 0.674404494974808}, ""scalars"": 786432}, ""interior_gt8px"": {""analytic_vs_frozen"": {""analytic_norm"": 451.49370257811773, ""cosine_similarity"": 0.9999882196502702, ""finite_difference_norm"": 451.7236737660573, ""relative_error"": 0.004879332390757807, ""sign_agreement"": 0.8557377049180328}, ""analytic_vs_full"": {""analytic_norm"": 451.49370257811773, ""cosine_similarity"": 0.9832854218762194, ""finite_difference_norm"": 441.06077138084765, ""relative_error"": 0.18649240149870583, ""sign_agreement"": 0.839344262295082}, ""frozen_vs_full"": {""analytic_norm"": 451.7236737660573, ""cosine_similarity"": 0.9833188952613268, ""finite_difference_norm"": 441.06077138084765, ""relative_error"": 0.186422153615285, ""sign_agreement"": 0.796969696969697}, ""scalars"": 618}, ""silhouette_0_2px"": {""analytic_vs_frozen"": {""analytic_norm"": 1053.6029372641478, ""cosine_similarity"": 0.9999759093527874, ""finite_difference_norm"": 1054.2080461901583, ""relative_error"": 0.006962981228510827, ""sign_agreement"": 0.8706005221932115}, ""analytic_vs_full"": {""analytic_norm"": 1053.6029372641478, ""cosine_similarity"": 0.28260114336965086, ""finite_difference_norm"": 3834.0945264124607, ""relative_error"": 0.9592692411381348, ""sign_agreement"": 0.8749736786691935}, ""frozen_vs_full"": {""analytic_norm"": 1054.2080461901583, ""cosine_similarity"": 0.2826089892605172, ""finite_difference_norm"": 3834.0945264124607, ""relative_error"": 0.9592657214940105, ""sign_agreement"": 0.8174267951212567}, ""scalars"": 160380}, ""support_switch_pixels"": {""analytic_vs_frozen"": {""analytic_norm"": 0.0, ""cosine_similarity"": 0.0, ""finite_difference_norm"": 0.0, ""relative_error"": 0.0, ""sign_agreement"": 1.0}, ""analytic_vs_full"": {""analytic_norm"": 0.0, ""cosine_similarity"": 0.0, ""finite_difference_norm"": 0.0, ""relative_error"": 0.0, ""sign_agreement"": 1.0}, ""frozen_vs_full"": {""analytic_norm"": 0.0, ""cosine_similarity"": 0.0, ""finite_difference_norm"": 0.0, ""relative_error"": 0.0, ""sign_agreement"": 1.0}, ""scalars"": 0}}",,,,,,"{""analytic_norm"": 1423.9615752274292, ""cosine_similarity"": 0.06278068708199212, ""finite_difference_norm"": 1369.3200316538566, ""relative_error"": 1.3967207434460598, ""sign_agreement"": 0.5771376989988511}",,,,,gradient,,,,,,0.0,,,,,,,,0.941787736453913,,1.52587890625e-05,,
,,,,,deep_interior,,0.34200188517570496,0.3356553912162781,0.2095518559217453,,,,,,,3e-05,,,,,,,,,,,,,,,,17,,,"{""all_pixels"": {""analytic_vs_frozen"": {""analytic_norm"": 1423.9615752274292, ""cosine_similarity"": 0.9999713470584909, ""finite_difference_norm"": 1424.4709314213098, ""relative_error"": 0.0075771533051366856, ""sign_agreement"": 0.6795551606523547}, ""analytic_vs_full"": {""analytic_norm"": 1423.9615752274292, ""cosine_similarity"": 0.10939009885709854, ""finite_difference_norm"": 13345.509260753995, ""relative_error"": 0.9940025375332645, ""sign_agreement"": 0.6834332377725654}, ""frozen_vs_full"": {""analytic_norm"": 1424.4709314213098, ""cosine_similarity"": 0.10938592205527616, ""finite_difference_norm"": 13345.509260753995, ""relative_error"": 0.9940028834743437, ""sign_agreement"": 0.6091133355472271}, ""scalars"": 786432}, ""interior_gt8px"": {""analytic_vs_frozen"": {""analytic_norm"": 451.49370257811773, ""cosine_similarity"": 0.9999891474285609, ""finite_difference_norm"": 451.72773699788456, ""relative_error"": 0.004686396505414507, ""sign_agreement"": 0.8285714285714286}, ""analytic_vs_full"": {""analytic_norm"": 451.49370257811773, ""cosine_similarity"": 0.9832783857483596, ""finite_difference_norm"": 441.06700961350646, ""relative_error"": 0.1865278853783334, ""sign_agreement"": 0.7975077881619937}, ""frozen_vs_full"": {""analytic_norm"": 451.72773699788456, ""cosine_similarity"": 0.9833172222223291, ""finite_difference_norm"": 441.06700961350646, ""relative_error"": 0.18643018922097238, ""sign_agreement"": 0.7556818181818182}, ""scalars"": 618}, ""silhouette_0_2px"": {""analytic_vs_frozen"": {""analytic_norm"": 1053.6029372641478, ""cosine_similarity"": 0.9999758806824302, ""finite_difference_norm"": 1054.266729200689, ""relative_error"": 0.006971706366793894, ""sign_agreement"": 0.8154290186870169}, ""analytic_vs_full"": {""analytic_norm"": 1053.6029372641478, ""cosine_similarity"": 0.0935559870247935, ""finite_difference_norm"": 12314.444242591244, ""relative_error"": 0.9956461420908723, ""sign_agreement"": 0.8172339169781625}, ""frozen_vs_full"": {""analytic_norm"": 1054.266729200689, ""cosine_similarity"": 0.09355879952483069, ""finite_difference_norm"": 12314.444242591244, ""relative_error"": 0.9956454687239524, ""sign_agreement"": 0.7553071167565687}, ""scalars"": 160380}, ""support_switch_pixels"": {""analytic_vs_frozen"": {""analytic_norm"": 0.0, ""cosine_similarity"": 0.0, ""finite_difference_norm"": 0.0, ""relative_error"": 0.0, ""sign_agreement"": 1.0}, ""analytic_vs_full"": {""analytic_norm"": 0.0, ""cosine_similarity"": 0.0, ""finite_difference_norm"": 0.0, ""relative_error"": 0.0, ""sign_agreement"": 1.0}, ""frozen_vs_full"": {""analytic_norm"": 0.0, ""cosine_similarity"": 0.0, ""finite_difference_norm"": 0.0, ""relative_error"": 0.0, ""sign_agreement"": 1.0}, ""scalars"": 0}}",,,,,,"{""analytic_norm"": 1423.9615752274292, ""cosine_similarity"": 0.06278068708199212, ""finite_difference_norm"": 1369.3200316538566, ""relative_error"": 1.3967207434460598, ""sign_agreement"": 0.5771376989988511}",,,,,gradient,,,,,,0.0,,,,,,,,0.9940028834743437,,1.52587890625e-05,,
,,,,,silhouette,,0.3488975465297699,0.3522094786167145,0.36253368854522705,,,,,,,0.01,,,,,,,,,,,,,,,,18,,,"{""all_pixels"": {""analytic_vs_frozen"": {""analytic_norm"": 3652.620002384987, ""cosine_similarity"": 0.7691983067477419, ""finite_difference_norm"": 2555.775848566758, ""relative_error"": 0.9186333427132807, ""sign_agreement"": 0.9356895806312149}, ""analytic_vs_full"": {""analytic_norm"": 3652.620002384987, ""cosine_similarity"": 0.7348271569666094, ""finite_difference_norm"": 2683.140322264708, ""relative_error"": 0.92332323498757, ""sign_agreement"": 0.9363369245837414}, ""frozen_vs_full"": {""analytic_norm"": 2555.775848566758, ""cosine_similarity"": 0.9681999432938979, ""finite_difference_norm"": 2683.140322264708, ""relative_error"": 0.25066784377753576, ""sign_agreement"": 0.9793736501079914}, ""scalars"": 786432}, ""interior_gt8px"": {""analytic_vs_frozen"": {""analytic_norm"": 0.0, ""cosine_similarity"": 0.0, ""finite_difference_norm"": 1.322546625073191e-13, ""relative_error"": 1.0, ""sign_agreement"": 1.0}, ""analytic_vs_full"": {""analytic_norm"": 0.0, ""cosine_similarity"": 0.0, ""finite_difference_norm"": 1.2380044627316019e-13, ""relative_error"": 1.0, ""sign_agreement"": 1.0}, ""frozen_vs_full"": {""analytic_norm"": 1.322546625073191e-13, ""cosine_similarity"": -0.1663246787416299, ""finite_difference_norm"": 1.2380044627316019e-13, ""relative_error"": 1.5800655643787735, ""sign_agreement"": 1.0}, ""scalars"": 618}, ""silhouette_0_2px"": {""analytic_vs_frozen"": {""analytic_norm"": 3315.704744712209, ""cosine_similarity"": 0.7488883781110544, ""finite_difference_norm"": 2280.5122718935454, ""relative_error"": 0.967599917110206, ""sign_agreement"": 0.926645579153487}, ""analytic_vs_full"": {""analytic_norm"": 3315.704744712209, ""cosine_similarity"": 0.7119515017472131, ""finite_difference_norm"": 2409.173936431722, ""relative_error"": 0.9666753253937183, ""sign_agreement"": 0.9272065514103731}, ""frozen_vs_full"": {""analytic_norm"": 2280.5122718935454, ""cosine_similarity"": 0.9641830221234385, ""finite_difference_norm"": 2409.173936431722, ""relative_error"": 0.26582030478438845, ""sign_agreement"": 0.9775838724236497}, ""scalars"": 160380}, ""support_switch_pixels"": {""analytic_vs_frozen"": {""analytic_norm"": 1361.7161995733047, ""cosine_similarity"": 0.7980420637309975, ""finite_difference_norm"": 731.1372884554092, ""relative_error"": 1.2231602287575192, ""sign_agreement"": 0.6428571428571428}, ""analytic_vs_full"": {""analytic_norm"": 1361.7161995733047, ""cosine_similarity"": 0.8053110243634178, ""finite_difference_norm"": 707.3672552614498, ""relative_error"": 1.2669987899500759, ""sign_agreement"": 0.6380597014925373}, ""frozen_vs_full"": {""analytic_norm"": 731.1372884554092, ""cosine_similarity"": 0.9785939451684456, ""finite_difference_norm"": 707.3672552614498, ""relative_error"": 0.21302568940095462, ""sign_agreement"": 0.9813432835820896}, ""scalars"": 804}}",,,,,,"{""analytic_norm"": 3652.620002384987, ""cosine_similarity"": 0.44191769049505847, ""finite_difference_norm"": 3820.269616771404, ""relative_error"": 1.0339769888012782, ""sign_agreement"": 0.6334433443344334}",,,,,gradient,,,,,,0.0010223388671875,,,,,,,,0.25066784377753576,,0.0008544921875,,
,,,,,silhouette,,0.3577127754688263,0.3598662316799164,0.36253368854522705,,,,,,,0.003,,,,,,,,,,,,,,,,18,,,"{""all_pixels"": {""analytic_vs_frozen"": {""analytic_norm"": 3652.620002384987, ""cosine_similarity"": 0.9892398311572815, ""finite_difference_norm"": 3521.8061266715067, ""relative_error"": 0.15394597548269912, ""sign_agreement"": 0.9807180851063829}, ""analytic_vs_full"": {""analytic_norm"": 3652.620002384987, ""cosine_similarity"": 0.9518977382419829, ""finite_difference_norm"": 3588.4786718542227, ""relative_error"": 0.3134383428518877, ""sign_agreement"": 0.9710386151797603}, ""frozen_vs_full"": {""analytic_norm"": 3521.8061266715067, ""cosine_similarity"": 0.9611313373934228, ""finite_difference_norm"": 3588.4786718542227, ""relative_error"": 0.27683604861361033, ""sign_agreement"": 0.9853804408018606}, ""scalars"": 786432}, ""interior_gt8px"": {""analytic_vs_frozen"": {""analytic_norm"": 0.0, ""cosine_similarity"": 0.0, ""finite_difference_norm"": 4.634710200907816e-13, ""relative_error"": 1.0, ""sign_agreement"": 1.0}, ""analytic_vs_full"": {""analytic_norm"": 0.0, ""cosine_similarity"": 0.0, ""finite_difference_norm"": 3.955101894104021e-13, ""relative_error"": 1.0, ""sign_agreement"": 1.0}, ""frozen_vs_full"": {""analytic_norm"": 4.634710200907816e-13, ""cosine_similarity"": 0.098177893948272, ""finite_difference_norm"": 3.955101894104021e-13, ""relative_error"": 1.463930208468545, ""sign_agreement"": 1.0}, ""scalars"": 618}, ""silhouette_0_2px"": {""analytic_vs_frozen"": {""analytic_norm"": 3315.704744712209, ""cosine_similarity"": 0.9886083371841613, ""finite_difference_norm"": 3177.8219457732694, ""relative_error"": 0.16017017952601664, ""sign_agreement"": 0.9757688723205964}, ""analytic_vs_full"": {""analytic_norm"": 3315.704744712209, ""cosine_similarity"": 0.9454062793791704, ""finite_difference_norm"": 3234.505081183971, ""relative_error"": 0.3354977280316622, ""sign_agreement"": 0.9659197012138189}, ""frozen_vs_full"": {""analytic_norm"": 3177.8219457732694, ""cosine_similarity"": 0.9567795609088122, ""finite_difference_norm"": 3234.505081183971, ""relative_error"": 0.29194717381876273, ""sign_agreement"": 0.9832376222256713}, ""scalars"": 160380}, ""support_switch_pixels"": {""analytic_vs_frozen"": {""analytic_norm"": 104.85669000348503, ""cosine_similarity"": 0.9849556316606385, ""finite_difference_norm"": 129.31855751696102, ""relative_error"": 0.24531321578479787, ""sign_agreement"": 0.6354166666666666}, ""analytic_vs_full"": {""analytic_norm"": 104.85669000348503, ""cosine_similarity"": 0.8423157904498471, ""finite_difference_norm"": 135.1151887497719, ""relative_error"": 0.5430421041312355, ""sign_agreement"": 0.6288659793814433}, ""frozen_vs_full"": {""analytic_norm"": 129.31855751696102, ""cosine_similarity"": 0.8952417622575496, ""finite_difference_norm"": 135.1151887497719, ""relative_error"": 0.4498538152014773, ""sign_agreement"": 0.9896907216494846}, ""scalars"": 291}}",,,,,,"{""analytic_norm"": 3652.620002384987, ""cosine_similarity"": 0.44191769049505847, ""finite_difference_norm"": 3820.269616771404, ""relative_error"": 1.0339769888012782, ""sign_agreement"": 0.6334433443344334}",,,,,gradient,,,,,,0.000370025634765625,,,,,,,,0.27683604861361033,,0.0002288818359375,,
,,,,,silhouette,,0.36180227994918823,0.3635134994983673,0.36253368854522705,,,,,,,0.001,,,,,,,,,,,,,,,,18,,,"{""all_pixels"": {""analytic_vs_frozen"": {""analytic_norm"": 3652.620002384987, ""cosine_similarity"": 0.9968326313230286, ""finite_difference_norm"": 3693.361855635259, ""relative_error"": 0.07991585224136771, ""sign_agreement"": 0.9939495798319328}, ""analytic_vs_full"": {""analytic_norm"": 3652.620002384987, ""cosine_similarity"": 0.9083082353305423, ""finite_difference_norm"": 4027.835982802108, ""relative_error"": 0.4183040674079397, ""sign_agreement"": 0.9843189964157706}, ""frozen_vs_full"": {""analytic_norm"": 3693.361855635259, ""cosine_similarity"": 0.9130432363072764, ""finite_difference_norm"": 4027.835982802108, ""relative_error"": 0.4078815815434291, ""sign_agreement"": 0.990034710558728}, ""scalars"": 786432}, ""interior_gt8px"": {""analytic_vs_frozen"": {""analytic_norm"": 0.0, ""cosine_similarity"": 0.0, ""finite_difference_norm"": 1.202332323551629e-12, ""relative_error"": 1.0, ""sign_agreement"": 1.0}, ""analytic_vs_full"": {""analytic_norm"": 0.0, ""cosine_similarity"": 0.0, ""finite_difference_norm"": 1.1514383065176236e-12, ""relative_error"": 1.0, ""sign_agreement"": 1.0}, ""frozen_vs_full"": {""analytic_norm"": 1.202332323551629e-12, ""cosine_similarity"": -0.13911542572683316, ""finite_difference_norm"": 1.1514383065176236e-12, ""relative_error"": 1.543011084677468, ""sign_agreement"": 1.0}, ""scalars"": 618}, ""silhouette_0_2px"": {""analytic_vs_frozen"": {""analytic_norm"": 3315.704744712209, ""cosine_similarity"": 0.9966267432282919, ""finite_difference_norm"": 3345.6377287154187, ""relative_error"": 0.08225691363353023, ""sign_agreement"": 0.9933774834437086}, ""analytic_vs_full"": {""analytic_norm"": 3315.704744712209, ""cosine_similarity"": 0.9115068985954898, ""finite_difference_norm"": 3634.5102328685225, ""relative_error"": 0.41128551805559654, ""sign_agreement"": 0.984554767533491}, ""frozen_vs_full"": {""analytic_norm"": 3345.6377287154187, ""cosine_similarity"": 0.9167415405226295, ""finite_difference_norm"": 3634.5102328685225, ""relative_error"": 0.39949871244541796, ""sign_agreement"": 0.99070133963751}, ""scalars"": 160380}, ""support_switch_pixels"": {""analytic_vs_frozen"": {""analytic_norm"": 46.9940703877601, ""cosine_similarity"": 0.9999838839669729, ""finite_difference_norm"": 47.173636982021065, ""relative_error"": 0.006826334320871977, ""sign_agreement"": 0.7307692307692307}, ""analytic_vs_full"": {""analytic_norm"": 46.9940703877601, ""cosine_similarity"": 0.04667850107598285, ""finite_difference_norm"": 1.4908403923659104, ""relative_error"": 31.491033964739575, ""sign_agreement"": 0.7037037037037037}, ""frozen_vs_full"": {""analytic_norm"": 47.173636982021065, ""cosine_similarity"": 0.04938698501998998, ""finite_difference_norm"": 1.4908403923659104, ""relative_error"": 31.608708895736378, ""sign_agreement"": 0.9629629629629629}, ""scalars"": 81}}",,,,,,"{""analytic_norm"": 3652.620002384987, ""cosine_similarity"": 0.44191769049505847, ""finite_difference_norm"": 3820.269616771404, ""relative_error"": 1.0339769888012782, ""sign_agreement"": 0.6334433443344334}",,,,,gradient,,,,,,0.000102996826171875,,,,,,,,0.4078815815434291,,9.1552734375e-05,,
,,,,,silhouette,,0.3859952390193939,0.38682323694229126,0.36253368854522705,,,,,,,0.0003,,,,,,,,,,,,,,,,18,,,"{""all_pixels"": {""analytic_vs_frozen"": {""analytic_norm"": 3652.620002384987, ""cosine_similarity"": 0.9971681226217417, ""finite_difference_norm"": 3715.8325271121917, ""relative_error"": 0.07652974458920359, ""sign_agreement"": 0.9589366760319862}, ""analytic_vs_full"": {""analytic_norm"": 3652.620002384987, ""cosine_similarity"": 0.6756257661702807, ""finite_difference_norm"": 5347.613496490989, ""relative_error"": 0.7372820059903891, ""sign_agreement"": 0.9514226982581413}, ""frozen_vs_full"": {""analytic_norm"": 3715.8325271121917, ""cosine_similarity"": 0.6790899553093095, ""finite_difference_norm"": 5347.613496490989, ""relative_error"": 0.7342243981427989, ""sign_agreement"": 0.8942949818736882}, ""scalars"": 786432}, ""interior_gt8px"": {""analytic_vs_frozen"": {""analytic_norm"": 0.0, ""cosine_similarity"": 0.0, ""finite_difference_norm"": 4.370217990196838e-12, ""relative_error"": 1.0, ""sign_agreement"": 0.0}, ""analytic_vs_full"": {""analytic_norm"": 0.0, ""cosine_similarity"": 0.0, ""finite_difference_norm"": 3.85731497047773e-12, ""relative_error"": 1.0, ""sign_agreement"": 0.0}, ""frozen_vs_full"": {""analytic_norm"": 4.370217990196838e-12, ""cosine_similarity"": -0.1707387341490016, ""finite_difference_norm"": 3.85731497047773e-12, ""relative_error"": 1.6341670482566766, ""sign_agreement"": 0.2857142857142857}, ""scalars"": 618}, ""silhouette_0_2px"": {""analytic_vs_frozen"": {""analytic_norm"": 3315.704744712209, ""cosine_similarity"": 0.9969945037572214, ""finite_difference_norm"": 3369.9605583932735, ""relative_error"": 0.07857112206258206, ""sign_agreement"": 0.9823850350740452}, ""analytic_vs_full"": {""analytic_norm"": 3315.704744712209, ""cosine_similarity"": 0.6437541673970916, ""finite_difference_norm"": 5063.045127827982, ""relative_error"": 0.765313291494546, ""sign_agreement"": 0.9748319524777239}, ""frozen_vs_full"": {""analytic_norm"": 3369.9605583932735, ""cosine_similarity"": 0.6474684830240073, ""finite_difference_norm"": 5063.045127827982, ""relative_error"": 0.7623078768306124, ""sign_agreement"": 0.9519774011299434}, ""scalars"": 160380}, ""support_switch_pixels"": {""analytic_vs_frozen"": {""analytic_norm"": 9.821768220171586, ""cosine_similarity"": 0.9999996678450647, ""finite_difference_norm"": 9.414043756045666, ""relative_error"": 0.04331823739691741, ""sign_agreement"": 0.75}, ""analytic_vs_full"": {""analytic_norm"": 9.821768220171586, ""cosine_similarity"": 0.009121353337171595, ""finite_difference_norm"": 0.5876464002718899, ""relative_error"": 16.734519661197794, ""sign_agreement"": 0.6666666666666666}, ""frozen_vs_full"": {""analytic_norm"": 9.414043756045666, ""cosine_similarity"": 0.009132450820472487, ""finite_difference_norm"": 0.5876464002718899, ""relative_error"": 16.041975745300395, ""sign_agreement"": 0.8888888888888888}, ""scalars"": 27}}",,,,,,"{""analytic_norm"": 3652.620002384987, ""cosine_similarity"": 0.44191769049505847, ""finite_difference_norm"": 3820.269616771404, ""relative_error"": 1.0339769888012782, ""sign_agreement"": 0.6334433443344334}",,,,,gradient,,,,,,3.4332275390625e-05,,,,,,,,0.7342243981427989,,4.57763671875e-05,,
,,,,,silhouette,,0.5960338115692139,0.5941908955574036,0.36253368854522705,,,,,,,0.0001,,,,,,,,,,,,,,,,18,,,"{""all_pixels"": {""analytic_vs_frozen"": {""analytic_norm"": 3652.620002384987, ""cosine_similarity"": 0.9971751770350679, ""finite_difference_norm"": 3709.587087563684, ""relative_error"": 0.07614929227721891, ""sign_agreement"": 0.5175853018372704}, ""analytic_vs_full"": {""analytic_norm"": 3652.620002384987, ""cosine_similarity"": 0.48711512319646416, ""finite_difference_norm"": 6730.779373819188, ""relative_error"": 0.8751032297141188, ""sign_agreement"": 0.520425657700266}, ""frozen_vs_full"": {""analytic_norm"": 3709.587087563684, ""cosine_similarity"": 0.486166844494642, ""finite_difference_norm"": 6730.779373819188, ""relative_error"": 0.8762779395216173, ""sign_agreement"": 0.4635730461906593}, ""scalars"": 786432}, ""interior_gt8px"": {""analytic_vs_frozen"": {""analytic_norm"": 0.0, ""cosine_similarity"": 0.0, ""finite_difference_norm"": 1.0907093685524094e-11, ""relative_error"": 1.0, ""sign_agreement"": 0.0}, ""analytic_vs_full"": {""analytic_norm"": 0.0, ""cosine_similarity"": 0.0, ""finite_difference_norm"": 1.0493112737439653e-11, ""relative_error"": 1.0, ""sign_agreement"": 0.0}, ""frozen_vs_full"": {""analytic_norm"": 1.0907093685524094e-11, ""cosine_similarity"": -0.1777014704038901, ""finite_difference_norm"": 1.0493112737439653e-11, ""relative_error"": 1.565211264975306, ""sign_agreement"": 0.06756756756756757}, ""scalars"": 618}, ""silhouette_0_2px"": {""analytic_vs_frozen"": {""analytic_norm"": 3315.704744712209, ""cosine_similarity"": 0.9969426954849736, ""finite_difference_norm"": 3367.4136087436746, ""relative_error"": 0.0790981131729466, ""sign_agreement"": 0.7150799954612503}, ""analytic_vs_full"": {""analytic_norm"": 3315.704744712209, ""cosine_similarity"": 0.44346915890013716, ""finite_difference_norm"": 6552.922180656228, ""relative_error"": 0.8984674737321463, ""sign_agreement"": 0.7194559704933149}, ""frozen_vs_full"": {""analytic_norm"": 3367.4136087436746, ""cosine_similarity"": 0.44212222591459177, ""finite_difference_norm"": 6552.922180656228, ""relative_error"": 0.8998205769953681, ""sign_agreement"": 0.640878347076809}, ""scalars"": 160380}, ""support_switch_pixels"": {""analytic_vs_frozen"": {""analytic_norm"": 9.821768220171586, ""cosine_similarity"": 0.9999999929622383, ""finite_difference_norm"": 9.429775537348444, ""relative_error"": 0.04156984904849646, ""sign_agreement"": 1.0}, ""analytic_vs_full"": {""analytic_norm"": 9.821768220171586, ""cosine_similarity"": 0.0023290108881836753, ""finite_difference_norm"": 0.0031508555490218585, ""relative_error"": 3117.1728549230943, ""sign_agreement"": 1.0}, ""frozen_vs_full"": {""analytic_norm"": 9.429775537348444, ""cosine_similarity"": 0.0024348097165736854, ""finite_difference_norm"": 0.0031508555490218585, ""relative_error"": 2992.7644239201004, ""sign_agreement"": 1.0}, ""scalars"": 18}}",,,,,,"{""analytic_norm"": 3652.620002384987, ""cosine_similarity"": 0.44191769049505847, ""finite_difference_norm"": 3820.269616771404, ""relative_error"": 1.0339769888012782, ""sign_agreement"": 0.6334433443344334}",,,,,gradient,,,,,,2.288818359375e-05,,,,,,,,0.8762779395216173,,1.52587890625e-05,,
,,,,,silhouette,,0.5010810494422913,0.5011903047561646,0.36253368854522705,,,,,,,3e-05,,,,,,,,,,,,,,,,18,,,"{""all_pixels"": {""analytic_vs_frozen"": {""analytic_norm"": 3652.620002384987, ""cosine_similarity"": 0.9973320395658563, ""finite_difference_norm"": 3713.422151270236, ""relative_error"": 0.07427413987280154, ""sign_agreement"": 0.4264161821938212}, ""analytic_vs_full"": {""analytic_norm"": 3652.620002384987, ""cosine_similarity"": 0.1233126020538055, ""finite_difference_norm"": 19832.65122307572, ""relative_error"": 0.9942323040381718, ""sign_agreement"": 0.4262382475525831}, ""frozen_vs_full"": {""analytic_norm"": 3713.422151270236, ""cosine_similarity"": 0.12039573398237034, ""finite_difference_norm"": 19832.65122307572, ""relative_error"": 0.9949737334027513, ""sign_agreement"": 0.3933256776977416}, ""scalars"": 786432}, ""interior_gt8px"": {""analytic_vs_frozen"": {""analytic_norm"": 0.0, ""cosine_similarity"": 0.0, ""finite_difference_norm"": 4.563755294433274e-11, ""relative_error"": 1.0, ""sign_agreement"": 0.0}, ""analytic_vs_full"": {""analytic_norm"": 0.0, ""cosine_similarity"": 0.0, ""finite_difference_norm"": 3.6940876569274556e-11, ""relative_error"": 1.0, ""sign_agreement"": 0.0}, ""frozen_vs_full"": {""analytic_norm"": 4.563755294433274e-11, ""cosine_similarity"": 0.03668312051263295, ""finite_difference_norm"": 3.6940876569274556e-11, ""relative_error"": 1.5606498768982446, ""sign_agreement"": 0.064}, ""scalars"": 618}, ""silhouette_0_2px"": {""analytic_vs_frozen"": {""analytic_norm"": 3315.704744712209, ""cosine_similarity"": 0.9971413159095691, ""finite_difference_norm"": 3372.0488340222623, ""relative_error"": 0.0768181728012502, ""sign_agreement"": 0.6148292682926829}, ""analytic_vs_full"": {""analytic_norm"": 3315.704744712209, ""cosine_similarity"": 0.10042305507188559, ""finite_difference_norm"": 19772.271787618512, ""relative_error"": 0.997216466581005, ""sign_agreement"": 0.613605040362276}, ""frozen_vs_full"": {""analytic_norm"": 3372.0488340222623, ""cosine_similarity"": 0.09709076511562202, ""finite_difference_norm"": 19772.271787618512, ""relative_error"": 0.9979823693056478, ""sign_agreement"": 0.5482755972040864}, ""scalars"": 160380}, ""support_switch_pixels"": {""analytic_vs_frozen"": {""analytic_norm"": 0.0, ""cosine_similarity"": 0.0, ""finite_difference_norm"": 0.0, ""relative_error"": 0.0, ""sign_agreement"": 1.0}, ""analytic_vs_full"": {""analytic_norm"": 0.0, ""cosine_similarity"": 0.0, ""finite_difference_norm"": 0.0, ""relative_error"": 0.0, ""sign_agreement"": 1.0}, ""frozen_vs_full"": {""analytic_norm"": 0.0, ""cosine_similarity"": 0.0, ""finite_difference_norm"": 0.0, ""relative_error"": 0.0, ""sign_agreement"": 1.0}, ""scalars"": 0}}",,,,,,"{""analytic_norm"": 3652.620002384987, ""cosine_similarity"": 0.44191769049505847, ""finite_difference_norm"": 3820.269616771404, ""relative_error"": 1.0339769888012782, ""sign_agreement"": 0.6334433443344334}",,,,,gradient,,,,,,0.0,,,,,,,,0.9949737334027513,,1.52587890625e-05,,
,,,,,smooth_visible_surface,,0.4330466389656067,0.43267667293548584,0.44215914607048035,,,,,,,0.01,,,,,,,,,,,,,,,,31,,,"{""all_pixels"": {""analytic_vs_frozen"": {""analytic_norm"": 3091.8755562358083, ""cosine_similarity"": 0.8730647355336011, ""finite_difference_norm"": 2424.50682382505, ""relative_error"": 0.6320748858100605, ""sign_agreement"": 0.9482118605703939}, ""analytic_vs_full"": {""analytic_norm"": 3091.8755562358083, ""cosine_similarity"": 0.7989813961239383, ""finite_difference_norm"": 2564.7251094100043, ""relative_error"": 0.725890919957981, ""sign_agreement"": 0.9241945672773216}, ""frozen_vs_full"": {""analytic_norm"": 2424.50682382505, ""cosine_similarity"": 0.8972204148908032, ""finite_difference_norm"": 2564.7251094100043, ""relative_error"": 0.44419576828637625, ""sign_agreement"": 0.9620823200936685}, ""scalars"": 786432}, ""interior_gt8px"": {""analytic_vs_frozen"": {""analytic_norm"": 2.759965764319733, ""cosine_similarity"": 0.9999999986632833, ""finite_difference_norm"": 2.680892281183018, ""relative_error"": 0.02949525752030734, ""sign_agreement"": 1.0}, ""analytic_vs_full"": {""analytic_norm"": 2.759965764319733, ""cosine_similarity"": 0.9999999986632832, ""finite_difference_norm"": 2.680892281183004, ""relative_error"": 0.02949525752031267, ""sign_agreement"": 1.0}, ""frozen_vs_full"": {""analytic_norm"": 2.680892281183018, ""cosine_similarity"": 0.9999999999999999, ""finite_difference_norm"": 2.680892281183004, ""relative_error"": 6.520199989512224e-14, ""sign_agreement"": 1.0}, ""scalars"": 618}, ""silhouette_0_2px"": {""analytic_vs_frozen"": {""analytic_norm"": 2176.308498205514, ""cosine_similarity"": 0.9159399329708242, ""finite_difference_norm"": 1800.200293973593, ""relative_error"": 0.496885027611093, ""sign_agreement"": 0.9457857452652884}, ""analytic_vs_full"": {""analytic_norm"": 2176.308498205514, ""cosine_similarity"": 0.8461464139738124, ""finite_difference_norm"": 1879.524380357189, ""relative_error"": 0.6174373968853303, ""sign_agreement"": 0.9203565267395055}, ""frozen_vs_full"": {""analytic_norm"": 1800.200293973593, ""cosine_similarity"": 0.9168546633081105, ""finite_difference_norm"": 1879.524380357189, ""relative_error"": 0.4013149530767749, ""sign_agreement"": 0.96284607660307}, ""scalars"": 160380}, ""support_switch_pixels"": {""analytic_vs_frozen"": {""analytic_norm"": 894.5820277427057, ""cosine_similarity"": 0.9038818710156394, ""finite_difference_norm"": 581.8807535992878, ""relative_error"": 0.7644211151216687, ""sign_agreement"": 0.5769230769230769}, ""analytic_vs_full"": {""analytic_norm"": 894.5820277427057, ""cosine_similarity"": 0.8935240687403161, ""finite_difference_norm"": 600.7585319992477, ""relative_error"": 0.7458622886023714, ""sign_agreement"": 0.5333333333333333}, ""frozen_vs_full"": {""analytic_norm"": 581.8807535992878, ""cosine_similarity"": 0.9905237784413439, ""finite_difference_norm"": 600.7585319992477, ""relative_error"": 0.13908384477702432, ""sign_agreement"": 0.9282051282051282}, ""scalars"": 585}}",,,,,,"{""analytic_norm"": 3091.8755562358083, ""cosine_similarity"": 0.2896507639014147, ""finite_difference_norm"": 2889.5574656986487, ""relative_error"": 1.2349388114218907, ""sign_agreement"": 0.5999639607171817}",,,,,gradient,,,,,,0.000743865966796875,,,,,,,,0.44419576828637625,,0.0016326904296875,,
,,,,,smooth_visible_surface,,0.43941348791122437,0.43846720457077026,0.44215914607048035,,,,,,,0.003,,,,,,,,,,,,,,,,31,,,"{""all_pixels"": {""analytic_vs_frozen"": {""analytic_norm"": 3091.8755562358083, ""cosine_similarity"": 0.9961926363829006, ""finite_difference_norm"": 3011.5174742547424, ""relative_error"": 0.09235761556841454, ""sign_agreement"": 0.9869052010328293}, ""analytic_vs_full"": {""analytic_norm"": 3091.8755562358083, ""cosine_similarity"": 0.854768747489957, ""finite_difference_norm"": 3487.866042120848, ""relative_error"": 0.5199760767968366, ""sign_agreement"": 0.9628266470371734}, ""frozen_vs_full"": {""analytic_norm"": 3011.5174742547424, ""cosine_similarity"": 0.8568607102866554, ""finite_difference_norm"": 3487.866042120848, ""relative_error"": 0.515589796668009, ""sign_agreement"": 0.9723447262036017}, ""scalars"": 786432}, ""interior_gt8px"": {""analytic_vs_frozen"": {""analytic_norm"": 2.759965764319733, ""cosine_similarity"": 0.9999999987397616, ""finite_difference_norm"": 2.680092152005346, ""relative_error"": 0.029802605467547726, ""sign_agreement"": 1.0}, ""analytic_vs_full"": {""analytic_norm"": 2.759965764319733, ""cosine_similarity"": 0.9999999987397618, ""finite_difference_norm"": 2.680092152005366, ""relative_error"": 0.02980260546753986, ""sign_agreement"": 1.0}, ""frozen_vs_full"": {""analytic_norm"": 2.680092152005346, ""cosine_similarity"": 1.0, ""finite_difference_norm"": 2.680092152005366, ""relative_error"": 2.411355449757855e-13, ""sign_agreement"": 1.0}, ""scalars"": 618}, ""silhouette_0_2px"": {""analytic_vs_frozen"": {""analytic_norm"": 2176.308498205514, ""cosine_similarity"": 0.9971073405139251, ""finite_difference_norm"": 2136.592399997255, ""relative_error"": 0.07898349649874084, ""sign_agreement"": 0.9844282960106776}, ""analytic_vs_full"": {""analytic_norm"": 2176.308498205514, ""cosine_similarity"": 0.8644958304983426, ""finite_difference_norm"": 2423.2951364012665, ""relative_error"": 0.503760591546799, ""sign_agreement"": 0.9574782223534624}, ""frozen_vs_full"": {""analytic_norm"": 2136.592399997255, ""cosine_similarity"": 0.8685722428972862, ""finite_difference_norm"": 2423.2951364012665, ""relative_error"": 0.49573612467810607, ""sign_agreement"": 0.9716646989374261}, ""scalars"": 160380}, ""support_switch_pixels"": {""analytic_vs_frozen"": {""analytic_norm"": 39.09893929421309, ""cosine_similarity"": 0.9929648806919792, ""finite_difference_norm"": 47.11364575683314, ""relative_error"": 0.20153306409667746, ""sign_agreement"": 0.5357142857142857}, ""analytic_vs_full"": {""analytic_norm"": 39.09893929421309, ""cosine_similarity"": 0.2684509021692214, ""finite_difference_norm"": 174.91752683654497, ""relative_error"": 0.964340289232008, ""sign_agreement"": 0.4098360655737705}, ""frozen_vs_full"": {""analytic_norm"": 47.11364575683314, ""cosine_similarity"": 0.2722321346000755, ""finite_difference_norm"": 174.91752683654497, ""relative_error"": 0.9622359297237028, ""sign_agreement"": 0.8360655737704918}, ""scalars"": 183}}",,,,,,"{""analytic_norm"": 3091.8755562358083, ""cosine_similarity"": 0.2896507639014147, ""finite_difference_norm"": 2889.5574656986487, ""relative_error"": 1.2349388114218907, ""sign_agreement"": 0.5999639607171817}",,,,,gradient,,,,,,0.000232696533203125,,,,,,,,0.515589796668009,,0.0005645751953125,,
,,,,,smooth_visible_surface,,0.4408462345600128,0.4406968057155609,0.44215914607048035,,,,,,,0.001,,,,,,,,,,,,,,,,31,,,"{""all_pixels"": {""analytic_vs_frozen"": {""analytic_norm"": 3091.8755562358083, ""cosine_similarity"": 0.9986312974952946, ""finite_difference_norm"": 3104.612937874593, ""relative_error"": 0.052373720097783856, ""sign_agreement"": 0.9943403228799406}, ""analytic_vs_full"": {""analytic_norm"": 3091.8755562358083, ""cosine_similarity"": 0.6926800999593589, ""finite_difference_norm"": 4384.122711453095, ""relative_error"": 0.721354369779347, ""sign_agreement"": 0.969584912637515}, ""frozen_vs_full"": {""analytic_norm"": 3104.612937874593, ""cosine_similarity"": 0.6924875183059896, ""finite_difference_norm"": 4384.122711453095, ""relative_error"": 0.7215998370881431, ""sign_agreement"": 0.9746975713362268}, ""scalars"": 786432}, ""interior_gt8px"": {""analytic_vs_frozen"": {""analytic_norm"": 2.759965764319733, ""cosine_similarity"": 0.9999999987543103, ""finite_difference_norm"": 2.679831179153807, ""relative_error"": 0.02990289118343273, ""sign_agreement"": 1.0}, ""analytic_vs_full"": {""analytic_norm"": 2.759965764319733, ""cosine_similarity"": 0.9999999987543103, ""finite_difference_norm"": 2.6798311791536684, ""relative_error"": 0.029902891183486064, ""sign_agreement"": 1.0}, ""frozen_vs_full"": {""analytic_norm"": 2.679831179153807, ""cosine_similarity"": 0.9999999999999999, ""finite_difference_norm"": 2.6798311791536684, ""relative_error"": 7.225778252826968e-13, ""sign_agreement"": 1.0}, ""scalars"": 618}, ""silhouette_0_2px"": {""analytic_vs_frozen"": {""analytic_norm"": 2176.308498205514, ""cosine_similarity"": 0.9986709905760326, ""finite_difference_norm"": 2185.871896931099, ""relative_error"": 0.05162878289728318, ""sign_agreement"": 0.993422036178801}, ""analytic_vs_full"": {""analytic_norm"": 2176.308498205514, ""cosine_similarity"": 0.6625836149826541, ""finite_difference_norm"": 3095.4200272945804, ""relative_error"": 0.7500815971651273, ""sign_agreement"": 0.9669888475836431}, ""frozen_vs_full"": {""analytic_norm"": 2185.871896931099, ""cosine_similarity"": 0.6645787663647192, ""finite_difference_norm"": 3095.4200272945804, ""relative_error"": 0.7483744606756652, ""sign_agreement"": 0.9735434007134363}, ""scalars"": 160380}, ""support_switch_pixels"": {""analytic_vs_frozen"": {""analytic_norm"": 9.177585998333544, ""cosine_similarity"": 0.9999213712622311, ""finite_difference_norm"": 11.54319539116345, ""relative_error"": 0.20524022271751635, ""sign_agreement"": 0.5}, ""analytic_vs_full"": {""analytic_norm"": 9.177585998333544, ""cosine_similarity"": 0.8281940899197494, ""finite_difference_norm"": 80.39508823630382, ""relative_error"": 0.9077140886845163, ""sign_agreement"": 0.25}, ""frozen_vs_full"": {""analytic_norm"": 11.54319539116345, ""cosine_similarity"": 0.8285900311779556, ""finite_difference_norm"": 80.39508823630382, ""relative_error"": 0.8846898516715093, ""sign_agreement"": 0.6428571428571428}, ""scalars"": 84}}",,,,,,"{""analytic_norm"": 3091.8755562358083, ""cosine_similarity"": 0.2896507639014147, ""finite_difference_norm"": 2889.5574656986487, ""relative_error"": 1.2349388114218907, ""sign_agreement"": 0.5999639607171817}",,,,,gradient,,,,,,0.0001068115234375,,,,,,,,0.7215998370881431,,0.000274658203125,,
,,,,,smooth_visible_surface,,0.4567085802555084,0.45765620470046997,0.44215914607048035,,,,,,,0.0003,,,,,,,,,,,,,,,,31,,,"{""all_pixels"": {""analytic_vs_frozen"": {""analytic_norm"": 3091.8755562358083, ""cosine_similarity"": 0.998820843136467, ""finite_difference_norm"": 3105.2651450651692, ""relative_error"": 0.048649125251613475, ""sign_agreement"": 0.969603763343586}, ""analytic_vs_full"": {""analytic_norm"": 3091.8755562358083, ""cosine_similarity"": 0.6689098804046496, ""finite_difference_norm"": 4532.797267748468, ""relative_error"": 0.7434607378411356, ""sign_agreement"": 0.9573989011978745}, ""frozen_vs_full"": {""analytic_norm"": 3105.2651450651692, ""cosine_similarity"": 0.6703258142513686, ""finite_difference_norm"": 4532.797267748468, ""relative_error"": 0.7422132947218267, ""sign_agreement"": 0.9116339235184736}, ""scalars"": 786432}, ""interior_gt8px"": {""analytic_vs_frozen"": {""analytic_norm"": 2.759965764319733, ""cosine_similarity"": 0.999999998758796, ""finite_difference_norm"": 2.6797401977910718, ""relative_error"": 0.029937857789825374, ""sign_agreement"": 0.5}, ""analytic_vs_full"": {""analytic_norm"": 2.759965764319733, ""cosine_similarity"": 0.9999999987587957, ""finite_difference_norm"": 2.6797401977907467, ""relative_error"": 0.02993785778995084, ""sign_agreement"": 1.0}, ""frozen_vs_full"": {""analytic_norm"": 2.6797401977910718, ""cosine_similarity"": 1.0000000000000002, ""finite_difference_norm"": 2.6797401977907467, ""relative_error"": 2.4136260941959057e-12, ""sign_agreement"": 0.4117647058823529}, ""scalars"": 618}, ""silhouette_0_2px"": {""analytic_vs_frozen"": {""analytic_norm"": 2176.308498205514, ""cosine_similarity"": 0.9988453821823312, ""finite_difference_norm"": 2184.3203753120347, ""relative_error"": 0.04810633118098571, ""sign_agreement"": 0.9847362181387077}, ""analytic_vs_full"": {""analytic_norm"": 2176.308498205514, ""cosine_similarity"": 0.653793311259561, ""finite_difference_norm"": 3180.300611229036, ""relative_error"": 0.7572882652074425, ""sign_agreement"": 0.9722591117013428}, ""frozen_vs_full"": {""analytic_norm"": 2184.3203753120347, ""cosine_similarity"": 0.655344344100076, ""finite_difference_norm"": 3180.300611229036, ""relative_error"": 0.7559861297754451, ""sign_agreement"": 0.951665027399185}, ""scalars"": 160380}, ""support_switch_pixels"": {""analytic_vs_frozen"": {""analytic_norm"": 0.0, ""cosine_similarity"": 0.0, ""finite_difference_norm"": 2.5457493360862482e-05, ""relative_error"": 1.0, ""sign_agreement"": 0.0}, ""analytic_vs_full"": {""analytic_norm"": 0.0, ""cosine_similarity"": 0.0, ""finite_difference_norm"": 2.5457493360862482e-05, ""relative_error"": 1.0, ""sign_agreement"": 0.0}, ""frozen_vs_full"": {""analytic_norm"": 2.5457493360862482e-05, ""cosine_similarity"": 1.0, ""finite_difference_norm"": 2.5457493360862482e-05, ""relative_error"": 0.0, ""sign_agreement"": 1.0}, ""scalars"": 12}}",,,,,,"{""analytic_norm"": 3091.8755562358083, ""cosine_similarity"": 0.2896507639014147, ""finite_difference_norm"": 2889.5574656986487, ""relative_error"": 1.2349388114218907, ""sign_agreement"": 0.5999639607171817}",,,,,gradient,,,,,,1.52587890625e-05,,,,,,,,0.7422132947218267,,4.57763671875e-05,,
,,,,,smooth_visible_surface,,0.6162803173065186,0.610109269618988,0.44215914607048035,,,,,,,0.0001,,,,,,,,,,,,,,,,31,,,"{""all_pixels"": {""analytic_vs_frozen"": {""analytic_norm"": 3091.8755562358083, ""cosine_similarity"": 0.9987826775929884, ""finite_difference_norm"": 3098.85994147872, ""relative_error"": 0.04933799086761775, ""sign_agreement"": 0.575092557815099}, ""analytic_vs_full"": {""analytic_norm"": 3091.8755562358083, ""cosine_similarity"": 0.4145366928985853, ""finite_difference_norm"": 7196.160145925977, ""relative_error"": 0.9101581910949873, ""sign_agreement"": 0.5720350368101456}, ""frozen_vs_full"": {""analytic_norm"": 3098.85994147872, ""cosine_similarity"": 0.41706971824006056, ""finite_difference_norm"": 7196.160145925977, ""relative_error"": 0.9089756028481806, ""sign_agreement"": 0.5119570915836593}, ""scalars"": 786432}, ""interior_gt8px"": {""analytic_vs_frozen"": {""analytic_norm"": 2.759965764319733, ""cosine_similarity"": 0.99999999876002, ""finite_difference_norm"": 2.6797142387538098, ""relative_error"": 0.0299478349895897, ""sign_agreement"": 0.08333333333333333}, ""analytic_vs_full"": {""analytic_norm"": 2.759965764319733, ""cosine_similarity"": 0.99999999876002, ""finite_difference_norm"": 2.6797142387538098, ""relative_error"": 0.0299478349895897, ""sign_agreement"": 0.0625}, ""frozen_vs_full"": {""analytic_norm"": 2.6797142387538098, ""cosine_similarity"": 0.9999999999999999, ""finite_difference_norm"": 2.6797142387538098, ""relative_error"": 5.733787155590934e-12, ""sign_agreement"": 0.11538461538461538}, ""scalars"": 618}, ""silhouette_0_2px"": {""analytic_vs_frozen"": {""analytic_norm"": 2176.308498205514, ""cosine_similarity"": 0.9988239685118518, ""finite_difference_norm"": 2181.732802047585, ""relative_error"": 0.048501510940876465, ""sign_agreement"": 0.7318281938325991}, ""analytic_vs_full"": {""analytic_norm"": 2176.308498205514, ""cosine_similarity"": 0.37729865941682866, ""finite_difference_norm"": 5205.74418420731, ""relative_error"": 0.9269882046243901, ""sign_agreement"": 0.7368773732410095}, ""frozen_vs_full"": {""analytic_norm"": 2181.732802047585, ""cosine_similarity"": 0.38016968748185337, ""finite_difference_norm"": 5205.74418420731, ""relative_error"": 0.9257357392560293, ""sign_agreement"": 0.6614309061194843}, ""scalars"": 160380}, ""support_switch_pixels"": {""analytic_vs_frozen"": {""analytic_norm"": 0.0, ""cosine_similarity"": 0.0, ""finite_difference_norm"": 3.642725178588835e-07, ""relative_error"": 1.0, ""sign_agreement"": 0.0}, ""analytic_vs_full"": {""analytic_norm"": 0.0, ""cosine_similarity"": 0.0, ""finite_difference_norm"": 3.642725178588835e-07, ""relative_error"": 1.0, ""sign_agreement"": 0.0}, ""frozen_vs_full"": {""analytic_norm"": 3.642725178588835e-07, ""cosine_similarity"": 1.0, ""finite_difference_norm"": 3.642725178588835e-07, ""relative_error"": 0.0, ""sign_agreement"": 1.0}, ""scalars"": 9}}",,,,,,"{""analytic_norm"": 3091.8755562358083, ""cosine_similarity"": 0.2896507639014147, ""finite_difference_norm"": 2889.5574656986487, ""relative_error"": 1.2349388114218907, ""sign_agreement"": 0.5999639607171817}",,,,,gradient,,,,,,1.1444091796875e-05,,,,,,,,0.9089756028481806,,1.52587890625e-05,,
,,,,,smooth_visible_surface,,0.5245591402053833,0.5241401195526123,0.44215914607048035,,,,,,,3e-05,,,,,,,,,,,,,,,,31,,,"{""all_pixels"": {""analytic_vs_frozen"": {""analytic_norm"": 3091.8755562358083, ""cosine_similarity"": 0.9987884815673983, ""finite_difference_norm"": 3098.0690819076553, ""relative_error"": 0.049215744049915265, ""sign_agreement"": 0.49413936317489615}, ""analytic_vs_full"": {""analytic_norm"": 3091.8755562358083, ""cosine_similarity"": 0.12946597213525657, ""finite_difference_norm"": 21953.008884116243, ""relative_error"": 0.9916491036922119, ""sign_agreement"": 0.4786228622862286}, ""frozen_vs_full"": {""analytic_norm"": 3098.0690819076553, ""cosine_similarity"": 0.1316642246640498, ""finite_difference_norm"": 21953.008884116243, ""relative_error"": 0.9913394956971511, ""sign_agreement"": 0.4268436082647405}, ""scalars"": 786432}, ""interior_gt8px"": {""analytic_vs_frozen"": {""analytic_norm"": 2.759965764319733, ""cosine_similarity"": 0.9999999987604428, ""finite_difference_norm"": 2.679705157701224, ""relative_error"": 0.029951325283347718, ""sign_agreement"": 0.03529411764705882}, ""analytic_vs_full"": {""analytic_norm"": 2.759965764319733, ""cosine_similarity"": 0.9999999987604428, ""finite_difference_norm"": 2.6797051577058206, ""relative_error"": 0.02995132528158195, ""sign_agreement"": 0.03658536585365854}, ""frozen_vs_full"": {""analytic_norm"": 2.679705157701224, ""cosine_similarity"": 1.0000000000000002, ""finite_difference_norm"": 2.6797051577058206, ""relative_error"": 2.2804579653374548e-11, ""sign_agreement"": 0.11267605633802817}, ""scalars"": 618}, ""silhouette_0_2px"": {""analytic_vs_frozen"": {""analytic_norm"": 2176.308498205514, ""cosine_similarity"": 0.9988399204948845, ""finite_difference_norm"": 2181.1822509783296, ""relative_error"": 0.048166041021399146, ""sign_agreement"": 0.6472996685513746}, ""analytic_vs_full"": {""analytic_norm"": 2176.308498205514, ""cosine_similarity"": 0.10038928756054359, ""finite_difference_norm"": 16090.300258245517, ""relative_error"": 0.9955589754405281, ""sign_agreement"": 0.6217924528301887}, ""frozen_vs_full"": {""analytic_norm"": 2181.1822509783296, ""cosine_similarity"": 0.10272826000077454, ""finite_difference_norm"": 16090.300258245517, ""relative_error"": 0.9952510993794699, ""sign_agreement"": 0.5506950740404957}, ""scalars"": 160380}, ""support_switch_pixels"": {""analytic_vs_frozen"": {""analytic_norm"": 0.0, ""cosine_similarity"": 0.0, ""finite_difference_norm"": 0.0, ""relative_error"": 0.0, ""sign_agreement"": 1.0}, ""analytic_vs_full"": {""analytic_norm"": 0.0, ""cosine_similarity"": 0.0, ""finite_difference_norm"": 0.0, ""relative_error"": 0.0, ""sign_agreement"": 1.0}, ""frozen_vs_full"": {""analytic_norm"": 0.0, ""cosine_similarity"": 0.0, ""finite_difference_norm"": 0.0, ""relative_error"": 0.0, ""sign_agreement"": 1.0}, ""scalars"": 0}}",,,,,,"{""analytic_norm"": 3091.8755562358083, ""cosine_similarity"": 0.2896507639014147, ""finite_difference_norm"": 2889.5574656986487, ""relative_error"": 1.2349388114218907, ""sign_agreement"": 0.5999639607171817}",,,,,gradient,,,,,,0.0,,,,,,,,0.9913394956971511,,1.52587890625e-05,,
,,,,,occlusion_boundary,,0.4203273057937622,0.42114362120628357,0.4356904923915863,,,,,,,0.01,,,,,,,,,,,,,,,,8,,,"{""all_pixels"": {""analytic_vs_frozen"": {""analytic_norm"": 3054.7317250256747, ""cosine_similarity"": 0.7579339535162383, ""finite_difference_norm"": 2287.7497148954385, ""relative_error"": 0.8711124865495483, ""sign_agreement"": 0.9263494405508422}, ""analytic_vs_full"": {""analytic_norm"": 3054.7317250256747, ""cosine_similarity"": 0.6645686307229264, ""finite_difference_norm"": 2490.8029685892516, ""relative_error"": 0.9348839333683555, ""sign_agreement"": 0.9011706715958102}, ""frozen_vs_full"": {""analytic_norm"": 2287.7497148954385, ""cosine_similarity"": 0.8861051351755642, ""finite_difference_norm"": 2490.8029685892516, ""relative_error"": 0.4646135420052823, ""sign_agreement"": 0.9514348785871964}, ""scalars"": 786432}, ""interior_gt8px"": {""analytic_vs_frozen"": {""analytic_norm"": 0.0, ""cosine_similarity"": 0.0, ""finite_difference_norm"": 1.1048322944015667e-13, ""relative_error"": 1.0, ""sign_agreement"": 1.0}, ""analytic_vs_full"": {""analytic_norm"": 0.0, ""cosine_similarity"": 0.0, ""finite_difference_norm"": 1.279243008089485e-13, ""relative_error"": 1.0, ""sign_agreement"": 1.0}, ""frozen_vs_full"": {""analytic_norm"": 1.1048322944015667e-13, ""cosine_similarity"": -0.009947499673566604, ""finite_difference_norm"": 1.279243008089485e-13, ""relative_error"": 1.3278150685627215, ""sign_agreement"": 1.0}, ""scalars"": 618}, ""silhouette_0_2px"": {""analytic_vs_frozen"": {""analytic_norm"": 2565.6101087395905, ""cosine_similarity"": 0.7316395343645022, ""finite_difference_norm"": 1882.444109757337, ""relative_error"": 0.9290917591949107, ""sign_agreement"": 0.9132104454685099}, ""analytic_vs_full"": {""analytic_norm"": 2565.6101087395905, ""cosine_similarity"": 0.6409822852476208, ""finite_difference_norm"": 2062.408904484148, ""relative_error"": 0.9760924843664038, ""sign_agreement"": 0.8880568356374808}, ""frozen_vs_full"": {""analytic_norm"": 1882.444109757337, ""cosine_similarity"": 0.8894264312500526, ""finite_difference_norm"": 2062.408904484148, ""relative_error"": 0.45767255612711977, ""sign_agreement"": 0.9489678899082569}, ""scalars"": 160380}, ""support_switch_pixels"": {""analytic_vs_frozen"": {""analytic_norm"": 1177.3962484328836, ""cosine_similarity"": 0.7934553650531583, ""finite_difference_norm"": 590.855352447569, ""relative_error"": 1.3448462204308989, ""sign_agreement"": 0.5720720720720721}, ""analytic_vs_full"": {""analytic_norm"": 1177.3962484328836, ""cosine_similarity"": 0.7353975327388291, ""finite_difference_norm"": 654.1124473508937, ""relative_error"": 1.261962297852146, ""sign_agreement"": 0.5663716814159292}, ""frozen_vs_full"": {""analytic_norm"": 590.855352447569, ""cosine_similarity"": 0.9315368936428999, ""finite_difference_norm"": 654.1124473508937, ""relative_error"": 0.36474199059780943, ""sign_agreement"": 0.9690265486725663}, ""scalars"": 678}}",,,,,,"{""analytic_norm"": 3054.7317250256747, ""cosine_similarity"": 0.39306074642260835, ""finite_difference_norm"": 3182.929028018572, ""relative_error"": 1.0800971733316969, ""sign_agreement"": 0.5974819704192642}",,,,,gradient,,,,,,0.00086212158203125,,,,,,,,0.4646135420052823,,0.0016632080078125,,
,,,,,occlusion_boundary,,0.430660605430603,0.43143218755722046,0.4356904923915863,,,,,,,0.003,,,,,,,,,,,,,,,,8,,,"{""all_pixels"": {""analytic_vs_frozen"": {""analytic_norm"": 3054.7317250256747, ""cosine_similarity"": 0.9840194422569825, ""finite_difference_norm"": 3008.3251505810945, ""relative_error"": 0.1808096022768563, ""sign_agreement"": 0.9778113968734242}, ""analytic_vs_full"": {""analytic_norm"": 3054.7317250256747, ""cosine_similarity"": 0.877474855320569, ""finite_difference_norm"": 3304.790774712571, ""relative_error"": 0.4819063115813755, ""sign_agreement"": 0.9566755083996462}, ""frozen_vs_full"": {""analytic_norm"": 3008.3251505810945, ""cosine_similarity"": 0.8892570853159343, ""finite_difference_norm"": 3304.790774712571, ""relative_error"": 0.45789115607368425, ""sign_agreement"": 0.9682001005530416}, ""scalars"": 786432}, ""interior_gt8px"": {""analytic_vs_frozen"": {""analytic_norm"": 0.0, ""cosine_similarity"": 0.0, ""finite_difference_norm"": 4.965930222707357e-13, ""relative_error"": 1.0, ""sign_agreement"": 1.0}, ""analytic_vs_full"": {""analytic_norm"": 0.0, ""cosine_similarity"": 0.0, ""finite_difference_norm"": 4.376334463435221e-13, ""relative_error"": 1.0, ""sign_agreement"": 1.0}, ""frozen_vs_full"": {""analytic_norm"": 4.965930222707357e-13, ""cosine_similarity"": -0.07404652776446556, ""finite_difference_norm"": 4.376334463435221e-13, ""relative_error"": 1.5670489648063197, ""sign_agreement"": 1.0}, ""scalars"": 618}, ""silhouette_0_2px"": {""analytic_vs_frozen"": {""analytic_norm"": 2565.6101087395905, ""cosine_similarity"": 0.9828453516402629, ""finite_difference_norm"": 2559.6899405864147, ""relative_error"": 0.18545618913469666, ""sign_agreement"": 0.9737783075089392}, ""analytic_vs_full"": {""analytic_norm"": 2565.6101087395905, ""cosine_similarity"": 0.8660285051027615, ""finite_difference_norm"": 2791.325384388313, ""relative_error"": 0.5028072473432468, ""sign_agreement"": 0.9454040103236053}, ""frozen_vs_full"": {""analytic_norm"": 2559.6899405864147, ""cosine_similarity"": 0.8830137259791034, ""finite_difference_norm"": 2791.325384388313, ""relative_error"": 0.47057721149776144, ""sign_agreement"": 0.9608540925266904}, ""scalars"": 160380}, ""support_switch_pixels"": {""analytic_vs_frozen"": {""analytic_norm"": 128.1235718020539, ""cosine_similarity"": 0.9923405458575786, ""finite_difference_norm"": 110.07941256876542, ""relative_error"": 0.21142272604811985, ""sign_agreement"": 0.5172413793103449}, ""analytic_vs_full"": {""analytic_norm"": 128.1235718020539, ""cosine_similarity"": 0.9874762929265666, ""finite_difference_norm"": 120.19383888930734, ""relative_error"": 0.1762173240211648, ""sign_agreement"": 0.48275862068965514}, ""frozen_vs_full"": {""analytic_norm"": 110.07941256876542, ""cosine_similarity"": 0.9948186229673948, ""finite_difference_norm"": 120.19383888930734, ""relative_error"": 0.12873267507615455, ""sign_agreement"": 0.9655172413793103}, ""scalars"": 174}}",,,,,,"{""analytic_norm"": 3054.7317250256747, ""cosine_similarity"": 0.39306074642260835, ""finite_difference_norm"": 3182.929028018572, ""relative_error"": 1.0800971733316969, ""sign_agreement"": 0.5974819704192642}",,,,,gradient,,,,,,0.00022125244140625,,,,,,,,0.45789115607368425,,0.0004730224609375,,
,,,,,occlusion_boundary,,0.4330277442932129,0.4334736466407776,0.4356904923915863,,,,,,,0.001,,,,,,,,,,,,,,,,8,,,"{""all_pixels"": {""analytic_vs_frozen"": {""analytic_norm"": 3054.7317250256747, ""cosine_similarity"": 0.9916080037668775, ""finite_difference_norm"": 3112.4474043367645, ""relative_error"": 0.12967891102679605, ""sign_agreement"": 0.9895594601476954}, ""analytic_vs_full"": {""analytic_norm"": 3054.7317250256747, ""cosine_similarity"": 0.7880868984800599, ""finite_difference_norm"": 3804.3616481635804, ""relative_error"": 0.6157435382806716, ""sign_agreement"": 0.9684839242597535}, ""frozen_vs_full"": {""analytic_norm"": 3112.4474043367645, ""cosine_similarity"": 0.793949979919727, ""finite_difference_norm"": 3804.3616481635804, ""relative_error"": 0.6084635668731763, ""sign_agreement"": 0.9764019284445573}, ""scalars"": 786432}, ""interior_gt8px"": {""analytic_vs_frozen"": {""analytic_norm"": 0.0, ""cosine_similarity"": 0.0, ""finite_difference_norm"": 1.3675079436698004e-12, ""relative_error"": 1.0, ""sign_agreement"": 1.0}, ""analytic_vs_full"": {""analytic_norm"": 0.0, ""cosine_similarity"": 0.0, ""finite_difference_norm"": 1.3777505409863063e-12, ""relative_error"": 1.0, ""sign_agreement"": 1.0}, ""frozen_vs_full"": {""analytic_norm"": 1.3675079436698004e-12, ""cosine_similarity"": -0.16396245093226117, ""finite_difference_norm"": 1.3777505409863063e-12, ""relative_error"": 1.5200900306556522, ""sign_agreement"": 1.0}, ""scalars"": 618}, ""silhouette_0_2px"": {""analytic_vs_frozen"": {""analytic_norm"": 2565.6101087395905, ""cosine_similarity"": 0.990198318396227, ""finite_difference_norm"": 2656.396474107873, ""relative_error"": 0.14177948579047317, ""sign_agreement"": 0.9867310012062726}, ""analytic_vs_full"": {""analytic_norm"": 2565.6101087395905, ""cosine_similarity"": 0.7619951472857458, ""finite_difference_norm"": 3334.265379185601, ""relative_error"": 0.6476258466348713, ""sign_agreement"": 0.9553285256410257}, ""frozen_vs_full"": {""analytic_norm"": 2656.396474107873, ""cosine_similarity"": 0.7680547424014977, ""finite_difference_norm"": 3334.265379185601, ""relative_error"": 0.6410243710945515, ""sign_agreement"": 0.965993198639728}, ""scalars"": 160380}, ""support_switch_pixels"": {""analytic_vs_frozen"": {""analytic_norm"": 1.2725581279745688, ""cosine_similarity"": 0.9506498999566099, ""finite_difference_norm"": 1.6773267440887116, ""relative_error"": 0.3648510977125371, ""sign_agreement"": 0.43478260869565216}, ""analytic_vs_full"": {""analytic_norm"": 1.2725581279745688, ""cosine_similarity"": 0.049359263406388056, ""finite_difference_norm"": 16.444476950127033, ""relative_error"": 0.9991742154380754, ""sign_agreement"": 0.2962962962962963}, ""frozen_vs_full"": {""analytic_norm"": 1.6773267440887116, ""cosine_similarity"": 0.04261326290542435, ""finite_difference_norm"": 16.444476950127033, ""relative_error"": 1.0008550458623424, ""sign_agreement"": 0.7777777777777777}, ""scalars"": 81}}",,,,,,"{""analytic_norm"": 3054.7317250256747, ""cosine_similarity"": 0.39306074642260835, ""finite_difference_norm"": 3182.929028018572, ""relative_error"": 1.0800971733316969, ""sign_agreement"": 0.5974819704192642}",,,,,gradient,,,,,,0.000102996826171875,,,,,,,,0.6084635668731763,,0.0001678466796875,,
,,,,,occlusion_boundary,,0.45717093348503113,0.45693573355674744,0.4356904923915863,,,,,,,0.0003,,,,,,,,,,,,,,,,8,,,"{""all_pixels"": {""analytic_vs_frozen"": {""analytic_norm"": 3054.7317250256747, ""cosine_similarity"": 0.9948855073783875, ""finite_difference_norm"": 3085.919291003922, ""relative_error"": 0.10113232148449783, ""sign_agreement"": 0.955880545655647}, ""analytic_vs_full"": {""analytic_norm"": 3054.7317250256747, ""cosine_similarity"": 0.46073693357192386, ""finite_difference_norm"": 6446.687015910426, ""relative_error"": 0.887633541952873, ""sign_agreement"": 0.9393605292171996}, ""frozen_vs_full"": {""analytic_norm"": 3085.919291003922, ""cosine_similarity"": 0.4615334866712559, ""finite_difference_norm"": 6446.687015910426, ""relative_error"": 0.8872885356401813, ""sign_agreement"": 0.8830726673050324}, ""scalars"": 786432}, ""interior_gt8px"": {""analytic_vs_frozen"": {""analytic_norm"": 0.0, ""cosine_similarity"": 0.0, ""finite_difference_norm"": 4.4404102047225815e-12, ""relative_error"": 1.0, ""sign_agreement"": 0.0}, ""analytic_vs_full"": {""analytic_norm"": 0.0, ""cosine_similarity"": 0.0, ""finite_difference_norm"": 4.61504553203567e-12, ""relative_error"": 1.0, ""sign_agreement"": 0.0}, ""frozen_vs_full"": {""analytic_norm"": 4.4404102047225815e-12, ""cosine_similarity"": 0.21260656346166973, ""finite_difference_norm"": 4.61504553203567e-12, ""relative_error"": 1.2315145765746682, ""sign_agreement"": 0.5}, ""scalars"": 618}, ""silhouette_0_2px"": {""analytic_vs_frozen"": {""analytic_norm"": 2565.6101087395905, ""cosine_similarity"": 0.9942809774398337, ""finite_difference_norm"": 2625.7528054575014, ""relative_error"": 0.1081697438270032, ""sign_agreement"": 0.9771326307416981}, ""analytic_vs_full"": {""analytic_norm"": 2565.6101087395905, ""cosine_similarity"": 0.44832058691478877, ""finite_difference_norm"": 5568.345349860196, ""relative_error"": 0.8939592380456943, ""sign_agreement"": 0.9563145353455123}, ""frozen_vs_full"": {""analytic_norm"": 2625.7528054575014, ""cosine_similarity"": 0.44784784343336154, ""finite_difference_norm"": 5568.345349860196, ""relative_error"": 0.8944238914384285, ""sign_agreement"": 0.9330966174546814}, ""scalars"": 160380}, ""support_switch_pixels"": {""analytic_vs_frozen"": {""analytic_norm"": 1.5669479105419004, ""cosine_similarity"": 0.9969877922413545, ""finite_difference_norm"": 1.5947903964932064, ""relative_error"": 0.07889255061756723, ""sign_agreement"": 0.6363636363636364}, ""analytic_vs_full"": {""analytic_norm"": 1.5669479105419004, ""cosine_similarity"": 0.6073849118195371, ""finite_difference_norm"": 1.2844077962695517, ""relative_error"": 1.003171260858502, ""sign_agreement"": 0.2727272727272727}, ""frozen_vs_full"": {""analytic_norm"": 1.5947903964932064, ""cosine_similarity"": 0.5448285852079017, ""finite_difference_norm"": 1.2844077962695517, ""relative_error"": 1.0902879514901211, ""sign_agreement"": 0.6363636363636364}, ""scalars"": 33}}",,,,,,"{""analytic_norm"": 3054.7317250256747, ""cosine_similarity"": 0.39306074642260835, ""finite_difference_norm"": 3182.929028018572, ""relative_error"": 1.0800971733316969, ""sign_agreement"": 0.5974819704192642}",,,,,gradient,,,,,,4.1961669921875e-05,,,,,,,,0.8872885356401813,,9.1552734375e-05,,
,,,,,occlusion_boundary,,0.6524665355682373,0.6457153558731079,0.4356904923915863,,,,,,,0.0001,,,,,,,,,,,,,,,,8,,,"{""all_pixels"": {""analytic_vs_frozen"": {""analytic_norm"": 3054.7317250256747, ""cosine_similarity"": 0.9955755921548923, ""finite_difference_norm"": 3069.645779508656, ""relative_error"": 0.09396504026752622, ""sign_agreement"": 0.48018273860970495}, ""analytic_vs_full"": {""analytic_norm"": 3054.7317250256747, ""cosine_similarity"": 0.24384529800044066, ""finite_difference_norm"": 13499.050962552838, ""relative_error"": 0.9699729775879778, ""sign_agreement"": 0.48184673366834174}, ""frozen_vs_full"": {""analytic_norm"": 3069.645779508656, ""cosine_similarity"": 0.24545216272503834, ""finite_difference_norm"": 13499.050962552838, ""relative_error"": 0.9695768247693386, ""sign_agreement"": 0.4356075719288912}, ""scalars"": 786432}, ""interior_gt8px"": {""analytic_vs_frozen"": {""analytic_norm"": 0.0, ""cosine_similarity"": 0.0, ""finite_difference_norm"": 1.3282137738552135e-11, ""relative_error"": 1.0, ""sign_agreement"": 0.0}, ""analytic_vs_full"": {""analytic_norm"": 0.0, ""cosine_similarity"": 0.0, ""finite_difference_norm"": 1.4261072965499198e-11, ""relative_error"": 1.0, ""sign_agreement"": 0.0}, ""frozen_vs_full"": {""analytic_norm"": 1.3282137738552135e-11, ""cosine_similarity"": -0.043924219270322196, ""finite_difference_norm"": 1.4261072965499198e-11, ""relative_error"": 1.3961527223919397, ""sign_agreement"": 0.1588785046728972}, ""scalars"": 618}, ""silhouette_0_2px"": {""analytic_vs_frozen"": {""analytic_norm"": 2565.6101087395905, ""cosine_similarity"": 0.9951668984273745, ""finite_difference_norm"": 2607.383852223543, ""relative_error"": 0.09883329708476919, ""sign_agreement"": 0.6584483451695029}, ""analytic_vs_full"": {""analytic_norm"": 2565.6101087395905, ""cosine_similarity"": 0.22804268268276703, ""finite_difference_norm"": 12651.323205689243, ""relative_error"": 0.9739784597977326, ""sign_agreement"": 0.6539609332609875}, ""frozen_vs_full"": {""analytic_norm"": 2607.383852223543, ""cosine_similarity"": 0.22915885716463477, ""finite_difference_norm"": 12651.323205689243, ""relative_error"": 0.9736622234798747, ""sign_agreement"": 0.5795716985093429}, ""scalars"": 160380}, ""support_switch_pixels"": {""analytic_vs_frozen"": {""analytic_norm"": 64.96925651684786, ""cosine_similarity"": 0.9999912016740118, ""finite_difference_norm"": 82.58240336995284, ""relative_error"": 0.21331211101527778, ""sign_agreement"": 1.0}, ""analytic_vs_full"": {""analytic_norm"": 64.96925651684786, ""cosine_similarity"": 0.9876201032061852, ""finite_difference_norm"": 659.8622269451297, ""relative_error"": 0.9028921965087117, ""sign_agreement"": 0.5}, ""frozen_vs_full"": {""analytic_norm"": 82.58240336995284, ""cosine_similarity"": 0.9879627710903415, ""finite_difference_norm"": 659.8622269451297, ""relative_error"": 0.8765693083788948, ""sign_agreement"": 0.5}, ""scalars"": 24}}",,,,,,"{""analytic_norm"": 3054.7317250256747, ""cosine_similarity"": 0.39306074642260835, ""finite_difference_norm"": 3182.929028018572, ""relative_error"": 1.0800971733316969, ""sign_agreement"": 0.5974819704192642}",,,,,gradient,,,,,,3.0517578125e-05,,,,,,,,0.9695768247693386,,6.103515625e-05,,
,,,,,occlusion_boundary,,0.5379245281219482,0.5331186056137085,0.4356904923915863,,,,,,,3e-05,,,,,,,,,,,,,,,,8,,,"{""all_pixels"": {""analytic_vs_frozen"": {""analytic_norm"": 3054.7317250256747, ""cosine_similarity"": 0.9957132728649247, ""finite_difference_norm"": 3066.8208603829567, ""relative_error"": 0.09249430868264662, ""sign_agreement"": 0.3877143996808935}, ""analytic_vs_full"": {""analytic_norm"": 3054.7317250256747, ""cosine_similarity"": 0.12812562815328102, ""finite_difference_norm"": 19785.94894897925, ""relative_error"": 0.99210563200972, ""sign_agreement"": 0.3992738589211618}, ""frozen_vs_full"": {""analytic_norm"": 3066.8208603829567, ""cosine_similarity"": 0.12651759692787568, ""finite_difference_norm"": 19785.94894897925, ""relative_error"": 0.9923731865687435, ""sign_agreement"": 0.36106334193178563}, ""scalars"": 786432}, ""interior_gt8px"": {""analytic_vs_frozen"": {""analytic_norm"": 0.0, ""cosine_similarity"": 0.0, ""finite_difference_norm"": 5.041201798903689e-11, ""relative_error"": 1.0, ""sign_agreement"": 0.0}, ""analytic_vs_full"": {""analytic_norm"": 0.0, ""cosine_similarity"": 0.0, ""finite_difference_norm"": 4.8792042419626854e-11, ""relative_error"": 1.0, ""sign_agreement"": 0.0}, ""frozen_vs_full"": {""analytic_norm"": 5.041201798903689e-11, ""cosine_similarity"": 0.03897560898890808, ""finite_difference_norm"": 4.8792042419626854e-11, ""relative_error"": 1.4095979186047456, ""sign_agreement"": 0.14074074074074075}, ""scalars"": 618}, ""silhouette_0_2px"": {""analytic_vs_frozen"": {""analytic_norm"": 2565.6101087395905, ""cosine_similarity"": 0.9953483444840658, ""finite_difference_norm"": 2604.066511149389, ""relative_error"": 0.09687110016946462, ""sign_agreement"": 0.5424439783640579}, ""analytic_vs_full"": {""analytic_norm"": 2565.6101087395905, ""cosine_similarity"": 0.10084104737224377, ""finite_difference_norm"": 19720.71361873092, ""relative_error"": 0.9953326112763968, ""sign_agreement"": 0.5530700753252682}, ""frozen_vs_full"": {""analytic_norm"": 2604.066511149389, ""cosine_similarity"": 0.09909261721491598, ""finite_difference_norm"": 19720.71361873092, ""relative_error"": 0.9956237556121185, ""sign_agreement"": 0.480270384452894}, ""scalars"": 160380}, ""support_switch_pixels"": {""analytic_vs_frozen"": {""analytic_norm"": 1.186222218376621, ""cosine_similarity"": 0.9999999995290499, ""finite_difference_norm"": 1.1878408373836256, ""relative_error"": 0.0013630015710333738, ""sign_agreement"": 1.0}, ""analytic_vs_full"": {""analytic_norm"": 1.186222218376621, ""cosine_similarity"": -0.9999784238354191, ""finite_difference_norm"": 3.6149629951810502, ""relative_error"": 1.32813695445813, ""sign_agreement"": 0.0}, ""frozen_vs_full"": {""analytic_norm"": 1.1878408373836256, ""cosine_similarity"": -0.9999782217656511, ""finite_difference_norm"": 3.6149629951810502, ""relative_error"": 1.3285846543526834, ""sign_agreement"": 0.0}, ""scalars"": 12}}",,,,,,"{""analytic_norm"": 3054.7317250256747, ""cosine_similarity"": 0.39306074642260835, ""finite_difference_norm"": 3182.929028018572, ""relative_error"": 1.0800971733316969, ""sign_agreement"": 0.5974819704192642}",,,,,gradient,,,,,,1.52587890625e-05,,,,,,,,0.9923731865687435,,1.52587890625e-05,,
,,,,,high_curvature,,0.35241973400115967,0.3536057770252228,0.35843080282211304,,,,,,,0.01,,,,,,,,,,,,,,,,5,,,"{""all_pixels"": {""analytic_vs_frozen"": {""analytic_norm"": 2763.4138883178107, ""cosine_similarity"": 0.9237163956406029, ""finite_difference_norm"": 2199.58878402945, ""relative_error"": 0.5073275023011785, ""sign_agreement"": 0.9676569238140873}, ""analytic_vs_full"": {""analytic_norm"": 2763.4138883178107, ""cosine_similarity"": 0.8720464925996707, ""finite_difference_norm"": 2316.4452946953506, ""relative_error"": 0.5852494150477355, ""sign_agreement"": 0.9505551561626328}, ""frozen_vs_full"": {""analytic_norm"": 2199.58878402945, ""cosine_similarity"": 0.9462496695472011, ""finite_difference_norm"": 2316.4452946953506, ""relative_error"": 0.3234539817520201, ""sign_agreement"": 0.9805189620758483}, ""scalars"": 786432}, ""interior_gt8px"": {""analytic_vs_frozen"": {""analytic_norm"": 0.0, ""cosine_similarity"": 0.0, ""finite_difference_norm"": 1.318681973330657e-13, ""relative_error"": 1.0, ""sign_agreement"": 1.0}, ""analytic_vs_full"": {""analytic_norm"": 0.0, ""cosine_similarity"": 0.0, ""finite_difference_norm"": 1.3172937712951124e-13, ""relative_error"": 1.0, ""sign_agreement"": 1.0}, ""frozen_vs_full"": {""analytic_norm"": 1.318681973330657e-13, ""cosine_similarity"": -0.18005442661138196, ""finite_difference_norm"": 1.3172937712951124e-13, ""relative_error"": 1.5370742058591136, ""sign_agreement"": 1.0}, ""scalars"": 618}, ""silhouette_0_2px"": {""analytic_vs_frozen"": {""analytic_norm"": 2438.92800860721, ""cosine_similarity"": 0.9280574841334689, ""finite_difference_norm"": 1903.0712427286853, ""relative_error"": 0.51350145787434, ""sign_agreement"": 0.9652114597544338}, ""analytic_vs_full"": {""analytic_norm"": 2438.92800860721, ""cosine_similarity"": 0.8677260727049253, ""finite_difference_norm"": 2039.4609927539354, ""relative_error"": 0.5955914614821636, ""sign_agreement"": 0.9455248493119527}, ""frozen_vs_full"": {""analytic_norm"": 1903.0712427286853, ""cosine_similarity"": 0.9383643225975427, ""finite_difference_norm"": 2039.4609927539354, ""relative_error"": 0.34568750724894304, ""sign_agreement"": 0.9776110921695648}, ""scalars"": 160380}, ""support_switch_pixels"": {""analytic_vs_frozen"": {""analytic_norm"": 388.8099491380003, ""cosine_similarity"": 0.9029678680704022, ""finite_difference_norm"": 345.80349275724944, ""relative_error"": 0.48339062253759685, ""sign_agreement"": 0.6091954022988505}, ""analytic_vs_full"": {""analytic_norm"": 388.8099491380003, ""cosine_similarity"": 0.9019141508928497, ""finite_difference_norm"": 345.32177042317477, ""relative_error"": 0.4865555580511856, ""sign_agreement"": 0.5885714285714285}, ""frozen_vs_full"": {""analytic_norm"": 345.80349275724944, ""cosine_similarity"": 0.9984434591958766, ""finite_difference_norm"": 345.32177042317477, ""relative_error"": 0.055851323671327516, ""sign_agreement"": 0.9771428571428571}, ""scalars"": 525}}",,,,,,"{""analytic_norm"": 2763.4138883178107, ""cosine_similarity"": 0.45614082088969904, ""finite_difference_norm"": 2922.8538609886036, ""relative_error"": 1.0155587601368679, ""sign_agreement"": 0.6361463064786039}",,,,,gradient,,,,,,0.000667572021484375,,,,,,,,0.3234539817520201,,0.0009765625,,
,,,,,high_curvature,,0.35660606622695923,0.35816898941993713,0.35843080282211304,,,,,,,0.003,,,,,,,,,,,,,,,,5,,,"{""all_pixels"": {""analytic_vs_frozen"": {""analytic_norm"": 2763.4138883178107, ""cosine_similarity"": 0.9981587028637147, ""finite_difference_norm"": 2686.647888373361, ""relative_error"": 0.06785456982941188, ""sign_agreement"": 0.991030303030303}, ""analytic_vs_full"": {""analytic_norm"": 2763.4138883178107, ""cosine_similarity"": 0.909396589155832, ""finite_difference_norm"": 2926.592890589993, ""relative_error"": 0.41738722196614897, ""sign_agreement"": 0.969939393939394}, ""frozen_vs_full"": {""analytic_norm"": 2686.647888373361, ""cosine_similarity"": 0.9116045778404391, ""finite_difference_norm"": 2926.592890589993, ""relative_error"": 0.41111817144180357, ""sign_agreement"": 0.9777831636774923}, ""scalars"": 786432}, ""interior_gt8px"": {""analytic_vs_frozen"": {""analytic_norm"": 0.0, ""cosine_similarity"": 0.0, ""finite_difference_norm"": 5.197535700047824e-13, ""relative_error"": 1.0, ""sign_agreement"": 1.0}, ""analytic_vs_full"": {""analytic_norm"": 0.0, ""cosine_similarity"": 0.0, ""finite_difference_norm"": 4.726151448120455e-13, ""relative_error"": 1.0, ""sign_agreement"": 1.0}, ""frozen_vs_full"": {""analytic_norm"": 5.197535700047824e-13, ""cosine_similarity"": -0.16865460887392866, ""finite_difference_norm"": 4.726151448120455e-13, ""relative_error"": 1.6063559328565908, ""sign_agreement"": 1.0}, ""scalars"": 618}, ""silhouette_0_2px"": {""analytic_vs_frozen"": {""analytic_norm"": 2438.92800860721, ""cosine_similarity"": 0.9983123344538208, ""finite_difference_norm"": 2365.0597382663555, ""relative_error"": 0.06675524778296947, ""sign_agreement"": 0.9885575589459084}, ""analytic_vs_full"": {""analytic_norm"": 2438.92800860721, ""cosine_similarity"": 0.8994169984152105, ""finite_difference_norm"": 2619.8148253525583, ""relative_error"": 0.43822787168872673, ""sign_agreement"": 0.9632454923717059}, ""frozen_vs_full"": {""analytic_norm"": 2365.0597382663555, ""cosine_similarity"": 0.9011898203825054, ""finite_difference_norm"": 2619.8148253525583, ""relative_error"": 0.4334274656261466, ""sign_agreement"": 0.9730791450028885}, ""scalars"": 160380}, ""support_switch_pixels"": {""analytic_vs_frozen"": {""analytic_norm"": 23.352295373683056, ""cosine_similarity"": 0.9843290347411042, ""finite_difference_norm"": 26.64884886866408, ""relative_error"": 0.20680270941909484, ""sign_agreement"": 0.6825396825396826}, ""analytic_vs_full"": {""analytic_norm"": 23.352295373683056, ""cosine_similarity"": 0.9602671275999097, ""finite_difference_norm"": 24.547390711618924, ""relative_error"": 0.2792260524011963, ""sign_agreement"": 0.625}, ""frozen_vs_full"": {""analytic_norm"": 26.64884886866408, ""cosine_similarity"": 0.9691095060414948, ""finite_difference_norm"": 24.547390711618924, ""relative_error"": 0.272761274956151, ""sign_agreement"": 0.9375}, ""scalars"": 192}}",,,,,,"{""analytic_norm"": 2763.4138883178107, ""cosine_similarity"": 0.45614082088969904, ""finite_difference_norm"": 2922.8538609886036, ""relative_error"": 1.0155587601368679, ""sign_agreement"": 0.6361463064786039}",,,,,gradient,,,,,,0.000244140625,,,,,,,,0.41111817144180357,,0.0004119873046875,,
,,,,,high_curvature,,0.3575305938720703,0.35915377736091614,0.35843080282211304,,,,,,,0.001,,,,,,,,,,,,,,,,5,,,"{""all_pixels"": {""analytic_vs_frozen"": {""analytic_norm"": 2763.4138883178107, ""cosine_similarity"": 0.9994157225614483, ""finite_difference_norm"": 2750.9206053050516, ""relative_error"": 0.03456135133249891, ""sign_agreement"": 0.9949773169151005}, ""analytic_vs_full"": {""analytic_norm"": 2763.4138883178107, ""cosine_similarity"": 0.7815444042493169, ""finite_difference_norm"": 3537.008381863292, ""relative_error"": 0.6238496703060603, ""sign_agreement"": 0.9791818550020251}, ""frozen_vs_full"": {""analytic_norm"": 2750.9206053050516, ""cosine_similarity"": 0.7824098058890023, ""finite_difference_norm"": 3537.008381863292, ""relative_error"": 0.6227813235374485, ""sign_agreement"": 0.9830110832456922}, ""scalars"": 786432}, ""interior_gt8px"": {""analytic_vs_frozen"": {""analytic_norm"": 0.0, ""cosine_similarity"": 0.0, ""finite_difference_norm"": 1.324511074450619e-12, ""relative_error"": 1.0, ""sign_agreement"": 1.0}, ""analytic_vs_full"": {""analytic_norm"": 0.0, ""cosine_similarity"": 0.0, ""finite_difference_norm"": 1.318608946501121e-12, ""relative_error"": 1.0, ""sign_agreement"": 1.0}, ""frozen_vs_full"": {""analytic_norm"": 1.324511074450619e-12, ""cosine_similarity"": 0.13365077873876585, ""finite_difference_norm"": 1.318608946501121e-12, ""relative_error"": 1.3192702833907899, ""sign_agreement"": 1.0}, ""scalars"": 618}, ""silhouette_0_2px"": {""analytic_vs_frozen"": {""analytic_norm"": 2438.92800860721, ""cosine_similarity"": 0.9994540983420453, ""finite_difference_norm"": 2423.7948541443357, ""relative_error"": 0.033728361268166196, ""sign_agreement"": 0.9939682171441828}, ""analytic_vs_full"": {""analytic_norm"": 2438.92800860721, ""cosine_similarity"": 0.7554964503873464, ""finite_difference_norm"": 3247.1180758545047, ""relative_error"": 0.6551674553419582, ""sign_agreement"": 0.9749449019835286}, ""frozen_vs_full"": {""analytic_norm"": 2423.7948541443357, ""cosine_similarity"": 0.756789491276342, ""finite_difference_norm"": 3247.1180758545047, ""relative_error"": 0.6537405262448834, ""sign_agreement"": 0.9792511881302887}, ""scalars"": 160380}, ""support_switch_pixels"": {""analytic_vs_frozen"": {""analytic_norm"": 19.24903793348769, ""cosine_similarity"": 0.9982703650508944, ""finite_difference_norm"": 19.66483374854526, ""relative_error"": 0.061912849284964246, ""sign_agreement"": 0.6233766233766234}, ""analytic_vs_full"": {""analytic_norm"": 19.24903793348769, ""cosine_similarity"": 0.978130209467741, ""finite_difference_norm"": 35.13795090172892, ""relative_error"": 0.4779476007745752, ""sign_agreement"": 0.6233766233766234}, ""frozen_vs_full"": {""analytic_norm"": 19.66483374854526, ""cosine_similarity"": 0.987066982107675, ""finite_difference_norm"": 35.13795090172892, ""relative_error"": 0.4564942281270764, ""sign_agreement"": 1.0}, ""scalars"": 81}}",,,,,,"{""analytic_norm"": 2763.4138883178107, ""cosine_similarity"": 0.45614082088969904, ""finite_difference_norm"": 2922.8538609886036, ""relative_error"": 1.0155587601368679, ""sign_agreement"": 0.6361463064786039}",,,,,gradient,,,,,,0.000102996826171875,,,,,,,,0.6227813235374485,,0.00018310546875,,
,,,,,high_curvature,,0.37559279799461365,0.37502986192703247,0.35843080282211304,,,,,,,0.0003,,,,,,,,,,,,,,,,5,,,"{""all_pixels"": {""analytic_vs_frozen"": {""analytic_norm"": 2763.4138883178107, ""cosine_similarity"": 0.9995229626063491, ""finite_difference_norm"": 2757.9541174012115, ""relative_error"": 0.0309819707653217, ""sign_agreement"": 0.9700442617767943}, ""analytic_vs_full"": {""analytic_norm"": 2763.4138883178107, ""cosine_similarity"": 0.5091193004652024, ""finite_difference_norm"": 5551.900809486043, ""relative_error"": 0.8607711555281418, ""sign_agreement"": 0.9604376437009435}, ""frozen_vs_full"": {""analytic_norm"": 2757.9541174012115, ""cosine_similarity"": 0.5093481135411543, ""finite_difference_norm"": 5551.900809486043, ""relative_error"": 0.860652657404874, ""sign_agreement"": 0.9208487218480701}, ""scalars"": 786432}, ""interior_gt8px"": {""analytic_vs_frozen"": {""analytic_norm"": 0.0, ""cosine_similarity"": 0.0, ""finite_difference_norm"": 4.379755957367587e-12, ""relative_error"": 1.0, ""sign_agreement"": 0.0}, ""analytic_vs_full"": {""analytic_norm"": 0.0, ""cosine_similarity"": 0.0, ""finite_difference_norm"": 4.799833536612723e-12, ""relative_error"": 1.0, ""sign_agreement"": 0.0}, ""frozen_vs_full"": {""analytic_norm"": 4.379755957367587e-12, ""cosine_similarity"": -0.06718399482951357, ""finite_difference_norm"": 4.799833536612723e-12, ""relative_error"": 1.3982951855637096, ""sign_agreement"": 0.5}, ""scalars"": 618}, ""silhouette_0_2px"": {""analytic_vs_frozen"": {""analytic_norm"": 2438.92800860721, ""cosine_similarity"": 0.9995666753736158, ""finite_difference_norm"": 2430.2277773443425, ""relative_error"": 0.029708051254565562, ""sign_agreement"": 0.9885747259088286}, ""analytic_vs_full"": {""analytic_norm"": 2438.92800860721, ""cosine_similarity"": 0.48979333213406, ""finite_difference_norm"": 5159.994804756049, ""relative_error"": 0.8720068867650284, ""sign_agreement"": 0.9737814737814737}, ""frozen_vs_full"": {""analytic_norm"": 2430.2277773443425, ""cosine_similarity"": 0.49124461284770565, ""finite_difference_norm"": 5159.994804756049, ""relative_error"": 0.8712574783887709, ""sign_agreement"": 0.9611769970910717}, ""scalars"": 160380}, ""support_switch_pixels"": {""analytic_vs_frozen"": {""analytic_norm"": 0.1880473618236408, ""cosine_similarity"": 0.9675012326255495, ""finite_difference_norm"": 0.2185493714861488, ""relative_error"": 0.27459917388925975, ""sign_agreement"": 1.0}, ""analytic_vs_full"": {""analytic_norm"": 0.1880473618236408, ""cosine_similarity"": 0.9977996624076045, ""finite_difference_norm"": 0.42875545334232, ""relative_error"": 0.5631274854054108, ""sign_agreement"": 1.0}, ""frozen_vs_full"": {""analytic_norm"": 0.2185493714861488, ""cosine_similarity"": 0.9821374477450456, ""finite_difference_norm"": 0.42875545334232, ""relative_error"": 0.5085028530805855, ""sign_agreement"": 1.0}, ""scalars"": 15}}",,,,,,"{""analytic_norm"": 2763.4138883178107, ""cosine_similarity"": 0.45614082088969904, ""finite_difference_norm"": 2922.8538609886036, ""relative_error"": 1.0155587601368679, ""sign_agreement"": 0.6361463064786039}",,,,,gradient,,,,,,1.9073486328125e-05,,,,,,,,0.860652657404874,,7.62939453125e-05,,
,,,,,high_curvature,,0.5547897815704346,0.5527971982955933,0.35843080282211304,,,,,,,0.0001,,,,,,,,,,,,,,,,5,,,"{""all_pixels"": {""analytic_vs_frozen"": {""analytic_norm"": 2763.4138883178107, ""cosine_similarity"": 0.9995429606291443, ""finite_difference_norm"": 2759.1054358281544, ""relative_error"": 0.030297599210492535, ""sign_agreement"": 0.6043122969380723}, ""analytic_vs_full"": {""analytic_norm"": 2763.4138883178107, ""cosine_similarity"": 0.41222191346584713, ""finite_difference_norm"": 6512.05751177158, ""relative_error"": 0.9111642374204049, ""sign_agreement"": 0.6063066653382485}, ""frozen_vs_full"": {""analytic_norm"": 2759.1054358281544, ""cosine_similarity"": 0.4113291900372118, ""finite_difference_norm"": 6512.05751177158, ""relative_error"": 0.9115706949012062, ""sign_agreement"": 0.5330536341988888}, ""scalars"": 786432}, ""interior_gt8px"": {""analytic_vs_frozen"": {""analytic_norm"": 0.0, ""cosine_similarity"": 0.0, ""finite_difference_norm"": 1.3872235582023995e-11, ""relative_error"": 1.0, ""sign_agreement"": 0.0}, ""analytic_vs_full"": {""analytic_norm"": 0.0, ""cosine_similarity"": 0.0, ""finite_difference_norm"": 1.4011068454311076e-11, ""relative_error"": 1.0, ""sign_agreement"": 0.0}, ""frozen_vs_full"": {""analytic_norm"": 1.3872235582023995e-11, ""cosine_similarity"": 0.22671423799633314, ""finite_difference_norm"": 1.4011068454311076e-11, ""relative_error"": 1.237475268728315, ""sign_agreement"": 0.22772277227722773}, ""scalars"": 618}, ""silhouette_0_2px"": {""analytic_vs_frozen"": {""analytic_norm"": 2438.92800860721, ""cosine_similarity"": 0.9995914519441721, ""finite_difference_norm"": 2431.2172694542382, ""relative_error"": 0.028805317870781957, ""sign_agreement"": 0.7870132255694342}, ""analytic_vs_full"": {""analytic_norm"": 2438.92800860721, ""cosine_similarity"": 0.36856785151206184, ""finite_difference_norm"": 6381.063439813769, ""relative_error"": 0.9297009949781555, ""sign_agreement"": 0.7850925925925926}, ""frozen_vs_full"": {""analytic_norm"": 2431.2172694542382, ""cosine_similarity"": 0.3675344330624941, ""finite_difference_norm"": 6381.063439813769, ""relative_error"": 0.9301074655674487, ""sign_agreement"": 0.7044285046000313}, ""scalars"": 160380}, ""support_switch_pixels"": {""analytic_vs_frozen"": {""analytic_norm"": 0.0, ""cosine_similarity"": 0.0, ""finite_difference_norm"": 0.0, ""relative_error"": 0.0, ""sign_agreement"": 1.0}, ""analytic_vs_full"": {""analytic_norm"": 0.0, ""cosine_similarity"": 0.0, ""finite_difference_norm"": 0.0, ""relative_error"": 0.0, ""sign_agreement"": 1.0}, ""frozen_vs_full"": {""analytic_norm"": 0.0, ""cosine_similarity"": 0.0, ""finite_difference_norm"": 0.0, ""relative_error"": 0.0, ""sign_agreement"": 1.0}, ""scalars"": 0}}",,,,,,"{""analytic_norm"": 2763.4138883178107, ""cosine_similarity"": 0.45614082088969904, ""finite_difference_norm"": 2922.8538609886036, ""relative_error"": 1.0155587601368679, ""sign_agreement"": 0.6361463064786039}",,,,,gradient,,,,,,0.0,,,,,,,,0.9115706949012062,,1.52587890625e-05,,
,,,,,high_curvature,,0.4801282286643982,0.47916051745414734,0.35843080282211304,,,,,,,3e-05,,,,,,,,,,,,,,,,5,,,"{""all_pixels"": {""analytic_vs_frozen"": {""analytic_norm"": 2763.4138883178107, ""cosine_similarity"": 0.9995437704236942, ""finite_difference_norm"": 2759.073726912955, ""relative_error"": 0.030271587065900243, ""sign_agreement"": 0.5049114298631375}, ""analytic_vs_full"": {""analytic_norm"": 2763.4138883178107, ""cosine_similarity"": 0.9977626942290251, ""finite_difference_norm"": 2742.8198057362515, ""relative_error"": 0.06756170538880436, ""sign_agreement"": 0.5131396375562377}, ""frozen_vs_full"": {""analytic_norm"": 2759.073726912955, ""cosine_similarity"": 0.9977957210406257, ""finite_difference_norm"": 2742.8198057362515, ""relative_error"": 0.06685656540010526, ""sign_agreement"": 0.45253292648752996}, ""scalars"": 786432}, ""interior_gt8px"": {""analytic_vs_frozen"": {""analytic_norm"": 0.0, ""cosine_similarity"": 0.0, ""finite_difference_norm"": 3.819684448984435e-11, ""relative_error"": 1.0, ""sign_agreement"": 0.0}, ""analytic_vs_full"": {""analytic_norm"": 0.0, ""cosine_similarity"": 0.0, ""finite_difference_norm"": 4.639325068327027e-11, ""relative_error"": 1.0, ""sign_agreement"": 0.0}, ""frozen_vs_full"": {""analytic_norm"": 3.819684448984435e-11, ""cosine_similarity"": 0.053133492387756304, ""finite_difference_norm"": 4.639325068327027e-11, ""relative_error"": 1.2611010349066378, ""sign_agreement"": 0.1320754716981132}, ""scalars"": 618}, ""silhouette_0_2px"": {""analytic_vs_frozen"": {""analytic_norm"": 2438.92800860721, ""cosine_similarity"": 0.9995926039256529, ""finite_difference_norm"": 2431.1669320987085, ""relative_error"": 0.02876776274726629, ""sign_agreement"": 0.6826471290913435}, ""analytic_vs_full"": {""analytic_norm"": 2438.92800860721, ""cosine_similarity"": 0.9981551801334225, ""finite_difference_norm"": 2415.65714886631, ""relative_error"": 0.0617898426220009, ""sign_agreement"": 0.690982940698619}, ""frozen_vs_full"": {""analytic_norm"": 2431.1669320987085, ""cosine_similarity"": 0.9982573578692132, ""finite_difference_norm"": 2415.65714886631, ""relative_error"": 0.05957251657717311, ""sign_agreement"": 0.6118961551100888}, ""scalars"": 160380}, ""support_switch_pixels"": {""analytic_vs_frozen"": {""analytic_norm"": 0.0, ""cosine_similarity"": 0.0, ""finite_difference_norm"": 0.0, ""relative_error"": 0.0, ""sign_agreement"": 1.0}, ""analytic_vs_full"": {""analytic_norm"": 0.0, ""cosine_similarity"": 0.0, ""finite_difference_norm"": 0.0, ""relative_error"": 0.0, ""sign_agreement"": 1.0}, ""frozen_vs_full"": {""analytic_norm"": 0.0, ""cosine_similarity"": 0.0, ""finite_difference_norm"": 0.0, ""relative_error"": 0.0, ""sign_agreement"": 1.0}, ""scalars"": 0}}",,,,,,"{""analytic_norm"": 2763.4138883178107, ""cosine_similarity"": 0.45614082088969904, ""finite_difference_norm"": 2922.8538609886036, ""relative_error"": 1.0155587601368679, ""sign_agreement"": 0.6361463064786039}",,,,,gradient,,,,,,0.0,,,,,,,,0.06685656540010526,,0.0,,
,,,1310720,,,65536,,,,,,9027712,2201.375,,65536,,,205437.01158725203,,,564232,,,,,,,,,,477233.4781218417,,997.41064453125,1324.0,,"[256, 256]",564232,,,2.746496337931603,,,,,,performance,,,,,,,,,,,,,,,,,,
,,,5242880,,,65536,,,,,,36115232,3080.28125,,262144,,,216854.96407525585,,,2257202,,,,,,,,,,503696.41443294723,,997.41064453125,1324.0,,"[512, 512]",2257202,,,10.408809453016147,,,,,,performance,,,,,,,,,,,,,,,,,,
,,,10368000,,,65536,,,,,,71416144,4631.3828125,,518400,,,220191.42093866668,,,4463509,,,,,,,,,,511468.5894644989,,997.41064453125,1324.0,,"[540, 960]",4463509,,,20.271039539016783,,,,,,performance,,,,,,,,,,,,,,,,,,
,,,41472000,,,65536,,,,,,285680576,11460.125,,2073600,,,215485.09867597124,,,17855036,,,,,,,,,,500508.54068789777,,997.41064453125,1420.0,,"[1080, 1920]",17855036,,,82.8597249169834,,,,,,performance,,,,,,,,,,,,,,,,,,
