metric,value
version,0.8.6
scope,fixed latent continuous zero-set source experiment; no novelty or physical-radiometry claim
configuration.main_anchors,32768
configuration.density_counts[0],4096
configuration.density_counts[1],8192
configuration.density_counts[2],16384
configuration.density_counts[3],32768
configuration.shell_ratios[0],1.0
configuration.shell_ratios[1],0.5
configuration.shell_ratios[2],0.25
configuration.shell_ratios[3],0.125
configuration.shell_ratios[4],0.0625
configuration.shell_ratios[5],0.03125
configuration.density_shell_ratios[0],1.0
configuration.density_shell_ratios[1],0.25
configuration.density_shell_ratios[2],0.0625
configuration.selected_epsilon_over_h,0.5
configuration.views,4
configuration.resolution,256
configuration.higher_resolution,512
configuration.seed,101
configuration.seeds[0],101
configuration.seeds[1],211
configuration.seeds[2],307
configuration.seeds[3],401
configuration.seeds[4],503
configuration.seeds[5],601
configuration.seeds[6],701
configuration.seeds[7],809
configuration.source_chunk_size,256
configuration.micro_samples,8
configuration.packet_radius_over_surface_h,1.0
configuration.packet_shell_over_radius,1.0
configuration.packet_step_over_epsilon,0.5
configuration.target_crossing_transmission,0.01
configuration.levelset_eta_relative,1e-06
configuration.detector_extent,2.8
configuration.sensor_gain,1.5
configuration.ambient,0.35
configuration.emission_transition_width,0.05
configuration.launch_exclusion_factor,1.05
configuration.diagnostic_surface_samples,4096
configuration.fd_anchor_count,8192
configuration.fd_surface_samples,512
configuration.fd_resolution,64
configuration.fd_micro_samples,2
configuration.fd_epsilons[0],0.001
configuration.fd_epsilons[1],0.0003
configuration.fd_epsilons[2],0.0001
configuration.response_delta,0.001
configuration.width_fd_epsilon,0.0001
configuration.multiseed_anchor_count,16384
configuration.multiseed_resolution,96
configuration.coverage_radius_over_h,2.0
configuration.zero_coverage_maximum,0.01
configuration.mass_drift_maximum,0.02
configuration.local_mass_cv_maximum,0.75
configuration.edge_retention_minimum,0.95
configuration.absolute_bandwidth_retention_minimum,0.8
configuration.gradient_fd_relative_maximum,0.15
configuration.source_scale_tolerance,2e-10
configuration.sample_count_mass_tolerance,0.05
configuration.multiseed_mass_cv_maximum,0.1
configuration.multiseed_response_cosine_minimum,0.2
configuration.projection_residual_over_epsilon_maximum,0.2
configuration.topology_fraction_maximum,0.1
environment.available,True
environment.gpu,Quadro RTX 5000
environment.vram_mib,15904.875
environment.pytorch,2.5.1+cu124
environment.pytorch_cuda,12.4
anchor_proposal.domain[0][0],-1.2
anchor_proposal.domain[0][1],-1.2
anchor_proposal.domain[0][2],-1.2
anchor_proposal.domain[1][0],1.2
anchor_proposal.domain[1][1],1.2
anchor_proposal.domain[1][2],1.2
anchor_proposal.proposal,uniform padded scene bounding volume
anchor_proposal.q_of_a,0.07233796296296297
anchor_proposal.quadrature_weight_one_over_Nq,0.000421875
anchor_proposal.sobol_dimensions,3
anchor_proposal.scrambled,True
anchor_proposal.seed,101
anchor_proposal.total_anchors,32768
anchor_proposal.h_s_definition,(proposal_volume/N_s)^(1/3)
anchor_proposal.h_s,0.07500000000000001
anchor_proposal.proposal_volume,13.824
anchor_proposal.identity_digest,7c2e81a844e02bccdb0717307eb3597e460c028a5bba84ffc3ba464e9a249a4f
source_measure.definition,"S_epsilon(F)=integral_Omega G(x_tilde,F) delta_epsilon(d_F(a)) da / A_ref"
source_measure.estimator,"sum_j [1/(N q(a_j) A_ref)] delta_epsilon(d_F(a_j)) G(x_tilde_j,F)"
source_measure.measure_semantics,"algorithmic normalized volume-shell measure; asymptotically coarea-like near regular zero sets, not claimed as physical radiometry"
source_measure.reference_area_calibration,9.088634202953163
source_measure.reference_area_rule,"initial-field N=32768 global Sobol estimate at epsilon_s/h_s=1, computed once and frozen"
source_measure.kernel,"psi(s)=35/32(1-s^2)^3 for |s|<1, zero otherwise"
source_measure.kernel_regularness,"compact C2; value, first derivative, and second derivative vanish at support boundary"
source_measure.normalized_integral,1.0
source_measure.no_random_local_normalization,True
non_sdf_coordinate,"d_F=F/sqrt(||grad F||^2+eta^2), eta=1e-6 median anchor ||grad F||"
projection,x_tilde=a-F(a)gradF(a)/(||gradF(a)||^2+eta^2); exactly one step; no convergence branch
normal,normalize(grad F(x_tilde))
emission_factor,"1-exp(-(max(0,n dot omega)/0.05)^2); no packet identity deletion"
source_energy,"E_source=w_j(F) C(x_tilde_j) emission_factor_j [0.35+0.65 max(0,n dot omega)]"
operator,I=M_cont(F) T_finite(F) S_cont(F) C
source_identity.before_digest,7c2e81a844e02bccdb0717307eb3597e460c028a5bba84ffc3ba464e9a249a4f
source_identity.after_digest,7c2e81a844e02bccdb0717307eb3597e460c028a5bba84ffc3ba464e9a249a4f
source_identity.before_count,32768
source_identity.after_count,32768
source_identity.identities_rebuilt_from_sign_cells,False
MIN_USABLE_EPSILON_OVER_H,0.25
SELECTED_EPSILON_OVER_H,0.25
selected_epsilon_s,0.018750000000000003
selected_epsilon_over_packet_radius,0.7635229423932003
finite_packet_parameters.h,0.02455721885871518
finite_packet_parameters.radius,0.02455721885871518
finite_packet_parameters.radius_over_h,1.0
finite_packet_parameters.epsilon,0.02455721885871518
finite_packet_parameters.epsilon_over_radius,1.0
finite_packet_parameters.path_step,0.01227860942935759
finite_packet_parameters.path_step_over_epsilon,0.5
finite_packet_parameters.kappa,4.605170185988091
finite_packet_parameters.target_crossing_transmission,0.01
plane_source_integral.domain[0][0],-1.0
plane_source_integral.domain[0][1],-1.0
plane_source_integral.domain[0][2],-1.0
plane_source_integral.domain[1][0],1.0
plane_source_integral.domain[1][1],1.0
plane_source_integral.domain[1][2],1.0
plane_source_integral.expected_plane_area_and_raw_source_mass,4.0
plane_source_integral.rows[0].anchors,4096
plane_source_integral.rows[0].h_s,0.12500000000000003
plane_source_integral.rows[0].epsilon_over_h_s,1.0
plane_source_integral.rows[0].epsilon_s,0.12500000000000003
plane_source_integral.rows[0].continuous_mean_mass,4.0000014421947565
plane_source_integral.rows[0].continuous_relative_bias,3.605486891267162e-07
plane_source_integral.rows[0].continuous_translation_cv,5.458469433827653e-06
plane_source_integral.rows[0].continuous_max_adjacent_jump,1.2003530347470814e-05
plane_source_integral.rows[0].continuous_max_derivative_jump,0.0008722379008645476
plane_source_integral.rows[0].hard_translation_cv,0.001104821933988773
plane_source_integral.rows[0].hard_max_adjacent_jump,0.015625
plane_source_integral.rows[1].anchors,4096
plane_source_integral.rows[1].h_s,0.12500000000000003
plane_source_integral.rows[1].epsilon_over_h_s,0.5
plane_source_integral.rows[1].epsilon_s,0.06250000000000001
plane_source_integral.rows[1].continuous_mean_mass,3.9999942329630596
plane_source_integral.rows[1].continuous_relative_bias,1.4417592351101405e-06
plane_source_integral.rows[1].continuous_translation_cv,4.68344367417382e-05
plane_source_integral.rows[1].continuous_max_adjacent_jump,0.00012916513315364142
plane_source_integral.rows[1].continuous_max_derivative_jump,0.01144266595241561
plane_source_integral.rows[1].hard_translation_cv,0.0014804966234584242
plane_source_integral.rows[1].hard_max_adjacent_jump,0.03125
plane_source_integral.rows[2].anchors,4096
plane_source_integral.rows[2].h_s,0.12500000000000003
plane_source_integral.rows[2].epsilon_over_h_s,0.25
plane_source_integral.rows[2].epsilon_s,0.03125000000000001
plane_source_integral.rows[2].continuous_mean_mass,3.999995092426332
plane_source_integral.rows[2].continuous_relative_bias,1.2268934169723522e-06
plane_source_integral.rows[2].continuous_translation_cv,0.0003496227114731983
plane_source_integral.rows[2].continuous_max_adjacent_jump,0.0013075861227438423
plane_source_integral.rows[2].continuous_max_derivative_jump,0.15991548028927127
plane_source_integral.rows[2].hard_translation_cv,0.00434555005133047
plane_source_integral.rows[2].hard_max_adjacent_jump,0.06249999999999911
plane_source_integral.rows[3].anchors,4096
plane_source_integral.rows[3].h_s,0.12500000000000003
plane_source_integral.rows[3].epsilon_over_h_s,0.125
plane_source_integral.rows[3].epsilon_s,0.015625000000000003
plane_source_integral.rows[3].continuous_mean_mass,4.000007988901034
plane_source_integral.rows[3].continuous_relative_bias,1.9972252585098715e-06
plane_source_integral.rows[3].continuous_translation_cv,0.0007264313884750653
plane_source_integral.rows[3].continuous_max_adjacent_jump,0.005076016265563865
plane_source_integral.rows[3].continuous_max_derivative_jump,0.8849121844411343
plane_source_integral.rows[3].hard_translation_cv,0.01056898458891966
plane_source_integral.rows[3].hard_max_adjacent_jump,0.12499999999999911
plane_source_integral.rows[4].anchors,4096
plane_source_integral.rows[4].h_s,0.12500000000000003
plane_source_integral.rows[4].epsilon_over_h_s,0.0625
plane_source_integral.rows[4].epsilon_s,0.007812500000000002
plane_source_integral.rows[4].continuous_mean_mass,3.9999985150036914
plane_source_integral.rows[4].continuous_relative_bias,3.712490771468069e-07
plane_source_integral.rows[4].continuous_translation_cv,0.0022225194576415436
plane_source_integral.rows[4].continuous_max_adjacent_jump,0.03543498025624903
plane_source_integral.rows[4].continuous_max_derivative_jump,5.252738644941076
plane_source_integral.rows[4].hard_translation_cv,0.020141139135458792
plane_source_integral.rows[4].hard_max_adjacent_jump,0.2499999999999991
plane_source_integral.rows[5].anchors,4096
plane_source_integral.rows[5].h_s,0.12500000000000003
plane_source_integral.rows[5].epsilon_over_h_s,0.03125
plane_source_integral.rows[5].epsilon_s,0.003906250000000001
plane_source_integral.rows[5].continuous_mean_mass,4.001392569285622
plane_source_integral.rows[5].continuous_relative_bias,0.00034814232140556456
plane_source_integral.rows[5].continuous_translation_cv,0.0067032591837951246
plane_source_integral.rows[5].continuous_max_adjacent_jump,0.08408413195219344
plane_source_integral.rows[5].continuous_max_derivative_jump,9.91372113156865
plane_source_integral.rows[5].hard_translation_cv,0.032859543170070504
plane_source_integral.rows[5].hard_max_adjacent_jump,0.4999999999999991
plane_source_integral.rows[6].anchors,8192
plane_source_integral.rows[6].h_s,0.09921256574801247
plane_source_integral.rows[6].epsilon_over_h_s,1.0
plane_source_integral.rows[6].epsilon_s,0.09921256574801247
plane_source_integral.rows[6].continuous_mean_mass,3.9999975668123855
plane_source_integral.rows[6].continuous_relative_bias,6.08296903625849e-07
plane_source_integral.rows[6].continuous_translation_cv,1.2124938202600986e-05
plane_source_integral.rows[6].continuous_max_adjacent_jump,1.8145739576702624e-05
plane_source_integral.rows[6].continuous_max_derivative_jump,0.0013270560496039252
plane_source_integral.rows[6].hard_translation_cv,0.0008519596819830239
plane_source_integral.rows[6].hard_max_adjacent_jump,0.0098431332023039
plane_source_integral.rows[7].anchors,8192
plane_source_integral.rows[7].h_s,0.09921256574801247
plane_source_integral.rows[7].epsilon_over_h_s,0.5
plane_source_integral.rows[7].epsilon_s,0.04960628287400624
plane_source_integral.rows[7].continuous_mean_mass,3.999991355635308
plane_source_integral.rows[7].continuous_relative_bias,2.161091173014107e-06
plane_source_integral.rows[7].continuous_translation_cv,5.4459910898364544e-05
plane_source_integral.rows[7].continuous_max_adjacent_jump,0.0001900876390203976
plane_source_integral.rows[7].continuous_max_derivative_jump,0.016243053258619966
plane_source_integral.rows[7].hard_translation_cv,0.0012829367944155348
plane_source_integral.rows[7].hard_max_adjacent_jump,0.0098431332023039
plane_source_integral.rows[8].anchors,8192
plane_source_integral.rows[8].h_s,0.09921256574801247
plane_source_integral.rows[8].epsilon_over_h_s,0.25
plane_source_integral.rows[8].epsilon_s,0.02480314143700312
plane_source_integral.rows[8].continuous_mean_mass,4.000001273858037
plane_source_integral.rows[8].continuous_relative_bias,3.184645092080274e-07
plane_source_integral.rows[8].continuous_translation_cv,0.00019844617951699967
plane_source_integral.rows[8].continuous_max_adjacent_jump,0.0008165468855683145
plane_source_integral.rows[8].continuous_max_derivative_jump,0.13173230138153258
plane_source_integral.rows[8].hard_translation_cv,0.002693792657545787
plane_source_integral.rows[8].hard_max_adjacent_jump,0.03937253280921471
plane_source_integral.rows[9].anchors,8192
plane_source_integral.rows[9].h_s,0.09921256574801247
plane_source_integral.rows[9].epsilon_over_h_s,0.125
plane_source_integral.rows[9].epsilon_s,0.01240157071850156
plane_source_integral.rows[9].continuous_mean_mass,4.000000245185229
plane_source_integral.rows[9].continuous_relative_bias,6.129630714113432e-08
plane_source_integral.rows[9].continuous_translation_cv,0.0004327029396066819
plane_source_integral.rows[9].continuous_max_adjacent_jump,0.003702466625731038
plane_source_integral.rows[9].continuous_max_derivative_jump,0.5885800683086586
plane_source_integral.rows[9].hard_translation_cv,0.0051407542677259855
plane_source_integral.rows[9].hard_max_adjacent_jump,0.07874506561842942
plane_source_integral.rows[10].anchors,8192
plane_source_integral.rows[10].h_s,0.09921256574801247
plane_source_integral.rows[10].epsilon_over_h_s,0.0625
plane_source_integral.rows[10].epsilon_s,0.00620078535925078
plane_source_integral.rows[10].continuous_mean_mass,3.9999921691922506
plane_source_integral.rows[10].continuous_relative_bias,1.957701937338463e-06
plane_source_integral.rows[10].continuous_translation_cv,0.0007680013809036361
plane_source_integral.rows[10].continuous_max_adjacent_jump,0.009502540832128759
plane_source_integral.rows[10].continuous_max_derivative_jump,1.3133747857086178
plane_source_integral.rows[10].hard_translation_cv,0.012393258833563816
plane_source_integral.rows[10].hard_max_adjacent_jump,0.15749013123685884
plane_source_integral.rows[11].anchors,8192
plane_source_integral.rows[11].h_s,0.09921256574801247
plane_source_integral.rows[11].epsilon_over_h_s,0.03125
plane_source_integral.rows[11].epsilon_s,0.00310039267962539
plane_source_integral.rows[11].continuous_mean_mass,3.999967000866045
plane_source_integral.rows[11].continuous_relative_bias,8.249783488789575e-06
plane_source_integral.rows[11].continuous_translation_cv,0.00611949868969912
plane_source_integral.rows[11].continuous_max_adjacent_jump,0.05967699148640504
plane_source_integral.rows[11].continuous_max_derivative_jump,6.415286470671447
plane_source_integral.rows[11].hard_translation_cv,0.01773728325034255
plane_source_integral.rows[11].hard_max_adjacent_jump,0.1574901312368593
plane_source_integral.rows[12].anchors,16384
plane_source_integral.rows[12].h_s,0.07874506561842959
plane_source_integral.rows[12].epsilon_over_h_s,1.0
plane_source_integral.rows[12].epsilon_s,0.07874506561842959
plane_source_integral.rows[12].continuous_mean_mass,4.000000001478831
plane_source_integral.rows[12].continuous_relative_bias,3.6970781991385593e-10
plane_source_integral.rows[12].continuous_translation_cv,1.3573955624345673e-08
plane_source_integral.rows[12].continuous_max_adjacent_jump,3.749198285163402e-08
plane_source_integral.rows[12].continuous_max_derivative_jump,3.6137803931524104e-06
plane_source_integral.rows[12].hard_translation_cv,0.0004597071540633197
plane_source_integral.rows[12].hard_max_adjacent_jump,0.006200785359251171
plane_source_integral.rows[13].anchors,16384
plane_source_integral.rows[13].h_s,0.07874506561842959
plane_source_integral.rows[13].epsilon_over_h_s,0.5
plane_source_integral.rows[13].epsilon_s,0.039372532809214794
plane_source_integral.rows[13].continuous_mean_mass,3.9999999968611673
plane_source_integral.rows[13].continuous_relative_bias,7.847081873180173e-10
plane_source_integral.rows[13].continuous_translation_cv,6.45878093738189e-08
plane_source_integral.rows[13].continuous_max_adjacent_jump,4.1834507680249544e-07
plane_source_integral.rows[13].continuous_max_derivative_jump,3.664708682293844e-05
plane_source_integral.rows[13].hard_translation_cv,0.0008538917654734691
plane_source_integral.rows[13].hard_max_adjacent_jump,0.01240157071850101
plane_source_integral.rows[14].anchors,16384
plane_source_integral.rows[14].h_s,0.07874506561842959
plane_source_integral.rows[14].epsilon_over_h_s,0.25
plane_source_integral.rows[14].epsilon_s,0.019686266404607397
plane_source_integral.rows[14].continuous_mean_mass,3.9999999683220544
plane_source_integral.rows[14].continuous_relative_bias,7.919486399998732e-09
plane_source_integral.rows[14].continuous_translation_cv,3.441832673403685e-07
plane_source_integral.rows[14].continuous_max_adjacent_jump,4.624496815708312e-06
plane_source_integral.rows[14].continuous_max_derivative_jump,0.0006248792540759496
plane_source_integral.rows[14].hard_translation_cv,0.0017126948003880562
plane_source_integral.rows[14].hard_max_adjacent_jump,0.024803141437003795
plane_source_integral.rows[15].anchors,16384
plane_source_integral.rows[15].h_s,0.07874506561842959
plane_source_integral.rows[15].epsilon_over_h_s,0.125
plane_source_integral.rows[15].epsilon_s,0.009843133202303699
plane_source_integral.rows[15].continuous_mean_mass,3.999999700042863
plane_source_integral.rows[15].continuous_relative_bias,7.498928422666751e-08
plane_source_integral.rows[15].continuous_translation_cv,3.4166984784974472e-06
plane_source_integral.rows[15].continuous_max_adjacent_jump,5.580690074369343e-05
plane_source_integral.rows[15].continuous_max_derivative_jump,0.006011421316941323
plane_source_integral.rows[15].hard_translation_cv,0.0030319157065795766
plane_source_integral.rows[15].hard_max_adjacent_jump,0.0496062828740067
plane_source_integral.rows[16].anchors,16384
plane_source_integral.rows[16].h_s,0.07874506561842959
plane_source_integral.rows[16].epsilon_over_h_s,0.0625
plane_source_integral.rows[16].epsilon_s,0.004921566601151849
plane_source_integral.rows[16].continuous_mean_mass,3.9999975115539574
plane_source_integral.rows[16].continuous_relative_bias,6.221115106397335e-07
plane_source_integral.rows[16].continuous_translation_cv,4.2564586782894045e-05
plane_source_integral.rows[16].continuous_max_adjacent_jump,0.000662370267333845
plane_source_integral.rows[16].continuous_max_derivative_jump,0.06824410771088196
plane_source_integral.rows[16].hard_translation_cv,0.006208130853851754
plane_source_integral.rows[16].hard_max_adjacent_jump,0.049606282874007146
plane_source_integral.rows[17].anchors,16384
plane_source_integral.rows[17].h_s,0.07874506561842959
plane_source_integral.rows[17].epsilon_over_h_s,0.03125
plane_source_integral.rows[17].epsilon_s,0.0024607833005759246
plane_source_integral.rows[17].continuous_mean_mass,3.999972973992035
plane_source_integral.rows[17].continuous_relative_bias,6.756501991223018e-06
plane_source_integral.rows[17].continuous_translation_cv,0.0006964728414035088
plane_source_integral.rows[17].continuous_max_adjacent_jump,0.007635323160344321
plane_source_integral.rows[17].continuous_max_derivative_jump,0.9866777051823306
plane_source_integral.rows[17].hard_translation_cv,0.0136795721128878
plane_source_integral.rows[17].hard_max_adjacent_jump,0.09921256574801296
plane_source_integral.rows[18].anchors,32768
plane_source_integral.rows[18].h_s,0.06250000000000001
plane_source_integral.rows[18].epsilon_over_h_s,1.0
plane_source_integral.rows[18].epsilon_s,0.06250000000000001
plane_source_integral.rows[18].continuous_mean_mass,4.0000000011633325
plane_source_integral.rows[18].continuous_relative_bias,2.908331353523863e-10
plane_source_integral.rows[18].continuous_translation_cv,1.4178166217810656e-08
plane_source_integral.rows[18].continuous_max_adjacent_jump,4.423214150506283e-08
plane_source_integral.rows[18].continuous_max_derivative_jump,4.053033819673146e-06
plane_source_integral.rows[18].hard_translation_cv,0.00021100326702915592
plane_source_integral.rows[18].hard_max_adjacent_jump,0.00390625
plane_source_integral.rows[19].anchors,32768
plane_source_integral.rows[19].h_s,0.06250000000000001
plane_source_integral.rows[19].epsilon_over_h_s,0.5
plane_source_integral.rows[19].epsilon_s,0.03125000000000001
plane_source_integral.rows[19].continuous_mean_mass,3.999999994410262
plane_source_integral.rows[19].continuous_relative_bias,1.3974345014489131e-09
plane_source_integral.rows[19].continuous_translation_cv,8.119086359846588e-08
plane_source_integral.rows[19].continuous_max_adjacent_jump,3.435451425559677e-07
plane_source_integral.rows[19].continuous_max_derivative_jump,4.6082281244252954e-05
plane_source_integral.rows[19].hard_translation_cv,0.0006922608906069713
plane_source_integral.rows[19].hard_max_adjacent_jump,0.007812500000000444
plane_source_integral.rows[20].anchors,32768
plane_source_integral.rows[20].h_s,0.06250000000000001
plane_source_integral.rows[20].epsilon_over_h_s,0.25
plane_source_integral.rows[20].epsilon_s,0.015625000000000003
plane_source_integral.rows[20].continuous_mean_mass,3.9999999592084685
plane_source_integral.rows[20].continuous_relative_bias,1.0197882871487707e-08
plane_source_integral.rows[20].continuous_translation_cv,2.458270191588081e-07
plane_source_integral.rows[20].continuous_max_adjacent_jump,3.6930914033561635e-06
plane_source_integral.rows[20].continuous_max_derivative_jump,0.0004566230635418833
plane_source_integral.rows[20].hard_translation_cv,0.0012638641718074207
plane_source_integral.rows[20].hard_max_adjacent_jump,0.015625000000000444
plane_source_integral.rows[21].anchors,32768
plane_source_integral.rows[21].h_s,0.06250000000000001
plane_source_integral.rows[21].epsilon_over_h_s,0.125
plane_source_integral.rows[21].epsilon_s,0.007812500000000002
plane_source_integral.rows[21].continuous_mean_mass,4.000000352078234
plane_source_integral.rows[21].continuous_relative_bias,8.80195585306609e-08
plane_source_integral.rows[21].continuous_translation_cv,1.5358823373369296e-06
plane_source_integral.rows[21].continuous_max_adjacent_jump,2.5002629078230143e-05
plane_source_integral.rows[21].continuous_max_derivative_jump,0.0028653409261778506
plane_source_integral.rows[21].hard_translation_cv,0.0026446859515760934
plane_source_integral.rows[21].hard_max_adjacent_jump,0.03125
plane_source_integral.rows[22].anchors,32768
plane_source_integral.rows[22].h_s,0.06250000000000001
plane_source_integral.rows[22].epsilon_over_h_s,0.0625
plane_source_integral.rows[22].epsilon_s,0.003906250000000001
plane_source_integral.rows[22].continuous_mean_mass,3.999988653122643
plane_source_integral.rows[22].continuous_relative_bias,2.8367193392053736e-06
plane_source_integral.rows[22].continuous_translation_cv,2.193850169347024e-05
plane_source_integral.rows[22].continuous_max_adjacent_jump,0.00021135339819977617
plane_source_integral.rows[22].continuous_max_derivative_jump,0.0321783577911674
plane_source_integral.rows[22].hard_translation_cv,0.00468174450311431
plane_source_integral.rows[22].hard_max_adjacent_jump,0.06250000000000044
plane_source_integral.rows[23].anchors,32768
plane_source_integral.rows[23].h_s,0.06250000000000001
plane_source_integral.rows[23].epsilon_over_h_s,0.03125
plane_source_integral.rows[23].epsilon_s,0.0019531250000000004
plane_source_integral.rows[23].continuous_mean_mass,3.999961191972359
plane_source_integral.rows[23].continuous_relative_bias,9.70200691019496e-06
plane_source_integral.rows[23].continuous_translation_cv,0.00020867623352660157
plane_source_integral.rows[23].continuous_max_adjacent_jump,0.0030235464740187012
plane_source_integral.rows[23].continuous_max_derivative_jump,0.3692677299213966
plane_source_integral.rows[23].hard_translation_cv,0.008141314362238623
plane_source_integral.rows[23].hard_max_adjacent_jump,0.125
plane_source_integral.selected.anchors,32768
plane_source_integral.selected.h_s,0.06250000000000001
plane_source_integral.selected.epsilon_over_h_s,0.25
plane_source_integral.selected.epsilon_s,0.015625000000000003
plane_source_integral.selected.continuous_mean_mass,3.9999999592084685
plane_source_integral.selected.continuous_relative_bias,1.0197882871487707e-08
plane_source_integral.selected.continuous_translation_cv,2.458270191588081e-07
plane_source_integral.selected.continuous_max_adjacent_jump,3.6930914033561635e-06
plane_source_integral.selected.continuous_max_derivative_jump,0.0004566230635418833
plane_source_integral.selected.hard_translation_cv,0.0012638641718074207
plane_source_integral.selected.hard_max_adjacent_jump,0.015625000000000444
plane_source_integral.scale_rows[0].field_scale,1.0
plane_source_integral.scale_rows[0].source_mass,4.000000072787246
plane_source_integral.scale_rows[0].absolute_error_vs_F,0.0
plane_source_integral.scale_rows[1].field_scale,0.5
plane_source_integral.scale_rows[1].source_mass,4.000000072787246
plane_source_integral.scale_rows[1].absolute_error_vs_F,0.0
plane_source_integral.scale_rows[2].field_scale,2.0
plane_source_integral.scale_rows[2].source_mass,4.000000072787246
plane_source_integral.scale_rows[2].absolute_error_vs_F,0.0
plane_source_integral.scale_rows[3].field_scale,10.0
plane_source_integral.scale_rows[3].source_mass,4.000000072787246
plane_source_integral.scale_rows[3].absolute_error_vs_F,0.0
plane_source_integral.maximum_scale_error,0.0
plane_source_integral.historical_maximum_source_count_jump,1024
plane_source_integral.plot.translation[0],-0.45
plane_source_integral.plot.translation[1],-0.445
plane_source_integral.plot.translation[2],-0.44
plane_source_integral.plot.translation[3],-0.435
plane_source_integral.plot.translation[4],-0.43
plane_source_integral.plot.translation[5],-0.425
plane_source_integral.plot.translation[6],-0.42000000000000004
plane_source_integral.plot.translation[7],-0.41500000000000004
plane_source_integral.plot.translation[8],-0.41000000000000003
plane_source_integral.plot.translation[9],-0.405
plane_source_integral.plot.translation[10],-0.4
plane_source_integral.plot.translation[11],-0.395
plane_source_integral.plot.translation[12],-0.39
plane_source_integral.plot.translation[13],-0.385
plane_source_integral.plot.translation[14],-0.38
plane_source_integral.plot.translation[15],-0.375
plane_source_integral.plot.translation[16],-0.37
plane_source_integral.plot.translation[17],-0.365
plane_source_integral.plot.translation[18],-0.36
plane_source_integral.plot.translation[19],-0.355
plane_source_integral.plot.translation[20],-0.35
plane_source_integral.plot.translation[21],-0.34500000000000003
plane_source_integral.plot.translation[22],-0.34
plane_source_integral.plot.translation[23],-0.335
plane_source_integral.plot.translation[24],-0.33
plane_source_integral.plot.translation[25],-0.325
plane_source_integral.plot.translation[26],-0.32
plane_source_integral.plot.translation[27],-0.315
plane_source_integral.plot.translation[28],-0.31
plane_source_integral.plot.translation[29],-0.30500000000000005
plane_source_integral.plot.translation[30],-0.30000000000000004
plane_source_integral.plot.translation[31],-0.29500000000000004
plane_source_integral.plot.translation[32],-0.29000000000000004
plane_source_integral.plot.translation[33],-0.28500000000000003
plane_source_integral.plot.translation[34],-0.28
plane_source_integral.plot.translation[35],-0.275
plane_source_integral.plot.translation[36],-0.27
plane_source_integral.plot.translation[37],-0.265
plane_source_integral.plot.translation[38],-0.26
plane_source_integral.plot.translation[39],-0.255
plane_source_integral.plot.translation[40],-0.25
plane_source_integral.plot.translation[41],-0.245
plane_source_integral.plot.translation[42],-0.24000000000000002
plane_source_integral.plot.translation[43],-0.23500000000000001
plane_source_integral.plot.translation[44],-0.23
plane_source_integral.plot.translation[45],-0.225
plane_source_integral.plot.translation[46],-0.22
plane_source_integral.plot.translation[47],-0.215
plane_source_integral.plot.translation[48],-0.21000000000000002
plane_source_integral.plot.translation[49],-0.20500000000000002
plane_source_integral.plot.translation[50],-0.2
plane_source_integral.plot.translation[51],-0.195
plane_source_integral.plot.translation[52],-0.19
plane_source_integral.plot.translation[53],-0.185
plane_source_integral.plot.translation[54],-0.18
plane_source_integral.plot.translation[55],-0.175
plane_source_integral.plot.translation[56],-0.16999999999999998
plane_source_integral.plot.translation[57],-0.16499999999999998
plane_source_integral.plot.translation[58],-0.16000000000000003
plane_source_integral.plot.translation[59],-0.15500000000000003
plane_source_integral.plot.translation[60],-0.15000000000000002
plane_source_integral.plot.translation[61],-0.14500000000000002
plane_source_integral.plot.translation[62],-0.14
plane_source_integral.plot.translation[63],-0.135
plane_source_integral.plot.translation[64],-0.13
plane_source_integral.plot.translation[65],-0.125
plane_source_integral.plot.translation[66],-0.12
plane_source_integral.plot.translation[67],-0.11499999999999999
plane_source_integral.plot.translation[68],-0.10999999999999999
plane_source_integral.plot.translation[69],-0.10499999999999998
plane_source_integral.plot.translation[70],-0.09999999999999998
plane_source_integral.plot.translation[71],-0.09500000000000003
plane_source_integral.plot.translation[72],-0.09000000000000002
plane_source_integral.plot.translation[73],-0.08500000000000002
plane_source_integral.plot.translation[74],-0.08000000000000002
plane_source_integral.plot.translation[75],-0.07500000000000001
plane_source_integral.plot.translation[76],-0.07
plane_source_integral.plot.translation[77],-0.065
plane_source_integral.plot.translation[78],-0.06
plane_source_integral.plot.translation[79],-0.05499999999999999
plane_source_integral.plot.translation[80],-0.04999999999999999
plane_source_integral.plot.translation[81],-0.044999999999999984
plane_source_integral.plot.translation[82],-0.03999999999999998
plane_source_integral.plot.translation[83],-0.034999999999999976
plane_source_integral.plot.translation[84],-0.030000000000000027
plane_source_integral.plot.translation[85],-0.025000000000000022
plane_source_integral.plot.translation[86],-0.020000000000000018
plane_source_integral.plot.translation[87],-0.015000000000000013
plane_source_integral.plot.translation[88],-0.010000000000000009
plane_source_integral.plot.translation[89],-0.0050000000000000044
plane_source_integral.plot.translation[90],0.0
plane_source_integral.plot.translation[91],0.0050000000000000044
plane_source_integral.plot.translation[92],0.010000000000000009
plane_source_integral.plot.translation[93],0.015000000000000013
plane_source_integral.plot.translation[94],0.020000000000000018
plane_source_integral.plot.translation[95],0.025000000000000022
plane_source_integral.plot.translation[96],0.02999999999999997
plane_source_integral.plot.translation[97],0.034999999999999976
plane_source_integral.plot.translation[98],0.03999999999999998
plane_source_integral.plot.translation[99],0.044999999999999984
plane_source_integral.plot.translation[100],0.04999999999999999
plane_source_integral.plot.translation[101],0.05499999999999999
plane_source_integral.plot.translation[102],0.06
plane_source_integral.plot.translation[103],0.065
plane_source_integral.plot.translation[104],0.07
plane_source_integral.plot.translation[105],0.07500000000000001
plane_source_integral.plot.translation[106],0.08000000000000002
plane_source_integral.plot.translation[107],0.08500000000000002
plane_source_integral.plot.translation[108],0.09000000000000002
plane_source_integral.plot.translation[109],0.09500000000000003
plane_source_integral.plot.translation[110],0.10000000000000003
plane_source_integral.plot.translation[111],0.10500000000000004
plane_source_integral.plot.translation[112],0.11000000000000004
plane_source_integral.plot.translation[113],0.11500000000000005
plane_source_integral.plot.translation[114],0.12000000000000005
plane_source_integral.plot.translation[115],0.12500000000000006
plane_source_integral.plot.translation[116],0.12999999999999995
plane_source_integral.plot.translation[117],0.13499999999999995
plane_source_integral.plot.translation[118],0.13999999999999996
plane_source_integral.plot.translation[119],0.14499999999999996
plane_source_integral.plot.translation[120],0.14999999999999997
plane_source_integral.plot.translation[121],0.15499999999999997
plane_source_integral.plot.translation[122],0.15999999999999998
plane_source_integral.plot.translation[123],0.16499999999999998
plane_source_integral.plot.translation[124],0.16999999999999998
plane_source_integral.plot.translation[125],0.175
plane_source_integral.plot.translation[126],0.18
plane_source_integral.plot.translation[127],0.185
plane_source_integral.plot.translation[128],0.19
plane_source_integral.plot.translation[129],0.195
plane_source_integral.plot.translation[130],0.2
plane_source_integral.plot.translation[131],0.20500000000000002
plane_source_integral.plot.translation[132],0.21000000000000002
plane_source_integral.plot.translation[133],0.21500000000000002
plane_source_integral.plot.translation[134],0.22000000000000003
plane_source_integral.plot.translation[135],0.22500000000000003
plane_source_integral.plot.translation[136],0.23000000000000004
plane_source_integral.plot.translation[137],0.23500000000000004
plane_source_integral.plot.translation[138],0.24000000000000005
plane_source_integral.plot.translation[139],0.24500000000000005
plane_source_integral.plot.translation[140],0.25000000000000006
plane_source_integral.plot.translation[141],0.25499999999999995
plane_source_integral.plot.translation[142],0.25999999999999995
plane_source_integral.plot.translation[143],0.26499999999999996
plane_source_integral.plot.translation[144],0.26999999999999996
plane_source_integral.plot.translation[145],0.27499999999999997
plane_source_integral.plot.translation[146],0.27999999999999997
plane_source_integral.plot.translation[147],0.285
plane_source_integral.plot.translation[148],0.29
plane_source_integral.plot.translation[149],0.295
plane_source_integral.plot.translation[150],0.3
plane_source_integral.plot.translation[151],0.305
plane_source_integral.plot.translation[152],0.31
plane_source_integral.plot.translation[153],0.315
plane_source_integral.plot.translation[154],0.32
plane_source_integral.plot.translation[155],0.325
plane_source_integral.plot.translation[156],0.33
plane_source_integral.plot.translation[157],0.335
plane_source_integral.plot.translation[158],0.34
plane_source_integral.plot.translation[159],0.34500000000000003
plane_source_integral.plot.translation[160],0.35000000000000003
plane_source_integral.plot.translation[161],0.35500000000000004
plane_source_integral.plot.translation[162],0.36000000000000004
plane_source_integral.plot.translation[163],0.36500000000000005
plane_source_integral.plot.translation[164],0.37000000000000005
plane_source_integral.plot.translation[165],0.37500000000000006
plane_source_integral.plot.translation[166],0.38000000000000006
plane_source_integral.plot.translation[167],0.38499999999999995
plane_source_integral.plot.translation[168],0.38999999999999996
plane_source_integral.plot.translation[169],0.39499999999999996
plane_source_integral.plot.translation[170],0.39999999999999997
plane_source_integral.plot.translation[171],0.40499999999999997
plane_source_integral.plot.translation[172],0.41
plane_source_integral.plot.translation[173],0.415
plane_source_integral.plot.translation[174],0.42
plane_source_integral.plot.translation[175],0.425
plane_source_integral.plot.translation[176],0.43
plane_source_integral.plot.translation[177],0.435
plane_source_integral.plot.translation[178],0.44
plane_source_integral.plot.translation[179],0.445
plane_source_integral.plot.translation[180],0.45
plane_source_integral.plot.continuous_1[0],3.9999999686667067
plane_source_integral.plot.continuous_1[1],3.999999963642656
plane_source_integral.plot.continuous_1[2],3.9999999620936775
plane_source_integral.plot.continuous_1[3],3.99999997098166
plane_source_integral.plot.continuous_1[4],3.9999999781350724
plane_source_integral.plot.continuous_1[5],3.9999999875237053
plane_source_integral.plot.continuous_1[6],4.000000002469288
plane_source_integral.plot.continuous_1[7],4.000000024194478
plane_source_integral.plot.continuous_1[8],4.000000029659374
plane_source_integral.plot.continuous_1[9],4.000000030374531
plane_source_integral.plot.continuous_1[10],4.00000002778948
plane_source_integral.plot.continuous_1[11],4.0000000163008576
plane_source_integral.plot.continuous_1[12],4.000000000444047
plane_source_integral.plot.continuous_1[13],3.9999999788293445
plane_source_integral.plot.continuous_1[14],3.999999974196868
plane_source_integral.plot.continuous_1[15],3.9999999756076763
plane_source_integral.plot.continuous_1[16],3.999999971024696
plane_source_integral.plot.continuous_1[17],3.999999983915883
plane_source_integral.plot.continuous_1[18],4.000000000034234
plane_source_integral.plot.continuous_1[19],4.000000015166293
plane_source_integral.plot.continuous_1[20],4.000000020492498
plane_source_integral.plot.continuous_1[21],4.000000025059396
plane_source_integral.plot.continuous_1[22],4.000000028606473
plane_source_integral.plot.continuous_1[23],4.0000000253468055
plane_source_integral.plot.continuous_1[24],4.000000008008648
plane_source_integral.plot.continuous_1[25],3.9999999890703695
plane_source_integral.plot.continuous_1[26],3.9999999790295417
plane_source_integral.plot.continuous_1[27],3.999999967940937
plane_source_integral.plot.continuous_1[28],3.9999999685404175
plane_source_integral.plot.continuous_1[29],3.999999969746364
plane_source_integral.plot.continuous_1[30],3.999999967441978
plane_source_integral.plot.continuous_1[31],3.999999973689933
plane_source_integral.plot.continuous_1[32],3.999999995823892
plane_source_integral.plot.continuous_1[33],4.000000014506525
plane_source_integral.plot.continuous_1[34],4.000000032823401
plane_source_integral.plot.continuous_1[35],4.000000051043589
plane_source_integral.plot.continuous_1[36],4.00000006396785
plane_source_integral.plot.continuous_1[37],4.000000067548564
plane_source_integral.plot.continuous_1[38],4.000000051210989
plane_source_integral.plot.continuous_1[39],4.0000000287329724
plane_source_integral.plot.continuous_1[40],4.000000006470432
plane_source_integral.plot.continuous_1[41],3.999999973153644
plane_source_integral.plot.continuous_1[42],3.9999999496881835
plane_source_integral.plot.continuous_1[43],3.9999999383816602
plane_source_integral.plot.continuous_1[44],3.9999999341312513
plane_source_integral.plot.continuous_1[45],3.999999944196836
plane_source_integral.plot.continuous_1[46],3.9999999624650187
plane_source_integral.plot.continuous_1[47],3.99999998729665
plane_source_integral.plot.continuous_1[48],4.0000000099753965
plane_source_integral.plot.continuous_1[49],4.000000020363289
plane_source_integral.plot.continuous_1[50],4.000000029882786
plane_source_integral.plot.continuous_1[51],4.000000032416589
plane_source_integral.plot.continuous_1[52],4.000000026874989
plane_source_integral.plot.continuous_1[53],4.000000024286422
plane_source_integral.plot.continuous_1[54],4.000000025330966
plane_source_integral.plot.continuous_1[55],4.0000000123778525
plane_source_integral.plot.continuous_1[56],3.9999999932239803
plane_source_integral.plot.continuous_1[57],3.9999999836960476
plane_source_integral.plot.continuous_1[58],3.9999999740158727
plane_source_integral.plot.continuous_1[59],3.999999967877791
plane_source_integral.plot.continuous_1[60],3.999999970470244
plane_source_integral.plot.continuous_1[61],3.9999999844518808
plane_source_integral.plot.continuous_1[62],4.000000005326177
plane_source_integral.plot.continuous_1[63],4.0000000207001545
plane_source_integral.plot.continuous_1[64],4.000000023622898
plane_source_integral.plot.continuous_1[65],4.00000003310315
plane_source_integral.plot.continuous_1[66],4.000000026785641
plane_source_integral.plot.continuous_1[67],4.00000001557638
plane_source_integral.plot.continuous_1[68],4.000000005706354
plane_source_integral.plot.continuous_1[69],3.9999999855873862
plane_source_integral.plot.continuous_1[70],3.9999999777400004
plane_source_integral.plot.continuous_1[71],3.999999973099889
plane_source_integral.plot.continuous_1[72],3.9999999749926882
plane_source_integral.plot.continuous_1[73],3.999999982502437
plane_source_integral.plot.continuous_1[74],3.9999999876744194
plane_source_integral.plot.continuous_1[75],4.0000000108220775
plane_source_integral.plot.continuous_1[76],4.000000024485365
plane_source_integral.plot.continuous_1[77],4.000000027379537
plane_source_integral.plot.continuous_1[78],4.000000022478469
plane_source_integral.plot.continuous_1[79],4.000000020196159
plane_source_integral.plot.continuous_1[80],4.000000005107491
plane_source_integral.plot.continuous_1[81],3.999999982510985
plane_source_integral.plot.continuous_1[82],3.9999999686009464
plane_source_integral.plot.continuous_1[83],3.99999995245823
plane_source_integral.plot.continuous_1[84],3.9999999391196353
plane_source_integral.plot.continuous_1[85],3.999999932494361
plane_source_integral.plot.continuous_1[86],3.9999999427054562
plane_source_integral.plot.continuous_1[87],3.9999999652090064
plane_source_integral.plot.continuous_1[88],3.999999984059695
plane_source_integral.plot.continuous_1[89],4.000000001671344
plane_source_integral.plot.continuous_1[90],4.000000024065125
plane_source_integral.plot.continuous_1[91],4.0000000371490385
plane_source_integral.plot.continuous_1[92],4.00000004893043
plane_source_integral.plot.continuous_1[93],4.000000056082418
plane_source_integral.plot.continuous_1[94],4.00000005502404
plane_source_integral.plot.continuous_1[95],4.000000062088821
plane_source_integral.plot.continuous_1[96],4.000000075310567
plane_source_integral.plot.continuous_1[97],4.000000085535053
plane_source_integral.plot.continuous_1[98],4.000000091929781
plane_source_integral.plot.continuous_1[99],4.000000088123686
plane_source_integral.plot.continuous_1[100],4.000000085562114
plane_source_integral.plot.continuous_1[101],4.00000007177148
plane_source_integral.plot.continuous_1[102],4.000000040840589
plane_source_integral.plot.continuous_1[103],4.000000006733155
plane_source_integral.plot.continuous_1[104],3.999999970525362
plane_source_integral.plot.continuous_1[105],3.9999999285332732
plane_source_integral.plot.continuous_1[106],3.9999998943039223
plane_source_integral.plot.continuous_1[107],3.999999884510869
plane_source_integral.plot.continuous_1[108],3.999999888111043
plane_source_integral.plot.continuous_1[109],3.999999903484559
plane_source_integral.plot.continuous_1[110],3.999999924758276
plane_source_integral.plot.continuous_1[111],3.999999958700365
plane_source_integral.plot.continuous_1[112],4.000000001505916
plane_source_integral.plot.continuous_1[113],4.000000026995261
plane_source_integral.plot.continuous_1[114],4.000000050183878
plane_source_integral.plot.continuous_1[115],4.000000056611583
plane_source_integral.plot.continuous_1[116],4.000000045942707
plane_source_integral.plot.continuous_1[117],4.000000027753263
plane_source_integral.plot.continuous_1[118],3.9999999957640977
plane_source_integral.plot.continuous_1[119],3.999999952749903
plane_source_integral.plot.continuous_1[120],3.999999915765536
plane_source_integral.plot.continuous_1[121],3.9999998980481797
plane_source_integral.plot.continuous_1[122],3.9999998867453406
plane_source_integral.plot.continuous_1[123],3.999999888142287
plane_source_integral.plot.continuous_1[124],3.9999999046699743
plane_source_integral.plot.continuous_1[125],3.9999999351405706
plane_source_integral.plot.continuous_1[126],3.9999999740829955
plane_source_integral.plot.continuous_1[127],4.000000004847032
plane_source_integral.plot.continuous_1[128],4.000000044912888
plane_source_integral.plot.continuous_1[129],4.000000086536539
plane_source_integral.plot.continuous_1[130],4.000000109961315
plane_source_integral.plot.continuous_1[131],4.000000124661208
plane_source_integral.plot.continuous_1[132],4.000000125668704
plane_source_integral.plot.continuous_1[133],4.000000114309464
plane_source_integral.plot.continuous_1[134],4.000000095204204
plane_source_integral.plot.continuous_1[135],4.000000069511354
plane_source_integral.plot.continuous_1[136],4.000000049872444
plane_source_integral.plot.continuous_1[137],4.000000034100826
plane_source_integral.plot.continuous_1[138],4.000000016281361
plane_source_integral.plot.continuous_1[139],4.000000010553052
plane_source_integral.plot.continuous_1[140],4.000000006735355
plane_source_integral.plot.continuous_1[141],3.9999999972976625
plane_source_integral.plot.continuous_1[142],3.999999985741251
plane_source_integral.plot.continuous_1[143],3.9999999772513606
plane_source_integral.plot.continuous_1[144],3.9999999533914785
plane_source_integral.plot.continuous_1[145],3.9999999261549712
plane_source_integral.plot.continuous_1[146],3.9999999055447857
plane_source_integral.plot.continuous_1[147],3.9999998842046756
plane_source_integral.plot.continuous_1[148],3.999999869911453
plane_source_integral.plot.continuous_1[149],3.9999998677778654
plane_source_integral.plot.continuous_1[150],3.9999998846728237
plane_source_integral.plot.continuous_1[151],3.9999999199460503
plane_source_integral.plot.continuous_1[152],3.9999999495537093
plane_source_integral.plot.continuous_1[153],3.9999999818213707
plane_source_integral.plot.continuous_1[154],4.000000026053512
plane_source_integral.plot.continuous_1[155],4.000000060378166
plane_source_integral.plot.continuous_1[156],4.000000098493623
plane_source_integral.plot.continuous_1[157],4.000000117076367
plane_source_integral.plot.continuous_1[158],4.0000001146614865
plane_source_integral.plot.continuous_1[159],4.000000097268367
plane_source_integral.plot.continuous_1[160],4.000000066842651
plane_source_integral.plot.continuous_1[161],4.000000041322615
plane_source_integral.plot.continuous_1[162],4.000000008938622
plane_source_integral.plot.continuous_1[163],3.999999978206639
plane_source_integral.plot.continuous_1[164],3.9999999603100793
plane_source_integral.plot.continuous_1[165],3.999999958426092
plane_source_integral.plot.continuous_1[166],3.999999962734677
plane_source_integral.plot.continuous_1[167],3.9999999749110517
plane_source_integral.plot.continuous_1[168],4.000000012339857
plane_source_integral.plot.continuous_1[169],4.000000045066548
plane_source_integral.plot.continuous_1[170],4.00000007403837
plane_source_integral.plot.continuous_1[171],4.000000102072455
plane_source_integral.plot.continuous_1[172],4.000000116075408
plane_source_integral.plot.continuous_1[173],4.000000114169134
plane_source_integral.plot.continuous_1[174],4.000000089995478
plane_source_integral.plot.continuous_1[175],4.000000056321219
plane_source_integral.plot.continuous_1[176],4.000000025185218
plane_source_integral.plot.continuous_1[177],3.999999986893408
plane_source_integral.plot.continuous_1[178],3.9999999446056345
plane_source_integral.plot.continuous_1[179],3.9999999150088357
plane_source_integral.plot.continuous_1[180],3.999999892141242
plane_source_integral.plot.hard_1[0],4.001953124999999
plane_source_integral.plot.hard_1[1],3.999999999999999
plane_source_integral.plot.hard_1[2],3.999999999999999
plane_source_integral.plot.hard_1[3],3.999999999999999
plane_source_integral.plot.hard_1[4],3.999999999999999
plane_source_integral.plot.hard_1[5],3.999999999999999
plane_source_integral.plot.hard_1[6],3.999999999999999
plane_source_integral.plot.hard_1[7],3.999999999999999
plane_source_integral.plot.hard_1[8],3.999999999999999
plane_source_integral.plot.hard_1[9],3.999999999999999
plane_source_integral.plot.hard_1[10],3.999999999999999
plane_source_integral.plot.hard_1[11],3.999999999999999
plane_source_integral.plot.hard_1[12],3.999999999999999
plane_source_integral.plot.hard_1[13],3.999999999999999
plane_source_integral.plot.hard_1[14],3.999999999999999
plane_source_integral.plot.hard_1[15],3.999999999999999
plane_source_integral.plot.hard_1[16],3.999999999999999
plane_source_integral.plot.hard_1[17],3.999999999999999
plane_source_integral.plot.hard_1[18],3.999999999999999
plane_source_integral.plot.hard_1[19],3.999999999999999
plane_source_integral.plot.hard_1[20],3.999999999999999
plane_source_integral.plot.hard_1[21],3.999999999999999
plane_source_integral.plot.hard_1[22],3.999999999999999
plane_source_integral.plot.hard_1[23],3.999999999999999
plane_source_integral.plot.hard_1[24],3.999999999999999
plane_source_integral.plot.hard_1[25],3.999999999999999
plane_source_integral.plot.hard_1[26],3.999999999999999
plane_source_integral.plot.hard_1[27],3.999999999999999
plane_source_integral.plot.hard_1[28],3.999999999999999
plane_source_integral.plot.hard_1[29],4.001953124999999
plane_source_integral.plot.hard_1[30],3.998046874999999
plane_source_integral.plot.hard_1[31],4.001953124999999
plane_source_integral.plot.hard_1[32],3.999999999999999
plane_source_integral.plot.hard_1[33],3.999999999999999
plane_source_integral.plot.hard_1[34],3.999999999999999
plane_source_integral.plot.hard_1[35],4.001953124999999
plane_source_integral.plot.hard_1[36],4.001953124999999
plane_source_integral.plot.hard_1[37],3.999999999999999
plane_source_integral.plot.hard_1[38],3.999999999999999
plane_source_integral.plot.hard_1[39],3.999999999999999
plane_source_integral.plot.hard_1[40],3.999999999999999
plane_source_integral.plot.hard_1[41],3.999999999999999
plane_source_integral.plot.hard_1[42],3.999999999999999
plane_source_integral.plot.hard_1[43],4.001953124999999
plane_source_integral.plot.hard_1[44],4.001953124999999
plane_source_integral.plot.hard_1[45],4.001953124999999
plane_source_integral.plot.hard_1[46],3.999999999999999
plane_source_integral.plot.hard_1[47],3.999999999999999
plane_source_integral.plot.hard_1[48],3.999999999999999
plane_source_integral.plot.hard_1[49],4.001953124999999
plane_source_integral.plot.hard_1[50],3.998046874999999
plane_source_integral.plot.hard_1[51],4.001953124999999
plane_source_integral.plot.hard_1[52],3.999999999999999
plane_source_integral.plot.hard_1[53],3.999999999999999
plane_source_integral.plot.hard_1[54],3.999999999999999
plane_source_integral.plot.hard_1[55],3.999999999999999
plane_source_integral.plot.hard_1[56],3.999999999999999
plane_source_integral.plot.hard_1[57],3.999999999999999
plane_source_integral.plot.hard_1[58],3.999999999999999
plane_source_integral.plot.hard_1[59],3.999999999999999
plane_source_integral.plot.hard_1[60],3.999999999999999
plane_source_integral.plot.hard_1[61],3.999999999999999
plane_source_integral.plot.hard_1[62],4.001953124999999
plane_source_integral.plot.hard_1[63],3.999999999999999
plane_source_integral.plot.hard_1[64],3.999999999999999
plane_source_integral.plot.hard_1[65],3.999999999999999
plane_source_integral.plot.hard_1[66],3.999999999999999
plane_source_integral.plot.hard_1[67],3.999999999999999
plane_source_integral.plot.hard_1[68],3.999999999999999
plane_source_integral.plot.hard_1[69],3.999999999999999
plane_source_integral.plot.hard_1[70],3.999999999999999
plane_source_integral.plot.hard_1[71],3.999999999999999
plane_source_integral.plot.hard_1[72],3.999999999999999
plane_source_integral.plot.hard_1[73],3.999999999999999
plane_source_integral.plot.hard_1[74],3.999999999999999
plane_source_integral.plot.hard_1[75],3.999999999999999
plane_source_integral.plot.hard_1[76],3.999999999999999
plane_source_integral.plot.hard_1[77],3.999999999999999
plane_source_integral.plot.hard_1[78],3.999999999999999
plane_source_integral.plot.hard_1[79],3.999999999999999
plane_source_integral.plot.hard_1[80],4.001953124999999
plane_source_integral.plot.hard_1[81],3.998046874999999
plane_source_integral.plot.hard_1[82],3.999999999999999
plane_source_integral.plot.hard_1[83],3.999999999999999
plane_source_integral.plot.hard_1[84],3.9999999999999987
plane_source_integral.plot.hard_1[85],3.9999999999999987
plane_source_integral.plot.hard_1[86],3.9999999999999982
plane_source_integral.plot.hard_1[87],3.998046874999999
plane_source_integral.plot.hard_1[88],3.9999999999999987
plane_source_integral.plot.hard_1[89],3.999999999999999
plane_source_integral.plot.hard_1[90],3.999999999999999
plane_source_integral.plot.hard_1[91],3.9999999999999987
plane_source_integral.plot.hard_1[92],3.9999999999999987
plane_source_integral.plot.hard_1[93],3.9980468749999987
plane_source_integral.plot.hard_1[94],3.9980468749999987
plane_source_integral.plot.hard_1[95],3.998046874999999
plane_source_integral.plot.hard_1[96],3.9999999999999987
plane_source_integral.plot.hard_1[97],3.999999999999999
plane_source_integral.plot.hard_1[98],3.999999999999999
plane_source_integral.plot.hard_1[99],3.999999999999999
plane_source_integral.plot.hard_1[100],4.001953124999999
plane_source_integral.plot.hard_1[101],3.998046874999999
plane_source_integral.plot.hard_1[102],3.999999999999999
plane_source_integral.plot.hard_1[103],3.999999999999999
plane_source_integral.plot.hard_1[104],3.999999999999999
plane_source_integral.plot.hard_1[105],3.999999999999999
plane_source_integral.plot.hard_1[106],3.999999999999999
plane_source_integral.plot.hard_1[107],3.999999999999999
plane_source_integral.plot.hard_1[108],3.999999999999999
plane_source_integral.plot.hard_1[109],3.999999999999999
plane_source_integral.plot.hard_1[110],3.999999999999999
plane_source_integral.plot.hard_1[111],3.998046874999999
plane_source_integral.plot.hard_1[112],3.999999999999999
plane_source_integral.plot.hard_1[113],3.999999999999999
plane_source_integral.plot.hard_1[114],3.999999999999999
plane_source_integral.plot.hard_1[115],3.999999999999999
plane_source_integral.plot.hard_1[116],3.999999999999999
plane_source_integral.plot.hard_1[117],3.999999999999999
plane_source_integral.plot.hard_1[118],3.999999999999999
plane_source_integral.plot.hard_1[119],3.999999999999999
plane_source_integral.plot.hard_1[120],3.999999999999999
plane_source_integral.plot.hard_1[121],3.999999999999999
plane_source_integral.plot.hard_1[122],3.999999999999999
plane_source_integral.plot.hard_1[123],3.999999999999999
plane_source_integral.plot.hard_1[124],3.998046874999999
plane_source_integral.plot.hard_1[125],3.999999999999999
plane_source_integral.plot.hard_1[126],3.999999999999999
plane_source_integral.plot.hard_1[127],3.999999999999999
plane_source_integral.plot.hard_1[128],3.999999999999999
plane_source_integral.plot.hard_1[129],3.999999999999999
plane_source_integral.plot.hard_1[130],3.998046874999999
plane_source_integral.plot.hard_1[131],4.001953124999999
plane_source_integral.plot.hard_1[132],3.999999999999999
plane_source_integral.plot.hard_1[133],3.999999999999999
plane_source_integral.plot.hard_1[134],3.999999999999999
plane_source_integral.plot.hard_1[135],3.999999999999999
plane_source_integral.plot.hard_1[136],4.001953124999999
plane_source_integral.plot.hard_1[137],4.001953124999999
plane_source_integral.plot.hard_1[138],3.999999999999999
plane_source_integral.plot.hard_1[139],3.999999999999999
plane_source_integral.plot.hard_1[140],3.999999999999999
plane_source_integral.plot.hard_1[141],3.999999999999999
plane_source_integral.plot.hard_1[142],3.999999999999999
plane_source_integral.plot.hard_1[143],4.001953124999999
plane_source_integral.plot.hard_1[144],4.001953124999999
plane_source_integral.plot.hard_1[145],3.999999999999999
plane_source_integral.plot.hard_1[146],3.999999999999999
plane_source_integral.plot.hard_1[147],3.999999999999999
plane_source_integral.plot.hard_1[148],3.999999999999999
plane_source_integral.plot.hard_1[149],4.001953124999999
plane_source_integral.plot.hard_1[150],3.998046874999999
plane_source_integral.plot.hard_1[151],3.999999999999999
plane_source_integral.plot.hard_1[152],3.999999999999999
plane_source_integral.plot.hard_1[153],3.999999999999999
plane_source_integral.plot.hard_1[154],3.999999999999999
plane_source_integral.plot.hard_1[155],4.001953124999999
plane_source_integral.plot.hard_1[156],3.998046874999999
plane_source_integral.plot.hard_1[157],3.999999999999999
plane_source_integral.plot.hard_1[158],3.999999999999999
plane_source_integral.plot.hard_1[159],3.999999999999999
plane_source_integral.plot.hard_1[160],3.999999999999999
plane_source_integral.plot.hard_1[161],3.999999999999999
plane_source_integral.plot.hard_1[162],3.999999999999999
plane_source_integral.plot.hard_1[163],3.999999999999999
plane_source_integral.plot.hard_1[164],3.999999999999999
plane_source_integral.plot.hard_1[165],3.999999999999999
plane_source_integral.plot.hard_1[166],3.999999999999999
plane_source_integral.plot.hard_1[167],3.999999999999999
plane_source_integral.plot.hard_1[168],3.999999999999999
plane_source_integral.plot.hard_1[169],3.998046874999999
plane_source_integral.plot.hard_1[170],3.999999999999999
plane_source_integral.plot.hard_1[171],3.999999999999999
plane_source_integral.plot.hard_1[172],3.999999999999999
plane_source_integral.plot.hard_1[173],3.999999999999999
plane_source_integral.plot.hard_1[174],3.999999999999999
plane_source_integral.plot.hard_1[175],3.999999999999999
plane_source_integral.plot.hard_1[176],3.999999999999999
plane_source_integral.plot.hard_1[177],3.999999999999999
plane_source_integral.plot.hard_1[178],3.999999999999999
plane_source_integral.plot.hard_1[179],3.999999999999999
plane_source_integral.plot.hard_1[180],3.999999999999999
plane_source_integral.plot.continuous_0.25[0],3.9999994851105134
plane_source_integral.plot.continuous_0.25[1],3.9999993701446854
plane_source_integral.plot.continuous_0.25[2],4.000000498618403
plane_source_integral.plot.continuous_0.25[3],4.000000092136674
plane_source_integral.plot.continuous_0.25[4],3.999997893450331
plane_source_integral.plot.continuous_0.25[5],4.000000057766246
plane_source_integral.plot.continuous_0.25[6],4.0000011007680545
plane_source_integral.plot.continuous_0.25[7],4.000000910445652
plane_source_integral.plot.continuous_0.25[8],3.999998838548157
plane_source_integral.plot.continuous_0.25[9],3.999999598608215
plane_source_integral.plot.continuous_0.25[10],4.0000020929413544
plane_source_integral.plot.continuous_0.25[11],4.000000935762957
plane_source_integral.plot.continuous_0.25[12],4.000000143793546
plane_source_integral.plot.continuous_0.25[13],3.999999216657847
plane_source_integral.plot.continuous_0.25[14],3.999998760663214
plane_source_integral.plot.continuous_0.25[15],3.999999374980727
plane_source_integral.plot.continuous_0.25[16],3.9999992199294825
plane_source_integral.plot.continuous_0.25[17],3.999999442472821
plane_source_integral.plot.continuous_0.25[18],3.999998731275317
plane_source_integral.plot.continuous_0.25[19],4.000000063274742
plane_source_integral.plot.continuous_0.25[20],4.000001192298129
plane_source_integral.plot.continuous_0.25[21],3.9999999773972013
plane_source_integral.plot.continuous_0.25[22],3.999999954152933
plane_source_integral.plot.continuous_0.25[23],4.0000013843916475
plane_source_integral.plot.continuous_0.25[24],4.000001176610322
plane_source_integral.plot.continuous_0.25[25],3.999999800805556
plane_source_integral.plot.continuous_0.25[26],3.999999056761592
plane_source_integral.plot.continuous_0.25[27],4.0000004284349355
plane_source_integral.plot.continuous_0.25[28],4.000000061518129
plane_source_integral.plot.continuous_0.25[29],3.9999981757624274
plane_source_integral.plot.continuous_0.25[30],3.999999861416558
plane_source_integral.plot.continuous_0.25[31],4.000000618866547
plane_source_integral.plot.continuous_0.25[32],4.000000913166598
plane_source_integral.plot.continuous_0.25[33],3.9999991128515084
plane_source_integral.plot.continuous_0.25[34],4.000000211538073
plane_source_integral.plot.continuous_0.25[35],4.0000020865814845
plane_source_integral.plot.continuous_0.25[36],4.000000668179487
plane_source_integral.plot.continuous_0.25[37],3.999999466331015
plane_source_integral.plot.continuous_0.25[38],3.999997979951469
plane_source_integral.plot.continuous_0.25[39],3.9999985842072845
plane_source_integral.plot.continuous_0.25[40],3.999999055942875
plane_source_integral.plot.continuous_0.25[41],4.000001395854168
plane_source_integral.plot.continuous_0.25[42],4.000001094725713
plane_source_integral.plot.continuous_0.25[43],3.9999997611251343
plane_source_integral.plot.continuous_0.25[44],3.999999114073459
plane_source_integral.plot.continuous_0.25[45],4.0000005719475995
plane_source_integral.plot.continuous_0.25[46],4.00000020524174
plane_source_integral.plot.continuous_0.25[47],3.999998319705342
plane_source_integral.plot.continuous_0.25[48],3.99999903570773
plane_source_integral.plot.continuous_0.25[49],3.999999817255321
plane_source_integral.plot.continuous_0.25[50],4.000001090482704
plane_source_integral.plot.continuous_0.25[51],4.000000024050659
plane_source_integral.plot.continuous_0.25[52],4.000000371268196
plane_source_integral.plot.continuous_0.25[53],4.0000006704963145
plane_source_integral.plot.continuous_0.25[54],4.000000909639638
plane_source_integral.plot.continuous_0.25[55],4.00000113554166
plane_source_integral.plot.continuous_0.25[56],4.000000381902687
plane_source_integral.plot.continuous_0.25[57],3.9999993707651718
plane_source_integral.plot.continuous_0.25[58],3.9999992064684613
plane_source_integral.plot.continuous_0.25[59],4.000000139053546
plane_source_integral.plot.continuous_0.25[60],3.9999995698878985
plane_source_integral.plot.continuous_0.25[61],3.9999984288296853
plane_source_integral.plot.continuous_0.25[62],3.9999989999082803
plane_source_integral.plot.continuous_0.25[63],4.00000132167808
plane_source_integral.plot.continuous_0.25[64],4.0000004482675875
plane_source_integral.plot.continuous_0.25[65],3.9999990692368432
plane_source_integral.plot.continuous_0.25[66],3.9999999968366167
plane_source_integral.plot.continuous_0.25[67],4.0000010972674875
plane_source_integral.plot.continuous_0.25[68],4.0000004023850755
plane_source_integral.plot.continuous_0.25[69],3.9999992972686726
plane_source_integral.plot.continuous_0.25[70],4.000000471839989
plane_source_integral.plot.continuous_0.25[71],3.9999997671899514
plane_source_integral.plot.continuous_0.25[72],3.999998094689801
plane_source_integral.plot.continuous_0.25[73],3.9999989050459885
plane_source_integral.plot.continuous_0.25[74],4.000000289204105
plane_source_integral.plot.continuous_0.25[75],4.000001381753563
plane_source_integral.plot.continuous_0.25[76],3.9999997508881053
plane_source_integral.plot.continuous_0.25[77],4.0000003481862185
plane_source_integral.plot.continuous_0.25[78],4.000000812680473
plane_source_integral.plot.continuous_0.25[79],4.000001212086047
plane_source_integral.plot.continuous_0.25[80],4.000000717529364
plane_source_integral.plot.continuous_0.25[81],3.999999945118104
plane_source_integral.plot.continuous_0.25[82],3.999999321092246
plane_source_integral.plot.continuous_0.25[83],3.9999994661948635
plane_source_integral.plot.continuous_0.25[84],4.000000527839772
plane_source_integral.plot.continuous_0.25[85],3.9999997910453353
plane_source_integral.plot.continuous_0.25[86],3.999998245097899
plane_source_integral.plot.continuous_0.25[87],3.999998941225589
plane_source_integral.plot.continuous_0.25[88],4.0000012445824655
plane_source_integral.plot.continuous_0.25[89],4.000000677186283
plane_source_integral.plot.continuous_0.25[90],4.000000072785245
plane_source_integral.plot.continuous_0.25[91],4.000000327326757
plane_source_integral.plot.continuous_0.25[92],4.00000147045379
plane_source_integral.plot.continuous_0.25[93],3.999999125410625
plane_source_integral.plot.continuous_0.25[94],3.9999988200684755
plane_source_integral.plot.continuous_0.25[95],3.999999950567922
plane_source_integral.plot.continuous_0.25[96],4.000001219507328
plane_source_integral.plot.continuous_0.25[97],3.999999486911671
plane_source_integral.plot.continuous_0.25[98],3.9999986891163557
plane_source_integral.plot.continuous_0.25[99],4.0000005402029615
plane_source_integral.plot.continuous_0.25[100],4.000000446252947
plane_source_integral.plot.continuous_0.25[101],4.000000808226005
plane_source_integral.plot.continuous_0.25[102],4.0000001004821
plane_source_integral.plot.continuous_0.25[103],3.9999999907677593
plane_source_integral.plot.continuous_0.25[104],4.000000145940284
plane_source_integral.plot.continuous_0.25[105],4.000000229399323
plane_source_integral.plot.continuous_0.25[106],3.9999995065796132
plane_source_integral.plot.continuous_0.25[107],3.9999980761001512
plane_source_integral.plot.continuous_0.25[108],3.9999981299364515
plane_source_integral.plot.continuous_0.25[109],4.000000253184298
plane_source_integral.plot.continuous_0.25[110],3.9999999738429195
plane_source_integral.plot.continuous_0.25[111],3.9999994310085065
plane_source_integral.plot.continuous_0.25[112],4.000000640379522
plane_source_integral.plot.continuous_0.25[113],4.000001003561974
plane_source_integral.plot.continuous_0.25[114],4.000001238574935
plane_source_integral.plot.continuous_0.25[115],4.000000134530044
plane_source_integral.plot.continuous_0.25[116],4.000001946283802
plane_source_integral.plot.continuous_0.25[117],4.0000013345289105
plane_source_integral.plot.continuous_0.25[118],3.999998748354178
plane_source_integral.plot.continuous_0.25[119],3.999998384370585
plane_source_integral.plot.continuous_0.25[120],3.9999994428436816
plane_source_integral.plot.continuous_0.25[121],4.0000007512207265
plane_source_integral.plot.continuous_0.25[122],3.9999989449042737
plane_source_integral.plot.continuous_0.25[123],3.9999983765169596
plane_source_integral.plot.continuous_0.25[124],4.000000066632086
plane_source_integral.plot.continuous_0.25[125],4.000000163599641
plane_source_integral.plot.continuous_0.25[126],4.000000897901286
plane_source_integral.plot.continuous_0.25[127],4.000000300850342
plane_source_integral.plot.continuous_0.25[128],3.999999966689958
plane_source_integral.plot.continuous_0.25[129],3.9999997888449568
plane_source_integral.plot.continuous_0.25[130],4.0000004210992754
plane_source_integral.plot.continuous_0.25[131],4.000000030702626
plane_source_integral.plot.continuous_0.25[132],3.9999986266798606
plane_source_integral.plot.continuous_0.25[133],3.999998534041601
plane_source_integral.plot.continuous_0.25[134],4.000000870953221
plane_source_integral.plot.continuous_0.25[135],4.000000460273584
plane_source_integral.plot.continuous_0.25[136],3.9999997336403292
plane_source_integral.plot.continuous_0.25[137],4.000000977359734
plane_source_integral.plot.continuous_0.25[138],4.000001484587228
plane_source_integral.plot.continuous_0.25[139],4.000001877387424
plane_source_integral.plot.continuous_0.25[140],3.999998184296021
plane_source_integral.plot.continuous_0.25[141],3.9999991672394506
plane_source_integral.plot.continuous_0.25[142],3.999998288788894
plane_source_integral.plot.continuous_0.25[143],4.000000657114056
plane_source_integral.plot.continuous_0.25[144],4.0000012801247875
plane_source_integral.plot.continuous_0.25[145],4.000001360174598
plane_source_integral.plot.continuous_0.25[146],3.999999727010505
plane_source_integral.plot.continuous_0.25[147],3.999998487003251
plane_source_integral.plot.continuous_0.25[148],4.000000200153316
plane_source_integral.plot.continuous_0.25[149],4.000000770104894
plane_source_integral.plot.continuous_0.25[150],3.9999992451306277
plane_source_integral.plot.continuous_0.25[151],3.9999980438218805
plane_source_integral.plot.continuous_0.25[152],3.999999523649715
plane_source_integral.plot.continuous_0.25[153],3.999999860580094
plane_source_integral.plot.continuous_0.25[154],3.999999154591613
plane_source_integral.plot.continuous_0.25[155],3.9999989826747524
plane_source_integral.plot.continuous_0.25[156],4.000000826067135
plane_source_integral.plot.continuous_0.25[157],4.000000636080705
plane_source_integral.plot.continuous_0.25[158],4.00000064363579
plane_source_integral.plot.continuous_0.25[159],4.0000016543371775
plane_source_integral.plot.continuous_0.25[160],4.000001573856039
plane_source_integral.plot.continuous_0.25[161],4.000000153374804
plane_source_integral.plot.continuous_0.25[162],3.9999984813405742
plane_source_integral.plot.continuous_0.25[163],3.999999247606868
plane_source_integral.plot.continuous_0.25[164],4.000000036289481
plane_source_integral.plot.continuous_0.25[165],3.9999992869839183
plane_source_integral.plot.continuous_0.25[166],3.9999992166489116
plane_source_integral.plot.continuous_0.25[167],3.999999034119947
plane_source_integral.plot.continuous_0.25[168],4.000000397861058
plane_source_integral.plot.continuous_0.25[169],4.000001083201843
plane_source_integral.plot.continuous_0.25[170],4.000002198004369
plane_source_integral.plot.continuous_0.25[171],4.0000012411490395
plane_source_integral.plot.continuous_0.25[172],3.999999725730232
plane_source_integral.plot.continuous_0.25[173],4.000000389332202
plane_source_integral.plot.continuous_0.25[174],4.000000359131636
plane_source_integral.plot.continuous_0.25[175],3.999998846623007
plane_source_integral.plot.continuous_0.25[176],3.999998194136851
plane_source_integral.plot.continuous_0.25[177],3.9999998698836063
plane_source_integral.plot.continuous_0.25[178],3.9999999870569685
plane_source_integral.plot.continuous_0.25[179],3.999998846496462
plane_source_integral.plot.continuous_0.25[180],3.9999990620792207
plane_source_integral.plot.hard_0.25[0],3.9999999999999987
plane_source_integral.plot.hard_0.25[1],3.9999999999999987
plane_source_integral.plot.hard_0.25[2],3.9999999999999987
plane_source_integral.plot.hard_0.25[3],4.007812499999998
plane_source_integral.plot.hard_0.25[4],3.9999999999999987
plane_source_integral.plot.hard_0.25[5],3.9999999999999987
plane_source_integral.plot.hard_0.25[6],3.9921874999999987
plane_source_integral.plot.hard_0.25[7],3.999999999999999
plane_source_integral.plot.hard_0.25[8],4.007812499999999
plane_source_integral.plot.hard_0.25[9],4.007812499999998
plane_source_integral.plot.hard_0.25[10],3.9999999999999987
plane_source_integral.plot.hard_0.25[11],3.999999999999999
plane_source_integral.plot.hard_0.25[12],3.9999999999999987
plane_source_integral.plot.hard_0.25[13],3.992187499999999
plane_source_integral.plot.hard_0.25[14],3.9999999999999987
plane_source_integral.plot.hard_0.25[15],3.999999999999999
plane_source_integral.plot.hard_0.25[16],3.9999999999999987
plane_source_integral.plot.hard_0.25[17],3.9999999999999987
plane_source_integral.plot.hard_0.25[18],3.9999999999999987
plane_source_integral.plot.hard_0.25[19],3.992187499999999
plane_source_integral.plot.hard_0.25[20],3.9921874999999987
plane_source_integral.plot.hard_0.25[21],4.007812499999998
plane_source_integral.plot.hard_0.25[22],4.007812499999999
plane_source_integral.plot.hard_0.25[23],4.007812499999999
plane_source_integral.plot.hard_0.25[24],3.9999999999999987
plane_source_integral.plot.hard_0.25[25],3.9999999999999987
plane_source_integral.plot.hard_0.25[26],3.9999999999999987
plane_source_integral.plot.hard_0.25[27],3.992187499999999
plane_source_integral.plot.hard_0.25[28],3.9999999999999987
plane_source_integral.plot.hard_0.25[29],3.9999999999999987
plane_source_integral.plot.hard_0.25[30],3.9999999999999987
plane_source_integral.plot.hard_0.25[31],3.9921874999999987
plane_source_integral.plot.hard_0.25[32],4.007812499999999
plane_source_integral.plot.hard_0.25[33],4.007812499999999
plane_source_integral.plot.hard_0.25[34],4.007812499999998
plane_source_integral.plot.hard_0.25[35],3.9999999999999987
plane_source_integral.plot.hard_0.25[36],3.999999999999999
plane_source_integral.plot.hard_0.25[37],3.9999999999999987
plane_source_integral.plot.hard_0.25[38],3.9999999999999987
plane_source_integral.plot.hard_0.25[39],3.9999999999999987
plane_source_integral.plot.hard_0.25[40],3.999999999999999
plane_source_integral.plot.hard_0.25[41],3.999999999999999
plane_source_integral.plot.hard_0.25[42],3.9999999999999987
plane_source_integral.plot.hard_0.25[43],3.999999999999999
plane_source_integral.plot.hard_0.25[44],3.999999999999999
plane_source_integral.plot.hard_0.25[45],3.999999999999999
plane_source_integral.plot.hard_0.25[46],4.007812499999998
plane_source_integral.plot.hard_0.25[47],4.007812499999998
plane_source_integral.plot.hard_0.25[48],4.007812499999999
plane_source_integral.plot.hard_0.25[49],3.992187499999999
plane_source_integral.plot.hard_0.25[50],3.9999999999999987
plane_source_integral.plot.hard_0.25[51],3.9999999999999987
plane_source_integral.plot.hard_0.25[52],3.999999999999999
plane_source_integral.plot.hard_0.25[53],3.999999999999999
plane_source_integral.plot.hard_0.25[54],3.9999999999999987
plane_source_integral.plot.hard_0.25[55],3.9999999999999987
plane_source_integral.plot.hard_0.25[56],3.999999999999999
plane_source_integral.plot.hard_0.25[57],4.007812499999999
plane_source_integral.plot.hard_0.25[58],4.007812499999998
plane_source_integral.plot.hard_0.25[59],4.007812499999998
plane_source_integral.plot.hard_0.25[60],3.992187499999999
plane_source_integral.plot.hard_0.25[61],3.992187499999999
plane_source_integral.plot.hard_0.25[62],3.9999999999999987
plane_source_integral.plot.hard_0.25[63],3.9999999999999987
plane_source_integral.plot.hard_0.25[64],3.999999999999999
plane_source_integral.plot.hard_0.25[65],3.999999999999999
plane_source_integral.plot.hard_0.25[66],3.999999999999999
plane_source_integral.plot.hard_0.25[67],3.9921874999999987
plane_source_integral.plot.hard_0.25[68],3.9999999999999987
plane_source_integral.plot.hard_0.25[69],3.999999999999999
plane_source_integral.plot.hard_0.25[70],3.999999999999999
plane_source_integral.plot.hard_0.25[71],4.007812499999998
plane_source_integral.plot.hard_0.25[72],4.007812499999998
plane_source_integral.plot.hard_0.25[73],4.007812499999999
plane_source_integral.plot.hard_0.25[74],3.992187499999999
plane_source_integral.plot.hard_0.25[75],3.9999999999999987
plane_source_integral.plot.hard_0.25[76],3.9999999999999987
plane_source_integral.plot.hard_0.25[77],4.007812499999999
plane_source_integral.plot.hard_0.25[78],3.999999999999999
plane_source_integral.plot.hard_0.25[79],3.9999999999999987
plane_source_integral.plot.hard_0.25[80],3.9999999999999987
plane_source_integral.plot.hard_0.25[81],3.999999999999999
plane_source_integral.plot.hard_0.25[82],4.007812499999999
plane_source_integral.plot.hard_0.25[83],4.007812499999998
plane_source_integral.plot.hard_0.25[84],4.007812499999998
plane_source_integral.plot.hard_0.25[85],3.992187499999999
plane_source_integral.plot.hard_0.25[86],3.992187499999999
plane_source_integral.plot.hard_0.25[87],3.999999999999999
plane_source_integral.plot.hard_0.25[88],3.999999999999999
plane_source_integral.plot.hard_0.25[89],4.007812499999999
plane_source_integral.plot.hard_0.25[90],3.999999999999999
plane_source_integral.plot.hard_0.25[91],3.9921874999999987
plane_source_integral.plot.hard_0.25[92],3.999999999999999
plane_source_integral.plot.hard_0.25[93],3.9999999999999987
plane_source_integral.plot.hard_0.25[94],3.992187499999999
plane_source_integral.plot.hard_0.25[95],3.9921874999999987
plane_source_integral.plot.hard_0.25[96],4.007812499999998
plane_source_integral.plot.hard_0.25[97],3.9999999999999987
plane_source_integral.plot.hard_0.25[98],4.007812499999999
plane_source_integral.plot.hard_0.25[99],3.9921874999999987
plane_source_integral.plot.hard_0.25[100],3.9999999999999987
plane_source_integral.plot.hard_0.25[101],3.9999999999999987
plane_source_integral.plot.hard_0.25[102],3.9999999999999987
plane_source_integral.plot.hard_0.25[103],3.9999999999999987
plane_source_integral.plot.hard_0.25[104],3.9999999999999987
plane_source_integral.plot.hard_0.25[105],3.9999999999999987
plane_source_integral.plot.hard_0.25[106],3.9921874999999987
plane_source_integral.plot.hard_0.25[107],3.999999999999999
plane_source_integral.plot.hard_0.25[108],4.007812499999999
plane_source_integral.plot.hard_0.25[109],4.007812499999998
plane_source_integral.plot.hard_0.25[110],3.9921874999999987
plane_source_integral.plot.hard_0.25[111],3.992187499999999
plane_source_integral.plot.hard_0.25[112],3.9999999999999987
plane_source_integral.plot.hard_0.25[113],3.992187499999999
plane_source_integral.plot.hard_0.25[114],3.9999999999999987
plane_source_integral.plot.hard_0.25[115],3.999999999999999
plane_source_integral.plot.hard_0.25[116],3.9921874999999987
plane_source_integral.plot.hard_0.25[117],4.007812499999998
plane_source_integral.plot.hard_0.25[118],3.9999999999999987
plane_source_integral.plot.hard_0.25[119],3.992187499999999
plane_source_integral.plot.hard_0.25[120],3.9921874999999987
plane_source_integral.plot.hard_0.25[121],4.007812499999998
plane_source_integral.plot.hard_0.25[122],4.007812499999999
plane_source_integral.plot.hard_0.25[123],4.007812499999999
plane_source_integral.plot.hard_0.25[124],3.9999999999999987
plane_source_integral.plot.hard_0.25[125],3.9999999999999987
plane_source_integral.plot.hard_0.25[126],3.9999999999999987
plane_source_integral.plot.hard_0.25[127],3.9999999999999987
plane_source_integral.plot.hard_0.25[128],3.9999999999999987
plane_source_integral.plot.hard_0.25[129],3.9999999999999987
plane_source_integral.plot.hard_0.25[130],3.9999999999999987
plane_source_integral.plot.hard_0.25[131],3.9921874999999987
plane_source_integral.plot.hard_0.25[132],3.999999999999999
plane_source_integral.plot.hard_0.25[133],4.007812499999999
plane_source_integral.plot.hard_0.25[134],4.007812499999998
plane_source_integral.plot.hard_0.25[135],3.9921874999999987
plane_source_integral.plot.hard_0.25[136],3.999999999999999
plane_source_integral.plot.hard_0.25[137],3.9999999999999987
plane_source_integral.plot.hard_0.25[138],3.999999999999999
plane_source_integral.plot.hard_0.25[139],3.9999999999999987
plane_source_integral.plot.hard_0.25[140],3.999999999999999
plane_source_integral.plot.hard_0.25[141],3.999999999999999
plane_source_integral.plot.hard_0.25[142],3.9999999999999987
plane_source_integral.plot.hard_0.25[143],3.999999999999999
plane_source_integral.plot.hard_0.25[144],3.999999999999999
plane_source_integral.plot.hard_0.25[145],3.992187499999999
plane_source_integral.plot.hard_0.25[146],4.007812499999998
plane_source_integral.plot.hard_0.25[147],4.007812499999998
plane_source_integral.plot.hard_0.25[148],3.999999999999999
plane_source_integral.plot.hard_0.25[149],3.992187499999999
plane_source_integral.plot.hard_0.25[150],3.9999999999999987
plane_source_integral.plot.hard_0.25[151],3.9999999999999987
plane_source_integral.plot.hard_0.25[152],3.999999999999999
plane_source_integral.plot.hard_0.25[153],3.999999999999999
plane_source_integral.plot.hard_0.25[154],3.9999999999999987
plane_source_integral.plot.hard_0.25[155],3.9999999999999987
plane_source_integral.plot.hard_0.25[156],3.999999999999999
plane_source_integral.plot.hard_0.25[157],4.007812499999999
plane_source_integral.plot.hard_0.25[158],4.007812499999998
plane_source_integral.plot.hard_0.25[159],4.007812499999998
plane_source_integral.plot.hard_0.25[160],3.992187499999999
plane_source_integral.plot.hard_0.25[161],3.992187499999999
plane_source_integral.plot.hard_0.25[162],3.9999999999999987
plane_source_integral.plot.hard_0.25[163],4.007812499999999
plane_source_integral.plot.hard_0.25[164],3.992187499999999
plane_source_integral.plot.hard_0.25[165],3.999999999999999
plane_source_integral.plot.hard_0.25[166],3.999999999999999
plane_source_integral.plot.hard_0.25[167],3.9921874999999987
plane_source_integral.plot.hard_0.25[168],3.9999999999999987
plane_source_integral.plot.hard_0.25[169],3.992187499999999
plane_source_integral.plot.hard_0.25[170],3.992187499999999
plane_source_integral.plot.hard_0.25[171],4.007812499999998
plane_source_integral.plot.hard_0.25[172],4.007812499999998
plane_source_integral.plot.hard_0.25[173],3.999999999999999
plane_source_integral.plot.hard_0.25[174],3.992187499999999
plane_source_integral.plot.hard_0.25[175],3.9999999999999987
plane_source_integral.plot.hard_0.25[176],3.9999999999999987
plane_source_integral.plot.hard_0.25[177],3.999999999999999
plane_source_integral.plot.hard_0.25[178],3.999999999999999
plane_source_integral.plot.hard_0.25[179],3.9999999999999987
plane_source_integral.plot.hard_0.25[180],3.9999999999999987
plane_source_integral.plot.continuous_0.125[0],3.9999871299779413
plane_source_integral.plot.continuous_0.125[1],3.9999997568369934
plane_source_integral.plot.continuous_0.125[2],4.000000847092958
plane_source_integral.plot.continuous_0.125[3],3.9999968048012984
plane_source_integral.plot.continuous_0.125[4],3.9999959488263848
plane_source_integral.plot.continuous_0.125[5],3.999998293546546
plane_source_integral.plot.continuous_0.125[6],4.000007261891108
plane_source_integral.plot.continuous_0.125[7],3.999997443004461
plane_source_integral.plot.continuous_0.125[8],3.999994452941023
plane_source_integral.plot.continuous_0.125[9],4.000003281917124
plane_source_integral.plot.continuous_0.125[10],3.999999240633825
plane_source_integral.plot.continuous_0.125[11],4.00000865725967
plane_source_integral.plot.continuous_0.125[12],3.999992027757184
plane_source_integral.plot.continuous_0.125[13],4.00000357116507
plane_source_integral.plot.continuous_0.125[14],4.000005225129018
plane_source_integral.plot.continuous_0.125[15],3.9999931447733763
plane_source_integral.plot.continuous_0.125[16],4.000014602762075
plane_source_integral.plot.continuous_0.125[17],4.000003426398653
plane_source_integral.plot.continuous_0.125[18],4.000000356745146
plane_source_integral.plot.continuous_0.125[19],4.000006546273673
plane_source_integral.plot.continuous_0.125[20],4.000005245311905
plane_source_integral.plot.continuous_0.125[21],3.999998581071059
plane_source_integral.plot.continuous_0.125[22],4.000004217447696
plane_source_integral.plot.continuous_0.125[23],3.999988338996027
plane_source_integral.plot.continuous_0.125[24],4.000005194804204
plane_source_integral.plot.continuous_0.125[25],3.999987171199312
plane_source_integral.plot.continuous_0.125[26],3.999999199145371
plane_source_integral.plot.continuous_0.125[27],4.000000057397061
plane_source_integral.plot.continuous_0.125[28],3.9999985347110067
plane_source_integral.plot.continuous_0.125[29],3.999996602448749
plane_source_integral.plot.continuous_0.125[30],3.9999972223859515
plane_source_integral.plot.continuous_0.125[31],4.000006460848462
plane_source_integral.plot.continuous_0.125[32],3.9999961783596127
plane_source_integral.plot.continuous_0.125[33],3.999998005165679
plane_source_integral.plot.continuous_0.125[34],4.000002898330528
plane_source_integral.plot.continuous_0.125[35],3.999999279671192
plane_source_integral.plot.continuous_0.125[36],4.000009708152763
plane_source_integral.plot.continuous_0.125[37],3.999990014511913
plane_source_integral.plot.continuous_0.125[38],4.000004998727084
plane_source_integral.plot.continuous_0.125[39],4.000006584872302
plane_source_integral.plot.continuous_0.125[40],4.0000005579674385
plane_source_integral.plot.continuous_0.125[41],4.000012054055476
plane_source_integral.plot.continuous_0.125[42],4.000009019541844
plane_source_integral.plot.continuous_0.125[43],3.9999918622206216
plane_source_integral.plot.continuous_0.125[44],4.0000026098389565
plane_source_integral.plot.continuous_0.125[45],3.9999989011169363
plane_source_integral.plot.continuous_0.125[46],4.000003391904415
plane_source_integral.plot.continuous_0.125[47],3.999998064997129
plane_source_integral.plot.continuous_0.125[48],3.9999951318349782
plane_source_integral.plot.continuous_0.125[49],4.000001166381852
plane_source_integral.plot.continuous_0.125[50],4.000004594226076
plane_source_integral.plot.continuous_0.125[51],3.9999968505706827
plane_source_integral.plot.continuous_0.125[52],3.9999987396359105
plane_source_integral.plot.continuous_0.125[53],3.999998897431065
plane_source_integral.plot.continuous_0.125[54],3.999999071331775
plane_source_integral.plot.continuous_0.125[55],3.999995669479271
plane_source_integral.plot.continuous_0.125[56],3.9999989490843157
plane_source_integral.plot.continuous_0.125[57],3.9999864203549738
plane_source_integral.plot.continuous_0.125[58],4.000005113437773
plane_source_integral.plot.continuous_0.125[59],3.999998197321274
plane_source_integral.plot.continuous_0.125[60],4.0000063839538305
plane_source_integral.plot.continuous_0.125[61],3.9999985900415567
plane_source_integral.plot.continuous_0.125[62],4.000002784211344
plane_source_integral.plot.continuous_0.125[63],4.000008918257369
plane_source_integral.plot.continuous_0.125[64],4.000013069742036
plane_source_integral.plot.continuous_0.125[65],3.9999938535529638
plane_source_integral.plot.continuous_0.125[66],4.000003813575101
plane_source_integral.plot.continuous_0.125[67],4.000009023271291
plane_source_integral.plot.continuous_0.125[68],3.9999944925803685
plane_source_integral.plot.continuous_0.125[69],4.00000064798359
plane_source_integral.plot.continuous_0.125[70],4.000000456033756
plane_source_integral.plot.continuous_0.125[71],4.000002755550716
plane_source_integral.plot.continuous_0.125[72],3.9999953910549007
plane_source_integral.plot.continuous_0.125[73],3.9999956560159644
plane_source_integral.plot.continuous_0.125[74],4.0000009721137175
plane_source_integral.plot.continuous_0.125[75],4.000006681728742
plane_source_integral.plot.continuous_0.125[76],3.999995820464959
plane_source_integral.plot.continuous_0.125[77],3.999995771382661
plane_source_integral.plot.continuous_0.125[78],4.0000010234509
plane_source_integral.plot.continuous_0.125[79],3.999999983421386
plane_source_integral.plot.continuous_0.125[80],3.9999944839698687
plane_source_integral.plot.continuous_0.125[81],3.9999999648391
plane_source_integral.plot.continuous_0.125[82],3.99998579077462
plane_source_integral.plot.continuous_0.125[83],4.0000045176701065
plane_source_integral.plot.continuous_0.125[84],3.9999977662521484
plane_source_integral.plot.continuous_0.125[85],4.00000505546949
plane_source_integral.plot.continuous_0.125[86],3.99999909137707
plane_source_integral.plot.continuous_0.125[87],4.00000373465809
plane_source_integral.plot.continuous_0.125[88],4.000006783819202
plane_source_integral.plot.continuous_0.125[89],4.0000030106287605
plane_source_integral.plot.continuous_0.125[90],3.999991087461861
plane_source_integral.plot.continuous_0.125[91],4.000002476857105
plane_source_integral.plot.continuous_0.125[92],4.000003763303534
plane_source_integral.plot.continuous_0.125[93],3.9999991902854775
plane_source_integral.plot.continuous_0.125[94],3.9999935642243534
plane_source_integral.plot.continuous_0.125[95],4.000005325395125
plane_source_integral.plot.continuous_0.125[96],3.999994445308055
plane_source_integral.plot.continuous_0.125[97],4.000003381536898
plane_source_integral.plot.continuous_0.125[98],3.9999941473138048
plane_source_integral.plot.continuous_0.125[99],4.000002859940956
plane_source_integral.plot.continuous_0.125[100],4.000007524826504
plane_source_integral.plot.continuous_0.125[101],3.9999954435307954
plane_source_integral.plot.continuous_0.125[102],4.000006458272889
plane_source_integral.plot.continuous_0.125[103],4.000008411793683
plane_source_integral.plot.continuous_0.125[104],3.999993057572121
plane_source_integral.plot.continuous_0.125[105],4.000018060201199
plane_source_integral.plot.continuous_0.125[106],4.0000034547930765
plane_source_integral.plot.continuous_0.125[107],4.000001463908341
plane_source_integral.plot.continuous_0.125[108],3.999998033746914
plane_source_integral.plot.continuous_0.125[109],3.9999951074493216
plane_source_integral.plot.continuous_0.125[110],3.9999986518074158
plane_source_integral.plot.continuous_0.125[111],3.9999965520818197
plane_source_integral.plot.continuous_0.125[112],3.9999908548989707
plane_source_integral.plot.continuous_0.125[113],4.0000044182367125
plane_source_integral.plot.continuous_0.125[114],3.999992222362306
plane_source_integral.plot.continuous_0.125[115],4.000000297461066
plane_source_integral.plot.continuous_0.125[116],4.00000278204707
plane_source_integral.plot.continuous_0.125[117],4.000003450185927
plane_source_integral.plot.continuous_0.125[118],3.9999997533137956
plane_source_integral.plot.continuous_0.125[119],3.999992128833345
plane_source_integral.plot.continuous_0.125[120],4.000006618804649
plane_source_integral.plot.continuous_0.125[121],3.9999918082280868
plane_source_integral.plot.continuous_0.125[122],4.000004631297149
plane_source_integral.plot.continuous_0.125[123],3.999993104197716
plane_source_integral.plot.continuous_0.125[124],4.000002061968934
plane_source_integral.plot.continuous_0.125[125],4.000007085116414
plane_source_integral.plot.continuous_0.125[126],3.9999963157996596
plane_source_integral.plot.continuous_0.125[127],4.000010185381264
plane_source_integral.plot.continuous_0.125[128],4.00000638142523
plane_source_integral.plot.continuous_0.125[129],3.999992707946997
plane_source_integral.plot.continuous_0.125[130],4.000015978862731
plane_source_integral.plot.continuous_0.125[131],4.000004442948868
plane_source_integral.plot.continuous_0.125[132],4.00000286095376
plane_source_integral.plot.continuous_0.125[133],3.999998131481018
plane_source_integral.plot.continuous_0.125[134],3.9999993858486294
plane_source_integral.plot.continuous_0.125[135],3.9999984810058495
plane_source_integral.plot.continuous_0.125[136],3.999997588906388
plane_source_integral.plot.continuous_0.125[137],3.999987269676107
plane_source_integral.plot.continuous_0.125[138],4.000008208140736
plane_source_integral.plot.continuous_0.125[139],3.9999957008234763
plane_source_integral.plot.continuous_0.125[140],4.000007729107757
plane_source_integral.plot.continuous_0.125[141],3.999991909150351
plane_source_integral.plot.continuous_0.125[142],4.000002645473934
plane_source_integral.plot.continuous_0.125[143],3.9999850866127185
plane_source_integral.plot.continuous_0.125[144],4.000005954376946
plane_source_integral.plot.continuous_0.125[145],3.9999975688811635
plane_source_integral.plot.continuous_0.125[146],3.999997105178312
plane_source_integral.plot.continuous_0.125[147],3.999997722525819
plane_source_integral.plot.continuous_0.125[148],4.000004033379307
plane_source_integral.plot.continuous_0.125[149],4.000009704664085
plane_source_integral.plot.continuous_0.125[150],4.000008991372162
plane_source_integral.plot.continuous_0.125[151],3.999992562268624
plane_source_integral.plot.continuous_0.125[152],4.000006454068006
plane_source_integral.plot.continuous_0.125[153],4.000010332051234
plane_source_integral.plot.continuous_0.125[154],3.9999962136698715
plane_source_integral.plot.continuous_0.125[155],4.000000039159027
plane_source_integral.plot.continuous_0.125[156],4.000007316698024
plane_source_integral.plot.continuous_0.125[157],3.9999943544073315
plane_source_integral.plot.continuous_0.125[158],4.000006113791119
plane_source_integral.plot.continuous_0.125[159],3.999993324611308
plane_source_integral.plot.continuous_0.125[160],4.000005914804246
plane_source_integral.plot.continuous_0.125[161],4.000000661709446
plane_source_integral.plot.continuous_0.125[162],3.99999739307221
plane_source_integral.plot.continuous_0.125[163],3.99999818077644
plane_source_integral.plot.continuous_0.125[164],4.000003639688511
plane_source_integral.plot.continuous_0.125[165],3.999998037561966
plane_source_integral.plot.continuous_0.125[166],3.9999914583426968
plane_source_integral.plot.continuous_0.125[167],4.000000303970219
plane_source_integral.plot.continuous_0.125[168],3.999988854108772
plane_source_integral.plot.continuous_0.125[169],4.000003136007333
plane_source_integral.plot.continuous_0.125[170],3.9999988801558164
plane_source_integral.plot.continuous_0.125[171],3.9999973089274015
plane_source_integral.plot.continuous_0.125[172],3.999997590712276
plane_source_integral.plot.continuous_0.125[173],4.0000029727030695
plane_source_integral.plot.continuous_0.125[174],4.000009722476456
plane_source_integral.plot.continuous_0.125[175],4.000009298715127
plane_source_integral.plot.continuous_0.125[176],3.999993141322926
plane_source_integral.plot.continuous_0.125[177],4.000009243484765
plane_source_integral.plot.continuous_0.125[178],4.000007268631408
plane_source_integral.plot.continuous_0.125[179],3.999995486972837
plane_source_integral.plot.continuous_0.125[180],3.999998688935449
plane_source_integral.plot.hard_0.125[0],3.999999999999999
plane_source_integral.plot.hard_0.125[1],3.999999999999999
plane_source_integral.plot.hard_0.125[2],3.999999999999999
plane_source_integral.plot.hard_0.125[3],3.999999999999999
plane_source_integral.plot.hard_0.125[4],3.999999999999999
plane_source_integral.plot.hard_0.125[5],3.984374999999999
plane_source_integral.plot.hard_0.125[6],3.984374999999999
plane_source_integral.plot.hard_0.125[7],3.9999999999999987
plane_source_integral.plot.hard_0.125[8],3.9843749999999987
plane_source_integral.plot.hard_0.125[9],3.984374999999999
plane_source_integral.plot.hard_0.125[10],4.015624999999999
plane_source_integral.plot.hard_0.125[11],3.999999999999999
plane_source_integral.plot.hard_0.125[12],3.984374999999999
plane_source_integral.plot.hard_0.125[13],3.9999999999999987
plane_source_integral.plot.hard_0.125[14],3.9999999999999987
plane_source_integral.plot.hard_0.125[15],3.999999999999999
plane_source_integral.plot.hard_0.125[16],3.9999999999999987
plane_source_integral.plot.hard_0.125[17],3.9999999999999987
plane_source_integral.plot.hard_0.125[18],4.015624999999999
plane_source_integral.plot.hard_0.125[19],3.999999999999999
plane_source_integral.plot.hard_0.125[20],4.015624999999999
plane_source_integral.plot.hard_0.125[21],3.984374999999999
plane_source_integral.plot.hard_0.125[22],3.9843749999999987
plane_source_integral.plot.hard_0.125[23],3.9999999999999987
plane_source_integral.plot.hard_0.125[24],4.015624999999999
plane_source_integral.plot.hard_0.125[25],4.015624999999999
plane_source_integral.plot.hard_0.125[26],3.999999999999999
plane_source_integral.plot.hard_0.125[27],3.999999999999999
plane_source_integral.plot.hard_0.125[28],3.999999999999999
plane_source_integral.plot.hard_0.125[29],3.999999999999999
plane_source_integral.plot.hard_0.125[30],3.999999999999999
plane_source_integral.plot.hard_0.125[31],3.999999999999999
plane_source_integral.plot.hard_0.125[32],3.9999999999999987
plane_source_integral.plot.hard_0.125[33],3.9999999999999987
plane_source_integral.plot.hard_0.125[34],3.984374999999999
plane_source_integral.plot.hard_0.125[35],4.015624999999999
plane_source_integral.plot.hard_0.125[36],4.015624999999999
plane_source_integral.plot.hard_0.125[37],3.984374999999999
plane_source_integral.plot.hard_0.125[38],3.9999999999999987
plane_source_integral.plot.hard_0.125[39],3.9999999999999987
plane_source_integral.plot.hard_0.125[40],3.999999999999999
plane_source_integral.plot.hard_0.125[41],3.9999999999999987
plane_source_integral.plot.hard_0.125[42],3.9999999999999987
plane_source_integral.plot.hard_0.125[43],3.984374999999999
plane_source_integral.plot.hard_0.125[44],3.999999999999999
plane_source_integral.plot.hard_0.125[45],4.015624999999998
plane_source_integral.plot.hard_0.125[46],3.9843749999999987
plane_source_integral.plot.hard_0.125[47],3.9999999999999982
plane_source_integral.plot.hard_0.125[48],3.9999999999999987
plane_source_integral.plot.hard_0.125[49],3.9999999999999987
plane_source_integral.plot.hard_0.125[50],3.999999999999999
plane_source_integral.plot.hard_0.125[51],3.9999999999999987
plane_source_integral.plot.hard_0.125[52],3.999999999999999
plane_source_integral.plot.hard_0.125[53],3.999999999999999
plane_source_integral.plot.hard_0.125[54],3.9999999999999987
plane_source_integral.plot.hard_0.125[55],4.015624999999999
plane_source_integral.plot.hard_0.125[56],4.015624999999998
plane_source_integral.plot.hard_0.125[57],3.9999999999999987
plane_source_integral.plot.hard_0.125[58],3.984374999999999
plane_source_integral.plot.hard_0.125[59],3.9843749999999987
plane_source_integral.plot.hard_0.125[60],4.015624999999998
plane_source_integral.plot.hard_0.125[61],3.999999999999999
plane_source_integral.plot.hard_0.125[62],4.015624999999998
plane_source_integral.plot.hard_0.125[63],3.9999999999999987
plane_source_integral.plot.hard_0.125[64],3.999999999999999
plane_source_integral.plot.hard_0.125[65],3.999999999999999
plane_source_integral.plot.hard_0.125[66],3.999999999999999
plane_source_integral.plot.hard_0.125[67],3.9999999999999987
plane_source_integral.plot.hard_0.125[68],3.984374999999999
plane_source_integral.plot.hard_0.125[69],3.999999999999999
plane_source_integral.plot.hard_0.125[70],4.015624999999998
plane_source_integral.plot.hard_0.125[71],3.9843749999999987
plane_source_integral.plot.hard_0.125[72],3.984374999999999
plane_source_integral.plot.hard_0.125[73],3.9999999999999987
plane_source_integral.plot.hard_0.125[74],3.9843749999999987
plane_source_integral.plot.hard_0.125[75],3.984374999999999
plane_source_integral.plot.hard_0.125[76],3.9999999999999987
plane_source_integral.plot.hard_0.125[77],3.999999999999999
plane_source_integral.plot.hard_0.125[78],3.999999999999999
plane_source_integral.plot.hard_0.125[79],3.9999999999999987
plane_source_integral.plot.hard_0.125[80],3.999999999999999
plane_source_integral.plot.hard_0.125[81],4.015624999999998
plane_source_integral.plot.hard_0.125[82],3.9999999999999987
plane_source_integral.plot.hard_0.125[83],3.984374999999999
plane_source_integral.plot.hard_0.125[84],3.9843749999999987
plane_source_integral.plot.hard_0.125[85],4.015624999999998
plane_source_integral.plot.hard_0.125[86],3.984374999999999
plane_source_integral.plot.hard_0.125[87],4.015624999999998
plane_source_integral.plot.hard_0.125[88],3.9999999999999987
plane_source_integral.plot.hard_0.125[89],3.999999999999999
plane_source_integral.plot.hard_0.125[90],3.999999999999999
plane_source_integral.plot.hard_0.125[91],3.999999999999999
plane_source_integral.plot.hard_0.125[92],3.9999999999999987
plane_source_integral.plot.hard_0.125[93],4.015624999999999
plane_source_integral.plot.hard_0.125[94],3.984374999999999
plane_source_integral.plot.hard_0.125[95],4.015624999999999
plane_source_integral.plot.hard_0.125[96],3.984374999999999
plane_source_integral.plot.hard_0.125[97],3.9843749999999987
plane_source_integral.plot.hard_0.125[98],3.9999999999999987
plane_source_integral.plot.hard_0.125[99],4.015624999999999
plane_source_integral.plot.hard_0.125[100],4.015624999999999
plane_source_integral.plot.hard_0.125[101],3.999999999999999
plane_source_integral.plot.hard_0.125[102],3.999999999999999
plane_source_integral.plot.hard_0.125[103],3.999999999999999
plane_source_integral.plot.hard_0.125[104],3.999999999999999
plane_source_integral.plot.hard_0.125[105],3.984374999999999
plane_source_integral.plot.hard_0.125[106],3.984374999999999
plane_source_integral.plot.hard_0.125[107],3.9999999999999987
plane_source_integral.plot.hard_0.125[108],3.9843749999999987
plane_source_integral.plot.hard_0.125[109],3.984374999999999
plane_source_integral.plot.hard_0.125[110],4.015624999999999
plane_source_integral.plot.hard_0.125[111],4.015624999999999
plane_source_integral.plot.hard_0.125[112],3.984374999999999
plane_source_integral.plot.hard_0.125[113],3.9999999999999987
plane_source_integral.plot.hard_0.125[114],3.9999999999999987
plane_source_integral.plot.hard_0.125[115],3.999999999999999
plane_source_integral.plot.hard_0.125[116],3.9999999999999987
plane_source_integral.plot.hard_0.125[117],3.9999999999999987
plane_source_integral.plot.hard_0.125[118],4.015624999999999
plane_source_integral.plot.hard_0.125[119],3.984374999999999
plane_source_integral.plot.hard_0.125[120],4.015624999999999
plane_source_integral.plot.hard_0.125[121],3.984374999999999
plane_source_integral.plot.hard_0.125[122],3.9843749999999987
plane_source_integral.plot.hard_0.125[123],3.9999999999999987
plane_source_integral.plot.hard_0.125[124],4.015624999999999
plane_source_integral.plot.hard_0.125[125],4.015624999999999
plane_source_integral.plot.hard_0.125[126],3.999999999999999
plane_source_integral.plot.hard_0.125[127],3.999999999999999
plane_source_integral.plot.hard_0.125[128],3.999999999999999
plane_source_integral.plot.hard_0.125[129],3.999999999999999
plane_source_integral.plot.hard_0.125[130],3.984374999999999
plane_source_integral.plot.hard_0.125[131],3.984374999999999
plane_source_integral.plot.hard_0.125[132],3.9999999999999987
plane_source_integral.plot.hard_0.125[133],3.9843749999999987
plane_source_integral.plot.hard_0.125[134],3.984374999999999
plane_source_integral.plot.hard_0.125[135],3.9999999999999987
plane_source_integral.plot.hard_0.125[136],4.015624999999999
plane_source_integral.plot.hard_0.125[137],3.984374999999999
plane_source_integral.plot.hard_0.125[138],3.9999999999999987
plane_source_integral.plot.hard_0.125[139],3.9999999999999987
plane_source_integral.plot.hard_0.125[140],3.999999999999999
plane_source_integral.plot.hard_0.125[141],3.9999999999999987
plane_source_integral.plot.hard_0.125[142],3.9999999999999987
plane_source_integral.plot.hard_0.125[143],3.984374999999999
plane_source_integral.plot.hard_0.125[144],4.015624999999999
plane_source_integral.plot.hard_0.125[145],3.9999999999999987
plane_source_integral.plot.hard_0.125[146],3.9843749999999987
plane_source_integral.plot.hard_0.125[147],3.984374999999999
plane_source_integral.plot.hard_0.125[148],3.9999999999999987
plane_source_integral.plot.hard_0.125[149],3.9843749999999987
plane_source_integral.plot.hard_0.125[150],3.984374999999999
plane_source_integral.plot.hard_0.125[151],3.9999999999999987
plane_source_integral.plot.hard_0.125[152],3.999999999999999
plane_source_integral.plot.hard_0.125[153],3.999999999999999
plane_source_integral.plot.hard_0.125[154],3.9999999999999987
plane_source_integral.plot.hard_0.125[155],4.015624999999999
plane_source_integral.plot.hard_0.125[156],4.015624999999998
plane_source_integral.plot.hard_0.125[157],3.9999999999999987
plane_source_integral.plot.hard_0.125[158],3.984374999999999
plane_source_integral.plot.hard_0.125[159],3.9843749999999987
plane_source_integral.plot.hard_0.125[160],4.015624999999998
plane_source_integral.plot.hard_0.125[161],3.984374999999999
plane_source_integral.plot.hard_0.125[162],4.015624999999998
plane_source_integral.plot.hard_0.125[163],3.9999999999999987
plane_source_integral.plot.hard_0.125[164],3.999999999999999
plane_source_integral.plot.hard_0.125[165],3.999999999999999
plane_source_integral.plot.hard_0.125[166],3.999999999999999
plane_source_integral.plot.hard_0.125[167],3.9999999999999987
plane_source_integral.plot.hard_0.125[168],3.9999999999999987
plane_source_integral.plot.hard_0.125[169],4.015624999999999
plane_source_integral.plot.hard_0.125[170],4.015624999999998
plane_source_integral.plot.hard_0.125[171],3.9843749999999987
plane_source_integral.plot.hard_0.125[172],3.984374999999999
plane_source_integral.plot.hard_0.125[173],3.9999999999999987
plane_source_integral.plot.hard_0.125[174],3.9843749999999987
plane_source_integral.plot.hard_0.125[175],3.984374999999999
plane_source_integral.plot.hard_0.125[176],3.9999999999999987
plane_source_integral.plot.hard_0.125[177],3.999999999999999
plane_source_integral.plot.hard_0.125[178],3.999999999999999
plane_source_integral.plot.hard_0.125[179],3.9999999999999987
plane_source_integral.plot.hard_0.125[180],4.015624999999999
plane_source_integral.plot.continuous_0.03125[0],4.00053313841703
plane_source_integral.plot.continuous_0.03125[1],3.9990617589140465
plane_source_integral.plot.continuous_0.03125[2],4.001283056710277
plane_source_integral.plot.continuous_0.03125[3],3.9999596185759145
plane_source_integral.plot.continuous_0.03125[4],3.999586613578055
plane_source_integral.plot.continuous_0.03125[5],4.00037107394684
plane_source_integral.plot.continuous_0.03125[6],4.000603989494547
plane_source_integral.plot.continuous_0.03125[7],3.999948085001329
plane_source_integral.plot.continuous_0.03125[8],4.001417346487092
plane_source_integral.plot.continuous_0.03125[9],3.998412133432975
plane_source_integral.plot.continuous_0.03125[10],4.000429002644903
plane_source_integral.plot.continuous_0.03125[11],3.9989859364768816
plane_source_integral.plot.continuous_0.03125[12],3.9997235230742776
plane_source_integral.plot.continuous_0.03125[13],4.00023500775031
plane_source_integral.plot.continuous_0.03125[14],3.9991839860437475
plane_source_integral.plot.continuous_0.03125[15],4.000166502591836
plane_source_integral.plot.continuous_0.03125[16],3.999579463362568
plane_source_integral.plot.continuous_0.03125[17],3.9986270321773114
plane_source_integral.plot.continuous_0.03125[18],4.000584657046453
plane_source_integral.plot.continuous_0.03125[19],3.9998496905615704
plane_source_integral.plot.continuous_0.03125[20],4.001152229229936
plane_source_integral.plot.continuous_0.03125[21],3.999329844717871
plane_source_integral.plot.continuous_0.03125[22],3.9995527984660075
plane_source_integral.plot.continuous_0.03125[23],4.0009246059188985
plane_source_integral.plot.continuous_0.03125[24],3.9987238482987553
plane_source_integral.plot.continuous_0.03125[25],4.000547144691042
plane_source_integral.plot.continuous_0.03125[26],3.999115329907999
plane_source_integral.plot.continuous_0.03125[27],4.001379889726096
plane_source_integral.plot.continuous_0.03125[28],3.9999484956164135
plane_source_integral.plot.continuous_0.03125[29],3.9994086532601782
plane_source_integral.plot.continuous_0.03125[30],4.000561444490961
plane_source_integral.plot.continuous_0.03125[31],4.00042852740634
plane_source_integral.plot.continuous_0.03125[32],4.000170535153561
plane_source_integral.plot.continuous_0.03125[33],4.001151713015261
plane_source_integral.plot.continuous_0.03125[34],3.9985761255891874
plane_source_integral.plot.continuous_0.03125[35],4.000438090094841
plane_source_integral.plot.continuous_0.03125[36],3.998785910020042
plane_source_integral.plot.continuous_0.03125[37],3.9996512709710816
plane_source_integral.plot.continuous_0.03125[38],4.000499372010825
plane_source_integral.plot.continuous_0.03125[39],3.9992539082886567
plane_source_integral.plot.continuous_0.03125[40],4.00144173870642
plane_source_integral.plot.continuous_0.03125[41],3.999218086128822
plane_source_integral.plot.continuous_0.03125[42],4.000521905714954
plane_source_integral.plot.continuous_0.03125[43],3.9997638855162427
plane_source_integral.plot.continuous_0.03125[44],3.998814863886559
plane_source_integral.plot.continuous_0.03125[45],4.000429256083991
plane_source_integral.plot.continuous_0.03125[46],3.9985422214624364
plane_source_integral.plot.continuous_0.03125[47],4.0010832124700855
plane_source_integral.plot.continuous_0.03125[48],4.0001672432658975
plane_source_integral.plot.continuous_0.03125[49],4.00041819314206
plane_source_integral.plot.continuous_0.03125[50],4.000568749465936
plane_source_integral.plot.continuous_0.03125[51],3.999406060671836
plane_source_integral.plot.continuous_0.03125[52],3.9999198752214755
plane_source_integral.plot.continuous_0.03125[53],4.001397917409271
plane_source_integral.plot.continuous_0.03125[54],3.99913001719172
plane_source_integral.plot.continuous_0.03125[55],4.000545826119053
plane_source_integral.plot.continuous_0.03125[56],3.998707490277405
plane_source_integral.plot.continuous_0.03125[57],4.000920364415873
plane_source_integral.plot.continuous_0.03125[58],3.9996060414583336
plane_source_integral.plot.continuous_0.03125[59],3.999372453778438
plane_source_integral.plot.continuous_0.03125[60],4.001161500376027
plane_source_integral.plot.continuous_0.03125[61],3.9998264704338107
plane_source_integral.plot.continuous_0.03125[62],4.000679692617449
plane_source_integral.plot.continuous_0.03125[63],3.9986222394331703
plane_source_integral.plot.continuous_0.03125[64],3.999613399318129
plane_source_integral.plot.continuous_0.03125[65],4.00024490276715
plane_source_integral.plot.continuous_0.03125[66],3.9992244819123988
plane_source_integral.plot.continuous_0.03125[67],4.000222471736195
plane_source_integral.plot.continuous_0.03125[68],3.9998078045844254
plane_source_integral.plot.continuous_0.03125[69],3.998977174274447
plane_source_integral.plot.continuous_0.03125[70],4.000449198295755
plane_source_integral.plot.continuous_0.03125[71],3.9984407295102145
plane_source_integral.plot.continuous_0.03125[72],4.001464275984233
plane_source_integral.plot.continuous_0.03125[73],3.99995157571812
plane_source_integral.plot.continuous_0.03125[74],4.000589015477427
plane_source_integral.plot.continuous_0.03125[75],4.000351382226235
plane_source_integral.plot.continuous_0.03125[76],3.9996031873983866
plane_source_integral.plot.continuous_0.03125[77],3.9999857937950454
plane_source_integral.plot.continuous_0.03125[78],4.001243314749484
plane_source_integral.plot.continuous_0.03125[79],3.9990484782695273
plane_source_integral.plot.continuous_0.03125[80],4.000542836792123
plane_source_integral.plot.continuous_0.03125[81],3.9989831231413104
plane_source_integral.plot.continuous_0.03125[82],4.000714891173169
plane_source_integral.plot.continuous_0.03125[83],3.99965069951556
plane_source_integral.plot.continuous_0.03125[84],3.9994303770808863
plane_source_integral.plot.continuous_0.03125[85],4.001348652058298
plane_source_integral.plot.continuous_0.03125[86],3.9998612144597017
plane_source_integral.plot.continuous_0.03125[87],4.000732474581454
plane_source_integral.plot.continuous_0.03125[88],3.998525682214071
plane_source_integral.plot.continuous_0.03125[89],3.9998416417651934
plane_source_integral.plot.continuous_0.03125[90],3.998595764802661
plane_source_integral.plot.continuous_0.03125[91],4.000764546725501
plane_source_integral.plot.continuous_0.03125[92],3.999546348366139
plane_source_integral.plot.continuous_0.03125[93],4.000256612081739
plane_source_integral.plot.continuous_0.03125[94],4.0011380706633375
plane_source_integral.plot.continuous_0.03125[95],3.999184524345684
plane_source_integral.plot.continuous_0.03125[96],4.00140219556198
plane_source_integral.plot.continuous_0.03125[97],3.9989669764803097
plane_source_integral.plot.continuous_0.03125[98],3.9998950595722436
plane_source_integral.plot.continuous_0.03125[99],3.999527556961158
plane_source_integral.plot.continuous_0.03125[100],3.9993343920369426
plane_source_integral.plot.continuous_0.03125[101],4.000184473091405
plane_source_integral.plot.continuous_0.03125[102],4.000087835160546
plane_source_integral.plot.continuous_0.03125[103],3.998714201646335
plane_source_integral.plot.continuous_0.03125[104],4.000598670965536
plane_source_integral.plot.continuous_0.03125[105],3.9993925159976507
plane_source_integral.plot.continuous_0.03125[106],4.001112450072995
plane_source_integral.plot.continuous_0.03125[107],3.999137101230257
plane_source_integral.plot.continuous_0.03125[108],4.000441573876044
plane_source_integral.plot.continuous_0.03125[109],4.000551634977919
plane_source_integral.plot.continuous_0.03125[110],3.99852770958058
plane_source_integral.plot.continuous_0.03125[111],4.000260078829008
plane_source_integral.plot.continuous_0.03125[112],3.999159375268014
plane_source_integral.plot.continuous_0.03125[113],4.001335095142281
plane_source_integral.plot.continuous_0.03125[114],4.0004262084319535
plane_source_integral.plot.continuous_0.03125[115],3.9994503586237204
plane_source_integral.plot.continuous_0.03125[116],4.000764305840743
plane_source_integral.plot.continuous_0.03125[117],3.999714351770491
plane_source_integral.plot.continuous_0.03125[118],4.000038655837285
plane_source_integral.plot.continuous_0.03125[119],4.001121177935626
plane_source_integral.plot.continuous_0.03125[120],3.999276991020616
plane_source_integral.plot.continuous_0.03125[121],4.001558330784575
plane_source_integral.plot.continuous_0.03125[122],3.998586607037495
plane_source_integral.plot.continuous_0.03125[123],4.000074824585337
plane_source_integral.plot.continuous_0.03125[124],3.999186388436904
plane_source_integral.plot.continuous_0.03125[125],3.99960918034136
plane_source_integral.plot.continuous_0.03125[126],4.000115011533227
plane_source_integral.plot.continuous_0.03125[127],4.000123779589051
plane_source_integral.plot.continuous_0.03125[128],3.9988023952321483
plane_source_integral.plot.continuous_0.03125[129],4.000569323405509
plane_source_integral.plot.continuous_0.03125[130],3.999378688641526
plane_source_integral.plot.continuous_0.03125[131],4.000943161210886
plane_source_integral.plot.continuous_0.03125[132],3.9993035316698258
plane_source_integral.plot.continuous_0.03125[133],4.000397818997503
plane_source_integral.plot.continuous_0.03125[134],4.000534480380519
plane_source_integral.plot.continuous_0.03125[135],3.998309664337298
plane_source_integral.plot.continuous_0.03125[136],4.000161533913291
plane_source_integral.plot.continuous_0.03125[137],3.9993080078963295
plane_source_integral.plot.continuous_0.03125[138],4.0015178160082305
plane_source_integral.plot.continuous_0.03125[139],4.000101316399228
plane_source_integral.plot.continuous_0.03125[140],4.000399689207117
plane_source_integral.plot.continuous_0.03125[141],4.000089768907498
plane_source_integral.plot.continuous_0.03125[142],4.001496770110296
plane_source_integral.plot.continuous_0.03125[143],3.999200410990171
plane_source_integral.plot.continuous_0.03125[144],4.000141639278235
plane_source_integral.plot.continuous_0.03125[145],3.998301792297047
plane_source_integral.plot.continuous_0.03125[146],4.000531916575117
plane_source_integral.plot.continuous_0.03125[147],4.0003958889474935
plane_source_integral.plot.continuous_0.03125[148],3.99929962096506
plane_source_integral.plot.continuous_0.03125[149],4.000946669822293
plane_source_integral.plot.continuous_0.03125[150],3.9993812017890247
plane_source_integral.plot.continuous_0.03125[151],4.00056131047145
plane_source_integral.plot.continuous_0.03125[152],3.9987989035002958
plane_source_integral.plot.continuous_0.03125[153],4.00012798929831
plane_source_integral.plot.continuous_0.03125[154],4.000111189892393
plane_source_integral.plot.continuous_0.03125[155],3.9996048960390342
plane_source_integral.plot.continuous_0.03125[156],3.9991878606615545
plane_source_integral.plot.continuous_0.03125[157],4.000077566365565
plane_source_integral.plot.continuous_0.03125[158],3.998587245965324
plane_source_integral.plot.continuous_0.03125[159],4.001540602929255
plane_source_integral.plot.continuous_0.03125[160],3.999270296542936
plane_source_integral.plot.continuous_0.03125[161],4.001112377163933
plane_source_integral.plot.continuous_0.03125[162],3.9999187786780466
plane_source_integral.plot.continuous_0.03125[163],3.999684934413101
plane_source_integral.plot.continuous_0.03125[164],4.000776336891614
plane_source_integral.plot.continuous_0.03125[165],3.9994424164819424
plane_source_integral.plot.continuous_0.03125[166],4.000424584555497
plane_source_integral.plot.continuous_0.03125[167],4.001337182363068
plane_source_integral.plot.continuous_0.03125[168],3.999062745386002
plane_source_integral.plot.continuous_0.03125[169],4.0002559979771855
plane_source_integral.plot.continuous_0.03125[170],3.9985268908061813
plane_source_integral.plot.continuous_0.03125[171],4.000566526873643
plane_source_integral.plot.continuous_0.03125[172],4.000469796071578
plane_source_integral.plot.continuous_0.03125[173],3.9991343086120423
plane_source_integral.plot.continuous_0.03125[174],4.001123455716336
plane_source_integral.plot.continuous_0.03125[175],3.9994107438487423
plane_source_integral.plot.continuous_0.03125[176],4.000587830957362
plane_source_integral.plot.continuous_0.03125[177],3.9987197080401993
plane_source_integral.plot.continuous_0.03125[178],4.000108246861558
plane_source_integral.plot.continuous_0.03125[179],4.000180912299115
plane_source_integral.plot.continuous_0.03125[180],3.9993346319392495
plane_source_integral.plot.hard_0.03125[0],3.999999999999999
plane_source_integral.plot.hard_0.03125[1],3.937499999999999
plane_source_integral.plot.hard_0.03125[2],3.999999999999999
plane_source_integral.plot.hard_0.03125[3],3.999999999999999
plane_source_integral.plot.hard_0.03125[4],3.999999999999999
plane_source_integral.plot.hard_0.03125[5],3.999999999999999
plane_source_integral.plot.hard_0.03125[6],4.062499999999999
plane_source_integral.plot.hard_0.03125[7],3.999999999999999
plane_source_integral.plot.hard_0.03125[8],3.999999999999999
plane_source_integral.plot.hard_0.03125[9],3.9999999999999987
plane_source_integral.plot.hard_0.03125[10],4.062499999999998
plane_source_integral.plot.hard_0.03125[11],3.9999999999999987
plane_source_integral.plot.hard_0.03125[12],3.999999999999999
plane_source_integral.plot.hard_0.03125[13],3.999999999999999
plane_source_integral.plot.hard_0.03125[14],3.999999999999999
plane_source_integral.plot.hard_0.03125[15],3.999999999999999
plane_source_integral.plot.hard_0.03125[16],4.062499999999999
plane_source_integral.plot.hard_0.03125[17],3.999999999999999
plane_source_integral.plot.hard_0.03125[18],3.937499999999999
plane_source_integral.plot.hard_0.03125[19],3.9999999999999987
plane_source_integral.plot.hard_0.03125[20],3.999999999999999
plane_source_integral.plot.hard_0.03125[21],3.9999999999999987
plane_source_integral.plot.hard_0.03125[22],4.062499999999999
plane_source_integral.plot.hard_0.03125[23],4.062499999999999
plane_source_integral.plot.hard_0.03125[24],3.999999999999999
plane_source_integral.plot.hard_0.03125[25],3.999999999999999
plane_source_integral.plot.hard_0.03125[26],3.937499999999999
plane_source_integral.plot.hard_0.03125[27],3.999999999999999
plane_source_integral.plot.hard_0.03125[28],3.999999999999999
plane_source_integral.plot.hard_0.03125[29],3.999999999999999
plane_source_integral.plot.hard_0.03125[30],3.999999999999999
plane_source_integral.plot.hard_0.03125[31],4.062499999999999
plane_source_integral.plot.hard_0.03125[32],3.999999999999999
plane_source_integral.plot.hard_0.03125[33],3.999999999999999
plane_source_integral.plot.hard_0.03125[34],3.9374999999999987
plane_source_integral.plot.hard_0.03125[35],4.062499999999998
plane_source_integral.plot.hard_0.03125[36],3.9999999999999987
plane_source_integral.plot.hard_0.03125[37],3.999999999999999
plane_source_integral.plot.hard_0.03125[38],3.999999999999999
plane_source_integral.plot.hard_0.03125[39],3.999999999999999
plane_source_integral.plot.hard_0.03125[40],3.999999999999999
plane_source_integral.plot.hard_0.03125[41],3.999999999999999
plane_source_integral.plot.hard_0.03125[42],3.999999999999999
plane_source_integral.plot.hard_0.03125[43],3.999999999999999
plane_source_integral.plot.hard_0.03125[44],3.9999999999999987
plane_source_integral.plot.hard_0.03125[45],4.062499999999998
plane_source_integral.plot.hard_0.03125[46],3.9999999999999982
plane_source_integral.plot.hard_0.03125[47],3.999999999999999
plane_source_integral.plot.hard_0.03125[48],3.999999999999999
plane_source_integral.plot.hard_0.03125[49],4.062499999999999
plane_source_integral.plot.hard_0.03125[50],3.999999999999999
plane_source_integral.plot.hard_0.03125[51],3.999999999999999
plane_source_integral.plot.hard_0.03125[52],3.9999999999999987
plane_source_integral.plot.hard_0.03125[53],3.9999999999999987
plane_source_integral.plot.hard_0.03125[54],3.937499999999999
plane_source_integral.plot.hard_0.03125[55],3.999999999999999
plane_source_integral.plot.hard_0.03125[56],3.999999999999999
plane_source_integral.plot.hard_0.03125[57],4.062499999999999
plane_source_integral.plot.hard_0.03125[58],4.062499999999999
plane_source_integral.plot.hard_0.03125[59],3.9999999999999982
plane_source_integral.plot.hard_0.03125[60],3.9999999999999987
plane_source_integral.plot.hard_0.03125[61],3.9999999999999987
plane_source_integral.plot.hard_0.03125[62],3.937499999999999
plane_source_integral.plot.hard_0.03125[63],3.999999999999999
plane_source_integral.plot.hard_0.03125[64],4.062499999999999
plane_source_integral.plot.hard_0.03125[65],3.999999999999999
plane_source_integral.plot.hard_0.03125[66],3.999999999999999
plane_source_integral.plot.hard_0.03125[67],3.999999999999999
plane_source_integral.plot.hard_0.03125[68],3.999999999999999
plane_source_integral.plot.hard_0.03125[69],3.9999999999999987
plane_source_integral.plot.hard_0.03125[70],4.062499999999998
plane_source_integral.plot.hard_0.03125[71],3.9999999999999982
plane_source_integral.plot.hard_0.03125[72],3.999999999999999
plane_source_integral.plot.hard_0.03125[73],3.999999999999999
plane_source_integral.plot.hard_0.03125[74],4.062499999999999
plane_source_integral.plot.hard_0.03125[75],3.999999999999999
plane_source_integral.plot.hard_0.03125[76],3.999999999999999
plane_source_integral.plot.hard_0.03125[77],3.9999999999999987
plane_source_integral.plot.hard_0.03125[78],3.9999999999999987
plane_source_integral.plot.hard_0.03125[79],3.937499999999999
plane_source_integral.plot.hard_0.03125[80],3.999999999999999
plane_source_integral.plot.hard_0.03125[81],3.999999999999999
plane_source_integral.plot.hard_0.03125[82],4.062499999999999
plane_source_integral.plot.hard_0.03125[83],3.937499999999999
plane_source_integral.plot.hard_0.03125[84],3.9999999999999982
plane_source_integral.plot.hard_0.03125[85],3.9999999999999987
plane_source_integral.plot.hard_0.03125[86],3.9999999999999987
plane_source_integral.plot.hard_0.03125[87],3.937499999999999
plane_source_integral.plot.hard_0.03125[88],3.999999999999999
plane_source_integral.plot.hard_0.03125[89],3.937499999999999
plane_source_integral.plot.hard_0.03125[90],3.999999999999999
plane_source_integral.plot.hard_0.03125[91],3.999999999999999
plane_source_integral.plot.hard_0.03125[92],3.999999999999999
plane_source_integral.plot.hard_0.03125[93],3.937499999999999
plane_source_integral.plot.hard_0.03125[94],3.9999999999999987
plane_source_integral.plot.hard_0.03125[95],4.062499999999998
plane_source_integral.plot.hard_0.03125[96],3.9999999999999987
plane_source_integral.plot.hard_0.03125[97],3.999999999999999
plane_source_integral.plot.hard_0.03125[98],4.062499999999999
plane_source_integral.plot.hard_0.03125[99],3.999999999999999
plane_source_integral.plot.hard_0.03125[100],3.999999999999999
plane_source_integral.plot.hard_0.03125[101],3.999999999999999
plane_source_integral.plot.hard_0.03125[102],4.062499999999998
plane_source_integral.plot.hard_0.03125[103],3.999999999999999
plane_source_integral.plot.hard_0.03125[104],3.999999999999999
plane_source_integral.plot.hard_0.03125[105],3.999999999999999
plane_source_integral.plot.hard_0.03125[106],4.062499999999999
plane_source_integral.plot.hard_0.03125[107],4.062499999999999
plane_source_integral.plot.hard_0.03125[108],3.999999999999999
plane_source_integral.plot.hard_0.03125[109],4.062499999999998
plane_source_integral.plot.hard_0.03125[110],4.062499999999998
plane_source_integral.plot.hard_0.03125[111],3.9999999999999987
plane_source_integral.plot.hard_0.03125[112],3.999999999999999
plane_source_integral.plot.hard_0.03125[113],3.937499999999999
plane_source_integral.plot.hard_0.03125[114],3.999999999999999
plane_source_integral.plot.hard_0.03125[115],3.999999999999999
plane_source_integral.plot.hard_0.03125[116],3.999999999999999
plane_source_integral.plot.hard_0.03125[117],3.999999999999999
plane_source_integral.plot.hard_0.03125[118],3.937499999999999
plane_source_integral.plot.hard_0.03125[119],3.9999999999999987
plane_source_integral.plot.hard_0.03125[120],4.062499999999998
plane_source_integral.plot.hard_0.03125[121],3.9999999999999987
plane_source_integral.plot.hard_0.03125[122],3.999999999999999
plane_source_integral.plot.hard_0.03125[123],4.062499999999999
plane_source_integral.plot.hard_0.03125[124],3.999999999999999
plane_source_integral.plot.hard_0.03125[125],3.999999999999999
plane_source_integral.plot.hard_0.03125[126],3.999999999999999
plane_source_integral.plot.hard_0.03125[127],3.999999999999999
plane_source_integral.plot.hard_0.03125[128],3.999999999999999
plane_source_integral.plot.hard_0.03125[129],3.999999999999999
plane_source_integral.plot.hard_0.03125[130],3.999999999999999
plane_source_integral.plot.hard_0.03125[131],4.062499999999999
plane_source_integral.plot.hard_0.03125[132],4.062499999999999
plane_source_integral.plot.hard_0.03125[133],3.999999999999999
plane_source_integral.plot.hard_0.03125[134],3.9999999999999987
plane_source_integral.plot.hard_0.03125[135],4.062499999999998
plane_source_integral.plot.hard_0.03125[136],3.9999999999999987
plane_source_integral.plot.hard_0.03125[137],3.999999999999999
plane_source_integral.plot.hard_0.03125[138],3.999999999999999
plane_source_integral.plot.hard_0.03125[139],3.999999999999999
plane_source_integral.plot.hard_0.03125[140],3.999999999999999
plane_source_integral.plot.hard_0.03125[141],3.999999999999999
plane_source_integral.plot.hard_0.03125[142],3.999999999999999
plane_source_integral.plot.hard_0.03125[143],3.999999999999999
plane_source_integral.plot.hard_0.03125[144],3.9999999999999987
plane_source_integral.plot.hard_0.03125[145],4.062499999999998
plane_source_integral.plot.hard_0.03125[146],3.9999999999999982
plane_source_integral.plot.hard_0.03125[147],3.999999999999999
plane_source_integral.plot.hard_0.03125[148],4.062499999999999
plane_source_integral.plot.hard_0.03125[149],4.062499999999999
plane_source_integral.plot.hard_0.03125[150],3.999999999999999
plane_source_integral.plot.hard_0.03125[151],3.999999999999999
plane_source_integral.plot.hard_0.03125[152],3.9999999999999987
plane_source_integral.plot.hard_0.03125[153],3.9999999999999987
plane_source_integral.plot.hard_0.03125[154],3.999999999999999
plane_source_integral.plot.hard_0.03125[155],3.999999999999999
plane_source_integral.plot.hard_0.03125[156],3.999999999999999
plane_source_integral.plot.hard_0.03125[157],4.062499999999999
plane_source_integral.plot.hard_0.03125[158],3.999999999999999
plane_source_integral.plot.hard_0.03125[159],3.9999999999999982
plane_source_integral.plot.hard_0.03125[160],4.062499999999998
plane_source_integral.plot.hard_0.03125[161],3.9999999999999987
plane_source_integral.plot.hard_0.03125[162],3.937499999999999
plane_source_integral.plot.hard_0.03125[163],3.999999999999999
plane_source_integral.plot.hard_0.03125[164],3.999999999999999
plane_source_integral.plot.hard_0.03125[165],3.999999999999999
plane_source_integral.plot.hard_0.03125[166],3.999999999999999
plane_source_integral.plot.hard_0.03125[167],3.937499999999999
plane_source_integral.plot.hard_0.03125[168],3.999999999999999
plane_source_integral.plot.hard_0.03125[169],3.9999999999999987
plane_source_integral.plot.hard_0.03125[170],4.062499999999998
plane_source_integral.plot.hard_0.03125[171],4.062499999999998
plane_source_integral.plot.hard_0.03125[172],3.999999999999999
plane_source_integral.plot.hard_0.03125[173],4.062499999999999
plane_source_integral.plot.hard_0.03125[174],4.062499999999999
plane_source_integral.plot.hard_0.03125[175],3.999999999999999
plane_source_integral.plot.hard_0.03125[176],3.999999999999999
plane_source_integral.plot.hard_0.03125[177],3.9999999999999987
plane_source_integral.plot.hard_0.03125[178],4.062499999999998
plane_source_integral.plot.hard_0.03125[179],3.999999999999999
plane_source_integral.plot.hard_0.03125[180],3.999999999999999
plane_source_integral.plot.historical_source_count[0],1024
plane_source_integral.plot.historical_source_count[1],1024
plane_source_integral.plot.historical_source_count[2],1024
plane_source_integral.plot.historical_source_count[3],1024
plane_source_integral.plot.historical_source_count[4],1024
plane_source_integral.plot.historical_source_count[5],1024
plane_source_integral.plot.historical_source_count[6],1024
plane_source_integral.plot.historical_source_count[7],1024
plane_source_integral.plot.historical_source_count[8],1024
plane_source_integral.plot.historical_source_count[9],1024
plane_source_integral.plot.historical_source_count[10],1024
plane_source_integral.plot.historical_source_count[11],1024
plane_source_integral.plot.historical_source_count[12],1024
plane_source_integral.plot.historical_source_count[13],1024
plane_source_integral.plot.historical_source_count[14],1024
plane_source_integral.plot.historical_source_count[15],2048
plane_source_integral.plot.historical_source_count[16],1024
plane_source_integral.plot.historical_source_count[17],1024
plane_source_integral.plot.historical_source_count[18],1024
plane_source_integral.plot.historical_source_count[19],1024
plane_source_integral.plot.historical_source_count[20],1024
plane_source_integral.plot.historical_source_count[21],1024
plane_source_integral.plot.historical_source_count[22],1024
plane_source_integral.plot.historical_source_count[23],1024
plane_source_integral.plot.historical_source_count[24],1024
plane_source_integral.plot.historical_source_count[25],1024
plane_source_integral.plot.historical_source_count[26],1024
plane_source_integral.plot.historical_source_count[27],1024
plane_source_integral.plot.historical_source_count[28],1024
plane_source_integral.plot.historical_source_count[29],1024
plane_source_integral.plot.historical_source_count[30],1024
plane_source_integral.plot.historical_source_count[31],1024
plane_source_integral.plot.historical_source_count[32],1024
plane_source_integral.plot.historical_source_count[33],1024
plane_source_integral.plot.historical_source_count[34],1024
plane_source_integral.plot.historical_source_count[35],1024
plane_source_integral.plot.historical_source_count[36],1024
plane_source_integral.plot.historical_source_count[37],1024
plane_source_integral.plot.historical_source_count[38],1024
plane_source_integral.plot.historical_source_count[39],1024
plane_source_integral.plot.historical_source_count[40],2048
plane_source_integral.plot.historical_source_count[41],1024
plane_source_integral.plot.historical_source_count[42],1024
plane_source_integral.plot.historical_source_count[43],1024
plane_source_integral.plot.historical_source_count[44],1024
plane_source_integral.plot.historical_source_count[45],1024
plane_source_integral.plot.historical_source_count[46],1024
plane_source_integral.plot.historical_source_count[47],1024
plane_source_integral.plot.historical_source_count[48],1024
plane_source_integral.plot.historical_source_count[49],1024
plane_source_integral.plot.historical_source_count[50],1024
plane_source_integral.plot.historical_source_count[51],1024
plane_source_integral.plot.historical_source_count[52],1024
plane_source_integral.plot.historical_source_count[53],1024
plane_source_integral.plot.historical_source_count[54],1024
plane_source_integral.plot.historical_source_count[55],1024
plane_source_integral.plot.historical_source_count[56],1024
plane_source_integral.plot.historical_source_count[57],1024
plane_source_integral.plot.historical_source_count[58],1024
plane_source_integral.plot.historical_source_count[59],1024
plane_source_integral.plot.historical_source_count[60],1024
plane_source_integral.plot.historical_source_count[61],1024
plane_source_integral.plot.historical_source_count[62],1024
plane_source_integral.plot.historical_source_count[63],1024
plane_source_integral.plot.historical_source_count[64],1024
plane_source_integral.plot.historical_source_count[65],2048
plane_source_integral.plot.historical_source_count[66],1024
plane_source_integral.plot.historical_source_count[67],1024
plane_source_integral.plot.historical_source_count[68],1024
plane_source_integral.plot.historical_source_count[69],1024
plane_source_integral.plot.historical_source_count[70],1024
plane_source_integral.plot.historical_source_count[71],1024
plane_source_integral.plot.historical_source_count[72],1024
plane_source_integral.plot.historical_source_count[73],1024
plane_source_integral.plot.historical_source_count[74],1024
plane_source_integral.plot.historical_source_count[75],1024
plane_source_integral.plot.historical_source_count[76],1024
plane_source_integral.plot.historical_source_count[77],1024
plane_source_integral.plot.historical_source_count[78],1024
plane_source_integral.plot.historical_source_count[79],1024
plane_source_integral.plot.historical_source_count[80],1024
plane_source_integral.plot.historical_source_count[81],1024
plane_source_integral.plot.historical_source_count[82],1024
plane_source_integral.plot.historical_source_count[83],1024
plane_source_integral.plot.historical_source_count[84],1024
plane_source_integral.plot.historical_source_count[85],1024
plane_source_integral.plot.historical_source_count[86],1024
plane_source_integral.plot.historical_source_count[87],1024
plane_source_integral.plot.historical_source_count[88],1024
plane_source_integral.plot.historical_source_count[89],1024
plane_source_integral.plot.historical_source_count[90],2048
plane_source_integral.plot.historical_source_count[91],1024
plane_source_integral.plot.historical_source_count[92],1024
plane_source_integral.plot.historical_source_count[93],1024
plane_source_integral.plot.historical_source_count[94],1024
plane_source_integral.plot.historical_source_count[95],1024
plane_source_integral.plot.historical_source_count[96],1024
plane_source_integral.plot.historical_source_count[97],1024
plane_source_integral.plot.historical_source_count[98],1024
plane_source_integral.plot.historical_source_count[99],1024
plane_source_integral.plot.historical_source_count[100],1024
plane_source_integral.plot.historical_source_count[101],1024
plane_source_integral.plot.historical_source_count[102],1024
plane_source_integral.plot.historical_source_count[103],1024
plane_source_integral.plot.historical_source_count[104],1024
plane_source_integral.plot.historical_source_count[105],1024
plane_source_integral.plot.historical_source_count[106],1024
plane_source_integral.plot.historical_source_count[107],1024
plane_source_integral.plot.historical_source_count[108],1024
plane_source_integral.plot.historical_source_count[109],1024
plane_source_integral.plot.historical_source_count[110],1024
plane_source_integral.plot.historical_source_count[111],1024
plane_source_integral.plot.historical_source_count[112],1024
plane_source_integral.plot.historical_source_count[113],1024
plane_source_integral.plot.historical_source_count[114],1024
plane_source_integral.plot.historical_source_count[115],1024
plane_source_integral.plot.historical_source_count[116],1024
plane_source_integral.plot.historical_source_count[117],1024
plane_source_integral.plot.historical_source_count[118],1024
plane_source_integral.plot.historical_source_count[119],1024
plane_source_integral.plot.historical_source_count[120],1024
plane_source_integral.plot.historical_source_count[121],1024
plane_source_integral.plot.historical_source_count[122],1024
plane_source_integral.plot.historical_source_count[123],1024
plane_source_integral.plot.historical_source_count[124],1024
plane_source_integral.plot.historical_source_count[125],1024
plane_source_integral.plot.historical_source_count[126],1024
plane_source_integral.plot.historical_source_count[127],1024
plane_source_integral.plot.historical_source_count[128],1024
plane_source_integral.plot.historical_source_count[129],1024
plane_source_integral.plot.historical_source_count[130],1024
plane_source_integral.plot.historical_source_count[131],1024
plane_source_integral.plot.historical_source_count[132],1024
plane_source_integral.plot.historical_source_count[133],1024
plane_source_integral.plot.historical_source_count[134],1024
plane_source_integral.plot.historical_source_count[135],1024
plane_source_integral.plot.historical_source_count[136],1024
plane_source_integral.plot.historical_source_count[137],1024
plane_source_integral.plot.historical_source_count[138],1024
plane_source_integral.plot.historical_source_count[139],1024
plane_source_integral.plot.historical_source_count[140],1024
plane_source_integral.plot.historical_source_count[141],1024
plane_source_integral.plot.historical_source_count[142],1024
plane_source_integral.plot.historical_source_count[143],1024
plane_source_integral.plot.historical_source_count[144],1024
plane_source_integral.plot.historical_source_count[145],1024
plane_source_integral.plot.historical_source_count[146],1024
plane_source_integral.plot.historical_source_count[147],1024
plane_source_integral.plot.historical_source_count[148],1024
plane_source_integral.plot.historical_source_count[149],1024
plane_source_integral.plot.historical_source_count[150],1024
plane_source_integral.plot.historical_source_count[151],1024
plane_source_integral.plot.historical_source_count[152],1024
plane_source_integral.plot.historical_source_count[153],1024
plane_source_integral.plot.historical_source_count[154],1024
plane_source_integral.plot.historical_source_count[155],1024
plane_source_integral.plot.historical_source_count[156],1024
plane_source_integral.plot.historical_source_count[157],1024
plane_source_integral.plot.historical_source_count[158],1024
plane_source_integral.plot.historical_source_count[159],1024
plane_source_integral.plot.historical_source_count[160],1024
plane_source_integral.plot.historical_source_count[161],1024
plane_source_integral.plot.historical_source_count[162],1024
plane_source_integral.plot.historical_source_count[163],1024
plane_source_integral.plot.historical_source_count[164],1024
plane_source_integral.plot.historical_source_count[165],1024
plane_source_integral.plot.historical_source_count[166],1024
plane_source_integral.plot.historical_source_count[167],1024
plane_source_integral.plot.historical_source_count[168],1024
plane_source_integral.plot.historical_source_count[169],1024
plane_source_integral.plot.historical_source_count[170],1024
plane_source_integral.plot.historical_source_count[171],1024
plane_source_integral.plot.historical_source_count[172],1024
plane_source_integral.plot.historical_source_count[173],1024
plane_source_integral.plot.historical_source_count[174],1024
plane_source_integral.plot.historical_source_count[175],1024
plane_source_integral.plot.historical_source_count[176],1024
plane_source_integral.plot.historical_source_count[177],1024
plane_source_integral.plot.historical_source_count[178],1024
plane_source_integral.plot.historical_source_count[179],1024
plane_source_integral.plot.historical_source_count[180],1024
sphere_source_integral.radius,0.6
sphere_source_integral.expected_area,4.523893421169302
sphere_source_integral.rows[0].anchors,4096
sphere_source_integral.rows[0].h_s,0.12500000000000003
sphere_source_integral.rows[0].epsilon_over_h_s,1.0
sphere_source_integral.rows[0].epsilon_s,0.12500000000000003
sphere_source_integral.rows[0].source_mass,4.7767068587640935
sphere_source_integral.rows[0].relative_area_error,0.05588403926842421
sphere_source_integral.rows[0].active_anchor_count,589
sphere_source_integral.rows[0].projection_position_error_max,1.1102230246251565e-16
sphere_source_integral.rows[0].normal_error_max,2.7194799110210365e-16
sphere_source_integral.rows[1].anchors,4096
sphere_source_integral.rows[1].h_s,0.12500000000000003
sphere_source_integral.rows[1].epsilon_over_h_s,0.5
sphere_source_integral.rows[1].epsilon_s,0.06250000000000001
sphere_source_integral.rows[1].source_mass,4.817342019488079
sphere_source_integral.rows[1].relative_area_error,0.06486638189697405
sphere_source_integral.rows[1].active_anchor_count,310
sphere_source_integral.rows[1].projection_position_error_max,1.1102230246251565e-16
sphere_source_integral.rows[1].normal_error_max,2.7194799110210365e-16
sphere_source_integral.rows[2].anchors,4096
sphere_source_integral.rows[2].h_s,0.12500000000000003
sphere_source_integral.rows[2].epsilon_over_h_s,0.25
sphere_source_integral.rows[2].epsilon_s,0.03125000000000001
sphere_source_integral.rows[2].source_mass,4.532222415631923
sphere_source_integral.rows[2].relative_area_error,0.0018411119995986882
sphere_source_integral.rows[2].active_anchor_count,154
sphere_source_integral.rows[2].projection_position_error_max,1.1102230246251565e-16
sphere_source_integral.rows[2].normal_error_max,2.7194799110210365e-16
sphere_source_integral.rows[3].anchors,4096
sphere_source_integral.rows[3].h_s,0.12500000000000003
sphere_source_integral.rows[3].epsilon_over_h_s,0.125
sphere_source_integral.rows[3].epsilon_s,0.015625000000000003
sphere_source_integral.rows[3].source_mass,3.924148209611662
sphere_source_integral.rows[3].relative_area_error,0.13257279863207355
sphere_source_integral.rows[3].active_anchor_count,71
sphere_source_integral.rows[3].projection_position_error_max,1.1102230246251565e-16
sphere_source_integral.rows[3].normal_error_max,2.5438405243138006e-16
sphere_source_integral.rows[4].anchors,4096
sphere_source_integral.rows[4].h_s,0.12500000000000003
sphere_source_integral.rows[4].epsilon_over_h_s,0.0625
sphere_source_integral.rows[4].epsilon_s,0.007812500000000002
sphere_source_integral.rows[4].source_mass,3.3085783919487337
sphere_source_integral.rows[4].relative_area_error,0.2686436032143399
sphere_source_integral.rows[4].active_anchor_count,33
sphere_source_integral.rows[4].projection_position_error_max,1.1102230246251565e-16
sphere_source_integral.rows[4].normal_error_max,2.4835037038225095e-16
sphere_source_integral.rows[5].anchors,4096
sphere_source_integral.rows[5].h_s,0.12500000000000003
sphere_source_integral.rows[5].epsilon_over_h_s,0.03125
sphere_source_integral.rows[5].epsilon_s,0.003906250000000001
sphere_source_integral.rows[5].source_mass,3.114589015991326
sphere_source_integral.rows[5].relative_area_error,0.31152467000730305
sphere_source_integral.rows[5].active_anchor_count,13
sphere_source_integral.rows[5].projection_position_error_max,1.1102230246251565e-16
sphere_source_integral.rows[5].normal_error_max,2.482534153247273e-16
sphere_source_integral.rows[6].anchors,8192
sphere_source_integral.rows[6].h_s,0.09921256574801247
sphere_source_integral.rows[6].epsilon_over_h_s,1.0
sphere_source_integral.rows[6].epsilon_s,0.09921256574801247
sphere_source_integral.rows[6].source_mass,4.5489559040417635
sphere_source_integral.rows[6].relative_area_error,0.005540025049039131
sphere_source_integral.rows[6].active_anchor_count,926
sphere_source_integral.rows[6].projection_position_error_max,1.1102230246251565e-16
sphere_source_integral.rows[6].normal_error_max,2.7194799110210365e-16
sphere_source_integral.rows[7].anchors,8192
sphere_source_integral.rows[7].h_s,0.09921256574801247
sphere_source_integral.rows[7].epsilon_over_h_s,0.5
sphere_source_integral.rows[7].epsilon_s,0.04960628287400624
sphere_source_integral.rows[7].source_mass,4.439651283447976
sphere_source_integral.rows[7].relative_area_error,0.018621600881912954
sphere_source_integral.rows[7].active_anchor_count,466
sphere_source_integral.rows[7].projection_position_error_max,1.1102230246251565e-16
sphere_source_integral.rows[7].normal_error_max,2.7194799110210365e-16
sphere_source_integral.rows[8].anchors,8192
sphere_source_integral.rows[8].h_s,0.09921256574801247
sphere_source_integral.rows[8].epsilon_over_h_s,0.25
sphere_source_integral.rows[8].epsilon_s,0.02480314143700312
sphere_source_integral.rows[8].source_mass,4.220385690354325
sphere_source_integral.rows[8].relative_area_error,0.06708993836917775
sphere_source_integral.rows[8].active_anchor_count,233
sphere_source_integral.rows[8].projection_position_error_max,1.1102230246251565e-16
sphere_source_integral.rows[8].normal_error_max,2.7194799110210365e-16
sphere_source_integral.rows[9].anchors,8192
sphere_source_integral.rows[9].h_s,0.09921256574801247
sphere_source_integral.rows[9].epsilon_over_h_s,0.125
sphere_source_integral.rows[9].epsilon_s,0.01240157071850156
sphere_source_integral.rows[9].source_mass,4.079160387837539
sphere_source_integral.rows[9].relative_area_error,0.09830758418194832
sphere_source_integral.rows[9].active_anchor_count,104
sphere_source_integral.rows[9].projection_position_error_max,1.1102230246251565e-16
sphere_source_integral.rows[9].normal_error_max,2.4835037038225095e-16
sphere_source_integral.rows[10].anchors,8192
sphere_source_integral.rows[10].h_s,0.09921256574801247
sphere_source_integral.rows[10].epsilon_over_h_s,0.0625
sphere_source_integral.rows[10].epsilon_s,0.00620078535925078
sphere_source_integral.rows[10].source_mass,3.3058032690063737
sphere_source_integral.rows[10].relative_area_error,0.2692570400670681
sphere_source_integral.rows[10].active_anchor_count,54
sphere_source_integral.rows[10].projection_position_error_max,1.1102230246251565e-16
sphere_source_integral.rows[10].normal_error_max,2.4835037038225095e-16
sphere_source_integral.rows[11].anchors,8192
sphere_source_integral.rows[11].h_s,0.09921256574801247
sphere_source_integral.rows[11].epsilon_over_h_s,0.03125
sphere_source_integral.rows[11].epsilon_s,0.00310039267962539
sphere_source_integral.rows[11].source_mass,3.2374117517510665
sphere_source_integral.rows[11].relative_area_error,0.28437488456253585
sphere_source_integral.rows[11].active_anchor_count,16
sphere_source_integral.rows[11].projection_position_error_max,1.1102230246251565e-16
sphere_source_integral.rows[11].normal_error_max,2.482534153247273e-16
sphere_source_integral.rows[12].anchors,16384
sphere_source_integral.rows[12].h_s,0.07874506561842959
sphere_source_integral.rows[12].epsilon_over_h_s,1.0
sphere_source_integral.rows[12].epsilon_s,0.07874506561842959
sphere_source_integral.rows[12].source_mass,4.5340799774368055
sphere_source_integral.rows[12].relative_area_error,0.0022517233098011966
sphere_source_integral.rows[12].active_anchor_count,1468
sphere_source_integral.rows[12].projection_position_error_max,1.1102230246251565e-16
sphere_source_integral.rows[12].normal_error_max,2.7194799110210365e-16
sphere_source_integral.rows[13].anchors,16384
sphere_source_integral.rows[13].h_s,0.07874506561842959
sphere_source_integral.rows[13].epsilon_over_h_s,0.5
sphere_source_integral.rows[13].epsilon_s,0.039372532809214794
sphere_source_integral.rows[13].source_mass,4.417351798279748
sphere_source_integral.rows[13].relative_area_error,0.02355086934431273
sphere_source_integral.rows[13].active_anchor_count,738
sphere_source_integral.rows[13].projection_position_error_max,1.1102230246251565e-16
sphere_source_integral.rows[13].normal_error_max,2.7194799110210365e-16
sphere_source_integral.rows[14].anchors,16384
sphere_source_integral.rows[14].h_s,0.07874506561842959
sphere_source_integral.rows[14].epsilon_over_h_s,0.25
sphere_source_integral.rows[14].epsilon_s,0.019686266404607397
sphere_source_integral.rows[14].source_mass,4.114018510413142
sphere_source_integral.rows[14].relative_area_error,0.0906022473558228
sphere_source_integral.rows[14].active_anchor_count,361
sphere_source_integral.rows[14].projection_position_error_max,1.1102230246251565e-16
sphere_source_integral.rows[14].normal_error_max,2.7194799110210365e-16
sphere_source_integral.rows[15].anchors,16384
sphere_source_integral.rows[15].h_s,0.07874506561842959
sphere_source_integral.rows[15].epsilon_over_h_s,0.125
sphere_source_integral.rows[15].epsilon_s,0.009843133202303699
sphere_source_integral.rows[15].source_mass,3.637645709716773
sphere_source_integral.rows[15].relative_area_error,0.19590375566881915
sphere_source_integral.rows[15].active_anchor_count,169
sphere_source_integral.rows[15].projection_position_error_max,1.1102230246251565e-16
sphere_source_integral.rows[15].normal_error_max,2.498001805406602e-16
sphere_source_integral.rows[16].anchors,16384
sphere_source_integral.rows[16].h_s,0.07874506561842959
sphere_source_integral.rows[16].epsilon_over_h_s,0.0625
sphere_source_integral.rows[16].epsilon_s,0.004921566601151849
sphere_source_integral.rows[16].source_mass,2.823337091469779
sphere_source_integral.rows[16].relative_area_error,0.3759054803859584
sphere_source_integral.rows[16].active_anchor_count,78
sphere_source_integral.rows[16].projection_position_error_max,1.1102230246251565e-16
sphere_source_integral.rows[16].normal_error_max,2.498001805406602e-16
sphere_source_integral.rows[17].anchors,16384
sphere_source_integral.rows[17].h_s,0.07874506561842959
sphere_source_integral.rows[17].epsilon_over_h_s,0.03125
sphere_source_integral.rows[17].epsilon_s,0.0024607833005759246
sphere_source_integral.rows[17].source_mass,2.586059792427172
sphere_source_integral.rows[17].relative_area_error,0.42835527903335385
sphere_source_integral.rows[17].active_anchor_count,28
sphere_source_integral.rows[17].projection_position_error_max,1.1102230246251565e-16
sphere_source_integral.rows[17].normal_error_max,2.482534153247273e-16
sphere_source_integral.rows[18].anchors,32768
sphere_source_integral.rows[18].h_s,0.06250000000000001
sphere_source_integral.rows[18].epsilon_over_h_s,1.0
sphere_source_integral.rows[18].epsilon_s,0.06250000000000001
sphere_source_integral.rows[18].source_mass,4.522982703139979
sphere_source_integral.rows[18].relative_area_error,0.0002013128835134898
sphere_source_integral.rows[18].active_anchor_count,2356
sphere_source_integral.rows[18].projection_position_error_max,1.1102230246251565e-16
sphere_source_integral.rows[18].normal_error_max,2.7194799110210365e-16
sphere_source_integral.rows[19].anchors,32768
sphere_source_integral.rows[19].h_s,0.06250000000000001
sphere_source_integral.rows[19].epsilon_over_h_s,0.5
sphere_source_integral.rows[19].epsilon_s,0.03125000000000001
sphere_source_integral.rows[19].source_mass,4.427794061187333
sphere_source_integral.rows[19].relative_area_error,0.021242622457080394
sphere_source_integral.rows[19].active_anchor_count,1167
sphere_source_integral.rows[19].projection_position_error_max,1.1102230246251565e-16
sphere_source_integral.rows[19].normal_error_max,2.7194799110210365e-16
sphere_source_integral.rows[20].anchors,32768
sphere_source_integral.rows[20].h_s,0.06250000000000001
sphere_source_integral.rows[20].epsilon_over_h_s,0.25
sphere_source_integral.rows[20].epsilon_s,0.015625000000000003
sphere_source_integral.rows[20].source_mass,4.207835048523512
sphere_source_integral.rows[20].relative_area_error,0.06986423932244147
sphere_source_integral.rows[20].active_anchor_count,570
sphere_source_integral.rows[20].projection_position_error_max,1.1102230246251565e-16
sphere_source_integral.rows[20].normal_error_max,2.5438405243138006e-16
sphere_source_integral.rows[21].anchors,32768
sphere_source_integral.rows[21].h_s,0.06250000000000001
sphere_source_integral.rows[21].epsilon_over_h_s,0.125
sphere_source_integral.rows[21].epsilon_s,0.007812500000000002
sphere_source_integral.rows[21].source_mass,3.6706162535444
sphere_source_integral.rows[21].relative_area_error,0.1886156653541041
sphere_source_integral.rows[21].active_anchor_count,271
sphere_source_integral.rows[21].projection_position_error_max,1.1102230246251565e-16
sphere_source_integral.rows[21].normal_error_max,2.5438405243138006e-16
sphere_source_integral.rows[22].anchors,32768
sphere_source_integral.rows[22].h_s,0.06250000000000001
sphere_source_integral.rows[22].epsilon_over_h_s,0.0625
sphere_source_integral.rows[22].epsilon_s,0.003906250000000001
sphere_source_integral.rows[22].source_mass,3.336413368438784
sphere_source_integral.rows[22].relative_area_error,0.26249072252095346
sphere_source_integral.rows[22].active_anchor_count,110
sphere_source_integral.rows[22].projection_position_error_max,1.1102230246251565e-16
sphere_source_integral.rows[22].normal_error_max,2.5438405243138006e-16
sphere_source_integral.rows[23].anchors,32768
sphere_source_integral.rows[23].h_s,0.06250000000000001
sphere_source_integral.rows[23].epsilon_over_h_s,0.03125
sphere_source_integral.rows[23].epsilon_s,0.0019531250000000004
sphere_source_integral.rows[23].source_mass,3.219121760030073
sphere_source_integral.rows[23].relative_area_error,0.2884178603840719
sphere_source_integral.rows[23].active_anchor_count,57
sphere_source_integral.rows[23].projection_position_error_max,1.1102230246251565e-16
sphere_source_integral.rows[23].normal_error_max,2.5438405243138006e-16
sphere_source_integral.plot.translation[0],-0.2
sphere_source_integral.plot.translation[1],-0.1975
sphere_source_integral.plot.translation[2],-0.195
sphere_source_integral.plot.translation[3],-0.1925
sphere_source_integral.plot.translation[4],-0.19
sphere_source_integral.plot.translation[5],-0.1875
sphere_source_integral.plot.translation[6],-0.185
sphere_source_integral.plot.translation[7],-0.1825
sphere_source_integral.plot.translation[8],-0.18000000000000002
sphere_source_integral.plot.translation[9],-0.17750000000000002
sphere_source_integral.plot.translation[10],-0.17500000000000002
sphere_source_integral.plot.translation[11],-0.17250000000000001
sphere_source_integral.plot.translation[12],-0.17
sphere_source_integral.plot.translation[13],-0.1675
sphere_source_integral.plot.translation[14],-0.165
sphere_source_integral.plot.translation[15],-0.1625
sphere_source_integral.plot.translation[16],-0.16
sphere_source_integral.plot.translation[17],-0.1575
sphere_source_integral.plot.translation[18],-0.15500000000000003
sphere_source_integral.plot.translation[19],-0.15250000000000002
sphere_source_integral.plot.translation[20],-0.15000000000000002
sphere_source_integral.plot.translation[21],-0.14750000000000002
sphere_source_integral.plot.translation[22],-0.14500000000000002
sphere_source_integral.plot.translation[23],-0.14250000000000002
sphere_source_integral.plot.translation[24],-0.14
sphere_source_integral.plot.translation[25],-0.1375
sphere_source_integral.plot.translation[26],-0.135
sphere_source_integral.plot.translation[27],-0.1325
sphere_source_integral.plot.translation[28],-0.13
sphere_source_integral.plot.translation[29],-0.1275
sphere_source_integral.plot.translation[30],-0.125
sphere_source_integral.plot.translation[31],-0.12250000000000001
sphere_source_integral.plot.translation[32],-0.12000000000000001
sphere_source_integral.plot.translation[33],-0.11750000000000001
sphere_source_integral.plot.translation[34],-0.115
sphere_source_integral.plot.translation[35],-0.1125
sphere_source_integral.plot.translation[36],-0.11000000000000001
sphere_source_integral.plot.translation[37],-0.10750000000000001
sphere_source_integral.plot.translation[38],-0.10500000000000001
sphere_source_integral.plot.translation[39],-0.10250000000000001
sphere_source_integral.plot.translation[40],-0.1
sphere_source_integral.plot.translation[41],-0.0975
sphere_source_integral.plot.translation[42],-0.09500000000000001
sphere_source_integral.plot.translation[43],-0.09250000000000001
sphere_source_integral.plot.translation[44],-0.09000000000000001
sphere_source_integral.plot.translation[45],-0.08750000000000001
sphere_source_integral.plot.translation[46],-0.085
sphere_source_integral.plot.translation[47],-0.0825
sphere_source_integral.plot.translation[48],-0.08000000000000002
sphere_source_integral.plot.translation[49],-0.07750000000000001
sphere_source_integral.plot.translation[50],-0.07500000000000001
sphere_source_integral.plot.translation[51],-0.07250000000000001
sphere_source_integral.plot.translation[52],-0.07
sphere_source_integral.plot.translation[53],-0.0675
sphere_source_integral.plot.translation[54],-0.065
sphere_source_integral.plot.translation[55],-0.0625
sphere_source_integral.plot.translation[56],-0.06
sphere_source_integral.plot.translation[57],-0.057499999999999996
sphere_source_integral.plot.translation[58],-0.05500000000000002
sphere_source_integral.plot.translation[59],-0.05250000000000002
sphere_source_integral.plot.translation[60],-0.05000000000000002
sphere_source_integral.plot.translation[61],-0.047500000000000014
sphere_source_integral.plot.translation[62],-0.04500000000000001
sphere_source_integral.plot.translation[63],-0.04250000000000001
sphere_source_integral.plot.translation[64],-0.04000000000000001
sphere_source_integral.plot.translation[65],-0.037500000000000006
sphere_source_integral.plot.translation[66],-0.035
sphere_source_integral.plot.translation[67],-0.0325
sphere_source_integral.plot.translation[68],-0.03
sphere_source_integral.plot.translation[69],-0.027499999999999997
sphere_source_integral.plot.translation[70],-0.024999999999999994
sphere_source_integral.plot.translation[71],-0.02250000000000002
sphere_source_integral.plot.translation[72],-0.020000000000000018
sphere_source_integral.plot.translation[73],-0.017500000000000016
sphere_source_integral.plot.translation[74],-0.015000000000000013
sphere_source_integral.plot.translation[75],-0.012500000000000011
sphere_source_integral.plot.translation[76],-0.010000000000000009
sphere_source_integral.plot.translation[77],-0.007500000000000007
sphere_source_integral.plot.translation[78],-0.0050000000000000044
sphere_source_integral.plot.translation[79],-0.0025000000000000022
sphere_source_integral.plot.translation[80],0.0
sphere_source_integral.plot.translation[81],0.0025000000000000022
sphere_source_integral.plot.translation[82],0.0050000000000000044
sphere_source_integral.plot.translation[83],0.007500000000000007
sphere_source_integral.plot.translation[84],0.009999999999999981
sphere_source_integral.plot.translation[85],0.012499999999999983
sphere_source_integral.plot.translation[86],0.014999999999999986
sphere_source_integral.plot.translation[87],0.017499999999999988
sphere_source_integral.plot.translation[88],0.01999999999999999
sphere_source_integral.plot.translation[89],0.022499999999999992
sphere_source_integral.plot.translation[90],0.024999999999999994
sphere_source_integral.plot.translation[91],0.027499999999999997
sphere_source_integral.plot.translation[92],0.03
sphere_source_integral.plot.translation[93],0.0325
sphere_source_integral.plot.translation[94],0.035
sphere_source_integral.plot.translation[95],0.037500000000000006
sphere_source_integral.plot.translation[96],0.03999999999999998
sphere_source_integral.plot.translation[97],0.04249999999999998
sphere_source_integral.plot.translation[98],0.044999999999999984
sphere_source_integral.plot.translation[99],0.04749999999999999
sphere_source_integral.plot.translation[100],0.04999999999999999
sphere_source_integral.plot.translation[101],0.05249999999999999
sphere_source_integral.plot.translation[102],0.05499999999999999
sphere_source_integral.plot.translation[103],0.057499999999999996
sphere_source_integral.plot.translation[104],0.06
sphere_source_integral.plot.translation[105],0.0625
sphere_source_integral.plot.translation[106],0.065
sphere_source_integral.plot.translation[107],0.0675
sphere_source_integral.plot.translation[108],0.07
sphere_source_integral.plot.translation[109],0.07250000000000001
sphere_source_integral.plot.translation[110],0.07500000000000001
sphere_source_integral.plot.translation[111],0.07750000000000001
sphere_source_integral.plot.translation[112],0.08000000000000002
sphere_source_integral.plot.translation[113],0.08250000000000002
sphere_source_integral.plot.translation[114],0.08500000000000002
sphere_source_integral.plot.translation[115],0.08750000000000002
sphere_source_integral.plot.translation[116],0.08999999999999997
sphere_source_integral.plot.translation[117],0.09249999999999997
sphere_source_integral.plot.translation[118],0.09499999999999997
sphere_source_integral.plot.translation[119],0.09749999999999998
sphere_source_integral.plot.translation[120],0.09999999999999998
sphere_source_integral.plot.translation[121],0.10249999999999998
sphere_source_integral.plot.translation[122],0.10499999999999998
sphere_source_integral.plot.translation[123],0.10749999999999998
sphere_source_integral.plot.translation[124],0.10999999999999999
sphere_source_integral.plot.translation[125],0.11249999999999999
sphere_source_integral.plot.translation[126],0.11499999999999999
sphere_source_integral.plot.translation[127],0.1175
sphere_source_integral.plot.translation[128],0.12
sphere_source_integral.plot.translation[129],0.1225
sphere_source_integral.plot.translation[130],0.125
sphere_source_integral.plot.translation[131],0.1275
sphere_source_integral.plot.translation[132],0.13
sphere_source_integral.plot.translation[133],0.1325
sphere_source_integral.plot.translation[134],0.135
sphere_source_integral.plot.translation[135],0.1375
sphere_source_integral.plot.translation[136],0.14
sphere_source_integral.plot.translation[137],0.14250000000000002
sphere_source_integral.plot.translation[138],0.14500000000000002
sphere_source_integral.plot.translation[139],0.14750000000000002
sphere_source_integral.plot.translation[140],0.15000000000000002
sphere_source_integral.plot.translation[141],0.15249999999999997
sphere_source_integral.plot.translation[142],0.15499999999999997
sphere_source_integral.plot.translation[143],0.15749999999999997
sphere_source_integral.plot.translation[144],0.15999999999999998
sphere_source_integral.plot.translation[145],0.16249999999999998
sphere_source_integral.plot.translation[146],0.16499999999999998
sphere_source_integral.plot.translation[147],0.16749999999999998
sphere_source_integral.plot.translation[148],0.16999999999999998
sphere_source_integral.plot.translation[149],0.1725
sphere_source_integral.plot.translation[150],0.175
sphere_source_integral.plot.translation[151],0.1775
sphere_source_integral.plot.translation[152],0.18
sphere_source_integral.plot.translation[153],0.1825
sphere_source_integral.plot.translation[154],0.185
sphere_source_integral.plot.translation[155],0.1875
sphere_source_integral.plot.translation[156],0.19
sphere_source_integral.plot.translation[157],0.1925
sphere_source_integral.plot.translation[158],0.195
sphere_source_integral.plot.translation[159],0.1975
sphere_source_integral.plot.translation[160],0.2
sphere_source_integral.plot.translation_mass[0],4.488949174953587
sphere_source_integral.plot.translation_mass[1],4.492699589507567
sphere_source_integral.plot.translation_mass[2],4.492453769426373
sphere_source_integral.plot.translation_mass[3],4.488713277025054
sphere_source_integral.plot.translation_mass[4],4.483624065541173
sphere_source_integral.plot.translation_mass[5],4.479488611508751
sphere_source_integral.plot.translation_mass[6],4.484489810832335
sphere_source_integral.plot.translation_mass[7],4.498758180631945
sphere_source_integral.plot.translation_mass[8],4.518074007741213
sphere_source_integral.plot.translation_mass[9],4.542247079575544
sphere_source_integral.plot.translation_mass[10],4.578100666606388
sphere_source_integral.plot.translation_mass[11],4.620375343964092
sphere_source_integral.plot.translation_mass[12],4.653047263892905
sphere_source_integral.plot.translation_mass[13],4.669143490750285
sphere_source_integral.plot.translation_mass[14],4.663172182038776
sphere_source_integral.plot.translation_mass[15],4.634005340045612
sphere_source_integral.plot.translation_mass[16],4.590161792068011
sphere_source_integral.plot.translation_mass[17],4.534939697920006
sphere_source_integral.plot.translation_mass[18],4.474382868736601
sphere_source_integral.plot.translation_mass[19],4.422518575111621
sphere_source_integral.plot.translation_mass[20],4.385732760341451
sphere_source_integral.plot.translation_mass[21],4.362641922179522
sphere_source_integral.plot.translation_mass[22],4.356249231217184
sphere_source_integral.plot.translation_mass[23],4.360733401797489
sphere_source_integral.plot.translation_mass[24],4.363981679784635
sphere_source_integral.plot.translation_mass[25],4.354139590640589
sphere_source_integral.plot.translation_mass[26],4.323830797952612
sphere_source_integral.plot.translation_mass[27],4.280488090336505
sphere_source_integral.plot.translation_mass[28],4.239357911385193
sphere_source_integral.plot.translation_mass[29],4.216225621248442
sphere_source_integral.plot.translation_mass[30],4.2192698730459535
sphere_source_integral.plot.translation_mass[31],4.245967788666611
sphere_source_integral.plot.translation_mass[32],4.289609465311652
sphere_source_integral.plot.translation_mass[33],4.339662646327997
sphere_source_integral.plot.translation_mass[34],4.388870376363904
sphere_source_integral.plot.translation_mass[35],4.433663088147864
sphere_source_integral.plot.translation_mass[36],4.475411178388322
sphere_source_integral.plot.translation_mass[37],4.5175464382281
sphere_source_integral.plot.translation_mass[38],4.553618796551671
sphere_source_integral.plot.translation_mass[39],4.568083332456796
sphere_source_integral.plot.translation_mass[40],4.554488255185954
sphere_source_integral.plot.translation_mass[41],4.518808451763936
sphere_source_integral.plot.translation_mass[42],4.465595742081513
sphere_source_integral.plot.translation_mass[43],4.401060968176571
sphere_source_integral.plot.translation_mass[44],4.337390973214491
sphere_source_integral.plot.translation_mass[45],4.293199646447871
sphere_source_integral.plot.translation_mass[46],4.272883849448579
sphere_source_integral.plot.translation_mass[47],4.271795082421932
sphere_source_integral.plot.translation_mass[48],4.279602266562501
sphere_source_integral.plot.translation_mass[49],4.28445906247519
sphere_source_integral.plot.translation_mass[50],4.287735863710843
sphere_source_integral.plot.translation_mass[51],4.292450614803115
sphere_source_integral.plot.translation_mass[52],4.301036130264309
sphere_source_integral.plot.translation_mass[53],4.31477687120862
sphere_source_integral.plot.translation_mass[54],4.336380008106149
sphere_source_integral.plot.translation_mass[55],4.368534260641498
sphere_source_integral.plot.translation_mass[56],4.41255914649564
sphere_source_integral.plot.translation_mass[57],4.4642129224998826
sphere_source_integral.plot.translation_mass[58],4.522085772636934
sphere_source_integral.plot.translation_mass[59],4.590050788469945
sphere_source_integral.plot.translation_mass[60],4.666694474746263
sphere_source_integral.plot.translation_mass[61],4.741161801338468
sphere_source_integral.plot.translation_mass[62],4.800367579828402
sphere_source_integral.plot.translation_mass[63],4.827118274463659
sphere_source_integral.plot.translation_mass[64],4.809998819173197
sphere_source_integral.plot.translation_mass[65],4.749432463198573
sphere_source_integral.plot.translation_mass[66],4.656187482289434
sphere_source_integral.plot.translation_mass[67],4.5450488621675795
sphere_source_integral.plot.translation_mass[68],4.43049336953526
sphere_source_integral.plot.translation_mass[69],4.3295526352092235
sphere_source_integral.plot.translation_mass[70],4.252149352954818
sphere_source_integral.plot.translation_mass[71],4.208255386555777
sphere_source_integral.plot.translation_mass[72],4.201164344301453
sphere_source_integral.plot.translation_mass[73],4.210886996439147
sphere_source_integral.plot.translation_mass[74],4.214510679483817
sphere_source_integral.plot.translation_mass[75],4.198546435342825
sphere_source_integral.plot.translation_mass[76],4.166588334192198
sphere_source_integral.plot.translation_mass[77],4.134596230778666
sphere_source_integral.plot.translation_mass[78],4.12406976987918
sphere_source_integral.plot.translation_mass[79],4.148264550163305
sphere_source_integral.plot.translation_mass[80],4.207835048523512
sphere_source_integral.plot.translation_mass[81],4.295659373181853
sphere_source_integral.plot.translation_mass[82],4.397088059123117
sphere_source_integral.plot.translation_mass[83],4.493501801618172
sphere_source_integral.plot.translation_mass[84],4.572410132836467
sphere_source_integral.plot.translation_mass[85],4.621819857862906
sphere_source_integral.plot.translation_mass[86],4.6386569908960045
sphere_source_integral.plot.translation_mass[87],4.632731744053876
sphere_source_integral.plot.translation_mass[88],4.618788117785399
sphere_source_integral.plot.translation_mass[89],4.600430134451766
sphere_source_integral.plot.translation_mass[90],4.5677561749656705
sphere_source_integral.plot.translation_mass[91],4.5199804514989825
sphere_source_integral.plot.translation_mass[92],4.464955547408149
sphere_source_integral.plot.translation_mass[93],4.409438206193139
sphere_source_integral.plot.translation_mass[94],4.3652703786867235
sphere_source_integral.plot.translation_mass[95],4.343860399221252
sphere_source_integral.plot.translation_mass[96],4.355161702883087
sphere_source_integral.plot.translation_mass[97],4.402414804094968
sphere_source_integral.plot.translation_mass[98],4.474889698348576
sphere_source_integral.plot.translation_mass[99],4.549841334981955
sphere_source_integral.plot.translation_mass[100],4.611760501751391
sphere_source_integral.plot.translation_mass[101],4.649857334468065
sphere_source_integral.plot.translation_mass[102],4.658931114238909
sphere_source_integral.plot.translation_mass[103],4.645315957421474
sphere_source_integral.plot.translation_mass[104],4.6244924754033185
sphere_source_integral.plot.translation_mass[105],4.61492161183839
sphere_source_integral.plot.translation_mass[106],4.62277533233396
sphere_source_integral.plot.translation_mass[107],4.643585916133976
sphere_source_integral.plot.translation_mass[108],4.674340653216148
sphere_source_integral.plot.translation_mass[109],4.7188154740845105
sphere_source_integral.plot.translation_mass[110],4.770324999504708
sphere_source_integral.plot.translation_mass[111],4.80898838911085
sphere_source_integral.plot.translation_mass[112],4.814434385728399
sphere_source_integral.plot.translation_mass[113],4.776265461170475
sphere_source_integral.plot.translation_mass[114],4.6920631700849995
sphere_source_integral.plot.translation_mass[115],4.573201466253369
sphere_source_integral.plot.translation_mass[116],4.444168329290776
sphere_source_integral.plot.translation_mass[117],4.326948242767784
sphere_source_integral.plot.translation_mass[118],4.238544056709004
sphere_source_integral.plot.translation_mass[119],4.196719814234841
sphere_source_integral.plot.translation_mass[120],4.203228962873023
sphere_source_integral.plot.translation_mass[121],4.237861225743257
sphere_source_integral.plot.translation_mass[122],4.274635589869732
sphere_source_integral.plot.translation_mass[123],4.295219027418981
sphere_source_integral.plot.translation_mass[124],4.29100192084149
sphere_source_integral.plot.translation_mass[125],4.262772576336257
sphere_source_integral.plot.translation_mass[126],4.222548370922559
sphere_source_integral.plot.translation_mass[127],4.186885934055049
sphere_source_integral.plot.translation_mass[128],4.165782706590843
sphere_source_integral.plot.translation_mass[129],4.1611090798394486
sphere_source_integral.plot.translation_mass[130],4.17800190054469
sphere_source_integral.plot.translation_mass[131],4.214899668651446
sphere_source_integral.plot.translation_mass[132],4.261845075040892
sphere_source_integral.plot.translation_mass[133],4.3152173012088095
sphere_source_integral.plot.translation_mass[134],4.375919994282819
sphere_source_integral.plot.translation_mass[135],4.44663618499928
sphere_source_integral.plot.translation_mass[136],4.522403155708716
sphere_source_integral.plot.translation_mass[137],4.600280921964677
sphere_source_integral.plot.translation_mass[138],4.67034674125467
sphere_source_integral.plot.translation_mass[139],4.712230662810815
sphere_source_integral.plot.translation_mass[140],4.709308692503516
sphere_source_integral.plot.translation_mass[141],4.662857418406013
sphere_source_integral.plot.translation_mass[142],4.59019006459298
sphere_source_integral.plot.translation_mass[143],4.515033671792625
sphere_source_integral.plot.translation_mass[144],4.4591647176696645
sphere_source_integral.plot.translation_mass[145],4.437005582399127
sphere_source_integral.plot.translation_mass[146],4.449918761049766
sphere_source_integral.plot.translation_mass[147],4.489748075684575
sphere_source_integral.plot.translation_mass[148],4.540664092721416
sphere_source_integral.plot.translation_mass[149],4.585897728897279
sphere_source_integral.plot.translation_mass[150],4.6175358881161905
sphere_source_integral.plot.translation_mass[151],4.636668961614701
sphere_source_integral.plot.translation_mass[152],4.6502876954374734
sphere_source_integral.plot.translation_mass[153],4.66014095999941
sphere_source_integral.plot.translation_mass[154],4.66523182026024
sphere_source_integral.plot.translation_mass[155],4.66336525220083
sphere_source_integral.plot.translation_mass[156],4.656749272933887
sphere_source_integral.plot.translation_mass[157],4.650155464401557
sphere_source_integral.plot.translation_mass[158],4.645603124795536
sphere_source_integral.plot.translation_mass[159],4.644845013224477
sphere_source_integral.plot.translation_mass[160],4.652925675374256
sphere_source_integral.plot.radius[0],0.45
sphere_source_integral.plot.radius[1],0.4525
sphere_source_integral.plot.radius[2],0.455
sphere_source_integral.plot.radius[3],0.4575
sphere_source_integral.plot.radius[4],0.46
sphere_source_integral.plot.radius[5],0.4625
sphere_source_integral.plot.radius[6],0.465
sphere_source_integral.plot.radius[7],0.4675
sphere_source_integral.plot.radius[8],0.47000000000000003
sphere_source_integral.plot.radius[9],0.47250000000000003
sphere_source_integral.plot.radius[10],0.47500000000000003
sphere_source_integral.plot.radius[11],0.47750000000000004
sphere_source_integral.plot.radius[12],0.48
sphere_source_integral.plot.radius[13],0.48250000000000004
sphere_source_integral.plot.radius[14],0.485
sphere_source_integral.plot.radius[15],0.4875
sphere_source_integral.plot.radius[16],0.49
sphere_source_integral.plot.radius[17],0.4925
sphere_source_integral.plot.radius[18],0.495
sphere_source_integral.plot.radius[19],0.4975
sphere_source_integral.plot.radius[20],0.5
sphere_source_integral.plot.radius[21],0.5025000000000001
sphere_source_integral.plot.radius[22],0.505
sphere_source_integral.plot.radius[23],0.5075000000000001
sphere_source_integral.plot.radius[24],0.51
sphere_source_integral.plot.radius[25],0.5125
sphere_source_integral.plot.radius[26],0.515
sphere_source_integral.plot.radius[27],0.5175000000000001
sphere_source_integral.plot.radius[28],0.52
sphere_source_integral.plot.radius[29],0.5225
sphere_source_integral.plot.radius[30],0.525
sphere_source_integral.plot.radius[31],0.5275
sphere_source_integral.plot.radius[32],0.53
sphere_source_integral.plot.radius[33],0.5325
sphere_source_integral.plot.radius[34],0.535
sphere_source_integral.plot.radius[35],0.5375
sphere_source_integral.plot.radius[36],0.54
sphere_source_integral.plot.radius[37],0.5425
sphere_source_integral.plot.radius[38],0.545
sphere_source_integral.plot.radius[39],0.5475
sphere_source_integral.plot.radius[40],0.55
sphere_source_integral.plot.radius[41],0.5525
sphere_source_integral.plot.radius[42],0.555
sphere_source_integral.plot.radius[43],0.5575
sphere_source_integral.plot.radius[44],0.56
sphere_source_integral.plot.radius[45],0.5625
sphere_source_integral.plot.radius[46],0.5650000000000001
sphere_source_integral.plot.radius[47],0.5675
sphere_source_integral.plot.radius[48],0.5700000000000001
sphere_source_integral.plot.radius[49],0.5725
sphere_source_integral.plot.radius[50],0.575
sphere_source_integral.plot.radius[51],0.5775
sphere_source_integral.plot.radius[52],0.5800000000000001
sphere_source_integral.plot.radius[53],0.5825
sphere_source_integral.plot.radius[54],0.585
sphere_source_integral.plot.radius[55],0.5875
sphere_source_integral.plot.radius[56],0.5900000000000001
sphere_source_integral.plot.radius[57],0.5925
sphere_source_integral.plot.radius[58],0.595
sphere_source_integral.plot.radius[59],0.5975
sphere_source_integral.plot.radius[60],0.6
sphere_source_integral.plot.radius[61],0.6025
sphere_source_integral.plot.radius[62],0.605
sphere_source_integral.plot.radius[63],0.6075
sphere_source_integral.plot.radius[64],0.61
sphere_source_integral.plot.radius[65],0.6125
sphere_source_integral.plot.radius[66],0.615
sphere_source_integral.plot.radius[67],0.6175
sphere_source_integral.plot.radius[68],0.62
sphere_source_integral.plot.radius[69],0.6225
sphere_source_integral.plot.radius[70],0.625
sphere_source_integral.plot.radius[71],0.6275
sphere_source_integral.plot.radius[72],0.63
sphere_source_integral.plot.radius[73],0.6325000000000001
sphere_source_integral.plot.radius[74],0.635
sphere_source_integral.plot.radius[75],0.6375
sphere_source_integral.plot.radius[76],0.64
sphere_source_integral.plot.radius[77],0.6425000000000001
sphere_source_integral.plot.radius[78],0.645
sphere_source_integral.plot.radius[79],0.6475
sphere_source_integral.plot.radius[80],0.65
sphere_source_integral.plot.radius[81],0.6525000000000001
sphere_source_integral.plot.radius[82],0.655
sphere_source_integral.plot.radius[83],0.6575
sphere_source_integral.plot.radius[84],0.66
sphere_source_integral.plot.radius[85],0.6625
sphere_source_integral.plot.radius[86],0.665
sphere_source_integral.plot.radius[87],0.6675
sphere_source_integral.plot.radius[88],0.67
sphere_source_integral.plot.radius[89],0.6725
sphere_source_integral.plot.radius[90],0.675
sphere_source_integral.plot.radius[91],0.6775
sphere_source_integral.plot.radius[92],0.68
sphere_source_integral.plot.radius[93],0.6825
sphere_source_integral.plot.radius[94],0.685
sphere_source_integral.plot.radius[95],0.6875
sphere_source_integral.plot.radius[96],0.69
sphere_source_integral.plot.radius[97],0.6925
sphere_source_integral.plot.radius[98],0.6950000000000001
sphere_source_integral.plot.radius[99],0.6975
sphere_source_integral.plot.radius[100],0.7
sphere_source_integral.plot.radius[101],0.7025
sphere_source_integral.plot.radius[102],0.7050000000000001
sphere_source_integral.plot.radius[103],0.7075
sphere_source_integral.plot.radius[104],0.71
sphere_source_integral.plot.radius[105],0.7125
sphere_source_integral.plot.radius[106],0.7150000000000001
sphere_source_integral.plot.radius[107],0.7175
sphere_source_integral.plot.radius[108],0.72
sphere_source_integral.plot.radius[109],0.7225
sphere_source_integral.plot.radius[110],0.7250000000000001
sphere_source_integral.plot.radius[111],0.7275
sphere_source_integral.plot.radius[112],0.73
sphere_source_integral.plot.radius[113],0.7325
sphere_source_integral.plot.radius[114],0.7350000000000001
sphere_source_integral.plot.radius[115],0.7375
sphere_source_integral.plot.radius[116],0.74
sphere_source_integral.plot.radius[117],0.7424999999999999
sphere_source_integral.plot.radius[118],0.745
sphere_source_integral.plot.radius[119],0.7475
sphere_source_integral.plot.radius[120],0.75
sphere_source_integral.plot.radius_mass[0],2.5724623048717263
sphere_source_integral.plot.radius_mass[1],2.6372649189271757
sphere_source_integral.plot.radius_mass[2],2.6555098255377745
sphere_source_integral.plot.radius_mass[3],2.648057491910015
sphere_source_integral.plot.radius_mass[4],2.6424375422591204
sphere_source_integral.plot.radius_mass[5],2.660012502150554
sphere_source_integral.plot.radius_mass[6],2.7131558860968426
sphere_source_integral.plot.radius_mass[7],2.7873112725386875
sphere_source_integral.plot.radius_mass[8],2.8716996195368325
sphere_source_integral.plot.radius_mass[9],2.95447860941982
sphere_source_integral.plot.radius_mass[10],3.0017795610216615
sphere_source_integral.plot.radius_mass[11],3.001435366010524
sphere_source_integral.plot.radius_mass[12],2.9823678431771437
sphere_source_integral.plot.radius_mass[13],2.9816307758325085
sphere_source_integral.plot.radius_mass[14],3.0104395471931236
sphere_source_integral.plot.radius_mass[15],3.0569038618496154
sphere_source_integral.plot.radius_mass[16],3.117235225738976
sphere_source_integral.plot.radius_mass[17],3.1838240463553906
sphere_source_integral.plot.radius_mass[18],3.236967789285799
sphere_source_integral.plot.radius_mass[19],3.25919434216925
sphere_source_integral.plot.radius_mass[20],3.246493283420765
sphere_source_integral.plot.radius_mass[21],3.224600900399569
sphere_source_integral.plot.radius_mass[22],3.2176153696384615
sphere_source_integral.plot.radius_mass[23],3.2217689528383486
sphere_source_integral.plot.radius_mass[24],3.2231423705639557
sphere_source_integral.plot.radius_mass[25],3.2213529745071217
sphere_source_integral.plot.radius_mass[26],3.2273801345534228
sphere_source_integral.plot.radius_mass[27],3.2385925276176932
sphere_source_integral.plot.radius_mass[28],3.248431218492029
sphere_source_integral.plot.radius_mass[29],3.26368008233073
sphere_source_integral.plot.radius_mass[30],3.2828405763877777
sphere_source_integral.plot.radius_mass[31],3.316137590331295
sphere_source_integral.plot.radius_mass[32],3.3667979488530015
sphere_source_integral.plot.radius_mass[33],3.4234588511368464
sphere_source_integral.plot.radius_mass[34],3.472829686799076
sphere_source_integral.plot.radius_mass[35],3.511036968247121
sphere_source_integral.plot.radius_mass[36],3.547294410436472
sphere_source_integral.plot.radius_mass[37],3.582152384322752
sphere_source_integral.plot.radius_mass[38],3.623997239182218
sphere_source_integral.plot.radius_mass[39],3.6923526332710384
sphere_source_integral.plot.radius_mass[40],3.8011754614291267
sphere_source_integral.plot.radius_mass[41],3.9311402113330725
sphere_source_integral.plot.radius_mass[42],4.053370291397291
sphere_source_integral.plot.radius_mass[43],4.1296554378955594
sphere_source_integral.plot.radius_mass[44],4.155634426421603
sphere_source_integral.plot.radius_mass[45],4.143575458930835
sphere_source_integral.plot.radius_mass[46],4.099454013108437
sphere_source_integral.plot.radius_mass[47],4.039045571579753
sphere_source_integral.plot.radius_mass[48],3.9894248237200136
sphere_source_integral.plot.radius_mass[49],3.983398669404433
sphere_source_integral.plot.radius_mass[50],4.028142815607049
sphere_source_integral.plot.radius_mass[51],4.10797822717898
sphere_source_integral.plot.radius_mass[52],4.216307578669147
sphere_source_integral.plot.radius_mass[53],4.3541032013927
sphere_source_integral.plot.radius_mass[54],4.488761192391928
sphere_source_integral.plot.radius_mass[55],4.575831343082065
sphere_source_integral.plot.radius_mass[56],4.562179953991937
sphere_source_integral.plot.radius_mass[57],4.461413489666097
sphere_source_integral.plot.radius_mass[58],4.339263612637325
sphere_source_integral.plot.radius_mass[59],4.246394210866873
sphere_source_integral.plot.radius_mass[60],4.207835048523512
sphere_source_integral.plot.radius_mass[61],4.231989484153185
sphere_source_integral.plot.radius_mass[62],4.315217351989061
sphere_source_integral.plot.radius_mass[63],4.434252514821113
sphere_source_integral.plot.radius_mass[64],4.565234779384587
sphere_source_integral.plot.radius_mass[65],4.691318412724334
sphere_source_integral.plot.radius_mass[66],4.802366804877225
sphere_source_integral.plot.radius_mass[67],4.908578272299096
sphere_source_integral.plot.radius_mass[68],5.032151811511241
sphere_source_integral.plot.radius_mass[69],5.148120775119633
sphere_source_integral.plot.radius_mass[70],5.226010388926138
sphere_source_integral.plot.radius_mass[71],5.246244523183986
sphere_source_integral.plot.radius_mass[72],5.222446565826157
sphere_source_integral.plot.radius_mass[73],5.162209493519839
sphere_source_integral.plot.radius_mass[74],5.092062715989182
sphere_source_integral.plot.radius_mass[75],5.036501993271538
sphere_source_integral.plot.radius_mass[76],5.006027391170193
sphere_source_integral.plot.radius_mass[77],5.027575237064786
sphere_source_integral.plot.radius_mass[78],5.10563870263164
sphere_source_integral.plot.radius_mass[79],5.227973356246706
sphere_source_integral.plot.radius_mass[80],5.391145369248444
sphere_source_integral.plot.radius_mass[81],5.5650557799131875
sphere_source_integral.plot.radius_mass[82],5.701834340683374
sphere_source_integral.plot.radius_mass[83],5.758928929734491
sphere_source_integral.plot.radius_mass[84],5.73158268724747
sphere_source_integral.plot.radius_mass[85],5.659376375259815
sphere_source_integral.plot.radius_mass[86],5.584323419902635
sphere_source_integral.plot.radius_mass[87],5.539447518898271
sphere_source_integral.plot.radius_mass[88],5.538685048014919
sphere_source_integral.plot.radius_mass[89],5.589923963281684
sphere_source_integral.plot.radius_mass[90],5.688127849648004
sphere_source_integral.plot.radius_mass[91],5.785500991575954
sphere_source_integral.plot.radius_mass[92],5.838432124663152
sphere_source_integral.plot.radius_mass[93],5.853012727056111
sphere_source_integral.plot.radius_mass[94],5.8654834824048745
sphere_source_integral.plot.radius_mass[95],5.893249181662416
sphere_source_integral.plot.radius_mass[96],5.9380023742914405
sphere_source_integral.plot.radius_mass[97],5.976733556756346
sphere_source_integral.plot.radius_mass[98],5.989500698579098
sphere_source_integral.plot.radius_mass[99],5.981045556230404
sphere_source_integral.plot.radius_mass[100],5.958240844395
sphere_source_integral.plot.radius_mass[101],5.937562282407612
sphere_source_integral.plot.radius_mass[102],5.940205230526906
sphere_source_integral.plot.radius_mass[103],5.990057981927162
sphere_source_integral.plot.radius_mass[104],6.089064504296102
sphere_source_integral.plot.radius_mass[105],6.219022808113906
sphere_source_integral.plot.radius_mass[106],6.367605395110105
sphere_source_integral.plot.radius_mass[107],6.5259380221391075
sphere_source_integral.plot.radius_mass[108],6.6638729629269875
sphere_source_integral.plot.radius_mass[109],6.759292690630842
sphere_source_integral.plot.radius_mass[110],6.806409316070129
sphere_source_integral.plot.radius_mass[111],6.8308388215747735
sphere_source_integral.plot.radius_mass[112],6.8420733618978335
sphere_source_integral.plot.radius_mass[113],6.846547593771451
sphere_source_integral.plot.radius_mass[114],6.830399185156581
sphere_source_integral.plot.radius_mass[115],6.7851400947419025
sphere_source_integral.plot.radius_mass[116],6.730903064360212
sphere_source_integral.plot.radius_mass[117],6.6891075108434945
sphere_source_integral.plot.radius_mass[118],6.671116051621982
sphere_source_integral.plot.radius_mass[119],6.695989410503156
sphere_source_integral.plot.radius_mass[120],6.793132098072842
sphere_source_integral.plot.analytic_radius_area[0],2.5446900494077327
sphere_source_integral.plot.analytic_radius_area[1],2.5730429231063803
sphere_source_integral.plot.analytic_radius_area[2],2.601552876437708
sphere_source_integral.plot.analytic_radius_area[3],2.6302199094017147
sphere_source_integral.plot.analytic_radius_area[4],2.659044021998401
sphere_source_integral.plot.analytic_radius_area[5],2.688025214227767
sphere_source_integral.plot.analytic_radius_area[6],2.7171634860898126
sphere_source_integral.plot.analytic_radius_area[7],2.7464588375845373
sphere_source_integral.plot.analytic_radius_area[8],2.775911268711942
sphere_source_integral.plot.analytic_radius_area[9],2.805520779472025
sphere_source_integral.plot.analytic_radius_area[10],2.8352873698647887
sphere_source_integral.plot.analytic_radius_area[11],2.8652110398902315
sphere_source_integral.plot.analytic_radius_area[12],2.895291789548353
sphere_source_integral.plot.analytic_radius_area[13],2.9255296188391555
sphere_source_integral.plot.analytic_radius_area[14],2.9559245277626363
sphere_source_integral.plot.analytic_radius_area[15],2.9864765163187967
sphere_source_integral.plot.analytic_radius_area[16],3.017185584507637
sphere_source_integral.plot.analytic_radius_area[17],3.048051732329157
sphere_source_integral.plot.analytic_radius_area[18],3.079074959783356
sphere_source_integral.plot.analytic_radius_area[19],3.1102552668702352
sphere_source_integral.plot.analytic_radius_area[20],3.141592653589793
sphere_source_integral.plot.analytic_radius_area[21],3.173087119942031
sphere_source_integral.plot.analytic_radius_area[22],3.204738665926948
sphere_source_integral.plot.analytic_radius_area[23],3.2365472915445452
sphere_source_integral.plot.analytic_radius_area[24],3.2685129967948208
sphere_source_integral.plot.analytic_radius_area[25],3.300635781677776
sphere_source_integral.plot.analytic_radius_area[26],3.3329156461934115
sphere_source_integral.plot.analytic_radius_area[27],3.365352590341727
sphere_source_integral.plot.analytic_radius_area[28],3.397946614122721
sphere_source_integral.plot.analytic_radius_area[29],3.4306977175363933
sphere_source_integral.plot.analytic_radius_area[30],3.463605900582747
sphere_source_integral.plot.analytic_radius_area[31],3.4966711632617793
sphere_source_integral.plot.analytic_radius_area[32],3.529893505573492
sphere_source_integral.plot.analytic_radius_area[33],3.5632729275178825
sphere_source_integral.plot.analytic_radius_area[34],3.596809429094954
sphere_source_integral.plot.analytic_radius_area[35],3.6305030103047042
sphere_source_integral.plot.analytic_radius_area[36],3.664353671147135
sphere_source_integral.plot.analytic_radius_area[37],3.698361411622244
sphere_source_integral.plot.analytic_radius_area[38],3.732526231730034
sphere_source_integral.plot.analytic_radius_area[39],3.7668481314705016
sphere_source_integral.plot.analytic_radius_area[40],3.8013271108436504
sphere_source_integral.plot.analytic_radius_area[41],3.835963169849477
sphere_source_integral.plot.analytic_radius_area[42],3.8707563084879846
sphere_source_integral.plot.analytic_radius_area[43],3.9057065267591704
sphere_source_integral.plot.analytic_radius_area[44],3.940813824663037
sphere_source_integral.plot.analytic_radius_area[45],3.9760782021995817
sphere_source_integral.plot.analytic_radius_area[46],4.011499659368808
sphere_source_integral.plot.analytic_radius_area[47],4.047078196170711
sphere_source_integral.plot.analytic_radius_area[48],4.082813812605296
sphere_source_integral.plot.analytic_radius_area[49],4.118706508672559
sphere_source_integral.plot.analytic_radius_area[50],4.1547562843725006
sphere_source_integral.plot.analytic_radius_area[51],4.190963139705124
sphere_source_integral.plot.analytic_radius_area[52],4.227327074670427
sphere_source_integral.plot.analytic_radius_area[53],4.263848089268407
sphere_source_integral.plot.analytic_radius_area[54],4.300526183499067
sphere_source_integral.plot.analytic_radius_area[55],4.337361357362409
sphere_source_integral.plot.analytic_radius_area[56],4.374353610858429
sphere_source_integral.plot.analytic_radius_area[57],4.411502943987127
sphere_source_integral.plot.analytic_radius_area[58],4.448809356748506
sphere_source_integral.plot.analytic_radius_area[59],4.486272849142565
sphere_source_integral.plot.analytic_radius_area[60],4.523893421169302
sphere_source_integral.plot.analytic_radius_area[61],4.5616710728287195
sphere_source_integral.plot.analytic_radius_area[62],4.599605804120816
sphere_source_integral.plot.analytic_radius_area[63],4.637697615045592
sphere_source_integral.plot.analytic_radius_area[64],4.675946505603048
sphere_source_integral.plot.analytic_radius_area[65],4.714352475793184
sphere_source_integral.plot.analytic_radius_area[66],4.752915525615998
sphere_source_integral.plot.analytic_radius_area[67],4.791635655071493
sphere_source_integral.plot.analytic_radius_area[68],4.830512864159666
sphere_source_integral.plot.analytic_radius_area[69],4.86954715288052
sphere_source_integral.plot.analytic_radius_area[70],4.908738521234052
sphere_source_integral.plot.analytic_radius_area[71],4.948086969220263
sphere_source_integral.plot.analytic_radius_area[72],4.987592496839156
sphere_source_integral.plot.analytic_radius_area[73],5.027255104090727
sphere_source_integral.plot.analytic_radius_area[74],5.067074790974977
sphere_source_integral.plot.analytic_radius_area[75],5.107051557491907
sphere_source_integral.plot.analytic_radius_area[76],5.147185403641517
sphere_source_integral.plot.analytic_radius_area[77],5.1874763294238075
sphere_source_integral.plot.analytic_radius_area[78],5.227924334838775
sphere_source_integral.plot.analytic_radius_area[79],5.268529419886422
sphere_source_integral.plot.analytic_radius_area[80],5.3092915845667505
sphere_source_integral.plot.analytic_radius_area[81],5.350210828879759
sphere_source_integral.plot.analytic_radius_area[82],5.391287152825445
sphere_source_integral.plot.analytic_radius_area[83],5.4325205564038095
sphere_source_integral.plot.analytic_radius_area[84],5.4739110396148565
sphere_source_integral.plot.analytic_radius_area[85],5.5154586024585806
sphere_source_integral.plot.analytic_radius_area[86],5.557163244934985
sphere_source_integral.plot.analytic_radius_area[87],5.599024967044069
sphere_source_integral.plot.analytic_radius_area[88],5.641043768785834
sphere_source_integral.plot.analytic_radius_area[89],5.683219650160275
sphere_source_integral.plot.analytic_radius_area[90],5.725552611167399
sphere_source_integral.plot.analytic_radius_area[91],5.7680426518072
sphere_source_integral.plot.analytic_radius_area[92],5.810689772079683
sphere_source_integral.plot.analytic_radius_area[93],5.853493971984842
sphere_source_integral.plot.analytic_radius_area[94],5.896455251522683
sphere_source_integral.plot.analytic_radius_area[95],5.939573610693203
sphere_source_integral.plot.analytic_radius_area[96],5.982849049496401
sphere_source_integral.plot.analytic_radius_area[97],6.026281567932281
sphere_source_integral.plot.analytic_radius_area[98],6.069871166000841
sphere_source_integral.plot.analytic_radius_area[99],6.113617843702078
sphere_source_integral.plot.analytic_radius_area[100],6.157521601035993
sphere_source_integral.plot.analytic_radius_area[101],6.201582438002592
sphere_source_integral.plot.analytic_radius_area[102],6.245800354601869
sphere_source_integral.plot.analytic_radius_area[103],6.290175350833824
sphere_source_integral.plot.analytic_radius_area[104],6.334707426698459
sphere_source_integral.plot.analytic_radius_area[105],6.379396582195774
sphere_source_integral.plot.analytic_radius_area[106],6.42424281732577
sphere_source_integral.plot.analytic_radius_area[107],6.469246132088442
sphere_source_integral.plot.analytic_radius_area[108],6.5144065264837945
sphere_source_integral.plot.analytic_radius_area[109],6.559724000511828
sphere_source_integral.plot.analytic_radius_area[110],6.605198554172541
sphere_source_integral.plot.analytic_radius_area[111],6.650830187465933
sphere_source_integral.plot.analytic_radius_area[112],6.696618900392002
sphere_source_integral.plot.analytic_radius_area[113],6.742564692950754
sphere_source_integral.plot.analytic_radius_area[114],6.788667565142187
sphere_source_integral.plot.analytic_radius_area[115],6.834927516966294
sphere_source_integral.plot.analytic_radius_area[116],6.881344548423082
sphere_source_integral.plot.analytic_radius_area[117],6.92791865951255
sphere_source_integral.plot.analytic_radius_area[118],6.9746498502347
sphere_source_integral.plot.analytic_radius_area[119],7.021538120589528
sphere_source_integral.plot.analytic_radius_area[120],7.0685834705770345
source_birth_transition.fixed_anchor_count,32768
source_birth_transition.anchor_identity_digest,7c2e81a844e02bccdb0717307eb3597e460c028a5bba84ffc3ba464e9a249a4f
source_birth_transition.epsilon_s,0.012500000000000002
source_birth_transition.epsilon_over_h_s,0.25
source_birth_transition.historical_max_source_count_jump,96
source_birth_transition.historical_count_range[0],0
source_birth_transition.historical_count_range[1],1472
source_birth_transition.hard_shell_maximum_value_jump,0.11999988555908203
source_birth_transition.hard_shell_maximum_derivative_jump,62.499999999999886
source_birth_transition.continuous_maximum_value_jump,0.05553046337228196
source_birth_transition.continuous_maximum_derivative_jump,27.124041429693747
source_birth_transition.continuous_fd_spread,0.4811798957223373
source_birth_transition.plot.lambda[0],-0.2
source_birth_transition.plot.lambda[1],-0.199
source_birth_transition.plot.lambda[2],-0.198
source_birth_transition.plot.lambda[3],-0.197
source_birth_transition.plot.lambda[4],-0.196
source_birth_transition.plot.lambda[5],-0.195
source_birth_transition.plot.lambda[6],-0.194
source_birth_transition.plot.lambda[7],-0.193
source_birth_transition.plot.lambda[8],-0.192
source_birth_transition.plot.lambda[9],-0.191
source_birth_transition.plot.lambda[10],-0.19
source_birth_transition.plot.lambda[11],-0.189
source_birth_transition.plot.lambda[12],-0.188
source_birth_transition.plot.lambda[13],-0.187
source_birth_transition.plot.lambda[14],-0.186
source_birth_transition.plot.lambda[15],-0.185
source_birth_transition.plot.lambda[16],-0.184
source_birth_transition.plot.lambda[17],-0.183
source_birth_transition.plot.lambda[18],-0.182
source_birth_transition.plot.lambda[19],-0.18100000000000002
source_birth_transition.plot.lambda[20],-0.18000000000000002
source_birth_transition.plot.lambda[21],-0.17900000000000002
source_birth_transition.plot.lambda[22],-0.17800000000000002
source_birth_transition.plot.lambda[23],-0.17700000000000002
source_birth_transition.plot.lambda[24],-0.17600000000000002
source_birth_transition.plot.lambda[25],-0.17500000000000002
source_birth_transition.plot.lambda[26],-0.17400000000000002
source_birth_transition.plot.lambda[27],-0.17300000000000001
source_birth_transition.plot.lambda[28],-0.17200000000000001
source_birth_transition.plot.lambda[29],-0.171
source_birth_transition.plot.lambda[30],-0.17
source_birth_transition.plot.lambda[31],-0.169
source_birth_transition.plot.lambda[32],-0.168
source_birth_transition.plot.lambda[33],-0.167
source_birth_transition.plot.lambda[34],-0.166
source_birth_transition.plot.lambda[35],-0.165
source_birth_transition.plot.lambda[36],-0.164
source_birth_transition.plot.lambda[37],-0.163
source_birth_transition.plot.lambda[38],-0.162
source_birth_transition.plot.lambda[39],-0.161
source_birth_transition.plot.lambda[40],-0.16
source_birth_transition.plot.lambda[41],-0.159
source_birth_transition.plot.lambda[42],-0.158
source_birth_transition.plot.lambda[43],-0.157
source_birth_transition.plot.lambda[44],-0.15600000000000003
source_birth_transition.plot.lambda[45],-0.15500000000000003
source_birth_transition.plot.lambda[46],-0.15400000000000003
source_birth_transition.plot.lambda[47],-0.15300000000000002
source_birth_transition.plot.lambda[48],-0.15200000000000002
source_birth_transition.plot.lambda[49],-0.15100000000000002
source_birth_transition.plot.lambda[50],-0.15000000000000002
source_birth_transition.plot.lambda[51],-0.14900000000000002
source_birth_transition.plot.lambda[52],-0.14800000000000002
source_birth_transition.plot.lambda[53],-0.14700000000000002
source_birth_transition.plot.lambda[54],-0.14600000000000002
source_birth_transition.plot.lambda[55],-0.14500000000000002
source_birth_transition.plot.lambda[56],-0.14400000000000002
source_birth_transition.plot.lambda[57],-0.14300000000000002
source_birth_transition.plot.lambda[58],-0.14200000000000002
source_birth_transition.plot.lambda[59],-0.14100000000000001
source_birth_transition.plot.lambda[60],-0.14
source_birth_transition.plot.lambda[61],-0.139
source_birth_transition.plot.lambda[62],-0.138
source_birth_transition.plot.lambda[63],-0.137
source_birth_transition.plot.lambda[64],-0.136
source_birth_transition.plot.lambda[65],-0.135
source_birth_transition.plot.lambda[66],-0.134
source_birth_transition.plot.lambda[67],-0.133
source_birth_transition.plot.lambda[68],-0.132
source_birth_transition.plot.lambda[69],-0.131
source_birth_transition.plot.lambda[70],-0.13
source_birth_transition.plot.lambda[71],-0.129
source_birth_transition.plot.lambda[72],-0.128
source_birth_transition.plot.lambda[73],-0.127
source_birth_transition.plot.lambda[74],-0.126
source_birth_transition.plot.lambda[75],-0.125
source_birth_transition.plot.lambda[76],-0.12400000000000001
source_birth_transition.plot.lambda[77],-0.12300000000000001
source_birth_transition.plot.lambda[78],-0.12200000000000001
source_birth_transition.plot.lambda[79],-0.12100000000000001
source_birth_transition.plot.lambda[80],-0.12000000000000001
source_birth_transition.plot.lambda[81],-0.11900000000000001
source_birth_transition.plot.lambda[82],-0.11800000000000001
source_birth_transition.plot.lambda[83],-0.117
source_birth_transition.plot.lambda[84],-0.116
source_birth_transition.plot.lambda[85],-0.115
source_birth_transition.plot.lambda[86],-0.114
source_birth_transition.plot.lambda[87],-0.113
source_birth_transition.plot.lambda[88],-0.11200000000000002
source_birth_transition.plot.lambda[89],-0.11100000000000002
source_birth_transition.plot.lambda[90],-0.11000000000000001
source_birth_transition.plot.lambda[91],-0.10900000000000001
source_birth_transition.plot.lambda[92],-0.10800000000000001
source_birth_transition.plot.lambda[93],-0.10700000000000001
source_birth_transition.plot.lambda[94],-0.10600000000000001
source_birth_transition.plot.lambda[95],-0.10500000000000001
source_birth_transition.plot.lambda[96],-0.10400000000000001
source_birth_transition.plot.lambda[97],-0.10300000000000001
source_birth_transition.plot.lambda[98],-0.10200000000000001
source_birth_transition.plot.lambda[99],-0.101
source_birth_transition.plot.lambda[100],-0.1
source_birth_transition.plot.lambda[101],-0.099
source_birth_transition.plot.lambda[102],-0.098
source_birth_transition.plot.lambda[103],-0.097
source_birth_transition.plot.lambda[104],-0.096
source_birth_transition.plot.lambda[105],-0.09500000000000001
source_birth_transition.plot.lambda[106],-0.09400000000000001
source_birth_transition.plot.lambda[107],-0.09300000000000001
source_birth_transition.plot.lambda[108],-0.09200000000000001
source_birth_transition.plot.lambda[109],-0.09100000000000001
source_birth_transition.plot.lambda[110],-0.09000000000000001
source_birth_transition.plot.lambda[111],-0.08900000000000001
source_birth_transition.plot.lambda[112],-0.08800000000000001
source_birth_transition.plot.lambda[113],-0.08700000000000001
source_birth_transition.plot.lambda[114],-0.08600000000000001
source_birth_transition.plot.lambda[115],-0.085
source_birth_transition.plot.lambda[116],-0.084
source_birth_transition.plot.lambda[117],-0.083
source_birth_transition.plot.lambda[118],-0.082
source_birth_transition.plot.lambda[119],-0.081
source_birth_transition.plot.lambda[120],-0.08000000000000002
source_birth_transition.plot.lambda[121],-0.07900000000000001
source_birth_transition.plot.lambda[122],-0.07800000000000001
source_birth_transition.plot.lambda[123],-0.07700000000000001
source_birth_transition.plot.lambda[124],-0.07600000000000001
source_birth_transition.plot.lambda[125],-0.07500000000000001
source_birth_transition.plot.lambda[126],-0.07400000000000001
source_birth_transition.plot.lambda[127],-0.07300000000000001
source_birth_transition.plot.lambda[128],-0.07200000000000001
source_birth_transition.plot.lambda[129],-0.07100000000000001
source_birth_transition.plot.lambda[130],-0.07
source_birth_transition.plot.lambda[131],-0.069
source_birth_transition.plot.lambda[132],-0.068
source_birth_transition.plot.lambda[133],-0.067
source_birth_transition.plot.lambda[134],-0.066
source_birth_transition.plot.lambda[135],-0.065
source_birth_transition.plot.lambda[136],-0.064
source_birth_transition.plot.lambda[137],-0.063
source_birth_transition.plot.lambda[138],-0.062
source_birth_transition.plot.lambda[139],-0.061
source_birth_transition.plot.lambda[140],-0.06
source_birth_transition.plot.lambda[141],-0.059
source_birth_transition.plot.lambda[142],-0.057999999999999996
source_birth_transition.plot.lambda[143],-0.056999999999999995
source_birth_transition.plot.lambda[144],-0.055999999999999994
source_birth_transition.plot.lambda[145],-0.05500000000000002
source_birth_transition.plot.lambda[146],-0.05400000000000002
source_birth_transition.plot.lambda[147],-0.05300000000000002
source_birth_transition.plot.lambda[148],-0.05200000000000002
source_birth_transition.plot.lambda[149],-0.05100000000000002
source_birth_transition.plot.lambda[150],-0.05000000000000002
source_birth_transition.plot.lambda[151],-0.049000000000000016
source_birth_transition.plot.lambda[152],-0.048000000000000015
source_birth_transition.plot.lambda[153],-0.047000000000000014
source_birth_transition.plot.lambda[154],-0.04600000000000001
source_birth_transition.plot.lambda[155],-0.04500000000000001
source_birth_transition.plot.lambda[156],-0.04400000000000001
source_birth_transition.plot.lambda[157],-0.04300000000000001
source_birth_transition.plot.lambda[158],-0.04200000000000001
source_birth_transition.plot.lambda[159],-0.04100000000000001
source_birth_transition.plot.lambda[160],-0.04000000000000001
source_birth_transition.plot.lambda[161],-0.03900000000000001
source_birth_transition.plot.lambda[162],-0.038000000000000006
source_birth_transition.plot.lambda[163],-0.037000000000000005
source_birth_transition.plot.lambda[164],-0.036000000000000004
source_birth_transition.plot.lambda[165],-0.035
source_birth_transition.plot.lambda[166],-0.034
source_birth_transition.plot.lambda[167],-0.033
source_birth_transition.plot.lambda[168],-0.032
source_birth_transition.plot.lambda[169],-0.031
source_birth_transition.plot.lambda[170],-0.03
source_birth_transition.plot.lambda[171],-0.028999999999999998
source_birth_transition.plot.lambda[172],-0.027999999999999997
source_birth_transition.plot.lambda[173],-0.026999999999999996
source_birth_transition.plot.lambda[174],-0.025999999999999995
source_birth_transition.plot.lambda[175],-0.024999999999999994
source_birth_transition.plot.lambda[176],-0.02400000000000002
source_birth_transition.plot.lambda[177],-0.02300000000000002
source_birth_transition.plot.lambda[178],-0.02200000000000002
source_birth_transition.plot.lambda[179],-0.02100000000000002
source_birth_transition.plot.lambda[180],-0.020000000000000018
source_birth_transition.plot.lambda[181],-0.019000000000000017
source_birth_transition.plot.lambda[182],-0.018000000000000016
source_birth_transition.plot.lambda[183],-0.017000000000000015
source_birth_transition.plot.lambda[184],-0.016000000000000014
source_birth_transition.plot.lambda[185],-0.015000000000000013
source_birth_transition.plot.lambda[186],-0.014000000000000012
source_birth_transition.plot.lambda[187],-0.013000000000000012
source_birth_transition.plot.lambda[188],-0.01200000000000001
source_birth_transition.plot.lambda[189],-0.01100000000000001
source_birth_transition.plot.lambda[190],-0.010000000000000009
source_birth_transition.plot.lambda[191],-0.009000000000000008
source_birth_transition.plot.lambda[192],-0.008000000000000007
source_birth_transition.plot.lambda[193],-0.007000000000000006
source_birth_transition.plot.lambda[194],-0.006000000000000005
source_birth_transition.plot.lambda[195],-0.0050000000000000044
source_birth_transition.plot.lambda[196],-0.0040000000000000036
source_birth_transition.plot.lambda[197],-0.0030000000000000027
source_birth_transition.plot.lambda[198],-0.0020000000000000018
source_birth_transition.plot.lambda[199],-0.0010000000000000009
source_birth_transition.plot.lambda[200],0.0
source_birth_transition.plot.lambda[201],0.0010000000000000009
source_birth_transition.plot.lambda[202],0.0020000000000000018
source_birth_transition.plot.lambda[203],0.0030000000000000027
source_birth_transition.plot.lambda[204],0.0040000000000000036
source_birth_transition.plot.lambda[205],0.0050000000000000044
source_birth_transition.plot.lambda[206],0.006000000000000005
source_birth_transition.plot.lambda[207],0.007000000000000006
source_birth_transition.plot.lambda[208],0.008000000000000007
source_birth_transition.plot.lambda[209],0.00899999999999998
source_birth_transition.plot.lambda[210],0.009999999999999981
source_birth_transition.plot.lambda[211],0.010999999999999982
source_birth_transition.plot.lambda[212],0.011999999999999983
source_birth_transition.plot.lambda[213],0.012999999999999984
source_birth_transition.plot.lambda[214],0.013999999999999985
source_birth_transition.plot.lambda[215],0.014999999999999986
source_birth_transition.plot.lambda[216],0.015999999999999986
source_birth_transition.plot.lambda[217],0.016999999999999987
source_birth_transition.plot.lambda[218],0.017999999999999988
source_birth_transition.plot.lambda[219],0.01899999999999999
source_birth_transition.plot.lambda[220],0.01999999999999999
source_birth_transition.plot.lambda[221],0.02099999999999999
source_birth_transition.plot.lambda[222],0.021999999999999992
source_birth_transition.plot.lambda[223],0.022999999999999993
source_birth_transition.plot.lambda[224],0.023999999999999994
source_birth_transition.plot.lambda[225],0.024999999999999994
source_birth_transition.plot.lambda[226],0.025999999999999995
source_birth_transition.plot.lambda[227],0.026999999999999996
source_birth_transition.plot.lambda[228],0.027999999999999997
source_birth_transition.plot.lambda[229],0.028999999999999998
source_birth_transition.plot.lambda[230],0.03
source_birth_transition.plot.lambda[231],0.031
source_birth_transition.plot.lambda[232],0.032
source_birth_transition.plot.lambda[233],0.033
source_birth_transition.plot.lambda[234],0.034
source_birth_transition.plot.lambda[235],0.035
source_birth_transition.plot.lambda[236],0.036000000000000004
source_birth_transition.plot.lambda[237],0.037000000000000005
source_birth_transition.plot.lambda[238],0.038000000000000006
source_birth_transition.plot.lambda[239],0.03900000000000001
source_birth_transition.plot.lambda[240],0.03999999999999998
source_birth_transition.plot.lambda[241],0.04099999999999998
source_birth_transition.plot.lambda[242],0.04199999999999998
source_birth_transition.plot.lambda[243],0.04299999999999998
source_birth_transition.plot.lambda[244],0.043999999999999984
source_birth_transition.plot.lambda[245],0.044999999999999984
source_birth_transition.plot.lambda[246],0.045999999999999985
source_birth_transition.plot.lambda[247],0.046999999999999986
source_birth_transition.plot.lambda[248],0.04799999999999999
source_birth_transition.plot.lambda[249],0.04899999999999999
source_birth_transition.plot.lambda[250],0.04999999999999999
source_birth_transition.plot.lambda[251],0.05099999999999999
source_birth_transition.plot.lambda[252],0.05199999999999999
source_birth_transition.plot.lambda[253],0.05299999999999999
source_birth_transition.plot.lambda[254],0.05399999999999999
source_birth_transition.plot.lambda[255],0.05499999999999999
source_birth_transition.plot.lambda[256],0.055999999999999994
source_birth_transition.plot.lambda[257],0.056999999999999995
source_birth_transition.plot.lambda[258],0.057999999999999996
source_birth_transition.plot.lambda[259],0.059
source_birth_transition.plot.lambda[260],0.06
source_birth_transition.plot.lambda[261],0.061
source_birth_transition.plot.lambda[262],0.062
source_birth_transition.plot.lambda[263],0.063
source_birth_transition.plot.lambda[264],0.064
source_birth_transition.plot.lambda[265],0.065
source_birth_transition.plot.lambda[266],0.066
source_birth_transition.plot.lambda[267],0.067
source_birth_transition.plot.lambda[268],0.068
source_birth_transition.plot.lambda[269],0.069
source_birth_transition.plot.lambda[270],0.07
source_birth_transition.plot.lambda[271],0.07100000000000001
source_birth_transition.plot.lambda[272],0.07200000000000001
source_birth_transition.plot.lambda[273],0.07300000000000001
source_birth_transition.plot.lambda[274],0.07400000000000001
source_birth_transition.plot.lambda[275],0.07500000000000001
source_birth_transition.plot.lambda[276],0.07600000000000001
source_birth_transition.plot.lambda[277],0.07700000000000001
source_birth_transition.plot.lambda[278],0.07800000000000001
source_birth_transition.plot.lambda[279],0.07900000000000001
source_birth_transition.plot.lambda[280],0.08
source_birth_transition.plot.historical_count[0],1472
source_birth_transition.plot.historical_count[1],1448
source_birth_transition.plot.historical_count[2],1448
source_birth_transition.plot.historical_count[3],1448
source_birth_transition.plot.historical_count[4],1448
source_birth_transition.plot.historical_count[5],1472
source_birth_transition.plot.historical_count[6],1448
source_birth_transition.plot.historical_count[7],1448
source_birth_transition.plot.historical_count[8],1448
source_birth_transition.plot.historical_count[9],1448
source_birth_transition.plot.historical_count[10],1448
source_birth_transition.plot.historical_count[11],1448
source_birth_transition.plot.historical_count[12],1448
source_birth_transition.plot.historical_count[13],1448
source_birth_transition.plot.historical_count[14],1448
source_birth_transition.plot.historical_count[15],1424
source_birth_transition.plot.historical_count[16],1400
source_birth_transition.plot.historical_count[17],1400
source_birth_transition.plot.historical_count[18],1352
source_birth_transition.plot.historical_count[19],1352
source_birth_transition.plot.historical_count[20],1332
source_birth_transition.plot.historical_count[21],1328
source_birth_transition.plot.historical_count[22],1328
source_birth_transition.plot.historical_count[23],1328
source_birth_transition.plot.historical_count[24],1328
source_birth_transition.plot.historical_count[25],1328
source_birth_transition.plot.historical_count[26],1328
source_birth_transition.plot.historical_count[27],1328
source_birth_transition.plot.historical_count[28],1328
source_birth_transition.plot.historical_count[29],1328
source_birth_transition.plot.historical_count[30],1280
source_birth_transition.plot.historical_count[31],1280
source_birth_transition.plot.historical_count[32],1280
source_birth_transition.plot.historical_count[33],1280
source_birth_transition.plot.historical_count[34],1280
source_birth_transition.plot.historical_count[35],1304
source_birth_transition.plot.historical_count[36],1280
source_birth_transition.plot.historical_count[37],1280
source_birth_transition.plot.historical_count[38],1184
source_birth_transition.plot.historical_count[39],1184
source_birth_transition.plot.historical_count[40],1160
source_birth_transition.plot.historical_count[41],1160
source_birth_transition.plot.historical_count[42],1160
source_birth_transition.plot.historical_count[43],1160
source_birth_transition.plot.historical_count[44],1160
source_birth_transition.plot.historical_count[45],1232
source_birth_transition.plot.historical_count[46],1160
source_birth_transition.plot.historical_count[47],1160
source_birth_transition.plot.historical_count[48],1112
source_birth_transition.plot.historical_count[49],1112
source_birth_transition.plot.historical_count[50],1112
source_birth_transition.plot.historical_count[51],1112
source_birth_transition.plot.historical_count[52],1112
source_birth_transition.plot.historical_count[53],1112
source_birth_transition.plot.historical_count[54],1112
source_birth_transition.plot.historical_count[55],1088
source_birth_transition.plot.historical_count[56],1064
source_birth_transition.plot.historical_count[57],1064
source_birth_transition.plot.historical_count[58],1064
source_birth_transition.plot.historical_count[59],1064
source_birth_transition.plot.historical_count[60],1112
source_birth_transition.plot.historical_count[61],1064
source_birth_transition.plot.historical_count[62],1064
source_birth_transition.plot.historical_count[63],1064
source_birth_transition.plot.historical_count[64],1064
source_birth_transition.plot.historical_count[65],1104
source_birth_transition.plot.historical_count[66],1064
source_birth_transition.plot.historical_count[67],1064
source_birth_transition.plot.historical_count[68],1016
source_birth_transition.plot.historical_count[69],1016
source_birth_transition.plot.historical_count[70],1016
source_birth_transition.plot.historical_count[71],968
source_birth_transition.plot.historical_count[72],968
source_birth_transition.plot.historical_count[73],968
source_birth_transition.plot.historical_count[74],968
source_birth_transition.plot.historical_count[75],920
source_birth_transition.plot.historical_count[76],896
source_birth_transition.plot.historical_count[77],896
source_birth_transition.plot.historical_count[78],872
source_birth_transition.plot.historical_count[79],872
source_birth_transition.plot.historical_count[80],872
source_birth_transition.plot.historical_count[81],872
source_birth_transition.plot.historical_count[82],872
source_birth_transition.plot.historical_count[83],872
source_birth_transition.plot.historical_count[84],872
source_birth_transition.plot.historical_count[85],872
source_birth_transition.plot.historical_count[86],872
source_birth_transition.plot.historical_count[87],872
source_birth_transition.plot.historical_count[88],824
source_birth_transition.plot.historical_count[89],824
source_birth_transition.plot.historical_count[90],848
source_birth_transition.plot.historical_count[91],824
source_birth_transition.plot.historical_count[92],824
source_birth_transition.plot.historical_count[93],824
source_birth_transition.plot.historical_count[94],824
source_birth_transition.plot.historical_count[95],824
source_birth_transition.plot.historical_count[96],824
source_birth_transition.plot.historical_count[97],824
source_birth_transition.plot.historical_count[98],776
source_birth_transition.plot.historical_count[99],776
source_birth_transition.plot.historical_count[100],728
source_birth_transition.plot.historical_count[101],728
source_birth_transition.plot.historical_count[102],728
source_birth_transition.plot.historical_count[103],728
source_birth_transition.plot.historical_count[104],728
source_birth_transition.plot.historical_count[105],728
source_birth_transition.plot.historical_count[106],728
source_birth_transition.plot.historical_count[107],728
source_birth_transition.plot.historical_count[108],680
source_birth_transition.plot.historical_count[109],680
source_birth_transition.plot.historical_count[110],656
source_birth_transition.plot.historical_count[111],656
source_birth_transition.plot.historical_count[112],656
source_birth_transition.plot.historical_count[113],656
source_birth_transition.plot.historical_count[114],656
source_birth_transition.plot.historical_count[115],656
source_birth_transition.plot.historical_count[116],608
source_birth_transition.plot.historical_count[117],608
source_birth_transition.plot.historical_count[118],608
source_birth_transition.plot.historical_count[119],608
source_birth_transition.plot.historical_count[120],608
source_birth_transition.plot.historical_count[121],584
source_birth_transition.plot.historical_count[122],584
source_birth_transition.plot.historical_count[123],584
source_birth_transition.plot.historical_count[124],584
source_birth_transition.plot.historical_count[125],584
source_birth_transition.plot.historical_count[126],584
source_birth_transition.plot.historical_count[127],584
source_birth_transition.plot.historical_count[128],536
source_birth_transition.plot.historical_count[129],536
source_birth_transition.plot.historical_count[130],536
source_birth_transition.plot.historical_count[131],536
source_birth_transition.plot.historical_count[132],536
source_birth_transition.plot.historical_count[133],536
source_birth_transition.plot.historical_count[134],536
source_birth_transition.plot.historical_count[135],536
source_birth_transition.plot.historical_count[136],488
source_birth_transition.plot.historical_count[137],488
source_birth_transition.plot.historical_count[138],416
source_birth_transition.plot.historical_count[139],416
source_birth_transition.plot.historical_count[140],416
source_birth_transition.plot.historical_count[141],416
source_birth_transition.plot.historical_count[142],416
source_birth_transition.plot.historical_count[143],416
source_birth_transition.plot.historical_count[144],416
source_birth_transition.plot.historical_count[145],416
source_birth_transition.plot.historical_count[146],416
source_birth_transition.plot.historical_count[147],416
source_birth_transition.plot.historical_count[148],416
source_birth_transition.plot.historical_count[149],416
source_birth_transition.plot.historical_count[150],416
source_birth_transition.plot.historical_count[151],368
source_birth_transition.plot.historical_count[152],368
source_birth_transition.plot.historical_count[153],368
source_birth_transition.plot.historical_count[154],368
source_birth_transition.plot.historical_count[155],368
source_birth_transition.plot.historical_count[156],344
source_birth_transition.plot.historical_count[157],344
source_birth_transition.plot.historical_count[158],296
source_birth_transition.plot.historical_count[159],296
source_birth_transition.plot.historical_count[160],296
source_birth_transition.plot.historical_count[161],272
source_birth_transition.plot.historical_count[162],272
source_birth_transition.plot.historical_count[163],272
source_birth_transition.plot.historical_count[164],272
source_birth_transition.plot.historical_count[165],320
source_birth_transition.plot.historical_count[166],272
source_birth_transition.plot.historical_count[167],272
source_birth_transition.plot.historical_count[168],224
source_birth_transition.plot.historical_count[169],224
source_birth_transition.plot.historical_count[170],224
source_birth_transition.plot.historical_count[171],224
source_birth_transition.plot.historical_count[172],224
source_birth_transition.plot.historical_count[173],224
source_birth_transition.plot.historical_count[174],224
source_birth_transition.plot.historical_count[175],176
source_birth_transition.plot.historical_count[176],176
source_birth_transition.plot.historical_count[177],176
source_birth_transition.plot.historical_count[178],152
source_birth_transition.plot.historical_count[179],152
source_birth_transition.plot.historical_count[180],152
source_birth_transition.plot.historical_count[181],128
source_birth_transition.plot.historical_count[182],128
source_birth_transition.plot.historical_count[183],128
source_birth_transition.plot.historical_count[184],128
source_birth_transition.plot.historical_count[185],128
source_birth_transition.plot.historical_count[186],128
source_birth_transition.plot.historical_count[187],128
source_birth_transition.plot.historical_count[188],80
source_birth_transition.plot.historical_count[189],80
source_birth_transition.plot.historical_count[190],80
source_birth_transition.plot.historical_count[191],56
source_birth_transition.plot.historical_count[192],56
source_birth_transition.plot.historical_count[193],56
source_birth_transition.plot.historical_count[194],56
source_birth_transition.plot.historical_count[195],32
source_birth_transition.plot.historical_count[196],32
source_birth_transition.plot.historical_count[197],32
source_birth_transition.plot.historical_count[198],8
source_birth_transition.plot.historical_count[199],8
source_birth_transition.plot.historical_count[200],8
source_birth_transition.plot.historical_count[201],0
source_birth_transition.plot.historical_count[202],0
source_birth_transition.plot.historical_count[203],0
source_birth_transition.plot.historical_count[204],0
source_birth_transition.plot.historical_count[205],0
source_birth_transition.plot.historical_count[206],0
source_birth_transition.plot.historical_count[207],0
source_birth_transition.plot.historical_count[208],0
source_birth_transition.plot.historical_count[209],0
source_birth_transition.plot.historical_count[210],0
source_birth_transition.plot.historical_count[211],0
source_birth_transition.plot.historical_count[212],0
source_birth_transition.plot.historical_count[213],0
source_birth_transition.plot.historical_count[214],0
source_birth_transition.plot.historical_count[215],0
source_birth_transition.plot.historical_count[216],0
source_birth_transition.plot.historical_count[217],0
source_birth_transition.plot.historical_count[218],0
source_birth_transition.plot.historical_count[219],0
source_birth_transition.plot.historical_count[220],0
source_birth_transition.plot.historical_count[221],0
source_birth_transition.plot.historical_count[222],0
source_birth_transition.plot.historical_count[223],0
source_birth_transition.plot.historical_count[224],0
source_birth_transition.plot.historical_count[225],0
source_birth_transition.plot.historical_count[226],0
source_birth_transition.plot.historical_count[227],0
source_birth_transition.plot.historical_count[228],0
source_birth_transition.plot.historical_count[229],0
source_birth_transition.plot.historical_count[230],0
source_birth_transition.plot.historical_count[231],0
source_birth_transition.plot.historical_count[232],0
source_birth_transition.plot.historical_count[233],0
source_birth_transition.plot.historical_count[234],0
source_birth_transition.plot.historical_count[235],0
source_birth_transition.plot.historical_count[236],0
source_birth_transition.plot.historical_count[237],0
source_birth_transition.plot.historical_count[238],0
source_birth_transition.plot.historical_count[239],0
source_birth_transition.plot.historical_count[240],0
source_birth_transition.plot.historical_count[241],0
source_birth_transition.plot.historical_count[242],0
source_birth_transition.plot.historical_count[243],0
source_birth_transition.plot.historical_count[244],0
source_birth_transition.plot.historical_count[245],0
source_birth_transition.plot.historical_count[246],0
source_birth_transition.plot.historical_count[247],0
source_birth_transition.plot.historical_count[248],0
source_birth_transition.plot.historical_count[249],0
source_birth_transition.plot.historical_count[250],0
source_birth_transition.plot.historical_count[251],0
source_birth_transition.plot.historical_count[252],0
source_birth_transition.plot.historical_count[253],0
source_birth_transition.plot.historical_count[254],0
source_birth_transition.plot.historical_count[255],0
source_birth_transition.plot.historical_count[256],0
source_birth_transition.plot.historical_count[257],0
source_birth_transition.plot.historical_count[258],0
source_birth_transition.plot.historical_count[259],0
source_birth_transition.plot.historical_count[260],0
source_birth_transition.plot.historical_count[261],0
source_birth_transition.plot.historical_count[262],0
source_birth_transition.plot.historical_count[263],0
source_birth_transition.plot.historical_count[264],0
source_birth_transition.plot.historical_count[265],0
source_birth_transition.plot.historical_count[266],0
source_birth_transition.plot.historical_count[267],0
source_birth_transition.plot.historical_count[268],0
source_birth_transition.plot.historical_count[269],0
source_birth_transition.plot.historical_count[270],0
source_birth_transition.plot.historical_count[271],0
source_birth_transition.plot.historical_count[272],0
source_birth_transition.plot.historical_count[273],0
source_birth_transition.plot.historical_count[274],0
source_birth_transition.plot.historical_count[275],0
source_birth_transition.plot.historical_count[276],0
source_birth_transition.plot.historical_count[277],0
source_birth_transition.plot.historical_count[278],0
source_birth_transition.plot.historical_count[279],0
source_birth_transition.plot.historical_count[280],0
source_birth_transition.plot.hard_mass[0],2.555000066757202
source_birth_transition.plot.hard_mass[1],2.5400002002716064
source_birth_transition.plot.hard_mass[2],2.510000228881836
source_birth_transition.plot.hard_mass[3],2.4800000190734863
source_birth_transition.plot.hard_mass[4],2.5200002193450928
source_birth_transition.plot.hard_mass[5],2.4850001335144043
source_birth_transition.plot.hard_mass[6],2.455000162124634
source_birth_transition.plot.hard_mass[7],2.440000057220459
source_birth_transition.plot.hard_mass[8],2.455000162124634
source_birth_transition.plot.hard_mass[9],2.4800000190734863
source_birth_transition.plot.hard_mass[10],2.380000114440918
source_birth_transition.plot.hard_mass[11],2.3600001335144043
source_birth_transition.plot.hard_mass[12],2.3000001907348633
source_birth_transition.plot.hard_mass[13],2.265000104904175
source_birth_transition.plot.hard_mass[14],2.2750000953674316
source_birth_transition.plot.hard_mass[15],2.240000009536743
source_birth_transition.plot.hard_mass[16],2.2700002193450928
source_birth_transition.plot.hard_mass[17],2.200000047683716
source_birth_transition.plot.hard_mass[18],2.134999990463257
source_birth_transition.plot.hard_mass[19],2.1500000953674316
source_birth_transition.plot.hard_mass[20],2.1600000858306885
source_birth_transition.plot.hard_mass[21],2.1650002002716064
source_birth_transition.plot.hard_mass[22],2.1750001907348633
source_birth_transition.plot.hard_mass[23],2.1700000762939453
source_birth_transition.plot.hard_mass[24],2.1600000858306885
source_birth_transition.plot.hard_mass[25],2.0400002002716064
source_birth_transition.plot.hard_mass[26],2.120000123977661
source_birth_transition.plot.hard_mass[27],2.1050000190734863
source_birth_transition.plot.hard_mass[28],2.075000047683716
source_birth_transition.plot.hard_mass[29],2.080000162124634
source_birth_transition.plot.hard_mass[30],2.06000018119812
source_birth_transition.plot.hard_mass[31],2.0850000381469727
source_birth_transition.plot.hard_mass[32],2.075000047683716
source_birth_transition.plot.hard_mass[33],2.070000171661377
source_birth_transition.plot.hard_mass[34],2.080000162124634
source_birth_transition.plot.hard_mass[35],2.065000057220459
source_birth_transition.plot.hard_mass[36],2.070000171661377
source_birth_transition.plot.hard_mass[37],2.075000047683716
source_birth_transition.plot.hard_mass[38],2.0950000286102295
source_birth_transition.plot.hard_mass[39],2.065000057220459
source_birth_transition.plot.hard_mass[40],2.0350000858306885
source_birth_transition.plot.hard_mass[41],2.0400002002716064
source_birth_transition.plot.hard_mass[42],1.9950001239776611
source_birth_transition.plot.hard_mass[43],1.9900001287460327
source_birth_transition.plot.hard_mass[44],1.9850001335144043
source_birth_transition.plot.hard_mass[45],2.0300002098083496
source_birth_transition.plot.hard_mass[46],1.9950001239776611
source_birth_transition.plot.hard_mass[47],1.9850001335144043
source_birth_transition.plot.hard_mass[48],1.9850001335144043
source_birth_transition.plot.hard_mass[49],1.9950001239776611
source_birth_transition.plot.hard_mass[50],1.970000147819519
source_birth_transition.plot.hard_mass[51],1.970000147819519
source_birth_transition.plot.hard_mass[52],1.9650001525878906
source_birth_transition.plot.hard_mass[53],1.940000057220459
source_birth_transition.plot.hard_mass[54],1.8950001001358032
source_birth_transition.plot.hard_mass[55],1.8250000476837158
source_birth_transition.plot.hard_mass[56],1.8300000429153442
source_birth_transition.plot.hard_mass[57],1.7950000762939453
source_birth_transition.plot.hard_mass[58],1.8250000476837158
source_birth_transition.plot.hard_mass[59],1.815000057220459
source_birth_transition.plot.hard_mass[60],1.8000000715255737
source_birth_transition.plot.hard_mass[61],1.78000009059906
source_birth_transition.plot.hard_mass[62],1.8200000524520874
source_birth_transition.plot.hard_mass[63],1.8000000715255737
source_birth_transition.plot.hard_mass[64],1.7300001382827759
source_birth_transition.plot.hard_mass[65],1.7100000381469727
source_birth_transition.plot.hard_mass[66],1.7000000476837158
source_birth_transition.plot.hard_mass[67],1.6850000619888306
source_birth_transition.plot.hard_mass[68],1.6450001001358032
source_birth_transition.plot.hard_mass[69],1.5850000381469727
source_birth_transition.plot.hard_mass[70],1.5250000953674316
source_birth_transition.plot.hard_mass[71],1.5250000953674316
source_birth_transition.plot.hard_mass[72],1.5450000762939453
source_birth_transition.plot.hard_mass[73],1.5800000429153442
source_birth_transition.plot.hard_mass[74],1.5750000476837158
source_birth_transition.plot.hard_mass[75],1.6100001335144043
source_birth_transition.plot.hard_mass[76],1.5600000619888306
source_birth_transition.plot.hard_mass[77],1.5700000524520874
source_birth_transition.plot.hard_mass[78],1.53000009059906
source_birth_transition.plot.hard_mass[79],1.5150001049041748
source_birth_transition.plot.hard_mass[80],1.415000081062317
source_birth_transition.plot.hard_mass[81],1.415000081062317
source_birth_transition.plot.hard_mass[82],1.440000057220459
source_birth_transition.plot.hard_mass[83],1.4500000476837158
source_birth_transition.plot.hard_mass[84],1.3900001049041748
source_birth_transition.plot.hard_mass[85],1.415000081062317
source_birth_transition.plot.hard_mass[86],1.440000057220459
source_birth_transition.plot.hard_mass[87],1.465000033378601
source_birth_transition.plot.hard_mass[88],1.4550000429153442
source_birth_transition.plot.hard_mass[89],1.4350000619888306
source_birth_transition.plot.hard_mass[90],1.380000114440918
source_birth_transition.plot.hard_mass[91],1.350000023841858
source_birth_transition.plot.hard_mass[92],1.3050000667572021
source_birth_transition.plot.hard_mass[93],1.290000081062317
source_birth_transition.plot.hard_mass[94],1.2850000858306885
source_birth_transition.plot.hard_mass[95],1.2750000953674316
source_birth_transition.plot.hard_mass[96],1.2600001096725464
source_birth_transition.plot.hard_mass[97],1.2400000095367432
source_birth_transition.plot.hard_mass[98],1.225000023841858
source_birth_transition.plot.hard_mass[99],1.215000033378601
source_birth_transition.plot.hard_mass[100],1.2300000190734863
source_birth_transition.plot.hard_mass[101],1.2400000095367432
source_birth_transition.plot.hard_mass[102],1.1750000715255737
source_birth_transition.plot.hard_mass[103],1.1450001001358032
source_birth_transition.plot.hard_mass[104],1.1750000715255737
source_birth_transition.plot.hard_mass[105],1.190000057220459
source_birth_transition.plot.hard_mass[106],1.2000000476837158
source_birth_transition.plot.hard_mass[107],1.1800000667572021
source_birth_transition.plot.hard_mass[108],1.165000081062317
source_birth_transition.plot.hard_mass[109],1.1800000667572021
source_birth_transition.plot.hard_mass[110],1.165000081062317
source_birth_transition.plot.hard_mass[111],1.1500000953674316
source_birth_transition.plot.hard_mass[112],1.1700000762939453
source_birth_transition.plot.hard_mass[113],1.1800000667572021
source_birth_transition.plot.hard_mass[114],1.15500009059906
source_birth_transition.plot.hard_mass[115],1.125
source_birth_transition.plot.hard_mass[116],1.090000033378601
source_birth_transition.plot.hard_mass[117],1.090000033378601
source_birth_transition.plot.hard_mass[118],1.0850000381469727
source_birth_transition.plot.hard_mass[119],1.0450000762939453
source_birth_transition.plot.hard_mass[120],1.0049999952316284
source_birth_transition.plot.hard_mass[121],0.9800000190734863
source_birth_transition.plot.hard_mass[122],0.9650000333786011
source_birth_transition.plot.hard_mass[123],0.9350000619888306
source_birth_transition.plot.hard_mass[124],0.9200000166893005
source_birth_transition.plot.hard_mass[125],0.9050000309944153
source_birth_transition.plot.hard_mass[126],0.9000000357627869
source_birth_transition.plot.hard_mass[127],0.9050000309944153
source_birth_transition.plot.hard_mass[128],0.9200000166893005
source_birth_transition.plot.hard_mass[129],0.9250000715255737
source_birth_transition.plot.hard_mass[130],0.9050000309944153
source_birth_transition.plot.hard_mass[131],0.8850000500679016
source_birth_transition.plot.hard_mass[132],0.89000004529953
source_birth_transition.plot.hard_mass[133],0.8800000548362732
source_birth_transition.plot.hard_mass[134],0.8750000596046448
source_birth_transition.plot.hard_mass[135],0.8700000643730164
source_birth_transition.plot.hard_mass[136],0.8800000548362732
source_birth_transition.plot.hard_mass[137],0.8300000429153442
source_birth_transition.plot.hard_mass[138],0.8200000524520874
source_birth_transition.plot.hard_mass[139],0.7900000214576721
source_birth_transition.plot.hard_mass[140],0.7450000643730164
source_birth_transition.plot.hard_mass[141],0.690000057220459
source_birth_transition.plot.hard_mass[142],0.675000011920929
source_birth_transition.plot.hard_mass[143],0.7150000333786011
source_birth_transition.plot.hard_mass[144],0.6950000524520874
source_birth_transition.plot.hard_mass[145],0.7100000381469727
source_birth_transition.plot.hard_mass[146],0.6600000262260437
source_birth_transition.plot.hard_mass[147],0.6600000262260437
source_birth_transition.plot.hard_mass[148],0.6500000357627869
source_birth_transition.plot.hard_mass[149],0.6500000357627869
source_birth_transition.plot.hard_mass[150],0.6300000548362732
source_birth_transition.plot.hard_mass[151],0.6550000309944153
source_birth_transition.plot.hard_mass[152],0.64000004529953
source_birth_transition.plot.hard_mass[153],0.6450000405311584
source_birth_transition.plot.hard_mass[154],0.6050000190734863
source_birth_transition.plot.hard_mass[155],0.5550000071525574
source_birth_transition.plot.hard_mass[156],0.5049999952316284
source_birth_transition.plot.hard_mass[157],0.5400000214576721
source_birth_transition.plot.hard_mass[158],0.5200000405311584
source_birth_transition.plot.hard_mass[159],0.48000001907348633
source_birth_transition.plot.hard_mass[160],0.4750000238418579
source_birth_transition.plot.hard_mass[161],0.4750000238418579
source_birth_transition.plot.hard_mass[162],0.4400000274181366
source_birth_transition.plot.hard_mass[163],0.445000022649765
source_birth_transition.plot.hard_mass[164],0.42000001668930054
source_birth_transition.plot.hard_mass[165],0.42000001668930054
source_birth_transition.plot.hard_mass[166],0.4350000321865082
source_birth_transition.plot.hard_mass[167],0.4100000262260437
source_birth_transition.plot.hard_mass[168],0.42000001668930054
source_birth_transition.plot.hard_mass[169],0.4350000321865082
source_birth_transition.plot.hard_mass[170],0.4100000262260437
source_birth_transition.plot.hard_mass[171],0.4050000309944153
source_birth_transition.plot.hard_mass[172],0.39000001549720764
source_birth_transition.plot.hard_mass[173],0.3750000298023224
source_birth_transition.plot.hard_mass[174],0.36000001430511475
source_birth_transition.plot.hard_mass[175],0.3050000071525574
source_birth_transition.plot.hard_mass[176],0.30000001192092896
source_birth_transition.plot.hard_mass[177],0.25
source_birth_transition.plot.hard_mass[178],0.24000000953674316
source_birth_transition.plot.hard_mass[179],0.23500001430511475
source_birth_transition.plot.hard_mass[180],0.2200000137090683
source_birth_transition.plot.hard_mass[181],0.2150000035762787
source_birth_transition.plot.hard_mass[182],0.2150000035762787
source_birth_transition.plot.hard_mass[183],0.20500001311302185
source_birth_transition.plot.hard_mass[184],0.21000000834465027
source_birth_transition.plot.hard_mass[185],0.20500001311302185
source_birth_transition.plot.hard_mass[186],0.20500001311302185
source_birth_transition.plot.hard_mass[187],0.19500000774860382
source_birth_transition.plot.hard_mass[188],0.17500001192092896
source_birth_transition.plot.hard_mass[189],0.15000000596046448
source_birth_transition.plot.hard_mass[190],0.14000000059604645
source_birth_transition.plot.hard_mass[191],0.12000000476837158
source_birth_transition.plot.hard_mass[192],0.10000000149011612
source_birth_transition.plot.hard_mass[193],0.07500000298023224
source_birth_transition.plot.hard_mass[194],0.08000000566244125
source_birth_transition.plot.hard_mass[195],0.06000000238418579
source_birth_transition.plot.hard_mass[196],0.055000003427267075
source_birth_transition.plot.hard_mass[197],0.02500000037252903
source_birth_transition.plot.hard_mass[198],0.020000001415610313
source_birth_transition.plot.hard_mass[199],0.015000000596046448
source_birth_transition.plot.hard_mass[200],0.005000000353902578
source_birth_transition.plot.hard_mass[201],0.0
source_birth_transition.plot.hard_mass[202],0.0
source_birth_transition.plot.hard_mass[203],0.0
source_birth_transition.plot.hard_mass[204],0.0
source_birth_transition.plot.hard_mass[205],0.0
source_birth_transition.plot.hard_mass[206],0.0
source_birth_transition.plot.hard_mass[207],0.0
source_birth_transition.plot.hard_mass[208],0.0
source_birth_transition.plot.hard_mass[209],0.0
source_birth_transition.plot.hard_mass[210],0.0
source_birth_transition.plot.hard_mass[211],0.0
source_birth_transition.plot.hard_mass[212],0.0
source_birth_transition.plot.hard_mass[213],0.0
source_birth_transition.plot.hard_mass[214],0.0
source_birth_transition.plot.hard_mass[215],0.0
source_birth_transition.plot.hard_mass[216],0.0
source_birth_transition.plot.hard_mass[217],0.0
source_birth_transition.plot.hard_mass[218],0.0
source_birth_transition.plot.hard_mass[219],0.0
source_birth_transition.plot.hard_mass[220],0.0
source_birth_transition.plot.hard_mass[221],0.0
source_birth_transition.plot.hard_mass[222],0.0
source_birth_transition.plot.hard_mass[223],0.0
source_birth_transition.plot.hard_mass[224],0.0
source_birth_transition.plot.hard_mass[225],0.0
source_birth_transition.plot.hard_mass[226],0.0
source_birth_transition.plot.hard_mass[227],0.0
source_birth_transition.plot.hard_mass[228],0.0
source_birth_transition.plot.hard_mass[229],0.0
source_birth_transition.plot.hard_mass[230],0.0
source_birth_transition.plot.hard_mass[231],0.0
source_birth_transition.plot.hard_mass[232],0.0
source_birth_transition.plot.hard_mass[233],0.0
source_birth_transition.plot.hard_mass[234],0.0
source_birth_transition.plot.hard_mass[235],0.0
source_birth_transition.plot.hard_mass[236],0.0
source_birth_transition.plot.hard_mass[237],0.0
source_birth_transition.plot.hard_mass[238],0.0
source_birth_transition.plot.hard_mass[239],0.0
source_birth_transition.plot.hard_mass[240],0.0
source_birth_transition.plot.hard_mass[241],0.0
source_birth_transition.plot.hard_mass[242],0.0
source_birth_transition.plot.hard_mass[243],0.0
source_birth_transition.plot.hard_mass[244],0.0
source_birth_transition.plot.hard_mass[245],0.0
source_birth_transition.plot.hard_mass[246],0.0
source_birth_transition.plot.hard_mass[247],0.0
source_birth_transition.plot.hard_mass[248],0.0
source_birth_transition.plot.hard_mass[249],0.0
source_birth_transition.plot.hard_mass[250],0.0
source_birth_transition.plot.hard_mass[251],0.0
source_birth_transition.plot.hard_mass[252],0.0
source_birth_transition.plot.hard_mass[253],0.0
source_birth_transition.plot.hard_mass[254],0.0
source_birth_transition.plot.hard_mass[255],0.0
source_birth_transition.plot.hard_mass[256],0.0
source_birth_transition.plot.hard_mass[257],0.0
source_birth_transition.plot.hard_mass[258],0.0
source_birth_transition.plot.hard_mass[259],0.0
source_birth_transition.plot.hard_mass[260],0.0
source_birth_transition.plot.hard_mass[261],0.0
source_birth_transition.plot.hard_mass[262],0.0
source_birth_transition.plot.hard_mass[263],0.0
source_birth_transition.plot.hard_mass[264],0.0
source_birth_transition.plot.hard_mass[265],0.0
source_birth_transition.plot.hard_mass[266],0.0
source_birth_transition.plot.hard_mass[267],0.0
source_birth_transition.plot.hard_mass[268],0.0
source_birth_transition.plot.hard_mass[269],0.0
source_birth_transition.plot.hard_mass[270],0.0
source_birth_transition.plot.hard_mass[271],0.0
source_birth_transition.plot.hard_mass[272],0.0
source_birth_transition.plot.hard_mass[273],0.0
source_birth_transition.plot.hard_mass[274],0.0
source_birth_transition.plot.hard_mass[275],0.0
source_birth_transition.plot.hard_mass[276],0.0
source_birth_transition.plot.hard_mass[277],0.0
source_birth_transition.plot.hard_mass[278],0.0
source_birth_transition.plot.hard_mass[279],0.0
source_birth_transition.plot.hard_mass[280],0.0
source_birth_transition.plot.continuous_mass[0],2.6571572733841085
source_birth_transition.plot.continuous_mass[1],2.6454530415524244
source_birth_transition.plot.continuous_mass[2],2.6237783695066463
source_birth_transition.plot.continuous_mass[3],2.590389163804468
source_birth_transition.plot.continuous_mass[4],2.5470872236478743
source_birth_transition.plot.continuous_mass[5],2.4998848613065072
source_birth_transition.plot.continuous_mass[6],2.4527589175892794
source_birth_transition.plot.continuous_mass[7],2.4081781667544924
source_birth_transition.plot.continuous_mass[8],2.3700602289679495
source_birth_transition.plot.continuous_mass[9],2.340579132423309
source_birth_transition.plot.continuous_mass[10],2.3189657280023943
source_birth_transition.plot.continuous_mass[11],2.3026530855538496
source_birth_transition.plot.continuous_mass[12],2.289413377705218
source_birth_transition.plot.continuous_mass[13],2.2766407519775815
source_birth_transition.plot.continuous_mass[14],2.2630434121274616
source_birth_transition.plot.continuous_mass[15],2.24901920306506
source_birth_transition.plot.continuous_mass[16],2.234676624527276
source_birth_transition.plot.continuous_mass[17],2.2196240885939384
source_birth_transition.plot.continuous_mass[18],2.2021785225358976
source_birth_transition.plot.continuous_mass[19],2.1819530160520864
source_birth_transition.plot.continuous_mass[20],2.160817612120272
source_birth_transition.plot.continuous_mass[21],2.14075742029166
source_birth_transition.plot.continuous_mass[22],2.1222316686319096
source_birth_transition.plot.continuous_mass[23],2.107506564101676
source_birth_transition.plot.continuous_mass[24],2.097809532728262
source_birth_transition.plot.continuous_mass[25],2.0908279102785197
source_birth_transition.plot.continuous_mass[26],2.084025544526152
source_birth_transition.plot.continuous_mass[27],2.078925273318997
source_birth_transition.plot.continuous_mass[28],2.075319941675025
source_birth_transition.plot.continuous_mass[29],2.07160753406026
source_birth_transition.plot.continuous_mass[30],2.0673033491874264
source_birth_transition.plot.continuous_mass[31],2.063239982369914
source_birth_transition.plot.continuous_mass[32],2.0616658951105515
source_birth_transition.plot.continuous_mass[33],2.0620753829744007
source_birth_transition.plot.continuous_mass[34],2.0627125078382305
source_birth_transition.plot.continuous_mass[35],2.0619576737800784
source_birth_transition.plot.continuous_mass[36],2.0602534252990266
source_birth_transition.plot.continuous_mass[37],2.0591664399383602
source_birth_transition.plot.continuous_mass[38],2.061356950494418
source_birth_transition.plot.continuous_mass[39],2.0682234990393424
source_birth_transition.plot.continuous_mass[40],2.07772910435479
source_birth_transition.plot.continuous_mass[41],2.0851189783573343
source_birth_transition.plot.continuous_mass[42],2.0854878281662335
source_birth_transition.plot.continuous_mass[43],2.0756596225779234
source_birth_transition.plot.continuous_mass[44],2.056887161240125
source_birth_transition.plot.continuous_mass[45],2.0323373645058522
source_birth_transition.plot.continuous_mass[46],2.004818559463721
source_birth_transition.plot.continuous_mass[47],1.9780018776626844
source_birth_transition.plot.continuous_mass[48],1.9547126411653293
source_birth_transition.plot.continuous_mass[49],1.935200332419433
source_birth_transition.plot.continuous_mass[50],1.9197094609850487
source_birth_transition.plot.continuous_mass[51],1.909378477381422
source_birth_transition.plot.continuous_mass[52],1.9068577805063456
source_birth_transition.plot.continuous_mass[53],1.9121609225526395
source_birth_transition.plot.continuous_mass[54],1.920341172310479
source_birth_transition.plot.continuous_mass[55],1.9242544997093691
source_birth_transition.plot.continuous_mass[56],1.91723593562678
source_birth_transition.plot.continuous_mass[57],1.8957988824557015
source_birth_transition.plot.continuous_mass[58],1.8625323640289597
source_birth_transition.plot.continuous_mass[59],1.8252503737770538
source_birth_transition.plot.continuous_mass[60],1.7891752237721252
source_birth_transition.plot.continuous_mass[61],1.7560956664899696
source_birth_transition.plot.continuous_mass[62],1.7267455387225046
source_birth_transition.plot.continuous_mass[63],1.7045637557193052
source_birth_transition.plot.continuous_mass[64],1.6937770648100805
source_birth_transition.plot.continuous_mass[65],1.6919567025417979
source_birth_transition.plot.continuous_mass[66],1.6955207793056668
source_birth_transition.plot.continuous_mass[67],1.699590323847733
source_birth_transition.plot.continuous_mass[68],1.6988084273954644
source_birth_transition.plot.continuous_mass[69],1.687770303156787
source_birth_transition.plot.continuous_mass[70],1.6624867810692543
source_birth_transition.plot.continuous_mass[71],1.622183468475214
source_birth_transition.plot.continuous_mass[72],1.570805951959535
source_birth_transition.plot.continuous_mass[73],1.515275488587253
source_birth_transition.plot.continuous_mass[74],1.4656736479574228
source_birth_transition.plot.continuous_mass[75],1.429350863819643
source_birth_transition.plot.continuous_mass[76],1.4128739373085375
source_birth_transition.plot.continuous_mass[77],1.4208228233048608
source_birth_transition.plot.continuous_mass[78],1.452015104785155
source_birth_transition.plot.continuous_mass[79],1.4956419783165944
source_birth_transition.plot.continuous_mass[80],1.5360012545348782
source_birth_transition.plot.continuous_mass[81],1.5609155544475397
source_birth_transition.plot.continuous_mass[82],1.5662773960426002
source_birth_transition.plot.continuous_mass[83],1.5504934656314295
source_birth_transition.plot.continuous_mass[84],1.5168742222199347
source_birth_transition.plot.continuous_mass[85],1.4695922533698693
source_birth_transition.plot.continuous_mass[86],1.415853783266344
source_birth_transition.plot.continuous_mass[87],1.3679050071755452
source_birth_transition.plot.continuous_mass[88],1.3369408698711684
source_birth_transition.plot.continuous_mass[89],1.3262448187916152
source_birth_transition.plot.continuous_mass[90],1.3298647349954766
source_birth_transition.plot.continuous_mass[91],1.3390311726555435
source_birth_transition.plot.continuous_mass[92],1.3442944053847052
source_birth_transition.plot.continuous_mass[93],1.3401714532057312
source_birth_transition.plot.continuous_mass[94],1.3275296721505132
source_birth_transition.plot.continuous_mass[95],1.3112994883414202
source_birth_transition.plot.continuous_mass[96],1.29341947303183
source_birth_transition.plot.continuous_mass[97],1.273850072079916
source_birth_transition.plot.continuous_mass[98],1.2511956322660325
source_birth_transition.plot.continuous_mass[99],1.2238303180830319
source_birth_transition.plot.continuous_mass[100],1.1941558159110184
source_birth_transition.plot.continuous_mass[101],1.1678472271500158
source_birth_transition.plot.continuous_mass[102],1.1477181685132662
source_birth_transition.plot.continuous_mass[103],1.1334202754540685
source_birth_transition.plot.continuous_mass[104],1.1245678506427588
source_birth_transition.plot.continuous_mass[105],1.1246507722529664
source_birth_transition.plot.continuous_mass[106],1.1351920031151574
source_birth_transition.plot.continuous_mass[107],1.1570468215321672
source_birth_transition.plot.continuous_mass[108],1.1841213329924032
source_birth_transition.plot.continuous_mass[109],1.2079773075799194
source_birth_transition.plot.continuous_mass[110],1.2244472370491275
source_birth_transition.plot.continuous_mass[111],1.2319744914711739
source_birth_transition.plot.continuous_mass[112],1.2302824395912653
source_birth_transition.plot.continuous_mass[113],1.2206437111573818
source_birth_transition.plot.continuous_mass[114],1.201497246112997
source_birth_transition.plot.continuous_mass[115],1.1719862126981737
source_birth_transition.plot.continuous_mass[116],1.1344418901926532
source_birth_transition.plot.continuous_mass[117],1.0915680126389027
source_birth_transition.plot.continuous_mass[118],1.048399209731819
source_birth_transition.plot.continuous_mass[119],1.009635563364059
source_birth_transition.plot.continuous_mass[120],0.9775141473624052
source_birth_transition.plot.continuous_mass[121],0.9516940343727573
source_birth_transition.plot.continuous_mass[122],0.9330983948476185
source_birth_transition.plot.continuous_mass[123],0.9173487378398761
source_birth_transition.plot.continuous_mass[124],0.9003089646872074
source_birth_transition.plot.continuous_mass[125],0.8854753621109817
source_birth_transition.plot.continuous_mass[126],0.8758947738646573
source_birth_transition.plot.continuous_mass[127],0.8727723449021367
source_birth_transition.plot.continuous_mass[128],0.8743389506818221
source_birth_transition.plot.continuous_mass[129],0.8846455058866772
source_birth_transition.plot.continuous_mass[130],0.905661933777789
source_birth_transition.plot.continuous_mass[131],0.928969189291911
source_birth_transition.plot.continuous_mass[132],0.940973649563995
source_birth_transition.plot.continuous_mass[133],0.9372728578578458
source_birth_transition.plot.continuous_mass[134],0.9193901961122233
source_birth_transition.plot.continuous_mass[135],0.8945468481447352
source_birth_transition.plot.continuous_mass[136],0.8668271166812661
source_birth_transition.plot.continuous_mass[137],0.8369940541608609
source_birth_transition.plot.continuous_mass[138],0.807193559749395
source_birth_transition.plot.continuous_mass[139],0.7765625370728815
source_birth_transition.plot.continuous_mass[140],0.7471202003189417
source_birth_transition.plot.continuous_mass[141],0.7138004042880377
source_birth_transition.plot.continuous_mass[142],0.6753871117573638
source_birth_transition.plot.continuous_mass[143],0.6397008046919836
source_birth_transition.plot.continuous_mass[144],0.619966215395121
source_birth_transition.plot.continuous_mass[145],0.6228877296517094
source_birth_transition.plot.continuous_mass[146],0.6472382496819681
source_birth_transition.plot.continuous_mass[147],0.6807094741143548
source_birth_transition.plot.continuous_mass[148],0.7065751020721504
source_birth_transition.plot.continuous_mass[149],0.7133329627291431
source_birth_transition.plot.continuous_mass[150],0.6998901467566256
source_birth_transition.plot.continuous_mass[151],0.6641552871281525
source_birth_transition.plot.continuous_mass[152],0.6207387586255654
source_birth_transition.plot.continuous_mass[153],0.588538779923586
source_birth_transition.plot.continuous_mass[154],0.5702002503028099
source_birth_transition.plot.continuous_mass[155],0.5601710442829572
source_birth_transition.plot.continuous_mass[156],0.5468913968699657
source_birth_transition.plot.continuous_mass[157],0.5226669687576101
source_birth_transition.plot.continuous_mass[158],0.5006417487979279
source_birth_transition.plot.continuous_mass[159],0.4874702703884863
source_birth_transition.plot.continuous_mass[160],0.4756005294484525
source_birth_transition.plot.continuous_mass[161],0.4615078505214553
source_birth_transition.plot.continuous_mass[162],0.4443686584729024
source_birth_transition.plot.continuous_mass[163],0.42555763618218917
source_birth_transition.plot.continuous_mass[164],0.40776271439387235
source_birth_transition.plot.continuous_mass[165],0.39707177042358055
source_birth_transition.plot.continuous_mass[166],0.39872180477949426
source_birth_transition.plot.continuous_mass[167],0.4032904173852296
source_birth_transition.plot.continuous_mass[168],0.4198918042042716
source_birth_transition.plot.continuous_mass[169],0.4417478193319297
source_birth_transition.plot.continuous_mass[170],0.4520094272440281
source_birth_transition.plot.continuous_mass[171],0.44193650072375973
source_birth_transition.plot.continuous_mass[172],0.41208305598543393
source_birth_transition.plot.continuous_mass[173],0.3704850235002928
source_birth_transition.plot.continuous_mass[174],0.33537716512179633
source_birth_transition.plot.continuous_mass[175],0.3080041417723807
source_birth_transition.plot.continuous_mass[176],0.27852611372262087
source_birth_transition.plot.continuous_mass[177],0.2591505575981226
source_birth_transition.plot.continuous_mass[178],0.2392994056742251
source_birth_transition.plot.continuous_mass[179],0.21536271945164354
source_birth_transition.plot.continuous_mass[180],0.1987886558413697
source_birth_transition.plot.continuous_mass[181],0.19776894367606498
source_birth_transition.plot.continuous_mass[182],0.20961596896694173
source_birth_transition.plot.continuous_mass[183],0.2239047130731351
source_birth_transition.plot.continuous_mass[184],0.22495920630572683
source_birth_transition.plot.continuous_mass[185],0.2135713971751491
source_birth_transition.plot.continuous_mass[186],0.19080046163965192
source_birth_transition.plot.continuous_mass[187],0.17699674462272172
source_birth_transition.plot.continuous_mass[188],0.1848532674388441
source_birth_transition.plot.continuous_mass[189],0.1840333159758014
source_birth_transition.plot.continuous_mass[190],0.1376417559325362
source_birth_transition.plot.continuous_mass[191],0.09046481700525276
source_birth_transition.plot.continuous_mass[192],0.08314312495352093
source_birth_transition.plot.continuous_mass[193],0.08112841194497267
source_birth_transition.plot.continuous_mass[194],0.07135478209373339
source_birth_transition.plot.continuous_mass[195],0.0778948591209604
source_birth_transition.plot.continuous_mass[196],0.03994450055155005
source_birth_transition.plot.continuous_mass[197],0.036685955485687524
source_birth_transition.plot.continuous_mass[198],0.0023815787188445543
source_birth_transition.plot.continuous_mass[199],0.028973239464842832
source_birth_transition.plot.continuous_mass[200],0.001736442542758617
source_birth_transition.plot.continuous_mass[201],0.0
source_birth_transition.plot.continuous_mass[202],0.0
source_birth_transition.plot.continuous_mass[203],0.0
source_birth_transition.plot.continuous_mass[204],0.0
source_birth_transition.plot.continuous_mass[205],0.0
source_birth_transition.plot.continuous_mass[206],0.0
source_birth_transition.plot.continuous_mass[207],0.0
source_birth_transition.plot.continuous_mass[208],0.0
source_birth_transition.plot.continuous_mass[209],0.0
source_birth_transition.plot.continuous_mass[210],0.0
source_birth_transition.plot.continuous_mass[211],0.0
source_birth_transition.plot.continuous_mass[212],0.0
source_birth_transition.plot.continuous_mass[213],0.0
source_birth_transition.plot.continuous_mass[214],0.0
source_birth_transition.plot.continuous_mass[215],0.0
source_birth_transition.plot.continuous_mass[216],0.0
source_birth_transition.plot.continuous_mass[217],0.0
source_birth_transition.plot.continuous_mass[218],0.0
source_birth_transition.plot.continuous_mass[219],0.0
source_birth_transition.plot.continuous_mass[220],0.0
source_birth_transition.plot.continuous_mass[221],0.0
source_birth_transition.plot.continuous_mass[222],0.0
source_birth_transition.plot.continuous_mass[223],0.0
source_birth_transition.plot.continuous_mass[224],0.0
source_birth_transition.plot.continuous_mass[225],0.0
source_birth_transition.plot.continuous_mass[226],0.0
source_birth_transition.plot.continuous_mass[227],0.0
source_birth_transition.plot.continuous_mass[228],0.0
source_birth_transition.plot.continuous_mass[229],0.0
source_birth_transition.plot.continuous_mass[230],0.0
source_birth_transition.plot.continuous_mass[231],0.0
source_birth_transition.plot.continuous_mass[232],0.0
source_birth_transition.plot.continuous_mass[233],0.0
source_birth_transition.plot.continuous_mass[234],0.0
source_birth_transition.plot.continuous_mass[235],0.0
source_birth_transition.plot.continuous_mass[236],0.0
source_birth_transition.plot.continuous_mass[237],0.0
source_birth_transition.plot.continuous_mass[238],0.0
source_birth_transition.plot.continuous_mass[239],0.0
source_birth_transition.plot.continuous_mass[240],0.0
source_birth_transition.plot.continuous_mass[241],0.0
source_birth_transition.plot.continuous_mass[242],0.0
source_birth_transition.plot.continuous_mass[243],0.0
source_birth_transition.plot.continuous_mass[244],0.0
source_birth_transition.plot.continuous_mass[245],0.0
source_birth_transition.plot.continuous_mass[246],0.0
source_birth_transition.plot.continuous_mass[247],0.0
source_birth_transition.plot.continuous_mass[248],0.0
source_birth_transition.plot.continuous_mass[249],0.0
source_birth_transition.plot.continuous_mass[250],0.0
source_birth_transition.plot.continuous_mass[251],0.0
source_birth_transition.plot.continuous_mass[252],0.0
source_birth_transition.plot.continuous_mass[253],0.0
source_birth_transition.plot.continuous_mass[254],0.0
source_birth_transition.plot.continuous_mass[255],0.0
source_birth_transition.plot.continuous_mass[256],0.0
source_birth_transition.plot.continuous_mass[257],0.0
source_birth_transition.plot.continuous_mass[258],0.0
source_birth_transition.plot.continuous_mass[259],0.0
source_birth_transition.plot.continuous_mass[260],0.0
source_birth_transition.plot.continuous_mass[261],0.0
source_birth_transition.plot.continuous_mass[262],0.0
source_birth_transition.plot.continuous_mass[263],0.0
source_birth_transition.plot.continuous_mass[264],0.0
source_birth_transition.plot.continuous_mass[265],0.0
source_birth_transition.plot.continuous_mass[266],0.0
source_birth_transition.plot.continuous_mass[267],0.0
source_birth_transition.plot.continuous_mass[268],0.0
source_birth_transition.plot.continuous_mass[269],0.0
source_birth_transition.plot.continuous_mass[270],0.0
source_birth_transition.plot.continuous_mass[271],0.0
source_birth_transition.plot.continuous_mass[272],0.0
source_birth_transition.plot.continuous_mass[273],0.0
source_birth_transition.plot.continuous_mass[274],0.0
source_birth_transition.plot.continuous_mass[275],0.0
source_birth_transition.plot.continuous_mass[276],0.0
source_birth_transition.plot.continuous_mass[277],0.0
source_birth_transition.plot.continuous_mass[278],0.0
source_birth_transition.plot.continuous_mass[279],0.0
source_birth_transition.plot.continuous_mass[280],0.0
source_birth_transition.plot.continuous_derivative[0],-11.704231831683998
source_birth_transition.plot.continuous_derivative[1],-16.689451938731054
source_birth_transition.plot.continuous_derivative[2],-27.531938873978334
source_birth_transition.plot.continuous_derivative[3],-38.34557292938598
source_birth_transition.plot.continuous_derivative[4],-45.252151248980226
source_birth_transition.plot.continuous_derivative[5],-47.164153029297495
source_birth_transition.plot.continuous_derivative[6],-45.8533472760073
source_birth_transition.plot.continuous_derivative[7],-41.34934431066472
source_birth_transition.plot.continuous_derivative[8],-33.799517165591624
source_birth_transition.plot.continuous_derivative[9],-25.5472504827776
source_birth_transition.plot.continuous_derivative[10],-18.96302343472985
source_birth_transition.plot.continuous_derivative[11],-14.776175148588209
source_birth_transition.plot.continuous_derivative[12],-13.006166788133896
source_birth_transition.plot.continuous_derivative[13],-13.184982788878187
source_birth_transition.plot.continuous_derivative[14],-13.810774456260788
source_birth_transition.plot.continuous_derivative[15],-14.183393800092745
source_birth_transition.plot.continuous_derivative[16],-14.697557235560907
source_birth_transition.plot.continuous_derivative[17],-16.24905099568923
source_birth_transition.plot.continuous_derivative[18],-18.83553627092624
source_birth_transition.plot.continuous_derivative[19],-20.68045520781311
source_birth_transition.plot.continuous_derivative[20],-20.597797880213193
source_birth_transition.plot.continuous_derivative[21],-19.29297174418116
source_birth_transition.plot.continuous_derivative[22],-16.625428094992003
source_birth_transition.plot.continuous_derivative[23],-12.21106795182368
source_birth_transition.plot.continuous_derivative[24],-8.339326911577928
source_birth_transition.plot.continuous_derivative[25],-6.891994101054934
source_birth_transition.plot.continuous_derivative[26],-5.951318479761312
source_birth_transition.plot.continuous_derivative[27],-4.352801425563484
source_birth_transition.plot.continuous_derivative[28],-3.65886962936861
source_birth_transition.plot.continuous_derivative[29],-4.00829624379935
source_birth_transition.plot.continuous_derivative[30],-4.183775845172931
source_birth_transition.plot.continuous_derivative[31],-2.8187270384373733
source_birth_transition.plot.continuous_derivative[32],-0.5822996977567527
source_birth_transition.plot.continuous_derivative[33],0.5233063638393105
source_birth_transition.plot.continuous_derivative[34],-0.05885459716114383
source_birth_transition.plot.continuous_derivative[35],-1.2295412696018957
source_birth_transition.plot.continuous_derivative[36],-1.3956169208590836
source_birth_transition.plot.continuous_derivative[37],0.5517625976956424
source_birth_transition.plot.continuous_derivative[38],4.528529550491157
source_birth_transition.plot.continuous_derivative[39],8.18607693018589
source_birth_transition.plot.continuous_derivative[40],8.447739658995943
source_birth_transition.plot.continuous_derivative[41],3.8793619057219075
source_birth_transition.plot.continuous_derivative[42],-4.729677889705499
source_birth_transition.plot.continuous_derivative[43],-14.300333463054585
source_birth_transition.plot.continuous_derivative[44],-21.661129036035618
source_birth_transition.plot.continuous_derivative[45],-26.03430088820187
source_birth_transition.plot.continuous_derivative[46],-27.167743421583964
source_birth_transition.plot.continuous_derivative[47],-25.05295914919577
source_birth_transition.plot.continuous_derivative[48],-21.40077262162572
source_birth_transition.plot.continuous_derivative[49],-17.501590090140326
source_birth_transition.plot.continuous_derivative[50],-12.91092751900544
source_birth_transition.plot.continuous_derivative[51],-6.425840239351487
source_birth_transition.plot.continuous_derivative[52],1.3912225856087161
source_birth_transition.plot.continuous_derivative[53],6.741695902066681
source_birth_transition.plot.continuous_derivative[54],6.04678857836484
source_birth_transition.plot.continuous_derivative[55],-1.5526183418494384
source_birth_transition.plot.continuous_derivative[56],-14.227808626833735
source_birth_transition.plot.continuous_derivative[57],-27.351785798910214
source_birth_transition.plot.continuous_derivative[58],-35.274254339323875
source_birth_transition.plot.continuous_derivative[59],-36.678570128417164
source_birth_transition.plot.continuous_derivative[60],-34.57735364354198
source_birth_transition.plot.continuous_derivative[61],-31.214842524810365
source_birth_transition.plot.continuous_derivative[62],-25.76595538533229
source_birth_transition.plot.continuous_derivative[63],-16.48423695621193
source_birth_transition.plot.continuous_derivative[64],-6.303526588753584
source_birth_transition.plot.continuous_derivative[65],0.8718572477930593
source_birth_transition.plot.continuous_derivative[66],3.816810652967547
source_birth_transition.plot.continuous_derivative[67],1.6438240448989063
source_birth_transition.plot.continuous_derivative[68],-5.910010345472983
source_birth_transition.plot.continuous_derivative[69],-18.16082316310508
source_birth_transition.plot.continuous_derivative[70],-32.79341734078639
source_birth_transition.plot.continuous_derivative[71],-45.84041455485965
source_birth_transition.plot.continuous_derivative[72],-53.45398994398056
source_birth_transition.plot.continuous_derivative[73],-52.566152001056025
source_birth_transition.plot.continuous_derivative[74],-42.96231238380494
source_birth_transition.plot.continuous_derivative[75],-26.39985532444257
source_birth_transition.plot.continuous_derivative[76],-4.264020257391508
source_birth_transition.plot.continuous_derivative[77],19.570583738308756
source_birth_transition.plot.continuous_derivative[78],37.409577505866764
source_birth_transition.plot.continuous_derivative[79],41.99307487486146
source_birth_transition.plot.continuous_derivative[80],32.636788065472615
source_birth_transition.plot.continuous_derivative[81],15.13807075386103
source_birth_transition.plot.continuous_derivative[82],-5.211044408055159
source_birth_transition.plot.continuous_derivative[83],-24.701586911332697
source_birth_transition.plot.continuous_derivative[84],-40.45060613077999
source_birth_transition.plot.continuous_derivative[85],-50.51021947679533
source_birth_transition.plot.continuous_derivative[86],-50.843623097162094
source_birth_transition.plot.continuous_derivative[87],-39.456456697587896
source_birth_transition.plot.continuous_derivative[88],-20.830094191965372
source_birth_transition.plot.continuous_derivative[89],-3.5380674378458252
source_birth_transition.plot.continuous_derivative[90],6.393176931964149
source_birth_transition.plot.continuous_derivative[91],7.214835194614238
source_birth_transition.plot.continuous_derivative[92],0.5701402750938769
source_birth_transition.plot.continuous_derivative[93],-8.382366617095954
source_birth_transition.plot.continuous_derivative[94],-14.435982432155583
source_birth_transition.plot.continuous_derivative[95],-17.05509955934167
source_birth_transition.plot.continuous_derivative[96],-18.724708130751992
source_birth_transition.plot.continuous_derivative[97],-21.11192038289869
source_birth_transition.plot.continuous_derivative[98],-25.00987699844211
source_birth_transition.plot.continuous_derivative[99],-28.519908177506977
source_birth_transition.plot.continuous_derivative[100],-27.991545466508
source_birth_transition.plot.continuous_derivative[101],-23.218823698876122
source_birth_transition.plot.continuous_derivative[102],-17.21347584797354
source_birth_transition.plot.continuous_derivative[103],-11.57515893525374
source_birth_transition.plot.continuous_derivative[104],-4.384751600550999
source_birth_transition.plot.continuous_derivative[105],5.312076236199232
source_birth_transition.plot.continuous_derivative[106],16.198024639600362
source_birth_transition.plot.continuous_derivative[107],24.464664938622832
source_birth_transition.plot.continuous_derivative[108],25.465243023876155
source_birth_transition.plot.continuous_derivative[109],20.162952028362156
source_birth_transition.plot.continuous_derivative[110],11.99859194562714
source_birth_transition.plot.continuous_derivative[111],2.917601271068861
source_birth_transition.plot.continuous_derivative[112],-5.665390156896024
source_birth_transition.plot.continuous_derivative[113],-14.392596739134092
source_birth_transition.plot.continuous_derivative[114],-24.328749229604
source_birth_transition.plot.continuous_derivative[115],-33.5276779601719
source_birth_transition.plot.continuous_derivative[116],-40.209100029635465
source_birth_transition.plot.continuous_derivative[117],-43.02134023041697
source_birth_transition.plot.continuous_derivative[118],-40.96622463742182
source_birth_transition.plot.continuous_derivative[119],-35.44253118470709
source_birth_transition.plot.continuous_derivative[120],-28.970764495651053
source_birth_transition.plot.continuous_derivative[121],-22.20787625739331
source_birth_transition.plot.continuous_derivative[122],-17.172648266440603
source_birth_transition.plot.continuous_derivative[123],-16.394715080205515
source_birth_transition.plot.continuous_derivative[124],-15.936687864447208
source_birth_transition.plot.continuous_derivative[125],-12.207095411275077
source_birth_transition.plot.continuous_derivative[126],-6.351508604422463
source_birth_transition.plot.continuous_derivative[127],-0.7779115914175918
source_birth_transition.plot.continuous_derivative[128],5.936580492270252
source_birth_transition.plot.continuous_derivative[129],15.661491547983474
source_birth_transition.plot.continuous_derivative[130],22.16184170261681
source_birth_transition.plot.continuous_derivative[131],17.65585789310296
source_birth_transition.plot.continuous_derivative[132],4.1518342829674
source_birth_transition.plot.continuous_derivative[133],-10.791726725885837
source_birth_transition.plot.continuous_derivative[134],-21.36300485655528
source_birth_transition.plot.continuous_derivative[135],-26.281539715478573
source_birth_transition.plot.continuous_derivative[136],-28.776396991937077
source_birth_transition.plot.continuous_derivative[137],-29.816778465935556
source_birth_transition.plot.continuous_derivative[138],-30.215758543989693
source_birth_transition.plot.continuous_derivative[139],-30.036679715226626
source_birth_transition.plot.continuous_derivative[140],-31.38106639242187
source_birth_transition.plot.continuous_derivative[141],-35.8665442807889
source_birth_transition.plot.continuous_derivative[142],-37.04979979802698
source_birth_transition.plot.continuous_derivative[143],-27.710448181121365
source_birth_transition.plot.continuous_derivative[144],-8.406537520136965
source_birth_transition.plot.continuous_derivative[145],13.63601714342343
source_birth_transition.plot.continuous_derivative[146],28.910872231322685
source_birth_transition.plot.continuous_derivative[147],29.668426195091115
source_birth_transition.plot.continuous_derivative[148],16.31174430739418
source_birth_transition.plot.continuous_derivative[149],-3.3424776577623447
source_birth_transition.plot.continuous_derivative[150],-24.5888378004953
source_birth_transition.plot.continuous_derivative[151],-39.575694065530115
source_birth_transition.plot.continuous_derivative[152],-37.80825360228317
source_birth_transition.plot.continuous_derivative[153],-25.269254161377717
source_birth_transition.plot.continuous_derivative[154],-14.183867820314447
source_birth_transition.plot.continuous_derivative[155],-11.654426716422108
source_birth_transition.plot.continuous_derivative[156],-18.752037762673524
source_birth_transition.plot.continuous_derivative[157],-23.12482403601885
source_birth_transition.plot.continuous_derivative[158],-17.59834918456187
source_birth_transition.plot.continuous_derivative[159],-12.520609674737699
source_birth_transition.plot.continuous_derivative[160],-12.981209933515487
source_birth_transition.plot.continuous_derivative[161],-15.615935487775005
source_birth_transition.plot.continuous_derivative[162],-17.97510716963305
source_birth_transition.plot.continuous_derivative[163],-18.302972039515026
source_birth_transition.plot.continuous_derivative[164],-14.242932879304306
source_birth_transition.plot.continuous_derivative[165],-4.520454807189026
source_birth_transition.plot.continuous_derivative[166],3.1093234808245143
source_birth_transition.plot.continuous_derivative[167],10.584999712388623
source_birth_transition.plot.continuous_derivative[168],19.228700973350044
source_birth_transition.plot.continuous_derivative[169],16.058811519878248
source_birth_transition.plot.continuous_derivative[170],0.09434069591500815
source_birth_transition.plot.continuous_derivative[171],-19.963185629297044
source_birth_transition.plot.continuous_derivative[172],-35.72573861173342
source_birth_transition.plot.continuous_derivative[173],-38.35294543181877
source_birth_transition.plot.continuous_derivative[174],-31.240440863955996
source_birth_transition.plot.continuous_derivative[175],-28.42552569958815
source_birth_transition.plot.continuous_derivative[176],-24.426792087129513
source_birth_transition.plot.continuous_derivative[177],-19.613354024197875
source_birth_transition.plot.continuous_derivative[178],-21.893919073239516
source_birth_transition.plot.continuous_derivative[179],-20.255374916427684
source_birth_transition.plot.continuous_derivative[180],-8.796887887789268
source_birth_transition.plot.continuous_derivative[181],5.4136565627860165
source_birth_transition.plot.continuous_derivative[182],13.067884698535039
source_birth_transition.plot.continuous_derivative[183],7.671618669392544
source_birth_transition.plot.continuous_derivative[184],-5.166657948992992
source_birth_transition.plot.continuous_derivative[185],-17.07937233303744
source_birth_transition.plot.continuous_derivative[186],-18.287326276213676
source_birth_transition.plot.continuous_derivative[187],-2.9735971004039214
source_birth_transition.plot.continuous_derivative[188],3.5182856765398327
source_birth_transition.plot.continuous_derivative[189],-23.605755753153915
source_birth_transition.plot.continuous_derivative[190],-46.784249485274266
source_birth_transition.plot.continuous_derivative[191],-27.24931548950761
source_birth_transition.plot.continuous_derivative[192],-4.668202530140043
source_birth_transition.plot.continuous_derivative[193],-5.89417142989376
source_birth_transition.plot.continuous_derivative[194],-1.616776412006132
source_birth_transition.plot.continuous_derivative[195],-15.705140771091656
source_birth_transition.plot.continuous_derivative[196],-20.604451817636416
source_birth_transition.plot.continuous_derivative[197],-18.781460916352728
source_birth_transition.plot.continuous_derivative[198],-3.8563580104223423
source_birth_transition.plot.continuous_derivative[199],-0.3225680880429682
source_birth_transition.plot.continuous_derivative[200],-14.486619732421401
source_birth_transition.plot.continuous_derivative[201],-0.8682212713793076
source_birth_transition.plot.continuous_derivative[202],0.0
source_birth_transition.plot.continuous_derivative[203],0.0
source_birth_transition.plot.continuous_derivative[204],0.0
source_birth_transition.plot.continuous_derivative[205],0.0
source_birth_transition.plot.continuous_derivative[206],0.0
source_birth_transition.plot.continuous_derivative[207],0.0
source_birth_transition.plot.continuous_derivative[208],0.0
source_birth_transition.plot.continuous_derivative[209],0.0
source_birth_transition.plot.continuous_derivative[210],0.0
source_birth_transition.plot.continuous_derivative[211],0.0
source_birth_transition.plot.continuous_derivative[212],0.0
source_birth_transition.plot.continuous_derivative[213],0.0
source_birth_transition.plot.continuous_derivative[214],0.0
source_birth_transition.plot.continuous_derivative[215],0.0
source_birth_transition.plot.continuous_derivative[216],0.0
source_birth_transition.plot.continuous_derivative[217],0.0
source_birth_transition.plot.continuous_derivative[218],0.0
source_birth_transition.plot.continuous_derivative[219],0.0
source_birth_transition.plot.continuous_derivative[220],0.0
source_birth_transition.plot.continuous_derivative[221],0.0
source_birth_transition.plot.continuous_derivative[222],0.0
source_birth_transition.plot.continuous_derivative[223],0.0
source_birth_transition.plot.continuous_derivative[224],0.0
source_birth_transition.plot.continuous_derivative[225],0.0
source_birth_transition.plot.continuous_derivative[226],0.0
source_birth_transition.plot.continuous_derivative[227],0.0
source_birth_transition.plot.continuous_derivative[228],0.0
source_birth_transition.plot.continuous_derivative[229],0.0
source_birth_transition.plot.continuous_derivative[230],0.0
source_birth_transition.plot.continuous_derivative[231],0.0
source_birth_transition.plot.continuous_derivative[232],0.0
source_birth_transition.plot.continuous_derivative[233],0.0
source_birth_transition.plot.continuous_derivative[234],0.0
source_birth_transition.plot.continuous_derivative[235],0.0
source_birth_transition.plot.continuous_derivative[236],0.0
source_birth_transition.plot.continuous_derivative[237],0.0
source_birth_transition.plot.continuous_derivative[238],0.0
source_birth_transition.plot.continuous_derivative[239],0.0
source_birth_transition.plot.continuous_derivative[240],0.0
source_birth_transition.plot.continuous_derivative[241],0.0
source_birth_transition.plot.continuous_derivative[242],0.0
source_birth_transition.plot.continuous_derivative[243],0.0
source_birth_transition.plot.continuous_derivative[244],0.0
source_birth_transition.plot.continuous_derivative[245],0.0
source_birth_transition.plot.continuous_derivative[246],0.0
source_birth_transition.plot.continuous_derivative[247],0.0
source_birth_transition.plot.continuous_derivative[248],0.0
source_birth_transition.plot.continuous_derivative[249],0.0
source_birth_transition.plot.continuous_derivative[250],0.0
source_birth_transition.plot.continuous_derivative[251],0.0
source_birth_transition.plot.continuous_derivative[252],0.0
source_birth_transition.plot.continuous_derivative[253],0.0
source_birth_transition.plot.continuous_derivative[254],0.0
source_birth_transition.plot.continuous_derivative[255],0.0
source_birth_transition.plot.continuous_derivative[256],0.0
source_birth_transition.plot.continuous_derivative[257],0.0
source_birth_transition.plot.continuous_derivative[258],0.0
source_birth_transition.plot.continuous_derivative[259],0.0
source_birth_transition.plot.continuous_derivative[260],0.0
source_birth_transition.plot.continuous_derivative[261],0.0
source_birth_transition.plot.continuous_derivative[262],0.0
source_birth_transition.plot.continuous_derivative[263],0.0
source_birth_transition.plot.continuous_derivative[264],0.0
source_birth_transition.plot.continuous_derivative[265],0.0
source_birth_transition.plot.continuous_derivative[266],0.0
source_birth_transition.plot.continuous_derivative[267],0.0
source_birth_transition.plot.continuous_derivative[268],0.0
source_birth_transition.plot.continuous_derivative[269],0.0
source_birth_transition.plot.continuous_derivative[270],0.0
source_birth_transition.plot.continuous_derivative[271],0.0
source_birth_transition.plot.continuous_derivative[272],0.0
source_birth_transition.plot.continuous_derivative[273],0.0
source_birth_transition.plot.continuous_derivative[274],0.0
source_birth_transition.plot.continuous_derivative[275],0.0
source_birth_transition.plot.continuous_derivative[276],0.0
source_birth_transition.plot.continuous_derivative[277],0.0
source_birth_transition.plot.continuous_derivative[278],0.0
source_birth_transition.plot.continuous_derivative[279],0.0
source_birth_transition.plot.continuous_derivative[280],0.0
source_shell_width_sweep.rows[0].anchors,32768
source_shell_width_sweep.rows[0].h_s,0.07500000000000001
source_shell_width_sweep.rows[0].epsilon_s,0.07500000000000001
source_shell_width_sweep.rows[0].epsilon_over_h_s,1.0
source_shell_width_sweep.rows[0].active_anchor_count,3241
source_shell_width_sweep.rows[0].active_anchor_fraction,0.098907470703125
source_shell_width_sweep.rows[0].source_mass,9.088634202953163
source_shell_width_sweep.rows[0].effective_anchor_count,1977.8195223123382
source_shell_width_sweep.rows[0].active_weight_cv,0.7992936878410737
source_shell_width_sweep.rows[0].projection_residual_mean,0.0006188171056696834
source_shell_width_sweep.rows[0].projection_residual_p95,0.0029836031756438073
source_shell_width_sweep.rows[0].projection_residual_max,0.033719111393159175
source_shell_width_sweep.rows[0].projection_displacement_mean,0.03757014431496659
source_shell_width_sweep.rows[0].neighborhood_radius,0.15000000000000002
source_shell_width_sweep.rows[0].zero_support_probability,0.0
source_shell_width_sweep.rows[0].active_count_p10,23.0
source_shell_width_sweep.rows[0].active_count_median,26.0
source_shell_width_sweep.rows[0].active_count_p90,30.0
source_shell_width_sweep.rows[0].local_mass_mean,0.07390826267876592
source_shell_width_sweep.rows[0].local_mass_cv,0.15094338968890764
source_shell_width_sweep.rows[0].local_neff_minimum,9.335034579273518
source_shell_width_sweep.rows[0].local_neff_median,15.96334602676945
source_shell_width_sweep.rows[0].source_mass_relative_drift_vs_wide,0.0
source_shell_width_sweep.rows[0].geometry_response_norm,5884.8981976579125
source_shell_width_sweep.rows[0].analytic_full_fd_relative_error,0.005622015231359747
source_shell_width_sweep.rows[0].analytic_full_fd_cosine,0.9999895240774707
source_shell_width_sweep.rows[0].source_identity_resampling_fraction,0.0
source_shell_width_sweep.rows[0].runtime_seconds,0.14766257512383163
source_shell_width_sweep.rows[0].whole_image_mse,0.0
source_shell_width_sweep.rows[0].foreground_mse,0.0
source_shell_width_sweep.rows[0].interior_gt8px_mse,0.0
source_shell_width_sweep.rows[0].silhouette_0_8px_mse,0.0
source_shell_width_sweep.rows[0].total_image_energy,15174.1201171875
source_shell_width_sweep.rows[0].foreground_mean_brightness,0.6692004265648567
source_shell_width_sweep.rows[0].edge_sharpness,0.3241067995819727
source_shell_width_sweep.rows[0].reference_edge_sharpness,0.3241067995819727
source_shell_width_sweep.rows[0].edge_sharpness_ratio,1.0
source_shell_width_sweep.rows[0].thin_feature_response_ratio,1.0
source_shell_width_sweep.rows[1].anchors,32768
source_shell_width_sweep.rows[1].h_s,0.07500000000000001
source_shell_width_sweep.rows[1].epsilon_s,0.037500000000000006
source_shell_width_sweep.rows[1].epsilon_over_h_s,0.5
source_shell_width_sweep.rows[1].active_anchor_count,1613
source_shell_width_sweep.rows[1].active_anchor_fraction,0.049224853515625
source_shell_width_sweep.rows[1].source_mass,9.128292750992141
source_shell_width_sweep.rows[1].effective_anchor_count,991.5432268527719
source_shell_width_sweep.rows[1].active_weight_cv,0.7919254529554004
source_shell_width_sweep.rows[1].projection_residual_mean,0.0002272009550247414
source_shell_width_sweep.rows[1].projection_residual_p95,0.0009771620754899482
source_shell_width_sweep.rows[1].projection_residual_max,0.010007299998382934
source_shell_width_sweep.rows[1].projection_displacement_mean,0.018655421365418496
source_shell_width_sweep.rows[1].neighborhood_radius,0.15000000000000002
source_shell_width_sweep.rows[1].zero_support_probability,0.0
source_shell_width_sweep.rows[1].active_count_p10,10.0
source_shell_width_sweep.rows[1].active_count_median,13.0
source_shell_width_sweep.rows[1].active_count_p90,16.0
source_shell_width_sweep.rows[1].local_mass_mean,0.07454259841016417
source_shell_width_sweep.rows[1].local_mass_cv,0.2807614543305151
source_shell_width_sweep.rows[1].local_neff_minimum,2.8555927169760347
source_shell_width_sweep.rows[1].local_neff_median,8.032120686644346
source_shell_width_sweep.rows[1].source_mass_relative_drift_vs_wide,0.004363532204441963
source_shell_width_sweep.rows[1].geometry_response_norm,11905.995961384058
source_shell_width_sweep.rows[1].analytic_full_fd_relative_error,0.0050532280543633306
source_shell_width_sweep.rows[1].analytic_full_fd_cosine,0.9999906910004654
source_shell_width_sweep.rows[1].source_identity_resampling_fraction,0.0
source_shell_width_sweep.rows[1].runtime_seconds,0.07567674200981855
source_shell_width_sweep.rows[1].whole_image_mse,0.11792522668838501
source_shell_width_sweep.rows[1].foreground_mse,0.4371237362132353
source_shell_width_sweep.rows[1].interior_gt8px_mse,0.5029403545238353
source_shell_width_sweep.rows[1].silhouette_0_8px_mse,0.2256003242613131
source_shell_width_sweep.rows[1].total_image_energy,25906.16796875
source_shell_width_sweep.rows[1].foreground_mean_brightness,0.6684500347615008
source_shell_width_sweep.rows[1].edge_sharpness,0.40560400648556555
source_shell_width_sweep.rows[1].reference_edge_sharpness,0.3241067995819727
source_shell_width_sweep.rows[1].edge_sharpness_ratio,1.251451703601117
source_shell_width_sweep.rows[1].thin_feature_response_ratio,1.52387322705376
source_shell_width_sweep.rows[2].anchors,32768
source_shell_width_sweep.rows[2].h_s,0.07500000000000001
source_shell_width_sweep.rows[2].epsilon_s,0.018750000000000003
source_shell_width_sweep.rows[2].epsilon_over_h_s,0.25
source_shell_width_sweep.rows[2].active_anchor_count,810
source_shell_width_sweep.rows[2].active_anchor_fraction,0.02471923828125
source_shell_width_sweep.rows[2].source_mass,9.261107023303396
source_shell_width_sweep.rows[2].effective_anchor_count,495.24169145089905
source_shell_width_sweep.rows[2].active_weight_cv,0.7977159045605635
source_shell_width_sweep.rows[2].projection_residual_mean,8.463460928802501e-05
source_shell_width_sweep.rows[2].projection_residual_p95,0.00035530609855598396
source_shell_width_sweep.rows[2].projection_residual_max,0.002043926899088363
source_shell_width_sweep.rows[2].projection_displacement_mean,0.009313238736006129
source_shell_width_sweep.rows[2].neighborhood_radius,0.15000000000000002
source_shell_width_sweep.rows[2].zero_support_probability,0.0
source_shell_width_sweep.rows[2].active_count_p10,4.0
source_shell_width_sweep.rows[2].active_count_median,6.0
source_shell_width_sweep.rows[2].active_count_p90,9.0
source_shell_width_sweep.rows[2].local_mass_mean,0.07599367330648545
source_shell_width_sweep.rows[2].local_mass_cv,0.4557955559291889
source_shell_width_sweep.rows[2].local_neff_minimum,1.0
source_shell_width_sweep.rows[2].local_neff_median,4.015055369874854
source_shell_width_sweep.rows[2].source_mass_relative_drift_vs_wide,0.018976758938564344
source_shell_width_sweep.rows[2].geometry_response_norm,25685.96568023875
source_shell_width_sweep.rows[2].analytic_full_fd_relative_error,0.003057970996501811
source_shell_width_sweep.rows[2].analytic_full_fd_cosine,0.9999957399409717
source_shell_width_sweep.rows[2].source_identity_resampling_fraction,0.0
source_shell_width_sweep.rows[2].runtime_seconds,0.04048862005583942
source_shell_width_sweep.rows[2].whole_image_mse,0.567414919535319
source_shell_width_sweep.rows[2].foreground_mse,2.1032864347662144
source_shell_width_sweep.rows[2].interior_gt8px_mse,2.6576054890950522
source_shell_width_sweep.rows[2].silhouette_0_8px_mse,1.0398539347412163
source_shell_width_sweep.rows[2].total_image_energy,50041.71484375
source_shell_width_sweep.rows[2].foreground_mean_brightness,0.6816010027809201
source_shell_width_sweep.rows[2].edge_sharpness,0.46484186284536755
source_shell_width_sweep.rows[2].reference_edge_sharpness,0.3241067995819727
source_shell_width_sweep.rows[2].edge_sharpness_ratio,1.4342243465577165
source_shell_width_sweep.rows[2].thin_feature_response_ratio,1.8920372259139984
source_shell_width_sweep.rows[3].anchors,32768
source_shell_width_sweep.rows[3].h_s,0.07500000000000001
source_shell_width_sweep.rows[3].epsilon_s,0.009375000000000001
source_shell_width_sweep.rows[3].epsilon_over_h_s,0.125
source_shell_width_sweep.rows[3].active_anchor_count,405
source_shell_width_sweep.rows[3].active_anchor_fraction,0.012359619140625
source_shell_width_sweep.rows[3].source_mass,9.652682274624134
source_shell_width_sweep.rows[3].effective_anchor_count,263.0210169496513
source_shell_width_sweep.rows[3].active_weight_cv,0.7356201778832386
source_shell_width_sweep.rows[3].projection_residual_mean,3.63794088825453e-05
source_shell_width_sweep.rows[3].projection_residual_p95,0.0001415229161790697
source_shell_width_sweep.rows[3].projection_residual_max,0.0005522750807164924
source_shell_width_sweep.rows[3].projection_displacement_mean,0.004456010301577657
source_shell_width_sweep.rows[3].neighborhood_radius,0.15000000000000002
source_shell_width_sweep.rows[3].zero_support_probability,0.031494140625
source_shell_width_sweep.rows[3].active_count_p10,1.0
source_shell_width_sweep.rows[3].active_count_median,3.0
source_shell_width_sweep.rows[3].active_count_p90,6.0
source_shell_width_sweep.rows[3].local_mass_mean,0.07980037024585586
source_shell_width_sweep.rows[3].local_mass_cv,0.635266364261774
source_shell_width_sweep.rows[3].local_neff_minimum,0.0
source_shell_width_sweep.rows[3].local_neff_median,2.1404504325114906
source_shell_width_sweep.rows[3].source_mass_relative_drift_vs_wide,0.06206081783858078
source_shell_width_sweep.rows[3].geometry_response_norm,67389.15368255862
source_shell_width_sweep.rows[3].analytic_full_fd_relative_error,0.00044674658840769955
source_shell_width_sweep.rows[3].analytic_full_fd_cosine,0.9999999363865888
source_shell_width_sweep.rows[3].source_identity_resampling_fraction,0.0
source_shell_width_sweep.rows[3].runtime_seconds,0.02027834509499371
source_shell_width_sweep.rows[3].whole_image_mse,1.6849894523620605
source_shell_width_sweep.rows[3].foreground_mse,6.245896964555053
source_shell_width_sweep.rows[3].interior_gt8px_mse,9.05217714662905
source_shell_width_sweep.rows[3].silhouette_0_8px_mse,2.8650365434595284
source_shell_width_sweep.rows[3].total_image_energy,108527.7265625
source_shell_width_sweep.rows[3].foreground_mean_brightness,0.7448645774415535
source_shell_width_sweep.rows[3].edge_sharpness,0.5156730369414334
source_shell_width_sweep.rows[3].reference_edge_sharpness,0.3241067995819727
source_shell_width_sweep.rows[3].edge_sharpness_ratio,1.591058989217565
source_shell_width_sweep.rows[3].thin_feature_response_ratio,2.0475470957151165
source_shell_width_sweep.rows[4].anchors,32768
source_shell_width_sweep.rows[4].h_s,0.07500000000000001
source_shell_width_sweep.rows[4].epsilon_s,0.004687500000000001
source_shell_width_sweep.rows[4].epsilon_over_h_s,0.0625
source_shell_width_sweep.rows[4].active_anchor_count,214
source_shell_width_sweep.rows[4].active_anchor_fraction,0.00653076171875
source_shell_width_sweep.rows[4].source_mass,9.636988373927402
source_shell_width_sweep.rows[4].effective_anchor_count,131.6132667773872
source_shell_width_sweep.rows[4].active_weight_cv,0.7930414584066031
source_shell_width_sweep.rows[4].projection_residual_mean,1.7514458907150804e-05
source_shell_width_sweep.rows[4].projection_residual_p95,6.134444112206324e-05
source_shell_width_sweep.rows[4].projection_residual_max,0.00029425127067906666
source_shell_width_sweep.rows[4].projection_displacement_mean,0.0023396495471223015
source_shell_width_sweep.rows[4].neighborhood_radius,0.15000000000000002
source_shell_width_sweep.rows[4].zero_support_probability,0.168701171875
source_shell_width_sweep.rows[4].active_count_p10,0.0
source_shell_width_sweep.rows[4].active_count_median,2.0
source_shell_width_sweep.rows[4].active_count_p90,4.0
source_shell_width_sweep.rows[4].local_mass_mean,0.0795141558251245
source_shell_width_sweep.rows[4].local_mass_cv,0.8173887939196621
source_shell_width_sweep.rows[4].local_neff_minimum,0.0
source_shell_width_sweep.rows[4].local_neff_median,1.0099266681470795
source_shell_width_sweep.rows[4].source_mass_relative_drift_vs_wide,0.060334056661237694
source_shell_width_sweep.rows[4].geometry_response_norm,194255.82182255937
source_shell_width_sweep.rows[4].analytic_full_fd_relative_error,0.001149543474256489
source_shell_width_sweep.rows[4].analytic_full_fd_cosine,0.999999750975495
source_shell_width_sweep.rows[4].source_identity_resampling_fraction,0.0
source_shell_width_sweep.rows[4].runtime_seconds,0.012659111991524696
source_shell_width_sweep.rows[4].whole_image_mse,4.287364323933919
source_shell_width_sweep.rows[4].foreground_mse,15.892347756410256
source_shell_width_sweep.rows[4].interior_gt8px_mse,26.45366527416088
source_shell_width_sweep.rows[4].silhouette_0_8px_mse,6.632681336168557
source_shell_width_sweep.rows[4].total_image_energy,241701.34375
source_shell_width_sweep.rows[4].foreground_mean_brightness,0.8291404482466064
source_shell_width_sweep.rows[4].edge_sharpness,0.5450639015495643
source_shell_width_sweep.rows[4].reference_edge_sharpness,0.3241067995819727
source_shell_width_sweep.rows[4].edge_sharpness_ratio,1.6817416427318965
source_shell_width_sweep.rows[4].thin_feature_response_ratio,2.395582983011045
source_shell_width_sweep.rows[5].anchors,32768
source_shell_width_sweep.rows[5].h_s,0.07500000000000001
source_shell_width_sweep.rows[5].epsilon_s,0.0023437500000000003
source_shell_width_sweep.rows[5].epsilon_over_h_s,0.03125
source_shell_width_sweep.rows[5].active_anchor_count,104
source_shell_width_sweep.rows[5].active_anchor_fraction,0.003173828125
source_shell_width_sweep.rows[5].source_mass,9.803781862341566
source_shell_width_sweep.rows[5].effective_anchor_count,65.28467363695509
source_shell_width_sweep.rows[5].active_weight_cv,0.7738092215208782
source_shell_width_sweep.rows[5].projection_residual_mean,7.428408373218701e-06
source_shell_width_sweep.rows[5].projection_residual_p95,2.293039681688433e-05
source_shell_width_sweep.rows[5].projection_residual_max,5.262484240967471e-05
source_shell_width_sweep.rows[5].projection_displacement_mean,0.0011520200386914898
source_shell_width_sweep.rows[5].neighborhood_radius,0.15000000000000002
source_shell_width_sweep.rows[5].zero_support_probability,0.447509765625
source_shell_width_sweep.rows[5].active_count_p10,0.0
source_shell_width_sweep.rows[5].active_count_median,1.0
source_shell_width_sweep.rows[5].active_count_p90,2.0
source_shell_width_sweep.rows[5].local_mass_mean,0.08129838060346924
source_shell_width_sweep.rows[5].local_mass_cv,0.7911335806106143
source_shell_width_sweep.rows[5].local_neff_minimum,0.0
source_shell_width_sweep.rows[5].local_neff_median,1.0
source_shell_width_sweep.rows[5].source_mass_relative_drift_vs_wide,0.0786859327175948
source_shell_width_sweep.rows[5].geometry_response_norm,588885.0231387732
source_shell_width_sweep.rows[5].analytic_full_fd_relative_error,0.0048767185297481615
source_shell_width_sweep.rows[5].analytic_full_fd_cosine,0.9999947827715949
source_shell_width_sweep.rows[5].source_identity_resampling_fraction,0.0
source_shell_width_sweep.rows[5].runtime_seconds,0.006903351983055472
source_shell_width_sweep.rows[5].whole_image_mse,9.836217880249023
source_shell_width_sweep.rows[5].foreground_mse,36.460767816742084
source_shell_width_sweep.rows[5].interior_gt8px_mse,61.43727394386574
source_shell_width_sweep.rows[5].silhouette_0_8px_mse,15.0735229736491
source_shell_width_sweep.rows[5].total_image_energy,520200.03125
source_shell_width_sweep.rows[5].foreground_mean_brightness,0.9120111295720211
source_shell_width_sweep.rows[5].edge_sharpness,0.5985547125042634
source_shell_width_sweep.rows[5].reference_edge_sharpness,0.3241067995819727
source_shell_width_sweep.rows[5].edge_sharpness_ratio,1.8467823361813724
source_shell_width_sweep.rows[5].thin_feature_response_ratio,2.8676489927489737
source_shell_width_sweep.gate_definition.zero_support_probability_maximum,0.01
source_shell_width_sweep.gate_definition.source_mass_drift_maximum,0.02
source_shell_width_sweep.gate_definition.local_mass_cv_maximum,0.75
source_shell_width_sweep.gate_definition.edge_and_thin_retention_minimum,0.95
source_shell_width_sweep.gate_definition.analytic_full_fd_relative_error_maximum,0.15
anchor_density_sweep[0].anchors,4096
anchor_density_sweep[0].h_s,0.15000000000000002
anchor_density_sweep[0].epsilon_s,0.15000000000000002
anchor_density_sweep[0].epsilon_over_h_s,1.0
anchor_density_sweep[0].active_anchor_count,807
anchor_density_sweep[0].active_anchor_fraction,0.197021484375
anchor_density_sweep[0].source_mass,8.971409272861013
anchor_density_sweep[0].effective_anchor_count,491.6308328358852
anchor_density_sweep[0].active_weight_cv,0.8014183939879942
anchor_density_sweep[0].projection_residual_mean,0.0014358735967929922
anchor_density_sweep[0].projection_residual_p95,0.006009535137023177
anchor_density_sweep[0].projection_residual_max,0.03996650605054078
anchor_density_sweep[0].projection_displacement_mean,0.07538577933325707
anchor_density_sweep[0].neighborhood_radius,0.30000000000000004
anchor_density_sweep[0].zero_support_probability,0.0
anchor_density_sweep[0].active_count_p10,23.0
anchor_density_sweep[0].active_count_median,27.0
anchor_density_sweep[0].active_count_p90,32.0
anchor_density_sweep[0].local_mass_mean,0.3079470772659644
anchor_density_sweep[0].local_mass_cv,0.18783201125391155
anchor_density_sweep[0].local_neff_minimum,9.550490732184645
anchor_density_sweep[0].local_neff_median,16.53391528719665
anchor_density_sweep[0].image_energy,3694.9104241226046
anchor_density_sweep[0].runtime_seconds,0.04027381120249629
anchor_density_sweep[1].anchors,4096
anchor_density_sweep[1].h_s,0.15000000000000002
anchor_density_sweep[1].epsilon_s,0.037500000000000006
anchor_density_sweep[1].epsilon_over_h_s,0.25
anchor_density_sweep[1].active_anchor_count,194
anchor_density_sweep[1].active_anchor_fraction,0.04736328125
anchor_density_sweep[1].source_mass,9.106886995288457
anchor_density_sweep[1].effective_anchor_count,122.09419684642953
anchor_density_sweep[1].active_weight_cv,0.7694079511356392
anchor_density_sweep[1].projection_residual_mean,0.0002367834180503958
anchor_density_sweep[1].projection_residual_p95,0.0009674996568600977
anchor_density_sweep[1].projection_residual_max,0.010007299998382934
anchor_density_sweep[1].projection_displacement_mean,0.018263631963875607
anchor_density_sweep[1].neighborhood_radius,0.30000000000000004
anchor_density_sweep[1].zero_support_probability,0.0
anchor_density_sweep[1].active_count_p10,4.0
anchor_density_sweep[1].active_count_median,7.0
anchor_density_sweep[1].active_count_p90,9.0
anchor_density_sweep[1].local_mass_mean,0.3149206021712986
anchor_density_sweep[1].local_mass_cv,0.4340809854375477
anchor_density_sweep[1].local_neff_minimum,1.0
anchor_density_sweep[1].local_neff_median,4.170254097846829
anchor_density_sweep[1].image_energy,10917.621093413083
anchor_density_sweep[1].runtime_seconds,0.010807267855852842
anchor_density_sweep[2].anchors,4096
anchor_density_sweep[2].h_s,0.15000000000000002
anchor_density_sweep[2].epsilon_s,0.009375000000000001
anchor_density_sweep[2].epsilon_over_h_s,0.0625
anchor_density_sweep[2].active_anchor_count,49
anchor_density_sweep[2].active_anchor_fraction,0.011962890625
anchor_density_sweep[2].source_mass,9.658659150552026
anchor_density_sweep[2].effective_anchor_count,33.68982090693296
anchor_density_sweep[2].active_weight_cv,0.6811114884028874
anchor_density_sweep[2].projection_residual_mean,3.080676532214834e-05
anchor_density_sweep[2].projection_residual_p95,0.00010833620356948974
anchor_density_sweep[2].projection_residual_max,0.00029425127067906666
anchor_density_sweep[2].projection_displacement_mean,0.004425848613743571
anchor_density_sweep[2].neighborhood_radius,0.30000000000000004
anchor_density_sweep[2].zero_support_probability,0.218994140625
anchor_density_sweep[2].active_count_p10,0.0
anchor_density_sweep[2].active_count_median,1.0
anchor_density_sweep[2].active_count_p90,4.0
anchor_density_sweep[2].local_mass_mean,0.33247228653812944
anchor_density_sweep[2].local_mass_cv,0.5685294659004907
anchor_density_sweep[2].local_neff_minimum,0.0
anchor_density_sweep[2].local_neff_median,1.0
anchor_density_sweep[2].image_energy,53066.376048007194
anchor_density_sweep[2].runtime_seconds,0.007073651999235153
anchor_density_sweep[3].anchors,8192
anchor_density_sweep[3].h_s,0.11905507889761498
anchor_density_sweep[3].epsilon_s,0.11905507889761498
anchor_density_sweep[3].epsilon_over_h_s,1.0
anchor_density_sweep[3].active_anchor_count,1280
anchor_density_sweep[3].active_anchor_fraction,0.15625
anchor_density_sweep[3].source_mass,9.069876103321949
anchor_density_sweep[3].effective_anchor_count,781.1909729805869
anchor_density_sweep[3].active_weight_cv,0.7993891635062396
anchor_density_sweep[3].projection_residual_mean,0.001174394027406185
anchor_density_sweep[3].projection_residual_p95,0.005560217466405761
anchor_density_sweep[3].projection_residual_max,0.0366717398570394
anchor_density_sweep[3].projection_displacement_mean,0.05967346249734889
anchor_density_sweep[3].neighborhood_radius,0.23811015779522995
anchor_density_sweep[3].zero_support_probability,0.0
anchor_density_sweep[3].active_count_p10,23.0
anchor_density_sweep[3].active_count_median,26.0
anchor_density_sweep[3].active_count_p90,32.0
anchor_density_sweep[3].local_mass_mean,0.1933451125807366
anchor_density_sweep[3].local_mass_cv,0.17885183513512795
anchor_density_sweep[3].local_neff_minimum,9.987606909975058
anchor_density_sweep[3].local_neff_median,16.232915950798713
anchor_density_sweep[3].image_energy,2869.6210523451773
anchor_density_sweep[3].runtime_seconds,0.058859467040747404
anchor_density_sweep[4].anchors,8192
anchor_density_sweep[4].h_s,0.11905507889761498
anchor_density_sweep[4].epsilon_s,0.029763769724403744
anchor_density_sweep[4].epsilon_over_h_s,0.25
anchor_density_sweep[4].active_anchor_count,319
anchor_density_sweep[4].active_anchor_fraction,0.0389404296875
anchor_density_sweep[4].source_mass,8.93350180207969
anchor_density_sweep[4].effective_anchor_count,195.55197391424562
anchor_density_sweep[4].active_weight_cv,0.7957795134848616
anchor_density_sweep[4].projection_residual_mean,0.00013622815870880994
anchor_density_sweep[4].projection_residual_p95,0.0006135905619062855
anchor_density_sweep[4].projection_residual_max,0.0023703247468765233
anchor_density_sweep[4].projection_displacement_mean,0.014996969677889218
anchor_density_sweep[4].neighborhood_radius,0.23811015779522995
anchor_density_sweep[4].zero_support_probability,0.000244140625
anchor_density_sweep[4].active_count_p10,4.0
anchor_density_sweep[4].active_count_median,7.0
anchor_density_sweep[4].active_count_p90,9.0
anchor_density_sweep[4].local_mass_mean,0.1909453100605456
anchor_density_sweep[4].local_mass_cv,0.40196601196066123
anchor_density_sweep[4].local_neff_minimum,0.0
anchor_density_sweep[4].local_neff_median,4.271806913167525
anchor_density_sweep[4].image_energy,8392.86321136525
anchor_density_sweep[4].runtime_seconds,0.01874477812089026
anchor_density_sweep[5].anchors,8192
anchor_density_sweep[5].h_s,0.11905507889761498
anchor_density_sweep[5].epsilon_s,0.007440942431100936
anchor_density_sweep[5].epsilon_over_h_s,0.0625
anchor_density_sweep[5].active_anchor_count,75
anchor_density_sweep[5].active_anchor_fraction,0.0091552734375
anchor_density_sweep[5].source_mass,8.815765865856118
anchor_density_sweep[5].effective_anchor_count,50.063491069782344
anchor_density_sweep[5].active_weight_cv,0.7105130071194027
anchor_density_sweep[5].projection_residual_mean,2.607090750718452e-05
anchor_density_sweep[5].projection_residual_p95,9.766095235329603e-05
anchor_density_sweep[5].projection_residual_max,0.00029425127067906666
anchor_density_sweep[5].projection_displacement_mean,0.0035920815376475064
anchor_density_sweep[5].neighborhood_radius,0.23811015779522995
anchor_density_sweep[5].zero_support_probability,0.19970703125
anchor_density_sweep[5].active_count_p10,0.0
anchor_density_sweep[5].active_count_median,1.0
anchor_density_sweep[5].active_count_p90,3.0
anchor_density_sweep[5].local_mass_mean,0.1885341101823808
anchor_density_sweep[5].local_mass_cv,0.6788016071894688
anchor_density_sweep[5].local_neff_minimum,0.0
anchor_density_sweep[5].local_neff_median,1.0
anchor_density_sweep[5].image_energy,29074.143488103
anchor_density_sweep[5].runtime_seconds,0.007015262963250279
anchor_density_sweep[6].anchors,16384
anchor_density_sweep[6].h_s,0.0944940787421155
anchor_density_sweep[6].epsilon_s,0.0944940787421155
anchor_density_sweep[6].epsilon_over_h_s,1.0
anchor_density_sweep[6].active_anchor_count,2044
anchor_density_sweep[6].active_anchor_fraction,0.124755859375
anchor_density_sweep[6].source_mass,9.01313249209636
anchor_density_sweep[6].effective_anchor_count,1243.3363171886272
anchor_density_sweep[6].active_weight_cv,0.8026699746032467
anchor_density_sweep[6].projection_residual_mean,0.0008482510763399924
anchor_density_sweep[6].projection_residual_p95,0.004143312519780366
anchor_density_sweep[6].projection_residual_max,0.03667173985703933
anchor_density_sweep[6].projection_displacement_mean,0.047539354010993226
anchor_density_sweep[6].neighborhood_radius,0.188988157484231
anchor_density_sweep[6].zero_support_probability,0.0
anchor_density_sweep[6].active_count_p10,23.0
anchor_density_sweep[6].active_count_median,26.0
anchor_density_sweep[6].active_count_p90,31.0
anchor_density_sweep[6].local_mass_mean,0.11841515862953428
anchor_density_sweep[6].local_mass_cv,0.1635123464043461
anchor_density_sweep[6].local_neff_minimum,10.021973792368978
anchor_density_sweep[6].local_neff_median,16.076132542639026
anchor_density_sweep[6].image_energy,2335.3911326238704
anchor_density_sweep[6].runtime_seconds,0.09585648193024099
anchor_density_sweep[7].anchors,16384
anchor_density_sweep[7].h_s,0.0944940787421155
anchor_density_sweep[7].epsilon_s,0.023623519685528876
anchor_density_sweep[7].epsilon_over_h_s,0.25
anchor_density_sweep[7].active_anchor_count,505
anchor_density_sweep[7].active_anchor_fraction,0.03082275390625
anchor_density_sweep[7].source_mass,8.911999258034076
anchor_density_sweep[7].effective_anchor_count,301.61700295555136
anchor_density_sweep[7].active_weight_cv,0.8219773152087303
anchor_density_sweep[7].projection_residual_mean,0.00010846733957550918
anchor_density_sweep[7].projection_residual_p95,0.0005042728808988889
anchor_density_sweep[7].projection_residual_max,0.002043926899088363
anchor_density_sweep[7].projection_displacement_mean,0.011940879758131935
anchor_density_sweep[7].neighborhood_radius,0.188988157484231
anchor_density_sweep[7].zero_support_probability,0.0
anchor_density_sweep[7].active_count_p10,4.0
anchor_density_sweep[7].active_count_median,6.0
anchor_density_sweep[7].active_count_p90,9.0
anchor_density_sweep[7].local_mass_mean,0.11764948443166766
anchor_density_sweep[7].local_mass_cv,0.44054982224631506
anchor_density_sweep[7].local_neff_minimum,1.0
anchor_density_sweep[7].local_neff_median,3.977451488805906
anchor_density_sweep[7].image_energy,6112.0312498694875
anchor_density_sweep[7].runtime_seconds,0.02426750003360212
anchor_density_sweep[8].anchors,16384
anchor_density_sweep[8].h_s,0.0944940787421155
anchor_density_sweep[8].epsilon_s,0.005905879921382219
anchor_density_sweep[8].epsilon_over_h_s,0.0625
anchor_density_sweep[8].active_anchor_count,139
anchor_density_sweep[8].active_anchor_fraction,0.00848388671875
anchor_density_sweep[8].source_mass,9.090434005874672
anchor_density_sweep[8].effective_anchor_count,82.50133928912459
anchor_density_sweep[8].active_weight_cv,0.830532122058122
anchor_density_sweep[8].projection_residual_mean,2.310095899535147e-05
anchor_density_sweep[8].projection_residual_p95,7.568305357150864e-05
anchor_density_sweep[8].projection_residual_max,0.00029425127067906666
anchor_density_sweep[8].projection_displacement_mean,0.0031405047448260144
anchor_density_sweep[8].neighborhood_radius,0.188988157484231
anchor_density_sweep[8].zero_support_probability,0.14599609375
anchor_density_sweep[8].active_count_p10,0.0
anchor_density_sweep[8].active_count_median,2.0
anchor_density_sweep[8].active_count_p90,4.0
anchor_density_sweep[8].local_mass_mean,0.12081132549192397
anchor_density_sweep[8].local_mass_cv,0.7764982335612259
anchor_density_sweep[8].local_neff_minimum,0.0
anchor_density_sweep[8].local_neff_median,1.012569568369932
anchor_density_sweep[8].image_energy,24055.033448531096
anchor_density_sweep[8].runtime_seconds,0.008055567974224687
anchor_density_sweep[9].anchors,32768
anchor_density_sweep[9].h_s,0.07500000000000001
anchor_density_sweep[9].epsilon_s,0.07500000000000001
anchor_density_sweep[9].epsilon_over_h_s,1.0
anchor_density_sweep[9].active_anchor_count,3241
anchor_density_sweep[9].active_anchor_fraction,0.098907470703125
anchor_density_sweep[9].source_mass,9.088634202953163
anchor_density_sweep[9].effective_anchor_count,1977.8195223123382
anchor_density_sweep[9].active_weight_cv,0.7992936878410737
anchor_density_sweep[9].projection_residual_mean,0.0006188171056696834
anchor_density_sweep[9].projection_residual_p95,0.0029836031756438073
anchor_density_sweep[9].projection_residual_max,0.033719111393159175
anchor_density_sweep[9].projection_displacement_mean,0.03757014431496659
anchor_density_sweep[9].neighborhood_radius,0.15000000000000002
anchor_density_sweep[9].zero_support_probability,0.0
anchor_density_sweep[9].active_count_p10,23.0
anchor_density_sweep[9].active_count_median,26.0
anchor_density_sweep[9].active_count_p90,30.0
anchor_density_sweep[9].local_mass_mean,0.07390826267876592
anchor_density_sweep[9].local_mass_cv,0.15094338968890764
anchor_density_sweep[9].local_neff_minimum,9.335034579273518
anchor_density_sweep[9].local_neff_median,15.96334602676945
anchor_density_sweep[9].image_energy,2082.1613812516634
anchor_density_sweep[9].runtime_seconds,0.1453342151362449
anchor_density_sweep[10].anchors,32768
anchor_density_sweep[10].h_s,0.07500000000000001
anchor_density_sweep[10].epsilon_s,0.018750000000000003
anchor_density_sweep[10].epsilon_over_h_s,0.25
anchor_density_sweep[10].active_anchor_count,810
anchor_density_sweep[10].active_anchor_fraction,0.02471923828125
anchor_density_sweep[10].source_mass,9.261107023303396
anchor_density_sweep[10].effective_anchor_count,495.24169145089905
anchor_density_sweep[10].active_weight_cv,0.7977159045605635
anchor_density_sweep[10].projection_residual_mean,8.463460928802501e-05
anchor_density_sweep[10].projection_residual_p95,0.00035530609855598396
anchor_density_sweep[10].projection_residual_max,0.002043926899088363
anchor_density_sweep[10].projection_displacement_mean,0.009313238736006129
anchor_density_sweep[10].neighborhood_radius,0.15000000000000002
anchor_density_sweep[10].zero_support_probability,0.0
anchor_density_sweep[10].active_count_p10,4.0
anchor_density_sweep[10].active_count_median,6.0
anchor_density_sweep[10].active_count_p90,9.0
anchor_density_sweep[10].local_mass_mean,0.07599367330648545
anchor_density_sweep[10].local_mass_cv,0.4557955559291889
anchor_density_sweep[10].local_neff_minimum,1.0
anchor_density_sweep[10].local_neff_median,4.015055369874854
anchor_density_sweep[10].image_energy,4326.935468009723
anchor_density_sweep[10].runtime_seconds,0.040864309994503856
anchor_density_sweep[11].anchors,32768
anchor_density_sweep[11].h_s,0.07500000000000001
anchor_density_sweep[11].epsilon_s,0.004687500000000001
anchor_density_sweep[11].epsilon_over_h_s,0.0625
anchor_density_sweep[11].active_anchor_count,214
anchor_density_sweep[11].active_anchor_fraction,0.00653076171875
anchor_density_sweep[11].source_mass,9.636988373927402
anchor_density_sweep[11].effective_anchor_count,131.6132667773872
anchor_density_sweep[11].active_weight_cv,0.7930414584066031
anchor_density_sweep[11].projection_residual_mean,1.7514458907150804e-05
anchor_density_sweep[11].projection_residual_p95,6.134444112206324e-05
anchor_density_sweep[11].projection_residual_max,0.00029425127067906666
anchor_density_sweep[11].projection_displacement_mean,0.0023396495471223015
anchor_density_sweep[11].neighborhood_radius,0.15000000000000002
anchor_density_sweep[11].zero_support_probability,0.168701171875
anchor_density_sweep[11].active_count_p10,0.0
anchor_density_sweep[11].active_count_median,2.0
anchor_density_sweep[11].active_count_p90,4.0
anchor_density_sweep[11].local_mass_mean,0.0795141558251245
anchor_density_sweep[11].local_mass_cv,0.8173887939196621
anchor_density_sweep[11].local_neff_minimum,0.0
anchor_density_sweep[11].local_neff_median,1.0099266681470795
anchor_density_sweep[11].image_energy,17313.796862213905
anchor_density_sweep[11].runtime_seconds,0.011147885117679834
source_projection.anchors_checked,810
source_projection.one_step_residual_mean,8.463460928802501e-05
source_projection.one_step_residual_p95,0.00035530609855598396
source_projection.position_error_to_16_step_mean,0.0001006944260633035
source_projection.position_error_to_16_step_p95,0.0003905610822649804
source_projection.position_error_over_epsilon_p95,0.02082992438746562
source_projection.normal_error_to_16_step_mean,0.0004244024586964668
source_projection.normal_error_to_16_step_p95,0.0010129325365802215
active_set_culling.full_vs_culled_max_absolute_error,4.336808689942018e-19
active_set_culling.culled_chunk_128_vs_512_max_absolute_error,6.505213034913027e-19
active_set_culling.mathematical_anchor_count,32768
active_set_culling.evaluated_active_count,810
active_set_culling.culling_rule,skip only exact psi==0 terms
source_levelset_scale_invariance.rows[0].field_scale,1.0
source_levelset_scale_invariance.rows[0].source_weight_max_absolute_error,0.0
source_levelset_scale_invariance.rows[0].projected_position_max_absolute_error,0.0
source_levelset_scale_invariance.rows[0].normal_max_absolute_error,0.0
source_levelset_scale_invariance.rows[0].image_max_absolute_error,0.0
source_levelset_scale_invariance.rows[0].source_mass_absolute_error,0.0
source_levelset_scale_invariance.rows[1].field_scale,0.5
source_levelset_scale_invariance.rows[1].source_weight_max_absolute_error,0.0
source_levelset_scale_invariance.rows[1].projected_position_max_absolute_error,0.0
source_levelset_scale_invariance.rows[1].normal_max_absolute_error,0.0
source_levelset_scale_invariance.rows[1].image_max_absolute_error,8.881784197001252e-16
source_levelset_scale_invariance.rows[1].source_mass_absolute_error,0.0
source_levelset_scale_invariance.rows[2].field_scale,2.0
source_levelset_scale_invariance.rows[2].source_weight_max_absolute_error,0.0
source_levelset_scale_invariance.rows[2].projected_position_max_absolute_error,0.0
source_levelset_scale_invariance.rows[2].normal_max_absolute_error,0.0
source_levelset_scale_invariance.rows[2].image_max_absolute_error,8.881784197001252e-16
source_levelset_scale_invariance.rows[2].source_mass_absolute_error,0.0
source_levelset_scale_invariance.rows[3].field_scale,10.0
source_levelset_scale_invariance.rows[3].source_weight_max_absolute_error,1.734723475976807e-18
source_levelset_scale_invariance.rows[3].projected_position_max_absolute_error,1.3322676295501878e-15
source_levelset_scale_invariance.rows[3].normal_max_absolute_error,6.195044477408373e-14
source_levelset_scale_invariance.rows[3].image_max_absolute_error,2.220446049250313e-15
source_levelset_scale_invariance.rows[3].source_mass_absolute_error,0.0
source_levelset_scale_invariance.maximum_absolute_error,6.195044477408373e-14
source_energy_linearity.scope,linear in source/transported energy for fixed geometry; nonlinear in geometry
source_energy_linearity.scale_rows[0].scale,0.25
source_energy_linearity.scale_rows[0].maximum_absolute_error,0.0
source_energy_linearity.scale_rows[1].scale,0.5
source_energy_linearity.scale_rows[1].maximum_absolute_error,0.0
source_energy_linearity.scale_rows[2].scale,2.0
source_energy_linearity.scale_rows[2].maximum_absolute_error,0.0
source_energy_linearity.scale_rows[3].scale,4.0
source_energy_linearity.scale_rows[3].maximum_absolute_error,0.0
source_energy_linearity.superposition_maximum_absolute_error,8.881784197001252e-16
source_sample_count_convergence.nested_prefix,True
source_sample_count_convergence.fixed_world_epsilon,0.018750000000000003
source_sample_count_convergence.rows[0].anchors,4096
source_sample_count_convergence.rows[0].h_s,0.15000000000000002
source_sample_count_convergence.rows[0].epsilon_s,0.018750000000000003
source_sample_count_convergence.rows[0].epsilon_over_h_s,0.125
source_sample_count_convergence.rows[0].source_mass,9.257307378456812
source_sample_count_convergence.rows[0].response_norm,34000.148752869245
source_sample_count_convergence.rows[0].neighborhood_radius,0.30000000000000004
source_sample_count_convergence.rows[0].zero_support_probability,0.023681640625
source_sample_count_convergence.rows[0].active_count_p10,1.0
source_sample_count_convergence.rows[0].active_count_median,4.0
source_sample_count_convergence.rows[0].active_count_p90,6.0
source_sample_count_convergence.rows[0].local_mass_mean,0.31965697665047377
source_sample_count_convergence.rows[0].local_mass_cv,0.6353493114500577
source_sample_count_convergence.rows[0].local_neff_minimum,0.0
source_sample_count_convergence.rows[0].local_neff_median,2.233601721990704
source_sample_count_convergence.rows[0].image_mse_vs_highest,3.7347738886752557
source_sample_count_convergence.rows[0].source_mass_relative_error_vs_highest,0.00041027976860899074
source_sample_count_convergence.rows[0].geometry_response_cosine_vs_highest,0.3192722218880592
source_sample_count_convergence.rows[0].geometry_response_relative_error_vs_highest,2.3699157866091043
source_sample_count_convergence.rows[1].anchors,8192
source_sample_count_convergence.rows[1].h_s,0.11905507889761498
source_sample_count_convergence.rows[1].epsilon_s,0.018750000000000003
source_sample_count_convergence.rows[1].epsilon_over_h_s,0.15749013123685915
source_sample_count_convergence.rows[1].source_mass,8.732539680650184
source_sample_count_convergence.rows[1].response_norm,28970.276067391846
source_sample_count_convergence.rows[1].neighborhood_radius,0.23811015779522995
source_sample_count_convergence.rows[1].zero_support_probability,0.0029296875
source_sample_count_convergence.rows[1].active_count_p10,2.0
source_sample_count_convergence.rows[1].active_count_median,4.0
source_sample_count_convergence.rows[1].active_count_p90,6.0
source_sample_count_convergence.rows[1].local_mass_mean,0.18702650175925406
source_sample_count_convergence.rows[1].local_mass_cv,0.5811307674538692
source_sample_count_convergence.rows[1].local_neff_minimum,0.0
source_sample_count_convergence.rows[1].local_neff_median,2.671618113032132
source_sample_count_convergence.rows[1].image_mse_vs_highest,1.5771381938400655
source_sample_count_convergence.rows[1].source_mass_relative_error_vs_highest,0.05707388342702401
source_sample_count_convergence.rows[1].geometry_response_cosine_vs_highest,0.5564341151704277
source_sample_count_convergence.rows[1].geometry_response_relative_error_vs_highest,1.773178009621847
source_sample_count_convergence.rows[2].anchors,16384
source_sample_count_convergence.rows[2].h_s,0.0944940787421155
source_sample_count_convergence.rows[2].epsilon_s,0.018750000000000003
source_sample_count_convergence.rows[2].epsilon_over_h_s,0.19842513149602492
source_sample_count_convergence.rows[2].source_mass,8.99241666412871
source_sample_count_convergence.rows[2].response_norm,19327.557718818676
source_sample_count_convergence.rows[2].neighborhood_radius,0.188988157484231
source_sample_count_convergence.rows[2].zero_support_probability,0.000244140625
source_sample_count_convergence.rows[2].active_count_p10,3.0
source_sample_count_convergence.rows[2].active_count_median,5.0
source_sample_count_convergence.rows[2].active_count_p90,8.0
source_sample_count_convergence.rows[2].local_mass_mean,0.11891437619479117
source_sample_count_convergence.rows[2].local_mass_cv,0.5144048871803657
source_sample_count_convergence.rows[2].local_neff_minimum,0.0
source_sample_count_convergence.rows[2].local_neff_median,3.113271120688979
source_sample_count_convergence.rows[2].image_mse_vs_highest,0.5300428017979856
source_sample_count_convergence.rows[2].source_mass_relative_error_vs_highest,0.029012769045708018
source_sample_count_convergence.rows[2].geometry_response_cosine_vs_highest,0.7066811274027015
source_sample_count_convergence.rows[2].geometry_response_relative_error_vs_highest,1.0020695767177599
source_sample_count_convergence.rows[3].anchors,32768
source_sample_count_convergence.rows[3].h_s,0.07500000000000001
source_sample_count_convergence.rows[3].epsilon_s,0.018750000000000003
source_sample_count_convergence.rows[3].epsilon_over_h_s,0.25
source_sample_count_convergence.rows[3].source_mass,9.261107023303396
source_sample_count_convergence.rows[3].response_norm,13646.631356531487
source_sample_count_convergence.rows[3].neighborhood_radius,0.15000000000000002
source_sample_count_convergence.rows[3].zero_support_probability,0.0
source_sample_count_convergence.rows[3].active_count_p10,4.0
source_sample_count_convergence.rows[3].active_count_median,6.0
source_sample_count_convergence.rows[3].active_count_p90,9.0
source_sample_count_convergence.rows[3].local_mass_mean,0.07599367330648545
source_sample_count_convergence.rows[3].local_mass_cv,0.4557955559291889
source_sample_count_convergence.rows[3].local_neff_minimum,1.0
source_sample_count_convergence.rows[3].local_neff_median,4.015055369874854
source_sample_count_convergence.rows[3].image_mse_vs_highest,0.0
source_sample_count_convergence.rows[3].source_mass_relative_error_vs_highest,0.0
source_sample_count_convergence.rows[3].geometry_response_cosine_vs_highest,1.0
source_sample_count_convergence.rows[3].geometry_response_relative_error_vs_highest,0.0
source_sample_count_convergence.log_image_mse_vs_anchor_count_slope,-1.4084200661791624
multi_seed_source_variance.seeds[0],101
multi_seed_source_variance.seeds[1],211
multi_seed_source_variance.seeds[2],307
multi_seed_source_variance.seeds[3],401
multi_seed_source_variance.seeds[4],503
multi_seed_source_variance.seeds[5],601
multi_seed_source_variance.seeds[6],701
multi_seed_source_variance.seeds[7],809
multi_seed_source_variance.rows[0].seed,101
multi_seed_source_variance.rows[0].source_mass,8.911999258034076
multi_seed_source_variance.rows[0].active_anchor_count,505
multi_seed_source_variance.rows[0].image_self_mse_vs_seed_101,0.0
multi_seed_source_variance.rows[0].geometry_response_norm,14507.481552813491
multi_seed_source_variance.rows[0].geometry_response_cosine_vs_seed_101,1.0000000000000002
multi_seed_source_variance.rows[1].seed,211
multi_seed_source_variance.rows[1].source_mass,8.817355898369382
multi_seed_source_variance.rows[1].active_anchor_count,510
multi_seed_source_variance.rows[1].image_self_mse_vs_seed_101,1.5130993047918455
multi_seed_source_variance.rows[1].geometry_response_norm,14709.878967958846
multi_seed_source_variance.rows[1].geometry_response_cosine_vs_seed_101,-0.005632723779667473
multi_seed_source_variance.rows[2].seed,307
multi_seed_source_variance.rows[2].source_mass,9.647829063504153
multi_seed_source_variance.rows[2].active_anchor_count,531
multi_seed_source_variance.rows[2].image_self_mse_vs_seed_101,1.7119267047497488
multi_seed_source_variance.rows[2].geometry_response_norm,13704.956145775897
multi_seed_source_variance.rows[2].geometry_response_cosine_vs_seed_101,-0.03286105585059762
multi_seed_source_variance.rows[3].seed,401
multi_seed_source_variance.rows[3].source_mass,9.00364771697193
multi_seed_source_variance.rows[3].active_anchor_count,504
multi_seed_source_variance.rows[3].image_self_mse_vs_seed_101,1.5286981686651775
multi_seed_source_variance.rows[3].geometry_response_norm,13738.949229924092
multi_seed_source_variance.rows[3].geometry_response_cosine_vs_seed_101,-0.008242108913674691
multi_seed_source_variance.rows[4].seed,503
multi_seed_source_variance.rows[4].source_mass,8.528002872298199
multi_seed_source_variance.rows[4].active_anchor_count,499
multi_seed_source_variance.rows[4].image_self_mse_vs_seed_101,1.4417179604831039
multi_seed_source_variance.rows[4].geometry_response_norm,15426.340138989448
multi_seed_source_variance.rows[4].geometry_response_cosine_vs_seed_101,0.024981083495693165
multi_seed_source_variance.rows[5].seed,601
multi_seed_source_variance.rows[5].source_mass,8.906652061512236
multi_seed_source_variance.rows[5].active_anchor_count,506
multi_seed_source_variance.rows[5].image_self_mse_vs_seed_101,1.5237911314214425
multi_seed_source_variance.rows[5].geometry_response_norm,13829.214172994392
multi_seed_source_variance.rows[5].geometry_response_cosine_vs_seed_101,-0.03973399371494176
multi_seed_source_variance.rows[6].seed,701
multi_seed_source_variance.rows[6].source_mass,9.582747747220726
multi_seed_source_variance.rows[6].active_anchor_count,516
multi_seed_source_variance.rows[6].image_self_mse_vs_seed_101,1.5928739908551866
multi_seed_source_variance.rows[6].geometry_response_norm,13440.864421406159
multi_seed_source_variance.rows[6].geometry_response_cosine_vs_seed_101,0.03323386632996171
multi_seed_source_variance.rows[7].seed,809
multi_seed_source_variance.rows[7].source_mass,9.38656171171978
multi_seed_source_variance.rows[7].active_anchor_count,506
multi_seed_source_variance.rows[7].image_self_mse_vs_seed_101,1.6294381334490642
multi_seed_source_variance.rows[7].geometry_response_norm,13600.694561237919
multi_seed_source_variance.rows[7].geometry_response_cosine_vs_seed_101,-0.0492680519545886
multi_seed_source_variance.source_mass_cv,0.04083700538142249
multi_seed_source_variance.response_norm_cv,0.04574462275706833
multi_seed_source_variance.median_response_cosine,-0.008242108913674691
multi_seed_source_variance.mean_image_self_mse,1.5630779134879385
fixed_anchor_full_fd.configuration.dictionary_count,64
fixed_anchor_full_fd.configuration.initial_count,32
fixed_anchor_full_fd.configuration.surface_samples,512
fixed_anchor_full_fd.configuration.views,1
fixed_anchor_full_fd.configuration.resolution,64
fixed_anchor_full_fd.configuration.resolution_width,
fixed_anchor_full_fd.configuration.surface_scramble_seed,101
fixed_anchor_full_fd.configuration.footprint_reference_resolution,
fixed_anchor_full_fd.configuration.base_support_radius,0.45
fixed_anchor_full_fd.configuration.support_margin,0.005
fixed_anchor_full_fd.configuration.coefficient_limit,0.03
fixed_anchor_full_fd.configuration.deformation_iterations,16
fixed_anchor_full_fd.configuration.deformation_max_offset,0.05
fixed_anchor_full_fd.configuration.damping,1e-07
fixed_anchor_full_fd.configuration.cg_iterations,8
fixed_anchor_full_fd.configuration.initial_optimization_steps,5
fixed_anchor_full_fd.configuration.post_birth_steps,1
fixed_anchor_full_fd.configuration.fixed_optimization_steps,5
fixed_anchor_full_fd.configuration.line_evaluations,10
fixed_anchor_full_fd.configuration.sensor_gain,1.5
fixed_anchor_full_fd.configuration.support_threshold,0.05
fixed_anchor_full_fd.configuration.ambient,0.35
fixed_anchor_full_fd.configuration.minimum_active_before_stopping,1024
fixed_anchor_full_fd.configuration.flattening_window,3
fixed_anchor_full_fd.configuration.flattening_relative_gain,0.0002
fixed_anchor_full_fd.configuration.maximum_scoring_seconds_per_round,90.0
fixed_anchor_full_fd.configuration.maximum_peak_allocated_mib,14000.0
fixed_anchor_full_fd.configuration.maximum_pairwise_coupling,0.95
fixed_anchor_full_fd.configuration.maximum_batch_rho_off,4.0
fixed_anchor_full_fd.configuration.dynamic_batch,False
fixed_anchor_full_fd.configuration.dynamic_score_floor_fraction,0.05
fixed_anchor_full_fd.configuration.dynamic_predicted_gain_fraction,0.95
fixed_anchor_full_fd.configuration.require_geometry_flattening,False
fixed_anchor_full_fd.configuration.geometry_flattening_gain,1e-07
fixed_anchor_full_fd.fd_micro_samples,2
fixed_anchor_full_fd.anchor_count,8192
fixed_anchor_full_fd.h_s,0.11905507889761498
fixed_anchor_full_fd.epsilon_s,0.029763769724403744
fixed_anchor_full_fd.epsilon_over_h_s,0.25
fixed_anchor_full_fd.categories.deep_interior,17
fixed_anchor_full_fd.categories.high_curvature,5
fixed_anchor_full_fd.categories.occlusion_boundary,8
fixed_anchor_full_fd.categories.silhouette,18
fixed_anchor_full_fd.categories.smooth_visible_surface,31
fixed_anchor_full_fd.rows[0].category,deep_interior
fixed_anchor_full_fd.rows[0].parameter,17
fixed_anchor_full_fd.rows[0].epsilon,0.001
fixed_anchor_full_fd.rows[0].analytic_norm,3.039328940877801
fixed_anchor_full_fd.rows[0].full_fixed_anchor_fd_norm,3.0610111340743225
fixed_anchor_full_fd.rows[0].analytic_vs_full.left_norm,3.039328940877801
fixed_anchor_full_fd.rows[0].analytic_vs_full.right_norm,3.061011134074323
fixed_anchor_full_fd.rows[0].analytic_vs_full.relative_error,0.009274582354426434
fixed_anchor_full_fd.rows[0].analytic_vs_full.cosine_similarity,0.9999819500846089
fixed_anchor_full_fd.rows[0].analytic_vs_full.maximum_absolute_error,0.01569430319650622
fixed_anchor_full_fd.rows[0].analytic_vs_full.changed_scalar_fraction,0.022054036458333332
fixed_anchor_full_fd.rows[0].source_weight_continuous_fraction,0.09208380485096487
fixed_anchor_full_fd.rows[0].source_position_normal_continuous_fraction,1.0619606505767463
fixed_anchor_full_fd.rows[0].transport_continuous_fraction,0.15591886469271946
fixed_anchor_full_fd.rows[0].detector_continuous_fraction,0.10354243988904349
fixed_anchor_full_fd.rows[0].visibility_transport_topology_fraction,0.0
fixed_anchor_full_fd.rows[0].source_identity_resampling_fraction,0.0
fixed_anchor_full_fd.rows[0].unexplained_residual_fraction,0.009274582354426436
fixed_anchor_full_fd.rows[0].anchor_identity_exact,True
fixed_anchor_full_fd.rows[0].active_union_count,319
fixed_anchor_full_fd.rows[1].category,deep_interior
fixed_anchor_full_fd.rows[1].parameter,17
fixed_anchor_full_fd.rows[1].epsilon,0.0003
fixed_anchor_full_fd.rows[1].analytic_norm,3.039328940877801
fixed_anchor_full_fd.rows[1].full_fixed_anchor_fd_norm,3.0409432682230584
fixed_anchor_full_fd.rows[1].analytic_vs_full.left_norm,3.039328940877801
fixed_anchor_full_fd.rows[1].analytic_vs_full.right_norm,3.040943268223059
fixed_anchor_full_fd.rows[1].analytic_vs_full.relative_error,0.0007281481513597173
fixed_anchor_full_fd.rows[1].analytic_vs_full.cosine_similarity,0.99999987574247
fixed_anchor_full_fd.rows[1].analytic_vs_full.maximum_absolute_error,0.001259791893678086
fixed_anchor_full_fd.rows[1].analytic_vs_full.changed_scalar_fraction,0.022054036458333332
fixed_anchor_full_fd.rows[1].source_weight_continuous_fraction,0.09291518617789911
fixed_anchor_full_fd.rows[1].source_position_normal_continuous_fraction,1.0606543100294672
fixed_anchor_full_fd.rows[1].transport_continuous_fraction,0.15527233119626307
fixed_anchor_full_fd.rows[1].detector_continuous_fraction,0.10166355019623348
fixed_anchor_full_fd.rows[1].visibility_transport_topology_fraction,0.0
fixed_anchor_full_fd.rows[1].source_identity_resampling_fraction,0.0
fixed_anchor_full_fd.rows[1].unexplained_residual_fraction,0.0007281481513597176
fixed_anchor_full_fd.rows[1].anchor_identity_exact,True
fixed_anchor_full_fd.rows[1].active_union_count,319
fixed_anchor_full_fd.rows[2].category,deep_interior
fixed_anchor_full_fd.rows[2].parameter,17
fixed_anchor_full_fd.rows[2].epsilon,0.0001
fixed_anchor_full_fd.rows[2].analytic_norm,3.039328940877801
fixed_anchor_full_fd.rows[2].full_fixed_anchor_fd_norm,3.039557173823272
fixed_anchor_full_fd.rows[2].analytic_vs_full.left_norm,3.039328940877801
fixed_anchor_full_fd.rows[2].analytic_vs_full.right_norm,3.039557173823273
fixed_anchor_full_fd.rows[2].analytic_vs_full.relative_error,9.753533693291407e-05
fixed_anchor_full_fd.rows[2].analytic_vs_full.cosine_similarity,0.9999999980623545
fixed_anchor_full_fd.rows[2].analytic_vs_full.maximum_absolute_error,0.00016245910256307283
fixed_anchor_full_fd.rows[2].analytic_vs_full.changed_scalar_fraction,0.022054036458333332
fixed_anchor_full_fd.rows[2].source_weight_continuous_fraction,0.0929773785960508
fixed_anchor_full_fd.rows[2].source_position_normal_continuous_fraction,1.0605486580315386
fixed_anchor_full_fd.rows[2].transport_continuous_fraction,0.15521218870159884
fixed_anchor_full_fd.rows[2].detector_continuous_fraction,0.10148537204391218
fixed_anchor_full_fd.rows[2].visibility_transport_topology_fraction,0.0
fixed_anchor_full_fd.rows[2].source_identity_resampling_fraction,0.0
fixed_anchor_full_fd.rows[2].unexplained_residual_fraction,9.75353369329141e-05
fixed_anchor_full_fd.rows[2].anchor_identity_exact,True
fixed_anchor_full_fd.rows[2].active_union_count,319
fixed_anchor_full_fd.rows[3].category,high_curvature
fixed_anchor_full_fd.rows[3].parameter,5
fixed_anchor_full_fd.rows[3].epsilon,0.001
fixed_anchor_full_fd.rows[3].analytic_norm,568.7674459691059
fixed_anchor_full_fd.rows[3].full_fixed_anchor_fd_norm,568.5767130103807
fixed_anchor_full_fd.rows[3].analytic_vs_full.left_norm,568.7674459691058
fixed_anchor_full_fd.rows[3].analytic_vs_full.right_norm,568.5767130103808
fixed_anchor_full_fd.rows[3].analytic_vs_full.relative_error,0.0004188587843909459
fixed_anchor_full_fd.rows[3].analytic_vs_full.cosine_similarity,0.9999999685548594
fixed_anchor_full_fd.rows[3].analytic_vs_full.maximum_absolute_error,0.10962147642413811
fixed_anchor_full_fd.rows[3].analytic_vs_full.changed_scalar_fraction,0.025797526041666668
fixed_anchor_full_fd.rows[3].source_weight_continuous_fraction,0.8998499439666625
fixed_anchor_full_fd.rows[3].source_position_normal_continuous_fraction,0.2566926034544607
fixed_anchor_full_fd.rows[3].transport_continuous_fraction,0.17144014372560526
fixed_anchor_full_fd.rows[3].detector_continuous_fraction,0.3201122115240554
fixed_anchor_full_fd.rows[3].visibility_transport_topology_fraction,0.0
fixed_anchor_full_fd.rows[3].source_identity_resampling_fraction,0.0
fixed_anchor_full_fd.rows[3].unexplained_residual_fraction,0.0004188587843909458
fixed_anchor_full_fd.rows[3].anchor_identity_exact,True
fixed_anchor_full_fd.rows[3].active_union_count,319
fixed_anchor_full_fd.rows[4].category,high_curvature
fixed_anchor_full_fd.rows[4].parameter,5
fixed_anchor_full_fd.rows[4].epsilon,0.0003
fixed_anchor_full_fd.rows[4].analytic_norm,568.7674459691059
fixed_anchor_full_fd.rows[4].full_fixed_anchor_fd_norm,568.7502856037522
fixed_anchor_full_fd.rows[4].analytic_vs_full.left_norm,568.7674459691058
fixed_anchor_full_fd.rows[4].analytic_vs_full.right_norm,568.7502856037522
fixed_anchor_full_fd.rows[4].analytic_vs_full.relative_error,3.7703724243256494e-05
fixed_anchor_full_fd.rows[4].analytic_vs_full.cosine_similarity,0.9999999997443993
fixed_anchor_full_fd.rows[4].analytic_vs_full.maximum_absolute_error,0.009868035574356782
fixed_anchor_full_fd.rows[4].analytic_vs_full.changed_scalar_fraction,0.025797526041666668
fixed_anchor_full_fd.rows[4].source_weight_continuous_fraction,0.8997852865716212
fixed_anchor_full_fd.rows[4].source_position_normal_continuous_fraction,0.25761814271874733
fixed_anchor_full_fd.rows[4].transport_continuous_fraction,0.17232420143772267
fixed_anchor_full_fd.rows[4].detector_continuous_fraction,0.3202692456793925
fixed_anchor_full_fd.rows[4].visibility_transport_topology_fraction,0.0
fixed_anchor_full_fd.rows[4].source_identity_resampling_fraction,0.0
fixed_anchor_full_fd.rows[4].unexplained_residual_fraction,3.770372424325648e-05
fixed_anchor_full_fd.rows[4].anchor_identity_exact,True
fixed_anchor_full_fd.rows[4].active_union_count,319
fixed_anchor_full_fd.rows[5].category,high_curvature
fixed_anchor_full_fd.rows[5].parameter,5
fixed_anchor_full_fd.rows[5].epsilon,0.0001
fixed_anchor_full_fd.rows[5].analytic_norm,568.7674459691059
fixed_anchor_full_fd.rows[5].full_fixed_anchor_fd_norm,568.7655379321404
fixed_anchor_full_fd.rows[5].analytic_vs_full.left_norm,568.7674459691058
fixed_anchor_full_fd.rows[5].analytic_vs_full.right_norm,568.7655379321404
fixed_anchor_full_fd.rows[5].analytic_vs_full.relative_error,4.188222657022878e-06
fixed_anchor_full_fd.rows[5].analytic_vs_full.cosine_similarity,0.9999999999968558
fixed_anchor_full_fd.rows[5].analytic_vs_full.maximum_absolute_error,0.0010964689546426598
fixed_anchor_full_fd.rows[5].analytic_vs_full.changed_scalar_fraction,0.025797526041666668
fixed_anchor_full_fd.rows[5].source_weight_continuous_fraction,0.8997796172236289
fixed_anchor_full_fd.rows[5].source_position_normal_continuous_fraction,0.25769957582911796
fixed_anchor_full_fd.rows[5].transport_continuous_fraction,0.1724019861913104
fixed_anchor_full_fd.rows[5].detector_continuous_fraction,0.32028306173241167
fixed_anchor_full_fd.rows[5].visibility_transport_topology_fraction,0.0
fixed_anchor_full_fd.rows[5].source_identity_resampling_fraction,0.0
fixed_anchor_full_fd.rows[5].unexplained_residual_fraction,4.18822265702288e-06
fixed_anchor_full_fd.rows[5].anchor_identity_exact,True
fixed_anchor_full_fd.rows[5].active_union_count,319
fixed_anchor_full_fd.rows[6].category,occlusion_boundary
fixed_anchor_full_fd.rows[6].parameter,8
fixed_anchor_full_fd.rows[6].epsilon,0.001
fixed_anchor_full_fd.rows[6].analytic_norm,646.1168386451751
fixed_anchor_full_fd.rows[6].full_fixed_anchor_fd_norm,645.9046676818299
fixed_anchor_full_fd.rows[6].analytic_vs_full.left_norm,646.1168386451752
fixed_anchor_full_fd.rows[6].analytic_vs_full.right_norm,645.9046676818299
fixed_anchor_full_fd.rows[6].analytic_vs_full.relative_error,0.0029723888878746586
fixed_anchor_full_fd.rows[6].analytic_vs_full.cosine_similarity,0.9999956378367508
fixed_anchor_full_fd.rows[6].analytic_vs_full.maximum_absolute_error,0.7270471324104015
fixed_anchor_full_fd.rows[6].analytic_vs_full.changed_scalar_fraction,0.0166015625
fixed_anchor_full_fd.rows[6].source_weight_continuous_fraction,1.080117026825945
fixed_anchor_full_fd.rows[6].source_position_normal_continuous_fraction,0.42384578279326235
fixed_anchor_full_fd.rows[6].transport_continuous_fraction,0.6666502536484981
fixed_anchor_full_fd.rows[6].detector_continuous_fraction,0.5932908229172857
fixed_anchor_full_fd.rows[6].visibility_transport_topology_fraction,0.0
fixed_anchor_full_fd.rows[6].source_identity_resampling_fraction,0.0
fixed_anchor_full_fd.rows[6].unexplained_residual_fraction,0.002972388887874658
fixed_anchor_full_fd.rows[6].anchor_identity_exact,True
fixed_anchor_full_fd.rows[6].active_union_count,319
fixed_anchor_full_fd.rows[7].category,occlusion_boundary
fixed_anchor_full_fd.rows[7].parameter,8
fixed_anchor_full_fd.rows[7].epsilon,0.0003
fixed_anchor_full_fd.rows[7].analytic_norm,646.1168386451751
fixed_anchor_full_fd.rows[7].full_fixed_anchor_fd_norm,646.029991134912
fixed_anchor_full_fd.rows[7].analytic_vs_full.left_norm,646.1168386451752
fixed_anchor_full_fd.rows[7].analytic_vs_full.right_norm,646.0299911349122
fixed_anchor_full_fd.rows[7].analytic_vs_full.relative_error,0.0001671920139404687
fixed_anchor_full_fd.rows[7].analytic_vs_full.cosine_similarity,0.9999999950601446
fixed_anchor_full_fd.rows[7].analytic_vs_full.maximum_absolute_error,0.040273679857364186
fixed_anchor_full_fd.rows[7].analytic_vs_full.changed_scalar_fraction,0.0166015625
fixed_anchor_full_fd.rows[7].source_weight_continuous_fraction,1.0808813262547694
fixed_anchor_full_fd.rows[7].source_position_normal_continuous_fraction,0.42778435501626266
fixed_anchor_full_fd.rows[7].transport_continuous_fraction,0.6739651466646887
fixed_anchor_full_fd.rows[7].detector_continuous_fraction,0.5944585336823052
fixed_anchor_full_fd.rows[7].visibility_transport_topology_fraction,0.0
fixed_anchor_full_fd.rows[7].source_identity_resampling_fraction,0.0
fixed_anchor_full_fd.rows[7].unexplained_residual_fraction,0.00016719201394046866
fixed_anchor_full_fd.rows[7].anchor_identity_exact,True
fixed_anchor_full_fd.rows[7].active_union_count,319
fixed_anchor_full_fd.rows[8].category,occlusion_boundary
fixed_anchor_full_fd.rows[8].parameter,8
fixed_anchor_full_fd.rows[8].epsilon,0.0001
fixed_anchor_full_fd.rows[8].analytic_norm,646.1168386451751
fixed_anchor_full_fd.rows[8].full_fixed_anchor_fd_norm,646.107188022293
fixed_anchor_full_fd.rows[8].analytic_vs_full.left_norm,646.1168386451752
fixed_anchor_full_fd.rows[8].analytic_vs_full.right_norm,646.107188022293
fixed_anchor_full_fd.rows[8].analytic_vs_full.relative_error,1.857618998034816e-05
fixed_anchor_full_fd.rows[8].analytic_vs_full.cosine_similarity,0.9999999999390131
fixed_anchor_full_fd.rows[8].analytic_vs_full.maximum_absolute_error,0.004475152283959005
fixed_anchor_full_fd.rows[8].analytic_vs_full.changed_scalar_fraction,0.0166015625
fixed_anchor_full_fd.rows[8].source_weight_continuous_fraction,1.0808378086800972
fixed_anchor_full_fd.rows[8].source_position_normal_continuous_fraction,0.4282374985942952
fixed_anchor_full_fd.rows[8].transport_continuous_fraction,0.6744485287358845
fixed_anchor_full_fd.rows[8].detector_continuous_fraction,0.5945045705155548
fixed_anchor_full_fd.rows[8].visibility_transport_topology_fraction,0.0
fixed_anchor_full_fd.rows[8].source_identity_resampling_fraction,0.0
fixed_anchor_full_fd.rows[8].unexplained_residual_fraction,1.857618998034816e-05
fixed_anchor_full_fd.rows[8].anchor_identity_exact,True
fixed_anchor_full_fd.rows[8].active_union_count,319
fixed_anchor_full_fd.rows[9].category,silhouette
fixed_anchor_full_fd.rows[9].parameter,18
fixed_anchor_full_fd.rows[9].epsilon,0.001
fixed_anchor_full_fd.rows[9].analytic_norm,1702.160225435754
fixed_anchor_full_fd.rows[9].full_fixed_anchor_fd_norm,1697.0829831086426
fixed_anchor_full_fd.rows[9].analytic_vs_full.left_norm,1702.1602254357545
fixed_anchor_full_fd.rows[9].analytic_vs_full.right_norm,1697.0829831086423
fixed_anchor_full_fd.rows[9].analytic_vs_full.relative_error,0.0032204740615456974
fixed_anchor_full_fd.rows[9].analytic_vs_full.cosine_similarity,0.9999992916665684
fixed_anchor_full_fd.rows[9].analytic_vs_full.maximum_absolute_error,2.8193684017034
fixed_anchor_full_fd.rows[9].analytic_vs_full.changed_scalar_fraction,0.016357421875
fixed_anchor_full_fd.rows[9].source_weight_continuous_fraction,1.0010435463396208
fixed_anchor_full_fd.rows[9].source_position_normal_continuous_fraction,0.030377587398177006
fixed_anchor_full_fd.rows[9].transport_continuous_fraction,0.029562541520792004
fixed_anchor_full_fd.rows[9].detector_continuous_fraction,0.06959885118588507
fixed_anchor_full_fd.rows[9].visibility_transport_topology_fraction,0.0
fixed_anchor_full_fd.rows[9].source_identity_resampling_fraction,0.0
fixed_anchor_full_fd.rows[9].unexplained_residual_fraction,0.003220474061545697
fixed_anchor_full_fd.rows[9].anchor_identity_exact,True
fixed_anchor_full_fd.rows[9].active_union_count,319
fixed_anchor_full_fd.rows[10].category,silhouette
fixed_anchor_full_fd.rows[10].parameter,18
fixed_anchor_full_fd.rows[10].epsilon,0.0003
fixed_anchor_full_fd.rows[10].analytic_norm,1702.160225435754
fixed_anchor_full_fd.rows[10].full_fixed_anchor_fd_norm,1701.6967139361468
fixed_anchor_full_fd.rows[10].analytic_vs_full.left_norm,1702.1602254357545
fixed_anchor_full_fd.rows[10].analytic_vs_full.right_norm,1701.6967139361464
fixed_anchor_full_fd.rows[10].analytic_vs_full.relative_error,0.0002899972472137283
fixed_anchor_full_fd.rows[10].analytic_vs_full.cosine_similarity,0.9999999950481147
fixed_anchor_full_fd.rows[10].analytic_vs_full.maximum_absolute_error,0.25402116233169636
fixed_anchor_full_fd.rows[10].analytic_vs_full.changed_scalar_fraction,0.016357421875
fixed_anchor_full_fd.rows[10].source_weight_continuous_fraction,1.0010358435844473
fixed_anchor_full_fd.rows[10].source_position_normal_continuous_fraction,0.030429272437543873
fixed_anchor_full_fd.rows[10].transport_continuous_fraction,0.029767229546924383
fixed_anchor_full_fd.rows[10].detector_continuous_fraction,0.0691671156189862
fixed_anchor_full_fd.rows[10].visibility_transport_topology_fraction,0.0
fixed_anchor_full_fd.rows[10].source_identity_resampling_fraction,0.0
fixed_anchor_full_fd.rows[10].unexplained_residual_fraction,0.00028999724721372823
fixed_anchor_full_fd.rows[10].anchor_identity_exact,True
fixed_anchor_full_fd.rows[10].active_union_count,319
fixed_anchor_full_fd.rows[11].category,silhouette
fixed_anchor_full_fd.rows[11].parameter,18
fixed_anchor_full_fd.rows[11].epsilon,0.0001
fixed_anchor_full_fd.rows[11].analytic_norm,1702.160225435754
fixed_anchor_full_fd.rows[11].full_fixed_anchor_fd_norm,1702.108719552919
fixed_anchor_full_fd.rows[11].analytic_vs_full.left_norm,1702.1602254357545
fixed_anchor_full_fd.rows[11].analytic_vs_full.right_norm,1702.108719552919
fixed_anchor_full_fd.rows[11].analytic_vs_full.relative_error,3.221664112954146e-05
fixed_anchor_full_fd.rows[11].analytic_vs_full.cosine_similarity,0.9999999999388801
fixed_anchor_full_fd.rows[11].analytic_vs_full.maximum_absolute_error,0.028227289365418073
fixed_anchor_full_fd.rows[11].analytic_vs_full.changed_scalar_fraction,0.016357421875
fixed_anchor_full_fd.rows[11].source_weight_continuous_fraction,1.0010316494976346
fixed_anchor_full_fd.rows[11].source_position_normal_continuous_fraction,0.030443939847244493
fixed_anchor_full_fd.rows[11].transport_continuous_fraction,0.02978285670362186
fixed_anchor_full_fd.rows[11].detector_continuous_fraction,0.06912903752147612
fixed_anchor_full_fd.rows[11].visibility_transport_topology_fraction,0.0
fixed_anchor_full_fd.rows[11].source_identity_resampling_fraction,0.0
fixed_anchor_full_fd.rows[11].unexplained_residual_fraction,3.2216641129541476e-05
fixed_anchor_full_fd.rows[11].anchor_identity_exact,True
fixed_anchor_full_fd.rows[11].active_union_count,319
fixed_anchor_full_fd.rows[12].category,smooth_visible_surface
fixed_anchor_full_fd.rows[12].parameter,31
fixed_anchor_full_fd.rows[12].epsilon,0.001
fixed_anchor_full_fd.rows[12].analytic_norm,1466.3163859264798
fixed_anchor_full_fd.rows[12].full_fixed_anchor_fd_norm,1462.0283821072094
fixed_anchor_full_fd.rows[12].analytic_vs_full.left_norm,1466.31638592648
fixed_anchor_full_fd.rows[12].analytic_vs_full.right_norm,1462.0283821072096
fixed_anchor_full_fd.rows[12].analytic_vs_full.relative_error,0.0035765553789619715
fixed_anchor_full_fd.rows[12].analytic_vs_full.cosine_similarity,0.9999979112448345
fixed_anchor_full_fd.rows[12].analytic_vs_full.maximum_absolute_error,2.5898762068534324
fixed_anchor_full_fd.rows[12].analytic_vs_full.changed_scalar_fraction,0.024983723958333332
fixed_anchor_full_fd.rows[12].source_weight_continuous_fraction,1.0510143990010332
fixed_anchor_full_fd.rows[12].source_position_normal_continuous_fraction,0.20147775433890103
fixed_anchor_full_fd.rows[12].transport_continuous_fraction,0.24648537834229484
fixed_anchor_full_fd.rows[12].detector_continuous_fraction,0.2752149354307681
fixed_anchor_full_fd.rows[12].visibility_transport_topology_fraction,0.0
fixed_anchor_full_fd.rows[12].source_identity_resampling_fraction,0.0
fixed_anchor_full_fd.rows[12].unexplained_residual_fraction,0.0035765553789619724
fixed_anchor_full_fd.rows[12].anchor_identity_exact,True
fixed_anchor_full_fd.rows[12].active_union_count,319
fixed_anchor_full_fd.rows[13].category,smooth_visible_surface
fixed_anchor_full_fd.rows[13].parameter,31
fixed_anchor_full_fd.rows[13].epsilon,0.0003
fixed_anchor_full_fd.rows[13].analytic_norm,1466.3163859264798
fixed_anchor_full_fd.rows[13].full_fixed_anchor_fd_norm,1465.9187130184575
fixed_anchor_full_fd.rows[13].analytic_vs_full.left_norm,1466.31638592648
fixed_anchor_full_fd.rows[13].analytic_vs_full.right_norm,1465.9187130184578
fixed_anchor_full_fd.rows[13].analytic_vs_full.relative_error,0.00029607729069357523
fixed_anchor_full_fd.rows[13].analytic_vs_full.cosine_similarity,0.9999999929671639
fixed_anchor_full_fd.rows[13].analytic_vs_full.maximum_absolute_error,0.23347606154140976
fixed_anchor_full_fd.rows[13].analytic_vs_full.changed_scalar_fraction,0.024983723958333332
fixed_anchor_full_fd.rows[13].source_weight_continuous_fraction,1.0509060012415394
fixed_anchor_full_fd.rows[13].source_position_normal_continuous_fraction,0.20228020625247325
fixed_anchor_full_fd.rows[13].transport_continuous_fraction,0.24664522972861397
fixed_anchor_full_fd.rows[13].detector_continuous_fraction,0.2751590584730587
fixed_anchor_full_fd.rows[13].visibility_transport_topology_fraction,0.0
fixed_anchor_full_fd.rows[13].source_identity_resampling_fraction,0.0
fixed_anchor_full_fd.rows[13].unexplained_residual_fraction,0.00029607729069357534
fixed_anchor_full_fd.rows[13].anchor_identity_exact,True
fixed_anchor_full_fd.rows[13].active_union_count,319
fixed_anchor_full_fd.rows[14].category,smooth_visible_surface
fixed_anchor_full_fd.rows[14].parameter,31
fixed_anchor_full_fd.rows[14].epsilon,0.0001
fixed_anchor_full_fd.rows[14].analytic_norm,1466.3163859264798
fixed_anchor_full_fd.rows[14].full_fixed_anchor_fd_norm,1466.2721790099963
fixed_anchor_full_fd.rows[14].analytic_vs_full.left_norm,1466.31638592648
fixed_anchor_full_fd.rows[14].analytic_vs_full.right_norm,1466.2721790099965
fixed_anchor_full_fd.rows[14].analytic_vs_full.relative_error,3.288782853546385e-05
fixed_anchor_full_fd.rows[14].analytic_vs_full.cosine_similarity,0.9999999999136843
fixed_anchor_full_fd.rows[14].analytic_vs_full.maximum_absolute_error,0.025943519666952852
fixed_anchor_full_fd.rows[14].analytic_vs_full.changed_scalar_fraction,0.024983723958333332
fixed_anchor_full_fd.rows[14].source_weight_continuous_fraction,1.0508884924890678
fixed_anchor_full_fd.rows[14].source_position_normal_continuous_fraction,0.20230563341971192
fixed_anchor_full_fd.rows[14].transport_continuous_fraction,0.2466832317347885
fixed_anchor_full_fd.rows[14].detector_continuous_fraction,0.2751524847551729
fixed_anchor_full_fd.rows[14].visibility_transport_topology_fraction,0.0
fixed_anchor_full_fd.rows[14].source_identity_resampling_fraction,0.0
fixed_anchor_full_fd.rows[14].unexplained_residual_fraction,3.2887828535463855e-05
fixed_anchor_full_fd.rows[14].anchor_identity_exact,True
fixed_anchor_full_fd.rows[14].active_union_count,319
fixed_anchor_full_fd.best_rows[0].category,deep_interior
fixed_anchor_full_fd.best_rows[0].parameter,17
fixed_anchor_full_fd.best_rows[0].epsilon,0.0001
fixed_anchor_full_fd.best_rows[0].analytic_norm,3.039328940877801
fixed_anchor_full_fd.best_rows[0].full_fixed_anchor_fd_norm,3.039557173823272
fixed_anchor_full_fd.best_rows[0].analytic_vs_full.left_norm,3.039328940877801
fixed_anchor_full_fd.best_rows[0].analytic_vs_full.right_norm,3.039557173823273
fixed_anchor_full_fd.best_rows[0].analytic_vs_full.relative_error,9.753533693291407e-05
fixed_anchor_full_fd.best_rows[0].analytic_vs_full.cosine_similarity,0.9999999980623545
fixed_anchor_full_fd.best_rows[0].analytic_vs_full.maximum_absolute_error,0.00016245910256307283
fixed_anchor_full_fd.best_rows[0].analytic_vs_full.changed_scalar_fraction,0.022054036458333332
fixed_anchor_full_fd.best_rows[0].source_weight_continuous_fraction,0.0929773785960508
fixed_anchor_full_fd.best_rows[0].source_position_normal_continuous_fraction,1.0605486580315386
fixed_anchor_full_fd.best_rows[0].transport_continuous_fraction,0.15521218870159884
fixed_anchor_full_fd.best_rows[0].detector_continuous_fraction,0.10148537204391218
fixed_anchor_full_fd.best_rows[0].visibility_transport_topology_fraction,0.0
fixed_anchor_full_fd.best_rows[0].source_identity_resampling_fraction,0.0
fixed_anchor_full_fd.best_rows[0].unexplained_residual_fraction,9.75353369329141e-05
fixed_anchor_full_fd.best_rows[0].anchor_identity_exact,True
fixed_anchor_full_fd.best_rows[0].active_union_count,319
fixed_anchor_full_fd.best_rows[1].category,high_curvature
fixed_anchor_full_fd.best_rows[1].parameter,5
fixed_anchor_full_fd.best_rows[1].epsilon,0.0001
fixed_anchor_full_fd.best_rows[1].analytic_norm,568.7674459691059
fixed_anchor_full_fd.best_rows[1].full_fixed_anchor_fd_norm,568.7655379321404
fixed_anchor_full_fd.best_rows[1].analytic_vs_full.left_norm,568.7674459691058
fixed_anchor_full_fd.best_rows[1].analytic_vs_full.right_norm,568.7655379321404
fixed_anchor_full_fd.best_rows[1].analytic_vs_full.relative_error,4.188222657022878e-06
fixed_anchor_full_fd.best_rows[1].analytic_vs_full.cosine_similarity,0.9999999999968558
fixed_anchor_full_fd.best_rows[1].analytic_vs_full.maximum_absolute_error,0.0010964689546426598
fixed_anchor_full_fd.best_rows[1].analytic_vs_full.changed_scalar_fraction,0.025797526041666668
fixed_anchor_full_fd.best_rows[1].source_weight_continuous_fraction,0.8997796172236289
fixed_anchor_full_fd.best_rows[1].source_position_normal_continuous_fraction,0.25769957582911796
fixed_anchor_full_fd.best_rows[1].transport_continuous_fraction,0.1724019861913104
fixed_anchor_full_fd.best_rows[1].detector_continuous_fraction,0.32028306173241167
fixed_anchor_full_fd.best_rows[1].visibility_transport_topology_fraction,0.0
fixed_anchor_full_fd.best_rows[1].source_identity_resampling_fraction,0.0
fixed_anchor_full_fd.best_rows[1].unexplained_residual_fraction,4.18822265702288e-06
fixed_anchor_full_fd.best_rows[1].anchor_identity_exact,True
fixed_anchor_full_fd.best_rows[1].active_union_count,319
fixed_anchor_full_fd.best_rows[2].category,occlusion_boundary
fixed_anchor_full_fd.best_rows[2].parameter,8
fixed_anchor_full_fd.best_rows[2].epsilon,0.0001
fixed_anchor_full_fd.best_rows[2].analytic_norm,646.1168386451751
fixed_anchor_full_fd.best_rows[2].full_fixed_anchor_fd_norm,646.107188022293
fixed_anchor_full_fd.best_rows[2].analytic_vs_full.left_norm,646.1168386451752
fixed_anchor_full_fd.best_rows[2].analytic_vs_full.right_norm,646.107188022293
fixed_anchor_full_fd.best_rows[2].analytic_vs_full.relative_error,1.857618998034816e-05
fixed_anchor_full_fd.best_rows[2].analytic_vs_full.cosine_similarity,0.9999999999390131
fixed_anchor_full_fd.best_rows[2].analytic_vs_full.maximum_absolute_error,0.004475152283959005
fixed_anchor_full_fd.best_rows[2].analytic_vs_full.changed_scalar_fraction,0.0166015625
fixed_anchor_full_fd.best_rows[2].source_weight_continuous_fraction,1.0808378086800972
fixed_anchor_full_fd.best_rows[2].source_position_normal_continuous_fraction,0.4282374985942952
fixed_anchor_full_fd.best_rows[2].transport_continuous_fraction,0.6744485287358845
fixed_anchor_full_fd.best_rows[2].detector_continuous_fraction,0.5945045705155548
fixed_anchor_full_fd.best_rows[2].visibility_transport_topology_fraction,0.0
fixed_anchor_full_fd.best_rows[2].source_identity_resampling_fraction,0.0
fixed_anchor_full_fd.best_rows[2].unexplained_residual_fraction,1.857618998034816e-05
fixed_anchor_full_fd.best_rows[2].anchor_identity_exact,True
fixed_anchor_full_fd.best_rows[2].active_union_count,319
fixed_anchor_full_fd.best_rows[3].category,silhouette
fixed_anchor_full_fd.best_rows[3].parameter,18
fixed_anchor_full_fd.best_rows[3].epsilon,0.0001
fixed_anchor_full_fd.best_rows[3].analytic_norm,1702.160225435754
fixed_anchor_full_fd.best_rows[3].full_fixed_anchor_fd_norm,1702.108719552919
fixed_anchor_full_fd.best_rows[3].analytic_vs_full.left_norm,1702.1602254357545
fixed_anchor_full_fd.best_rows[3].analytic_vs_full.right_norm,1702.108719552919
fixed_anchor_full_fd.best_rows[3].analytic_vs_full.relative_error,3.221664112954146e-05
fixed_anchor_full_fd.best_rows[3].analytic_vs_full.cosine_similarity,0.9999999999388801
fixed_anchor_full_fd.best_rows[3].analytic_vs_full.maximum_absolute_error,0.028227289365418073
fixed_anchor_full_fd.best_rows[3].analytic_vs_full.changed_scalar_fraction,0.016357421875
fixed_anchor_full_fd.best_rows[3].source_weight_continuous_fraction,1.0010316494976346
fixed_anchor_full_fd.best_rows[3].source_position_normal_continuous_fraction,0.030443939847244493
fixed_anchor_full_fd.best_rows[3].transport_continuous_fraction,0.02978285670362186
fixed_anchor_full_fd.best_rows[3].detector_continuous_fraction,0.06912903752147612
fixed_anchor_full_fd.best_rows[3].visibility_transport_topology_fraction,0.0
fixed_anchor_full_fd.best_rows[3].source_identity_resampling_fraction,0.0
fixed_anchor_full_fd.best_rows[3].unexplained_residual_fraction,3.2216641129541476e-05
fixed_anchor_full_fd.best_rows[3].anchor_identity_exact,True
fixed_anchor_full_fd.best_rows[3].active_union_count,319
fixed_anchor_full_fd.best_rows[4].category,smooth_visible_surface
fixed_anchor_full_fd.best_rows[4].parameter,31
fixed_anchor_full_fd.best_rows[4].epsilon,0.0001
fixed_anchor_full_fd.best_rows[4].analytic_norm,1466.3163859264798
fixed_anchor_full_fd.best_rows[4].full_fixed_anchor_fd_norm,1466.2721790099963
fixed_anchor_full_fd.best_rows[4].analytic_vs_full.left_norm,1466.31638592648
fixed_anchor_full_fd.best_rows[4].analytic_vs_full.right_norm,1466.2721790099965
fixed_anchor_full_fd.best_rows[4].analytic_vs_full.relative_error,3.288782853546385e-05
fixed_anchor_full_fd.best_rows[4].analytic_vs_full.cosine_similarity,0.9999999999136843
fixed_anchor_full_fd.best_rows[4].analytic_vs_full.maximum_absolute_error,0.025943519666952852
fixed_anchor_full_fd.best_rows[4].analytic_vs_full.changed_scalar_fraction,0.024983723958333332
fixed_anchor_full_fd.best_rows[4].source_weight_continuous_fraction,1.0508884924890678
fixed_anchor_full_fd.best_rows[4].source_position_normal_continuous_fraction,0.20230563341971192
fixed_anchor_full_fd.best_rows[4].transport_continuous_fraction,0.2466832317347885
fixed_anchor_full_fd.best_rows[4].detector_continuous_fraction,0.2751524847551729
fixed_anchor_full_fd.best_rows[4].visibility_transport_topology_fraction,0.0
fixed_anchor_full_fd.best_rows[4].source_identity_resampling_fraction,0.0
fixed_anchor_full_fd.best_rows[4].unexplained_residual_fraction,3.2887828535463855e-05
fixed_anchor_full_fd.best_rows[4].anchor_identity_exact,True
fixed_anchor_full_fd.best_rows[4].active_union_count,319
fixed_anchor_full_fd.response_rows[0].category,deep_interior
fixed_anchor_full_fd.response_rows[0].parameter,17
fixed_anchor_full_fd.response_rows[0].delta,0.001
fixed_anchor_full_fd.response_rows[0].full_fixed_anchor_response_norm,3.0610111340743242
fixed_anchor_full_fd.response_rows[0].changed_anchor_identity_count,0
fixed_anchor_full_fd.response_rows[0].before_identity_digest,d7c2866f911c21d6ef9dd404b53dd7516860ff6b088a5135b3b71c81442c0c9e
fixed_anchor_full_fd.response_rows[0].after_identity_digest,d7c2866f911c21d6ef9dd404b53dd7516860ff6b088a5135b3b71c81442c0c9e
fixed_anchor_full_fd.response_rows[1].category,high_curvature
fixed_anchor_full_fd.response_rows[1].parameter,5
fixed_anchor_full_fd.response_rows[1].delta,0.001
fixed_anchor_full_fd.response_rows[1].full_fixed_anchor_response_norm,568.5767130103807
fixed_anchor_full_fd.response_rows[1].changed_anchor_identity_count,0
fixed_anchor_full_fd.response_rows[1].before_identity_digest,d7c2866f911c21d6ef9dd404b53dd7516860ff6b088a5135b3b71c81442c0c9e
fixed_anchor_full_fd.response_rows[1].after_identity_digest,d7c2866f911c21d6ef9dd404b53dd7516860ff6b088a5135b3b71c81442c0c9e
fixed_anchor_full_fd.response_rows[2].category,occlusion_boundary
fixed_anchor_full_fd.response_rows[2].parameter,8
fixed_anchor_full_fd.response_rows[2].delta,0.001
fixed_anchor_full_fd.response_rows[2].full_fixed_anchor_response_norm,645.9046676818297
fixed_anchor_full_fd.response_rows[2].changed_anchor_identity_count,0
fixed_anchor_full_fd.response_rows[2].before_identity_digest,d7c2866f911c21d6ef9dd404b53dd7516860ff6b088a5135b3b71c81442c0c9e
fixed_anchor_full_fd.response_rows[2].after_identity_digest,d7c2866f911c21d6ef9dd404b53dd7516860ff6b088a5135b3b71c81442c0c9e
fixed_anchor_full_fd.response_rows[3].category,silhouette
fixed_anchor_full_fd.response_rows[3].parameter,18
fixed_anchor_full_fd.response_rows[3].delta,0.001
fixed_anchor_full_fd.response_rows[3].full_fixed_anchor_response_norm,1697.0829831086426
fixed_anchor_full_fd.response_rows[3].changed_anchor_identity_count,0
fixed_anchor_full_fd.response_rows[3].before_identity_digest,d7c2866f911c21d6ef9dd404b53dd7516860ff6b088a5135b3b71c81442c0c9e
fixed_anchor_full_fd.response_rows[3].after_identity_digest,d7c2866f911c21d6ef9dd404b53dd7516860ff6b088a5135b3b71c81442c0c9e
fixed_anchor_full_fd.response_rows[4].category,smooth_visible_surface
fixed_anchor_full_fd.response_rows[4].parameter,31
fixed_anchor_full_fd.response_rows[4].delta,0.001
fixed_anchor_full_fd.response_rows[4].full_fixed_anchor_response_norm,1462.0283821072094
fixed_anchor_full_fd.response_rows[4].changed_anchor_identity_count,0
fixed_anchor_full_fd.response_rows[4].before_identity_digest,d7c2866f911c21d6ef9dd404b53dd7516860ff6b088a5135b3b71c81442c0c9e
fixed_anchor_full_fd.response_rows[4].after_identity_digest,d7c2866f911c21d6ef9dd404b53dd7516860ff6b088a5135b3b71c81442c0c9e
fixed_anchor_full_fd.identity_digest,d7c2866f911c21d6ef9dd404b53dd7516860ff6b088a5135b3b71c81442c0c9e
fixed_anchor_full_fd.source_resampling_fraction_before_v085,0.9999959131298454
fixed_anchor_full_fd.source_resampling_fraction_after_v086,0.0
fixed_anchor_full_fd.absolute_reduction,0.9999959131298454
fixed_anchor_full_fd.relative_reduction,1.0
packet_radius_independence_crosscheck.epsilon_s_over_packet_radius,0.7635229423932003
packet_radius_independence_crosscheck.epsilon_s_fixed,0.018750000000000003
packet_radius_independence_crosscheck.packet_radius_primary,0.02455721885871518
packet_radius_independence_crosscheck.packet_radius_control,0.01227860942935759
packet_radius_independence_crosscheck.image_mse_primary_vs_half_radius,0.0005805556142686035
image_fidelity.rows[0].resolution[0],256
image_fidelity.rows[0].resolution[1],256
image_fidelity.rows[0].variant,historical_dynamic_finite_packet
image_fidelity.rows[0].whole_image_mse,0.05341718470056852
image_fidelity.rows[0].foreground_mse,0.2369931547077565
image_fidelity.rows[0].interior_gt8px_mse,0.03601072976986567
image_fidelity.rows[0].silhouette_0_8px_mse,0.14222699364028404
image_fidelity.rows[0].total_image_energy,447065.1640625
image_fidelity.rows[0].foreground_mean_brightness,0.8993561820905122
image_fidelity.rows[0].edge_sharpness,0.6292084313369317
image_fidelity.rows[0].reference_edge_sharpness,0.7208442552609092
image_fidelity.rows[0].edge_sharpness_ratio,0.8728770837040104
image_fidelity.rows[0].thin_feature_response_ratio,0.9059895746665356
image_fidelity.rows[1].resolution[0],256
image_fidelity.rows[1].resolution[1],256
image_fidelity.rows[1].variant,fixed_anchor_continuous_projected
image_fidelity.rows[1].whole_image_mse,4.276414155960083
image_fidelity.rows[1].foreground_mse,14.215981436662943
image_fidelity.rows[1].interior_gt8px_mse,3.1560338338216147
image_fidelity.rows[1].silhouette_0_8px_mse,11.386249851878185
image_fidelity.rows[1].total_image_energy,3105165.25
image_fidelity.rows[1].foreground_mean_brightness,0.6891447269834083
image_fidelity.rows[1].edge_sharpness,0.8476948187427764
image_fidelity.rows[1].reference_edge_sharpness,0.7208442552609092
image_fidelity.rows[1].edge_sharpness_ratio,1.1759749939825124
image_fidelity.rows[1].thin_feature_response_ratio,0.40597995873752735
image_fidelity.rows[2].resolution[0],512
image_fidelity.rows[2].resolution[1],512
image_fidelity.rows[2].variant,historical_dynamic_finite_packet
image_fidelity.rows[2].whole_image_mse,0.14748083551724753
image_fidelity.rows[2].foreground_mse,1.5995013293287548
image_fidelity.rows[2].interior_gt8px_mse,0.0
image_fidelity.rows[2].silhouette_0_8px_mse,0.46047732220240434
image_fidelity.rows[2].total_image_energy,6036134.625
image_fidelity.rows[2].foreground_mean_brightness,2.19837446516551
image_fidelity.rows[2].edge_sharpness,0.9366166682544541
image_fidelity.rows[2].reference_edge_sharpness,1.0931831941213437
image_fidelity.rows[2].edge_sharpness_ratio,0.8567792418426892
image_fidelity.rows[2].thin_feature_response_ratio,0.9610169550662312
image_fidelity.rows[3].resolution[0],512
image_fidelity.rows[3].resolution[1],512
image_fidelity.rows[3].variant,fixed_anchor_continuous_projected
image_fidelity.rows[3].whole_image_mse,17.65241018931071
image_fidelity.rows[3].foreground_mse,72.94443582503284
image_fidelity.rows[3].interior_gt8px_mse,0.0
image_fidelity.rows[3].silhouette_0_8px_mse,55.05382786042394
image_fidelity.rows[3].total_image_energy,49536142.0
image_fidelity.rows[3].foreground_mean_brightness,0.7550556485374582
image_fidelity.rows[3].edge_sharpness,1.0183326064322904
image_fidelity.rows[3].reference_edge_sharpness,1.0931831941213437
image_fidelity.rows[3].edge_sharpness_ratio,0.9315296941157103
image_fidelity.rows[3].thin_feature_response_ratio,0.1479860283289021
image_fidelity.rows[4].resolution[0],256
image_fidelity.rows[4].resolution[1],256
image_fidelity.rows[4].variant,fixed_anchor_continuous_raw_position
image_fidelity.rows[4].whole_image_mse,4.225721041361491
image_fidelity.rows[4].foreground_mse,14.092911004016743
image_fidelity.rows[4].interior_gt8px_mse,3.1560338338216147
image_fidelity.rows[4].silhouette_0_8px_mse,11.251275328830431
image_fidelity.rows[4].total_image_energy,3052936.125
image_fidelity.rows[4].foreground_mean_brightness,0.6735860475972876
image_fidelity.rows[4].edge_sharpness,0.8337807751427682
image_fidelity.rows[4].reference_edge_sharpness,0.7208442552609092
image_fidelity.rows[4].edge_sharpness_ratio,1.1566725670040634
image_fidelity.rows[4].thin_feature_response_ratio,0.39643899430679447
image_fidelity.rows[5].resolution[0],256
image_fidelity.rows[5].resolution[1],256
image_fidelity.rows[5].variant,fixed_anchor_hard_shell
image_fidelity.rows[5].whole_image_mse,2.6681902408599854
image_fidelity.rows[5].foreground_mse,8.945621812555709
image_fidelity.rows[5].interior_gt8px_mse,3.1560338338216147
image_fidelity.rows[5].silhouette_0_8px_mse,7.104229301034313
image_fidelity.rows[5].total_image_energy,1831548.03125
image_fidelity.rows[5].foreground_mean_brightness,0.6681280010105327
image_fidelity.rows[5].edge_sharpness,0.8120855200923265
image_fidelity.rows[5].reference_edge_sharpness,0.7208442552609092
image_fidelity.rows[5].edge_sharpness_ratio,1.1265755593743236
image_fidelity.rows[5].thin_feature_response_ratio,0.38404847640713635
small_geometry_optimization.run,False
small_geometry_optimization.reason,set after prerequisite audit
birth_experiment_run,False
performance.total_latent_anchors,32768
performance.active_weighted_anchors,810
performance.active_fraction,0.02471923828125
performance.epsilon_s_over_h_s,0.25
performance.epsilon_s_over_packet_radius,0.7635229423932003
performance.source_evaluations_per_second,192593.9739892776
performance.packets_per_second,770375.8959571104
performance.interaction_evaluations_per_second,31400152.882308483
performance.main_render_seconds,0.17014031810685992
performance.peak_allocated_mib,433.1337890625
performance.peak_reserved_mib,618.0
performance.cpu_peak_rss_mib,1941.03125
performance.chunk_size,256
performance.full_dense_jacobian_materialized,False
commands.formal,PYTHONPATH=src python demo.py --continuous-source-field --bunny-mesh data/stanford_bunny/cache/bun_zipper.ply --bunny-artifacts artifacts --bunny-figures figures --render-output render_res
commands.compile,python -m py_compile demo.py src/zlt/continuous_source.py
commands.historical_regression,python demo.py --verify
limitations[0],"the volume-shell source measure is algorithmic, not calibrated physical radiometry"
limitations[1],finite Sobol anchors retain integration variance at very narrow widths
limitations[2],one-step projection is continuous but not an exact root solve
limitations[3],compact-support culling skips exact zero terms only and does not alter latent identity
limitations[4],no optimization or birth result is reported unless all prerequisite gates pass
verdicts.FIXED_LATENT_SOURCE_IMPLEMENTED,True
verdicts.SOURCE_IDENTITY_FIXED,True
verdicts.SOURCE_LEVELSET_SCALE_INVARIANT,True
verdicts.SOURCE_MEASURE_DERIVED,True
verdicts.SOURCE_SAMPLE_COUNT_INVARIANT,True
verdicts.SOURCE_ENERGY_LINEAR,True
verdicts.SOURCE_PROJECTION_CONTINUOUS,True
verdicts.SOURCE_PROJECTION_ACCURATE_ENOUGH,True
verdicts.HARD_SOURCE_ACTIVATION_DISCONTINUITY_CONFIRMED,True
verdicts.CONTINUOUS_SOURCE_VALUE_CONTINUOUS,True
verdicts.CONTINUOUS_SOURCE_GRADIENT_CONTINUOUS,True
verdicts.NARROW_SOURCE_COVERAGE_ACCEPTABLE,True
verdicts.VERY_NARROW_SOURCE_VARIANCE_ACCEPTABLE,False
verdicts.SOURCE_MASS_STABLE,True
verdicts.SOURCE_MC_VARIANCE_ACCEPTABLE,False
verdicts.SOURCE_GRADIENT_FD_ACCEPTABLE,True
verdicts.SOURCE_RESAMPLING_TOPOLOGY_REMOVED,True
verdicts.FULL_RERENDER_MISMATCH_MATERIALLY_REDUCED,True
verdicts.FULL_RERENDER_TOPOLOGY_FRACTION_REDUCED,True
verdicts.GEOMETRY_SIGNAL_PRESERVED,True
verdicts.GEOMETRY_BANDWIDTH_PRESERVED,False
verdicts.SMALL_GEOMETRY_OPTIMIZATION_READY,False
verdicts.HIGH_RES_BIRTH_READY_TO_RETEST,False
verdict_evidence.identity_digest_before,7c2e81a844e02bccdb0717307eb3597e460c028a5bba84ffc3ba464e9a249a4f
verdict_evidence.identity_digest_after,7c2e81a844e02bccdb0717307eb3597e460c028a5bba84ffc3ba464e9a249a4f
verdict_evidence.source_scale_max_error,6.195044477408373e-14
verdict_evidence.sample_count_mass_relative_error_2N_vs_4N,0.029012769045708018
verdict_evidence.energy_linearity_max_error,8.881784197001252e-16
verdict_evidence.projection_position_error_over_epsilon_p95,0.02082992438746562
verdict_evidence.hard_plane_max_jump,0.015625000000000444
verdict_evidence.continuous_plane_max_jump,3.6930914033561635e-06
verdict_evidence.source_birth_continuous_max_jump,0.05553046337228196
verdict_evidence.source_birth_fd_spread,0.4811798957223373
verdict_evidence.selected_zero_support_probability,0.0
verdict_evidence.selected_local_mass_cv,0.4557955559291889
verdict_evidence.very_narrow_zero_support_probability,0.447509765625
verdict_evidence.very_narrow_mass_drift,0.0786859327175948
verdict_evidence.selected_source_mass_drift,0.018976758938564344
verdict_evidence.multiseed_source_mass_cv,0.04083700538142249
verdict_evidence.multiseed_response_cosine,-0.008242108913674691
verdict_evidence.multiseed_response_norm_cv,0.04574462275706833
verdict_evidence.median_full_fd_relative_error,3.221664112954146e-05
verdict_evidence.median_full_fd_cosine,0.9999999999388801
verdict_evidence.source_resampling_fraction_before,0.9999959131298454
verdict_evidence.source_resampling_fraction_after,0.0
verdict_evidence.source_resampling_relative_reduction,1.0
verdict_evidence.selected_vs_wide_geometry_response_ratio,4.364725576809692
verdict_evidence.selected_edge_retention_vs_wide,1.4342243465577165
verdict_evidence.selected_thin_feature_retention_vs_wide,1.8920372259139984
verdict_evidence.selected_edge_retention_vs_hard,1.1759749939825124
verdict_evidence.selected_thin_feature_retention_vs_hard,0.40597995873752735
verdict_evidence.culling_max_error,6.505213034913027e-19
verdict_evidence.by_verdict.FIXED_LATENT_SOURCE_IMPLEMENTED.value,True
verdict_evidence.by_verdict.SOURCE_IDENTITY_FIXED.before,7c2e81a844e02bccdb0717307eb3597e460c028a5bba84ffc3ba464e9a249a4f
verdict_evidence.by_verdict.SOURCE_IDENTITY_FIXED.after,7c2e81a844e02bccdb0717307eb3597e460c028a5bba84ffc3ba464e9a249a4f
verdict_evidence.by_verdict.SOURCE_LEVELSET_SCALE_INVARIANT.observed,6.195044477408373e-14
verdict_evidence.by_verdict.SOURCE_LEVELSET_SCALE_INVARIANT.maximum,2e-10
verdict_evidence.by_verdict.SOURCE_MEASURE_DERIVED.value,True
verdict_evidence.by_verdict.SOURCE_SAMPLE_COUNT_INVARIANT.observed_mass_error,0.029012769045708018
verdict_evidence.by_verdict.SOURCE_SAMPLE_COUNT_INVARIANT.maximum,0.05
verdict_evidence.by_verdict.SOURCE_ENERGY_LINEAR.observed,8.881784197001252e-16
verdict_evidence.by_verdict.SOURCE_ENERGY_LINEAR.maximum,1e-14
verdict_evidence.by_verdict.SOURCE_PROJECTION_CONTINUOUS.value,True
verdict_evidence.by_verdict.SOURCE_PROJECTION_ACCURATE_ENOUGH.p95_position_error_over_epsilon,0.02082992438746562
verdict_evidence.by_verdict.SOURCE_PROJECTION_ACCURATE_ENOUGH.maximum,0.2
verdict_evidence.by_verdict.HARD_SOURCE_ACTIVATION_DISCONTINUITY_CONFIRMED.hard_jump,0.015625000000000444
verdict_evidence.by_verdict.HARD_SOURCE_ACTIVATION_DISCONTINUITY_CONFIRMED.continuous_jump,3.6930914033561635e-06
verdict_evidence.by_verdict.CONTINUOUS_SOURCE_VALUE_CONTINUOUS.continuous_birth_jump,0.05553046337228196
verdict_evidence.by_verdict.CONTINUOUS_SOURCE_VALUE_CONTINUOUS.hard_birth_jump,0.11999988555908203
verdict_evidence.by_verdict.CONTINUOUS_SOURCE_GRADIENT_CONTINUOUS.fd_spread,0.4811798957223373
verdict_evidence.by_verdict.CONTINUOUS_SOURCE_GRADIENT_CONTINUOUS.maximum,0.5
verdict_evidence.by_verdict.NARROW_SOURCE_COVERAGE_ACCEPTABLE.minimum_usable_epsilon_over_h,0.25
verdict_evidence.by_verdict.NARROW_SOURCE_COVERAGE_ACCEPTABLE.selected_epsilon_over_h,0.25
verdict_evidence.by_verdict.NARROW_SOURCE_COVERAGE_ACCEPTABLE.required_selected_maximum,0.5
verdict_evidence.by_verdict.NARROW_SOURCE_COVERAGE_ACCEPTABLE.zero_probability,0.0
verdict_evidence.by_verdict.NARROW_SOURCE_COVERAGE_ACCEPTABLE.maximum_zero,0.01
verdict_evidence.by_verdict.NARROW_SOURCE_COVERAGE_ACCEPTABLE.local_mass_cv,0.4557955559291889
verdict_evidence.by_verdict.NARROW_SOURCE_COVERAGE_ACCEPTABLE.maximum_cv,0.75
verdict_evidence.by_verdict.VERY_NARROW_SOURCE_VARIANCE_ACCEPTABLE.zero_probability,0.447509765625
verdict_evidence.by_verdict.VERY_NARROW_SOURCE_VARIANCE_ACCEPTABLE.mass_drift,0.0786859327175948
verdict_evidence.by_verdict.SOURCE_MASS_STABLE.selected_mass_drift,0.018976758938564344
verdict_evidence.by_verdict.SOURCE_MASS_STABLE.maximum,0.02
verdict_evidence.by_verdict.SOURCE_MC_VARIANCE_ACCEPTABLE.mass_cv,0.04083700538142249
verdict_evidence.by_verdict.SOURCE_MC_VARIANCE_ACCEPTABLE.response_cosine,-0.008242108913674691
verdict_evidence.by_verdict.SOURCE_MC_VARIANCE_ACCEPTABLE.response_norm_cv,0.04574462275706833
verdict_evidence.by_verdict.SOURCE_GRADIENT_FD_ACCEPTABLE.median_relative_error,3.221664112954146e-05
verdict_evidence.by_verdict.SOURCE_GRADIENT_FD_ACCEPTABLE.maximum,0.15
verdict_evidence.by_verdict.SOURCE_RESAMPLING_TOPOLOGY_REMOVED.before,0.9999959131298454
verdict_evidence.by_verdict.SOURCE_RESAMPLING_TOPOLOGY_REMOVED.after,0.0
verdict_evidence.by_verdict.FULL_RERENDER_MISMATCH_MATERIALLY_REDUCED.v085_source_fraction,0.9999959131298454
verdict_evidence.by_verdict.FULL_RERENDER_MISMATCH_MATERIALLY_REDUCED.v086_fd_relative_error,3.221664112954146e-05
verdict_evidence.by_verdict.FULL_RERENDER_TOPOLOGY_FRACTION_REDUCED.relative_reduction,1.0
verdict_evidence.by_verdict.GEOMETRY_SIGNAL_PRESERVED.selected_vs_wide_response_ratio,4.364725576809692
verdict_evidence.by_verdict.GEOMETRY_SIGNAL_PRESERVED.minimum,0.5
verdict_evidence.by_verdict.GEOMETRY_BANDWIDTH_PRESERVED.edge_retention_vs_wide,1.4342243465577165
verdict_evidence.by_verdict.GEOMETRY_BANDWIDTH_PRESERVED.thin_retention_vs_wide,1.8920372259139984
verdict_evidence.by_verdict.GEOMETRY_BANDWIDTH_PRESERVED.minimum_vs_wide,0.95
verdict_evidence.by_verdict.GEOMETRY_BANDWIDTH_PRESERVED.edge_retention_vs_hard,1.1759749939825124
verdict_evidence.by_verdict.GEOMETRY_BANDWIDTH_PRESERVED.thin_retention_vs_hard,0.40597995873752735
verdict_evidence.by_verdict.GEOMETRY_BANDWIDTH_PRESERVED.minimum_vs_hard,0.8
verdict_evidence.by_verdict.SMALL_GEOMETRY_OPTIMIZATION_READY.prerequisites[0],SOURCE_LEVELSET_SCALE_INVARIANT
verdict_evidence.by_verdict.SMALL_GEOMETRY_OPTIMIZATION_READY.prerequisites[1],SOURCE_IDENTITY_FIXED
verdict_evidence.by_verdict.SMALL_GEOMETRY_OPTIMIZATION_READY.prerequisites[2],SOURCE_SAMPLE_COUNT_INVARIANT
verdict_evidence.by_verdict.SMALL_GEOMETRY_OPTIMIZATION_READY.prerequisites[3],NARROW_SOURCE_COVERAGE_ACCEPTABLE
verdict_evidence.by_verdict.SMALL_GEOMETRY_OPTIMIZATION_READY.prerequisites[4],SOURCE_GRADIENT_FD_ACCEPTABLE
verdict_evidence.by_verdict.SMALL_GEOMETRY_OPTIMIZATION_READY.prerequisites[5],SOURCE_RESAMPLING_TOPOLOGY_REMOVED
verdict_evidence.by_verdict.SMALL_GEOMETRY_OPTIMIZATION_READY.prerequisites[6],FULL_RERENDER_MISMATCH_MATERIALLY_REDUCED
verdict_evidence.by_verdict.SMALL_GEOMETRY_OPTIMIZATION_READY.prerequisites[7],SOURCE_MC_VARIANCE_ACCEPTABLE
verdict_evidence.by_verdict.SMALL_GEOMETRY_OPTIMIZATION_READY.prerequisites[8],GEOMETRY_BANDWIDTH_PRESERVED
verdict_evidence.by_verdict.SMALL_GEOMETRY_OPTIMIZATION_READY.failed[0],SOURCE_MC_VARIANCE_ACCEPTABLE
verdict_evidence.by_verdict.SMALL_GEOMETRY_OPTIMIZATION_READY.failed[1],GEOMETRY_BANDWIDTH_PRESERVED
verdict_evidence.by_verdict.HIGH_RES_BIRTH_READY_TO_RETEST.small_optimization_validated,False
verdict_evidence.by_verdict.HIGH_RES_BIRTH_READY_TO_RETEST.birth_run,False
PRIMARY_SOURCE,UNRESOLVED
runtime_seconds,51.3326823040843
figures[0],figures/v086_source_operator_concept.png
figures[1],figures/v086_plane_source_translation.png
figures[2],figures/v086_sphere_source_integral.png
figures[3],figures/v086_source_birth_transition.png
figures[4],figures/v086_epsilon_anchor_density_tradeoff.png
figures[5],figures/v086_surface_anchor_coverage.png
figures[6],figures/v086_source_mass_vs_epsilon.png
figures[7],figures/v086_source_sample_convergence.png
figures[8],figures/v086_multiseed_source_variance.png
figures[9],figures/v086_source_projection_error.png
figures[10],figures/v086_geometry_response_vs_width.png
figures[11],figures/v086_full_fd_comparison.png
figures[12],figures/v086_topology_fraction_before_after.png
figures[13],figures/v086_historical_vs_continuous_source_rgb.png
render_comparison,render_res/v086_historical_vs_continuous_source_rgb.png
artifacts.json,artifacts/v086_continuous_source_field.json
artifacts.csv,artifacts/v086_continuous_source_field.csv
