metric,value
version,0.8.7
scope,parameter-attached fixed latent 2D projected-geodesic source charts; algorithmic source measure
configuration.dictionary_count,128
configuration.main_k,64
configuration.k_counts[0],32
configuration.k_counts[1],64
configuration.k_counts[2],128
configuration.main_m,32
configuration.m_counts[0],8
configuration.m_counts[1],16
configuration.m_counts[2],32
configuration.m_counts[3],64
configuration.m_counts[4],128
configuration.chart_radius_ratios[0],0.25
configuration.chart_radius_ratios[1],0.5
configuration.chart_radius_ratios[2],1.0
configuration.chart_radius_ratios[3],1.5
configuration.selected_chart_radius_ratio,1.0
configuration.geodesic_steps,4
configuration.support_margin_ratio,0.08
configuration.reference_surface_samples,4096
configuration.views,4
configuration.resolution,256
configuration.higher_resolution,512
configuration.diagnostic_resolution,64
configuration.multiseed_resolution,64
configuration.seed,101
configuration.seeds[0],101
configuration.seeds[1],211
configuration.seeds[2],307
configuration.seeds[3],401
configuration.seeds[4],503
configuration.seeds[5],601
configuration.seeds[6],701
configuration.seeds[7],809
configuration.micro_samples,4
configuration.fd_micro_samples,1
configuration.fd_m,8
configuration.fd_epsilons[0],0.001
configuration.fd_epsilons[1],0.0003
configuration.fd_epsilons[2],0.0001
configuration.response_delta,0.001
configuration.detector_extent,2.8
configuration.sensor_gain,1.5
configuration.ambient,0.35
configuration.emission_transition_width,0.05
configuration.source_chunk_size,256
configuration.packet_radius_over_surface_h,1.0
configuration.packet_shell_over_radius,1.0
configuration.packet_step_over_epsilon,0.5
configuration.target_crossing_transmission,0.01
configuration.launch_exclusion_factor,1.05
configuration.soft_pou_delta,0.001
configuration.reserve_fraction,0.05
configuration.reserve_anchor_count,4096
configuration.frame_jump_maximum_radians,0.05
configuration.topology_position_jump_maximum,0.01
configuration.mass_cv_maximum,0.08
configuration.response_cosine_minimum,0.2
configuration.density_brightness_maximum,0.05
configuration.birth_jump_maximum,0.05
configuration.coverage_zero_maximum,0.01
configuration.fd_relative_maximum,0.02
configuration.thin_feature_target,0.75
environment.available,True
environment.gpu,Quadro RTX 5000
environment.vram_mib,15904.875
environment.pytorch,2.5.1+cu124
environment.pytorch_cuda,12.4
geometry_parameterization.current_k,64
geometry_parameterization.master_dictionary_k,128
geometry_parameterization.center_definition,"nested reference surface points, fixed in world space"
geometry_parameterization.basis,Wendland C2 B_k=(1-q)_+^4(4q+1)
geometry_parameterization.support_radius_rule,0.45*sqrt(32/level_prefix_stop)
geometry_parameterization.basis_radius_unique[0],0.225
geometry_parameterization.basis_radius_unique[1],0.3181980515339464
geometry_parameterization.basis_radius_unique[2],0.45
geometry_parameterization.center_zero_set_residual_maximum,3.9594528122768174e-10
geometry_parameterization.center_zero_set_residual_median,6.895525817007808e-17
geometry_parameterization.coefficients_are_source_amplitudes,False
chart_definition.identity,"(geometry_basis_id k, fixed Sobol disk id m, rho_m, theta_m)"
chart_definition.identity_digest,5924bd066955b903b87ced0f1c5d7bb1acabf2287a6678d38b5bd78d0f416aaf
chart_definition.k,64
chart_definition.m,32
chart_definition.total_latent_samples,2048
chart_definition.sobol_dimensions,2
chart_definition.scrambled,True
chart_definition.seed_rule,seed+104729*k
chart_definition.proper_disk_area_sampling,"rho=sqrt(u0), theta=2*pi*u1"
chart_definition.chart_radius_over_basis_radius,1.0
chart_definition.chart_radius_minimum,0.3181980515339464
chart_definition.chart_radius_maximum,0.45
chart_definition.chart_radii_by_id[0],0.45
chart_definition.chart_radii_by_id[1],0.45
chart_definition.chart_radii_by_id[2],0.45
chart_definition.chart_radii_by_id[3],0.45
chart_definition.chart_radii_by_id[4],0.45
chart_definition.chart_radii_by_id[5],0.45
chart_definition.chart_radii_by_id[6],0.45
chart_definition.chart_radii_by_id[7],0.45
chart_definition.chart_radii_by_id[8],0.45
chart_definition.chart_radii_by_id[9],0.45
chart_definition.chart_radii_by_id[10],0.45
chart_definition.chart_radii_by_id[11],0.45
chart_definition.chart_radii_by_id[12],0.45
chart_definition.chart_radii_by_id[13],0.45
chart_definition.chart_radii_by_id[14],0.45
chart_definition.chart_radii_by_id[15],0.45
chart_definition.chart_radii_by_id[16],0.45
chart_definition.chart_radii_by_id[17],0.45
chart_definition.chart_radii_by_id[18],0.45
chart_definition.chart_radii_by_id[19],0.45
chart_definition.chart_radii_by_id[20],0.45
chart_definition.chart_radii_by_id[21],0.45
chart_definition.chart_radii_by_id[22],0.45
chart_definition.chart_radii_by_id[23],0.45
chart_definition.chart_radii_by_id[24],0.45
chart_definition.chart_radii_by_id[25],0.45
chart_definition.chart_radii_by_id[26],0.45
chart_definition.chart_radii_by_id[27],0.45
chart_definition.chart_radii_by_id[28],0.45
chart_definition.chart_radii_by_id[29],0.45
chart_definition.chart_radii_by_id[30],0.45
chart_definition.chart_radii_by_id[31],0.45
chart_definition.chart_radii_by_id[32],0.3181980515339464
chart_definition.chart_radii_by_id[33],0.3181980515339464
chart_definition.chart_radii_by_id[34],0.3181980515339464
chart_definition.chart_radii_by_id[35],0.3181980515339464
chart_definition.chart_radii_by_id[36],0.3181980515339464
chart_definition.chart_radii_by_id[37],0.3181980515339464
chart_definition.chart_radii_by_id[38],0.3181980515339464
chart_definition.chart_radii_by_id[39],0.3181980515339464
chart_definition.chart_radii_by_id[40],0.3181980515339464
chart_definition.chart_radii_by_id[41],0.3181980515339464
chart_definition.chart_radii_by_id[42],0.3181980515339464
chart_definition.chart_radii_by_id[43],0.3181980515339464
chart_definition.chart_radii_by_id[44],0.3181980515339464
chart_definition.chart_radii_by_id[45],0.3181980515339464
chart_definition.chart_radii_by_id[46],0.3181980515339464
chart_definition.chart_radii_by_id[47],0.3181980515339464
chart_definition.chart_radii_by_id[48],0.3181980515339464
chart_definition.chart_radii_by_id[49],0.3181980515339464
chart_definition.chart_radii_by_id[50],0.3181980515339464
chart_definition.chart_radii_by_id[51],0.3181980515339464
chart_definition.chart_radii_by_id[52],0.3181980515339464
chart_definition.chart_radii_by_id[53],0.3181980515339464
chart_definition.chart_radii_by_id[54],0.3181980515339464
chart_definition.chart_radii_by_id[55],0.3181980515339464
chart_definition.chart_radii_by_id[56],0.3181980515339464
chart_definition.chart_radii_by_id[57],0.3181980515339464
chart_definition.chart_radii_by_id[58],0.3181980515339464
chart_definition.chart_radii_by_id[59],0.3181980515339464
chart_definition.chart_radii_by_id[60],0.3181980515339464
chart_definition.chart_radii_by_id[61],0.3181980515339464
chart_definition.chart_radii_by_id[62],0.3181980515339464
chart_definition.chart_radii_by_id[63],0.3181980515339464
chart_definition.frozen_reference_area_corrections_by_id[0],0.07766166921468767
chart_definition.frozen_reference_area_corrections_by_id[1],0.2218904834705362
chart_definition.frozen_reference_area_corrections_by_id[2],0.07988057404939303
chart_definition.frozen_reference_area_corrections_by_id[3],0.19970143512348257
chart_definition.frozen_reference_area_corrections_by_id[4],0.2152337689664201
chart_definition.frozen_reference_area_corrections_by_id[5],0.14422881425584852
chart_definition.frozen_reference_area_corrections_by_id[6],0.3017710575199292
chart_definition.frozen_reference_area_corrections_by_id[7],0.03550247735528579
chart_definition.frozen_reference_area_corrections_by_id[8],0.019970143512348257
chart_definition.frozen_reference_area_corrections_by_id[9],0.1752934819417236
chart_definition.frozen_reference_area_corrections_by_id[10],0.12425867074350028
chart_definition.frozen_reference_area_corrections_by_id[11],0.08431838371880375
chart_definition.frozen_reference_area_corrections_by_id[12],0.09319400305762521
chart_definition.frozen_reference_area_corrections_by_id[13],0.2152337689664201
chart_definition.frozen_reference_area_corrections_by_id[14],0.14866662392525926
chart_definition.frozen_reference_area_corrections_by_id[15],0.13091538524761637
chart_definition.frozen_reference_area_corrections_by_id[16],0.044378096694107236
chart_definition.frozen_reference_area_corrections_by_id[17],0.17085567227231288
chart_definition.frozen_reference_area_corrections_by_id[18],0.104288527231152
chart_definition.frozen_reference_area_corrections_by_id[19],0.38165163156932225
chart_definition.frozen_reference_area_corrections_by_id[20],0.046597001528812604
chart_definition.frozen_reference_area_corrections_by_id[21],0.11538305140467882
chart_definition.frozen_reference_area_corrections_by_id[22],0.022189048347053618
chart_definition.frozen_reference_area_corrections_by_id[23],0.07766166921468767
chart_definition.frozen_reference_area_corrections_by_id[24],0.1508855287599646
chart_definition.frozen_reference_area_corrections_by_id[25],0.10650743206585737
chart_definition.frozen_reference_area_corrections_by_id[26],0.13091538524761637
chart_definition.frozen_reference_area_corrections_by_id[27],0.12647757557820563
chart_definition.frozen_reference_area_corrections_by_id[28],0.09763181272703593
chart_definition.frozen_reference_area_corrections_by_id[29],0.11760195623938419
chart_definition.frozen_reference_area_corrections_by_id[30],0.1109452417352681
chart_definition.frozen_reference_area_corrections_by_id[31],0.09319400305762521
chart_definition.frozen_reference_area_corrections_by_id[32],0.12425867074350028
chart_definition.frozen_reference_area_corrections_by_id[33],0.09985071756174128
chart_definition.frozen_reference_area_corrections_by_id[34],0.16198005293349144
chart_definition.frozen_reference_area_corrections_by_id[35],0.1508855287599646
chart_definition.frozen_reference_area_corrections_by_id[36],0.12869648041291099
chart_definition.frozen_reference_area_corrections_by_id[37],0.07766166921468767
chart_definition.frozen_reference_area_corrections_by_id[38],0.048815906363517965
chart_definition.frozen_reference_area_corrections_by_id[39],0.13757209975173243
chart_definition.frozen_reference_area_corrections_by_id[40],0.25517405599111664
chart_definition.frozen_reference_area_corrections_by_id[41],0.16198005293349144
chart_definition.frozen_reference_area_corrections_by_id[42],0.1508855287599646
chart_definition.frozen_reference_area_corrections_by_id[43],0.18416910128054503
chart_definition.frozen_reference_area_corrections_by_id[44],0.14866662392525926
chart_definition.frozen_reference_area_corrections_by_id[45],0.14200990942114317
chart_definition.frozen_reference_area_corrections_by_id[46],0.2041392447928933
chart_definition.frozen_reference_area_corrections_by_id[47],0.13091538524761637
chart_definition.frozen_reference_area_corrections_by_id[48],0.03772138218999115
chart_definition.frozen_reference_area_corrections_by_id[49],0.1641989577681968
chart_definition.frozen_reference_area_corrections_by_id[50],0.22410938830524155
chart_definition.frozen_reference_area_corrections_by_id[51],0.16641786260290214
chart_definition.frozen_reference_area_corrections_by_id[52],0.15532333842937535
chart_definition.frozen_reference_area_corrections_by_id[53],0.10872633690056274
chart_definition.frozen_reference_area_corrections_by_id[54],0.10206962239644665
chart_definition.frozen_reference_area_corrections_by_id[55],0.09985071756174128
chart_definition.frozen_reference_area_corrections_by_id[56],0.17085567227231288
chart_definition.frozen_reference_area_corrections_by_id[57],0.27070638983405415
chart_definition.frozen_reference_area_corrections_by_id[58],0.24851734148700055
chart_definition.frozen_reference_area_corrections_by_id[59],0.12869648041291099
chart_definition.frozen_reference_area_corrections_by_id[60],0.17751238677642894
chart_definition.frozen_reference_area_corrections_by_id[61],0.14200990942114317
chart_definition.frozen_reference_area_corrections_by_id[62],0.15310443359466996
chart_definition.frozen_reference_area_corrections_by_id[63],0.26626858016464344
chart_definition.chart_center_initialization,basis center c_k already on reference zero set; frozen p_k0=c_k
chart_definition.chart_center_update,one scale-aware projection from p_k0
chart_definition.lambda_is_energy,False
tangent_frame_continuity.selected_method,PROJECTED_REFERENCE_DIRECTION
tangent_frame_continuity.reference_frame_initialization,least-aligned axis used once at F0 only
tangent_frame_continuity.rows[0].method,NAIVE_AXIS
tangent_frame_continuity.rows[0].maximum_frame_angular_change,0.0033359294135023566
tangent_frame_continuity.rows[0].median_frame_angular_change,0.0
tangent_frame_continuity.rows[0].maximum_sample_position_change,0.014231663699010503
tangent_frame_continuity.rows[0].median_sample_position_change,0.0
tangent_frame_continuity.rows[0].position_change_per_coefficient,7.115831849505251
tangent_frame_continuity.rows[0].controlled_axis_switch_maximum_jump,1.7400333147561704
tangent_frame_continuity.rows[1].method,MINIMAL_ROTATION
tangent_frame_continuity.rows[1].maximum_frame_angular_change,0.0031268541836511226
tangent_frame_continuity.rows[1].median_frame_angular_change,0.0
tangent_frame_continuity.rows[1].maximum_sample_position_change,0.014231639911252373
tangent_frame_continuity.rows[1].median_sample_position_change,0.0
tangent_frame_continuity.rows[1].position_change_per_coefficient,7.115819955626186
tangent_frame_continuity.rows[2].method,PROJECTED_REFERENCE
tangent_frame_continuity.rows[2].maximum_frame_angular_change,0.0031268458214498245
tangent_frame_continuity.rows[2].median_frame_angular_change,0.0
tangent_frame_continuity.rows[2].maximum_sample_position_change,0.014231626102547544
tangent_frame_continuity.rows[2].median_sample_position_change,0.0
tangent_frame_continuity.rows[2].position_change_per_coefficient,7.115813051273772
tangent_frame_continuity.selected_maximum_frame_angular_change,0.0031268458214498245
tangent_frame_continuity.selected_maximum_sample_position_change,0.014231626102547544
tangent_frame_continuity.naive_control_axis_switch_jump,1.7400333147561704
geodesic_mapping.method,fixed-step projected geodesic walk
geodesic_mapping.steps,4
geodesic_mapping.step_size,rho_m*R_chart/config.geodesic_steps
geodesic_mapping.step_sizes_by_latent_id[0],0.08817430111408278
geodesic_mapping.step_sizes_by_latent_id[1],0.0440290356851119
geodesic_mapping.step_sizes_by_latent_id[2],0.07662889049533951
geodesic_mapping.step_sizes_by_latent_id[3],0.10059802788226707
geodesic_mapping.step_sizes_by_latent_id[4],0.1068381717246025
geodesic_mapping.step_sizes_by_latent_id[5],0.0676554909546805
geodesic_mapping.step_sizes_by_latent_id[6],0.025736865939296184
geodesic_mapping.step_sizes_by_latent_id[7],0.09513457626940747
geodesic_mapping.step_sizes_by_latent_id[8],0.09002648191212885
geodesic_mapping.step_sizes_by_latent_id[9],0.035579484317561326
geodesic_mapping.step_sizes_by_latent_id[10],0.05983534385832691
geodesic_mapping.step_sizes_by_latent_id[11],0.10940844646028895
geodesic_mapping.step_sizes_by_latent_id[12],0.10340918187535536
geodesic_mapping.step_sizes_by_latent_id[13],0.06968468612685225
geodesic_mapping.step_sizes_by_latent_id[14],0.0505978074655016
geodesic_mapping.step_sizes_by_latent_id[15],0.08251949276443578
geodesic_mapping.step_sizes_by_latent_id[16],0.08172549332290477
geodesic_mapping.step_sizes_by_latent_id[17],0.05510813397764223
geodesic_mapping.step_sizes_by_latent_id[18],0.07327901963142078
geodesic_mapping.step_sizes_by_latent_id[19],0.103076837818519
geodesic_mapping.step_sizes_by_latent_id[20],0.11177910299114864
geodesic_mapping.step_sizes_by_latent_id[21],0.059165565533714645
geodesic_mapping.step_sizes_by_latent_id[22],0.03389880067350979
geodesic_mapping.step_sizes_by_latent_id[23],0.09255980222798162
geodesic_mapping.step_sizes_by_latent_id[24],0.09581694991482273
geodesic_mapping.step_sizes_by_latent_id[25],0.013621038963794269
geodesic_mapping.step_sizes_by_latent_id[26],0.06374437320031075
geodesic_mapping.step_sizes_by_latent_id[27],0.10715822441992917
geodesic_mapping.step_sizes_by_latent_id[28],0.09795757492910327
geodesic_mapping.step_sizes_by_latent_id[29],0.07714790316891632
geodesic_mapping.step_sizes_by_latent_id[30],0.04533717035211895
geodesic_mapping.step_sizes_by_latent_id[31],0.08551150024943427
geodesic_mapping.step_sizes_by_latent_id[32],0.08076603623073517
geodesic_mapping.step_sizes_by_latent_id[33],0.072595155894562
geodesic_mapping.step_sizes_by_latent_id[34],0.038702097781697496
geodesic_mapping.step_sizes_by_latent_id[35],0.11053693346706683
geodesic_mapping.step_sizes_by_latent_id[36],0.09842939556342555
geodesic_mapping.step_sizes_by_latent_id[37],0.04590436755080253
geodesic_mapping.step_sizes_by_latent_id[38],0.0682756153990943
geodesic_mapping.step_sizes_by_latent_id[39],0.09515206717707744
geodesic_mapping.step_sizes_by_latent_id[40],0.08914163048132825
geodesic_mapping.step_sizes_by_latent_id[41],0.06041166336037003
geodesic_mapping.step_sizes_by_latent_id[42],0.054928493981836045
geodesic_mapping.step_sizes_by_latent_id[43],0.1024821233697605
geodesic_mapping.step_sizes_by_latent_id[44],0.1054070017778921
geodesic_mapping.step_sizes_by_latent_id[45],0.022044362366349792
geodesic_mapping.step_sizes_by_latent_id[46],0.07861350651821299
geodesic_mapping.step_sizes_by_latent_id[47],0.08565800744560212
geodesic_mapping.step_sizes_by_latent_id[48],0.08752293828893201
geodesic_mapping.step_sizes_by_latent_id[49],0.07559973152844196
geodesic_mapping.step_sizes_by_latent_id[50],0.019013643724871812
geodesic_mapping.step_sizes_by_latent_id[51],0.10850773726544549
geodesic_mapping.step_sizes_by_latent_id[52],0.10404218412568547
geodesic_mapping.step_sizes_by_latent_id[53],0.05051335854737923
geodesic_mapping.step_sizes_by_latent_id[54],0.0593662476284494
geodesic_mapping.step_sizes_by_latent_id[55],0.09278334614893566
geodesic_mapping.step_sizes_by_latent_id[56],0.09582210268509185
geodesic_mapping.step_sizes_by_latent_id[57],0.0632108445707875
geodesic_mapping.step_sizes_by_latent_id[58],0.042198529142890864
geodesic_mapping.step_sizes_by_latent_id[59],0.10077581515739285
geodesic_mapping.step_sizes_by_latent_id[60],0.11111775813351468
geodesic_mapping.step_sizes_by_latent_id[61],0.028856166156324917
geodesic_mapping.step_sizes_by_latent_id[62],0.07031601628809475
geodesic_mapping.step_sizes_by_latent_id[63],0.08361428478737434
geodesic_mapping.step_sizes_by_latent_id[64],0.0696946827553015
geodesic_mapping.step_sizes_by_latent_id[65],0.08781738519867424
geodesic_mapping.step_sizes_by_latent_id[66],0.11070026557893413
geodesic_mapping.step_sizes_by_latent_id[67],0.02666820215418457
geodesic_mapping.step_sizes_by_latent_id[68],0.04196560739250106
geodesic_mapping.step_sizes_by_latent_id[69],0.1038468246541457
geodesic_mapping.step_sizes_by_latent_id[70],0.09485748411729465
geodesic_mapping.step_sizes_by_latent_id[71],0.06278798260032456
geodesic_mapping.step_sizes_by_latent_id[72],0.06697467493033629
geodesic_mapping.step_sizes_by_latent_id[73],0.08977589802436266
geodesic_mapping.step_sizes_by_latent_id[74],0.10119725865358585
geodesic_mapping.step_sizes_by_latent_id[75],0.05195518559926271
geodesic_mapping.step_sizes_by_latent_id[76],0.03680009577066384
geodesic_mapping.step_sizes_by_latent_id[77],0.10590111918520749
geodesic_mapping.step_sizes_by_latent_id[78],0.0840763977369959
geodesic_mapping.step_sizes_by_latent_id[79],0.07679096345060216
geodesic_mapping.step_sizes_by_latent_id[80],0.0774805752515722
geodesic_mapping.step_sizes_by_latent_id[81],0.0798027526940221
geodesic_mapping.step_sizes_by_latent_id[82],0.10823247589788729
geodesic_mapping.step_sizes_by_latent_id[83],0.0324571600972964
geodesic_mapping.step_sizes_by_latent_id[84],0.05294434410041677
geodesic_mapping.step_sizes_by_latent_id[85],0.09769670273258003
geodesic_mapping.step_sizes_by_latent_id[86],0.09252869215795347
geodesic_mapping.step_sizes_by_latent_id[87],0.06465837374907962
geodesic_mapping.step_sizes_by_latent_id[88],0.056943541356245554
geodesic_mapping.step_sizes_by_latent_id[89],0.0954208175282173
geodesic_mapping.step_sizes_by_latent_id[90],0.10238547566547662
geodesic_mapping.step_sizes_by_latent_id[91],0.047534527946336703
geodesic_mapping.step_sizes_by_latent_id[92],0.003776185104746584
geodesic_mapping.step_sizes_by_latent_id[93],0.11116389634338933
geodesic_mapping.step_sizes_by_latent_id[94],0.08606791143374158
geodesic_mapping.step_sizes_by_latent_id[95],0.07321266981414433
geodesic_mapping.step_sizes_by_latent_id[96],0.051204075855538746
geodesic_mapping.step_sizes_by_latent_id[97],0.08291987557612632
geodesic_mapping.step_sizes_by_latent_id[98],0.10400510867860976
geodesic_mapping.step_sizes_by_latent_id[99],0.07060774922150596
geodesic_mapping.step_sizes_by_latent_id[100],0.06563933994941777
geodesic_mapping.step_sizes_by_latent_id[101],0.10738236918970204
geodesic_mapping.step_sizes_by_latent_id[102],0.09560526574086972
geodesic_mapping.step_sizes_by_latent_id[103],0.01856726527549279
geodesic_mapping.step_sizes_by_latent_id[104],0.03089300630633522
geodesic_mapping.step_sizes_by_latent_id[105],0.0925724462385098
geodesic_mapping.step_sizes_by_latent_id[106],0.11173688822169493
geodesic_mapping.step_sizes_by_latent_id[107],0.057370050311461515
geodesic_mapping.step_sizes_by_latent_id[108],0.07487193700232249
geodesic_mapping.step_sizes_by_latent_id[109],0.10127720228991523
geodesic_mapping.step_sizes_by_latent_id[110],0.08856451182185231
geodesic_mapping.step_sizes_by_latent_id[111],0.0402301518760845
geodesic_mapping.step_sizes_by_latent_id[112],0.04681879593093958
geodesic_mapping.step_sizes_by_latent_id[113],0.08504705553379062
geodesic_mapping.step_sizes_by_latent_id[114],0.09833005337435906
geodesic_mapping.step_sizes_by_latent_id[115],0.07878055525753894
geodesic_mapping.step_sizes_by_latent_id[116],0.06228590733801072
geodesic_mapping.step_sizes_by_latent_id[117],0.10901606891070673
geodesic_mapping.step_sizes_by_latent_id[118],0.08942070533854656
geodesic_mapping.step_sizes_by_latent_id[119],0.039559937847678604
geodesic_mapping.step_sizes_by_latent_id[120],0.02231726352222597
geodesic_mapping.step_sizes_by_latent_id[121],0.09434242611243969
geodesic_mapping.step_sizes_by_latent_id[122],0.10659710617053504
geodesic_mapping.step_sizes_by_latent_id[123],0.06736703677643323
geodesic_mapping.step_sizes_by_latent_id[124],0.07178752389066062
geodesic_mapping.step_sizes_by_latent_id[125],0.10289427267443028
geodesic_mapping.step_sizes_by_latent_id[126],0.08198995453364157
geodesic_mapping.step_sizes_by_latent_id[127],0.05349480600781348
geodesic_mapping.step_sizes_by_latent_id[128],0.0967051485520689
geodesic_mapping.step_sizes_by_latent_id[129],0.05833686569742907
geodesic_mapping.step_sizes_by_latent_id[130],0.05495793457154482
geodesic_mapping.step_sizes_by_latent_id[131],0.09866550725156546
geodesic_mapping.step_sizes_by_latent_id[132],0.1101209312491351
geodesic_mapping.step_sizes_by_latent_id[133],0.025069031598641198
geodesic_mapping.step_sizes_by_latent_id[134],0.07620674343925893
geodesic_mapping.step_sizes_by_latent_id[135],0.0833533980073342
geodesic_mapping.step_sizes_by_latent_id[136],0.08442528537531724
geodesic_mapping.step_sizes_by_latent_id[137],0.07233339273528304
geodesic_mapping.step_sizes_by_latent_id[138],0.028198675982123462
geodesic_mapping.step_sizes_by_latent_id[139],0.1075379115565129
geodesic_mapping.step_sizes_by_latent_id[140],0.10340880618152365
geodesic_mapping.step_sizes_by_latent_id[141],0.04082116726158345
geodesic_mapping.step_sizes_by_latent_id[142],0.06613075720555715
geodesic_mapping.step_sizes_by_latent_id[143],0.08936604734244208
geodesic_mapping.step_sizes_by_latent_id[144],0.09183517286176235
geodesic_mapping.step_sizes_by_latent_id[145],0.06421694104316437
geodesic_mapping.step_sizes_by_latent_id[146],0.04592328482063011
geodesic_mapping.step_sizes_by_latent_id[147],0.10221722654414708
geodesic_mapping.step_sizes_by_latent_id[148],0.10592825569164521
geodesic_mapping.step_sizes_by_latent_id[149],0.036561173675166495
geodesic_mapping.step_sizes_by_latent_id[150],0.06988336468937413
geodesic_mapping.step_sizes_by_latent_id[151],0.08759922740637224
geodesic_mapping.step_sizes_by_latent_id[152],0.08187102644410828
geodesic_mapping.step_sizes_by_latent_id[153],0.07905663645010368
geodesic_mapping.step_sizes_by_latent_id[154],0.019470273798073034
geodesic_mapping.step_sizes_by_latent_id[155],0.11213354313759276
geodesic_mapping.step_sizes_by_latent_id[156],0.1013951414626106
geodesic_mapping.step_sizes_by_latent_id[157],0.051689874803000364
geodesic_mapping.step_sizes_by_latent_id[158],0.0628079656754246
geodesic_mapping.step_sizes_by_latent_id[159],0.09491144361398866
geodesic_mapping.step_sizes_by_latent_id[160],0.049935954536337326
geodesic_mapping.step_sizes_by_latent_id[161],0.08057701682532062
geodesic_mapping.step_sizes_by_latent_id[162],0.10479287788332287
geodesic_mapping.step_sizes_by_latent_id[163],0.07408391459203453
geodesic_mapping.step_sizes_by_latent_id[164],0.06511043099624292
geodesic_mapping.step_sizes_by_latent_id[165],0.10637655102089895
geodesic_mapping.step_sizes_by_latent_id[166],0.09578064829456891
geodesic_mapping.step_sizes_by_latent_id[167],0.02074199128866335
geodesic_mapping.step_sizes_by_latent_id[168],0.0388102841075124
geodesic_mapping.step_sizes_by_latent_id[169],0.09310212640662777
geodesic_mapping.step_sizes_by_latent_id[170],0.10941552739659123
geodesic_mapping.step_sizes_by_latent_id[171],0.057560581671950946
geodesic_mapping.step_sizes_by_latent_id[172],0.0775926364950045
geodesic_mapping.step_sizes_by_latent_id[173],0.09965843367000904
geodesic_mapping.step_sizes_by_latent_id[174],0.08599784309319917
geodesic_mapping.step_sizes_by_latent_id[175],0.0425985708820635
geodesic_mapping.step_sizes_by_latent_id[176],0.04793649284134428
geodesic_mapping.step_sizes_by_latent_id[177],0.08875770962248089
geodesic_mapping.step_sizes_by_latent_id[178],0.09797632506963593
geodesic_mapping.step_sizes_by_latent_id[179],0.07541359310054448
geodesic_mapping.step_sizes_by_latent_id[180],0.06040013034921753
geodesic_mapping.step_sizes_by_latent_id[181],0.11093125212396308
geodesic_mapping.step_sizes_by_latent_id[182],0.09048340110537954
geodesic_mapping.step_sizes_by_latent_id[183],0.0320080759083247
geodesic_mapping.step_sizes_by_latent_id[184],0.011094527780818578
geodesic_mapping.step_sizes_by_latent_id[185],0.0941687429153142
geodesic_mapping.step_sizes_by_latent_id[186],0.10851311816189232
geodesic_mapping.step_sizes_by_latent_id[187],0.0685526407376439
geodesic_mapping.step_sizes_by_latent_id[188],0.0709434137066633
geodesic_mapping.step_sizes_by_latent_id[189],0.10260142732265824
geodesic_mapping.step_sizes_by_latent_id[190],0.08248313721990672
geodesic_mapping.step_sizes_by_latent_id[191],0.052965829864223414
geodesic_mapping.step_sizes_by_latent_id[192],0.11205017266217107
geodesic_mapping.step_sizes_by_latent_id[193],0.07459248063160455
geodesic_mapping.step_sizes_by_latent_id[194],0.014030596233002348
geodesic_mapping.step_sizes_by_latent_id[195],0.08394000006641168
geodesic_mapping.step_sizes_by_latent_id[196],0.0957316350315986
geodesic_mapping.step_sizes_by_latent_id[197],0.05076570061892005
geodesic_mapping.step_sizes_by_latent_id[198],0.059377838524929956
geodesic_mapping.step_sizes_by_latent_id[199],0.09997850979731926
geodesic_mapping.step_sizes_by_latent_id[200],0.10174946585999466
geodesic_mapping.step_sizes_by_latent_id[201],0.0674738195803563
geodesic_mapping.step_sizes_by_latent_id[202],0.048408736208115435
geodesic_mapping.step_sizes_by_latent_id[203],0.08952020140700535
geodesic_mapping.step_sizes_by_latent_id[204],0.08604611490453186
geodesic_mapping.step_sizes_by_latent_id[205],0.03497226793878261
geodesic_mapping.step_sizes_by_latent_id[206],0.0730036053088228
geodesic_mapping.step_sizes_by_latent_id[207],0.10679580864970427
geodesic_mapping.step_sizes_by_latent_id[208],0.10827304714578971
geodesic_mapping.step_sizes_by_latent_id[209],0.06902671579499846
geodesic_mapping.step_sizes_by_latent_id[210],0.030700217825539784
geodesic_mapping.step_sizes_by_latent_id[211],0.0885036272375478
geodesic_mapping.step_sizes_by_latent_id[212],0.09159657534909525
geodesic_mapping.step_sizes_by_latent_id[213],0.04265156482744636
geodesic_mapping.step_sizes_by_latent_id[214],0.06585928593660083
geodesic_mapping.step_sizes_by_latent_id[215],0.10399771013742146
geodesic_mapping.step_sizes_by_latent_id[216],0.09780977364745612
geodesic_mapping.step_sizes_by_latent_id[217],0.061695248280441435
geodesic_mapping.step_sizes_by_latent_id[218],0.05605346143773973
geodesic_mapping.step_sizes_by_latent_id[219],0.09405754279463588
geodesic_mapping.step_sizes_by_latent_id[220],0.08113774760530919
geodesic_mapping.step_sizes_by_latent_id[221],0.02030076008028171
geodesic_mapping.step_sizes_by_latent_id[222],0.07802758941922049
geodesic_mapping.step_sizes_by_latent_id[223],0.11035932024128449
geodesic_mapping.step_sizes_by_latent_id[224],0.10670648286152569
geodesic_mapping.step_sizes_by_latent_id[225],0.073601636718368
geodesic_mapping.step_sizes_by_latent_id[226],0.01041602704184824
geodesic_mapping.step_sizes_by_latent_id[227],0.08257633477510747
geodesic_mapping.step_sizes_by_latent_id[228],0.09222632303897545
geodesic_mapping.step_sizes_by_latent_id[229],0.04438051637761172
geodesic_mapping.step_sizes_by_latent_id[230],0.059852600972921395
geodesic_mapping.step_sizes_by_latent_id[231],0.09835222245904834
geodesic_mapping.step_sizes_by_latent_id[232],0.10209917303728211
geodesic_mapping.step_sizes_by_latent_id[233],0.06634227472439182
geodesic_mapping.step_sizes_by_latent_id[234],0.05197500659010585
geodesic_mapping.step_sizes_by_latent_id[235],0.09678401303334949
geodesic_mapping.step_sizes_by_latent_id[236],0.08686318724794821
geodesic_mapping.step_sizes_by_latent_id[237],0.03085734490465215
geodesic_mapping.step_sizes_by_latent_id[238],0.07857283555803918
geodesic_mapping.step_sizes_by_latent_id[239],0.11055769879997475
geodesic_mapping.step_sizes_by_latent_id[240],0.11213266856744364
geodesic_mapping.step_sizes_by_latent_id[241],0.07622769923607312
geodesic_mapping.step_sizes_by_latent_id[242],0.03596722579154461
geodesic_mapping.step_sizes_by_latent_id[243],0.08494802146601493
geodesic_mapping.step_sizes_by_latent_id[244],0.09435118942885047
geodesic_mapping.step_sizes_by_latent_id[245],0.056161388808987335
geodesic_mapping.step_sizes_by_latent_id[246],0.06305918174144122
geodesic_mapping.step_sizes_by_latent_id[247],0.10421850415691222
geodesic_mapping.step_sizes_by_latent_id[248],0.10011935743160084
geodesic_mapping.step_sizes_by_latent_id[249],0.056738724477024896
geodesic_mapping.step_sizes_by_latent_id[250],0.0480737168506411
geodesic_mapping.step_sizes_by_latent_id[251],0.09042477630436815
geodesic_mapping.step_sizes_by_latent_id[252],0.07971095430693075
geodesic_mapping.step_sizes_by_latent_id[253],0.0236893118153079
geodesic_mapping.step_sizes_by_latent_id[254],0.07065665152817165
geodesic_mapping.step_sizes_by_latent_id[255],0.10873596159887082
geodesic_mapping.step_sizes_by_latent_id[256],0.08213067466746096
geodesic_mapping.step_sizes_by_latent_id[257],0.0755114027073633
geodesic_mapping.step_sizes_by_latent_id[258],0.05030837915482727
geodesic_mapping.step_sizes_by_latent_id[259],0.09945712964729629
geodesic_mapping.step_sizes_by_latent_id[260],0.10663657351018303
geodesic_mapping.step_sizes_by_latent_id[261],0.037966265050713335
geodesic_mapping.step_sizes_by_latent_id[262],0.06790347654373972
geodesic_mapping.step_sizes_by_latent_id[263],0.09070051860391297
geodesic_mapping.step_sizes_by_latent_id[264],0.09564384634112741
geodesic_mapping.step_sizes_by_latent_id[265],0.057198505554254604
geodesic_mapping.step_sizes_by_latent_id[266],0.010629726555461702
geodesic_mapping.step_sizes_by_latent_id[267],0.11104546639980979
geodesic_mapping.step_sizes_by_latent_id[268],0.10321277410504415
geodesic_mapping.step_sizes_by_latent_id[269],0.0468370821447465
geodesic_mapping.step_sizes_by_latent_id[270],0.07314915518284856
geodesic_mapping.step_sizes_by_latent_id[271],0.08643507180144248
geodesic_mapping.step_sizes_by_latent_id[272],0.08793283069039393
geodesic_mapping.step_sizes_by_latent_id[273],0.07145028200276579
geodesic_mapping.step_sizes_by_latent_id[274],0.04399599204787894
geodesic_mapping.step_sizes_by_latent_id[275],0.10429242143337704
geodesic_mapping.step_sizes_by_latent_id[276],0.10939842756593181
geodesic_mapping.step_sizes_by_latent_id[277],0.02131859813681861
geodesic_mapping.step_sizes_by_latent_id[278],0.06021189720629598
geodesic_mapping.step_sizes_by_latent_id[279],0.09392389352701748
geodesic_mapping.step_sizes_by_latent_id[280],0.09251398327206248
geodesic_mapping.step_sizes_by_latent_id[281],0.06529345314229609
geodesic_mapping.step_sizes_by_latent_id[282],0.033258093201912434
geodesic_mapping.step_sizes_by_latent_id[283],0.10835423805626802
geodesic_mapping.step_sizes_by_latent_id[284],0.09829284180196864
geodesic_mapping.step_sizes_by_latent_id[285],0.052752641256115854
geodesic_mapping.step_sizes_by_latent_id[286],0.07708095179229045
geodesic_mapping.step_sizes_by_latent_id[287],0.08048654673123
geodesic_mapping.step_sizes_by_latent_id[288],0.055098022065373196
geodesic_mapping.step_sizes_by_latent_id[289],0.10242651430224627
geodesic_mapping.step_sizes_by_latent_id[290],0.09722558613605323
geodesic_mapping.step_sizes_by_latent_id[291],0.06535772857432177
geodesic_mapping.step_sizes_by_latent_id[292],0.07597255414278935
geodesic_mapping.step_sizes_by_latent_id[293],0.08835999850349113
geodesic_mapping.step_sizes_by_latent_id[294],0.11048794239586315
geodesic_mapping.step_sizes_by_latent_id[295],0.03961796418961665
geodesic_mapping.step_sizes_by_latent_id[296],0.026204631817701066
geodesic_mapping.step_sizes_by_latent_id[297],0.106329985009517
geodesic_mapping.step_sizes_by_latent_id[298],0.08428387638689716
geodesic_mapping.step_sizes_by_latent_id[299],0.07132064426788727
geodesic_mapping.step_sizes_by_latent_id[300],0.058079544062169336
geodesic_mapping.step_sizes_by_latent_id[301],0.09259035597054681
geodesic_mapping.step_sizes_by_latent_id[302],0.0990406778947391
geodesic_mapping.step_sizes_by_latent_id[303],0.048323853188777806
geodesic_mapping.step_sizes_by_latent_id[304],0.0425255966547707
geodesic_mapping.step_sizes_by_latent_id[305],0.10086332918234452
geodesic_mapping.step_sizes_by_latent_id[306],0.09080382135856585
geodesic_mapping.step_sizes_by_latent_id[307],0.06272442634142451
geodesic_mapping.step_sizes_by_latent_id[308],0.07350953195184426
geodesic_mapping.step_sizes_by_latent_id[309],0.08082097997477357
geodesic_mapping.step_sizes_by_latent_id[310],0.1087282293207972
geodesic_mapping.step_sizes_by_latent_id[311],0.017644228471087244
geodesic_mapping.step_sizes_by_latent_id[312],0.03149450956172867
geodesic_mapping.step_sizes_by_latent_id[313],0.1118967598376719
geodesic_mapping.step_sizes_by_latent_id[314],0.08619100881779246
geodesic_mapping.step_sizes_by_latent_id[315],0.07925870545186474
geodesic_mapping.step_sizes_by_latent_id[316],0.06809198690367724
geodesic_mapping.step_sizes_by_latent_id[317],0.09449333970619915
geodesic_mapping.step_sizes_by_latent_id[318],0.10514168571858898
geodesic_mapping.step_sizes_by_latent_id[319],0.05204222879053391
geodesic_mapping.step_sizes_by_latent_id[320],0.07492681570414436
geodesic_mapping.step_sizes_by_latent_id[321],0.11148845721939606
geodesic_mapping.step_sizes_by_latent_id[322],0.08170684086725966
geodesic_mapping.step_sizes_by_latent_id[323],0.026242090239182062
geodesic_mapping.step_sizes_by_latent_id[324],0.05494309611083002
geodesic_mapping.step_sizes_by_latent_id[325],0.09535530000962142
geodesic_mapping.step_sizes_by_latent_id[326],0.10031153814353773
geodesic_mapping.step_sizes_by_latent_id[327],0.05687165367059921
geodesic_mapping.step_sizes_by_latent_id[328],0.06799839612599116
geodesic_mapping.step_sizes_by_latent_id[329],0.10319025659900882
geodesic_mapping.step_sizes_by_latent_id[330],0.09194713676946487
geodesic_mapping.step_sizes_by_latent_id[331],0.04093530359978079
geodesic_mapping.step_sizes_by_latent_id[332],0.029015261962977504
geodesic_mapping.step_sizes_by_latent_id[333],0.0877893851846215
geodesic_mapping.step_sizes_by_latent_id[334],0.10698159133505172
geodesic_mapping.step_sizes_by_latent_id[335],0.07354085584794413
geodesic_mapping.step_sizes_by_latent_id[336],0.06958365702208785
geodesic_mapping.step_sizes_by_latent_id[337],0.10780541951315034
geodesic_mapping.step_sizes_by_latent_id[338],0.08653451803396774
geodesic_mapping.step_sizes_by_latent_id[339],0.03823910769835882
geodesic_mapping.step_sizes_by_latent_id[340],0.04739943333898966
geodesic_mapping.step_sizes_by_latent_id[341],0.09102226722203335
geodesic_mapping.step_sizes_by_latent_id[342],0.10428186399683757
geodesic_mapping.step_sizes_by_latent_id[343],0.06330934437338379
geodesic_mapping.step_sizes_by_latent_id[344],0.062087293289303
geodesic_mapping.step_sizes_by_latent_id[345],0.09921563319131681
geodesic_mapping.step_sizes_by_latent_id[346],0.09627913250702605
geodesic_mapping.step_sizes_by_latent_id[347],0.049522456367588605
geodesic_mapping.step_sizes_by_latent_id[348],0.008534361461438045
geodesic_mapping.step_sizes_by_latent_id[349],0.083080656121862
geodesic_mapping.step_sizes_by_latent_id[350],0.11072652229137979
geodesic_mapping.step_sizes_by_latent_id[351],0.07864434425244804
geodesic_mapping.step_sizes_by_latent_id[352],0.0329580616821834
geodesic_mapping.step_sizes_by_latent_id[353],0.09187839099771508
geodesic_mapping.step_sizes_by_latent_id[354],0.09850858352735141
geodesic_mapping.step_sizes_by_latent_id[355],0.07811987880968699
geodesic_mapping.step_sizes_by_latent_id[356],0.06872815139210232
geodesic_mapping.step_sizes_by_latent_id[357],0.1053991254831144
geodesic_mapping.step_sizes_by_latent_id[358],0.08385568634303865
geodesic_mapping.step_sizes_by_latent_id[359],0.049224968500351865
geodesic_mapping.step_sizes_by_latent_id[360],0.04164793635065761
geodesic_mapping.step_sizes_by_latent_id[361],0.08787024213950977
geodesic_mapping.step_sizes_by_latent_id[362],0.10952621863001664
geodesic_mapping.step_sizes_by_latent_id[363],0.06194516192102913
geodesic_mapping.step_sizes_by_latent_id[364],0.07218563111474573
geodesic_mapping.step_sizes_by_latent_id[365],0.10294706073121013
geodesic_mapping.step_sizes_by_latent_id[366],0.09559389883098696
geodesic_mapping.step_sizes_by_latent_id[367],0.01980102427415402
geodesic_mapping.step_sizes_by_latent_id[368],0.021405344153928356
geodesic_mapping.step_sizes_by_latent_id[369],0.0949830335050752
geodesic_mapping.step_sizes_by_latent_id[370],0.10356582940143524
geodesic_mapping.step_sizes_by_latent_id[371],0.07163620121467988
geodesic_mapping.step_sizes_by_latent_id[372],0.05764621282355552
geodesic_mapping.step_sizes_by_latent_id[373],0.11163127131882906
geodesic_mapping.step_sizes_by_latent_id[374],0.08511292116450607
geodesic_mapping.step_sizes_by_latent_id[375],0.047556639583200194
geodesic_mapping.step_sizes_by_latent_id[376],0.05610213663981144
geodesic_mapping.step_sizes_by_latent_id[377],0.07972570232878676
geodesic_mapping.step_sizes_by_latent_id[378],0.10849524337991541
geodesic_mapping.step_sizes_by_latent_id[379],0.06333251902832936
geodesic_mapping.step_sizes_by_latent_id[380],0.07633099350717498
geodesic_mapping.step_sizes_by_latent_id[381],0.10015163096869807
geodesic_mapping.step_sizes_by_latent_id[382],0.09015838656050745
geodesic_mapping.step_sizes_by_latent_id[383],0.036752817384480614
geodesic_mapping.step_sizes_by_latent_id[384],0.02010052193780342
geodesic_mapping.step_sizes_by_latent_id[385],0.09847967827984959
geodesic_mapping.step_sizes_by_latent_id[386],0.09172653059637609
geodesic_mapping.step_sizes_by_latent_id[387],0.07106731779508521
geodesic_mapping.step_sizes_by_latent_id[388],0.06711594800461741
geodesic_mapping.step_sizes_by_latent_id[389],0.08643091736095818
geodesic_mapping.step_sizes_by_latent_id[390],0.11097808644498135
geodesic_mapping.step_sizes_by_latent_id[391],0.05123721725650098
geodesic_mapping.step_sizes_by_latent_id[392],0.04477697645746567
geodesic_mapping.step_sizes_by_latent_id[393],0.10629426112284251
geodesic_mapping.step_sizes_by_latent_id[394],0.08276374124844775
geodesic_mapping.step_sizes_by_latent_id[395],0.05905476796254111
geodesic_mapping.step_sizes_by_latent_id[396],0.07821705535596203
geodesic_mapping.step_sizes_by_latent_id[397],0.09530393877625745
geodesic_mapping.step_sizes_by_latent_id[398],0.103752720627316
geodesic_mapping.step_sizes_by_latent_id[399],0.032779088688963065
geodesic_mapping.step_sizes_by_latent_id[400],0.03511893139445836
geodesic_mapping.step_sizes_by_latent_id[401],0.10260764362604961
geodesic_mapping.step_sizes_by_latent_id[402],0.0961368292682774
geodesic_mapping.step_sizes_by_latent_id[403],0.07669038641223415
geodesic_mapping.step_sizes_by_latent_id[404],0.06120090786323192
geodesic_mapping.step_sizes_by_latent_id[405],0.0819272686786863
geodesic_mapping.step_sizes_by_latent_id[406],0.10750051896807244
geodesic_mapping.step_sizes_by_latent_id[407],0.04321801155265228
geodesic_mapping.step_sizes_by_latent_id[408],0.05276433034302765
geodesic_mapping.step_sizes_by_latent_id[409],0.10990852530595599
geodesic_mapping.step_sizes_by_latent_id[410],0.08734818773349778
geodesic_mapping.step_sizes_by_latent_id[411],0.06533074602222858
geodesic_mapping.step_sizes_by_latent_id[412],0.07286080868700358
geodesic_mapping.step_sizes_by_latent_id[413],0.09097223265619417
geodesic_mapping.step_sizes_by_latent_id[414],0.0997807018083226
geodesic_mapping.step_sizes_by_latent_id[415],0.01633407568968774
geodesic_mapping.step_sizes_by_latent_id[416],0.10817779703341794
geodesic_mapping.step_sizes_by_latent_id[417],0.06119719449929324
geodesic_mapping.step_sizes_by_latent_id[418],0.054523070874466235
geodesic_mapping.step_sizes_by_latent_id[419],0.08763179480626686
geodesic_mapping.step_sizes_by_latent_id[420],0.09681564914468135
geodesic_mapping.step_sizes_by_latent_id[421],0.03648676841939436
geodesic_mapping.step_sizes_by_latent_id[422],0.07342462972213012
geodesic_mapping.step_sizes_by_latent_id[423],0.10005062096079931
geodesic_mapping.step_sizes_by_latent_id[424],0.10190743581802221
geodesic_mapping.step_sizes_by_latent_id[425],0.0762098615634936
geodesic_mapping.step_sizes_by_latent_id[426],0.011355154462999428
geodesic_mapping.step_sizes_by_latent_id[427],0.09057215211282178
geodesic_mapping.step_sizes_by_latent_id[428],0.08051830902138009
geodesic_mapping.step_sizes_by_latent_id[429],0.04238690694904812
geodesic_mapping.step_sizes_by_latent_id[430],0.06433235080289175
geodesic_mapping.step_sizes_by_latent_id[431],0.11000314431004334
geodesic_mapping.step_sizes_by_latent_id[432],0.11142381633761225
geodesic_mapping.step_sizes_by_latent_id[433],0.06756373518232431
geodesic_mapping.step_sizes_by_latent_id[434],0.04648301626972505
geodesic_mapping.step_sizes_by_latent_id[435],0.08341961972454612
geodesic_mapping.step_sizes_by_latent_id[436],0.09169009867156597
geodesic_mapping.step_sizes_by_latent_id[437],0.0258071162772482
geodesic_mapping.step_sizes_by_latent_id[438],0.0778532424081335
geodesic_mapping.step_sizes_by_latent_id[439],0.10474563663972591
geodesic_mapping.step_sizes_by_latent_id[440],0.09883972611582564
geodesic_mapping.step_sizes_by_latent_id[441],0.06993700195491832
geodesic_mapping.step_sizes_by_latent_id[442],0.032264809724440464
geodesic_mapping.step_sizes_by_latent_id[443],0.09393523765954861
geodesic_mapping.step_sizes_by_latent_id[444],0.08574613559904871
geodesic_mapping.step_sizes_by_latent_id[445],0.05058571841218261
geodesic_mapping.step_sizes_by_latent_id[446],0.05804061395730992
geodesic_mapping.step_sizes_by_latent_id[447],0.1060149213097086
geodesic_mapping.step_sizes_by_latent_id[448],0.0752985970734992
geodesic_mapping.step_sizes_by_latent_id[449],0.08539701278444868
geodesic_mapping.step_sizes_by_latent_id[450],0.10120523834230558
geodesic_mapping.step_sizes_by_latent_id[451],0.047688692709023796
geodesic_mapping.step_sizes_by_latent_id[452],0.0283220904918478
geodesic_mapping.step_sizes_by_latent_id[453],0.1091725451584799
geodesic_mapping.step_sizes_by_latent_id[454],0.0926775736178212
geodesic_mapping.step_sizes_by_latent_id[455],0.06153414394680749
geodesic_mapping.step_sizes_by_latent_id[456],0.06756241766073713
geodesic_mapping.step_sizes_by_latent_id[457],0.09678509254883022
geodesic_mapping.step_sizes_by_latent_id[458],0.10566528724165102
geodesic_mapping.step_sizes_by_latent_id[459],0.006973725216181496
geodesic_mapping.step_sizes_by_latent_id[460],0.055702263059173626
geodesic_mapping.step_sizes_by_latent_id[461],0.10521893001373318
geodesic_mapping.step_sizes_by_latent_id[462],0.08055336465185031
geodesic_mapping.step_sizes_by_latent_id[463],0.06975713057803641
geodesic_mapping.step_sizes_by_latent_id[464],0.07363491918575606
geodesic_mapping.step_sizes_by_latent_id[465],0.08334498082535113
geodesic_mapping.step_sizes_by_latent_id[466],0.10145014471914002
geodesic_mapping.step_sizes_by_latent_id[467],0.04922501447524771
geodesic_mapping.step_sizes_by_latent_id[468],0.027438947310358508
geodesic_mapping.step_sizes_by_latent_id[469],0.10849383885764095
geodesic_mapping.step_sizes_by_latent_id[470],0.0939986793115852
geodesic_mapping.step_sizes_by_latent_id[471],0.06428319355852716
geodesic_mapping.step_sizes_by_latent_id[472],0.05770005058334341
geodesic_mapping.step_sizes_by_latent_id[473],0.0896253443874941
geodesic_mapping.step_sizes_by_latent_id[474],0.11224380206896206
geodesic_mapping.step_sizes_by_latent_id[475],0.03975733702267158
geodesic_mapping.step_sizes_by_latent_id[476],0.04085140535641187
geodesic_mapping.step_sizes_by_latent_id[477],0.09766192248082242
geodesic_mapping.step_sizes_by_latent_id[478],0.08789418261003543
geodesic_mapping.step_sizes_by_latent_id[479],0.07874703112182982
geodesic_mapping.step_sizes_by_latent_id[480],0.06194279020036826
geodesic_mapping.step_sizes_by_latent_id[481],0.09793423426784854
geodesic_mapping.step_sizes_by_latent_id[482],0.0884250088044701
geodesic_mapping.step_sizes_by_latent_id[483],0.029609233928523014
geodesic_mapping.step_sizes_by_latent_id[484],0.055742677399575
geodesic_mapping.step_sizes_by_latent_id[485],0.09361647395311143
geodesic_mapping.step_sizes_by_latent_id[486],0.10833228090027987
geodesic_mapping.step_sizes_by_latent_id[487],0.06995785981985389
geodesic_mapping.step_sizes_by_latent_id[488],0.07869279145862898
geodesic_mapping.step_sizes_by_latent_id[489],0.10957669989179863
geodesic_mapping.step_sizes_by_latent_id[490],0.09300843727073403
geodesic_mapping.step_sizes_by_latent_id[491],0.04063369936943354
geodesic_mapping.step_sizes_by_latent_id[492],0.026337212869698874
geodesic_mapping.step_sizes_by_latent_id[493],0.08004749235551412
geodesic_mapping.step_sizes_by_latent_id[494],0.10470071934213628
geodesic_mapping.step_sizes_by_latent_id[495],0.063719871449798
geodesic_mapping.step_sizes_by_latent_id[496],0.06861136184568195
geodesic_mapping.step_sizes_by_latent_id[497],0.10156227162225429
geodesic_mapping.step_sizes_by_latent_id[498],0.08334761015467082
geodesic_mapping.step_sizes_by_latent_id[499],0.012428747452993008
geodesic_mapping.step_sizes_by_latent_id[500],0.046899277539429345
geodesic_mapping.step_sizes_by_latent_id[501],0.09001153594456493
geodesic_mapping.step_sizes_by_latent_id[502],0.1124505627309622
geodesic_mapping.step_sizes_by_latent_id[503],0.07452870712125911
geodesic_mapping.step_sizes_by_latent_id[504],0.07437847339584713
geodesic_mapping.step_sizes_by_latent_id[505],0.10534600148253422
geodesic_mapping.step_sizes_by_latent_id[506],0.09650137757287179
geodesic_mapping.step_sizes_by_latent_id[507],0.050584808727322544
geodesic_mapping.step_sizes_by_latent_id[508],0.037627918214695494
geodesic_mapping.step_sizes_by_latent_id[509],0.0853216280809134
geodesic_mapping.step_sizes_by_latent_id[510],0.10118540908986999
geodesic_mapping.step_sizes_by_latent_id[511],0.056476405598523675
geodesic_mapping.step_sizes_by_latent_id[512],0.08422604615281705
geodesic_mapping.step_sizes_by_latent_id[513],0.058584459521946436
geodesic_mapping.step_sizes_by_latent_id[514],0.055336754232411585
geodesic_mapping.step_sizes_by_latent_id[515],0.11070165914340352
geodesic_mapping.step_sizes_by_latent_id[516],0.10230108520222027
geodesic_mapping.step_sizes_by_latent_id[517],0.035597915050870184
geodesic_mapping.step_sizes_by_latent_id[518],0.06933567500400553
geodesic_mapping.step_sizes_by_latent_id[519],0.09199220481192068
geodesic_mapping.step_sizes_by_latent_id[520],0.09498402627098726
geodesic_mapping.step_sizes_by_latent_id[521],0.07843074311522485
geodesic_mapping.step_sizes_by_latent_id[522],0.015628241821098725
geodesic_mapping.step_sizes_by_latent_id[523],0.10113288752308844
geodesic_mapping.step_sizes_by_latent_id[524],0.10771616760263493
geodesic_mapping.step_sizes_by_latent_id[525],0.040164235960434266
geodesic_mapping.step_sizes_by_latent_id[526],0.06604864519209384
geodesic_mapping.step_sizes_by_latent_id[527],0.08500960682520532
geodesic_mapping.step_sizes_by_latent_id[528],0.08718010042307957
geodesic_mapping.step_sizes_by_latent_id[529],0.06431380907567029
geodesic_mapping.step_sizes_by_latent_id[530],0.046220497689635855
geodesic_mapping.step_sizes_by_latent_id[531],0.10550497505831313
geodesic_mapping.step_sizes_by_latent_id[532],0.09880375250609748
geodesic_mapping.step_sizes_by_latent_id[533],0.02759740883646451
geodesic_mapping.step_sizes_by_latent_id[534],0.07701811487816043
geodesic_mapping.step_sizes_by_latent_id[535],0.09689755340658186
geodesic_mapping.step_sizes_by_latent_id[536],0.08914189282200242
geodesic_mapping.step_sizes_by_latent_id[537],0.07261871216118874
geodesic_mapping.step_sizes_by_latent_id[538],0.03000752270199712
geodesic_mapping.step_sizes_by_latent_id[539],0.10337472908651632
geodesic_mapping.step_sizes_by_latent_id[540],0.11172051507549172
geodesic_mapping.step_sizes_by_latent_id[541],0.05186137836532737
geodesic_mapping.step_sizes_by_latent_id[542],0.06248797062503743
geodesic_mapping.step_sizes_by_latent_id[543],0.08106276649978716
geodesic_mapping.step_sizes_by_latent_id[544],0.10737736018053542
geodesic_mapping.step_sizes_by_latent_id[545],0.05487430498510849
geodesic_mapping.step_sizes_by_latent_id[546],0.07511368085737155
geodesic_mapping.step_sizes_by_latent_id[547],0.09106816573155858
geodesic_mapping.step_sizes_by_latent_id[548],0.08558128363867669
geodesic_mapping.step_sizes_by_latent_id[549],0.05711271826935781
geodesic_mapping.step_sizes_by_latent_id[550],0.027279562736042446
geodesic_mapping.step_sizes_by_latent_id[551],0.10401078778993275
geodesic_mapping.step_sizes_by_latent_id[552],0.09984064070467362
geodesic_mapping.step_sizes_by_latent_id[553],0.037535103464848715
geodesic_mapping.step_sizes_by_latent_id[554],0.0638772849316502
geodesic_mapping.step_sizes_by_latent_id[555],0.08179909689435039
geodesic_mapping.step_sizes_by_latent_id[556],0.09451673594293443
geodesic_mapping.step_sizes_by_latent_id[557],0.06940212532581709
geodesic_mapping.step_sizes_by_latent_id[558],0.04851231908419081
geodesic_mapping.step_sizes_by_latent_id[559],0.11123420882363332
geodesic_mapping.step_sizes_by_latent_id[560],0.11050070933473284
geodesic_mapping.step_sizes_by_latent_id[561],0.04168249756484622
geodesic_mapping.step_sizes_by_latent_id[562],0.0736863375582988
geodesic_mapping.step_sizes_by_latent_id[563],0.09538893629613218
geodesic_mapping.step_sizes_by_latent_id[564],0.0831685447694424
geodesic_mapping.step_sizes_by_latent_id[565],0.06824785212445413
geodesic_mapping.step_sizes_by_latent_id[566],0.028782438451210746
geodesic_mapping.step_sizes_by_latent_id[567],0.09871794312709789
geodesic_mapping.step_sizes_by_latent_id[568],0.10295997876042867
geodesic_mapping.step_sizes_by_latent_id[569],0.013527983463634579
geodesic_mapping.step_sizes_by_latent_id[570],0.061806450851204536
geodesic_mapping.step_sizes_by_latent_id[571],0.08685986532823288
geodesic_mapping.step_sizes_by_latent_id[572],0.09207813339170247
geodesic_mapping.step_sizes_by_latent_id[573],0.07912311498757636
geodesic_mapping.step_sizes_by_latent_id[574],0.04888551848489219
geodesic_mapping.step_sizes_by_latent_id[575],0.1065266116302003
geodesic_mapping.step_sizes_by_latent_id[576],0.09418250053813616
geodesic_mapping.step_sizes_by_latent_id[577],0.06606036256022836
geodesic_mapping.step_sizes_by_latent_id[578],0.04831179433603527
geodesic_mapping.step_sizes_by_latent_id[579],0.09846425331528298
geodesic_mapping.step_sizes_by_latent_id[580],0.11244886882939693
geodesic_mapping.step_sizes_by_latent_id[581],0.032157493941732083
geodesic_mapping.step_sizes_by_latent_id[582],0.07017293758533849
geodesic_mapping.step_sizes_by_latent_id[583],0.08221037568313005
geodesic_mapping.step_sizes_by_latent_id[584],0.08557727286712216
geodesic_mapping.step_sizes_by_latent_id[585],0.07925367511640545
geodesic_mapping.step_sizes_by_latent_id[586],0.020480644290417526
geodesic_mapping.step_sizes_by_latent_id[587],0.10601181169945278
geodesic_mapping.step_sizes_by_latent_id[588],0.10346999710268126
geodesic_mapping.step_sizes_by_latent_id[589],0.050526036003022884
geodesic_mapping.step_sizes_by_latent_id[590],0.05833242039501822
geodesic_mapping.step_sizes_by_latent_id[591],0.093277217416004
geodesic_mapping.step_sizes_by_latent_id[592],0.09063228801904036
geodesic_mapping.step_sizes_by_latent_id[593],0.06171266678213776
geodesic_mapping.step_sizes_by_latent_id[594],0.05376520265791238
geodesic_mapping.step_sizes_by_latent_id[595],0.10173200437443373
geodesic_mapping.step_sizes_by_latent_id[596],0.10768125387296715
geodesic_mapping.step_sizes_by_latent_id[597],0.009041497121599164
geodesic_mapping.step_sizes_by_latent_id[598],0.07665146793648954
geodesic_mapping.step_sizes_by_latent_id[599],0.08837410128688182
geodesic_mapping.step_sizes_by_latent_id[600],0.07999437494218256
geodesic_mapping.step_sizes_by_latent_id[601],0.07247807937482968
geodesic_mapping.step_sizes_by_latent_id[602],0.03799058251716356
geodesic_mapping.step_sizes_by_latent_id[603],0.11030819526011952
geodesic_mapping.step_sizes_by_latent_id[604],0.10085620878666081
geodesic_mapping.step_sizes_by_latent_id[605],0.04387214530085044
geodesic_mapping.step_sizes_by_latent_id[606],0.0635219021410365
geodesic_mapping.step_sizes_by_latent_id[607],0.09607122683572752
geodesic_mapping.step_sizes_by_latent_id[608],0.06300206288670715
geodesic_mapping.step_sizes_by_latent_id[609],0.10254702686987051
geodesic_mapping.step_sizes_by_latent_id[610],0.09675976557987753
geodesic_mapping.step_sizes_by_latent_id[611],0.05337092661857611
geodesic_mapping.step_sizes_by_latent_id[612],0.036571918086092815
geodesic_mapping.step_sizes_by_latent_id[613],0.08892198775092756
geodesic_mapping.step_sizes_by_latent_id[614],0.110312869453622
geodesic_mapping.step_sizes_by_latent_id[615],0.07535193867018497
geodesic_mapping.step_sizes_by_latent_id[616],0.07196871207751179
geodesic_mapping.step_sizes_by_latent_id[617],0.10806767221636931
geodesic_mapping.step_sizes_by_latent_id[618],0.08137051385992718
geodesic_mapping.step_sizes_by_latent_id[619],0.007259833821629867
geodesic_mapping.step_sizes_by_latent_id[620],0.04189488887634224
geodesic_mapping.step_sizes_by_latent_id[621],0.09099658395447263
geodesic_mapping.step_sizes_by_latent_id[622],0.10107972669106383
geodesic_mapping.step_sizes_by_latent_id[623],0.060619520129898095
geodesic_mapping.step_sizes_by_latent_id[624],0.05810741737848841
geodesic_mapping.step_sizes_by_latent_id[625],0.09760848651131715
geodesic_mapping.step_sizes_by_latent_id[626],0.09151047898770605
geodesic_mapping.step_sizes_by_latent_id[627],0.04749183840928481
geodesic_mapping.step_sizes_by_latent_id[628],0.027285968919282776
geodesic_mapping.step_sizes_by_latent_id[629],0.08317953735783007
geodesic_mapping.step_sizes_by_latent_id[630],0.10573766162664977
geodesic_mapping.step_sizes_by_latent_id[631],0.07131007423760385
geodesic_mapping.step_sizes_by_latent_id[632],0.07854135744614636
geodesic_mapping.step_sizes_by_latent_id[633],0.1107798784692978
geodesic_mapping.step_sizes_by_latent_id[634],0.08494065486578257
geodesic_mapping.step_sizes_by_latent_id[635],0.03227633139080352
geodesic_mapping.step_sizes_by_latent_id[636],0.052385474191797975
geodesic_mapping.step_sizes_by_latent_id[637],0.09420261469079708
geodesic_mapping.step_sizes_by_latent_id[638],0.10397437589785238
geodesic_mapping.step_sizes_by_latent_id[639],0.06829330517822856
geodesic_mapping.step_sizes_by_latent_id[640],0.08926116939133734
geodesic_mapping.step_sizes_by_latent_id[641],0.0641700289589954
geodesic_mapping.step_sizes_by_latent_id[642],0.05262185609683111
geodesic_mapping.step_sizes_by_latent_id[643],0.10002668646777003
geodesic_mapping.step_sizes_by_latent_id[644],0.10882923982621572
geodesic_mapping.step_sizes_by_latent_id[645],0.03847836077851968
geodesic_mapping.step_sizes_by_latent_id[646],0.07661451128880199
geodesic_mapping.step_sizes_by_latent_id[647],0.08104197419668203
geodesic_mapping.step_sizes_by_latent_id[648],0.08678846327935116
geodesic_mapping.step_sizes_by_latent_id[649],0.07246665279773125
geodesic_mapping.step_sizes_by_latent_id[650],0.008438062434896828
geodesic_mapping.step_sizes_by_latent_id[651],0.1096230978984246
geodesic_mapping.step_sizes_by_latent_id[652],0.10307135609120353
geodesic_mapping.step_sizes_by_latent_id[653],0.042480852519965556
geodesic_mapping.step_sizes_by_latent_id[654],0.06280423021855909
geodesic_mapping.step_sizes_by_latent_id[655],0.09683459313110748
geodesic_mapping.step_sizes_by_latent_id[656],0.09492945640805199
geodesic_mapping.step_sizes_by_latent_id[657],0.058042381563226005
geodesic_mapping.step_sizes_by_latent_id[658],0.04842136098804906
geodesic_mapping.step_sizes_by_latent_id[659],0.10454125517916148
geodesic_mapping.step_sizes_by_latent_id[660],0.11095064502562572
geodesic_mapping.step_sizes_by_latent_id[661],0.02290635211818221
geodesic_mapping.step_sizes_by_latent_id[662],0.06954602512481192
geodesic_mapping.step_sizes_by_latent_id[663],0.08545682246573319
geodesic_mapping.step_sizes_by_latent_id[664],0.08414278560244581
geodesic_mapping.step_sizes_by_latent_id[665],0.07871844016919376
geodesic_mapping.step_sizes_by_latent_id[666],0.03307005667773383
geodesic_mapping.step_sizes_by_latent_id[667],0.10628344118253664
geodesic_mapping.step_sizes_by_latent_id[668],0.0978209023496327
geodesic_mapping.step_sizes_by_latent_id[669],0.05067037054341941
geodesic_mapping.step_sizes_by_latent_id[670],0.06620265805542543
geodesic_mapping.step_sizes_by_latent_id[671],0.09188401504608984
geodesic_mapping.step_sizes_by_latent_id[672],0.0925787085200885
geodesic_mapping.step_sizes_by_latent_id[673],0.06800878482317439
geodesic_mapping.step_sizes_by_latent_id[674],0.05589681438572691
geodesic_mapping.step_sizes_by_latent_id[675],0.10137762638872036
geodesic_mapping.step_sizes_by_latent_id[676],0.10787569725681802
geodesic_mapping.step_sizes_by_latent_id[677],0.0370079659834162
geodesic_mapping.step_sizes_by_latent_id[678],0.07735982451508631
geodesic_mapping.step_sizes_by_latent_id[679],0.08255649934904731
geodesic_mapping.step_sizes_by_latent_id[680],0.08595047451825746
geodesic_mapping.step_sizes_by_latent_id[681],0.07092158258980416
geodesic_mapping.step_sizes_by_latent_id[682],0.018615266184604042
geodesic_mapping.step_sizes_by_latent_id[683],0.11068862914187155
geodesic_mapping.step_sizes_by_latent_id[684],0.1022137172559781
geodesic_mapping.step_sizes_by_latent_id[685],0.04190149216076838
geodesic_mapping.step_sizes_by_latent_id[686],0.05679053675902307
geodesic_mapping.step_sizes_by_latent_id[687],0.09378856983118969
geodesic_mapping.step_sizes_by_latent_id[688],0.09714878070135662
geodesic_mapping.step_sizes_by_latent_id[689],0.0621824716087767
geodesic_mapping.step_sizes_by_latent_id[690],0.04692325403138192
geodesic_mapping.step_sizes_by_latent_id[691],0.10437336244055188
geodesic_mapping.step_sizes_by_latent_id[692],0.11091716430541619
geodesic_mapping.step_sizes_by_latent_id[693],0.01992682174666752
geodesic_mapping.step_sizes_by_latent_id[694],0.07263508976932714
geodesic_mapping.step_sizes_by_latent_id[695],0.08737028972675169
geodesic_mapping.step_sizes_by_latent_id[696],0.08164648315639207
geodesic_mapping.step_sizes_by_latent_id[697],0.07638730771294426
geodesic_mapping.step_sizes_by_latent_id[698],0.032009834633553294
geodesic_mapping.step_sizes_by_latent_id[699],0.10626525169011672
geodesic_mapping.step_sizes_by_latent_id[700],0.09765782850897106
geodesic_mapping.step_sizes_by_latent_id[701],0.04882609854307794
geodesic_mapping.step_sizes_by_latent_id[702],0.06387616004824764
geodesic_mapping.step_sizes_by_latent_id[703],0.08958729594383258
geodesic_mapping.step_sizes_by_latent_id[704],0.09638492863740694
geodesic_mapping.step_sizes_by_latent_id[705],0.07450945027049231
geodesic_mapping.step_sizes_by_latent_id[706],0.03991148735725606
geodesic_mapping.step_sizes_by_latent_id[707],0.10792527649529571
geodesic_mapping.step_sizes_by_latent_id[708],0.10244218950544923
geodesic_mapping.step_sizes_by_latent_id[709],0.03971547763859726
geodesic_mapping.step_sizes_by_latent_id[710],0.06272437522769647
geodesic_mapping.step_sizes_by_latent_id[711],0.08084818824839642
geodesic_mapping.step_sizes_by_latent_id[712],0.0849357922931813
geodesic_mapping.step_sizes_by_latent_id[713],0.06681079562593065
geodesic_mapping.step_sizes_by_latent_id[714],0.022487913989084247
geodesic_mapping.step_sizes_by_latent_id[715],0.09783197580969198
geodesic_mapping.step_sizes_by_latent_id[716],0.11212121106845911
geodesic_mapping.step_sizes_by_latent_id[717],0.05161923997031517
geodesic_mapping.step_sizes_by_latent_id[718],0.07086830730429276
geodesic_mapping.step_sizes_by_latent_id[719],0.09280302384074572
geodesic_mapping.step_sizes_by_latent_id[720],0.09014205234903151
geodesic_mapping.step_sizes_by_latent_id[721],0.0744033737278057
geodesic_mapping.step_sizes_by_latent_id[722],0.05604828488937776
geodesic_mapping.step_sizes_by_latent_id[723],0.10986741134509807
geodesic_mapping.step_sizes_by_latent_id[724],0.10041792383369923
geodesic_mapping.step_sizes_by_latent_id[725],0.004058159183460654
geodesic_mapping.step_sizes_by_latent_id[726],0.06294845153460601
geodesic_mapping.step_sizes_by_latent_id[727],0.08768438507977512
geodesic_mapping.step_sizes_by_latent_id[728],0.08389006226108053
geodesic_mapping.step_sizes_by_latent_id[729],0.05882025854169297
geodesic_mapping.step_sizes_by_latent_id[730],0.032626995807678014
geodesic_mapping.step_sizes_by_latent_id[731],0.10480222136446353
geodesic_mapping.step_sizes_by_latent_id[732],0.10569346211941337
geodesic_mapping.step_sizes_by_latent_id[733],0.04575316413286341
geodesic_mapping.step_sizes_by_latent_id[734],0.07770812565454689
geodesic_mapping.step_sizes_by_latent_id[735],0.09368346923217337
geodesic_mapping.step_sizes_by_latent_id[736],0.018876140408194856
geodesic_mapping.step_sizes_by_latent_id[737],0.10390028317965792
geodesic_mapping.step_sizes_by_latent_id[738],0.08007089355428017
geodesic_mapping.step_sizes_by_latent_id[739],0.06771641044245677
geodesic_mapping.step_sizes_by_latent_id[740],0.0729457466609067
geodesic_mapping.step_sizes_by_latent_id[741],0.09506816717049048
geodesic_mapping.step_sizes_by_latent_id[742],0.1082969632606576
geodesic_mapping.step_sizes_by_latent_id[743],0.04888038149251144
geodesic_mapping.step_sizes_by_latent_id[744],0.045906696946073064
geodesic_mapping.step_sizes_by_latent_id[745],0.11068471711610006
geodesic_mapping.step_sizes_by_latent_id[746],0.09227614767519182
geodesic_mapping.step_sizes_by_latent_id[747],0.07485414661507313
geodesic_mapping.step_sizes_by_latent_id[748],0.058914514287279396
geodesic_mapping.step_sizes_by_latent_id[749],0.08763812176648501
geodesic_mapping.step_sizes_by_latent_id[750],0.09760115184940298
geodesic_mapping.step_sizes_by_latent_id[751],0.038354823240360554
geodesic_mapping.step_sizes_by_latent_id[752],0.029921625680357857
geodesic_mapping.step_sizes_by_latent_id[753],0.10127135498626584
geodesic_mapping.step_sizes_by_latent_id[754],0.08569216654020685
geodesic_mapping.step_sizes_by_latent_id[755],0.06044914136983329
geodesic_mapping.step_sizes_by_latent_id[756],0.07909225885991318
geodesic_mapping.step_sizes_by_latent_id[757],0.09001703779061763
geodesic_mapping.step_sizes_by_latent_id[758],0.11074531073934418
geodesic_mapping.step_sizes_by_latent_id[759],0.043050975857357045
geodesic_mapping.step_sizes_by_latent_id[760],0.05604633325533504
geodesic_mapping.step_sizes_by_latent_id[761],0.10591376950843266
geodesic_mapping.step_sizes_by_latent_id[762],0.09565390605759047
geodesic_mapping.step_sizes_by_latent_id[763],0.07048386404176366
geodesic_mapping.step_sizes_by_latent_id[764],0.06410287102544036
geodesic_mapping.step_sizes_by_latent_id[765],0.08392001053188423
geodesic_mapping.step_sizes_by_latent_id[766],0.10274373445193996
geodesic_mapping.step_sizes_by_latent_id[767],0.020986090789001405
geodesic_mapping.step_sizes_by_latent_id[768],0.060279300978367235
geodesic_mapping.step_sizes_by_latent_id[769],0.080814011951849
geodesic_mapping.step_sizes_by_latent_id[770],0.11034727185271602
geodesic_mapping.step_sizes_by_latent_id[771],0.054091414126384824
geodesic_mapping.step_sizes_by_latent_id[772],0.03509098088805748
geodesic_mapping.step_sizes_by_latent_id[773],0.10275034227409924
geodesic_mapping.step_sizes_by_latent_id[774],0.09109825504075596
geodesic_mapping.step_sizes_by_latent_id[775],0.0726383534240081
geodesic_mapping.step_sizes_by_latent_id[776],0.07798532878394318
geodesic_mapping.step_sizes_by_latent_id[777],0.09495570454170267
geodesic_mapping.step_sizes_by_latent_id[778],0.09848520110908177
geodesic_mapping.step_sizes_by_latent_id[779],0.021483539218251444
geodesic_mapping.step_sizes_by_latent_id[780],0.04587818761788906
geodesic_mapping.step_sizes_by_latent_id[781],0.10708807107862588
geodesic_mapping.step_sizes_by_latent_id[782],0.08601575799458797
geodesic_mapping.step_sizes_by_latent_id[783],0.06624366122496142
geodesic_mapping.step_sizes_by_latent_id[784],0.06420190576327287
geodesic_mapping.step_sizes_by_latent_id[785],0.08844538322434448
geodesic_mapping.step_sizes_by_latent_id[786],0.10811210123511081
geodesic_mapping.step_sizes_by_latent_id[787],0.04042527910745066
geodesic_mapping.step_sizes_by_latent_id[788],0.011732643597410742
geodesic_mapping.step_sizes_by_latent_id[789],0.10132757195562234
geodesic_mapping.step_sizes_by_latent_id[790],0.09691548506143587
geodesic_mapping.step_sizes_by_latent_id[791],0.07461024746958912
geodesic_mapping.step_sizes_by_latent_id[792],0.06930069518015412
geodesic_mapping.step_sizes_by_latent_id[793],0.0922828551414249
geodesic_mapping.step_sizes_by_latent_id[794],0.10477816273085792
geodesic_mapping.step_sizes_by_latent_id[795],0.03101611733646372
geodesic_mapping.step_sizes_by_latent_id[796],0.049068522025834345
geodesic_mapping.step_sizes_by_latent_id[797],0.1120241386508821
geodesic_mapping.step_sizes_by_latent_id[798],0.08423658282581922
geodesic_mapping.step_sizes_by_latent_id[799],0.0575036289207623
geodesic_mapping.step_sizes_by_latent_id[800],0.10951999207499118
geodesic_mapping.step_sizes_by_latent_id[801],0.04076641847923692
geodesic_mapping.step_sizes_by_latent_id[802],0.06894481955262882
geodesic_mapping.step_sizes_by_latent_id[803],0.09411103512673934
geodesic_mapping.step_sizes_by_latent_id[804],0.08726015171109314
geodesic_mapping.step_sizes_by_latent_id[805],0.060087318529281945
geodesic_mapping.step_sizes_by_latent_id[806],0.02079848789783024
geodesic_mapping.step_sizes_by_latent_id[807],0.10422768561498182
geodesic_mapping.step_sizes_by_latent_id[808],0.10026685770408592
geodesic_mapping.step_sizes_by_latent_id[809],0.03469686811392834
geodesic_mapping.step_sizes_by_latent_id[810],0.06666013153912868
geodesic_mapping.step_sizes_by_latent_id[811],0.08286235883989984
geodesic_mapping.step_sizes_by_latent_id[812],0.08997577203292594
geodesic_mapping.step_sizes_by_latent_id[813],0.0746654978469777
geodesic_mapping.step_sizes_by_latent_id[814],0.04946086186016983
geodesic_mapping.step_sizes_by_latent_id[815],0.1058125530927624
geodesic_mapping.step_sizes_by_latent_id[816],0.10789163654952579
geodesic_mapping.step_sizes_by_latent_id[817],0.052835443918849284
geodesic_mapping.step_sizes_by_latent_id[818],0.07760185745569742
geodesic_mapping.step_sizes_by_latent_id[819],0.09189143662101565
geodesic_mapping.step_sizes_by_latent_id[820],0.08076245885323069
geodesic_mapping.step_sizes_by_latent_id[821],0.06325295530994429
geodesic_mapping.step_sizes_by_latent_id[822],0.02927274735655025
geodesic_mapping.step_sizes_by_latent_id[823],0.09801943293320911
geodesic_mapping.step_sizes_by_latent_id[824],0.10205967695533247
geodesic_mapping.step_sizes_by_latent_id[825],0.009165764019697913
geodesic_mapping.step_sizes_by_latent_id[826],0.056269435952002275
geodesic_mapping.step_sizes_by_latent_id[827],0.08525931695108682
geodesic_mapping.step_sizes_by_latent_id[828],0.09593640011132072
geodesic_mapping.step_sizes_by_latent_id[829],0.07210407164218471
geodesic_mapping.step_sizes_by_latent_id[830],0.04478412546093706
geodesic_mapping.step_sizes_by_latent_id[831],0.11152324780883958
geodesic_mapping.step_sizes_by_latent_id[832],0.09008439452668049
geodesic_mapping.step_sizes_by_latent_id[833],0.0595891148176593
geodesic_mapping.step_sizes_by_latent_id[834],0.04861305299312973
geodesic_mapping.step_sizes_by_latent_id[835],0.10048255778993123
geodesic_mapping.step_sizes_by_latent_id[836],0.11112461814101385
geodesic_mapping.step_sizes_by_latent_id[837],0.03598168959801936
geodesic_mapping.step_sizes_by_latent_id[838],0.07513466792311121
geodesic_mapping.step_sizes_by_latent_id[839],0.08491412714819642
geodesic_mapping.step_sizes_by_latent_id[840],0.08023490102580653
geodesic_mapping.step_sizes_by_latent_id[841],0.06951733952981495
geodesic_mapping.step_sizes_by_latent_id[842],0.022093188142697184
geodesic_mapping.step_sizes_by_latent_id[843],0.10759409351201249
geodesic_mapping.step_sizes_by_latent_id[844],0.10519551886245426
geodesic_mapping.step_sizes_by_latent_id[845],0.05452522403112766
geodesic_mapping.step_sizes_by_latent_id[846],0.06453441229817973
geodesic_mapping.step_sizes_by_latent_id[847],0.09532203567988327
geodesic_mapping.step_sizes_by_latent_id[848],0.09574163824855371
geodesic_mapping.step_sizes_by_latent_id[849],0.06693264032352166
geodesic_mapping.step_sizes_by_latent_id[850],0.04996982188544563
geodesic_mapping.step_sizes_by_latent_id[851],0.10176219120782104
geodesic_mapping.step_sizes_by_latent_id[852],0.10629651439919036
geodesic_mapping.step_sizes_by_latent_id[853],0.019240277629711124
geodesic_mapping.step_sizes_by_latent_id[854],0.07420793740038095
geodesic_mapping.step_sizes_by_latent_id[855],0.08336698588973476
geodesic_mapping.step_sizes_by_latent_id[856],0.08879562929081124
geodesic_mapping.step_sizes_by_latent_id[857],0.07846997360844418
geodesic_mapping.step_sizes_by_latent_id[858],0.03189418344751886
geodesic_mapping.step_sizes_by_latent_id[859],0.11059232858221094
geodesic_mapping.step_sizes_by_latent_id[860],0.09808481677245708
geodesic_mapping.step_sizes_by_latent_id[861],0.040654292200552354
geodesic_mapping.step_sizes_by_latent_id[862],0.06025725560949177
geodesic_mapping.step_sizes_by_latent_id[863],0.09181820033304039
geodesic_mapping.step_sizes_by_latent_id[864],0.07783343665051908
geodesic_mapping.step_sizes_by_latent_id[865],0.08083644935852874
geodesic_mapping.step_sizes_by_latent_id[866],0.10919336270005786
geodesic_mapping.step_sizes_by_latent_id[867],0.027715820552103067
geodesic_mapping.step_sizes_by_latent_id[868],0.05236749942064331
geodesic_mapping.step_sizes_by_latent_id[869],0.09989986780180432
geodesic_mapping.step_sizes_by_latent_id[870],0.09662894434522763
geodesic_mapping.step_sizes_by_latent_id[871],0.05732548016130219
geodesic_mapping.step_sizes_by_latent_id[872],0.06491429404726923
geodesic_mapping.step_sizes_by_latent_id[873],0.09210684443411941
geodesic_mapping.step_sizes_by_latent_id[874],0.1049045779910576
geodesic_mapping.step_sizes_by_latent_id[875],0.039922264258424184
geodesic_mapping.step_sizes_by_latent_id[876],0.03501629673718521
geodesic_mapping.step_sizes_by_latent_id[877],0.10672883103601812
geodesic_mapping.step_sizes_by_latent_id[878],0.08536739268033448
geodesic_mapping.step_sizes_by_latent_id[879],0.07367879462007004
geodesic_mapping.step_sizes_by_latent_id[880],0.07137871842883357
geodesic_mapping.step_sizes_by_latent_id[881],0.08716249840033886
geodesic_mapping.step_sizes_by_latent_id[882],0.1081690136302229
geodesic_mapping.step_sizes_by_latent_id[883],0.029878340765214683
geodesic_mapping.step_sizes_by_latent_id[884],0.046105742056347716
geodesic_mapping.step_sizes_by_latent_id[885],0.1024621731079706
geodesic_mapping.step_sizes_by_latent_id[886],0.08931394049758815
geodesic_mapping.step_sizes_by_latent_id[887],0.06889147469916274
geodesic_mapping.step_sizes_by_latent_id[888],0.0599643743955871
geodesic_mapping.step_sizes_by_latent_id[889],0.09488783861921996
geodesic_mapping.step_sizes_by_latent_id[890],0.09821590319395364
geodesic_mapping.step_sizes_by_latent_id[891],0.055245265019515336
geodesic_mapping.step_sizes_by_latent_id[892],0.01617099008004938
geodesic_mapping.step_sizes_by_latent_id[893],0.11160348017336459
geodesic_mapping.step_sizes_by_latent_id[894],0.08406252967158578
geodesic_mapping.step_sizes_by_latent_id[895],0.07450870358452337
geodesic_mapping.step_sizes_by_latent_id[896],0.08683428880539533
geodesic_mapping.step_sizes_by_latent_id[897],0.07331403060248859
geodesic_mapping.step_sizes_by_latent_id[898],0.03242279740466308
geodesic_mapping.step_sizes_by_latent_id[899],0.10558536519859757
geodesic_mapping.step_sizes_by_latent_id[900],0.10380427274386417
geodesic_mapping.step_sizes_by_latent_id[901],0.04757524672208947
geodesic_mapping.step_sizes_by_latent_id[902],0.06451952407610768
geodesic_mapping.step_sizes_by_latent_id[903],0.08895587718930126
geodesic_mapping.step_sizes_by_latent_id[904],0.09397250102251892
geodesic_mapping.step_sizes_by_latent_id[905],0.05909530541761182
geodesic_mapping.step_sizes_by_latent_id[906],0.05596147577000799
geodesic_mapping.step_sizes_by_latent_id[907],0.1002765326325036
geodesic_mapping.step_sizes_by_latent_id[908],0.10981704998041399
geodesic_mapping.step_sizes_by_latent_id[909],0.019669564328255056
geodesic_mapping.step_sizes_by_latent_id[910],0.0789749204618408
geodesic_mapping.step_sizes_by_latent_id[911],0.08262228239866475
geodesic_mapping.step_sizes_by_latent_id[912],0.08008451087424501
geodesic_mapping.step_sizes_by_latent_id[913],0.07622477977512833
geodesic_mapping.step_sizes_by_latent_id[914],0.024847649824035627
geodesic_mapping.step_sizes_by_latent_id[915],0.11078495494090784
geodesic_mapping.step_sizes_by_latent_id[916],0.09762806867240886
geodesic_mapping.step_sizes_by_latent_id[917],0.051169858912799744
geodesic_mapping.step_sizes_by_latent_id[918],0.06171936818760907
geodesic_mapping.step_sizes_by_latent_id[919],0.09568481206848294
geodesic_mapping.step_sizes_by_latent_id[920],0.0921145551622628
geodesic_mapping.step_sizes_by_latent_id[921],0.06875310665258634
geodesic_mapping.step_sizes_by_latent_id[922],0.04357051596496563
geodesic_mapping.step_sizes_by_latent_id[923],0.10197791299712575
geodesic_mapping.step_sizes_by_latent_id[924],0.10774498592996977
geodesic_mapping.step_sizes_by_latent_id[925],0.03910175659093884
geodesic_mapping.step_sizes_by_latent_id[926],0.07138938660731024
geodesic_mapping.step_sizes_by_latent_id[927],0.0852970805420734
geodesic_mapping.step_sizes_by_latent_id[928],0.10809459282665583
geodesic_mapping.step_sizes_by_latent_id[929],0.06641687136445013
geodesic_mapping.step_sizes_by_latent_id[930],0.006336938264088969
geodesic_mapping.step_sizes_by_latent_id[931],0.09476100084237371
geodesic_mapping.step_sizes_by_latent_id[932],0.08852819316276238
geodesic_mapping.step_sizes_by_latent_id[933],0.046591127605104886
geodesic_mapping.step_sizes_by_latent_id[934],0.07511216433983821
geodesic_mapping.step_sizes_by_latent_id[935],0.09929720642378187
geodesic_mapping.step_sizes_by_latent_id[936],0.10413931172030057
geodesic_mapping.step_sizes_by_latent_id[937],0.07381112039102025
geodesic_mapping.step_sizes_by_latent_id[938],0.052509013476171824
geodesic_mapping.step_sizes_by_latent_id[939],0.08037444689396842
geodesic_mapping.step_sizes_by_latent_id[940],0.09155475263278329
geodesic_mapping.step_sizes_by_latent_id[941],0.03778973623801052
geodesic_mapping.step_sizes_by_latent_id[942],0.058439956652606685
geodesic_mapping.step_sizes_by_latent_id[943],0.109036300579308
geodesic_mapping.step_sizes_by_latent_id[944],0.11152027149850674
geodesic_mapping.step_sizes_by_latent_id[945],0.062448056026213894
geodesic_mapping.step_sizes_by_latent_id[946],0.03378829681281396
geodesic_mapping.step_sizes_by_latent_id[947],0.08962439747656716
geodesic_mapping.step_sizes_by_latent_id[948],0.08240916512332658
geodesic_mapping.step_sizes_by_latent_id[949],0.054549203930800844
geodesic_mapping.step_sizes_by_latent_id[950],0.07093339365677757
geodesic_mapping.step_sizes_by_latent_id[951],0.10156604480976192
geodesic_mapping.step_sizes_by_latent_id[952],0.10055449128481894
geodesic_mapping.step_sizes_by_latent_id[953],0.07763697894070769
geodesic_mapping.step_sizes_by_latent_id[954],0.03984628434395632
geodesic_mapping.step_sizes_by_latent_id[955],0.085957122697372
geodesic_mapping.step_sizes_by_latent_id[956],0.0970036277119514
geodesic_mapping.step_sizes_by_latent_id[957],0.02356276260747106
geodesic_mapping.step_sizes_by_latent_id[958],0.06398044494202486
geodesic_mapping.step_sizes_by_latent_id[959],0.10701274698838789
geodesic_mapping.step_sizes_by_latent_id[960],0.07177498365920727
geodesic_mapping.step_sizes_by_latent_id[961],0.08736570053665288
geodesic_mapping.step_sizes_by_latent_id[962],0.11195727357944299
geodesic_mapping.step_sizes_by_latent_id[963],0.028009974621172003
geodesic_mapping.step_sizes_by_latent_id[964],0.04236413589778849
geodesic_mapping.step_sizes_by_latent_id[965],0.10288360842782815
geodesic_mapping.step_sizes_by_latent_id[966],0.09379250695267927
geodesic_mapping.step_sizes_by_latent_id[967],0.05783402136593145
geodesic_mapping.step_sizes_by_latent_id[968],0.06396131174513407
geodesic_mapping.step_sizes_by_latent_id[969],0.08910359137406387
geodesic_mapping.step_sizes_by_latent_id[970],0.09930974465368633
geodesic_mapping.step_sizes_by_latent_id[971],0.05126838764550097
geodesic_mapping.step_sizes_by_latent_id[972],0.038973488511982096
geodesic_mapping.step_sizes_by_latent_id[973],0.10822944394187943
geodesic_mapping.step_sizes_by_latent_id[974],0.08290241090701447
geodesic_mapping.step_sizes_by_latent_id[975],0.07744831959916339
geodesic_mapping.step_sizes_by_latent_id[976],0.07488116558036921
geodesic_mapping.step_sizes_by_latent_id[977],0.08054981529028855
geodesic_mapping.step_sizes_by_latent_id[978],0.10636564370617003
geodesic_mapping.step_sizes_by_latent_id[979],0.03335346610485054
geodesic_mapping.step_sizes_by_latent_id[980],0.05495043604686736
geodesic_mapping.step_sizes_by_latent_id[981],0.10122703485517794
geodesic_mapping.step_sizes_by_latent_id[982],0.0913201146328842
geodesic_mapping.step_sizes_by_latent_id[983],0.06706397742749763
geodesic_mapping.step_sizes_by_latent_id[984],0.06114392838406006
geodesic_mapping.step_sizes_by_latent_id[985],0.09583840156474485
geodesic_mapping.step_sizes_by_latent_id[986],0.10479621802155793
geodesic_mapping.step_sizes_by_latent_id[987],0.04688039003615704
geodesic_mapping.step_sizes_by_latent_id[988],0.01976868158021395
geodesic_mapping.step_sizes_by_latent_id[989],0.11021079567041356
geodesic_mapping.step_sizes_by_latent_id[990],0.08506179183834055
geodesic_mapping.step_sizes_by_latent_id[991],0.06891040762697656
geodesic_mapping.step_sizes_by_latent_id[992],0.06103788083670971
geodesic_mapping.step_sizes_by_latent_id[993],0.09113033355892802
geodesic_mapping.step_sizes_by_latent_id[994],0.11047592510563933
geodesic_mapping.step_sizes_by_latent_id[995],0.036190455150664776
geodesic_mapping.step_sizes_by_latent_id[996],0.04108333371891473
geodesic_mapping.step_sizes_by_latent_id[997],0.10104274384077637
geodesic_mapping.step_sizes_by_latent_id[998],0.08884211773484955
geodesic_mapping.step_sizes_by_latent_id[999],0.07540964926702631
geodesic_mapping.step_sizes_by_latent_id[1000],0.07347567934208203
geodesic_mapping.step_sizes_by_latent_id[1001],0.08003810074229781
geodesic_mapping.step_sizes_by_latent_id[1002],0.10157933526622995
geodesic_mapping.step_sizes_by_latent_id[1003],0.054504410080517714
geodesic_mapping.step_sizes_by_latent_id[1004],0.014568993192929555
geodesic_mapping.step_sizes_by_latent_id[1005],0.10730936417944108
geodesic_mapping.step_sizes_by_latent_id[1006],0.09584329737839978
geodesic_mapping.step_sizes_by_latent_id[1007],0.0649898391112611
geodesic_mapping.step_sizes_by_latent_id[1008],0.06778138485821884
geodesic_mapping.step_sizes_by_latent_id[1009],0.09336178958036846
geodesic_mapping.step_sizes_by_latent_id[1010],0.10556685534054408
geodesic_mapping.step_sizes_by_latent_id[1011],0.026116496673137486
geodesic_mapping.step_sizes_by_latent_id[1012],0.051470795206763384
geodesic_mapping.step_sizes_by_latent_id[1013],0.10362782663867671
geodesic_mapping.step_sizes_by_latent_id[1014],0.08202016891839871
geodesic_mapping.step_sizes_by_latent_id[1015],0.07055910970730155
geodesic_mapping.step_sizes_by_latent_id[1016],0.07783021152958475
geodesic_mapping.step_sizes_by_latent_id[1017],0.08615752031206496
geodesic_mapping.step_sizes_by_latent_id[1018],0.09919166833631646
geodesic_mapping.step_sizes_by_latent_id[1019],0.04644745514581869
geodesic_mapping.step_sizes_by_latent_id[1020],0.03144122113391241
geodesic_mapping.step_sizes_by_latent_id[1021],0.11236104952384393
geodesic_mapping.step_sizes_by_latent_id[1022],0.09287754256064021
geodesic_mapping.step_sizes_by_latent_id[1023],0.05749126652257125
geodesic_mapping.step_sizes_by_latent_id[1024],0.05036416502646626
geodesic_mapping.step_sizes_by_latent_id[1025],0.07305900458998628
geodesic_mapping.step_sizes_by_latent_id[1026],0.05963501332318754
geodesic_mapping.step_sizes_by_latent_id[1027],0.03936138701665192
geodesic_mapping.step_sizes_by_latent_id[1028],0.027493416464817757
geodesic_mapping.step_sizes_by_latent_id[1029],0.06594099882270142
geodesic_mapping.step_sizes_by_latent_id[1030],0.07827143193181901
geodesic_mapping.step_sizes_by_latent_id[1031],0.04178768635177868
geodesic_mapping.step_sizes_by_latent_id[1032],0.047422377498861544
geodesic_mapping.step_sizes_by_latent_id[1033],0.07630389968019732
geodesic_mapping.step_sizes_by_latent_id[1034],0.06665298184398645
geodesic_mapping.step_sizes_by_latent_id[1035],0.008305495081613082
geodesic_mapping.step_sizes_by_latent_id[1036],0.02939315526140151
geodesic_mapping.step_sizes_by_latent_id[1037],0.060382989112908146
geodesic_mapping.step_sizes_by_latent_id[1038],0.07095794810624932
geodesic_mapping.step_sizes_by_latent_id[1039],0.05508706782412411
geodesic_mapping.step_sizes_by_latent_id[1040],0.0528424092172531
geodesic_mapping.step_sizes_by_latent_id[1041],0.06916422017020361
geodesic_mapping.step_sizes_by_latent_id[1042],0.06164036878561577
geodesic_mapping.step_sizes_by_latent_id[1043],0.03174782860647743
geodesic_mapping.step_sizes_by_latent_id[1044],0.014913674873811966
geodesic_mapping.step_sizes_by_latent_id[1045],0.0677243946776119
geodesic_mapping.step_sizes_by_latent_id[1046],0.07469949039099046
geodesic_mapping.step_sizes_by_latent_id[1047],0.04469378089405943
geodesic_mapping.step_sizes_by_latent_id[1048],0.04350504440931471
geodesic_mapping.step_sizes_by_latent_id[1049],0.07921989649586317
geodesic_mapping.step_sizes_by_latent_id[1050],0.06402341628816172
geodesic_mapping.step_sizes_by_latent_id[1051],0.02258214959240773
geodesic_mapping.step_sizes_by_latent_id[1052],0.0360568415998209
geodesic_mapping.step_sizes_by_latent_id[1053],0.05753603275134396
geodesic_mapping.step_sizes_by_latent_id[1054],0.07405472024591309
geodesic_mapping.step_sizes_by_latent_id[1055],0.0518259542330177
geodesic_mapping.step_sizes_by_latent_id[1056],0.04424165016571647
geodesic_mapping.step_sizes_by_latent_id[1057],0.06206017121922381
geodesic_mapping.step_sizes_by_latent_id[1058],0.07573876870821997
geodesic_mapping.step_sizes_by_latent_id[1059],0.03881123895838195
geodesic_mapping.step_sizes_by_latent_id[1060],0.023423831388688306
geodesic_mapping.step_sizes_by_latent_id[1061],0.06939609788730827
geodesic_mapping.step_sizes_by_latent_id[1062],0.06616024982471452
geodesic_mapping.step_sizes_by_latent_id[1063],0.05020085171553391
geodesic_mapping.step_sizes_by_latent_id[1064],0.05454031449484562
geodesic_mapping.step_sizes_by_latent_id[1065],0.06533978955000984
geodesic_mapping.step_sizes_by_latent_id[1066],0.07432313398619257
geodesic_mapping.step_sizes_by_latent_id[1067],0.016926527646538462
geodesic_mapping.step_sizes_by_latent_id[1068],0.028687138814615876
geodesic_mapping.step_sizes_by_latent_id[1069],0.07792764280978269
geodesic_mapping.step_sizes_by_latent_id[1070],0.05764346137918099
geodesic_mapping.step_sizes_by_latent_id[1071],0.0451716373914274
geodesic_mapping.step_sizes_by_latent_id[1072],0.04796728594488042
geodesic_mapping.step_sizes_by_latent_id[1073],0.05839622570716598
geodesic_mapping.step_sizes_by_latent_id[1074],0.07864449293121169
geodesic_mapping.step_sizes_by_latent_id[1075],0.03402443576871833
geodesic_mapping.step_sizes_by_latent_id[1076],0.00998516204999241
geodesic_mapping.step_sizes_by_latent_id[1077],0.07186156985118579
geodesic_mapping.step_sizes_by_latent_id[1078],0.06350794064306724
geodesic_mapping.step_sizes_by_latent_id[1079],0.054415935186665744
geodesic_mapping.step_sizes_by_latent_id[1080],0.051290586507748294
geodesic_mapping.step_sizes_by_latent_id[1081],0.0686312321506467
geodesic_mapping.step_sizes_by_latent_id[1082],0.07123865043442817
geodesic_mapping.step_sizes_by_latent_id[1083],0.025194695792302154
geodesic_mapping.step_sizes_by_latent_id[1084],0.03565865354477581
geodesic_mapping.step_sizes_by_latent_id[1085],0.07565753728186227
geodesic_mapping.step_sizes_by_latent_id[1086],0.06054998782062389
geodesic_mapping.step_sizes_by_latent_id[1087],0.03998904357436728
geodesic_mapping.step_sizes_by_latent_id[1088],0.016471607467771567
geodesic_mapping.step_sizes_by_latent_id[1089],0.06351475252717081
geodesic_mapping.step_sizes_by_latent_id[1090],0.0728551994111358
geodesic_mapping.step_sizes_by_latent_id[1091],0.05612742192311234
geodesic_mapping.step_sizes_by_latent_id[1092],0.043070327570533924
geodesic_mapping.step_sizes_by_latent_id[1093],0.07486725175391634
geodesic_mapping.step_sizes_by_latent_id[1094],0.06115248393326284
geodesic_mapping.step_sizes_by_latent_id[1095],0.039310675408026276
geodesic_mapping.step_sizes_by_latent_id[1096],0.03220561853327066
geodesic_mapping.step_sizes_by_latent_id[1097],0.056303849744869634
geodesic_mapping.step_sizes_by_latent_id[1098],0.07793472854543704
geodesic_mapping.step_sizes_by_latent_id[1099],0.04781468800138436
geodesic_mapping.step_sizes_by_latent_id[1100],0.05070986370130462
geodesic_mapping.step_sizes_by_latent_id[1101],0.06921383449008715
geodesic_mapping.step_sizes_by_latent_id[1102],0.06675416340042607
geodesic_mapping.step_sizes_by_latent_id[1103],0.02703214880113631
geodesic_mapping.step_sizes_by_latent_id[1104],0.02139778116465002
geodesic_mapping.step_sizes_by_latent_id[1105],0.06804474475002863
geodesic_mapping.step_sizes_by_latent_id[1106],0.07149323746587913
geodesic_mapping.step_sizes_by_latent_id[1107],0.05047145850078107
geodesic_mapping.step_sizes_by_latent_id[1108],0.04542283296534469
geodesic_mapping.step_sizes_by_latent_id[1109],0.07872724420369312
geodesic_mapping.step_sizes_by_latent_id[1110],0.05949738909010238
geodesic_mapping.step_sizes_by_latent_id[1111],0.031048980111950376
geodesic_mapping.step_sizes_by_latent_id[1112],0.03499323362803926
geodesic_mapping.step_sizes_by_latent_id[1113],0.061349574744932606
geodesic_mapping.step_sizes_by_latent_id[1114],0.0766681033164037
geodesic_mapping.step_sizes_by_latent_id[1115],0.04100010177930224
geodesic_mapping.step_sizes_by_latent_id[1116],0.0527299151918923
geodesic_mapping.step_sizes_by_latent_id[1117],0.07335606181718889
geodesic_mapping.step_sizes_by_latent_id[1118],0.06524725725415147
geodesic_mapping.step_sizes_by_latent_id[1119],0.01212972505412702
geodesic_mapping.step_sizes_by_latent_id[1120],0.027366001514168074
geodesic_mapping.step_sizes_by_latent_id[1121],0.07952856445860554
geodesic_mapping.step_sizes_by_latent_id[1122],0.05784027549569375
geodesic_mapping.step_sizes_by_latent_id[1123],0.05039775023152924
geodesic_mapping.step_sizes_by_latent_id[1124],0.047362601211424424
geodesic_mapping.step_sizes_by_latent_id[1125],0.0680186035396619
geodesic_mapping.step_sizes_by_latent_id[1126],0.06954077222803198
geodesic_mapping.step_sizes_by_latent_id[1127],0.029078588462070707
geodesic_mapping.step_sizes_by_latent_id[1128],0.03792241378488078
geodesic_mapping.step_sizes_by_latent_id[1129],0.07369930233877098
geodesic_mapping.step_sizes_by_latent_id[1130],0.0635132827186141
geodesic_mapping.step_sizes_by_latent_id[1131],0.04058939962609429
geodesic_mapping.step_sizes_by_latent_id[1132],0.055996439198910966
geodesic_mapping.step_sizes_by_latent_id[1133],0.06275382486706754
geodesic_mapping.step_sizes_by_latent_id[1134],0.07569066073125376
geodesic_mapping.step_sizes_by_latent_id[1135],0.01250218941748016
geodesic_mapping.step_sizes_by_latent_id[1136],0.016244941474851726
geodesic_mapping.step_sizes_by_latent_id[1137],0.07625473110259362
geodesic_mapping.step_sizes_by_latent_id[1138],0.06042134951336351
geodesic_mapping.step_sizes_by_latent_id[1139],0.053119780524233946
geodesic_mapping.step_sizes_by_latent_id[1140],0.04400870424010837
geodesic_mapping.step_sizes_by_latent_id[1141],0.06592314127655033
geodesic_mapping.step_sizes_by_latent_id[1142],0.0729469488549113
geodesic_mapping.step_sizes_by_latent_id[1143],0.036812230557633975
geodesic_mapping.step_sizes_by_latent_id[1144],0.03401055915029791
geodesic_mapping.step_sizes_by_latent_id[1145],0.07159579711934118
geodesic_mapping.step_sizes_by_latent_id[1146],0.06741165414629122
geodesic_mapping.step_sizes_by_latent_id[1147],0.0461748126379519
geodesic_mapping.step_sizes_by_latent_id[1148],0.051248528879010574
geodesic_mapping.step_sizes_by_latent_id[1149],0.05875642260899769
geodesic_mapping.step_sizes_by_latent_id[1150],0.0775250377450944
geodesic_mapping.step_sizes_by_latent_id[1151],0.021502763169814722
geodesic_mapping.step_sizes_by_latent_id[1152],0.015991875110548903
geodesic_mapping.step_sizes_by_latent_id[1153],0.07819868025715081
geodesic_mapping.step_sizes_by_latent_id[1154],0.057060732512308386
geodesic_mapping.step_sizes_by_latent_id[1155],0.05593221779592876
geodesic_mapping.step_sizes_by_latent_id[1156],0.04308960056469735
geodesic_mapping.step_sizes_by_latent_id[1157],0.06710055892449017
geodesic_mapping.step_sizes_by_latent_id[1158],0.0694192210544343
geodesic_mapping.step_sizes_by_latent_id[1159],0.0397103416982191
geodesic_mapping.step_sizes_by_latent_id[1160],0.029105301831173422
geodesic_mapping.step_sizes_by_latent_id[1161],0.07432649352229993
geodesic_mapping.step_sizes_by_latent_id[1162],0.06514207633488625
geodesic_mapping.step_sizes_by_latent_id[1163],0.04626097679666549
geodesic_mapping.step_sizes_by_latent_id[1164],0.04947039146261913
geodesic_mapping.step_sizes_by_latent_id[1165],0.06253884054843897
geodesic_mapping.step_sizes_by_latent_id[1166],0.07620606040453504
geodesic_mapping.step_sizes_by_latent_id[1167],0.024276503172813196
geodesic_mapping.step_sizes_by_latent_id[1168],0.027819060358655775
geodesic_mapping.step_sizes_by_latent_id[1169],0.07482009074236114
geodesic_mapping.step_sizes_by_latent_id[1170],0.06102021408285084
geodesic_mapping.step_sizes_by_latent_id[1171],0.051572559537701984
geodesic_mapping.step_sizes_by_latent_id[1172],0.048214379830992325
geodesic_mapping.step_sizes_by_latent_id[1173],0.0635151593166608
geodesic_mapping.step_sizes_by_latent_id[1174],0.0730533408296945
geodesic_mapping.step_sizes_by_latent_id[1175],0.03255034176022105
geodesic_mapping.step_sizes_by_latent_id[1176],0.03698103143351174
geodesic_mapping.step_sizes_by_latent_id[1177],0.07073596601943605
geodesic_mapping.step_sizes_by_latent_id[1178],0.06866506439016896
geodesic_mapping.step_sizes_by_latent_id[1179],0.040854332148394755
geodesic_mapping.step_sizes_by_latent_id[1180],0.05402865454996584
geodesic_mapping.step_sizes_by_latent_id[1181],0.058655595208170444
geodesic_mapping.step_sizes_by_latent_id[1182],0.07954522406261938
geodesic_mapping.step_sizes_by_latent_id[1183],0.008252269645163417
geodesic_mapping.step_sizes_by_latent_id[1184],0.06354104892910532
geodesic_mapping.step_sizes_by_latent_id[1185],0.05135202093281034
geodesic_mapping.step_sizes_by_latent_id[1186],0.020497043540991997
geodesic_mapping.step_sizes_by_latent_id[1187],0.07324389923002826
geodesic_mapping.step_sizes_by_latent_id[1188],0.07908596838781216
geodesic_mapping.step_sizes_by_latent_id[1189],0.03619378881144123
geodesic_mapping.step_sizes_by_latent_id[1190],0.044100728112606576
geodesic_mapping.step_sizes_by_latent_id[1191],0.05783896146719559
geodesic_mapping.step_sizes_by_latent_id[1192],0.0609237091341631
geodesic_mapping.step_sizes_by_latent_id[1193],0.04868183774439506
geodesic_mapping.step_sizes_by_latent_id[1194],0.0304664108864019
geodesic_mapping.step_sizes_by_latent_id[1195],0.07645246142398206
geodesic_mapping.step_sizes_by_latent_id[1196],0.0703922370946732
geodesic_mapping.step_sizes_by_latent_id[1197],0.006190857072492417
geodesic_mapping.step_sizes_by_latent_id[1198],0.055336164629129575
geodesic_mapping.step_sizes_by_latent_id[1199],0.0663611903604733
geodesic_mapping.step_sizes_by_latent_id[1200],0.06883891861843817
geodesic_mapping.step_sizes_by_latent_id[1201],0.054076576789607284
geodesic_mapping.step_sizes_by_latent_id[1202],0.0173115364059084
geodesic_mapping.step_sizes_by_latent_id[1203],0.06994310681359077
geodesic_mapping.step_sizes_by_latent_id[1204],0.07472715078836202
geodesic_mapping.step_sizes_by_latent_id[1205],0.03149378948237703
geodesic_mapping.step_sizes_by_latent_id[1206],0.04510433591451801
geodesic_mapping.step_sizes_by_latent_id[1207],0.062039387942938805
geodesic_mapping.step_sizes_by_latent_id[1208],0.058569530369068964
geodesic_mapping.step_sizes_by_latent_id[1209],0.04077092875598888
geodesic_mapping.step_sizes_by_latent_id[1210],0.0376777100106427
geodesic_mapping.step_sizes_by_latent_id[1211],0.07711695369693326
geodesic_mapping.step_sizes_by_latent_id[1212],0.07249071911435588
geodesic_mapping.step_sizes_by_latent_id[1213],0.026971346394688712
geodesic_mapping.step_sizes_by_latent_id[1214],0.05051861507524766
geodesic_mapping.step_sizes_by_latent_id[1215],0.06572908232619763
geodesic_mapping.step_sizes_by_latent_id[1216],0.07811710490626683
geodesic_mapping.step_sizes_by_latent_id[1217],0.004539472083049359
geodesic_mapping.step_sizes_by_latent_id[1218],0.05396705384497178
geodesic_mapping.step_sizes_by_latent_id[1219],0.057090302409059816
geodesic_mapping.step_sizes_by_latent_id[1220],0.06448512247592622
geodesic_mapping.step_sizes_by_latent_id[1221],0.04825237531946302
geodesic_mapping.step_sizes_by_latent_id[1222],0.032685110900177825
geodesic_mapping.step_sizes_by_latent_id[1223],0.07395340558952307
geodesic_mapping.step_sizes_by_latent_id[1224],0.07133426108712787
geodesic_mapping.step_sizes_by_latent_id[1225],0.038454891243250515
geodesic_mapping.step_sizes_by_latent_id[1226],0.0441446762683847
geodesic_mapping.step_sizes_by_latent_id[1227],0.06759981747125957
geodesic_mapping.step_sizes_by_latent_id[1228],0.060331014148848776
geodesic_mapping.step_sizes_by_latent_id[1229],0.050019800397877935
geodesic_mapping.step_sizes_by_latent_id[1230],0.020003659524845854
geodesic_mapping.step_sizes_by_latent_id[1231],0.075437911767861
geodesic_mapping.step_sizes_by_latent_id[1232],0.07573883095927945
geodesic_mapping.step_sizes_by_latent_id[1233],0.02724597607864073
geodesic_mapping.step_sizes_by_latent_id[1234],0.05142974853515626
geodesic_mapping.step_sizes_by_latent_id[1235],0.06230387507778947
geodesic_mapping.step_sizes_by_latent_id[1236],0.06724240051224491
geodesic_mapping.step_sizes_by_latent_id[1237],0.04004817292026996
geodesic_mapping.step_sizes_by_latent_id[1238],0.03650013248965798
geodesic_mapping.step_sizes_by_latent_id[1239],0.06959280369486298
geodesic_mapping.step_sizes_by_latent_id[1240],0.07222579663975943
geodesic_mapping.step_sizes_by_latent_id[1241],0.030242807001236053
geodesic_mapping.step_sizes_by_latent_id[1242],0.04447756334040943
geodesic_mapping.step_sizes_by_latent_id[1243],0.0640691052352043
geodesic_mapping.step_sizes_by_latent_id[1244],0.05923145043979053
geodesic_mapping.step_sizes_by_latent_id[1245],0.05534122376627345
geodesic_mapping.step_sizes_by_latent_id[1246],0.01918191880179892
geodesic_mapping.step_sizes_by_latent_id[1247],0.0784414523734681
geodesic_mapping.step_sizes_by_latent_id[1248],0.04989864763524276
geodesic_mapping.step_sizes_by_latent_id[1249],0.06114799966706561
geodesic_mapping.step_sizes_by_latent_id[1250],0.07231710327361456
geodesic_mapping.step_sizes_by_latent_id[1251],0.02830962069701455
geodesic_mapping.step_sizes_by_latent_id[1252],0.010057526835376886
geodesic_mapping.step_sizes_by_latent_id[1253],0.07828525385211225
geodesic_mapping.step_sizes_by_latent_id[1254],0.0665648052368786
geodesic_mapping.step_sizes_by_latent_id[1255],0.04001389212414355
geodesic_mapping.step_sizes_by_latent_id[1256],0.046064514474906774
geodesic_mapping.step_sizes_by_latent_id[1257],0.06409208462156644
geodesic_mapping.step_sizes_by_latent_id[1258],0.07490813703526364
geodesic_mapping.step_sizes_by_latent_id[1259],0.02051233675983195
geodesic_mapping.step_sizes_by_latent_id[1260],0.036356656105267365
geodesic_mapping.step_sizes_by_latent_id[1261],0.07005102684227041
geodesic_mapping.step_sizes_by_latent_id[1262],0.056757464752392156
geodesic_mapping.step_sizes_by_latent_id[1263],0.053007435749868416
geodesic_mapping.step_sizes_by_latent_id[1264],0.0558805884123404
geodesic_mapping.step_sizes_by_latent_id[1265],0.05917615998018698
geodesic_mapping.step_sizes_by_latent_id[1266],0.07057288682401504
geodesic_mapping.step_sizes_by_latent_id[1267],0.03802861778758319
geodesic_mapping.step_sizes_by_latent_id[1268],0.02767764642932784
geodesic_mapping.step_sizes_by_latent_id[1269],0.0765453662786412
geodesic_mapping.step_sizes_by_latent_id[1270],0.06479333129632354
geodesic_mapping.step_sizes_by_latent_id[1271],0.04721561847585164
geodesic_mapping.step_sizes_by_latent_id[1272],0.04425796511393141
geodesic_mapping.step_sizes_by_latent_id[1273],0.06831162259616193
geodesic_mapping.step_sizes_by_latent_id[1274],0.07830992341997524
geodesic_mapping.step_sizes_by_latent_id[1275],0.017176910529595565
geodesic_mapping.step_sizes_by_latent_id[1276],0.03429409177309313
geodesic_mapping.step_sizes_by_latent_id[1277],0.0738130979912451
geodesic_mapping.step_sizes_by_latent_id[1278],0.061444161633798275
geodesic_mapping.step_sizes_by_latent_id[1279],0.05149100044307739
geodesic_mapping.step_sizes_by_latent_id[1280],0.02990320768407057
geodesic_mapping.step_sizes_by_latent_id[1281],0.05661141657793586
geodesic_mapping.step_sizes_by_latent_id[1282],0.07618401687391907
geodesic_mapping.step_sizes_by_latent_id[1283],0.04426795867160545
geodesic_mapping.step_sizes_by_latent_id[1284],0.055956976575974524
geodesic_mapping.step_sizes_by_latent_id[1285],0.07359868227472936
geodesic_mapping.step_sizes_by_latent_id[1286],0.06601444908511185
geodesic_mapping.step_sizes_by_latent_id[1287],0.02318945528098821
geodesic_mapping.step_sizes_by_latent_id[1288],0.013949247431046245
geodesic_mapping.step_sizes_by_latent_id[1289],0.06334676629295383
geodesic_mapping.step_sizes_by_latent_id[1290],0.07053156879153988
geodesic_mapping.step_sizes_by_latent_id[1291],0.051838036007255284
geodesic_mapping.step_sizes_by_latent_id[1292],0.04803624944252594
geodesic_mapping.step_sizes_by_latent_id[1293],0.07842620073628007
geodesic_mapping.step_sizes_by_latent_id[1294],0.06042787266658753
geodesic_mapping.step_sizes_by_latent_id[1295],0.036602249208403215
geodesic_mapping.step_sizes_by_latent_id[1296],0.03757089933820843
geodesic_mapping.step_sizes_by_latent_id[1297],0.0622104740762103
geodesic_mapping.step_sizes_by_latent_id[1298],0.07829299132728337
geodesic_mapping.step_sizes_by_latent_id[1299],0.045142780822898285
geodesic_mapping.step_sizes_by_latent_id[1300],0.04962265801758788
geodesic_mapping.step_sizes_by_latent_id[1301],0.06997643684858461
geodesic_mapping.step_sizes_by_latent_id[1302],0.06548726804212857
geodesic_mapping.step_sizes_by_latent_id[1303],0.014886591002934792
geodesic_mapping.step_sizes_by_latent_id[1304],0.02579174160161271
geodesic_mapping.step_sizes_by_latent_id[1305],0.06878241806254921
geodesic_mapping.step_sizes_by_latent_id[1306],0.07239749539763558
geodesic_mapping.step_sizes_by_latent_id[1307],0.05297123109600028
geodesic_mapping.step_sizes_by_latent_id[1308],0.0399092191599874
geodesic_mapping.step_sizes_by_latent_id[1309],0.07538396553907523
geodesic_mapping.step_sizes_by_latent_id[1310],0.0593622574732053
geodesic_mapping.step_sizes_by_latent_id[1311],0.03260934820808673
geodesic_mapping.step_sizes_by_latent_id[1312],0.07382425996336293
geodesic_mapping.step_sizes_by_latent_id[1313],0.041757737841909635
geodesic_mapping.step_sizes_by_latent_id[1314],0.01709871953994201
geodesic_mapping.step_sizes_by_latent_id[1315],0.05989766471419512
geodesic_mapping.step_sizes_by_latent_id[1316],0.06321387578661238
geodesic_mapping.step_sizes_by_latent_id[1317],0.038300294891855574
geodesic_mapping.step_sizes_by_latent_id[1318],0.054021014815536866
geodesic_mapping.step_sizes_by_latent_id[1319],0.07653933218347493
geodesic_mapping.step_sizes_by_latent_id[1320],0.0783681462126772
geodesic_mapping.step_sizes_by_latent_id[1321],0.04934759560660335
geodesic_mapping.step_sizes_by_latent_id[1322],0.034392925402457336
geodesic_mapping.step_sizes_by_latent_id[1323],0.06691983287435616
geodesic_mapping.step_sizes_by_latent_id[1324],0.05748473164736029
geodesic_mapping.step_sizes_by_latent_id[1325],0.027845817965960817
geodesic_mapping.step_sizes_by_latent_id[1326],0.04503011398095267
geodesic_mapping.step_sizes_by_latent_id[1327],0.07048253956381452
geodesic_mapping.step_sizes_by_latent_id[1328],0.06985028723951092
geodesic_mapping.step_sizes_by_latent_id[1329],0.04860419147876928
geodesic_mapping.step_sizes_by_latent_id[1330],0.021548495044798936
geodesic_mapping.step_sizes_by_latent_id[1331],0.058028323708691744
geodesic_mapping.step_sizes_by_latent_id[1332],0.06757635361632042
geodesic_mapping.step_sizes_by_latent_id[1333],0.029118203239403048
geodesic_mapping.step_sizes_by_latent_id[1334],0.052401418397825424
geodesic_mapping.step_sizes_by_latent_id[1335],0.07796365528241546
geodesic_mapping.step_sizes_by_latent_id[1336],0.07464558907723055
geodesic_mapping.step_sizes_by_latent_id[1337],0.0552737947897265
geodesic_mapping.step_sizes_by_latent_id[1338],0.036789874235474605
geodesic_mapping.step_sizes_by_latent_id[1339],0.06524159175962593
geodesic_mapping.step_sizes_by_latent_id[1340],0.062239163908915214
geodesic_mapping.step_sizes_by_latent_id[1341],0.012449681213849005
geodesic_mapping.step_sizes_by_latent_id[1342],0.0430895174061854
geodesic_mapping.step_sizes_by_latent_id[1343],0.07203607676463848
geodesic_mapping.step_sizes_by_latent_id[1344],0.03807740271746743
geodesic_mapping.step_sizes_by_latent_id[1345],0.05697734609125465
geodesic_mapping.step_sizes_by_latent_id[1346],0.07667014989283309
geodesic_mapping.step_sizes_by_latent_id[1347],0.045633354942759614
geodesic_mapping.step_sizes_by_latent_id[1348],0.05133300829872604
geodesic_mapping.step_sizes_by_latent_id[1349],0.07229117650583647
geodesic_mapping.step_sizes_by_latent_id[1350],0.06852320626827313
geodesic_mapping.step_sizes_by_latent_id[1351],0.009947773091642204
geodesic_mapping.step_sizes_by_latent_id[1352],0.021832814701853397
geodesic_mapping.step_sizes_by_latent_id[1353],0.06496411174002566
geodesic_mapping.step_sizes_by_latent_id[1354],0.06962969526723956
geodesic_mapping.step_sizes_by_latent_id[1355],0.05576896601595106
geodesic_mapping.step_sizes_by_latent_id[1356],0.04083646344694944
geodesic_mapping.step_sizes_by_latent_id[1357],0.07869386751141953
geodesic_mapping.step_sizes_by_latent_id[1358],0.06050803746267209
geodesic_mapping.step_sizes_by_latent_id[1359],0.033696553054851155
geodesic_mapping.step_sizes_by_latent_id[1360],0.030042113441722567
geodesic_mapping.step_sizes_by_latent_id[1361],0.06238475504671138
geodesic_mapping.step_sizes_by_latent_id[1362],0.07764790940155522
geodesic_mapping.step_sizes_by_latent_id[1363],0.042800596837869104
geodesic_mapping.step_sizes_by_latent_id[1364],0.05371767847068471
geodesic_mapping.step_sizes_by_latent_id[1365],0.07123992908744425
geodesic_mapping.step_sizes_by_latent_id[1366],0.06363952661889818
geodesic_mapping.step_sizes_by_latent_id[1367],0.02542277707527247
geodesic_mapping.step_sizes_by_latent_id[1368],0.018217917846632868
geodesic_mapping.step_sizes_by_latent_id[1369],0.06681906871012709
geodesic_mapping.step_sizes_by_latent_id[1370],0.0734135302970081
geodesic_mapping.step_sizes_by_latent_id[1371],0.049707104438360634
geodesic_mapping.step_sizes_by_latent_id[1372],0.04803121205346545
geodesic_mapping.step_sizes_by_latent_id[1373],0.07517627326405908
geodesic_mapping.step_sizes_by_latent_id[1374],0.05845314118244373
geodesic_mapping.step_sizes_by_latent_id[1375],0.03578039046727314
geodesic_mapping.step_sizes_by_latent_id[1376],0.07500639707508017
geodesic_mapping.step_sizes_by_latent_id[1377],0.03218594256094814
geodesic_mapping.step_sizes_by_latent_id[1378],0.042421386262149016
geodesic_mapping.step_sizes_by_latent_id[1379],0.05684821387072319
geodesic_mapping.step_sizes_by_latent_id[1380],0.06469017900485984
geodesic_mapping.step_sizes_by_latent_id[1381],0.04952687181149694
geodesic_mapping.step_sizes_by_latent_id[1382],0.007245057437296916
geodesic_mapping.step_sizes_by_latent_id[1383],0.07038919349092271
geodesic_mapping.step_sizes_by_latent_id[1384],0.07331126265063963
geodesic_mapping.step_sizes_by_latent_id[1385],0.02173455502662105
geodesic_mapping.step_sizes_by_latent_id[1386],0.053136349111791416
geodesic_mapping.step_sizes_by_latent_id[1387],0.06749353299603018
geodesic_mapping.step_sizes_by_latent_id[1388],0.06043322175096192
geodesic_mapping.step_sizes_by_latent_id[1389],0.04711721848732884
geodesic_mapping.step_sizes_by_latent_id[1390],0.03751063149591724
geodesic_mapping.step_sizes_by_latent_id[1391],0.07744078753177311
geodesic_mapping.step_sizes_by_latent_id[1392],0.07863133377214077
geodesic_mapping.step_sizes_by_latent_id[1393],0.03460188692625107
geodesic_mapping.step_sizes_by_latent_id[1394],0.04482746673484942
geodesic_mapping.step_sizes_by_latent_id[1395],0.06194523498928665
geodesic_mapping.step_sizes_by_latent_id[1396],0.0661086319594482
geodesic_mapping.step_sizes_by_latent_id[1397],0.055081666923834656
geodesic_mapping.step_sizes_by_latent_id[1398],0.026117727861169032
geodesic_mapping.step_sizes_by_latent_id[1399],0.07203292458401961
geodesic_mapping.step_sizes_by_latent_id[1400],0.06905679045082988
geodesic_mapping.step_sizes_by_latent_id[1401],0.01619372674167062
geodesic_mapping.step_sizes_by_latent_id[1402],0.05160841523091392
geodesic_mapping.step_sizes_by_latent_id[1403],0.06324391455763222
geodesic_mapping.step_sizes_by_latent_id[1404],0.05845304116416677
geodesic_mapping.step_sizes_by_latent_id[1405],0.03986282277813154
geodesic_mapping.step_sizes_by_latent_id[1406],0.0287432926195711
geodesic_mapping.step_sizes_by_latent_id[1407],0.07623496523943517
geodesic_mapping.step_sizes_by_latent_id[1408],0.05516157359787671
geodesic_mapping.step_sizes_by_latent_id[1409],0.06557713800458534
geodesic_mapping.step_sizes_by_latent_id[1410],0.07446354681257446
geodesic_mapping.step_sizes_by_latent_id[1411],0.03674648471097426
geodesic_mapping.step_sizes_by_latent_id[1412],0.02310645386781676
geodesic_mapping.step_sizes_by_latent_id[1413],0.06951048100825355
geodesic_mapping.step_sizes_by_latent_id[1414],0.059414511712763116
geodesic_mapping.step_sizes_by_latent_id[1415],0.046674515126377006
geodesic_mapping.step_sizes_by_latent_id[1416],0.041745295684912594
geodesic_mapping.step_sizes_by_latent_id[1417],0.05977889257311698
geodesic_mapping.step_sizes_by_latent_id[1418],0.07393818723473274
geodesic_mapping.step_sizes_by_latent_id[1419],0.017064190838015015
geodesic_mapping.step_sizes_by_latent_id[1420],0.03183367220521747
geodesic_mapping.step_sizes_by_latent_id[1421],0.07924857068902325
geodesic_mapping.step_sizes_by_latent_id[1422],0.06664135735468252
geodesic_mapping.step_sizes_by_latent_id[1423],0.05003487769368089
geodesic_mapping.step_sizes_by_latent_id[1424],0.052000051920347935
geodesic_mapping.step_sizes_by_latent_id[1425],0.0680886105835042
geodesic_mapping.step_sizes_by_latent_id[1426],0.07801279596605294
geodesic_mapping.step_sizes_by_latent_id[1427],0.02849932416560433
geodesic_mapping.step_sizes_by_latent_id[1428],0.009801762408309805
geodesic_mapping.step_sizes_by_latent_id[1429],0.07257035758201587
geodesic_mapping.step_sizes_by_latent_id[1430],0.06143944081257434
geodesic_mapping.step_sizes_by_latent_id[1431],0.04401006267596168
geodesic_mapping.step_sizes_by_latent_id[1432],0.044474101099660816
geodesic_mapping.step_sizes_by_latent_id[1433],0.05775070649533866
geodesic_mapping.step_sizes_by_latent_id[1434],0.07089495660181443
geodesic_mapping.step_sizes_by_latent_id[1435],0.02711145857205986
geodesic_mapping.step_sizes_by_latent_id[1436],0.03931239647216292
geodesic_mapping.step_sizes_by_latent_id[1437],0.07579690136227832
geodesic_mapping.step_sizes_by_latent_id[1438],0.06402361954010878
geodesic_mapping.step_sizes_by_latent_id[1439],0.05337257326225656
geodesic_mapping.step_sizes_by_latent_id[1440],0.04440449804802001
geodesic_mapping.step_sizes_by_latent_id[1441],0.07553360508001065
geodesic_mapping.step_sizes_by_latent_id[1442],0.06710960563557866
geodesic_mapping.step_sizes_by_latent_id[1443],0.027785772039752535
geodesic_mapping.step_sizes_by_latent_id[1444],0.02829392782595288
geodesic_mapping.step_sizes_by_latent_id[1445],0.0582806068287764
geodesic_mapping.step_sizes_by_latent_id[1446],0.07333947748608316
geodesic_mapping.step_sizes_by_latent_id[1447],0.052760929336101554
geodesic_mapping.step_sizes_by_latent_id[1448],0.04943260539478692
geodesic_mapping.step_sizes_by_latent_id[1449],0.07097967238638397
geodesic_mapping.step_sizes_by_latent_id[1450],0.06193636265486582
geodesic_mapping.step_sizes_by_latent_id[1451],0.035208108473284636
geodesic_mapping.step_sizes_by_latent_id[1452],0.01825960638424594
geodesic_mapping.step_sizes_by_latent_id[1453],0.06376071134331263
geodesic_mapping.step_sizes_by_latent_id[1454],0.07774806522099216
geodesic_mapping.step_sizes_by_latent_id[1455],0.0480788184314462
geodesic_mapping.step_sizes_by_latent_id[1456],0.0445461123692482
geodesic_mapping.step_sizes_by_latent_id[1457],0.07850153800221171
geodesic_mapping.step_sizes_by_latent_id[1458],0.06476760448673728
geodesic_mapping.step_sizes_by_latent_id[1459],0.004228632646707806
geodesic_mapping.step_sizes_by_latent_id[1460],0.03973593526384911
geodesic_mapping.step_sizes_by_latent_id[1461],0.061077824631923655
geodesic_mapping.step_sizes_by_latent_id[1462],0.06997489523990953
geodesic_mapping.step_sizes_by_latent_id[1463],0.052410882918954044
geodesic_mapping.step_sizes_by_latent_id[1464],0.055663943729775865
geodesic_mapping.step_sizes_by_latent_id[1465],0.072446472981222
geodesic_mapping.step_sizes_by_latent_id[1466],0.05726842533013245
geodesic_mapping.step_sizes_by_latent_id[1467],0.03359368919974193
geodesic_mapping.step_sizes_by_latent_id[1468],0.021668021343088976
geodesic_mapping.step_sizes_by_latent_id[1469],0.06816230039996907
geodesic_mapping.step_sizes_by_latent_id[1470],0.07622444576187516
geodesic_mapping.step_sizes_by_latent_id[1471],0.04039373224354647
geodesic_mapping.step_sizes_by_latent_id[1472],0.022981884616573738
geodesic_mapping.step_sizes_by_latent_id[1473],0.059441495704483295
geodesic_mapping.step_sizes_by_latent_id[1474],0.07499006706638403
geodesic_mapping.step_sizes_by_latent_id[1475],0.05464505798767842
geodesic_mapping.step_sizes_by_latent_id[1476],0.04829130748799437
geodesic_mapping.step_sizes_by_latent_id[1477],0.06994171816685209
geodesic_mapping.step_sizes_by_latent_id[1478],0.06452968374555645
geodesic_mapping.step_sizes_by_latent_id[1479],0.03577495581538693
geodesic_mapping.step_sizes_by_latent_id[1480],0.028462371535362335
geodesic_mapping.step_sizes_by_latent_id[1481],0.0680739040500461
geodesic_mapping.step_sizes_by_latent_id[1482],0.07288476296753078
geodesic_mapping.step_sizes_by_latent_id[1483],0.04372133301414742
geodesic_mapping.step_sizes_by_latent_id[1484],0.051623118054537634
geodesic_mapping.step_sizes_by_latent_id[1485],0.07710180206997955
geodesic_mapping.step_sizes_by_latent_id[1486],0.06247971566918903
geodesic_mapping.step_sizes_by_latent_id[1487],0.012545894253630901
geodesic_mapping.step_sizes_by_latent_id[1488],0.01881030246513254
geodesic_mapping.step_sizes_by_latent_id[1489],0.060868902407920124
geodesic_mapping.step_sizes_by_latent_id[1490],0.07836774191989695
geodesic_mapping.step_sizes_by_latent_id[1491],0.04965751951304123
geodesic_mapping.step_sizes_by_latent_id[1492],0.0414054050674241
geodesic_mapping.step_sizes_by_latent_id[1493],0.07423046612494905
geodesic_mapping.step_sizes_by_latent_id[1494],0.0666072333695937
geodesic_mapping.step_sizes_by_latent_id[1495],0.03175636520906107
geodesic_mapping.step_sizes_by_latent_id[1496],0.03844173821810446
geodesic_mapping.step_sizes_by_latent_id[1497],0.0629831654666845
geodesic_mapping.step_sizes_by_latent_id[1498],0.07134528219715039
geodesic_mapping.step_sizes_by_latent_id[1499],0.04620024687724581
geodesic_mapping.step_sizes_by_latent_id[1500],0.05279523496653868
geodesic_mapping.step_sizes_by_latent_id[1501],0.07628816631555453
geodesic_mapping.step_sizes_by_latent_id[1502],0.05774217928860679
geodesic_mapping.step_sizes_by_latent_id[1503],0.02692446396349817
geodesic_mapping.step_sizes_by_latent_id[1504],0.05116739870014224
geodesic_mapping.step_sizes_by_latent_id[1505],0.07541366062157999
geodesic_mapping.step_sizes_by_latent_id[1506],0.05903671540538924
geodesic_mapping.step_sizes_by_latent_id[1507],0.008636184412020107
geodesic_mapping.step_sizes_by_latent_id[1508],0.0351161052559106
geodesic_mapping.step_sizes_by_latent_id[1509],0.06855015097793594
geodesic_mapping.step_sizes_by_latent_id[1510],0.07255384839124039
geodesic_mapping.step_sizes_by_latent_id[1511],0.04744414390043935
geodesic_mapping.step_sizes_by_latent_id[1512],0.042846659880413474
geodesic_mapping.step_sizes_by_latent_id[1513],0.06991534482308741
geodesic_mapping.step_sizes_by_latent_id[1514],0.06583188444086233
geodesic_mapping.step_sizes_by_latent_id[1515],0.02841499069674642
geodesic_mapping.step_sizes_by_latent_id[1516],0.021274760072515265
geodesic_mapping.step_sizes_by_latent_id[1517],0.0624365064970438
geodesic_mapping.step_sizes_by_latent_id[1518],0.07819402309949282
geodesic_mapping.step_sizes_by_latent_id[1519],0.05460799988818295
geodesic_mapping.step_sizes_by_latent_id[1520],0.053121394125318286
geodesic_mapping.step_sizes_by_latent_id[1521],0.07921074008512594
geodesic_mapping.step_sizes_by_latent_id[1522],0.06114458844380759
geodesic_mapping.step_sizes_by_latent_id[1523],0.02474621064163005
geodesic_mapping.step_sizes_by_latent_id[1524],0.03227410802658866
geodesic_mapping.step_sizes_by_latent_id[1525],0.06402764909768152
geodesic_mapping.step_sizes_by_latent_id[1526],0.07156857608680843
geodesic_mapping.step_sizes_by_latent_id[1527],0.040025110285233326
geodesic_mapping.step_sizes_by_latent_id[1528],0.04489082898853924
geodesic_mapping.step_sizes_by_latent_id[1529],0.07416130565850672
geodesic_mapping.step_sizes_by_latent_id[1530],0.06681066013189081
geodesic_mapping.step_sizes_by_latent_id[1531],0.038321136446065385
geodesic_mapping.step_sizes_by_latent_id[1532],0.015371300076871543
geodesic_mapping.step_sizes_by_latent_id[1533],0.05765191159266339
geodesic_mapping.step_sizes_by_latent_id[1534],0.07647496024986446
geodesic_mapping.step_sizes_by_latent_id[1535],0.04956600715831434
geodesic_mapping.step_sizes_by_latent_id[1536],0.07893232360945338
geodesic_mapping.step_sizes_by_latent_id[1537],0.05329479868632731
geodesic_mapping.step_sizes_by_latent_id[1538],0.01762115598325695
geodesic_mapping.step_sizes_by_latent_id[1539],0.05677269103116058
geodesic_mapping.step_sizes_by_latent_id[1540],0.06706466639653388
geodesic_mapping.step_sizes_by_latent_id[1541],0.03822910442428975
geodesic_mapping.step_sizes_by_latent_id[1542],0.041438789588050334
geodesic_mapping.step_sizes_by_latent_id[1543],0.07094408892577332
geodesic_mapping.step_sizes_by_latent_id[1544],0.07349460659732465
geodesic_mapping.step_sizes_by_latent_id[1545],0.04568544995127749
geodesic_mapping.step_sizes_by_latent_id[1546],0.03223252246754658
geodesic_mapping.step_sizes_by_latent_id[1547],0.06384931344839495
geodesic_mapping.step_sizes_by_latent_id[1548],0.06037892246887786
geodesic_mapping.step_sizes_by_latent_id[1549],0.027045957222530476
geodesic_mapping.step_sizes_by_latent_id[1550],0.04971816295675674
geodesic_mapping.step_sizes_by_latent_id[1551],0.07655308006199812
geodesic_mapping.step_sizes_by_latent_id[1552],0.07561950132457035
geodesic_mapping.step_sizes_by_latent_id[1553],0.05112119660403957
geodesic_mapping.step_sizes_by_latent_id[1554],0.024261905594362553
geodesic_mapping.step_sizes_by_latent_id[1555],0.06154560847660732
geodesic_mapping.step_sizes_by_latent_id[1556],0.06571014258242117
geodesic_mapping.step_sizes_by_latent_id[1557],0.028236063883448036
geodesic_mapping.step_sizes_by_latent_id[1558],0.04824398897452273
geodesic_mapping.step_sizes_by_latent_id[1559],0.07183714574696959
geodesic_mapping.step_sizes_by_latent_id[1560],0.06922513597579406
geodesic_mapping.step_sizes_by_latent_id[1561],0.044243988243722686
geodesic_mapping.step_sizes_by_latent_id[1562],0.034924796673466846
geodesic_mapping.step_sizes_by_latent_id[1563],0.0688388939618089
geodesic_mapping.step_sizes_by_latent_id[1564],0.0580116292391423
geodesic_mapping.step_sizes_by_latent_id[1565],0.01295066308552905
geodesic_mapping.step_sizes_by_latent_id[1566],0.05460567730962651
geodesic_mapping.step_sizes_by_latent_id[1567],0.07802758941922049
geodesic_mapping.step_sizes_by_latent_id[1568],0.03931151735961739
geodesic_mapping.step_sizes_by_latent_id[1569],0.06143760211109998
geodesic_mapping.step_sizes_by_latent_id[1570],0.07552490820113204
geodesic_mapping.step_sizes_by_latent_id[1571],0.040072671839254184
geodesic_mapping.step_sizes_by_latent_id[1572],0.05050296521492161
geodesic_mapping.step_sizes_by_latent_id[1573],0.06908811589737231
geodesic_mapping.step_sizes_by_latent_id[1574],0.0687871777935907
geodesic_mapping.step_sizes_by_latent_id[1575],0.02503829847675075
geodesic_mapping.step_sizes_by_latent_id[1576],0.018433059085513143
geodesic_mapping.step_sizes_by_latent_id[1577],0.06511691305632444
geodesic_mapping.step_sizes_by_latent_id[1578],0.07272798819009671
geodesic_mapping.step_sizes_by_latent_id[1579],0.05350159734021309
geodesic_mapping.step_sizes_by_latent_id[1580],0.04558891206698308
geodesic_mapping.step_sizes_by_latent_id[1581],0.07736505599684024
geodesic_mapping.step_sizes_by_latent_id[1582],0.058894042726803035
geodesic_mapping.step_sizes_by_latent_id[1583],0.03237487622741036
geodesic_mapping.step_sizes_by_latent_id[1584],0.030949162850587655
geodesic_mapping.step_sizes_by_latent_id[1585],0.056368258336219466
geodesic_mapping.step_sizes_by_latent_id[1586],0.07939102853107699
geodesic_mapping.step_sizes_by_latent_id[1587],0.0468517929237743
geodesic_mapping.step_sizes_by_latent_id[1588],0.0560480173849375
geodesic_mapping.step_sizes_by_latent_id[1589],0.07326307685506493
geodesic_mapping.step_sizes_by_latent_id[1590],0.06431194405204216
geodesic_mapping.step_sizes_by_latent_id[1591],0.005894494754069671
geodesic_mapping.step_sizes_by_latent_id[1592],0.023065095138170733
geodesic_mapping.step_sizes_by_latent_id[1593],0.06664902895280553
geodesic_mapping.step_sizes_by_latent_id[1594],0.07131701355847053
geodesic_mapping.step_sizes_by_latent_id[1595],0.05166077128965447
geodesic_mapping.step_sizes_by_latent_id[1596],0.0433962459798451
geodesic_mapping.step_sizes_by_latent_id[1597],0.07607077803806721
geodesic_mapping.step_sizes_by_latent_id[1598],0.06057100192166851
geodesic_mapping.step_sizes_by_latent_id[1599],0.03528453265669727
geodesic_mapping.step_sizes_by_latent_id[1600],0.07828850840636171
geodesic_mapping.step_sizes_by_latent_id[1601],0.04726200333721706
geodesic_mapping.step_sizes_by_latent_id[1602],0.019037286020553074
geodesic_mapping.step_sizes_by_latent_id[1603],0.0634817434177305
geodesic_mapping.step_sizes_by_latent_id[1604],0.0583099979754289
geodesic_mapping.step_sizes_by_latent_id[1605],0.029886660433307108
geodesic_mapping.step_sizes_by_latent_id[1606],0.052814796041802545
geodesic_mapping.step_sizes_by_latent_id[1607],0.07399113829237083
geodesic_mapping.step_sizes_by_latent_id[1608],0.07003352522170231
geodesic_mapping.step_sizes_by_latent_id[1609],0.05161364975546317
geodesic_mapping.step_sizes_by_latent_id[1610],0.03952319852322592
geodesic_mapping.step_sizes_by_latent_id[1611],0.060202713035851646
geodesic_mapping.step_sizes_by_latent_id[1612],0.06745586736945075
geodesic_mapping.step_sizes_by_latent_id[1613],0.023175362116936733
geodesic_mapping.step_sizes_by_latent_id[1614],0.040180314970290544
geodesic_mapping.step_sizes_by_latent_id[1615],0.07652146364254256
geodesic_mapping.step_sizes_by_latent_id[1616],0.07447131922187208
geodesic_mapping.step_sizes_by_latent_id[1617],0.0438988191707168
geodesic_mapping.step_sizes_by_latent_id[1618],0.024859662785293925
geodesic_mapping.step_sizes_by_latent_id[1619],0.06683038291473682
geodesic_mapping.step_sizes_by_latent_id[1620],0.06252402912842134
geodesic_mapping.step_sizes_by_latent_id[1621],0.03569464046864144
geodesic_mapping.step_sizes_by_latent_id[1622],0.05057961127958436
geodesic_mapping.step_sizes_by_latent_id[1623],0.07080577408516543
geodesic_mapping.step_sizes_by_latent_id[1624],0.07200861098114869
geodesic_mapping.step_sizes_by_latent_id[1625],0.05545955811821922
geodesic_mapping.step_sizes_by_latent_id[1626],0.03167724873978268
geodesic_mapping.step_sizes_by_latent_id[1627],0.057383898053830415
geodesic_mapping.step_sizes_by_latent_id[1628],0.06591016055591882
geodesic_mapping.step_sizes_by_latent_id[1629],0.007161844724130334
geodesic_mapping.step_sizes_by_latent_id[1630],0.04634796752535803
geodesic_mapping.step_sizes_by_latent_id[1631],0.07881348366084752
geodesic_mapping.step_sizes_by_latent_id[1632],0.060489785713341786
geodesic_mapping.step_sizes_by_latent_id[1633],0.025881690424374888
geodesic_mapping.step_sizes_by_latent_id[1634],0.05162604058212198
geodesic_mapping.step_sizes_by_latent_id[1635],0.07520602276932863
geodesic_mapping.step_sizes_by_latent_id[1636],0.07127263150877428
geodesic_mapping.step_sizes_by_latent_id[1637],0.04050993419045855
geodesic_mapping.step_sizes_by_latent_id[1638],0.035386425305570075
geodesic_mapping.step_sizes_by_latent_id[1639],0.06847910657754837
geodesic_mapping.step_sizes_by_latent_id[1640],0.06535136274682327
geodesic_mapping.step_sizes_by_latent_id[1641],0.02976810461655221
geodesic_mapping.step_sizes_by_latent_id[1642],0.04531514518720336
geodesic_mapping.step_sizes_by_latent_id[1643],0.07375409979153637
geodesic_mapping.step_sizes_by_latent_id[1644],0.07794054572387889
geodesic_mapping.step_sizes_by_latent_id[1645],0.05505908354111381
geodesic_mapping.step_sizes_by_latent_id[1646],0.016039293170595638
geodesic_mapping.step_sizes_by_latent_id[1647],0.0574363957748804
geodesic_mapping.step_sizes_by_latent_id[1648],0.05818131465424214
geodesic_mapping.step_sizes_by_latent_id[1649],0.01399475858299591
geodesic_mapping.step_sizes_by_latent_id[1650],0.05427133157458531
geodesic_mapping.step_sizes_by_latent_id[1651],0.07833347774738121
geodesic_mapping.step_sizes_by_latent_id[1652],0.07197029745255773
geodesic_mapping.step_sizes_by_latent_id[1653],0.048354173400368905
geodesic_mapping.step_sizes_by_latent_id[1654],0.03385386446021678
geodesic_mapping.step_sizes_by_latent_id[1655],0.0631358562561148
geodesic_mapping.step_sizes_by_latent_id[1656],0.0659945910495241
geodesic_mapping.step_sizes_by_latent_id[1657],0.03951686239150582
geodesic_mapping.step_sizes_by_latent_id[1658],0.04444272935140372
geodesic_mapping.step_sizes_by_latent_id[1659],0.06906812036389488
geodesic_mapping.step_sizes_by_latent_id[1660],0.07593938477481875
geodesic_mapping.step_sizes_by_latent_id[1661],0.05029597680808818
geodesic_mapping.step_sizes_by_latent_id[1662],0.023643541068281582
geodesic_mapping.step_sizes_by_latent_id[1663],0.06160014377519305
geodesic_mapping.step_sizes_by_latent_id[1664],0.028001796968477263
geodesic_mapping.step_sizes_by_latent_id[1665],0.06942870992071241
geodesic_mapping.step_sizes_by_latent_id[1666],0.0672936924085958
geodesic_mapping.step_sizes_by_latent_id[1667],0.05155803799288137
geodesic_mapping.step_sizes_by_latent_id[1668],0.043273729154411786
geodesic_mapping.step_sizes_by_latent_id[1669],0.06119136051897082
geodesic_mapping.step_sizes_by_latent_id[1670],0.07495538354900842
geodesic_mapping.step_sizes_by_latent_id[1671],0.03975589731463405
geodesic_mapping.step_sizes_by_latent_id[1672],0.031569502288047786
geodesic_mapping.step_sizes_by_latent_id[1673],0.07780797369988707
geodesic_mapping.step_sizes_by_latent_id[1674],0.056435945254991
geodesic_mapping.step_sizes_by_latent_id[1675],0.047785756103170214
geodesic_mapping.step_sizes_by_latent_id[1676],0.055399378296263735
geodesic_mapping.step_sizes_by_latent_id[1677],0.06300056614951363
geodesic_mapping.step_sizes_by_latent_id[1678],0.07249910362923756
geodesic_mapping.step_sizes_by_latent_id[1679],0.014149409935417682
geodesic_mapping.step_sizes_by_latent_id[1680],0.007968688636014964
geodesic_mapping.step_sizes_by_latent_id[1681],0.07410567683062558
geodesic_mapping.step_sizes_by_latent_id[1682],0.06484293071820996
geodesic_mapping.step_sizes_by_latent_id[1683],0.05415153080846614
geodesic_mapping.step_sizes_by_latent_id[1684],0.04634995115134932
geodesic_mapping.step_sizes_by_latent_id[1685],0.05847223508567083
geodesic_mapping.step_sizes_by_latent_id[1686],0.07929735271657605
geodesic_mapping.step_sizes_by_latent_id[1687],0.029350909411542666
geodesic_mapping.step_sizes_by_latent_id[1688],0.036356219072756664
geodesic_mapping.step_sizes_by_latent_id[1689],0.07601406558805301
geodesic_mapping.step_sizes_by_latent_id[1690],0.06248371198875483
geodesic_mapping.step_sizes_by_latent_id[1691],0.04017290064694208
geodesic_mapping.step_sizes_by_latent_id[1692],0.04896865575112029
geodesic_mapping.step_sizes_by_latent_id[1693],0.068482221303205
geodesic_mapping.step_sizes_by_latent_id[1694],0.07058131746700406
geodesic_mapping.step_sizes_by_latent_id[1695],0.022886715727467494
geodesic_mapping.step_sizes_by_latent_id[1696],0.07247053038521648
geodesic_mapping.step_sizes_by_latent_id[1697],0.03577076724924623
geodesic_mapping.step_sizes_by_latent_id[1698],0.05471298090342737
geodesic_mapping.step_sizes_by_latent_id[1699],0.06262920439388717
geodesic_mapping.step_sizes_by_latent_id[1700],0.06370573427054392
geodesic_mapping.step_sizes_by_latent_id[1701],0.040878940760875414
geodesic_mapping.step_sizes_by_latent_id[1702],0.015123244554625489
geodesic_mapping.step_sizes_by_latent_id[1703],0.07685588539063923
geodesic_mapping.step_sizes_by_latent_id[1704],0.07890820952262692
geodesic_mapping.step_sizes_by_latent_id[1705],0.026469388126021
geodesic_mapping.step_sizes_by_latent_id[1706],0.04625463503168491
geodesic_mapping.step_sizes_by_latent_id[1707],0.0661879057407438
geodesic_mapping.step_sizes_by_latent_id[1708],0.058770749140335386
geodesic_mapping.step_sizes_by_latent_id[1709],0.051682719511500934
geodesic_mapping.step_sizes_by_latent_id[1710],0.030980777226001607
geodesic_mapping.step_sizes_by_latent_id[1711],0.06913842312895138
geodesic_mapping.step_sizes_by_latent_id[1712],0.07148890060810806
geodesic_mapping.step_sizes_by_latent_id[1713],0.03185335411312916
geodesic_mapping.step_sizes_by_latent_id[1714],0.04967298203374974
geodesic_mapping.step_sizes_by_latent_id[1715],0.057207661044390956
geodesic_mapping.step_sizes_by_latent_id[1716],0.06869451220103809
geodesic_mapping.step_sizes_by_latent_id[1717],0.04698942932336872
geodesic_mapping.step_sizes_by_latent_id[1718],0.021972899793228848
geodesic_mapping.step_sizes_by_latent_id[1719],0.0777002401321235
geodesic_mapping.step_sizes_by_latent_id[1720],0.07460556348207131
geodesic_mapping.step_sizes_by_latent_id[1721],0.012794913590452116
geodesic_mapping.step_sizes_by_latent_id[1722],0.04342114263200388
geodesic_mapping.step_sizes_by_latent_id[1723],0.06519462147244205
geodesic_mapping.step_sizes_by_latent_id[1724],0.059960952449697326
geodesic_mapping.step_sizes_by_latent_id[1725],0.05418500823519199
geodesic_mapping.step_sizes_by_latent_id[1726],0.038547551060225914
geodesic_mapping.step_sizes_by_latent_id[1727],0.07368732803948919
geodesic_mapping.step_sizes_by_latent_id[1728],0.05143101913451268
geodesic_mapping.step_sizes_by_latent_id[1729],0.061797647093098276
geodesic_mapping.step_sizes_by_latent_id[1730],0.07392310606325088
geodesic_mapping.step_sizes_by_latent_id[1731],0.03314100074032364
geodesic_mapping.step_sizes_by_latent_id[1732],0.024830991854490465
geodesic_mapping.step_sizes_by_latent_id[1733],0.07598264931540621
geodesic_mapping.step_sizes_by_latent_id[1734],0.06574916970817492
geodesic_mapping.step_sizes_by_latent_id[1735],0.04861681205304019
geodesic_mapping.step_sizes_by_latent_id[1736],0.0436972612623863
geodesic_mapping.step_sizes_by_latent_id[1737],0.0682165748690767
geodesic_mapping.step_sizes_by_latent_id[1738],0.07879730838676877
geodesic_mapping.step_sizes_by_latent_id[1739],0.01597132506489992
geodesic_mapping.step_sizes_by_latent_id[1740],0.03940200001286922
geodesic_mapping.step_sizes_by_latent_id[1741],0.07165214801451313
geodesic_mapping.step_sizes_by_latent_id[1742],0.05816653168588558
geodesic_mapping.step_sizes_by_latent_id[1743],0.05483243548158031
geodesic_mapping.step_sizes_by_latent_id[1744],0.05323597295208566
geodesic_mapping.step_sizes_by_latent_id[1745],0.05708976725371878
geodesic_mapping.step_sizes_by_latent_id[1746],0.06973252922061383
geodesic_mapping.step_sizes_by_latent_id[1747],0.03646282255507204
geodesic_mapping.step_sizes_by_latent_id[1748],0.0057547888637881905
geodesic_mapping.step_sizes_by_latent_id[1749],0.07704931210614856
geodesic_mapping.step_sizes_by_latent_id[1750],0.06730833405281929
geodesic_mapping.step_sizes_by_latent_id[1751],0.04166423943585026
geodesic_mapping.step_sizes_by_latent_id[1752],0.04572989798356075
geodesic_mapping.step_sizes_by_latent_id[1753],0.06403857887942213
geodesic_mapping.step_sizes_by_latent_id[1754],0.07483227693500781
geodesic_mapping.step_sizes_by_latent_id[1755],0.022213528728099348
geodesic_mapping.step_sizes_by_latent_id[1756],0.031213306699929624
geodesic_mapping.step_sizes_by_latent_id[1757],0.07274648001231895
geodesic_mapping.step_sizes_by_latent_id[1758],0.05996679920409858
geodesic_mapping.step_sizes_by_latent_id[1759],0.04872059898915864
geodesic_mapping.step_sizes_by_latent_id[1760],0.06041645512547264
geodesic_mapping.step_sizes_by_latent_id[1761],0.03095378604886013
geodesic_mapping.step_sizes_by_latent_id[1762],0.043172921349382914
geodesic_mapping.step_sizes_by_latent_id[1763],0.0792478710355941
geodesic_mapping.step_sizes_by_latent_id[1764],0.07069710418056108
geodesic_mapping.step_sizes_by_latent_id[1765],0.05610683427611803
geodesic_mapping.step_sizes_by_latent_id[1766],0.021664057514983345
geodesic_mapping.step_sizes_by_latent_id[1767],0.06436170933411764
geodesic_mapping.step_sizes_by_latent_id[1768],0.06788757703812448
geodesic_mapping.step_sizes_by_latent_id[1769],0.019319919296497522
geodesic_mapping.step_sizes_by_latent_id[1770],0.049403269629460095
geodesic_mapping.step_sizes_by_latent_id[1771],0.0730422985905126
geodesic_mapping.step_sizes_by_latent_id[1772],0.07505966742996126
geodesic_mapping.step_sizes_by_latent_id[1773],0.04624316831583933
geodesic_mapping.step_sizes_by_latent_id[1774],0.03823983145307722
geodesic_mapping.step_sizes_by_latent_id[1775],0.05931076167553222
geodesic_mapping.step_sizes_by_latent_id[1776],0.05782868949603795
geodesic_mapping.step_sizes_by_latent_id[1777],0.03520266181362345
geodesic_mapping.step_sizes_by_latent_id[1778],0.04859107665431276
geodesic_mapping.step_sizes_by_latent_id[1779],0.0762048923019794
geodesic_mapping.step_sizes_by_latent_id[1780],0.0742160161041878
geodesic_mapping.step_sizes_by_latent_id[1781],0.05160392389626515
geodesic_mapping.step_sizes_by_latent_id[1782],0.01230311351739752
geodesic_mapping.step_sizes_by_latent_id[1783],0.06660530514702882
geodesic_mapping.step_sizes_by_latent_id[1784],0.06569073803252128
geodesic_mapping.step_sizes_by_latent_id[1785],0.026298470957732044
geodesic_mapping.step_sizes_by_latent_id[1786],0.05409327068635074
geodesic_mapping.step_sizes_by_latent_id[1787],0.0694667284406895
geodesic_mapping.step_sizes_by_latent_id[1788],0.07814477676175696
geodesic_mapping.step_sizes_by_latent_id[1789],0.04050745042056945
geodesic_mapping.step_sizes_by_latent_id[1790],0.034362875157422285
geodesic_mapping.step_sizes_by_latent_id[1791],0.061833418859901325
geodesic_mapping.step_sizes_by_latent_id[1792],0.06004009787765618
geodesic_mapping.step_sizes_by_latent_id[1793],0.025418633638288675
geodesic_mapping.step_sizes_by_latent_id[1794],0.04774367436395703
geodesic_mapping.step_sizes_by_latent_id[1795],0.07302926107441804
geodesic_mapping.step_sizes_by_latent_id[1796],0.07809763894180857
geodesic_mapping.step_sizes_by_latent_id[1797],0.0556514488535036
geodesic_mapping.step_sizes_by_latent_id[1798],0.038310428490846
geodesic_mapping.step_sizes_by_latent_id[1799],0.0660818761066754
geodesic_mapping.step_sizes_by_latent_id[1800],0.06322193942578422
geodesic_mapping.step_sizes_by_latent_id[1801],0.03232529276823958
geodesic_mapping.step_sizes_by_latent_id[1802],0.05174363004959332
geodesic_mapping.step_sizes_by_latent_id[1803],0.07567261422409818
geodesic_mapping.step_sizes_by_latent_id[1804],0.07011126899047258
geodesic_mapping.step_sizes_by_latent_id[1805],0.0436771143327793
geodesic_mapping.step_sizes_by_latent_id[1806],0.01665601034220144
geodesic_mapping.step_sizes_by_latent_id[1807],0.056427249443703933
geodesic_mapping.step_sizes_by_latent_id[1808],0.05875672753347647
geodesic_mapping.step_sizes_by_latent_id[1809],0.0030190566147991443
geodesic_mapping.step_sizes_by_latent_id[1810],0.04168545196430172
geodesic_mapping.step_sizes_by_latent_id[1811],0.07131349109125823
geodesic_mapping.step_sizes_by_latent_id[1812],0.07650063022580075
geodesic_mapping.step_sizes_by_latent_id[1813],0.050511741905746955
geodesic_mapping.step_sizes_by_latent_id[1814],0.02862012939070185
geodesic_mapping.step_sizes_by_latent_id[1815],0.06498354462514758
geodesic_mapping.step_sizes_by_latent_id[1816],0.06813607143278758
geodesic_mapping.step_sizes_by_latent_id[1817],0.03452524626008379
geodesic_mapping.step_sizes_by_latent_id[1818],0.054048432202209486
geodesic_mapping.step_sizes_by_latent_id[1819],0.0792155636409003
geodesic_mapping.step_sizes_by_latent_id[1820],0.0738532772815474
geodesic_mapping.step_sizes_by_latent_id[1821],0.04645925707742456
geodesic_mapping.step_sizes_by_latent_id[1822],0.020659537360733803
geodesic_mapping.step_sizes_by_latent_id[1823],0.06183964362608173
geodesic_mapping.step_sizes_by_latent_id[1824],0.07100328119802103
geodesic_mapping.step_sizes_by_latent_id[1825],0.020787860196743068
geodesic_mapping.step_sizes_by_latent_id[1826],0.05594933385733288
geodesic_mapping.step_sizes_by_latent_id[1827],0.06370329487537951
geodesic_mapping.step_sizes_by_latent_id[1828],0.060956008901642905
geodesic_mapping.step_sizes_by_latent_id[1829],0.04358556987939385
geodesic_mapping.step_sizes_by_latent_id[1830],0.02941396210043517
geodesic_mapping.step_sizes_by_latent_id[1831],0.07853906907753504
geodesic_mapping.step_sizes_by_latent_id[1832],0.0745270091550718
geodesic_mapping.step_sizes_by_latent_id[1833],0.037936262646485086
geodesic_mapping.step_sizes_by_latent_id[1834],0.046075114932365796
geodesic_mapping.step_sizes_by_latent_id[1835],0.05953917729357045
geodesic_mapping.step_sizes_by_latent_id[1836],0.06836530128403584
geodesic_mapping.step_sizes_by_latent_id[1837],0.05060664969402066
geodesic_mapping.step_sizes_by_latent_id[1838],0.014291201302599596
geodesic_mapping.step_sizes_by_latent_id[1839],0.0721844502058694
geodesic_mapping.step_sizes_by_latent_id[1840],0.07330835567419852
geodesic_mapping.step_sizes_by_latent_id[1841],0.00985771701063909
geodesic_mapping.step_sizes_by_latent_id[1842],0.0517209291845377
geodesic_mapping.step_sizes_by_latent_id[1843],0.06721050383601834
geodesic_mapping.step_sizes_by_latent_id[1844],0.057288658088381385
geodesic_mapping.step_sizes_by_latent_id[1845],0.04828078932623388
geodesic_mapping.step_sizes_by_latent_id[1846],0.03500913415921911
geodesic_mapping.step_sizes_by_latent_id[1847],0.07623513593394608
geodesic_mapping.step_sizes_by_latent_id[1848],0.07736671117764818
geodesic_mapping.step_sizes_by_latent_id[1849],0.031709869432330534
geodesic_mapping.step_sizes_by_latent_id[1850],0.04202768408506077
geodesic_mapping.step_sizes_by_latent_id[1851],0.06249297437817447
geodesic_mapping.step_sizes_by_latent_id[1852],0.06586997764739913
geodesic_mapping.step_sizes_by_latent_id[1853],0.053792957277098
geodesic_mapping.step_sizes_by_latent_id[1854],0.025756171848450155
geodesic_mapping.step_sizes_by_latent_id[1855],0.06895883713900261
geodesic_mapping.step_sizes_by_latent_id[1856],0.052934271316591744
geodesic_mapping.step_sizes_by_latent_id[1857],0.07659134923406995
geodesic_mapping.step_sizes_by_latent_id[1858],0.06304175236428623
geodesic_mapping.step_sizes_by_latent_id[1859],0.03876777308330612
geodesic_mapping.step_sizes_by_latent_id[1860],0.024947530372018675
geodesic_mapping.step_sizes_by_latent_id[1861],0.05737160189817772
geodesic_mapping.step_sizes_by_latent_id[1862],0.07043453652895114
geodesic_mapping.step_sizes_by_latent_id[1863],0.04576608672097151
geodesic_mapping.step_sizes_by_latent_id[1864],0.04445511652988934
geodesic_mapping.step_sizes_by_latent_id[1865],0.07238647816939021
geodesic_mapping.step_sizes_by_latent_id[1866],0.06258068624623463
geodesic_mapping.step_sizes_by_latent_id[1867],0.007690880285413779
geodesic_mapping.step_sizes_by_latent_id[1868],0.03125676722567714
geodesic_mapping.step_sizes_by_latent_id[1869],0.06809091779989798
geodesic_mapping.step_sizes_by_latent_id[1870],0.07799618624699241
geodesic_mapping.step_sizes_by_latent_id[1871],0.051207009408714664
geodesic_mapping.step_sizes_by_latent_id[1872],0.04917726748335875
geodesic_mapping.step_sizes_by_latent_id[1873],0.0792186609421461
geodesic_mapping.step_sizes_by_latent_id[1874],0.06601299779364911
geodesic_mapping.step_sizes_by_latent_id[1875],0.03307825632681925
geodesic_mapping.step_sizes_by_latent_id[1876],0.015434012446312565
geodesic_mapping.step_sizes_by_latent_id[1877],0.060823153652686965
geodesic_mapping.step_sizes_by_latent_id[1878],0.07311224673777891
geodesic_mapping.step_sizes_by_latent_id[1879],0.041061089045634956
geodesic_mapping.step_sizes_by_latent_id[1880],0.048584670272854485
geodesic_mapping.step_sizes_by_latent_id[1881],0.0695110968920767
geodesic_mapping.step_sizes_by_latent_id[1882],0.05942998703735315
geodesic_mapping.step_sizes_by_latent_id[1883],0.021626964984367076
geodesic_mapping.step_sizes_by_latent_id[1884],0.03688599720209994
geodesic_mapping.step_sizes_by_latent_id[1885],0.06501588988542402
geodesic_mapping.step_sizes_by_latent_id[1886],0.07549830446654532
geodesic_mapping.step_sizes_by_latent_id[1887],0.05505336131219588
geodesic_mapping.step_sizes_by_latent_id[1888],0.06550220406635474
geodesic_mapping.step_sizes_by_latent_id[1889],0.04080635986223323
geodesic_mapping.step_sizes_by_latent_id[1890],0.012924587875418675
geodesic_mapping.step_sizes_by_latent_id[1891],0.0757385993850793
geodesic_mapping.step_sizes_by_latent_id[1892],0.07408557943817545
geodesic_mapping.step_sizes_by_latent_id[1893],0.03472048929955695
geodesic_mapping.step_sizes_by_latent_id[1894],0.053859216577157476
geodesic_mapping.step_sizes_by_latent_id[1895],0.06201701336883041
geodesic_mapping.step_sizes_by_latent_id[1896],0.05631747073601403
geodesic_mapping.step_sizes_by_latent_id[1897],0.05226392528577708
geodesic_mapping.step_sizes_by_latent_id[1898],0.03264614022313462
geodesic_mapping.step_sizes_by_latent_id[1899],0.06992948070509823
geodesic_mapping.step_sizes_by_latent_id[1900],0.07763715141103854
geodesic_mapping.step_sizes_by_latent_id[1901],0.026817766405654888
geodesic_mapping.step_sizes_by_latent_id[1902],0.046777706951172796
geodesic_mapping.step_sizes_by_latent_id[1903],0.0671285101396352
geodesic_mapping.step_sizes_by_latent_id[1904],0.06885119926183032
geodesic_mapping.step_sizes_by_latent_id[1905],0.044758701828296124
geodesic_mapping.step_sizes_by_latent_id[1906],0.022558476591734905
geodesic_mapping.step_sizes_by_latent_id[1907],0.07866636243436358
geodesic_mapping.step_sizes_by_latent_id[1908],0.07107581715465018
geodesic_mapping.step_sizes_by_latent_id[1909],0.029235125734053558
geodesic_mapping.step_sizes_by_latent_id[1910],0.05047249353478684
geodesic_mapping.step_sizes_by_latent_id[1911],0.05835358669978791
geodesic_mapping.step_sizes_by_latent_id[1912],0.06009550042232745
geodesic_mapping.step_sizes_by_latent_id[1913],0.05555193355167365
geodesic_mapping.step_sizes_by_latent_id[1914],0.037632468876429064
geodesic_mapping.step_sizes_by_latent_id[1915],0.07298918628820548
geodesic_mapping.step_sizes_by_latent_id[1916],0.07466127452931945
geodesic_mapping.step_sizes_by_latent_id[1917],0.019455412533958546
geodesic_mapping.step_sizes_by_latent_id[1918],0.043006817795790735
geodesic_mapping.step_sizes_by_latent_id[1919],0.0636920144184559
geodesic_mapping.step_sizes_by_latent_id[1920],0.054203138789616155
geodesic_mapping.step_sizes_by_latent_id[1921],0.07711608796987453
geodesic_mapping.step_sizes_by_latent_id[1922],0.06480238288692783
geodesic_mapping.step_sizes_by_latent_id[1923],0.03432370498496736
geodesic_mapping.step_sizes_by_latent_id[1924],0.027399272406708457
geodesic_mapping.step_sizes_by_latent_id[1925],0.06131591060212335
geodesic_mapping.step_sizes_by_latent_id[1926],0.06914203458496777
geodesic_mapping.step_sizes_by_latent_id[1927],0.041945188496888275
geodesic_mapping.step_sizes_by_latent_id[1928],0.04676172868383422
geodesic_mapping.step_sizes_by_latent_id[1929],0.07411855044920694
geodesic_mapping.step_sizes_by_latent_id[1930],0.05783325178081667
geodesic_mapping.step_sizes_by_latent_id[1931],0.005047477954890082
geodesic_mapping.step_sizes_by_latent_id[1932],0.034782926735922384
geodesic_mapping.step_sizes_by_latent_id[1933],0.06720676052484637
geodesic_mapping.step_sizes_by_latent_id[1934],0.07699008951855998
geodesic_mapping.step_sizes_by_latent_id[1935],0.0510711493262724
geodesic_mapping.step_sizes_by_latent_id[1936],0.04910850460748698
geodesic_mapping.step_sizes_by_latent_id[1937],0.07569249703737117
geodesic_mapping.step_sizes_by_latent_id[1938],0.06865927439444142
geodesic_mapping.step_sizes_by_latent_id[1939],0.037533804625007786
geodesic_mapping.step_sizes_by_latent_id[1940],0.014952951066282109
geodesic_mapping.step_sizes_by_latent_id[1941],0.05950889106038241
geodesic_mapping.step_sizes_by_latent_id[1942],0.07276413256824849
geodesic_mapping.step_sizes_by_latent_id[1943],0.0446017713139698
geodesic_mapping.step_sizes_by_latent_id[1944],0.044226305726993445
geodesic_mapping.step_sizes_by_latent_id[1945],0.07056052362257535
geodesic_mapping.step_sizes_by_latent_id[1946],0.059684561000486025
geodesic_mapping.step_sizes_by_latent_id[1947],0.023491177484539657
geodesic_mapping.step_sizes_by_latent_id[1948],0.031304252291377635
geodesic_mapping.step_sizes_by_latent_id[1949],0.06326749175236608
geodesic_mapping.step_sizes_by_latent_id[1950],0.07839503662576211
geodesic_mapping.step_sizes_by_latent_id[1951],0.05599435945542152
geodesic_mapping.step_sizes_by_latent_id[1952],0.05258180840791259
geodesic_mapping.step_sizes_by_latent_id[1953],0.07712665455560494
geodesic_mapping.step_sizes_by_latent_id[1954],0.06821219280762521
geodesic_mapping.step_sizes_by_latent_id[1955],0.02953142510941224
geodesic_mapping.step_sizes_by_latent_id[1956],0.025097660726146078
geodesic_mapping.step_sizes_by_latent_id[1957],0.057558684591694775
geodesic_mapping.step_sizes_by_latent_id[1958],0.07076706784078354
geodesic_mapping.step_sizes_by_latent_id[1959],0.04607875974725838
geodesic_mapping.step_sizes_by_latent_id[1960],0.04377278674899112
geodesic_mapping.step_sizes_by_latent_id[1961],0.07221916922179779
geodesic_mapping.step_sizes_by_latent_id[1962],0.06256942945779595
geodesic_mapping.step_sizes_by_latent_id[1963],0.005246655809022191
geodesic_mapping.step_sizes_by_latent_id[1964],0.03823179170483802
geodesic_mapping.step_sizes_by_latent_id[1965],0.06374090565035322
geodesic_mapping.step_sizes_by_latent_id[1966],0.07585308499069984
geodesic_mapping.step_sizes_by_latent_id[1967],0.05440689918814375
geodesic_mapping.step_sizes_by_latent_id[1968],0.05554547099862101
geodesic_mapping.step_sizes_by_latent_id[1969],0.07502006387186308
geodesic_mapping.step_sizes_by_latent_id[1970],0.06580889929036314
geodesic_mapping.step_sizes_by_latent_id[1971],0.034555267185763607
geodesic_mapping.step_sizes_by_latent_id[1972],0.016070240228075617
geodesic_mapping.step_sizes_by_latent_id[1973],0.060701532112858676
geodesic_mapping.step_sizes_by_latent_id[1974],0.07333598787099366
geodesic_mapping.step_sizes_by_latent_id[1975],0.04187144038275498
geodesic_mapping.step_sizes_by_latent_id[1976],0.0483424127502977
geodesic_mapping.step_sizes_by_latent_id[1977],0.06924401035602704
geodesic_mapping.step_sizes_by_latent_id[1978],0.05912393112765167
geodesic_mapping.step_sizes_by_latent_id[1979],0.021141208591660875
geodesic_mapping.step_sizes_by_latent_id[1980],0.031506585279512334
geodesic_mapping.step_sizes_by_latent_id[1981],0.06731920744070971
geodesic_mapping.step_sizes_by_latent_id[1982],0.07889326804369402
geodesic_mapping.step_sizes_by_latent_id[1983],0.04989489254312585
geodesic_mapping.step_sizes_by_latent_id[1984],0.00229339599609375
geodesic_mapping.step_sizes_by_latent_id[1985],0.06937905626343603
geodesic_mapping.step_sizes_by_latent_id[1986],0.06246009860540019
geodesic_mapping.step_sizes_by_latent_id[1987],0.04855241981782561
geodesic_mapping.step_sizes_by_latent_id[1988],0.05611014507507401
geodesic_mapping.step_sizes_by_latent_id[1989],0.06850018535561962
geodesic_mapping.step_sizes_by_latent_id[1990],0.07486298943454509
geodesic_mapping.step_sizes_by_latent_id[1991],0.028218331859526734
geodesic_mapping.step_sizes_by_latent_id[1992],0.03616421546335066
geodesic_mapping.step_sizes_by_latent_id[1993],0.07804431569568478
geodesic_mapping.step_sizes_by_latent_id[1994],0.06464319315899361
geodesic_mapping.step_sizes_by_latent_id[1995],0.0515526624663889
geodesic_mapping.step_sizes_by_latent_id[1996],0.04320489211331481
geodesic_mapping.step_sizes_by_latent_id[1997],0.058204198153734336
geodesic_mapping.step_sizes_by_latent_id[1998],0.0728004377490258
geodesic_mapping.step_sizes_by_latent_id[1999],0.02273411313285879
geodesic_mapping.step_sizes_by_latent_id[2000],0.025354214992480164
geodesic_mapping.step_sizes_by_latent_id[2001],0.07316500936695891
geodesic_mapping.step_sizes_by_latent_id[2002],0.0579593076351442
geodesic_mapping.step_sizes_by_latent_id[2003],0.04142340622936674
geodesic_mapping.step_sizes_by_latent_id[2004],0.050069047262980795
geodesic_mapping.step_sizes_by_latent_id[2005],0.06442276629812799
geodesic_mapping.step_sizes_by_latent_id[2006],0.07838451591187491
geodesic_mapping.step_sizes_by_latent_id[2007],0.037866221866938124
geodesic_mapping.step_sizes_by_latent_id[2008],0.03403927216674307
geodesic_mapping.step_sizes_by_latent_id[2009],0.07642975857283053
geodesic_mapping.step_sizes_by_latent_id[2010],0.06656175378763975
geodesic_mapping.step_sizes_by_latent_id[2011],0.05301620336079254
geodesic_mapping.step_sizes_by_latent_id[2012],0.044941111623352833
geodesic_mapping.step_sizes_by_latent_id[2013],0.060327881847571825
geodesic_mapping.step_sizes_by_latent_id[2014],0.07106684543120816
geodesic_mapping.step_sizes_by_latent_id[2015],0.0191744992725071
geodesic_mapping.step_sizes_by_latent_id[2016],0.014583566612250437
geodesic_mapping.step_sizes_by_latent_id[2017],0.07648905255764703
geodesic_mapping.step_sizes_by_latent_id[2018],0.06787693362188682
geodesic_mapping.step_sizes_by_latent_id[2019],0.048290567424919814
geodesic_mapping.step_sizes_by_latent_id[2020],0.052880296281474184
geodesic_mapping.step_sizes_by_latent_id[2021],0.06072356526598402
geodesic_mapping.step_sizes_by_latent_id[2022],0.06958877388674851
geodesic_mapping.step_sizes_by_latent_id[2023],0.03137650972341544
geodesic_mapping.step_sizes_by_latent_id[2024],0.0379299647201284
geodesic_mapping.step_sizes_by_latent_id[2025],0.07408379240001835
geodesic_mapping.step_sizes_by_latent_id[2026],0.05815046067160444
geodesic_mapping.step_sizes_by_latent_id[2027],0.051906957966331685
geodesic_mapping.step_sizes_by_latent_id[2028],0.04091209108226869
geodesic_mapping.step_sizes_by_latent_id[2029],0.06434851035008222
geodesic_mapping.step_sizes_by_latent_id[2030],0.07723292951139923
geodesic_mapping.step_sizes_by_latent_id[2031],0.023041664586221058
geodesic_mapping.step_sizes_by_latent_id[2032],0.02580957431590027
geodesic_mapping.step_sizes_by_latent_id[2033],0.07935901230916775
geodesic_mapping.step_sizes_by_latent_id[2034],0.0644501699507146
geodesic_mapping.step_sizes_by_latent_id[2035],0.04341314580516573
geodesic_mapping.step_sizes_by_latent_id[2036],0.04958595404482672
geodesic_mapping.step_sizes_by_latent_id[2037],0.057823960515060085
geodesic_mapping.step_sizes_by_latent_id[2038],0.0719733030181458
geodesic_mapping.step_sizes_by_latent_id[2039],0.036444839571447944
geodesic_mapping.step_sizes_by_latent_id[2040],0.03158457082329338
geodesic_mapping.step_sizes_by_latent_id[2041],0.07108792625667622
geodesic_mapping.step_sizes_by_latent_id[2042],0.06182696164213768
geodesic_mapping.step_sizes_by_latent_id[2043],0.05593967574282949
geodesic_mapping.step_sizes_by_latent_id[2044],0.044985783639172515
geodesic_mapping.step_sizes_by_latent_id[2045],0.06705839511123954
geodesic_mapping.step_sizes_by_latent_id[2046],0.07493332948699244
geodesic_mapping.step_sizes_by_latent_id[2047],0.013221978396190708
geodesic_mapping.step_size_minimum,0.00229339599609375
geodesic_mapping.step_size_maximum,0.1124505627309622
geodesic_mapping.projection,x=y-F(y)gradF(y)/(||gradF(y)||^2+eta^2)
geodesic_mapping.direction_transport,normalize((I-nn^T)v)
geodesic_mapping.root_search,False
geodesic_mapping.convergence_branch,False
mapping_radius_study[0].chart_radius_over_basis_radius,0.25
mapping_radius_study[0].chart_radius_minimum,0.0795495128834866
mapping_radius_study[0].chart_radius_maximum,0.1125
mapping_radius_study[0].chart_radius_over_local_sample_spacing_median,1.4085240270502277
mapping_radius_study[0].r_chart_times_curvature_median,0.3464252698634163
mapping_radius_study[0].geodesic_residual_p95,3.9407331115347635e-05
mapping_radius_study[0].tangent_residual_p95,0.0005838464240344932
mapping_radius_study[0].geodesic_tangent_position_discrepancy_p95,0.010823129061099874
mapping_radius_study[0].geodesic_coverage.diagnostic_radius,0.13323377453800103
mapping_radius_study[0].geodesic_coverage.zero_support_probability,0.33203125
mapping_radius_study[0].geodesic_coverage.cover_count_p10,0.0
mapping_radius_study[0].geodesic_coverage.cover_count_median,7.0
mapping_radius_study[0].geodesic_coverage.cover_count_p90,35.5
mapping_radius_study[0].geodesic_coverage.nearest_distance_p95,0.24418262778015817
mapping_radius_study[0].geodesic_coverage.maximum_uncovered_distance,0.3579435607838122
mapping_radius_study[0].geodesic_coverage.local_neff_median,7.0
mapping_radius_study[0].geodesic_coverage.source_mass_spatial_cv,1.2462927494473814
mapping_radius_study[0].tangent_coverage.diagnostic_radius,0.13323377453800103
mapping_radius_study[0].tangent_coverage.zero_support_probability,0.34423828125
mapping_radius_study[0].tangent_coverage.cover_count_p10,0.0
mapping_radius_study[0].tangent_coverage.cover_count_median,7.0
mapping_radius_study[0].tangent_coverage.cover_count_p90,36.0
mapping_radius_study[0].tangent_coverage.nearest_distance_p95,0.24609662746045538
mapping_radius_study[0].tangent_coverage.maximum_uncovered_distance,0.3613777905059619
mapping_radius_study[0].tangent_coverage.local_neff_median,7.0
mapping_radius_study[0].tangent_coverage.source_mass_spatial_cv,1.258091492049053
mapping_radius_study[0].source_matrix_shape[0],2048
mapping_radius_study[0].source_matrix_shape[1],64
mapping_radius_study[0].source_matrix_nnz,2827
mapping_radius_study[1].chart_radius_over_basis_radius,0.5
mapping_radius_study[1].chart_radius_minimum,0.1590990257669732
mapping_radius_study[1].chart_radius_maximum,0.225
mapping_radius_study[1].chart_radius_over_local_sample_spacing_median,2.8170480541004554
mapping_radius_study[1].r_chart_times_curvature_median,0.6243361943970198
mapping_radius_study[1].geodesic_residual_p95,0.0001657320645293814
mapping_radius_study[1].tangent_residual_p95,0.004225489993736705
mapping_radius_study[1].geodesic_tangent_position_discrepancy_p95,0.04983045957151301
mapping_radius_study[1].geodesic_coverage.diagnostic_radius,0.13323377453800103
mapping_radius_study[1].geodesic_coverage.zero_support_probability,0.101318359375
mapping_radius_study[1].geodesic_coverage.cover_count_p10,0.0
mapping_radius_study[1].geodesic_coverage.cover_count_median,11.0
mapping_radius_study[1].geodesic_coverage.cover_count_p90,29.0
mapping_radius_study[1].geodesic_coverage.nearest_distance_p95,0.16401525906411835
mapping_radius_study[1].geodesic_coverage.maximum_uncovered_distance,0.2652693588660245
mapping_radius_study[1].geodesic_coverage.local_neff_median,11.0
mapping_radius_study[1].geodesic_coverage.source_mass_spatial_cv,0.9096888163198679
mapping_radius_study[1].tangent_coverage.diagnostic_radius,0.13323377453800103
mapping_radius_study[1].tangent_coverage.zero_support_probability,0.127685546875
mapping_radius_study[1].tangent_coverage.cover_count_p10,0.0
mapping_radius_study[1].tangent_coverage.cover_count_median,11.0
mapping_radius_study[1].tangent_coverage.cover_count_p90,30.0
mapping_radius_study[1].tangent_coverage.nearest_distance_p95,0.17352982603042952
mapping_radius_study[1].tangent_coverage.maximum_uncovered_distance,0.28262070751101015
mapping_radius_study[1].tangent_coverage.local_neff_median,11.0
mapping_radius_study[1].tangent_coverage.source_mass_spatial_cv,0.95318214107701
mapping_radius_study[1].source_matrix_shape[0],2048
mapping_radius_study[1].source_matrix_shape[1],64
mapping_radius_study[1].source_matrix_nnz,4999
mapping_radius_study[2].chart_radius_over_basis_radius,1.0
mapping_radius_study[2].chart_radius_minimum,0.3181980515339464
mapping_radius_study[2].chart_radius_maximum,0.45
mapping_radius_study[2].chart_radius_over_local_sample_spacing_median,5.634096108200911
mapping_radius_study[2].r_chart_times_curvature_median,1.0550707020275076
mapping_radius_study[2].geodesic_residual_p95,0.0007158090313006546
mapping_radius_study[2].tangent_residual_p95,0.01063804054107516
mapping_radius_study[2].geodesic_tangent_position_discrepancy_p95,0.1882940366913297
mapping_radius_study[2].geodesic_coverage.diagnostic_radius,0.13323377453800103
mapping_radius_study[2].geodesic_coverage.zero_support_probability,0.0
mapping_radius_study[2].geodesic_coverage.cover_count_p10,5.0
mapping_radius_study[2].geodesic_coverage.cover_count_median,12.0
mapping_radius_study[2].geodesic_coverage.cover_count_p90,23.0
mapping_radius_study[2].geodesic_coverage.nearest_distance_p95,0.07199336698156636
mapping_radius_study[2].geodesic_coverage.maximum_uncovered_distance,0.1302330430217278
mapping_radius_study[2].geodesic_coverage.local_neff_median,12.0
mapping_radius_study[2].geodesic_coverage.source_mass_spatial_cv,0.5395279450514837
mapping_radius_study[2].tangent_coverage.diagnostic_radius,0.13323377453800103
mapping_radius_study[2].tangent_coverage.zero_support_probability,0.00390625
mapping_radius_study[2].tangent_coverage.cover_count_p10,5.0
mapping_radius_study[2].tangent_coverage.cover_count_median,12.0
mapping_radius_study[2].tangent_coverage.cover_count_p90,23.0
mapping_radius_study[2].tangent_coverage.nearest_distance_p95,0.07993272003404034
mapping_radius_study[2].tangent_coverage.maximum_uncovered_distance,0.1771347653169423
mapping_radius_study[2].tangent_coverage.local_neff_median,12.0
mapping_radius_study[2].tangent_coverage.source_mass_spatial_cv,0.5775728249181165
mapping_radius_study[2].source_matrix_shape[0],2048
mapping_radius_study[2].source_matrix_shape[1],64
mapping_radius_study[2].source_matrix_nnz,11764
mapping_radius_study[3].chart_radius_over_basis_radius,1.5
mapping_radius_study[3].chart_radius_minimum,0.47729707730091964
mapping_radius_study[3].chart_radius_maximum,0.675
mapping_radius_study[3].chart_radius_over_local_sample_spacing_median,8.451144162301366
mapping_radius_study[3].r_chart_times_curvature_median,1.38790326528941
mapping_radius_study[3].geodesic_residual_p95,0.0017734422568351138
mapping_radius_study[3].tangent_residual_p95,0.03485872667784941
mapping_radius_study[3].geodesic_tangent_position_discrepancy_p95,0.39056623032615917
mapping_radius_study[3].geodesic_coverage.diagnostic_radius,0.13323377453800103
mapping_radius_study[3].geodesic_coverage.zero_support_probability,0.0
mapping_radius_study[3].geodesic_coverage.cover_count_p10,6.0
mapping_radius_study[3].geodesic_coverage.cover_count_median,13.0
mapping_radius_study[3].geodesic_coverage.cover_count_p90,20.0
mapping_radius_study[3].geodesic_coverage.nearest_distance_p95,0.06890201371303466
mapping_radius_study[3].geodesic_coverage.maximum_uncovered_distance,0.11267283676491212
mapping_radius_study[3].geodesic_coverage.local_neff_median,13.0
mapping_radius_study[3].geodesic_coverage.source_mass_spatial_cv,0.4301469173865061
mapping_radius_study[3].tangent_coverage.diagnostic_radius,0.13323377453800103
mapping_radius_study[3].tangent_coverage.zero_support_probability,0.0
mapping_radius_study[3].tangent_coverage.cover_count_p10,6.0
mapping_radius_study[3].tangent_coverage.cover_count_median,12.0
mapping_radius_study[3].tangent_coverage.cover_count_p90,20.0
mapping_radius_study[3].tangent_coverage.nearest_distance_p95,0.0732887997904903
mapping_radius_study[3].tangent_coverage.maximum_uncovered_distance,0.12394444944749733
mapping_radius_study[3].tangent_coverage.local_neff_median,12.0
mapping_radius_study[3].tangent_coverage.source_mass_spatial_cv,0.47954975171553815
mapping_radius_study[3].source_matrix_shape[0],2048
mapping_radius_study[3].source_matrix_shape[1],64
mapping_radius_study[3].source_matrix_nnz,23123
sparse_source_matrix.shape[0],2048
sparse_source_matrix.shape[1],64
sparse_source_matrix.nnz,11764
sparse_source_matrix.nonzero_fraction,0.089752197265625
sparse_source_matrix.nnz_per_emitter_mean,5.744140625
sparse_source_matrix.nnz_per_emitter_maximum,12
sparse_source_matrix.nnz_per_lambda_mean,183.8125
sparse_source_matrix.nnz_per_lambda_maximum,348
sparse_source_matrix.coo_memory_bytes,282336
sparse_source_matrix.sparse_matvecs_per_second,6436.930439347302
sparse_source_matrix.dense_matrix_materialized,False
sparse_source_matrix.support_frozen_with_margin,0.08
energy_kernel.formula,"K_E(r)=4/pi*(1-r^2)^3 for 0<=r<1, zero otherwise"
energy_kernel.nonnegative,True
energy_kernel.compact,True
energy_kernel.regularity,C2 at support boundary
energy_kernel.unit_disk_integral,1.0
overlap_formulations.RAW_ADDITIVE,fixed per-chart amplitude A_ref/K_main; literal independent chart superposition
overlap_formulations.AREA_CORRECTED_ADDITIVE,frozen reference Voronoi area a_k times normalized radial kernel
overlap_formulations.PARTITION_OF_UNITY,sparse alpha_mk=K_mk/sum_l K_ml with exact nonzero support
overlap_formulations.SOFT_POU,K_mk/(sum_l K_ml+0.001)
overlap_formulations.MAX_RESPONSIBILITY,diagnostic only; not primary due argmax topology
overlap_formulations.GEOMETRY_COUPLED_AMPLITUDE,diagnostic sqrt(lambda_k^2+1e-4)/0.01; never primary
overlap_controls.rows[0].formulation,RAW_ADDITIVE
overlap_controls.rows[0].separated_mass,2.000000000246394
overlap_controls.rows[0].coincident_mass,2.0000000004757577
overlap_controls.rows[0].mass_change_fraction,1.1468181958215664e-10
overlap_controls.rows[0].maximum_value_jump,1.8334400664343775e-10
overlap_controls.rows[0].maximum_derivative_jump,5.734122510148154e-09
overlap_controls.rows[0].maximum_local_density,2.5464790894703255
overlap_controls.rows[1].formulation,AREA_CORRECTED_ADDITIVE
overlap_controls.rows[1].separated_mass,1.000000000123197
overlap_controls.rows[1].coincident_mass,1.0000000002378788
overlap_controls.rows[1].mass_change_fraction,1.1468181958215664e-10
overlap_controls.rows[1].maximum_value_jump,9.167200332171888e-11
overlap_controls.rows[1].maximum_derivative_jump,2.867061255074077e-09
overlap_controls.rows[1].maximum_local_density,1.2732395447351628
overlap_controls.rows[2].formulation,PARTITION_OF_UNITY
overlap_controls.rows[2].separated_mass,6.282683999999857
overlap_controls.rows[2].coincident_mass,3.142556999999928
overlap_controls.rows[2].mass_change_fraction,0.4998066113145274
overlap_controls.rows[2].maximum_value_jump,0.04163399999999884
overlap_controls.rows[2].maximum_derivative_jump,0.24502499999999827
overlap_controls.rows[2].maximum_local_density,1.0
overlap_controls.rows[3].formulation,SOFT_POU
overlap_controls.rows[3].separated_mass,5.584668648276424
overlap_controls.rows[3].coincident_mass,2.8640243837248414
overlap_controls.rows[3].mass_change_fraction,0.4871630594218415
overlap_controls.rows[3].maximum_value_jump,0.03690898507703233
overlap_controls.rows[3].maximum_derivative_jump,0.520850085053894
overlap_controls.rows[3].maximum_local_density,0.9996074550703348
overlap_controls.rows[4].formulation,MAX_RESPONSIBILITY
overlap_controls.rows[4].separated_mass,2.000000000246394
overlap_controls.rows[4].coincident_mass,1.0000000002378788
overlap_controls.rows[4].mass_change_fraction,0.4999999999426591
overlap_controls.rows[4].maximum_value_jump,0.02327827863831078
overlap_controls.rows[4].maximum_derivative_jump,0.021079267314910055
overlap_controls.rows[4].maximum_local_density,1.2732395447351628
overlap_controls.rows[5].formulation,GEOMETRY_COUPLED_AMPLITUDE
overlap_controls.rows[5].separated_mass,4.123105626125615
overlap_controls.rows[5].coincident_mass,4.123105626598461
overlap_controls.rows[5].mass_change_fraction,1.1468194255043026e-10
overlap_controls.rows[5].maximum_value_jump,3.77974096466005e-10
overlap_controls.rows[5].maximum_derivative_jump,1.1821157386293635e-08
overlap_controls.rows[5].maximum_local_density,5.249701129656419
overlap_controls.plot.separation[0],0.0
overlap_controls.plot.separation[1],0.02
overlap_controls.plot.separation[2],0.04
overlap_controls.plot.separation[3],0.06
overlap_controls.plot.separation[4],0.08
overlap_controls.plot.separation[5],0.1
overlap_controls.plot.separation[6],0.12
overlap_controls.plot.separation[7],0.14
overlap_controls.plot.separation[8],0.16
overlap_controls.plot.separation[9],0.18
overlap_controls.plot.separation[10],0.2
overlap_controls.plot.separation[11],0.22
overlap_controls.plot.separation[12],0.24
overlap_controls.plot.separation[13],0.26
overlap_controls.plot.separation[14],0.28
overlap_controls.plot.separation[15],0.3
overlap_controls.plot.separation[16],0.32
overlap_controls.plot.separation[17],0.34
overlap_controls.plot.separation[18],0.36
overlap_controls.plot.separation[19],0.38
overlap_controls.plot.separation[20],0.4
overlap_controls.plot.separation[21],0.42
overlap_controls.plot.separation[22],0.44
overlap_controls.plot.separation[23],0.46
overlap_controls.plot.separation[24],0.48
overlap_controls.plot.separation[25],0.5
overlap_controls.plot.separation[26],0.52
overlap_controls.plot.separation[27],0.54
overlap_controls.plot.separation[28],0.56
overlap_controls.plot.separation[29],0.58
overlap_controls.plot.separation[30],0.6
overlap_controls.plot.separation[31],0.62
overlap_controls.plot.separation[32],0.64
overlap_controls.plot.separation[33],0.66
overlap_controls.plot.separation[34],0.68
overlap_controls.plot.separation[35],0.7000000000000001
overlap_controls.plot.separation[36],0.72
overlap_controls.plot.separation[37],0.74
overlap_controls.plot.separation[38],0.76
overlap_controls.plot.separation[39],0.78
overlap_controls.plot.separation[40],0.8
overlap_controls.plot.separation[41],0.8200000000000001
overlap_controls.plot.separation[42],0.84
overlap_controls.plot.separation[43],0.86
overlap_controls.plot.separation[44],0.88
overlap_controls.plot.separation[45],0.9
overlap_controls.plot.separation[46],0.92
overlap_controls.plot.separation[47],0.9400000000000001
overlap_controls.plot.separation[48],0.96
overlap_controls.plot.separation[49],0.98
overlap_controls.plot.separation[50],1.0
overlap_controls.plot.separation[51],1.02
overlap_controls.plot.separation[52],1.04
overlap_controls.plot.separation[53],1.06
overlap_controls.plot.separation[54],1.08
overlap_controls.plot.separation[55],1.1
overlap_controls.plot.separation[56],1.12
overlap_controls.plot.separation[57],1.1400000000000001
overlap_controls.plot.separation[58],1.16
overlap_controls.plot.separation[59],1.18
overlap_controls.plot.separation[60],1.2
overlap_controls.plot.separation[61],1.22
overlap_controls.plot.separation[62],1.24
overlap_controls.plot.separation[63],1.26
overlap_controls.plot.separation[64],1.28
overlap_controls.plot.separation[65],1.3
overlap_controls.plot.separation[66],1.32
overlap_controls.plot.separation[67],1.34
overlap_controls.plot.separation[68],1.36
overlap_controls.plot.separation[69],1.3800000000000001
overlap_controls.plot.separation[70],1.4000000000000001
overlap_controls.plot.separation[71],1.42
overlap_controls.plot.separation[72],1.44
overlap_controls.plot.separation[73],1.46
overlap_controls.plot.separation[74],1.48
overlap_controls.plot.separation[75],1.5
overlap_controls.plot.separation[76],1.52
overlap_controls.plot.separation[77],1.54
overlap_controls.plot.separation[78],1.56
overlap_controls.plot.separation[79],1.58
overlap_controls.plot.separation[80],1.6
overlap_controls.plot.separation[81],1.62
overlap_controls.plot.separation[82],1.6400000000000001
overlap_controls.plot.separation[83],1.6600000000000001
overlap_controls.plot.separation[84],1.68
overlap_controls.plot.separation[85],1.7
overlap_controls.plot.separation[86],1.72
overlap_controls.plot.separation[87],1.74
overlap_controls.plot.separation[88],1.76
overlap_controls.plot.separation[89],1.78
overlap_controls.plot.separation[90],1.8
overlap_controls.plot.separation[91],1.82
overlap_controls.plot.separation[92],1.84
overlap_controls.plot.separation[93],1.86
overlap_controls.plot.separation[94],1.8800000000000001
overlap_controls.plot.separation[95],1.9000000000000001
overlap_controls.plot.separation[96],1.92
overlap_controls.plot.separation[97],1.94
overlap_controls.plot.separation[98],1.96
overlap_controls.plot.separation[99],1.98
overlap_controls.plot.separation[100],2.0
overlap_controls.plot.separation[101],2.02
overlap_controls.plot.separation[102],2.04
overlap_controls.plot.separation[103],2.06
overlap_controls.plot.separation[104],2.08
overlap_controls.plot.separation[105],2.1
overlap_controls.plot.separation[106],2.12
overlap_controls.plot.separation[107],2.14
overlap_controls.plot.separation[108],2.16
overlap_controls.plot.separation[109],2.18
overlap_controls.plot.separation[110],2.2
overlap_controls.plot.RAW_ADDITIVE[0],2.0000000004757577
overlap_controls.plot.RAW_ADDITIVE[1],2.00000000041171
overlap_controls.plot.RAW_ADDITIVE[2],2.000000000246394
overlap_controls.plot.RAW_ADDITIVE[3],2.000000000063051
overlap_controls.plot.RAW_ADDITIVE[4],1.999999999948856
overlap_controls.plot.RAW_ADDITIVE[5],1.9999999999488562
overlap_controls.plot.RAW_ADDITIVE[6],2.000000000063051
overlap_controls.plot.RAW_ADDITIVE[7],2.000000000246394
overlap_controls.plot.RAW_ADDITIVE[8],2.0000000004117107
overlap_controls.plot.RAW_ADDITIVE[9],2.0000000004757577
overlap_controls.plot.RAW_ADDITIVE[10],2.0000000004117107
overlap_controls.plot.RAW_ADDITIVE[11],2.000000000246394
overlap_controls.plot.RAW_ADDITIVE[12],2.000000000063051
overlap_controls.plot.RAW_ADDITIVE[13],1.9999999999488562
overlap_controls.plot.RAW_ADDITIVE[14],1.9999999999488562
overlap_controls.plot.RAW_ADDITIVE[15],2.000000000063051
overlap_controls.plot.RAW_ADDITIVE[16],2.000000000246394
overlap_controls.plot.RAW_ADDITIVE[17],2.0000000004117107
overlap_controls.plot.RAW_ADDITIVE[18],2.0000000004757577
overlap_controls.plot.RAW_ADDITIVE[19],2.0000000004117107
overlap_controls.plot.RAW_ADDITIVE[20],2.000000000246394
overlap_controls.plot.RAW_ADDITIVE[21],2.0000000000630513
overlap_controls.plot.RAW_ADDITIVE[22],1.9999999999488562
overlap_controls.plot.RAW_ADDITIVE[23],1.9999999999488565
overlap_controls.plot.RAW_ADDITIVE[24],2.000000000063051
overlap_controls.plot.RAW_ADDITIVE[25],2.0000000002463945
overlap_controls.plot.RAW_ADDITIVE[26],2.0000000004117107
overlap_controls.plot.RAW_ADDITIVE[27],2.0000000004757577
overlap_controls.plot.RAW_ADDITIVE[28],2.0000000004117107
overlap_controls.plot.RAW_ADDITIVE[29],2.000000000246394
overlap_controls.plot.RAW_ADDITIVE[30],2.000000000063051
overlap_controls.plot.RAW_ADDITIVE[31],1.9999999999488562
overlap_controls.plot.RAW_ADDITIVE[32],1.9999999999488562
overlap_controls.plot.RAW_ADDITIVE[33],2.0000000000630505
overlap_controls.plot.RAW_ADDITIVE[34],2.000000000246394
overlap_controls.plot.RAW_ADDITIVE[35],2.0000000004117107
overlap_controls.plot.RAW_ADDITIVE[36],2.000000000475758
overlap_controls.plot.RAW_ADDITIVE[37],2.00000000041171
overlap_controls.plot.RAW_ADDITIVE[38],2.000000000246394
overlap_controls.plot.RAW_ADDITIVE[39],2.000000000063051
overlap_controls.plot.RAW_ADDITIVE[40],1.9999999999488556
overlap_controls.plot.RAW_ADDITIVE[41],1.999999999948856
overlap_controls.plot.RAW_ADDITIVE[42],2.0000000000630513
overlap_controls.plot.RAW_ADDITIVE[43],2.000000000246394
overlap_controls.plot.RAW_ADDITIVE[44],2.0000000004117107
overlap_controls.plot.RAW_ADDITIVE[45],2.0000000004757577
overlap_controls.plot.RAW_ADDITIVE[46],2.0000000004117107
overlap_controls.plot.RAW_ADDITIVE[47],2.0000000002463945
overlap_controls.plot.RAW_ADDITIVE[48],2.000000000063051
overlap_controls.plot.RAW_ADDITIVE[49],1.999999999948856
overlap_controls.plot.RAW_ADDITIVE[50],1.999999999948856
overlap_controls.plot.RAW_ADDITIVE[51],2.000000000063051
overlap_controls.plot.RAW_ADDITIVE[52],2.000000000246394
overlap_controls.plot.RAW_ADDITIVE[53],2.0000000004117107
overlap_controls.plot.RAW_ADDITIVE[54],2.0000000004757577
overlap_controls.plot.RAW_ADDITIVE[55],2.0000000004117107
overlap_controls.plot.RAW_ADDITIVE[56],2.000000000246394
overlap_controls.plot.RAW_ADDITIVE[57],2.000000000063051
overlap_controls.plot.RAW_ADDITIVE[58],1.999999999948856
overlap_controls.plot.RAW_ADDITIVE[59],1.9999999999488562
overlap_controls.plot.RAW_ADDITIVE[60],2.000000000063051
overlap_controls.plot.RAW_ADDITIVE[61],2.0000000002463936
overlap_controls.plot.RAW_ADDITIVE[62],2.0000000004117107
overlap_controls.plot.RAW_ADDITIVE[63],2.0000000004757577
overlap_controls.plot.RAW_ADDITIVE[64],2.0000000004117107
overlap_controls.plot.RAW_ADDITIVE[65],2.000000000246394
overlap_controls.plot.RAW_ADDITIVE[66],2.000000000063051
overlap_controls.plot.RAW_ADDITIVE[67],1.9999999999488562
overlap_controls.plot.RAW_ADDITIVE[68],1.999999999948856
overlap_controls.plot.RAW_ADDITIVE[69],2.000000000063051
overlap_controls.plot.RAW_ADDITIVE[70],2.000000000246394
overlap_controls.plot.RAW_ADDITIVE[71],2.00000000041171
overlap_controls.plot.RAW_ADDITIVE[72],2.0000000004757577
overlap_controls.plot.RAW_ADDITIVE[73],2.0000000004117107
overlap_controls.plot.RAW_ADDITIVE[74],2.000000000246394
overlap_controls.plot.RAW_ADDITIVE[75],2.000000000063051
overlap_controls.plot.RAW_ADDITIVE[76],1.9999999999488562
overlap_controls.plot.RAW_ADDITIVE[77],1.999999999948856
overlap_controls.plot.RAW_ADDITIVE[78],2.000000000063051
overlap_controls.plot.RAW_ADDITIVE[79],2.000000000246395
overlap_controls.plot.RAW_ADDITIVE[80],2.0000000004117107
overlap_controls.plot.RAW_ADDITIVE[81],2.0000000004757577
overlap_controls.plot.RAW_ADDITIVE[82],2.0000000004117107
overlap_controls.plot.RAW_ADDITIVE[83],2.000000000246394
overlap_controls.plot.RAW_ADDITIVE[84],2.0000000000630513
overlap_controls.plot.RAW_ADDITIVE[85],1.9999999999488562
overlap_controls.plot.RAW_ADDITIVE[86],1.9999999999488562
overlap_controls.plot.RAW_ADDITIVE[87],2.000000000063051
overlap_controls.plot.RAW_ADDITIVE[88],2.0000000002463945
overlap_controls.plot.RAW_ADDITIVE[89],2.0000000004117107
overlap_controls.plot.RAW_ADDITIVE[90],2.0000000004757577
overlap_controls.plot.RAW_ADDITIVE[91],2.0000000004117098
overlap_controls.plot.RAW_ADDITIVE[92],2.0000000002463945
overlap_controls.plot.RAW_ADDITIVE[93],2.000000000063052
overlap_controls.plot.RAW_ADDITIVE[94],1.9999999999488562
overlap_controls.plot.RAW_ADDITIVE[95],1.9999999999488565
overlap_controls.plot.RAW_ADDITIVE[96],2.000000000063051
overlap_controls.plot.RAW_ADDITIVE[97],2.0000000002463945
overlap_controls.plot.RAW_ADDITIVE[98],2.0000000004117107
overlap_controls.plot.RAW_ADDITIVE[99],2.0000000004757577
overlap_controls.plot.RAW_ADDITIVE[100],2.00000000041171
overlap_controls.plot.RAW_ADDITIVE[101],2.000000000246394
overlap_controls.plot.RAW_ADDITIVE[102],2.000000000063051
overlap_controls.plot.RAW_ADDITIVE[103],1.9999999999488565
overlap_controls.plot.RAW_ADDITIVE[104],1.9999999999488565
overlap_controls.plot.RAW_ADDITIVE[105],2.000000000063051
overlap_controls.plot.RAW_ADDITIVE[106],2.000000000246394
overlap_controls.plot.RAW_ADDITIVE[107],2.0000000004117107
overlap_controls.plot.RAW_ADDITIVE[108],2.0000000004757577
overlap_controls.plot.RAW_ADDITIVE[109],2.00000000041171
overlap_controls.plot.RAW_ADDITIVE[110],2.000000000246394
overlap_controls.plot.AREA_CORRECTED_ADDITIVE[0],1.0000000002378788
overlap_controls.plot.AREA_CORRECTED_ADDITIVE[1],1.000000000205855
overlap_controls.plot.AREA_CORRECTED_ADDITIVE[2],1.000000000123197
overlap_controls.plot.AREA_CORRECTED_ADDITIVE[3],1.0000000000315254
overlap_controls.plot.AREA_CORRECTED_ADDITIVE[4],0.999999999974428
overlap_controls.plot.AREA_CORRECTED_ADDITIVE[5],0.9999999999744281
overlap_controls.plot.AREA_CORRECTED_ADDITIVE[6],1.0000000000315254
overlap_controls.plot.AREA_CORRECTED_ADDITIVE[7],1.000000000123197
overlap_controls.plot.AREA_CORRECTED_ADDITIVE[8],1.0000000002058553
overlap_controls.plot.AREA_CORRECTED_ADDITIVE[9],1.0000000002378788
overlap_controls.plot.AREA_CORRECTED_ADDITIVE[10],1.0000000002058553
overlap_controls.plot.AREA_CORRECTED_ADDITIVE[11],1.000000000123197
overlap_controls.plot.AREA_CORRECTED_ADDITIVE[12],1.0000000000315254
overlap_controls.plot.AREA_CORRECTED_ADDITIVE[13],0.9999999999744281
overlap_controls.plot.AREA_CORRECTED_ADDITIVE[14],0.9999999999744281
overlap_controls.plot.AREA_CORRECTED_ADDITIVE[15],1.0000000000315254
overlap_controls.plot.AREA_CORRECTED_ADDITIVE[16],1.000000000123197
overlap_controls.plot.AREA_CORRECTED_ADDITIVE[17],1.0000000002058553
overlap_controls.plot.AREA_CORRECTED_ADDITIVE[18],1.0000000002378788
overlap_controls.plot.AREA_CORRECTED_ADDITIVE[19],1.0000000002058553
overlap_controls.plot.AREA_CORRECTED_ADDITIVE[20],1.000000000123197
overlap_controls.plot.AREA_CORRECTED_ADDITIVE[21],1.0000000000315257
overlap_controls.plot.AREA_CORRECTED_ADDITIVE[22],0.9999999999744281
overlap_controls.plot.AREA_CORRECTED_ADDITIVE[23],0.9999999999744282
overlap_controls.plot.AREA_CORRECTED_ADDITIVE[24],1.0000000000315254
overlap_controls.plot.AREA_CORRECTED_ADDITIVE[25],1.0000000001231972
overlap_controls.plot.AREA_CORRECTED_ADDITIVE[26],1.0000000002058553
overlap_controls.plot.AREA_CORRECTED_ADDITIVE[27],1.0000000002378788
overlap_controls.plot.AREA_CORRECTED_ADDITIVE[28],1.0000000002058553
overlap_controls.plot.AREA_CORRECTED_ADDITIVE[29],1.000000000123197
overlap_controls.plot.AREA_CORRECTED_ADDITIVE[30],1.0000000000315254
overlap_controls.plot.AREA_CORRECTED_ADDITIVE[31],0.9999999999744281
overlap_controls.plot.AREA_CORRECTED_ADDITIVE[32],0.9999999999744281
overlap_controls.plot.AREA_CORRECTED_ADDITIVE[33],1.0000000000315252
overlap_controls.plot.AREA_CORRECTED_ADDITIVE[34],1.000000000123197
overlap_controls.plot.AREA_CORRECTED_ADDITIVE[35],1.0000000002058553
overlap_controls.plot.AREA_CORRECTED_ADDITIVE[36],1.000000000237879
overlap_controls.plot.AREA_CORRECTED_ADDITIVE[37],1.000000000205855
overlap_controls.plot.AREA_CORRECTED_ADDITIVE[38],1.000000000123197
overlap_controls.plot.AREA_CORRECTED_ADDITIVE[39],1.0000000000315254
overlap_controls.plot.AREA_CORRECTED_ADDITIVE[40],0.9999999999744278
overlap_controls.plot.AREA_CORRECTED_ADDITIVE[41],0.999999999974428
overlap_controls.plot.AREA_CORRECTED_ADDITIVE[42],1.0000000000315257
overlap_controls.plot.AREA_CORRECTED_ADDITIVE[43],1.000000000123197
overlap_controls.plot.AREA_CORRECTED_ADDITIVE[44],1.0000000002058553
overlap_controls.plot.AREA_CORRECTED_ADDITIVE[45],1.0000000002378788
overlap_controls.plot.AREA_CORRECTED_ADDITIVE[46],1.0000000002058553
overlap_controls.plot.AREA_CORRECTED_ADDITIVE[47],1.0000000001231972
overlap_controls.plot.AREA_CORRECTED_ADDITIVE[48],1.0000000000315254
overlap_controls.plot.AREA_CORRECTED_ADDITIVE[49],0.999999999974428
overlap_controls.plot.AREA_CORRECTED_ADDITIVE[50],0.999999999974428
overlap_controls.plot.AREA_CORRECTED_ADDITIVE[51],1.0000000000315254
overlap_controls.plot.AREA_CORRECTED_ADDITIVE[52],1.000000000123197
overlap_controls.plot.AREA_CORRECTED_ADDITIVE[53],1.0000000002058553
overlap_controls.plot.AREA_CORRECTED_ADDITIVE[54],1.0000000002378788
overlap_controls.plot.AREA_CORRECTED_ADDITIVE[55],1.0000000002058553
overlap_controls.plot.AREA_CORRECTED_ADDITIVE[56],1.000000000123197
overlap_controls.plot.AREA_CORRECTED_ADDITIVE[57],1.0000000000315254
overlap_controls.plot.AREA_CORRECTED_ADDITIVE[58],0.999999999974428
overlap_controls.plot.AREA_CORRECTED_ADDITIVE[59],0.9999999999744281
overlap_controls.plot.AREA_CORRECTED_ADDITIVE[60],1.0000000000315254
overlap_controls.plot.AREA_CORRECTED_ADDITIVE[61],1.0000000001231968
overlap_controls.plot.AREA_CORRECTED_ADDITIVE[62],1.0000000002058553
overlap_controls.plot.AREA_CORRECTED_ADDITIVE[63],1.0000000002378788
overlap_controls.plot.AREA_CORRECTED_ADDITIVE[64],1.0000000002058553
overlap_controls.plot.AREA_CORRECTED_ADDITIVE[65],1.000000000123197
overlap_controls.plot.AREA_CORRECTED_ADDITIVE[66],1.0000000000315254
overlap_controls.plot.AREA_CORRECTED_ADDITIVE[67],0.9999999999744281
overlap_controls.plot.AREA_CORRECTED_ADDITIVE[68],0.999999999974428
overlap_controls.plot.AREA_CORRECTED_ADDITIVE[69],1.0000000000315254
overlap_controls.plot.AREA_CORRECTED_ADDITIVE[70],1.000000000123197
overlap_controls.plot.AREA_CORRECTED_ADDITIVE[71],1.000000000205855
overlap_controls.plot.AREA_CORRECTED_ADDITIVE[72],1.0000000002378788
overlap_controls.plot.AREA_CORRECTED_ADDITIVE[73],1.0000000002058553
overlap_controls.plot.AREA_CORRECTED_ADDITIVE[74],1.000000000123197
overlap_controls.plot.AREA_CORRECTED_ADDITIVE[75],1.0000000000315254
overlap_controls.plot.AREA_CORRECTED_ADDITIVE[76],0.9999999999744281
overlap_controls.plot.AREA_CORRECTED_ADDITIVE[77],0.999999999974428
overlap_controls.plot.AREA_CORRECTED_ADDITIVE[78],1.0000000000315254
overlap_controls.plot.AREA_CORRECTED_ADDITIVE[79],1.0000000001231975
overlap_controls.plot.AREA_CORRECTED_ADDITIVE[80],1.0000000002058553
overlap_controls.plot.AREA_CORRECTED_ADDITIVE[81],1.0000000002378788
overlap_controls.plot.AREA_CORRECTED_ADDITIVE[82],1.0000000002058553
overlap_controls.plot.AREA_CORRECTED_ADDITIVE[83],1.000000000123197
overlap_controls.plot.AREA_CORRECTED_ADDITIVE[84],1.0000000000315257
overlap_controls.plot.AREA_CORRECTED_ADDITIVE[85],0.9999999999744281
overlap_controls.plot.AREA_CORRECTED_ADDITIVE[86],0.9999999999744281
overlap_controls.plot.AREA_CORRECTED_ADDITIVE[87],1.0000000000315254
overlap_controls.plot.AREA_CORRECTED_ADDITIVE[88],1.0000000001231972
overlap_controls.plot.AREA_CORRECTED_ADDITIVE[89],1.0000000002058553
overlap_controls.plot.AREA_CORRECTED_ADDITIVE[90],1.0000000002378788
overlap_controls.plot.AREA_CORRECTED_ADDITIVE[91],1.0000000002058549
overlap_controls.plot.AREA_CORRECTED_ADDITIVE[92],1.0000000001231972
overlap_controls.plot.AREA_CORRECTED_ADDITIVE[93],1.000000000031526
overlap_controls.plot.AREA_CORRECTED_ADDITIVE[94],0.9999999999744281
overlap_controls.plot.AREA_CORRECTED_ADDITIVE[95],0.9999999999744282
overlap_controls.plot.AREA_CORRECTED_ADDITIVE[96],1.0000000000315254
overlap_controls.plot.AREA_CORRECTED_ADDITIVE[97],1.0000000001231972
overlap_controls.plot.AREA_CORRECTED_ADDITIVE[98],1.0000000002058553
overlap_controls.plot.AREA_CORRECTED_ADDITIVE[99],1.0000000002378788
overlap_controls.plot.AREA_CORRECTED_ADDITIVE[100],1.000000000205855
overlap_controls.plot.AREA_CORRECTED_ADDITIVE[101],1.000000000123197
overlap_controls.plot.AREA_CORRECTED_ADDITIVE[102],1.0000000000315254
overlap_controls.plot.AREA_CORRECTED_ADDITIVE[103],0.9999999999744282
overlap_controls.plot.AREA_CORRECTED_ADDITIVE[104],0.9999999999744282
overlap_controls.plot.AREA_CORRECTED_ADDITIVE[105],1.0000000000315254
overlap_controls.plot.AREA_CORRECTED_ADDITIVE[106],1.000000000123197
overlap_controls.plot.AREA_CORRECTED_ADDITIVE[107],1.0000000002058553
overlap_controls.plot.AREA_CORRECTED_ADDITIVE[108],1.0000000002378788
overlap_controls.plot.AREA_CORRECTED_ADDITIVE[109],1.000000000205855
overlap_controls.plot.AREA_CORRECTED_ADDITIVE[110],1.000000000123197
overlap_controls.plot.PARTITION_OF_UNITY[0],3.142556999999928
overlap_controls.plot.PARTITION_OF_UNITY[1],3.182570999999927
overlap_controls.plot.PARTITION_OF_UNITY[2],3.2225849999999263
overlap_controls.plot.PARTITION_OF_UNITY[3],3.262922999999925
overlap_controls.plot.PARTITION_OF_UNITY[4],3.3026129999999245
overlap_controls.plot.PARTITION_OF_UNITY[5],3.3424649999999234
overlap_controls.plot.PARTITION_OF_UNITY[6],3.381182999999923
overlap_controls.plot.PARTITION_OF_UNITY[7],3.4205489999999217
overlap_controls.plot.PARTITION_OF_UNITY[8],3.460400999999921
overlap_controls.plot.PARTITION_OF_UNITY[9],3.50203499999992
overlap_controls.plot.PARTITION_OF_UNITY[10],3.541724999999919
overlap_controls.plot.PARTITION_OF_UNITY[11],3.581414999999918
overlap_controls.plot.PARTITION_OF_UNITY[12],3.621428999999917
overlap_controls.plot.PARTITION_OF_UNITY[13],3.6607949999999163
overlap_controls.plot.PARTITION_OF_UNITY[14],3.700484999999915
overlap_controls.plot.PARTITION_OF_UNITY[15],3.7390409999999146
overlap_controls.plot.PARTITION_OF_UNITY[16],3.7777589999999135
overlap_controls.plot.PARTITION_OF_UNITY[17],3.817286999999913
overlap_controls.plot.PARTITION_OF_UNITY[18],3.8585969999999117
overlap_controls.plot.PARTITION_OF_UNITY[19],3.897962999999911
overlap_controls.plot.PARTITION_OF_UNITY[20],3.93716699999991
overlap_controls.plot.PARTITION_OF_UNITY[21],3.976532999999909
overlap_controls.plot.PARTITION_OF_UNITY[22],4.015250999999908
overlap_controls.plot.PARTITION_OF_UNITY[23],4.054292999999907
overlap_controls.plot.PARTITION_OF_UNITY[24],4.091876999999906
overlap_controls.plot.PARTITION_OF_UNITY[25],4.129946999999905
overlap_controls.plot.PARTITION_OF_UNITY[26],4.168826999999904
overlap_controls.plot.PARTITION_OF_UNITY[27],4.209326999999904
overlap_controls.plot.PARTITION_OF_UNITY[28],4.247396999999903
overlap_controls.plot.PARTITION_OF_UNITY[29],4.285790999999902
overlap_controls.plot.PARTITION_OF_UNITY[30],4.324346999999901
overlap_controls.plot.PARTITION_OF_UNITY[31],4.3620929999999
overlap_controls.plot.PARTITION_OF_UNITY[32],4.4001629999999
overlap_controls.plot.PARTITION_OF_UNITY[33],4.436774999999899
overlap_controls.plot.PARTITION_OF_UNITY[34],4.473872999999898
overlap_controls.plot.PARTITION_OF_UNITY[35],4.511780999999897
overlap_controls.plot.PARTITION_OF_UNITY[36],4.550984999999896
overlap_controls.plot.PARTITION_OF_UNITY[37],4.587839999999895
overlap_controls.plot.PARTITION_OF_UNITY[38],4.625018999999894
overlap_controls.plot.PARTITION_OF_UNITY[39],4.662116999999894
overlap_controls.plot.PARTITION_OF_UNITY[40],4.698404999999893
overlap_controls.plot.PARTITION_OF_UNITY[41],4.735178999999892
overlap_controls.plot.PARTITION_OF_UNITY[42],4.770494999999891
overlap_controls.plot.PARTITION_OF_UNITY[43],4.80597299999989
overlap_controls.plot.PARTITION_OF_UNITY[44],4.842503999999889
overlap_controls.plot.PARTITION_OF_UNITY[45],4.8801689999998885
overlap_controls.plot.PARTITION_OF_UNITY[46],4.915241999999887
overlap_controls.plot.PARTITION_OF_UNITY[47],4.950962999999887
overlap_controls.plot.PARTITION_OF_UNITY[48],4.986278999999886
overlap_controls.plot.PARTITION_OF_UNITY[49],5.020298999999885
overlap_controls.plot.PARTITION_OF_UNITY[50],5.0551289999998845
overlap_controls.plot.PARTITION_OF_UNITY[51],5.088824999999884
overlap_controls.plot.PARTITION_OF_UNITY[52],5.122520999999883
overlap_controls.plot.PARTITION_OF_UNITY[53],5.157188999999882
overlap_controls.plot.PARTITION_OF_UNITY[54],5.192828999999882
overlap_controls.plot.PARTITION_OF_UNITY[55],5.225876999999881
overlap_controls.plot.PARTITION_OF_UNITY[56],5.259410999999879
overlap_controls.plot.PARTITION_OF_UNITY[57],5.292134999999879
overlap_controls.plot.PARTITION_OF_UNITY[58],5.324210999999878
overlap_controls.plot.PARTITION_OF_UNITY[59],5.356934999999877
overlap_controls.plot.PARTITION_OF_UNITY[60],5.388038999999877
overlap_controls.plot.PARTITION_OF_UNITY[61],5.419304999999876
overlap_controls.plot.PARTITION_OF_UNITY[62],5.451218999999876
overlap_controls.plot.PARTITION_OF_UNITY[63],5.484590999999875
overlap_controls.plot.PARTITION_OF_UNITY[64],5.515451999999874
overlap_controls.plot.PARTITION_OF_UNITY[65],5.545826999999873
overlap_controls.plot.PARTITION_OF_UNITY[66],5.575958999999872
overlap_controls.plot.PARTITION_OF_UNITY[67],5.605118999999871
overlap_controls.plot.PARTITION_OF_UNITY[68],5.6349269999998715
overlap_controls.plot.PARTITION_OF_UNITY[69],5.663114999999871
overlap_controls.plot.PARTITION_OF_UNITY[70],5.69130299999987
overlap_controls.plot.PARTITION_OF_UNITY[71],5.7199769999998695
overlap_controls.plot.PARTITION_OF_UNITY[72],5.750108999999869
overlap_controls.plot.PARTITION_OF_UNITY[73],5.776919999999868
overlap_controls.plot.PARTITION_OF_UNITY[74],5.803406999999868
overlap_controls.plot.PARTITION_OF_UNITY[75],5.830298999999867
overlap_controls.plot.PARTITION_OF_UNITY[76],5.856218999999866
overlap_controls.plot.PARTITION_OF_UNITY[77],5.882624999999865
overlap_controls.plot.PARTITION_OF_UNITY[78],5.906924999999865
overlap_controls.plot.PARTITION_OF_UNITY[79],5.9312249999998645
overlap_controls.plot.PARTITION_OF_UNITY[80],5.955524999999864
overlap_controls.plot.PARTITION_OF_UNITY[81],5.981444999999863
overlap_controls.plot.PARTITION_OF_UNITY[82],6.003719999999863
overlap_controls.plot.PARTITION_OF_UNITY[83],6.025832999999862
overlap_controls.plot.PARTITION_OF_UNITY[84],6.048188999999861
overlap_controls.plot.PARTITION_OF_UNITY[85],6.069410999999861
overlap_controls.plot.PARTITION_OF_UNITY[86],6.090308999999861
overlap_controls.plot.PARTITION_OF_UNITY[87],6.10958699999986
overlap_controls.plot.PARTITION_OF_UNITY[88],6.12854099999986
overlap_controls.plot.PARTITION_OF_UNITY[89],6.147089999999859
overlap_controls.plot.PARTITION_OF_UNITY[90],6.167258999999859
overlap_controls.plot.PARTITION_OF_UNITY[91],6.183701999999858
overlap_controls.plot.PARTITION_OF_UNITY[92],6.198524999999858
overlap_controls.plot.PARTITION_OF_UNITY[93],6.2144009999998575
overlap_controls.plot.PARTITION_OF_UNITY[94],6.228656999999857
overlap_controls.plot.PARTITION_OF_UNITY[95],6.241940999999858
overlap_controls.plot.PARTITION_OF_UNITY[96],6.252956999999857
overlap_controls.plot.PARTITION_OF_UNITY[97],6.262514999999857
overlap_controls.plot.PARTITION_OF_UNITY[98],6.271424999999857
overlap_controls.plot.PARTITION_OF_UNITY[99],6.2811449999998565
overlap_controls.plot.PARTITION_OF_UNITY[100],6.2827649999998565
overlap_controls.plot.PARTITION_OF_UNITY[101],6.282683999999857
overlap_controls.plot.PARTITION_OF_UNITY[102],6.283331999999857
overlap_controls.plot.PARTITION_OF_UNITY[103],6.283979999999857
overlap_controls.plot.PARTITION_OF_UNITY[104],6.283979999999857
overlap_controls.plot.PARTITION_OF_UNITY[105],6.283331999999857
overlap_controls.plot.PARTITION_OF_UNITY[106],6.282683999999857
overlap_controls.plot.PARTITION_OF_UNITY[107],6.282926999999856
overlap_controls.plot.PARTITION_OF_UNITY[108],6.285113999999856
overlap_controls.plot.PARTITION_OF_UNITY[109],6.282845999999856
overlap_controls.plot.PARTITION_OF_UNITY[110],6.282683999999857
overlap_controls.plot.SOFT_POU[0],2.8640243837248414
overlap_controls.plot.SOFT_POU[1],2.8729826898602524
overlap_controls.plot.SOFT_POU[2],2.8956735220958203
overlap_controls.plot.SOFT_POU[3],2.925465831633387
overlap_controls.plot.SOFT_POU[4],2.958544906594084
overlap_controls.plot.SOFT_POU[5],2.993246345655559
overlap_controls.plot.SOFT_POU[6],3.0288293195327323
overlap_controls.plot.SOFT_POU[7],3.064929965305922
overlap_controls.plot.SOFT_POU[8],3.101351087222758
overlap_controls.plot.SOFT_POU[9],3.1379765057457054
overlap_controls.plot.SOFT_POU[10],3.1747328882908437
overlap_controls.plot.SOFT_POU[11],3.2115711187292497
overlap_controls.plot.SOFT_POU[12],3.2484565403435464
overlap_controls.plot.SOFT_POU[13],3.2853635770410032
overlap_controls.plot.SOFT_POU[14],3.3222725621180356
overlap_controls.plot.SOFT_POU[15],3.359167782409052
overlap_controls.plot.SOFT_POU[16],3.396036258812692
overlap_controls.plot.SOFT_POU[17],3.4328669223146497
overlap_controls.plot.SOFT_POU[18],3.469650108298243
overlap_controls.plot.SOFT_POU[19],3.5063772584098394
overlap_controls.plot.SOFT_POU[20],3.54304061513489
overlap_controls.plot.SOFT_POU[21],3.579632992173462
overlap_controls.plot.SOFT_POU[22],3.616147657108655
overlap_controls.plot.SOFT_POU[23],3.6525782170003036
overlap_controls.plot.SOFT_POU[24],3.6889185147708843
overlap_controls.plot.SOFT_POU[25],3.7251625722601007
overlap_controls.plot.SOFT_POU[26],3.761304520839349
overlap_controls.plot.SOFT_POU[27],3.797338600052464
overlap_controls.plot.SOFT_POU[28],3.8332592014562024
overlap_controls.plot.SOFT_POU[29],3.8690608007602383
overlap_controls.plot.SOFT_POU[30],3.9047379011932
overlap_controls.plot.SOFT_POU[31],3.940285038833368
overlap_controls.plot.SOFT_POU[32],3.9756967546732804
overlap_controls.plot.SOFT_POU[33],4.010967559447175
overlap_controls.plot.SOFT_POU[34],4.04609192676316
overlap_controls.plot.SOFT_POU[35],4.081064260444228
overlap_controls.plot.SOFT_POU[36],4.115878922841356
overlap_controls.plot.SOFT_POU[37],4.150530298003734
overlap_controls.plot.SOFT_POU[38],4.185012745273109
overlap_controls.plot.SOFT_POU[39],4.219320552575789
overlap_controls.plot.SOFT_POU[40],4.253447950772991
overlap_controls.plot.SOFT_POU[41],4.2873890968453265
overlap_controls.plot.SOFT_POU[42],4.3211380412874405
overlap_controls.plot.SOFT_POU[43],4.354688727920642
overlap_controls.plot.SOFT_POU[44],4.388034963838555
overlap_controls.plot.SOFT_POU[45],4.421170446470992
overlap_controls.plot.SOFT_POU[46],4.454088829202397
overlap_controls.plot.SOFT_POU[47],4.486783672547506
overlap_controls.plot.SOFT_POU[48],4.519248400116114
overlap_controls.plot.SOFT_POU[49],4.551476312643348
overlap_controls.plot.SOFT_POU[50],4.583460568967535
overlap_controls.plot.SOFT_POU[51],4.615194149105186
overlap_controls.plot.SOFT_POU[52],4.646669849406641
overlap_controls.plot.SOFT_POU[53],4.677880249851507
overlap_controls.plot.SOFT_POU[54],4.708817735389541
overlap_controls.plot.SOFT_POU[55],4.739474560291758
overlap_controls.plot.SOFT_POU[56],4.769842791466727
overlap_controls.plot.SOFT_POU[57],4.799914255191373
overlap_controls.plot.SOFT_POU[58],4.8296805469588175
overlap_controls.plot.SOFT_POU[59],4.85913300228767
overlap_controls.plot.SOFT_POU[60],4.888262650544506
overlap_controls.plot.SOFT_POU[61],4.917060198828142
overlap_controls.plot.SOFT_POU[62],4.945515985709943
overlap_controls.plot.SOFT_POU[63],4.973619992659332
overlap_controls.plot.SOFT_POU[64],5.001361888041157
overlap_controls.plot.SOFT_POU[65],5.028730952088124
overlap_controls.plot.SOFT_POU[66],5.0557160079735874
overlap_controls.plot.SOFT_POU[67],5.082305405587706
overlap_controls.plot.SOFT_POU[68],5.108486967348592
overlap_controls.plot.SOFT_POU[69],5.134247910645541
overlap_controls.plot.SOFT_POU[70],5.1595747951382585
overlap_controls.plot.SOFT_POU[71],5.184453429712755
overlap_controls.plot.SOFT_POU[72],5.208868826834238
overlap_controls.plot.SOFT_POU[73],5.232805192769548
overlap_controls.plot.SOFT_POU[74],5.256245819763558
overlap_controls.plot.SOFT_POU[75],5.279172945934427
overlap_controls.plot.SOFT_POU[76],5.301567598078943
overlap_controls.plot.SOFT_POU[77],5.323409424907563
overlap_controls.plot.SOFT_POU[78],5.344676508508302
overlap_controls.plot.SOFT_POU[79],5.3653451260393625
overlap_controls.plot.SOFT_POU[80],5.3853894767313975
overlap_controls.plot.SOFT_POU[81],5.404781398377074
overlap_controls.plot.SOFT_POU[82],5.42349005778547
overlap_controls.plot.SOFT_POU[83],5.4414814307143775
overlap_controls.plot.SOFT_POU[84],5.45871769157619
overlap_controls.plot.SOFT_POU[85],5.47515648038599
overlap_controls.plot.SOFT_POU[86],5.490749964011818
overlap_controls.plot.SOFT_POU[87],5.505443661651738
overlap_controls.plot.SOFT_POU[88],5.519175010417741
overlap_controls.plot.SOFT_POU[89],5.531871570605651
overlap_controls.plot.SOFT_POU[90],5.543448990025093
overlap_controls.plot.SOFT_POU[91],5.553808848711078
overlap_controls.plot.SOFT_POU[92],5.56283700829423
overlap_controls.plot.SOFT_POU[93],5.570404776634704
overlap_controls.plot.SOFT_POU[94],5.576378625366269
overlap_controls.plot.SOFT_POU[95],5.580652497382895
overlap_controls.plot.SOFT_POU[96],5.583229493555761
overlap_controls.plot.SOFT_POU[97],5.584366383324005
overlap_controls.plot.SOFT_POU[98],5.584645968733736
overlap_controls.plot.SOFT_POU[99],5.58466870664902
overlap_controls.plot.SOFT_POU[100],5.584668813577942
overlap_controls.plot.SOFT_POU[101],5.584668648276425
overlap_controls.plot.SOFT_POU[102],5.584668464960349
overlap_controls.plot.SOFT_POU[103],5.584668350787761
overlap_controls.plot.SOFT_POU[104],5.584668350787759
overlap_controls.plot.SOFT_POU[105],5.584668464960351
overlap_controls.plot.SOFT_POU[106],5.584668648276424
overlap_controls.plot.SOFT_POU[107],5.58466881357794
overlap_controls.plot.SOFT_POU[108],5.584668877622299
overlap_controls.plot.SOFT_POU[109],5.58466881357794
overlap_controls.plot.SOFT_POU[110],5.584668648276424
overlap_controls.plot.MAX_RESPONSIBILITY[0],1.0000000002378788
overlap_controls.plot.MAX_RESPONSIBILITY[1],1.0232782788761896
overlap_controls.plot.MAX_RESPONSIBILITY[2],1.0465402677787587
overlap_controls.plot.MAX_RESPONSIBILITY[3],1.0697697016933785
overlap_controls.plot.MAX_RESPONSIBILITY[4],1.0929503642041911
overlap_controls.plot.MAX_RESPONSIBILITY[5],1.116066112041111
overlap_controls.plot.MAX_RESPONSIBILITY[6],1.1391008992665677
overlap_controls.plot.MAX_RESPONSIBILITY[7],1.162038801347263
overlap_controls.plot.MAX_RESPONSIBILITY[8],1.1848640390165222
overlap_controls.plot.MAX_RESPONSIBILITY[9],1.2075610019738117
overlap_controls.plot.MAX_RESPONSIBILITY[10],1.2301142723692624
overlap_controls.plot.MAX_RESPONSIBILITY[11],1.252508647880203
overlap_controls.plot.MAX_RESPONSIBILITY[12],1.2747291644622532
overlap_controls.plot.MAX_RESPONSIBILITY[13],1.2967611187967356
overlap_controls.plot.MAX_RESPONSIBILITY[14],1.318590090303075
overlap_controls.plot.MAX_RESPONSIBILITY[15],1.3402019627041448
overlap_controls.plot.MAX_RESPONSIBILITY[16],1.3615829451742074
overlap_controls.plot.MAX_RESPONSIBILITY[17],1.3827195929678382
overlap_controls.plot.MAX_RESPONSIBILITY[18],1.403598827547899
overlap_controls.plot.MAX_RESPONSIBILITY[19],1.4242079561700047
overlap_controls.plot.MAX_RESPONSIBILITY[20],1.4445346907391161
overlap_controls.plot.MAX_RESPONSIBILITY[21],1.4645671660664599
overlap_controls.plot.MAX_RESPONSIBILITY[22],1.4842939575601821
overlap_controls.plot.MAX_RESPONSIBILITY[23],1.503704098135106
overlap_controls.plot.MAX_RESPONSIBILITY[24],1.5227870943322177
overlap_controls.plot.MAX_RESPONSIBILITY[25],1.5415329417525008
overlap_controls.plot.MAX_RESPONSIBILITY[26],1.5599321397471257
overlap_controls.plot.MAX_RESPONSIBILITY[27],1.5779757052639745
overlap_controls.plot.MAX_RESPONSIBILITY[28],1.5956551858285868
overlap_controls.plot.MAX_RESPONSIBILITY[29],1.6129626716618988
overlap_controls.plot.MAX_RESPONSIBILITY[30],1.6298908068797593
overlap_controls.plot.MAX_RESPONSIBILITY[31],1.646432799691341
overlap_controls.plot.MAX_RESPONSIBILITY[32],1.6625824317572773
overlap_controls.plot.MAX_RESPONSIBILITY[33],1.6783340665361361
overlap_controls.plot.MAX_RESPONSIBILITY[34],1.6936826565332117
overlap_controls.plot.MAX_RESPONSIBILITY[35],1.708623749671532
overlap_controls.plot.MAX_RESPONSIBILITY[36],1.723153494547433
overlap_controls.plot.MAX_RESPONSIBILITY[37],1.7372686446818388
overlap_controls.plot.MAX_RESPONSIBILITY[38],1.7509665616359742
overlap_controls.plot.MAX_RESPONSIBILITY[39],1.7642452168997893
overlap_controls.plot.MAX_RESPONSIBILITY[40],1.7771031928515795
overlap_controls.plot.MAX_RESPONSIBILITY[41],1.7895396824203147
overlap_controls.plot.MAX_RESPONSIBILITY[42],1.8015544876795082
overlap_controls.plot.MAX_RESPONSIBILITY[43],1.8131480172224277
overlap_controls.plot.MAX_RESPONSIBILITY[44],1.8243212823880615
overlap_controls.plot.MAX_RESPONSIBILITY[45],1.8350758923059491
overlap_controls.plot.MAX_RESPONSIBILITY[46],1.845414047806097
overlap_controls.plot.MAX_RESPONSIBILITY[47],1.8553385339899633
overlap_controls.plot.MAX_RESPONSIBILITY[48],1.8648527115847924
overlap_controls.plot.MAX_RESPONSIBILITY[49],1.873960507143376
overlap_controls.plot.MAX_RESPONSIBILITY[50],1.8826664019925974
overlap_controls.plot.MAX_RESPONSIBILITY[51],1.8909754199165592
overlap_controls.plot.MAX_RESPONSIBILITY[52],1.8988931136815437
overlap_controls.plot.MAX_RESPONSIBILITY[53],1.9064255502693055
overlap_controls.plot.MAX_RESPONSIBILITY[54],1.9135792949701256
overlap_controls.plot.MAX_RESPONSIBILITY[55],1.9203613943277926
overlap_controls.plot.MAX_RESPONSIBILITY[56],1.9267793577306926
overlap_controls.plot.MAX_RESPONSIBILITY[57],1.9328411378172603
overlap_controls.plot.MAX_RESPONSIBILITY[58],1.9385551097962799
overlap_controls.plot.MAX_RESPONSIBILITY[59],1.9439300495708187
overlap_controls.plot.MAX_RESPONSIBILITY[60],1.9489751106805575
overlap_controls.plot.MAX_RESPONSIBILITY[61],1.953699800167735
overlap_controls.plot.MAX_RESPONSIBILITY[62],1.958113953339156
overlap_controls.plot.MAX_RESPONSIBILITY[63],1.9622277075202037
overlap_controls.plot.MAX_RESPONSIBILITY[64],1.9660514748153166
overlap_controls.plot.MAX_RESPONSIBILITY[65],1.9695959137535501
overlap_controls.plot.MAX_RESPONSIBILITY[66],1.9728718999912491
overlap_controls.plot.MAX_RESPONSIBILITY[67],1.975890496162863
overlap_controls.plot.MAX_RESPONSIBILITY[68],1.9786629208371902
overlap_controls.plot.MAX_RESPONSIBILITY[69],1.9812005166474003
overlap_controls.plot.MAX_RESPONSIBILITY[70],1.983514717703025
overlap_controls.plot.MAX_RESPONSIBILITY[71],1.9856170162847246
overlap_controls.plot.MAX_RESPONSIBILITY[72],1.9875189289788162
overlap_controls.plot.MAX_RESPONSIBILITY[73],1.9892319622989918
overlap_controls.plot.MAX_RESPONSIBILITY[74],1.990767577736616
overlap_controls.plot.MAX_RESPONSIBILITY[75],1.9921371564798207
overlap_controls.plot.MAX_RESPONSIBILITY[76],1.993351963871828
overlap_controls.plot.MAX_RESPONSIBILITY[77],1.9944231136425463
overlap_controls.plot.MAX_RESPONSIBILITY[78],1.9953615320737412
overlap_controls.plot.MAX_RESPONSIBILITY[79],1.9961779223400196
overlap_controls.plot.MAX_RESPONSIBILITY[80],1.9968827289595472
overlap_controls.plot.MAX_RESPONSIBILITY[81],1.9974861026655106
overlap_controls.plot.MAX_RESPONSIBILITY[82],1.9979978658839836
overlap_controls.plot.MAX_RESPONSIBILITY[83],1.9984274787406255
overlap_controls.plot.MAX_RESPONSIBILITY[84],1.9987840060295767
overlap_controls.plot.MAX_RESPONSIBILITY[85],1.9990760853066478
overlap_controls.plot.MAX_RESPONSIBILITY[86],1.9993118963502599
overlap_controls.plot.MAX_RESPONSIBILITY[87],1.9994991322610511
overlap_controls.plot.MAX_RESPONSIBILITY[88],1.9996449725573562
overlap_controls.plot.MAX_RESPONSIBILITY[89],1.999756058554404
overlap_controls.plot.MAX_RESPONSIBILITY[90],1.9998384715501785
overlap_controls.plot.MAX_RESPONSIBILITY[91],1.9998977142453054
overlap_controls.plot.MAX_RESPONSIBILITY[92],1.9999386957889824
overlap_controls.plot.MAX_RESPONSIBILITY[93],1.9999657213300324
overlap_controls.plot.MAX_RESPONSIBILITY[94],1.9999824868413238
overlap_controls.plot.MAX_RESPONSIBILITY[95],1.9999920801905593
overlap_controls.plot.MAX_RESPONSIBILITY[96],1.9999969899169532
overlap_controls.plot.MAX_RESPONSIBILITY[97],1.9999991235798003
overlap_controls.plot.MAX_RESPONSIBILITY[98],1.9999998383967046
overlap_controls.plot.MAX_RESPONSIBILITY[99],1.999999988821116
overlap_controls.plot.MAX_RESPONSIBILITY[100],2.00000000041171
overlap_controls.plot.MAX_RESPONSIBILITY[101],2.000000000246394
overlap_controls.plot.MAX_RESPONSIBILITY[102],2.000000000063051
overlap_controls.plot.MAX_RESPONSIBILITY[103],1.9999999999488565
overlap_controls.plot.MAX_RESPONSIBILITY[104],1.9999999999488565
overlap_controls.plot.MAX_RESPONSIBILITY[105],2.000000000063051
overlap_controls.plot.MAX_RESPONSIBILITY[106],2.000000000246394
overlap_controls.plot.MAX_RESPONSIBILITY[107],2.0000000004117107
overlap_controls.plot.MAX_RESPONSIBILITY[108],2.0000000004757577
overlap_controls.plot.MAX_RESPONSIBILITY[109],2.00000000041171
overlap_controls.plot.MAX_RESPONSIBILITY[110],2.000000000246394
overlap_controls.plot.GEOMETRY_COUPLED_AMPLITUDE[0],4.123105626598461
overlap_controls.plot.GEOMETRY_COUPLED_AMPLITUDE[1],4.123105626466423
overlap_controls.plot.GEOMETRY_COUPLED_AMPLITUDE[2],4.123105626125615
overlap_controls.plot.GEOMETRY_COUPLED_AMPLITUDE[3],4.123105625747644
overlap_controls.plot.GEOMETRY_COUPLED_AMPLITUDE[4],4.123105625512225
overlap_controls.plot.GEOMETRY_COUPLED_AMPLITUDE[5],4.123105625512226
overlap_controls.plot.GEOMETRY_COUPLED_AMPLITUDE[6],4.123105625747644
overlap_controls.plot.GEOMETRY_COUPLED_AMPLITUDE[7],4.123105626125615
overlap_controls.plot.GEOMETRY_COUPLED_AMPLITUDE[8],4.123105626466423
overlap_controls.plot.GEOMETRY_COUPLED_AMPLITUDE[9],4.123105626598461
overlap_controls.plot.GEOMETRY_COUPLED_AMPLITUDE[10],4.123105626466423
overlap_controls.plot.GEOMETRY_COUPLED_AMPLITUDE[11],4.123105626125615
overlap_controls.plot.GEOMETRY_COUPLED_AMPLITUDE[12],4.123105625747644
overlap_controls.plot.GEOMETRY_COUPLED_AMPLITUDE[13],4.123105625512226
overlap_controls.plot.GEOMETRY_COUPLED_AMPLITUDE[14],4.123105625512225
overlap_controls.plot.GEOMETRY_COUPLED_AMPLITUDE[15],4.123105625747644
overlap_controls.plot.GEOMETRY_COUPLED_AMPLITUDE[16],4.123105626125616
overlap_controls.plot.GEOMETRY_COUPLED_AMPLITUDE[17],4.1231056264664225
overlap_controls.plot.GEOMETRY_COUPLED_AMPLITUDE[18],4.123105626598461
overlap_controls.plot.GEOMETRY_COUPLED_AMPLITUDE[19],4.123105626466423
overlap_controls.plot.GEOMETRY_COUPLED_AMPLITUDE[20],4.123105626125616
overlap_controls.plot.GEOMETRY_COUPLED_AMPLITUDE[21],4.123105625747644
overlap_controls.plot.GEOMETRY_COUPLED_AMPLITUDE[22],4.123105625512225
overlap_controls.plot.GEOMETRY_COUPLED_AMPLITUDE[23],4.123105625512225
overlap_controls.plot.GEOMETRY_COUPLED_AMPLITUDE[24],4.123105625747644
overlap_controls.plot.GEOMETRY_COUPLED_AMPLITUDE[25],4.123105626125615
overlap_controls.plot.GEOMETRY_COUPLED_AMPLITUDE[26],4.123105626466424
overlap_controls.plot.GEOMETRY_COUPLED_AMPLITUDE[27],4.123105626598461
overlap_controls.plot.GEOMETRY_COUPLED_AMPLITUDE[28],4.123105626466424
overlap_controls.plot.GEOMETRY_COUPLED_AMPLITUDE[29],4.123105626125617
overlap_controls.plot.GEOMETRY_COUPLED_AMPLITUDE[30],4.123105625747643
overlap_controls.plot.GEOMETRY_COUPLED_AMPLITUDE[31],4.123105625512225
overlap_controls.plot.GEOMETRY_COUPLED_AMPLITUDE[32],4.123105625512225
overlap_controls.plot.GEOMETRY_COUPLED_AMPLITUDE[33],4.123105625747644
overlap_controls.plot.GEOMETRY_COUPLED_AMPLITUDE[34],4.123105626125615
overlap_controls.plot.GEOMETRY_COUPLED_AMPLITUDE[35],4.123105626466423
overlap_controls.plot.GEOMETRY_COUPLED_AMPLITUDE[36],4.123105626598461
overlap_controls.plot.GEOMETRY_COUPLED_AMPLITUDE[37],4.123105626466424
overlap_controls.plot.GEOMETRY_COUPLED_AMPLITUDE[38],4.123105626125616
overlap_controls.plot.GEOMETRY_COUPLED_AMPLITUDE[39],4.123105625747643
overlap_controls.plot.GEOMETRY_COUPLED_AMPLITUDE[40],4.123105625512226
overlap_controls.plot.GEOMETRY_COUPLED_AMPLITUDE[41],4.123105625512225
overlap_controls.plot.GEOMETRY_COUPLED_AMPLITUDE[42],4.123105625747644
overlap_controls.plot.GEOMETRY_COUPLED_AMPLITUDE[43],4.123105626125615
overlap_controls.plot.GEOMETRY_COUPLED_AMPLITUDE[44],4.123105626466423
overlap_controls.plot.GEOMETRY_COUPLED_AMPLITUDE[45],4.123105626598461
overlap_controls.plot.GEOMETRY_COUPLED_AMPLITUDE[46],4.123105626466424
overlap_controls.plot.GEOMETRY_COUPLED_AMPLITUDE[47],4.123105626125616
overlap_controls.plot.GEOMETRY_COUPLED_AMPLITUDE[48],4.123105625747644
overlap_controls.plot.GEOMETRY_COUPLED_AMPLITUDE[49],4.123105625512226
overlap_controls.plot.GEOMETRY_COUPLED_AMPLITUDE[50],4.123105625512226
overlap_controls.plot.GEOMETRY_COUPLED_AMPLITUDE[51],4.123105625747644
overlap_controls.plot.GEOMETRY_COUPLED_AMPLITUDE[52],4.123105626125615
overlap_controls.plot.GEOMETRY_COUPLED_AMPLITUDE[53],4.123105626466423
overlap_controls.plot.GEOMETRY_COUPLED_AMPLITUDE[54],4.123105626598459
overlap_controls.plot.GEOMETRY_COUPLED_AMPLITUDE[55],4.123105626466423
overlap_controls.plot.GEOMETRY_COUPLED_AMPLITUDE[56],4.123105626125615
overlap_controls.plot.GEOMETRY_COUPLED_AMPLITUDE[57],4.123105625747644
overlap_controls.plot.GEOMETRY_COUPLED_AMPLITUDE[58],4.123105625512226
overlap_controls.plot.GEOMETRY_COUPLED_AMPLITUDE[59],4.123105625512226
overlap_controls.plot.GEOMETRY_COUPLED_AMPLITUDE[60],4.123105625747644
overlap_controls.plot.GEOMETRY_COUPLED_AMPLITUDE[61],4.123105626125616
overlap_controls.plot.GEOMETRY_COUPLED_AMPLITUDE[62],4.123105626466423
overlap_controls.plot.GEOMETRY_COUPLED_AMPLITUDE[63],4.123105626598461
overlap_controls.plot.GEOMETRY_COUPLED_AMPLITUDE[64],4.123105626466424
overlap_controls.plot.GEOMETRY_COUPLED_AMPLITUDE[65],4.123105626125616
overlap_controls.plot.GEOMETRY_COUPLED_AMPLITUDE[66],4.123105625747644
overlap_controls.plot.GEOMETRY_COUPLED_AMPLITUDE[67],4.123105625512225
overlap_controls.plot.GEOMETRY_COUPLED_AMPLITUDE[68],4.123105625512226
overlap_controls.plot.GEOMETRY_COUPLED_AMPLITUDE[69],4.123105625747644
overlap_controls.plot.GEOMETRY_COUPLED_AMPLITUDE[70],4.123105626125615
overlap_controls.plot.GEOMETRY_COUPLED_AMPLITUDE[71],4.123105626466424
overlap_controls.plot.GEOMETRY_COUPLED_AMPLITUDE[72],4.123105626598461
overlap_controls.plot.GEOMETRY_COUPLED_AMPLITUDE[73],4.123105626466424
overlap_controls.plot.GEOMETRY_COUPLED_AMPLITUDE[74],4.123105626125615
overlap_controls.plot.GEOMETRY_COUPLED_AMPLITUDE[75],4.123105625747642
overlap_controls.plot.GEOMETRY_COUPLED_AMPLITUDE[76],4.123105625512225
overlap_controls.plot.GEOMETRY_COUPLED_AMPLITUDE[77],4.123105625512226
overlap_controls.plot.GEOMETRY_COUPLED_AMPLITUDE[78],4.123105625747644
overlap_controls.plot.GEOMETRY_COUPLED_AMPLITUDE[79],4.123105626125615
overlap_controls.plot.GEOMETRY_COUPLED_AMPLITUDE[80],4.123105626466423
overlap_controls.plot.GEOMETRY_COUPLED_AMPLITUDE[81],4.123105626598459
overlap_controls.plot.GEOMETRY_COUPLED_AMPLITUDE[82],4.123105626466423
overlap_controls.plot.GEOMETRY_COUPLED_AMPLITUDE[83],4.123105626125615
overlap_controls.plot.GEOMETRY_COUPLED_AMPLITUDE[84],4.123105625747643
overlap_controls.plot.GEOMETRY_COUPLED_AMPLITUDE[85],4.123105625512226
overlap_controls.plot.GEOMETRY_COUPLED_AMPLITUDE[86],4.123105625512225
overlap_controls.plot.GEOMETRY_COUPLED_AMPLITUDE[87],4.123105625747643
overlap_controls.plot.GEOMETRY_COUPLED_AMPLITUDE[88],4.123105626125615
overlap_controls.plot.GEOMETRY_COUPLED_AMPLITUDE[89],4.123105626466423
overlap_controls.plot.GEOMETRY_COUPLED_AMPLITUDE[90],4.123105626598459
overlap_controls.plot.GEOMETRY_COUPLED_AMPLITUDE[91],4.123105626466424
overlap_controls.plot.GEOMETRY_COUPLED_AMPLITUDE[92],4.123105626125615
overlap_controls.plot.GEOMETRY_COUPLED_AMPLITUDE[93],4.123105625747644
overlap_controls.plot.GEOMETRY_COUPLED_AMPLITUDE[94],4.123105625512225
overlap_controls.plot.GEOMETRY_COUPLED_AMPLITUDE[95],4.123105625512225
overlap_controls.plot.GEOMETRY_COUPLED_AMPLITUDE[96],4.123105625747644
overlap_controls.plot.GEOMETRY_COUPLED_AMPLITUDE[97],4.123105626125617
overlap_controls.plot.GEOMETRY_COUPLED_AMPLITUDE[98],4.123105626466425
overlap_controls.plot.GEOMETRY_COUPLED_AMPLITUDE[99],4.123105626598461
overlap_controls.plot.GEOMETRY_COUPLED_AMPLITUDE[100],4.123105626466423
overlap_controls.plot.GEOMETRY_COUPLED_AMPLITUDE[101],4.123105626125616
overlap_controls.plot.GEOMETRY_COUPLED_AMPLITUDE[102],4.123105625747644
overlap_controls.plot.GEOMETRY_COUPLED_AMPLITUDE[103],4.123105625512226
overlap_controls.plot.GEOMETRY_COUPLED_AMPLITUDE[104],4.123105625512226
overlap_controls.plot.GEOMETRY_COUPLED_AMPLITUDE[105],4.123105625747644
overlap_controls.plot.GEOMETRY_COUPLED_AMPLITUDE[106],4.123105626125616
overlap_controls.plot.GEOMETRY_COUPLED_AMPLITUDE[107],4.123105626466423
overlap_controls.plot.GEOMETRY_COUPLED_AMPLITUDE[108],4.123105626598461
overlap_controls.plot.GEOMETRY_COUPLED_AMPLITUDE[109],4.123105626466423
overlap_controls.plot.GEOMETRY_COUPLED_AMPLITUDE[110],4.123105626125615
density_sweep[0].k,32
density_sweep[0].m,32
density_sweep[0].formulation,RAW_ADDITIVE
density_sweep[0].source_mass,4.545660469615013
density_sweep[0].effective_samples,447.8691019138048
density_sweep[0].positive_samples,1024
density_sweep[0].pou_denominator_minimum,0.005448439920583128
density_sweep[0].pou_denominator_median,1.0258177744914916
density_sweep[0].image_energy,1341.3215510814744
density_sweep[0].image_l2_norm,42.44000005206239
density_sweep[0].chart_overlap_mean,3.9638671875
density_sweep[0].source_matrix_nnz,4059
density_sweep[0].runtime_seconds,0.02100231288932264
density_sweep[0].brightness_ratio_vs_main_k,0.5051669063423495
density_sweep[0].mass_ratio_vs_main_k,0.49987183848581535
density_sweep[1].k,32
density_sweep[1].m,32
density_sweep[1].formulation,AREA_CORRECTED_ADDITIVE
density_sweep[1].source_mass,9.10260359088417
density_sweep[1].effective_samples,375.35921578295756
density_sweep[1].positive_samples,1024
density_sweep[1].pou_denominator_minimum,0.005448439920583128
density_sweep[1].pou_denominator_median,1.0258177744914916
density_sweep[1].image_energy,2648.719009838389
density_sweep[1].image_l2_norm,82.44628457256782
density_sweep[1].chart_overlap_mean,3.9638671875
density_sweep[1].source_matrix_nnz,4059
density_sweep[1].runtime_seconds,0.020941885886713862
density_sweep[1].brightness_ratio_vs_main_k,0.9785220163900209
density_sweep[1].mass_ratio_vs_main_k,1.0010057301133792
density_sweep[2].k,32
density_sweep[2].m,32
density_sweep[2].formulation,PARTITION_OF_UNITY
density_sweep[2].source_mass,9.088634202953163
density_sweep[2].effective_samples,860.9329689925465
density_sweep[2].positive_samples,1024
density_sweep[2].pou_denominator_minimum,0.005448439920583128
density_sweep[2].pou_denominator_median,1.0258177744914916
density_sweep[2].image_energy,2651.1281988018864
density_sweep[2].image_l2_norm,62.776452368654574
density_sweep[2].chart_overlap_mean,3.9638671875
density_sweep[2].source_matrix_nnz,4059
density_sweep[2].runtime_seconds,0.019703194964677095
density_sweep[2].brightness_ratio_vs_main_k,0.9750867973101766
density_sweep[2].mass_ratio_vs_main_k,1.0
density_sweep[3].k,32
density_sweep[3].m,32
density_sweep[3].formulation,SOFT_POU
density_sweep[3].source_mass,9.049093114790873
density_sweep[3].effective_samples,861.7928492263006
density_sweep[3].positive_samples,1024
density_sweep[3].pou_denominator_minimum,0.005448439920583128
density_sweep[3].pou_denominator_median,1.0258177744914916
density_sweep[3].image_energy,2643.200701010139
density_sweep[3].image_l2_norm,62.609660175027365
density_sweep[3].chart_overlap_mean,3.9638671875
density_sweep[3].source_matrix_nnz,4059
density_sweep[3].runtime_seconds,0.026957552880048752
density_sweep[3].brightness_ratio_vs_main_k,0.974269063280596
density_sweep[3].mass_ratio_vs_main_k,0.9987047404262275
density_sweep[4].k,64
density_sweep[4].m,32
density_sweep[4].formulation,RAW_ADDITIVE
density_sweep[4].source_mass,9.093651851611568
density_sweep[4].effective_samples,894.6323422766135
density_sweep[4].positive_samples,2048
density_sweep[4].pou_denominator_minimum,0.0007453829793580306
density_sweep[4].pou_denominator_median,1.464255820054498
density_sweep[4].image_energy,2655.2047140088516
density_sweep[4].image_l2_norm,68.16001644244118
density_sweep[4].chart_overlap_mean,5.744140625
density_sweep[4].source_matrix_nnz,11764
density_sweep[4].runtime_seconds,0.03764198999851942
density_sweep[4].brightness_ratio_vs_main_k,1.0
density_sweep[4].mass_ratio_vs_main_k,1.0
density_sweep[5].k,64
density_sweep[5].m,32
density_sweep[5].formulation,AREA_CORRECTED_ADDITIVE
density_sweep[5].source_mass,9.093458026312359
density_sweep[5].effective_samples,727.0728701885422
density_sweep[5].positive_samples,2048
density_sweep[5].pou_denominator_minimum,0.0007453829793580306
density_sweep[5].pou_denominator_median,1.464255820054498
density_sweep[5].image_energy,2706.856836609651
density_sweep[5].image_l2_norm,67.5121815350144
density_sweep[5].chart_overlap_mean,5.744140625
density_sweep[5].source_matrix_nnz,11764
density_sweep[5].runtime_seconds,0.04373433790169656
density_sweep[5].brightness_ratio_vs_main_k,1.0
density_sweep[5].mass_ratio_vs_main_k,1.0
density_sweep[6].k,64
density_sweep[6].m,32
density_sweep[6].formulation,PARTITION_OF_UNITY
density_sweep[6].source_mass,9.088634202953163
density_sweep[6].effective_samples,1665.4906530169073
density_sweep[6].positive_samples,2048
density_sweep[6].pou_denominator_minimum,0.0007453829793580306
density_sweep[6].pou_denominator_median,1.464255820054498
density_sweep[6].image_energy,2718.863803832797
density_sweep[6].image_l2_norm,58.45821601519675
density_sweep[6].chart_overlap_mean,5.744140625
density_sweep[6].source_matrix_nnz,11764
density_sweep[6].runtime_seconds,0.04232416208833456
density_sweep[6].brightness_ratio_vs_main_k,1.0
density_sweep[6].mass_ratio_vs_main_k,1.0
density_sweep[7].k,64
density_sweep[7].m,32
density_sweep[7].formulation,SOFT_POU
density_sweep[7].source_mass,9.060829240611092
density_sweep[7].effective_samples,1666.7062747721877
density_sweep[7].positive_samples,2048
density_sweep[7].pou_denominator_minimum,0.0007453829793580306
density_sweep[7].pou_denominator_median,1.464255820054498
density_sweep[7].image_energy,2713.0089629551126
density_sweep[7].image_l2_norm,58.367339021798564
density_sweep[7].chart_overlap_mean,5.744140625
density_sweep[7].source_matrix_nnz,11764
density_sweep[7].runtime_seconds,0.040179152972996235
density_sweep[7].brightness_ratio_vs_main_k,1.0
density_sweep[7].mass_ratio_vs_main_k,1.0
density_sweep[8].k,128
density_sweep[8].m,32
density_sweep[8].formulation,RAW_ADDITIVE
density_sweep[8].source_mass,18.17595049753357
density_sweep[8].effective_samples,1790.616062953685
density_sweep[8].positive_samples,4096
density_sweep[8].pou_denominator_minimum,0.0013316456466524879
density_sweep[8].pou_denominator_median,1.9064457653877884
density_sweep[8].image_energy,5115.668349718877
density_sweep[8].image_l2_norm,119.12086654403781
density_sweep[8].chart_overlap_mean,7.328857421875
density_sweep[8].source_matrix_nnz,30019
density_sweep[8].runtime_seconds,0.07293732999823987
density_sweep[8].brightness_ratio_vs_main_k,1.9266568497444385
density_sweep[8].mass_ratio_vs_main_k,1.9987515240439346
density_sweep[9].k,128
density_sweep[9].m,32
density_sweep[9].formulation,AREA_CORRECTED_ADDITIVE
density_sweep[9].source_mass,9.089182238410118
density_sweep[9].effective_samples,1433.6707388786238
density_sweep[9].positive_samples,4096
density_sweep[9].pou_denominator_minimum,0.0013316456466524879
density_sweep[9].pou_denominator_median,1.9064457653877884
density_sweep[9].image_energy,2579.198714574104
density_sweep[9].image_l2_norm,59.77224382675817
density_sweep[9].chart_overlap_mean,7.328857421875
density_sweep[9].source_matrix_nnz,30019
density_sweep[9].runtime_seconds,0.07332308008335531
density_sweep[9].brightness_ratio_vs_main_k,0.9528389827238003
density_sweep[9].mass_ratio_vs_main_k,0.9995297951681452
density_sweep[10].k,128
density_sweep[10].m,32
density_sweep[10].formulation,PARTITION_OF_UNITY
density_sweep[10].source_mass,9.088634202953163
density_sweep[10].effective_samples,3282.249046268219
density_sweep[10].positive_samples,4096
density_sweep[10].pou_denominator_minimum,0.0013316456466524879
density_sweep[10].pou_denominator_median,1.9064457653877884
density_sweep[10].image_energy,2621.8573641010116
density_sweep[10].image_l2_norm,53.44488721188202
density_sweep[10].chart_overlap_mean,7.328857421875
density_sweep[10].source_matrix_nnz,30019
density_sweep[10].runtime_seconds,0.073193154996261
density_sweep[10].brightness_ratio_vs_main_k,0.9643209639280074
density_sweep[10].mass_ratio_vs_main_k,1.0
density_sweep[11].k,128
density_sweep[11].m,32
density_sweep[11].formulation,SOFT_POU
density_sweep[11].source_mass,9.073271216824295
density_sweep[11].effective_samples,3284.735717051909
density_sweep[11].positive_samples,4096
density_sweep[11].pou_denominator_minimum,0.0013316456466524879
density_sweep[11].pou_denominator_median,1.9064457653877884
density_sweep[11].image_energy,2617.4977418156113
density_sweep[11].image_l2_norm,53.382284001581915
density_sweep[11].chart_overlap_mean,7.328857421875
density_sweep[11].source_matrix_nnz,30019
density_sweep[11].runtime_seconds,0.07276905491016805
density_sweep[11].brightness_ratio_vs_main_k,0.9647950956138874
density_sweep[11].mass_ratio_vs_main_k,1.0013731608755452
dof_density_invariance.RAW_ADDITIVE.maximum_mass_deviation_across_k,0.9987515240439346
dof_density_invariance.RAW_ADDITIVE.maximum_brightness_deviation_across_k,0.9266568497444385
dof_density_invariance.RAW_ADDITIVE.chart_birth_mass_jump,0.015627289807893543
dof_density_invariance.RAW_ADDITIVE.chart_birth_brightness_jump,0.008260342758452222
dof_density_invariance.RAW_ADDITIVE.overlap_integrated_mass_change_fraction,1.1468181958215664e-10
dof_density_invariance.AREA_CORRECTED_ADDITIVE.maximum_mass_deviation_across_k,0.001005730113379233
dof_density_invariance.AREA_CORRECTED_ADDITIVE.maximum_brightness_deviation_across_k,0.0471610172761997
dof_density_invariance.AREA_CORRECTED_ADDITIVE.chart_birth_mass_jump,0.0001133491245144796
dof_density_invariance.AREA_CORRECTED_ADDITIVE.chart_birth_brightness_jump,0.0025637758965859625
dof_density_invariance.AREA_CORRECTED_ADDITIVE.overlap_integrated_mass_change_fraction,1.1468181958215664e-10
dof_density_invariance.AREA_CORRECTED_ADDITIVE.selection_score,0.0471610172761997
dof_density_invariance.PARTITION_OF_UNITY.maximum_mass_deviation_across_k,0.0
dof_density_invariance.PARTITION_OF_UNITY.maximum_brightness_deviation_across_k,0.03567903607199263
dof_density_invariance.PARTITION_OF_UNITY.chart_birth_mass_jump,0.0
dof_density_invariance.PARTITION_OF_UNITY.chart_birth_brightness_jump,0.000732057904238359
dof_density_invariance.PARTITION_OF_UNITY.overlap_integrated_mass_change_fraction,0.4998066113145274
dof_density_invariance.PARTITION_OF_UNITY.selection_score,0.4998066113145274
dof_density_invariance.SOFT_POU.maximum_mass_deviation_across_k,0.0013731608755451763
dof_density_invariance.SOFT_POU.maximum_brightness_deviation_across_k,0.03520490438611257
dof_density_invariance.SOFT_POU.chart_birth_mass_jump,4.205260553460461e-05
dof_density_invariance.SOFT_POU.chart_birth_brightness_jump,0.0006959923338429874
dof_density_invariance.SOFT_POU.overlap_integrated_mass_change_fraction,0.4871630594218415
dof_density_invariance.SOFT_POU.selection_score,0.4871630594218415
simulated_chart_birth.rows[0].formulation,RAW_ADDITIVE
simulated_chart_birth.rows[0].before_k,64
simulated_chart_birth.rows[0].after_k,65
simulated_chart_birth.rows[0].relative_source_mass_jump,0.015627289807893543
simulated_chart_birth.rows[0].relative_image_norm_jump,0.05828046637144752
simulated_chart_birth.rows[0].relative_brightness_jump,0.008260342758452222
simulated_chart_birth.rows[0].local_redistribution_only,False
simulated_chart_birth.rows[1].formulation,AREA_CORRECTED_ADDITIVE
simulated_chart_birth.rows[1].before_k,64
simulated_chart_birth.rows[1].after_k,65
simulated_chart_birth.rows[1].relative_source_mass_jump,0.0001133491245144796
simulated_chart_birth.rows[1].relative_image_norm_jump,0.036305156667173245
simulated_chart_birth.rows[1].relative_brightness_jump,0.0025637758965859625
simulated_chart_birth.rows[1].local_redistribution_only,True
simulated_chart_birth.rows[2].formulation,PARTITION_OF_UNITY
simulated_chart_birth.rows[2].before_k,64
simulated_chart_birth.rows[2].after_k,65
simulated_chart_birth.rows[2].relative_source_mass_jump,0.0
simulated_chart_birth.rows[2].relative_image_norm_jump,0.018036364596471507
simulated_chart_birth.rows[2].relative_brightness_jump,0.000732057904238359
simulated_chart_birth.rows[2].local_redistribution_only,True
simulated_chart_birth.rows[3].formulation,SOFT_POU
simulated_chart_birth.rows[3].before_k,64
simulated_chart_birth.rows[3].after_k,65
simulated_chart_birth.rows[3].relative_source_mass_jump,4.205260553460461e-05
simulated_chart_birth.rows[3].relative_image_norm_jump,0.01803759181321035
simulated_chart_birth.rows[3].relative_brightness_jump,0.0006959923338429874
simulated_chart_birth.rows[3].local_redistribution_only,True
simulated_chart_birth.geometry_changed,False
simulated_chart_birth.new_chart_coefficient,0.0
surface_coverage.diagnostic_radius,0.13323377453800103
surface_coverage.zero_support_probability,0.0
surface_coverage.cover_count_p10,5.0
surface_coverage.cover_count_median,12.0
surface_coverage.cover_count_p90,23.0
surface_coverage.nearest_distance_p95,0.07199336698156636
surface_coverage.maximum_uncovered_distance,0.1302330430217278
surface_coverage.local_neff_median,12.0
surface_coverage.source_mass_spatial_cv,0.5395279450514837
thin_and_concavity_toys.thin_appendage.surface_area,0.25132741228718347
thin_and_concavity_toys.thin_appendage.source_samples,3072
thin_and_concavity_toys.thin_appendage.zero_support_probability,0.230377197265625
thin_and_concavity_toys.thin_appendage.nearest_distance_p95,0.0240242476629156
thin_and_concavity_toys.thin_appendage.maximum_uncovered_distance,0.0292679784135278
thin_and_concavity_toys.thin_appendage.thin_feature_response_proxy,0.07022324873925234
thin_and_concavity_toys.narrow_concavity.surface_area,0.5089380098815465
thin_and_concavity_toys.narrow_concavity.source_samples,2048
thin_and_concavity_toys.narrow_concavity.zero_support_probability,0.0
thin_and_concavity_toys.narrow_concavity.nearest_distance_p95,0.01669333021169133
thin_and_concavity_toys.narrow_concavity.maximum_uncovered_distance,0.029245089228217627
thin_and_concavity_toys.narrow_concavity.thin_feature_response_proxy,0.34681972745507667
thin_and_concavity_toys.semantics,"analytic exact-cylinder geodesic chart diagnostic; response proxy is coverage-based, not rendered Bunny fidelity"
curvature_geodesic_benefit.rows[0].bin,0
curvature_geodesic_benefit.rows[0].r_chart_curvature_minimum,0.018424672067163087
curvature_geodesic_benefit.rows[0].r_chart_curvature_maximum,0.646953146407925
curvature_geodesic_benefit.rows[0].samples,512
curvature_geodesic_benefit.rows[0].geodesic_tangent_discrepancy_mean,0.019554436076411524
curvature_geodesic_benefit.rows[0].geodesic_surface_residual_mean,5.929205853288582e-05
curvature_geodesic_benefit.rows[0].tangent_surface_residual_mean,0.0009243483680647549
curvature_geodesic_benefit.rows[1].bin,1
curvature_geodesic_benefit.rows[1].r_chart_curvature_minimum,0.646953146407925
curvature_geodesic_benefit.rows[1].r_chart_curvature_maximum,1.0556111072081031
curvature_geodesic_benefit.rows[1].samples,512
curvature_geodesic_benefit.rows[1].geodesic_tangent_discrepancy_mean,0.03345894652102255
curvature_geodesic_benefit.rows[1].geodesic_surface_residual_mean,8.888215917354896e-05
curvature_geodesic_benefit.rows[1].tangent_surface_residual_mean,0.0016170988634527724
curvature_geodesic_benefit.rows[2].bin,2
curvature_geodesic_benefit.rows[2].r_chart_curvature_minimum,1.0556111072081031
curvature_geodesic_benefit.rows[2].r_chart_curvature_maximum,1.6785992451105942
curvature_geodesic_benefit.rows[2].samples,512
curvature_geodesic_benefit.rows[2].geodesic_tangent_discrepancy_mean,0.0560495541321789
curvature_geodesic_benefit.rows[2].geodesic_surface_residual_mean,0.0001456640789989369
curvature_geodesic_benefit.rows[2].tangent_surface_residual_mean,0.0031420294189949648
curvature_geodesic_benefit.rows[3].bin,3
curvature_geodesic_benefit.rows[3].r_chart_curvature_minimum,1.6785992451105942
curvature_geodesic_benefit.rows[3].r_chart_curvature_maximum,13.154415679071663
curvature_geodesic_benefit.rows[3].samples,512
curvature_geodesic_benefit.rows[3].geodesic_tangent_discrepancy_mean,0.0947899061132483
curvature_geodesic_benefit.rows[3].geodesic_surface_residual_mean,0.00038070653482242346
curvature_geodesic_benefit.rows[3].tangent_surface_residual_mean,0.006783603952790442
curvature_geodesic_benefit.high_vs_low_discrepancy_ratio,4.84748860784552
curvature_geodesic_benefit.adaptive_rule,use geodesic walk when R_chart*curvature exceeds the median diagnostic bin
sample_count_convergence.rows[0].m,8
sample_count_convergence.rows[0].total_samples,512
sample_count_convergence.rows[0].source_mass,8.909924283665832
sample_count_convergence.rows[0].image_mse_vs_128,0.524295425925344
sample_count_convergence.rows[0].geometry_response_cosine_vs_128,0.3938104860154041
sample_count_convergence.rows[0].geometry_response_relative_error_vs_128,3.1225984159856117
sample_count_convergence.rows[0].gradient_error_vs_128,3.1225984159856117
sample_count_convergence.rows[0].runtime_seconds,0.04568856302648783
sample_count_convergence.rows[1].m,16
sample_count_convergence.rows[1].total_samples,1024
sample_count_convergence.rows[1].source_mass,9.074626113461687
sample_count_convergence.rows[1].image_mse_vs_128,0.23062155035447987
sample_count_convergence.rows[1].geometry_response_cosine_vs_128,0.5542733039425998
sample_count_convergence.rows[1].geometry_response_relative_error_vs_128,2.0617685535988857
sample_count_convergence.rows[1].gradient_error_vs_128,2.0617685535988857
sample_count_convergence.rows[1].runtime_seconds,0.08772816485725343
sample_count_convergence.rows[2].m,32
sample_count_convergence.rows[2].total_samples,2048
sample_count_convergence.rows[2].source_mass,9.093458026312359
sample_count_convergence.rows[2].image_mse_vs_128,0.0830640087658712
sample_count_convergence.rows[2].geometry_response_cosine_vs_128,0.7413268305812971
sample_count_convergence.rows[2].geometry_response_relative_error_vs_128,1.5169345595820611
sample_count_convergence.rows[2].gradient_error_vs_128,1.5169345595820611
sample_count_convergence.rows[2].runtime_seconds,0.1745361101347953
sample_count_convergence.rows[3].m,64
sample_count_convergence.rows[3].total_samples,4096
sample_count_convergence.rows[3].source_mass,9.085239388362304
sample_count_convergence.rows[3].image_mse_vs_128,0.021753087300186456
sample_count_convergence.rows[3].geometry_response_cosine_vs_128,0.9083574013140934
sample_count_convergence.rows[3].geometry_response_relative_error_vs_128,0.5164392433596783
sample_count_convergence.rows[3].gradient_error_vs_128,0.5164392433596783
sample_count_convergence.rows[3].runtime_seconds,0.34288549586199224
sample_count_convergence.rows[4].m,128
sample_count_convergence.rows[4].total_samples,8192
sample_count_convergence.rows[4].source_mass,9.089001210852254
sample_count_convergence.rows[4].image_mse_vs_128,0.0
sample_count_convergence.rows[4].geometry_response_cosine_vs_128,1.0
sample_count_convergence.rows[4].geometry_response_relative_error_vs_128,0.0
sample_count_convergence.rows[4].gradient_error_vs_128,0.0
sample_count_convergence.rows[4].runtime_seconds,0.6349679110571742
sample_count_convergence.image_mse_log_slope,-1.5246495581303205
sample_count_convergence.v086_volume_slope,-1.4084200661791624
sample_count_convergence.nested_per_chart,True
multi_seed_variance.rows[0].seed,101
multi_seed_variance.rows[0].source_mass,9.093458026312359
multi_seed_variance.rows[0].image_self_mse,0.07901288981363991
multi_seed_variance.rows[0].geometry_response_norm,495.26315497750454
multi_seed_variance.rows[0].geometry_response_cosine_to_mean,0.5570477228970095
multi_seed_variance.rows[0].jacobian_cosine_to_mean,0.5570477228970095
multi_seed_variance.rows[1].seed,211
multi_seed_variance.rows[1].source_mass,9.089463187016309
multi_seed_variance.rows[1].image_self_mse,0.07380964776807951
multi_seed_variance.rows[1].geometry_response_norm,346.9952940758463
multi_seed_variance.rows[1].geometry_response_cosine_to_mean,0.3645940039310608
multi_seed_variance.rows[1].jacobian_cosine_to_mean,0.3645940039310608
multi_seed_variance.rows[2].seed,307
multi_seed_variance.rows[2].source_mass,9.061173973553643
multi_seed_variance.rows[2].image_self_mse,0.07438965492849339
multi_seed_variance.rows[2].geometry_response_norm,405.3967195983755
multi_seed_variance.rows[2].geometry_response_cosine_to_mean,0.7456861946122253
multi_seed_variance.rows[2].jacobian_cosine_to_mean,0.7456861946122253
multi_seed_variance.rows[3].seed,401
multi_seed_variance.rows[3].source_mass,9.092904934948244
multi_seed_variance.rows[3].image_self_mse,0.06615411126635057
multi_seed_variance.rows[3].geometry_response_norm,416.4322433576805
multi_seed_variance.rows[3].geometry_response_cosine_to_mean,0.5120809315021427
multi_seed_variance.rows[3].jacobian_cosine_to_mean,0.5120809315021427
multi_seed_variance.rows[4].seed,503
multi_seed_variance.rows[4].source_mass,9.088443930900876
multi_seed_variance.rows[4].image_self_mse,0.06699638224562798
multi_seed_variance.rows[4].geometry_response_norm,344.2433537424398
multi_seed_variance.rows[4].geometry_response_cosine_to_mean,0.5304530214083115
multi_seed_variance.rows[4].jacobian_cosine_to_mean,0.5304530214083115
multi_seed_variance.rows[5].seed,601
multi_seed_variance.rows[5].source_mass,9.114009241203465
multi_seed_variance.rows[5].image_self_mse,0.06981473552706823
multi_seed_variance.rows[5].geometry_response_norm,306.8478236001997
multi_seed_variance.rows[5].geometry_response_cosine_to_mean,0.5171429283507666
multi_seed_variance.rows[5].jacobian_cosine_to_mean,0.5171429283507666
multi_seed_variance.rows[6].seed,701
multi_seed_variance.rows[6].source_mass,9.095062258791199
multi_seed_variance.rows[6].image_self_mse,0.07736783834170671
multi_seed_variance.rows[6].geometry_response_norm,529.7015559485583
multi_seed_variance.rows[6].geometry_response_cosine_to_mean,0.5617161348147067
multi_seed_variance.rows[6].jacobian_cosine_to_mean,0.5617161348147067
multi_seed_variance.rows[7].seed,809
multi_seed_variance.rows[7].source_mass,9.100739816393906
multi_seed_variance.rows[7].image_self_mse,0.07639187538991263
multi_seed_variance.rows[7].geometry_response_norm,336.856770943618
multi_seed_variance.rows[7].geometry_response_cosine_to_mean,0.38912665975431093
multi_seed_variance.rows[7].jacobian_cosine_to_mean,0.38912665975431093
multi_seed_variance.seeds[0],101
multi_seed_variance.seeds[1],211
multi_seed_variance.seeds[2],307
multi_seed_variance.seeds[3],401
multi_seed_variance.seeds[4],503
multi_seed_variance.seeds[5],601
multi_seed_variance.seeds[6],701
multi_seed_variance.seeds[7],809
multi_seed_variance.source_mass_cv,0.0015271938160283328
multi_seed_variance.mean_image_self_mse,0.07299214191010986
multi_seed_variance.geometry_response_norm_cv,0.18802586936933205
multi_seed_variance.median_geometry_response_cosine,0.523797974879539
multi_seed_variance.median_jacobian_cosine,0.523797974879539
multi_seed_variance.v086_median_geometry_response_cosine,-0.008242108913674691
levelset_scale_invariance.rows[0].field_scale,1.0
levelset_scale_invariance.rows[0].chart_center_max_error,0.0
levelset_scale_invariance.rows[0].chart_sample_max_error,0.0
levelset_scale_invariance.rows[0].source_mass_error,0.0
levelset_scale_invariance.rows[0].image_max_error,0.0
levelset_scale_invariance.rows[1].field_scale,0.5
levelset_scale_invariance.rows[1].chart_center_max_error,0.0
levelset_scale_invariance.rows[1].chart_sample_max_error,0.0
levelset_scale_invariance.rows[1].source_mass_error,0.0
levelset_scale_invariance.rows[1].image_max_error,8.881784197001252e-16
levelset_scale_invariance.rows[2].field_scale,2.0
levelset_scale_invariance.rows[2].chart_center_max_error,0.0
levelset_scale_invariance.rows[2].chart_sample_max_error,0.0
levelset_scale_invariance.rows[2].source_mass_error,0.0
levelset_scale_invariance.rows[2].image_max_error,8.881784197001252e-16
levelset_scale_invariance.rows[3].field_scale,10.0
levelset_scale_invariance.rows[3].chart_center_max_error,0.0
levelset_scale_invariance.rows[3].chart_sample_max_error,6.661338147750939e-16
levelset_scale_invariance.rows[3].source_mass_error,0.0
levelset_scale_invariance.rows[3].image_max_error,3.774758283725532e-14
levelset_scale_invariance.maximum_absolute_error,3.774758283725532e-14
identity_topology_controls.latent_identity_digest,5924bd066955b903b87ced0f1c5d7bb1acabf2287a6678d38b5bd78d0f416aaf
identity_topology_controls.all_identity_hashes_equal,True
identity_topology_controls.bunny_maximum_sample_position_jump,0.0018718846951230553
identity_topology_controls.bunny_maximum_derivative_jump,0.9019194941582789
identity_topology_controls.bunny_derivative_spread,8.515225838199223
identity_topology_controls.plane_translation_maximum_sample_jump,0.0018718846951230553
identity_topology_controls.sphere_translation_p99_sample_jump,0.0003853866282864873
identity_topology_controls.root_birth_death_identity_change_count,0
identity_topology_controls.shortest_path_solver_used,False
identity_topology_controls.cut_locus_selection_used,False
identity_topology_controls.normal_reversal_count,0
identity_topology_controls.duplicate_sample_fraction,0.0
identity_topology_controls.chart_crossing_changes_identity,False
identity_topology_controls.plot.lambda[0],-0.003
identity_topology_controls.plot.lambda[1],-0.0028
identity_topology_controls.plot.lambda[2],-0.0026
identity_topology_controls.plot.lambda[3],-0.0024000000000000002
identity_topology_controls.plot.lambda[4],-0.0022
identity_topology_controls.plot.lambda[5],-0.002
identity_topology_controls.plot.lambda[6],-0.0018
identity_topology_controls.plot.lambda[7],-0.0016
identity_topology_controls.plot.lambda[8],-0.0014
identity_topology_controls.plot.lambda[9],-0.0012
identity_topology_controls.plot.lambda[10],-0.001
identity_topology_controls.plot.lambda[11],-0.0007999999999999999
identity_topology_controls.plot.lambda[12],-0.0005999999999999998
identity_topology_controls.plot.lambda[13],-0.00039999999999999975
identity_topology_controls.plot.lambda[14],-0.0002000000000000001
identity_topology_controls.plot.lambda[15],0.0
identity_topology_controls.plot.lambda[16],0.0002000000000000001
identity_topology_controls.plot.lambda[17],0.0004000000000000002
identity_topology_controls.plot.lambda[18],0.0006000000000000003
identity_topology_controls.plot.lambda[19],0.0007999999999999999
identity_topology_controls.plot.lambda[20],0.001
identity_topology_controls.plot.lambda[21],0.0012000000000000005
identity_topology_controls.plot.lambda[22],0.0014000000000000002
identity_topology_controls.plot.lambda[23],0.0015999999999999999
identity_topology_controls.plot.lambda[24],0.0018000000000000004
identity_topology_controls.plot.lambda[25],0.002
identity_topology_controls.plot.lambda[26],0.0022000000000000006
identity_topology_controls.plot.lambda[27],0.0024000000000000002
identity_topology_controls.plot.lambda[28],0.0026
identity_topology_controls.plot.lambda[29],0.0028000000000000004
identity_topology_controls.plot.lambda[30],0.003
identity_topology_controls.plot.mean_surface_residual[0],0.00016757849017910693
identity_topology_controls.plot.mean_surface_residual[1],0.00016759511222429855
identity_topology_controls.plot.mean_surface_residual[2],0.00016760524557621055
identity_topology_controls.plot.mean_surface_residual[3],0.0001676495304071802
identity_topology_controls.plot.mean_surface_residual[4],0.00016770312993852107
identity_topology_controls.plot.mean_surface_residual[5],0.00016779609901363174
identity_topology_controls.plot.mean_surface_residual[6],0.00016792122884768935
identity_topology_controls.plot.mean_surface_residual[7],0.0001680585118613087
identity_topology_controls.plot.mean_surface_residual[8],0.00016822077486586975
identity_topology_controls.plot.mean_surface_residual[9],0.00016830921944440346
identity_topology_controls.plot.mean_surface_residual[10],0.00016837814761137682
identity_topology_controls.plot.mean_surface_residual[11],0.00016841925366291088
identity_topology_controls.plot.mean_surface_residual[12],0.00016846661973653678
identity_topology_controls.plot.mean_surface_residual[13],0.00016851195490593412
identity_topology_controls.plot.mean_surface_residual[14],0.0001685656958484151
identity_topology_controls.plot.mean_surface_residual[15],0.0001686362078819488
identity_topology_controls.plot.mean_surface_residual[16],0.00016869771212567387
identity_topology_controls.plot.mean_surface_residual[17],0.0001687615337499659
identity_topology_controls.plot.mean_surface_residual[18],0.00016885083633204882
identity_topology_controls.plot.mean_surface_residual[19],0.00016897410949000263
identity_topology_controls.plot.mean_surface_residual[20],0.00016906180589803396
identity_topology_controls.plot.mean_surface_residual[21],0.0001691666118322847
identity_topology_controls.plot.mean_surface_residual[22],0.00016926384606237403
identity_topology_controls.plot.mean_surface_residual[23],0.00016933353251048712
identity_topology_controls.plot.mean_surface_residual[24],0.000169378205146855
identity_topology_controls.plot.mean_surface_residual[25],0.00016942356756705936
identity_topology_controls.plot.mean_surface_residual[26],0.00016955836775858402
identity_topology_controls.plot.mean_surface_residual[27],0.00016978402233260937
identity_topology_controls.plot.mean_surface_residual[28],0.0001699678288593116
identity_topology_controls.plot.mean_surface_residual[29],0.0001701498124141447
identity_topology_controls.plot.mean_surface_residual[30],0.00017031074171935224
full_rerender_fd.k,32
full_rerender_fd.m,8
full_rerender_fd.total_samples,256
full_rerender_fd.micro_samples,1
full_rerender_fd.rows[0].category,deep_interior
full_rerender_fd.rows[0].parameter,17
full_rerender_fd.rows[0].epsilon,0.001
full_rerender_fd.rows[0].analytic_norm,6.680155186176135
full_rerender_fd.rows[0].full_rerender_fd_norm,6.492459810015403
full_rerender_fd.rows[0].analytic_vs_full.left_norm,6.680155186176137
full_rerender_fd.rows[0].analytic_vs_full.right_norm,6.492459810015403
full_rerender_fd.rows[0].analytic_vs_full.relative_error,0.02897888752242357
full_rerender_fd.rows[0].analytic_vs_full.cosine_similarity,0.9999980550285555
full_rerender_fd.rows[0].analytic_vs_full.maximum_absolute_error,0.0899371976026151
full_rerender_fd.rows[0].analytic_vs_full.changed_scalar_fraction,0.023681640625
full_rerender_fd.rows[0].identity_digest_before,dd496fccb1b79362b34cf49b58a3cc402c439d8f3c2c9f3d8343be19bb42d093
full_rerender_fd.rows[0].identity_digest_after,dd496fccb1b79362b34cf49b58a3cc402c439d8f3c2c9f3d8343be19bb42d093
full_rerender_fd.rows[0].sign_changing_cells_rebuilt,False
full_rerender_fd.rows[1].category,deep_interior
full_rerender_fd.rows[1].parameter,17
full_rerender_fd.rows[1].epsilon,0.0003
full_rerender_fd.rows[1].analytic_norm,6.680155186176135
full_rerender_fd.rows[1].full_rerender_fd_norm,6.662548364459585
full_rerender_fd.rows[1].analytic_vs_full.left_norm,6.680155186176137
full_rerender_fd.rows[1].analytic_vs_full.right_norm,6.662548364459584
full_rerender_fd.rows[1].analytic_vs_full.relative_error,0.0026497308475480134
full_rerender_fd.rows[1].analytic_vs_full.cosine_similarity,0.9999999813272584
full_rerender_fd.rows[1].analytic_vs_full.maximum_absolute_error,0.008395306414813675
full_rerender_fd.rows[1].analytic_vs_full.changed_scalar_fraction,0.023681640625
full_rerender_fd.rows[1].identity_digest_before,dd496fccb1b79362b34cf49b58a3cc402c439d8f3c2c9f3d8343be19bb42d093
full_rerender_fd.rows[1].identity_digest_after,dd496fccb1b79362b34cf49b58a3cc402c439d8f3c2c9f3d8343be19bb42d093
full_rerender_fd.rows[1].sign_changing_cells_rebuilt,False
full_rerender_fd.rows[2].category,deep_interior
full_rerender_fd.rows[2].parameter,17
full_rerender_fd.rows[2].epsilon,0.0001
full_rerender_fd.rows[2].analytic_norm,6.680155186176135
full_rerender_fd.rows[2].full_rerender_fd_norm,6.678249348995801
full_rerender_fd.rows[2].analytic_vs_full.left_norm,6.680155186176137
full_rerender_fd.rows[2].analytic_vs_full.right_norm,6.678249348995802
full_rerender_fd.rows[2].analytic_vs_full.relative_error,0.0003147246364439726
full_rerender_fd.rows[2].analytic_vs_full.cosine_similarity,0.9999999911975159
full_rerender_fd.rows[2].analytic_vs_full.maximum_absolute_error,0.0008960478433683861
full_rerender_fd.rows[2].analytic_vs_full.changed_scalar_fraction,0.023681640625
full_rerender_fd.rows[2].identity_digest_before,dd496fccb1b79362b34cf49b58a3cc402c439d8f3c2c9f3d8343be19bb42d093
full_rerender_fd.rows[2].identity_digest_after,dd496fccb1b79362b34cf49b58a3cc402c439d8f3c2c9f3d8343be19bb42d093
full_rerender_fd.rows[2].sign_changing_cells_rebuilt,False
full_rerender_fd.rows[3].category,high_curvature
full_rerender_fd.rows[3].parameter,5
full_rerender_fd.rows[3].epsilon,0.001
full_rerender_fd.rows[3].analytic_norm,38.37612431364951
full_rerender_fd.rows[3].full_rerender_fd_norm,38.47558141692753
full_rerender_fd.rows[3].analytic_vs_full.left_norm,38.37612431364953
full_rerender_fd.rows[3].analytic_vs_full.right_norm,38.47558141692753
full_rerender_fd.rows[3].analytic_vs_full.relative_error,0.00592147169916378
full_rerender_fd.rows[3].analytic_vs_full.cosine_similarity,0.9999857722682883
full_rerender_fd.rows[3].analytic_vs_full.maximum_absolute_error,0.08881001897150398
full_rerender_fd.rows[3].analytic_vs_full.changed_scalar_fraction,0.01025390625
full_rerender_fd.rows[3].identity_digest_before,dd496fccb1b79362b34cf49b58a3cc402c439d8f3c2c9f3d8343be19bb42d093
full_rerender_fd.rows[3].identity_digest_after,dd496fccb1b79362b34cf49b58a3cc402c439d8f3c2c9f3d8343be19bb42d093
full_rerender_fd.rows[3].sign_changing_cells_rebuilt,False
full_rerender_fd.rows[4].category,high_curvature
full_rerender_fd.rows[4].parameter,5
full_rerender_fd.rows[4].epsilon,0.0003
full_rerender_fd.rows[4].analytic_norm,38.37612431364951
full_rerender_fd.rows[4].full_rerender_fd_norm,38.47786930752065
full_rerender_fd.rows[4].analytic_vs_full.left_norm,38.37612431364953
full_rerender_fd.rows[4].analytic_vs_full.right_norm,38.477869307520635
full_rerender_fd.rows[4].analytic_vs_full.relative_error,0.005976109837690235
full_rerender_fd.rows[4].analytic_vs_full.cosine_similarity,0.999985601002428
full_rerender_fd.rows[4].analytic_vs_full.maximum_absolute_error,0.08981735970588645
full_rerender_fd.rows[4].analytic_vs_full.changed_scalar_fraction,0.01025390625
full_rerender_fd.rows[4].identity_digest_before,dd496fccb1b79362b34cf49b58a3cc402c439d8f3c2c9f3d8343be19bb42d093
full_rerender_fd.rows[4].identity_digest_after,dd496fccb1b79362b34cf49b58a3cc402c439d8f3c2c9f3d8343be19bb42d093
full_rerender_fd.rows[4].sign_changing_cells_rebuilt,False
full_rerender_fd.rows[5].category,high_curvature
full_rerender_fd.rows[5].parameter,5
full_rerender_fd.rows[5].epsilon,0.0001
full_rerender_fd.rows[5].analytic_norm,38.37612431364951
full_rerender_fd.rows[5].full_rerender_fd_norm,38.47849297976058
full_rerender_fd.rows[5].analytic_vs_full.left_norm,38.37612431364953
full_rerender_fd.rows[5].analytic_vs_full.right_norm,38.47849297976058
full_rerender_fd.rows[5].analytic_vs_full.relative_error,0.005993648126038151
full_rerender_fd.rows[5].analytic_vs_full.cosine_similarity,0.9999855385150557
full_rerender_fd.rows[5].analytic_vs_full.maximum_absolute_error,0.09012673413862515
full_rerender_fd.rows[5].analytic_vs_full.changed_scalar_fraction,0.01025390625
full_rerender_fd.rows[5].identity_digest_before,dd496fccb1b79362b34cf49b58a3cc402c439d8f3c2c9f3d8343be19bb42d093
full_rerender_fd.rows[5].identity_digest_after,dd496fccb1b79362b34cf49b58a3cc402c439d8f3c2c9f3d8343be19bb42d093
full_rerender_fd.rows[5].sign_changing_cells_rebuilt,False
full_rerender_fd.rows[6].category,occlusion_boundary
full_rerender_fd.rows[6].parameter,8
full_rerender_fd.rows[6].epsilon,0.001
full_rerender_fd.rows[6].analytic_norm,665.9912166224287
full_rerender_fd.rows[6].full_rerender_fd_norm,685.468163788021
full_rerender_fd.rows[6].analytic_vs_full.left_norm,665.9912166224289
full_rerender_fd.rows[6].analytic_vs_full.right_norm,685.4681637880213
full_rerender_fd.rows[6].analytic_vs_full.relative_error,0.0638014413074876
full_rerender_fd.rows[6].analytic_vs_full.cosine_similarity,0.9983206508505544
full_rerender_fd.rows[6].analytic_vs_full.maximum_absolute_error,17.20896011769475
full_rerender_fd.rows[6].analytic_vs_full.changed_scalar_fraction,0.01953125
full_rerender_fd.rows[6].identity_digest_before,dd496fccb1b79362b34cf49b58a3cc402c439d8f3c2c9f3d8343be19bb42d093
full_rerender_fd.rows[6].identity_digest_after,dd496fccb1b79362b34cf49b58a3cc402c439d8f3c2c9f3d8343be19bb42d093
full_rerender_fd.rows[6].sign_changing_cells_rebuilt,False
full_rerender_fd.rows[7].category,occlusion_boundary
full_rerender_fd.rows[7].parameter,8
full_rerender_fd.rows[7].epsilon,0.0003
full_rerender_fd.rows[7].analytic_norm,665.9912166224287
full_rerender_fd.rows[7].full_rerender_fd_norm,686.4565936700445
full_rerender_fd.rows[7].analytic_vs_full.left_norm,665.9912166224289
full_rerender_fd.rows[7].analytic_vs_full.right_norm,686.4565936700444
full_rerender_fd.rows[7].analytic_vs_full.relative_error,0.05715833108838785
full_rerender_fd.rows[7].analytic_vs_full.cosine_similarity,0.9987743311543023
full_rerender_fd.rows[7].analytic_vs_full.maximum_absolute_error,15.316549370414918
full_rerender_fd.rows[7].analytic_vs_full.changed_scalar_fraction,0.01953125
full_rerender_fd.rows[7].identity_digest_before,dd496fccb1b79362b34cf49b58a3cc402c439d8f3c2c9f3d8343be19bb42d093
full_rerender_fd.rows[7].identity_digest_after,dd496fccb1b79362b34cf49b58a3cc402c439d8f3c2c9f3d8343be19bb42d093
full_rerender_fd.rows[7].sign_changing_cells_rebuilt,False
full_rerender_fd.rows[8].category,occlusion_boundary
full_rerender_fd.rows[8].parameter,8
full_rerender_fd.rows[8].epsilon,0.0001
full_rerender_fd.rows[8].analytic_norm,665.9912166224287
full_rerender_fd.rows[8].full_rerender_fd_norm,685.434935383374
full_rerender_fd.rows[8].analytic_vs_full.left_norm,665.9912166224289
full_rerender_fd.rows[8].analytic_vs_full.right_norm,685.4349353833741
full_rerender_fd.rows[8].analytic_vs_full.relative_error,0.04878242320390195
full_rerender_fd.rows[8].analytic_vs_full.cosine_similarity,0.9991894885957799
full_rerender_fd.rows[8].analytic_vs_full.maximum_absolute_error,14.051363399088132
full_rerender_fd.rows[8].analytic_vs_full.changed_scalar_fraction,0.01953125
full_rerender_fd.rows[8].identity_digest_before,dd496fccb1b79362b34cf49b58a3cc402c439d8f3c2c9f3d8343be19bb42d093
full_rerender_fd.rows[8].identity_digest_after,dd496fccb1b79362b34cf49b58a3cc402c439d8f3c2c9f3d8343be19bb42d093
full_rerender_fd.rows[8].sign_changing_cells_rebuilt,False
full_rerender_fd.rows[9].category,silhouette
full_rerender_fd.rows[9].parameter,18
full_rerender_fd.rows[9].epsilon,0.001
full_rerender_fd.rows[9].analytic_norm,1011.9124990062795
full_rerender_fd.rows[9].full_rerender_fd_norm,998.5527882636509
full_rerender_fd.rows[9].analytic_vs_full.left_norm,1011.9124990062795
full_rerender_fd.rows[9].analytic_vs_full.right_norm,998.5527882636511
full_rerender_fd.rows[9].analytic_vs_full.relative_error,0.02043320024014686
full_rerender_fd.rows[9].analytic_vs_full.cosine_similarity,0.999882316459099
full_rerender_fd.rows[9].analytic_vs_full.maximum_absolute_error,8.916757124121908
full_rerender_fd.rows[9].analytic_vs_full.changed_scalar_fraction,0.01025390625
full_rerender_fd.rows[9].identity_digest_before,dd496fccb1b79362b34cf49b58a3cc402c439d8f3c2c9f3d8343be19bb42d093
full_rerender_fd.rows[9].identity_digest_after,dd496fccb1b79362b34cf49b58a3cc402c439d8f3c2c9f3d8343be19bb42d093
full_rerender_fd.rows[9].sign_changing_cells_rebuilt,False
full_rerender_fd.rows[10].category,silhouette
full_rerender_fd.rows[10].parameter,18
full_rerender_fd.rows[10].epsilon,0.0003
full_rerender_fd.rows[10].analytic_norm,1011.9124990062795
full_rerender_fd.rows[10].full_rerender_fd_norm,1011.1819030722048
full_rerender_fd.rows[10].analytic_vs_full.left_norm,1011.9124990062795
full_rerender_fd.rows[10].analytic_vs_full.right_norm,1011.1819030722049
full_rerender_fd.rows[10].analytic_vs_full.relative_error,0.002591465342779347
full_rerender_fd.rows[10].analytic_vs_full.cosine_similarity,0.9999969054048637
full_rerender_fd.rows[10].analytic_vs_full.maximum_absolute_error,0.8047983795599976
full_rerender_fd.rows[10].analytic_vs_full.changed_scalar_fraction,0.01025390625
full_rerender_fd.rows[10].identity_digest_before,dd496fccb1b79362b34cf49b58a3cc402c439d8f3c2c9f3d8343be19bb42d093
full_rerender_fd.rows[10].identity_digest_after,dd496fccb1b79362b34cf49b58a3cc402c439d8f3c2c9f3d8343be19bb42d093
full_rerender_fd.rows[10].sign_changing_cells_rebuilt,False
full_rerender_fd.rows[11].category,silhouette
full_rerender_fd.rows[11].parameter,18
full_rerender_fd.rows[11].epsilon,0.0001
full_rerender_fd.rows[11].analytic_norm,1011.9124990062795
full_rerender_fd.rows[11].full_rerender_fd_norm,1011.4254316207304
full_rerender_fd.rows[11].analytic_vs_full.left_norm,1011.9124990062795
full_rerender_fd.rows[11].analytic_vs_full.right_norm,1011.4254316207304
full_rerender_fd.rows[11].analytic_vs_full.relative_error,0.0019833261872942436
full_rerender_fd.rows[11].analytic_vs_full.cosine_similarity,0.9999981500520543
full_rerender_fd.rows[11].analytic_vs_full.maximum_absolute_error,0.7681508701032556
full_rerender_fd.rows[11].analytic_vs_full.changed_scalar_fraction,0.01025390625
full_rerender_fd.rows[11].identity_digest_before,dd496fccb1b79362b34cf49b58a3cc402c439d8f3c2c9f3d8343be19bb42d093
full_rerender_fd.rows[11].identity_digest_after,dd496fccb1b79362b34cf49b58a3cc402c439d8f3c2c9f3d8343be19bb42d093
full_rerender_fd.rows[11].sign_changing_cells_rebuilt,False
full_rerender_fd.rows[12].category,smooth_visible_surface
full_rerender_fd.rows[12].parameter,31
full_rerender_fd.rows[12].epsilon,0.001
full_rerender_fd.rows[12].analytic_norm,1074.8167988740324
full_rerender_fd.rows[12].full_rerender_fd_norm,1074.364594549332
full_rerender_fd.rows[12].analytic_vs_full.left_norm,1074.8167988740327
full_rerender_fd.rows[12].analytic_vs_full.right_norm,1074.3645945493317
full_rerender_fd.rows[12].analytic_vs_full.relative_error,0.014434826981967554
full_rerender_fd.rows[12].analytic_vs_full.cosine_similarity,0.9998959502600253
full_rerender_fd.rows[12].analytic_vs_full.maximum_absolute_error,6.9511390459919
full_rerender_fd.rows[12].analytic_vs_full.changed_scalar_fraction,0.02099609375
full_rerender_fd.rows[12].identity_digest_before,dd496fccb1b79362b34cf49b58a3cc402c439d8f3c2c9f3d8343be19bb42d093
full_rerender_fd.rows[12].identity_digest_after,dd496fccb1b79362b34cf49b58a3cc402c439d8f3c2c9f3d8343be19bb42d093
full_rerender_fd.rows[12].sign_changing_cells_rebuilt,False
full_rerender_fd.rows[13].category,smooth_visible_surface
full_rerender_fd.rows[13].parameter,31
full_rerender_fd.rows[13].epsilon,0.0003
full_rerender_fd.rows[13].analytic_norm,1074.8167988740324
full_rerender_fd.rows[13].full_rerender_fd_norm,1074.8598758891594
full_rerender_fd.rows[13].analytic_vs_full.left_norm,1074.8167988740327
full_rerender_fd.rows[13].analytic_vs_full.right_norm,1074.8598758891592
full_rerender_fd.rows[13].analytic_vs_full.relative_error,0.008424765512458318
full_rerender_fd.rows[13].analytic_vs_full.cosine_similarity,0.999964511043821
full_rerender_fd.rows[13].analytic_vs_full.maximum_absolute_error,4.056356712331427
full_rerender_fd.rows[13].analytic_vs_full.changed_scalar_fraction,0.02099609375
full_rerender_fd.rows[13].identity_digest_before,dd496fccb1b79362b34cf49b58a3cc402c439d8f3c2c9f3d8343be19bb42d093
full_rerender_fd.rows[13].identity_digest_after,dd496fccb1b79362b34cf49b58a3cc402c439d8f3c2c9f3d8343be19bb42d093
full_rerender_fd.rows[13].sign_changing_cells_rebuilt,False
full_rerender_fd.rows[14].category,smooth_visible_surface
full_rerender_fd.rows[14].parameter,31
full_rerender_fd.rows[14].epsilon,0.0001
full_rerender_fd.rows[14].analytic_norm,1074.8167988740324
full_rerender_fd.rows[14].full_rerender_fd_norm,1074.9019076400393
full_rerender_fd.rows[14].analytic_vs_full.left_norm,1074.8167988740327
full_rerender_fd.rows[14].analytic_vs_full.right_norm,1074.901907640039
full_rerender_fd.rows[14].analytic_vs_full.relative_error,0.001817467242299183
full_rerender_fd.rows[14].analytic_vs_full.cosine_similarity,0.9999983514104699
full_rerender_fd.rows[14].analytic_vs_full.maximum_absolute_error,0.7006271430160211
full_rerender_fd.rows[14].analytic_vs_full.changed_scalar_fraction,0.02099609375
full_rerender_fd.rows[14].identity_digest_before,dd496fccb1b79362b34cf49b58a3cc402c439d8f3c2c9f3d8343be19bb42d093
full_rerender_fd.rows[14].identity_digest_after,dd496fccb1b79362b34cf49b58a3cc402c439d8f3c2c9f3d8343be19bb42d093
full_rerender_fd.rows[14].sign_changing_cells_rebuilt,False
full_rerender_fd.best_rows[0].category,deep_interior
full_rerender_fd.best_rows[0].parameter,17
full_rerender_fd.best_rows[0].epsilon,0.0001
full_rerender_fd.best_rows[0].analytic_norm,6.680155186176135
full_rerender_fd.best_rows[0].full_rerender_fd_norm,6.678249348995801
full_rerender_fd.best_rows[0].analytic_vs_full.left_norm,6.680155186176137
full_rerender_fd.best_rows[0].analytic_vs_full.right_norm,6.678249348995802
full_rerender_fd.best_rows[0].analytic_vs_full.relative_error,0.0003147246364439726
full_rerender_fd.best_rows[0].analytic_vs_full.cosine_similarity,0.9999999911975159
full_rerender_fd.best_rows[0].analytic_vs_full.maximum_absolute_error,0.0008960478433683861
full_rerender_fd.best_rows[0].analytic_vs_full.changed_scalar_fraction,0.023681640625
full_rerender_fd.best_rows[0].identity_digest_before,dd496fccb1b79362b34cf49b58a3cc402c439d8f3c2c9f3d8343be19bb42d093
full_rerender_fd.best_rows[0].identity_digest_after,dd496fccb1b79362b34cf49b58a3cc402c439d8f3c2c9f3d8343be19bb42d093
full_rerender_fd.best_rows[0].sign_changing_cells_rebuilt,False
full_rerender_fd.best_rows[1].category,high_curvature
full_rerender_fd.best_rows[1].parameter,5
full_rerender_fd.best_rows[1].epsilon,0.001
full_rerender_fd.best_rows[1].analytic_norm,38.37612431364951
full_rerender_fd.best_rows[1].full_rerender_fd_norm,38.47558141692753
full_rerender_fd.best_rows[1].analytic_vs_full.left_norm,38.37612431364953
full_rerender_fd.best_rows[1].analytic_vs_full.right_norm,38.47558141692753
full_rerender_fd.best_rows[1].analytic_vs_full.relative_error,0.00592147169916378
full_rerender_fd.best_rows[1].analytic_vs_full.cosine_similarity,0.9999857722682883
full_rerender_fd.best_rows[1].analytic_vs_full.maximum_absolute_error,0.08881001897150398
full_rerender_fd.best_rows[1].analytic_vs_full.changed_scalar_fraction,0.01025390625
full_rerender_fd.best_rows[1].identity_digest_before,dd496fccb1b79362b34cf49b58a3cc402c439d8f3c2c9f3d8343be19bb42d093
full_rerender_fd.best_rows[1].identity_digest_after,dd496fccb1b79362b34cf49b58a3cc402c439d8f3c2c9f3d8343be19bb42d093
full_rerender_fd.best_rows[1].sign_changing_cells_rebuilt,False
full_rerender_fd.best_rows[2].category,occlusion_boundary
full_rerender_fd.best_rows[2].parameter,8
full_rerender_fd.best_rows[2].epsilon,0.0001
full_rerender_fd.best_rows[2].analytic_norm,665.9912166224287
full_rerender_fd.best_rows[2].full_rerender_fd_norm,685.434935383374
full_rerender_fd.best_rows[2].analytic_vs_full.left_norm,665.9912166224289
full_rerender_fd.best_rows[2].analytic_vs_full.right_norm,685.4349353833741
full_rerender_fd.best_rows[2].analytic_vs_full.relative_error,0.04878242320390195
full_rerender_fd.best_rows[2].analytic_vs_full.cosine_similarity,0.9991894885957799
full_rerender_fd.best_rows[2].analytic_vs_full.maximum_absolute_error,14.051363399088132
full_rerender_fd.best_rows[2].analytic_vs_full.changed_scalar_fraction,0.01953125
full_rerender_fd.best_rows[2].identity_digest_before,dd496fccb1b79362b34cf49b58a3cc402c439d8f3c2c9f3d8343be19bb42d093
full_rerender_fd.best_rows[2].identity_digest_after,dd496fccb1b79362b34cf49b58a3cc402c439d8f3c2c9f3d8343be19bb42d093
full_rerender_fd.best_rows[2].sign_changing_cells_rebuilt,False
full_rerender_fd.best_rows[3].category,silhouette
full_rerender_fd.best_rows[3].parameter,18
full_rerender_fd.best_rows[3].epsilon,0.0001
full_rerender_fd.best_rows[3].analytic_norm,1011.9124990062795
full_rerender_fd.best_rows[3].full_rerender_fd_norm,1011.4254316207304
full_rerender_fd.best_rows[3].analytic_vs_full.left_norm,1011.9124990062795
full_rerender_fd.best_rows[3].analytic_vs_full.right_norm,1011.4254316207304
full_rerender_fd.best_rows[3].analytic_vs_full.relative_error,0.0019833261872942436
full_rerender_fd.best_rows[3].analytic_vs_full.cosine_similarity,0.9999981500520543
full_rerender_fd.best_rows[3].analytic_vs_full.maximum_absolute_error,0.7681508701032556
full_rerender_fd.best_rows[3].analytic_vs_full.changed_scalar_fraction,0.01025390625
full_rerender_fd.best_rows[3].identity_digest_before,dd496fccb1b79362b34cf49b58a3cc402c439d8f3c2c9f3d8343be19bb42d093
full_rerender_fd.best_rows[3].identity_digest_after,dd496fccb1b79362b34cf49b58a3cc402c439d8f3c2c9f3d8343be19bb42d093
full_rerender_fd.best_rows[3].sign_changing_cells_rebuilt,False
full_rerender_fd.best_rows[4].category,smooth_visible_surface
full_rerender_fd.best_rows[4].parameter,31
full_rerender_fd.best_rows[4].epsilon,0.0001
full_rerender_fd.best_rows[4].analytic_norm,1074.8167988740324
full_rerender_fd.best_rows[4].full_rerender_fd_norm,1074.9019076400393
full_rerender_fd.best_rows[4].analytic_vs_full.left_norm,1074.8167988740327
full_rerender_fd.best_rows[4].analytic_vs_full.right_norm,1074.901907640039
full_rerender_fd.best_rows[4].analytic_vs_full.relative_error,0.001817467242299183
full_rerender_fd.best_rows[4].analytic_vs_full.cosine_similarity,0.9999983514104699
full_rerender_fd.best_rows[4].analytic_vs_full.maximum_absolute_error,0.7006271430160211
full_rerender_fd.best_rows[4].analytic_vs_full.changed_scalar_fraction,0.02099609375
full_rerender_fd.best_rows[4].identity_digest_before,dd496fccb1b79362b34cf49b58a3cc402c439d8f3c2c9f3d8343be19bb42d093
full_rerender_fd.best_rows[4].identity_digest_after,dd496fccb1b79362b34cf49b58a3cc402c439d8f3c2c9f3d8343be19bb42d093
full_rerender_fd.best_rows[4].sign_changing_cells_rebuilt,False
full_rerender_fd.median_best_relative_error,0.0019833261872942436
full_rerender_fd.median_best_cosine,0.9999981500520543
full_rerender_fd.v086_median_relative_error,3.221664112954146e-05
jacobian_sparsity.source_position_jacobian_shape[0],1536
jacobian_sparsity.source_position_jacobian_shape[1],64
jacobian_sparsity.source_position_jacobian_nnz,8496
jacobian_sparsity.source_position_jacobian_nonzero_fraction,0.08642578125
jacobian_sparsity.nnz_per_lambda_minimum,39
jacobian_sparsity.nnz_per_lambda_median,108.0
jacobian_sparsity.nnz_per_lambda_maximum,276
jacobian_sparsity.neighboring_column_support_jaccard_median,0.0
jacobian_sparsity.image_support_area_per_lambda_estimate,36.0
jacobian_sparsity.full_dense_jacobian_materialized,False
multiview_reuse.view_counts[0],1
multiview_reuse.view_counts[1],2
multiview_reuse.view_counts[2],4
multiview_reuse.view_counts[3],8
multiview_reuse.view_counts[4],20
multiview_reuse.global_direction_atlas_count,20
multiview_reuse.view_set[0].direction_id,0
multiview_reuse.view_set[0].direction[0],0.31224989991991997
multiview_reuse.view_set[0].direction[1],0.95
multiview_reuse.view_set[0].direction[2],0.0
multiview_reuse.view_set[0].right[0],-0.95
multiview_reuse.view_set[0].right[1],0.31224989991991997
multiview_reuse.view_set[0].right[2],0.0
multiview_reuse.view_set[0].up[0],0.0
multiview_reuse.view_set[0].up[1],-0.0
multiview_reuse.view_set[0].up[2],1.0
multiview_reuse.view_set[1].direction_id,1
multiview_reuse.view_set[1].direction[0],-0.3884331593781332
multiview_reuse.view_set[1].direction[1],0.85
multiview_reuse.view_set[1].direction[2],0.35583659268760126
multiview_reuse.view_set[1].right[0],0.6754902942615238
multiview_reuse.view_set[1].right[1],-0.0
multiview_reuse.view_set[1].right[2],0.7373688780783197
multiview_reuse.view_set[1].up[0],0.6267635463665717
multiview_reuse.view_set[1].up[1],0.526782687642637
multiview_reuse.view_set[1].up[2],-0.5741667501222952
multiview_reuse.view_set[2].direction_id,2
multiview_reuse.view_set[2].direction[0],0.057826681447667144
multiview_reuse.view_set[2].direction[1],0.75
multiview_reuse.view_set[2].direction[2],-0.658905209353174
multiview_reuse.view_set[2].right[0],-0.9961710408648278
multiview_reuse.view_set[2].right[1],0.0
multiview_reuse.view_set[2].right[2],-0.08742572471695988
multiview_reuse.view_set[2].up[0],-0.06556929353771991
multiview_reuse.view_set[2].up[1],0.6614378277661477
multiview_reuse.view_set[2].up[2],0.7471282806486208
multiview_reuse.view_set[3].direction_id,3
multiview_reuse.view_set[3].direction[0],0.46237350373880126
multiview_reuse.view_set[3].direction[1],0.6499999999999999
multiview_reuse.view_set[3].direction[2],0.6030843581459436
multiview_reuse.view_set[3].right[0],0.7936007512916958
multiview_reuse.view_set[3].right[1],0.0
multiview_reuse.view_set[3].right[2],-0.6084388609788627
multiview_reuse.view_set[3].up[0],-0.3954852596362607
multiview_reuse.view_set[3].up[1],0.7599342076785331
multiview_reuse.view_set[3].up[2],-0.5158404883396022
multiview_reuse.view_set[4].direction_id,4
multiview_reuse.view_set[4].direction[0],-0.8223978976706082
multiview_reuse.view_set[4].direction[1],0.55
multiview_reuse.view_set[4].direction[2],-0.14547060839552378
multiview_reuse.view_set[4].right[0],-0.1741819503793116
multiview_reuse.view_set[4].right[1],0.0
multiview_reuse.view_set[4].right[2],0.9847134853154286
multiview_reuse.view_set[4].up[0],0.5415924169234858
multiview_reuse.view_set[4].up[1],0.8351646544245032
multiview_reuse.view_set[4].up[2],0.0958000727086214
multiview_reuse.view_set[5].direction_id,5
multiview_reuse.view_set[5].direction[0],0.7534975716784723
multiview_reuse.view_set[5].direction[1],0.44999999999999996
multiview_reuse.view_set[5].direction[2],-0.4793134772512093
multiview_reuse.view_set[5].right[0],-0.5367280526263226
multiview_reuse.view_set[5].right[1],0.0
multiview_reuse.view_set[5].right[2],-0.8437552948123972
multiview_reuse.view_set[5].up[0],-0.3796898826655787
multiview_reuse.view_set[5].up[1],0.8930285549745876
multiview_reuse.view_set[5].up[2],0.24152762368184516
multiview_reuse.view_set[6].direction_id,6
multiview_reuse.view_set[6].direction[0],-0.24318425467281055
multiview_reuse.view_set[6].direction[1],0.35
multiview_reuse.view_set[6].direction[2],0.9046333059749844
multiview_reuse.view_set[6].right[0],0.9657150743757783
multiview_reuse.view_set[6].right[1],-0.0
multiview_reuse.view_set[6].right[2],0.25960430490148856
multiview_reuse.view_set[6].up[0],0.09086150671552098
multiview_reuse.view_set[6].up[1],0.9367496997597599
multiview_reuse.view_set[6].up[2],-0.3380002760315224
multiview_reuse.view_set[7].direction_id,7
multiview_reuse.view_set[7].direction[0],-0.44627130771622237
multiview_reuse.view_set[7].direction[1],0.25000000000000006
multiview_reuse.view_set[7].direction[2],-0.8592682467712006
multiview_reuse.view_set[7].right[0],-0.8874484292452547
multiview_reuse.view_set[7].right[1],0.0
multiview_reuse.view_set[7].right[2],0.46090702471336925
multiview_reuse.view_set[7].up[0],0.11522675617834234
multiview_reuse.view_set[7].up[1],0.9682458365518545
multiview_reuse.view_set[7].up[2],0.22186210731131373
multiview_reuse.view_set[8].direction_id,8
multiview_reuse.view_set[8].direction[0],0.9286938120441748
multiview_reuse.view_set[8].direction[1],0.1499999999999999
multiview_reuse.view_set[8].direction[2],0.3391574906601046
multiview_reuse.view_set[8].right[0],0.343038630874102
multiview_reuse.view_set[8].right[1],0.0
multiview_reuse.view_set[8].right[2],-0.939321296324118
multiview_reuse.view_set[8].up[0],-0.14089819444861762
multiview_reuse.view_set[8].up[1],0.9886859966642594
multiview_reuse.view_set[8].up[2],-0.05145579463111527
multiview_reuse.view_set[9].direction_id,9
multiview_reuse.view_set[9].direction[0],-0.9231894011435727
multiview_reuse.view_set[9].direction[1],0.04999999999999994
multiview_reuse.view_set[9].direction[2],0.38107916450020163
multiview_reuse.view_set[9].right[0],0.38155640847493627
multiview_reuse.view_set[9].right[1],-0.0
multiview_reuse.view_set[9].right[2],0.9243455561378048
multiview_reuse.view_set[9].up[0],0.04621727780689018
multiview_reuse.view_set[9].up[1],0.9987492177719091
multiview_reuse.view_set[9].up[2],-0.01907782042374679
multiview_reuse.view_set[10].direction_id,10
multiview_reuse.view_set[10].direction[0],0.4233158560098572
multiview_reuse.view_set[10].direction[1],-0.050000000000000044
multiview_reuse.view_set[10].direction[2],-0.904601396224128
multiview_reuse.view_set[10].right[0],-0.9057342725556135
multiview_reuse.view_set[10].right[1],0.0
multiview_reuse.view_set[10].right[2],-0.42384599504791065
multiview_reuse.view_set[10].up[0],0.02119229975239555
multiview_reuse.view_set[10].up[1],0.9987492177719088
multiview_reuse.view_set[10].up[2],-0.045286713627780716
multiview_reuse.view_set[11].direction_id,11
multiview_reuse.view_set[11].direction[0],0.2958977658042103
multiview_reuse.view_set[11].direction[1],-0.15000000000000013
multiview_reuse.view_set[11].direction[2],0.9433687042678894
multiview_reuse.view_set[11].right[0],0.954164120307897
multiview_reuse.view_set[11].right[1],0.0
multiview_reuse.view_set[11].right[2],-0.2992838644448729
multiview_reuse.view_set[11].up[0],0.04489257966673098
multiview_reuse.view_set[11].up[1],0.9886859966642594
multiview_reuse.view_set[11].up[2],0.14312461804618468
multiview_reuse.view_set[12].direction_id,12
multiview_reuse.view_set[12].direction[0],-0.837737151581558
multiview_reuse.view_set[12].direction[1],-0.25
multiview_reuse.view_set[12].direction[2],-0.4854858029438326
multiview_reuse.view_set[12].right[0],-0.5014075812324265
multiview_reuse.view_set[12].right[1],0.0
multiview_reuse.view_set[12].right[2],0.86521120975323
multiview_reuse.view_set[12].up[0],-0.2163028024383075
multiview_reuse.view_set[12].up[1],0.9682458365518544
multiview_reuse.view_set[12].up[2],-0.12535189530810661
multiview_reuse.view_set[13].direction_id,13
multiview_reuse.view_set[13].direction[0],0.914900737708825
multiview_reuse.view_set[13].direction[1],-0.3500000000000001
multiview_reuse.view_set[13].direction[2],-0.2011383606869853
multiview_reuse.view_set[13].right[0],-0.21471942904125782
multiview_reuse.view_set[13].right[1],0.0
multiview_reuse.view_set[13].right[2],-0.976675773628176
multiview_reuse.view_set[13].up[0],0.3418365207698617
multiview_reuse.view_set[13].up[1],0.9367496997597596
multiview_reuse.view_set[13].up[2],-0.07515180016444026
multiview_reuse.view_set[14].direction_id,14
multiview_reuse.view_set[14].direction[0],-0.5136070030280209
multiview_reuse.view_set[14].direction[1],-0.4500000000000002
multiview_reuse.view_set[14].direction[2],0.730553109938336
multiview_reuse.view_set[14].right[0],0.8180624302199665
multiview_reuse.view_set[14].right[1],-0.0
multiview_reuse.view_set[14].right[2],0.5751294291397393
multiview_reuse.view_set[14].up[0],-0.2588082431128828
multiview_reuse.view_set[14].up[1],0.8930285549745876
multiview_reuse.view_set[14].up[2],0.3681280935989851
multiview_reuse.view_set[15].direction_id,15
multiview_reuse.view_set[15].direction[0],-0.10732758583583073
multiview_reuse.view_set[15].direction[1],-0.55
multiview_reuse.view_set[15].direction[2],-0.8282395724176986
multiview_reuse.view_set[15].right[0],-0.9917081236973845
multiview_reuse.view_set[15].right[1],0.0
multiview_reuse.view_set[15].right[2],0.12851068979899324
multiview_reuse.view_set[15].up[0],-0.0706808793894463
multiview_reuse.view_set[15].up[1],0.8351646544245032
multiview_reuse.view_set[15].up[2],-0.5454394680335615
multiview_reuse.view_set[16].direction_id,16
multiview_reuse.view_set[16].direction[0],0.5810829285140744
multiview_reuse.view_set[16].direction[1],-0.6500000000000001
multiview_reuse.view_set[16].direction[2],0.48973730732864024
multiview_reuse.view_set[16].right[0],0.6444469828838243
multiview_reuse.view_set[16].right[1],0.0
multiview_reuse.view_set[16].right[2],-0.764648995456043
multiview_reuse.view_set[16].up[0],0.4970218470464281
multiview_reuse.view_set[16].up[1],0.759934207678533
multiview_reuse.view_set[16].up[2],0.41889053887448585
multiview_reuse.view_set[17].direction_id,17
multiview_reuse.view_set[17].direction[0],-0.660872995583695
multiview_reuse.view_set[17].direction[1],-0.75
multiview_reuse.view_set[17].direction[2],0.02732917320801117
multiview_reuse.view_set[17].right[0],0.04131782619737533
multiview_reuse.view_set[17].right[1],-0.0
multiview_reuse.view_set[17].right[2],0.9991460540072826
multiview_reuse.view_set[17].up[0],-0.7493595405054619
multiview_reuse.view_set[17].up[1],0.6614378277661478
multiview_reuse.view_set[17].up[2],0.030988369648031498
multiview_reuse.view_set[18].direction_id,18
multiview_reuse.view_set[18].direction[0],0.37339906394690914
multiview_reuse.view_set[18].direction[1],-0.8500000000000001
multiview_reuse.view_set[18].direction[2],-0.3715819412236982
multiview_reuse.view_set[18].right[0],-0.7053799411794167
multiview_reuse.view_set[18].right[1],0.0
multiview_reuse.view_set[18].right[2],-0.7088294143034152
multiview_reuse.view_set[18].up[0],0.6025050021579029
multiview_reuse.view_set[18].up[1],0.5267826876426368
multiview_reuse.view_set[18].up[2],-0.5995729500025043
multiview_reuse.view_set[19].direction_id,19
multiview_reuse.view_set[19].direction[0],-0.014423274372034807
multiview_reuse.view_set[19].direction[1],-0.9500000000000002
multiview_reuse.view_set[19].direction[2],0.31191660609270017
multiview_reuse.view_set[19].right[0],0.9998847673759603
multiview_reuse.view_set[19].right[1],-0.015180644568717547
multiview_reuse.view_set[19].right[2],0.0
multiview_reuse.view_set[19].up[0],0.004735095132173959
multiview_reuse.view_set[19].up[1],0.31188066312369855
multiview_reuse.view_set[19].up[2],0.9501094836089214
multiview_reuse.chart_construction_seconds,0.6985434300731868
multiview_reuse.scene_transport_seconds_for_20_directions,0.22246543900109828
multiview_reuse.scene_state_fields[0],source_position
multiview_reuse.scene_state_fields[1],direction_id
multiview_reuse.scene_state_fields[2],transmitted_rgb
multiview_reuse.scene_state_fields[3],source_identity
multiview_reuse.detector_retraces_geometry,False
multiview_reuse.rows[0].views,1
multiview_reuse.rows[0].cached_measurement_seconds,0.0010306169278919697
multiview_reuse.rows[0].independent_transport_and_measure_seconds,0.012729611014947295
multiview_reuse.rows[0].maximum_absolute_error,1.7763568394002505e-15
multiview_reuse.rows[0].cached_cost_model_seconds,0.922039486002177
multiview_reuse.rows[0].counterfactual_rebuild_cost_seconds,0.7106973189511336
multiview_reuse.rows[0].per_extra_camera_seconds,0.0010306169278919697
multiview_reuse.rows[1].views,2
multiview_reuse.rows[1].cached_measurement_seconds,0.0015618251636624336
multiview_reuse.rows[1].independent_transport_and_measure_seconds,0.024574742885306478
multiview_reuse.rows[1].maximum_absolute_error,1.7763568394002505e-15
multiview_reuse.rows[1].cached_cost_model_seconds,0.9225706942379475
multiview_reuse.rows[1].counterfactual_rebuild_cost_seconds,1.4208952292101458
multiview_reuse.rows[1].per_extra_camera_seconds,0.0007809125818312168
multiview_reuse.rows[2].views,4
multiview_reuse.rows[2].cached_measurement_seconds,0.0028584690298885107
multiview_reuse.rows[2].independent_transport_and_measure_seconds,0.04841904481872916
multiview_reuse.rows[2].maximum_absolute_error,1.7763568394002505e-15
multiview_reuse.rows[2].cached_cost_model_seconds,0.9238673381041735
multiview_reuse.rows[2].counterfactual_rebuild_cost_seconds,2.841525277122855
multiview_reuse.rows[2].per_extra_camera_seconds,0.0007146172574721277
multiview_reuse.rows[3].views,8
multiview_reuse.rows[3].cached_measurement_seconds,0.00563267688266933
multiview_reuse.rows[3].independent_transport_and_measure_seconds,0.09481158992275596
multiview_reuse.rows[3].maximum_absolute_error,1.7763568394002505e-15
multiview_reuse.rows[3].cached_cost_model_seconds,0.9266415459569544
multiview_reuse.rows[3].counterfactual_rebuild_cost_seconds,5.682966293068603
multiview_reuse.rows[3].per_extra_camera_seconds,0.0007040846103336662
multiview_reuse.rows[4].views,20
multiview_reuse.rows[4].cached_measurement_seconds,0.014083654154092073
multiview_reuse.rows[4].independent_transport_and_measure_seconds,0.22304977593012154
multiview_reuse.rows[4].maximum_absolute_error,1.7763568394002505e-15
multiview_reuse.rows[4].cached_cost_model_seconds,0.9350925232283771
multiview_reuse.rows[4].counterfactual_rebuild_cost_seconds,14.207417694618925
multiview_reuse.rows[4].per_extra_camera_seconds,0.0007041827077046037
multiview_reuse.maximum_measurement_equivalence_error,1.7763568394002505e-15
hybrid_new_region.reserve_fraction,0.05
hybrid_new_region.reserve_anchor_count,4096
hybrid_new_region.remote_component_center[0],0.75
hybrid_new_region.remote_component_center[1],0.0
hybrid_new_region.remote_component_center[2],0.0
hybrid_new_region.pure_geodesic_detected_mass_maximum,0.0
hybrid_new_region.hybrid_detected_mass_maximum,0.08756044859084537
hybrid_new_region.historical_dynamic_source_count_maximum,272
hybrid_new_region.hybrid_first_supported_lambda,0.0
hybrid_new_region.pure_chart_first_supported_lambda,
hybrid_new_region.reserve_identity_fixed,True
hybrid_new_region.plot.lambda[0],0.04
hybrid_new_region.plot.lambda[1],0.039
hybrid_new_region.plot.lambda[2],0.038
hybrid_new_region.plot.lambda[3],0.037
hybrid_new_region.plot.lambda[4],0.036000000000000004
hybrid_new_region.plot.lambda[5],0.035
hybrid_new_region.plot.lambda[6],0.034
hybrid_new_region.plot.lambda[7],0.033
hybrid_new_region.plot.lambda[8],0.032
hybrid_new_region.plot.lambda[9],0.031
hybrid_new_region.plot.lambda[10],0.03
hybrid_new_region.plot.lambda[11],0.029
hybrid_new_region.plot.lambda[12],0.028
hybrid_new_region.plot.lambda[13],0.027
hybrid_new_region.plot.lambda[14],0.026000000000000002
hybrid_new_region.plot.lambda[15],0.025
hybrid_new_region.plot.lambda[16],0.024
hybrid_new_region.plot.lambda[17],0.023
hybrid_new_region.plot.lambda[18],0.022
hybrid_new_region.plot.lambda[19],0.021
hybrid_new_region.plot.lambda[20],0.02
hybrid_new_region.plot.lambda[21],0.019
hybrid_new_region.plot.lambda[22],0.018000000000000002
hybrid_new_region.plot.lambda[23],0.017
hybrid_new_region.plot.lambda[24],0.016
hybrid_new_region.plot.lambda[25],0.015
hybrid_new_region.plot.lambda[26],0.013999999999999999
hybrid_new_region.plot.lambda[27],0.013000000000000001
hybrid_new_region.plot.lambda[28],0.012
hybrid_new_region.plot.lambda[29],0.011
hybrid_new_region.plot.lambda[30],0.010000000000000002
hybrid_new_region.plot.lambda[31],0.009000000000000001
hybrid_new_region.plot.lambda[32],0.008
hybrid_new_region.plot.lambda[33],0.006999999999999999
hybrid_new_region.plot.lambda[34],0.005999999999999998
hybrid_new_region.plot.lambda[35],0.0049999999999999975
hybrid_new_region.plot.lambda[36],0.003999999999999997
hybrid_new_region.plot.lambda[37],0.0030000000000000027
hybrid_new_region.plot.lambda[38],0.0020000000000000018
hybrid_new_region.plot.lambda[39],0.0010000000000000009
hybrid_new_region.plot.lambda[40],0.0
hybrid_new_region.plot.lambda[41],-0.0010000000000000009
hybrid_new_region.plot.lambda[42],-0.0020000000000000018
hybrid_new_region.plot.lambda[43],-0.0030000000000000027
hybrid_new_region.plot.lambda[44],-0.003999999999999997
hybrid_new_region.plot.lambda[45],-0.0049999999999999975
hybrid_new_region.plot.lambda[46],-0.005999999999999998
hybrid_new_region.plot.lambda[47],-0.006999999999999999
hybrid_new_region.plot.lambda[48],-0.008
hybrid_new_region.plot.lambda[49],-0.009000000000000001
hybrid_new_region.plot.lambda[50],-0.010000000000000002
hybrid_new_region.plot.lambda[51],-0.011000000000000003
hybrid_new_region.plot.lambda[52],-0.012000000000000004
hybrid_new_region.plot.lambda[53],-0.012999999999999998
hybrid_new_region.plot.lambda[54],-0.013999999999999999
hybrid_new_region.plot.lambda[55],-0.015
hybrid_new_region.plot.lambda[56],-0.016
hybrid_new_region.plot.lambda[57],-0.017
hybrid_new_region.plot.lambda[58],-0.018000000000000002
hybrid_new_region.plot.lambda[59],-0.019000000000000003
hybrid_new_region.plot.lambda[60],-0.019999999999999997
hybrid_new_region.plot.lambda[61],-0.020999999999999998
hybrid_new_region.plot.lambda[62],-0.022
hybrid_new_region.plot.lambda[63],-0.023
hybrid_new_region.plot.lambda[64],-0.024
hybrid_new_region.plot.lambda[65],-0.025
hybrid_new_region.plot.lambda[66],-0.026000000000000002
hybrid_new_region.plot.lambda[67],-0.027000000000000003
hybrid_new_region.plot.lambda[68],-0.028000000000000004
hybrid_new_region.plot.lambda[69],-0.029000000000000005
hybrid_new_region.plot.lambda[70],-0.030000000000000006
hybrid_new_region.plot.lambda[71],-0.031000000000000007
hybrid_new_region.plot.lambda[72],-0.03200000000000001
hybrid_new_region.plot.lambda[73],-0.032999999999999995
hybrid_new_region.plot.lambda[74],-0.033999999999999996
hybrid_new_region.plot.lambda[75],-0.034999999999999996
hybrid_new_region.plot.lambda[76],-0.036
hybrid_new_region.plot.lambda[77],-0.037
hybrid_new_region.plot.lambda[78],-0.038
hybrid_new_region.plot.lambda[79],-0.039
hybrid_new_region.plot.lambda[80],-0.04
hybrid_new_region.plot.lambda[81],-0.041
hybrid_new_region.plot.lambda[82],-0.042
hybrid_new_region.plot.lambda[83],-0.043000000000000003
hybrid_new_region.plot.lambda[84],-0.044000000000000004
hybrid_new_region.plot.lambda[85],-0.045000000000000005
hybrid_new_region.plot.lambda[86],-0.046000000000000006
hybrid_new_region.plot.lambda[87],-0.04700000000000001
hybrid_new_region.plot.lambda[88],-0.047999999999999994
hybrid_new_region.plot.lambda[89],-0.048999999999999995
hybrid_new_region.plot.lambda[90],-0.049999999999999996
hybrid_new_region.plot.lambda[91],-0.051
hybrid_new_region.plot.lambda[92],-0.052
hybrid_new_region.plot.lambda[93],-0.053
hybrid_new_region.plot.lambda[94],-0.054
hybrid_new_region.plot.lambda[95],-0.055
hybrid_new_region.plot.lambda[96],-0.056
hybrid_new_region.plot.lambda[97],-0.057
hybrid_new_region.plot.lambda[98],-0.058
hybrid_new_region.plot.lambda[99],-0.059000000000000004
hybrid_new_region.plot.lambda[100],-0.060000000000000005
hybrid_new_region.plot.lambda[101],-0.061000000000000006
hybrid_new_region.plot.lambda[102],-0.062000000000000006
hybrid_new_region.plot.lambda[103],-0.063
hybrid_new_region.plot.lambda[104],-0.064
hybrid_new_region.plot.lambda[105],-0.065
hybrid_new_region.plot.lambda[106],-0.066
hybrid_new_region.plot.lambda[107],-0.067
hybrid_new_region.plot.lambda[108],-0.068
hybrid_new_region.plot.lambda[109],-0.069
hybrid_new_region.plot.lambda[110],-0.07
hybrid_new_region.plot.lambda[111],-0.07100000000000001
hybrid_new_region.plot.lambda[112],-0.07200000000000001
hybrid_new_region.plot.lambda[113],-0.07300000000000001
hybrid_new_region.plot.lambda[114],-0.07400000000000001
hybrid_new_region.plot.lambda[115],-0.07500000000000001
hybrid_new_region.plot.lambda[116],-0.07600000000000001
hybrid_new_region.plot.lambda[117],-0.07700000000000001
hybrid_new_region.plot.lambda[118],-0.07800000000000001
hybrid_new_region.plot.lambda[119],-0.07900000000000001
hybrid_new_region.plot.lambda[120],-0.07999999999999999
hybrid_new_region.plot.lambda[121],-0.08099999999999999
hybrid_new_region.plot.lambda[122],-0.08199999999999999
hybrid_new_region.plot.lambda[123],-0.08299999999999999
hybrid_new_region.plot.lambda[124],-0.08399999999999999
hybrid_new_region.plot.lambda[125],-0.08499999999999999
hybrid_new_region.plot.lambda[126],-0.086
hybrid_new_region.plot.lambda[127],-0.087
hybrid_new_region.plot.lambda[128],-0.088
hybrid_new_region.plot.lambda[129],-0.089
hybrid_new_region.plot.lambda[130],-0.09
hybrid_new_region.plot.pure_geodesic[0],0.0
hybrid_new_region.plot.pure_geodesic[1],0.0
hybrid_new_region.plot.pure_geodesic[2],0.0
hybrid_new_region.plot.pure_geodesic[3],0.0
hybrid_new_region.plot.pure_geodesic[4],0.0
hybrid_new_region.plot.pure_geodesic[5],0.0
hybrid_new_region.plot.pure_geodesic[6],0.0
hybrid_new_region.plot.pure_geodesic[7],0.0
hybrid_new_region.plot.pure_geodesic[8],0.0
hybrid_new_region.plot.pure_geodesic[9],0.0
hybrid_new_region.plot.pure_geodesic[10],0.0
hybrid_new_region.plot.pure_geodesic[11],0.0
hybrid_new_region.plot.pure_geodesic[12],0.0
hybrid_new_region.plot.pure_geodesic[13],0.0
hybrid_new_region.plot.pure_geodesic[14],0.0
hybrid_new_region.plot.pure_geodesic[15],0.0
hybrid_new_region.plot.pure_geodesic[16],0.0
hybrid_new_region.plot.pure_geodesic[17],0.0
hybrid_new_region.plot.pure_geodesic[18],0.0
hybrid_new_region.plot.pure_geodesic[19],0.0
hybrid_new_region.plot.pure_geodesic[20],0.0
hybrid_new_region.plot.pure_geodesic[21],0.0
hybrid_new_region.plot.pure_geodesic[22],0.0
hybrid_new_region.plot.pure_geodesic[23],0.0
hybrid_new_region.plot.pure_geodesic[24],0.0
hybrid_new_region.plot.pure_geodesic[25],0.0
hybrid_new_region.plot.pure_geodesic[26],0.0
hybrid_new_region.plot.pure_geodesic[27],0.0
hybrid_new_region.plot.pure_geodesic[28],0.0
hybrid_new_region.plot.pure_geodesic[29],0.0
hybrid_new_region.plot.pure_geodesic[30],0.0
hybrid_new_region.plot.pure_geodesic[31],0.0
hybrid_new_region.plot.pure_geodesic[32],0.0
hybrid_new_region.plot.pure_geodesic[33],0.0
hybrid_new_region.plot.pure_geodesic[34],0.0
hybrid_new_region.plot.pure_geodesic[35],0.0
hybrid_new_region.plot.pure_geodesic[36],0.0
hybrid_new_region.plot.pure_geodesic[37],0.0
hybrid_new_region.plot.pure_geodesic[38],0.0
hybrid_new_region.plot.pure_geodesic[39],0.0
hybrid_new_region.plot.pure_geodesic[40],0.0
hybrid_new_region.plot.pure_geodesic[41],0.0
hybrid_new_region.plot.pure_geodesic[42],0.0
hybrid_new_region.plot.pure_geodesic[43],0.0
hybrid_new_region.plot.pure_geodesic[44],0.0
hybrid_new_region.plot.pure_geodesic[45],0.0
hybrid_new_region.plot.pure_geodesic[46],0.0
hybrid_new_region.plot.pure_geodesic[47],0.0
hybrid_new_region.plot.pure_geodesic[48],0.0
hybrid_new_region.plot.pure_geodesic[49],0.0
hybrid_new_region.plot.pure_geodesic[50],0.0
hybrid_new_region.plot.pure_geodesic[51],0.0
hybrid_new_region.plot.pure_geodesic[52],0.0
hybrid_new_region.plot.pure_geodesic[53],0.0
hybrid_new_region.plot.pure_geodesic[54],0.0
hybrid_new_region.plot.pure_geodesic[55],0.0
hybrid_new_region.plot.pure_geodesic[56],0.0
hybrid_new_region.plot.pure_geodesic[57],0.0
hybrid_new_region.plot.pure_geodesic[58],0.0
hybrid_new_region.plot.pure_geodesic[59],0.0
hybrid_new_region.plot.pure_geodesic[60],0.0
hybrid_new_region.plot.pure_geodesic[61],0.0
hybrid_new_region.plot.pure_geodesic[62],0.0
hybrid_new_region.plot.pure_geodesic[63],0.0
hybrid_new_region.plot.pure_geodesic[64],0.0
hybrid_new_region.plot.pure_geodesic[65],0.0
hybrid_new_region.plot.pure_geodesic[66],0.0
hybrid_new_region.plot.pure_geodesic[67],0.0
hybrid_new_region.plot.pure_geodesic[68],0.0
hybrid_new_region.plot.pure_geodesic[69],0.0
hybrid_new_region.plot.pure_geodesic[70],0.0
hybrid_new_region.plot.pure_geodesic[71],0.0
hybrid_new_region.plot.pure_geodesic[72],0.0
hybrid_new_region.plot.pure_geodesic[73],0.0
hybrid_new_region.plot.pure_geodesic[74],0.0
hybrid_new_region.plot.pure_geodesic[75],0.0
hybrid_new_region.plot.pure_geodesic[76],0.0
hybrid_new_region.plot.pure_geodesic[77],0.0
hybrid_new_region.plot.pure_geodesic[78],0.0
hybrid_new_region.plot.pure_geodesic[79],0.0
hybrid_new_region.plot.pure_geodesic[80],0.0
hybrid_new_region.plot.pure_geodesic[81],0.0
hybrid_new_region.plot.pure_geodesic[82],0.0
hybrid_new_region.plot.pure_geodesic[83],0.0
hybrid_new_region.plot.pure_geodesic[84],0.0
hybrid_new_region.plot.pure_geodesic[85],0.0
hybrid_new_region.plot.pure_geodesic[86],0.0
hybrid_new_region.plot.pure_geodesic[87],0.0
hybrid_new_region.plot.pure_geodesic[88],0.0
hybrid_new_region.plot.pure_geodesic[89],0.0
hybrid_new_region.plot.pure_geodesic[90],0.0
hybrid_new_region.plot.pure_geodesic[91],0.0
hybrid_new_region.plot.pure_geodesic[92],0.0
hybrid_new_region.plot.pure_geodesic[93],0.0
hybrid_new_region.plot.pure_geodesic[94],0.0
hybrid_new_region.plot.pure_geodesic[95],0.0
hybrid_new_region.plot.pure_geodesic[96],0.0
hybrid_new_region.plot.pure_geodesic[97],0.0
hybrid_new_region.plot.pure_geodesic[98],0.0
hybrid_new_region.plot.pure_geodesic[99],0.0
hybrid_new_region.plot.pure_geodesic[100],0.0
hybrid_new_region.plot.pure_geodesic[101],0.0
hybrid_new_region.plot.pure_geodesic[102],0.0
hybrid_new_region.plot.pure_geodesic[103],0.0
hybrid_new_region.plot.pure_geodesic[104],0.0
hybrid_new_region.plot.pure_geodesic[105],0.0
hybrid_new_region.plot.pure_geodesic[106],0.0
hybrid_new_region.plot.pure_geodesic[107],0.0
hybrid_new_region.plot.pure_geodesic[108],0.0
hybrid_new_region.plot.pure_geodesic[109],0.0
hybrid_new_region.plot.pure_geodesic[110],0.0
hybrid_new_region.plot.pure_geodesic[111],0.0
hybrid_new_region.plot.pure_geodesic[112],0.0
hybrid_new_region.plot.pure_geodesic[113],0.0
hybrid_new_region.plot.pure_geodesic[114],0.0
hybrid_new_region.plot.pure_geodesic[115],0.0
hybrid_new_region.plot.pure_geodesic[116],0.0
hybrid_new_region.plot.pure_geodesic[117],0.0
hybrid_new_region.plot.pure_geodesic[118],0.0
hybrid_new_region.plot.pure_geodesic[119],0.0
hybrid_new_region.plot.pure_geodesic[120],0.0
hybrid_new_region.plot.pure_geodesic[121],0.0
hybrid_new_region.plot.pure_geodesic[122],0.0
hybrid_new_region.plot.pure_geodesic[123],0.0
hybrid_new_region.plot.pure_geodesic[124],0.0
hybrid_new_region.plot.pure_geodesic[125],0.0
hybrid_new_region.plot.pure_geodesic[126],0.0
hybrid_new_region.plot.pure_geodesic[127],0.0
hybrid_new_region.plot.pure_geodesic[128],0.0
hybrid_new_region.plot.pure_geodesic[129],0.0
hybrid_new_region.plot.pure_geodesic[130],0.0
hybrid_new_region.plot.hybrid[0],0.0
hybrid_new_region.plot.hybrid[1],0.0
hybrid_new_region.plot.hybrid[2],0.0
hybrid_new_region.plot.hybrid[3],0.0
hybrid_new_region.plot.hybrid[4],0.0
hybrid_new_region.plot.hybrid[5],0.0
hybrid_new_region.plot.hybrid[6],0.0
hybrid_new_region.plot.hybrid[7],0.0
hybrid_new_region.plot.hybrid[8],0.0
hybrid_new_region.plot.hybrid[9],0.0
hybrid_new_region.plot.hybrid[10],0.0
hybrid_new_region.plot.hybrid[11],0.0
hybrid_new_region.plot.hybrid[12],0.0
hybrid_new_region.plot.hybrid[13],0.0
hybrid_new_region.plot.hybrid[14],0.0
hybrid_new_region.plot.hybrid[15],0.0
hybrid_new_region.plot.hybrid[16],0.0
hybrid_new_region.plot.hybrid[17],0.0
hybrid_new_region.plot.hybrid[18],0.0
hybrid_new_region.plot.hybrid[19],0.0
hybrid_new_region.plot.hybrid[20],0.0
hybrid_new_region.plot.hybrid[21],0.0
hybrid_new_region.plot.hybrid[22],0.0
hybrid_new_region.plot.hybrid[23],0.0
hybrid_new_region.plot.hybrid[24],0.0
hybrid_new_region.plot.hybrid[25],0.0
hybrid_new_region.plot.hybrid[26],0.0
hybrid_new_region.plot.hybrid[27],0.0
hybrid_new_region.plot.hybrid[28],0.0
hybrid_new_region.plot.hybrid[29],0.0
hybrid_new_region.plot.hybrid[30],0.0
hybrid_new_region.plot.hybrid[31],0.0
hybrid_new_region.plot.hybrid[32],0.0
hybrid_new_region.plot.hybrid[33],0.0
hybrid_new_region.plot.hybrid[34],0.0
hybrid_new_region.plot.hybrid[35],0.0
hybrid_new_region.plot.hybrid[36],0.0
hybrid_new_region.plot.hybrid[37],0.0
hybrid_new_region.plot.hybrid[38],0.0
hybrid_new_region.plot.hybrid[39],6.565655193916674e-06
hybrid_new_region.plot.hybrid[40],0.0007468089959089814
hybrid_new_region.plot.hybrid[41],0.002725626092548025
hybrid_new_region.plot.hybrid[42],0.004541691783767176
hybrid_new_region.plot.hybrid[43],0.004809906780021801
hybrid_new_region.plot.hybrid[44],0.0037492568690829066
hybrid_new_region.plot.hybrid[45],0.003267440976810763
hybrid_new_region.plot.hybrid[46],0.005156119983751573
hybrid_new_region.plot.hybrid[47],0.009026308623532637
hybrid_new_region.plot.hybrid[48],0.013127183875783939
hybrid_new_region.plot.hybrid[49],0.016572809646550526
hybrid_new_region.plot.hybrid[50],0.018678383343101613
hybrid_new_region.plot.hybrid[51],0.019040727272488296
hybrid_new_region.plot.hybrid[52],0.017663579309462687
hybrid_new_region.plot.hybrid[53],0.014948720529211784
hybrid_new_region.plot.hybrid[54],0.011536364199582101
hybrid_new_region.plot.hybrid[55],0.008187904296625534
hybrid_new_region.plot.hybrid[56],0.0056094252365671005
hybrid_new_region.plot.hybrid[57],0.004207173966514008
hybrid_new_region.plot.hybrid[58],0.003859911018539973
hybrid_new_region.plot.hybrid[59],0.004154425915554082
hybrid_new_region.plot.hybrid[60],0.004676465579859848
hybrid_new_region.plot.hybrid[61],0.005159405484931947
hybrid_new_region.plot.hybrid[62],0.005541245392809574
hybrid_new_region.plot.hybrid[63],0.005840996327848811
hybrid_new_region.plot.hybrid[64],0.006102614072922655
hybrid_new_region.plot.hybrid[65],0.006356438985982352
hybrid_new_region.plot.hybrid[66],0.006623587128184981
hybrid_new_region.plot.hybrid[67],0.006919822165908533
hybrid_new_region.plot.hybrid[68],0.007256396214166539
hybrid_new_region.plot.hybrid[69],0.007640762108792361
hybrid_new_region.plot.hybrid[70],0.008097052735378824
hybrid_new_region.plot.hybrid[71],0.00863368466527456
hybrid_new_region.plot.hybrid[72],0.009214922200087959
hybrid_new_region.plot.hybrid[73],0.009789552648784942
hybrid_new_region.plot.hybrid[74],0.01031775842079803
hybrid_new_region.plot.hybrid[75],0.010855346153355275
hybrid_new_region.plot.hybrid[76],0.01148300392443741
hybrid_new_region.plot.hybrid[77],0.012248411401740322
hybrid_new_region.plot.hybrid[78],0.013171029227677461
hybrid_new_region.plot.hybrid[79],0.014248652811359012
hybrid_new_region.plot.hybrid[80],0.015461977223257107
hybrid_new_region.plot.hybrid[81],0.0167771731925572
hybrid_new_region.plot.hybrid[82],0.018148330559084897
hybrid_new_region.plot.hybrid[83],0.01953290219469117
hybrid_new_region.plot.hybrid[84],0.020873845435008795
hybrid_new_region.plot.hybrid[85],0.022081215075396163
hybrid_new_region.plot.hybrid[86],0.023071411962493047
hybrid_new_region.plot.hybrid[87],0.023807120123254033
hybrid_new_region.plot.hybrid[88],0.02426972548654346
hybrid_new_region.plot.hybrid[89],0.024482306077422095
hybrid_new_region.plot.hybrid[90],0.024485913462805584
hybrid_new_region.plot.hybrid[91],0.024304068756937813
hybrid_new_region.plot.hybrid[92],0.024000244214773994
hybrid_new_region.plot.hybrid[93],0.023652729486681456
hybrid_new_region.plot.hybrid[94],0.023333015157058833
hybrid_new_region.plot.hybrid[95],0.023123965143500933
hybrid_new_region.plot.hybrid[96],0.023107785358482853
hybrid_new_region.plot.hybrid[97],0.02335534415192836
hybrid_new_region.plot.hybrid[98],0.02392231881634989
hybrid_new_region.plot.hybrid[99],0.02485545649450227
hybrid_new_region.plot.hybrid[100],0.026159007287400372
hybrid_new_region.plot.hybrid[101],0.027813741962092187
hybrid_new_region.plot.hybrid[102],0.02981629266687665
hybrid_new_region.plot.hybrid[103],0.0321447550255556
hybrid_new_region.plot.hybrid[104],0.03474060593650898
hybrid_new_region.plot.hybrid[105],0.03751859152809313
hybrid_new_region.plot.hybrid[106],0.04039970002166162
hybrid_new_region.plot.hybrid[107],0.04330099906862696
hybrid_new_region.plot.hybrid[108],0.04614228159035963
hybrid_new_region.plot.hybrid[109],0.04890572489961981
hybrid_new_region.plot.hybrid[110],0.05160021892265074
hybrid_new_region.plot.hybrid[111],0.054252871361444646
hybrid_new_region.plot.hybrid[112],0.05689538036108536
hybrid_new_region.plot.hybrid[113],0.05953614747972899
hybrid_new_region.plot.hybrid[114],0.062163495892665205
hybrid_new_region.plot.hybrid[115],0.06475007171989546
hybrid_new_region.plot.hybrid[116],0.06725713074287293
hybrid_new_region.plot.hybrid[117],0.06964502948955335
hybrid_new_region.plot.hybrid[118],0.07186987639197447
hybrid_new_region.plot.hybrid[119],0.07390828609248715
hybrid_new_region.plot.hybrid[120],0.07579324926742102
hybrid_new_region.plot.hybrid[121],0.07756585380554386
hybrid_new_region.plot.hybrid[122],0.0792544613879315
hybrid_new_region.plot.hybrid[123],0.08086373699676913
hybrid_new_region.plot.hybrid[124],0.08237245046340312
hybrid_new_region.plot.hybrid[125],0.08373809568411644
hybrid_new_region.plot.hybrid[126],0.08491513417302236
hybrid_new_region.plot.hybrid[127],0.08587292810062652
hybrid_new_region.plot.hybrid[128],0.08661226861808745
hybrid_new_region.plot.hybrid[129],0.08716484291748638
hybrid_new_region.plot.hybrid[130],0.08756044859084537
hybrid_new_region.plot.historical_count[0],0
hybrid_new_region.plot.historical_count[1],0
hybrid_new_region.plot.historical_count[2],0
hybrid_new_region.plot.historical_count[3],0
hybrid_new_region.plot.historical_count[4],0
hybrid_new_region.plot.historical_count[5],0
hybrid_new_region.plot.historical_count[6],0
hybrid_new_region.plot.historical_count[7],0
hybrid_new_region.plot.historical_count[8],0
hybrid_new_region.plot.historical_count[9],0
hybrid_new_region.plot.historical_count[10],0
hybrid_new_region.plot.historical_count[11],0
hybrid_new_region.plot.historical_count[12],0
hybrid_new_region.plot.historical_count[13],0
hybrid_new_region.plot.historical_count[14],0
hybrid_new_region.plot.historical_count[15],0
hybrid_new_region.plot.historical_count[16],0
hybrid_new_region.plot.historical_count[17],0
hybrid_new_region.plot.historical_count[18],0
hybrid_new_region.plot.historical_count[19],0
hybrid_new_region.plot.historical_count[20],0
hybrid_new_region.plot.historical_count[21],0
hybrid_new_region.plot.historical_count[22],0
hybrid_new_region.plot.historical_count[23],0
hybrid_new_region.plot.historical_count[24],0
hybrid_new_region.plot.historical_count[25],0
hybrid_new_region.plot.historical_count[26],0
hybrid_new_region.plot.historical_count[27],0
hybrid_new_region.plot.historical_count[28],0
hybrid_new_region.plot.historical_count[29],0
hybrid_new_region.plot.historical_count[30],0
hybrid_new_region.plot.historical_count[31],0
hybrid_new_region.plot.historical_count[32],0
hybrid_new_region.plot.historical_count[33],0
hybrid_new_region.plot.historical_count[34],0
hybrid_new_region.plot.historical_count[35],0
hybrid_new_region.plot.historical_count[36],0
hybrid_new_region.plot.historical_count[37],0
hybrid_new_region.plot.historical_count[38],0
hybrid_new_region.plot.historical_count[39],0
hybrid_new_region.plot.historical_count[40],8
hybrid_new_region.plot.historical_count[41],8
hybrid_new_region.plot.historical_count[42],8
hybrid_new_region.plot.historical_count[43],8
hybrid_new_region.plot.historical_count[44],8
hybrid_new_region.plot.historical_count[45],8
hybrid_new_region.plot.historical_count[46],32
hybrid_new_region.plot.historical_count[47],32
hybrid_new_region.plot.historical_count[48],32
hybrid_new_region.plot.historical_count[49],32
hybrid_new_region.plot.historical_count[50],32
hybrid_new_region.plot.historical_count[51],32
hybrid_new_region.plot.historical_count[52],56
hybrid_new_region.plot.historical_count[53],56
hybrid_new_region.plot.historical_count[54],56
hybrid_new_region.plot.historical_count[55],56
hybrid_new_region.plot.historical_count[56],56
hybrid_new_region.plot.historical_count[57],56
hybrid_new_region.plot.historical_count[58],56
hybrid_new_region.plot.historical_count[59],56
hybrid_new_region.plot.historical_count[60],56
hybrid_new_region.plot.historical_count[61],56
hybrid_new_region.plot.historical_count[62],56
hybrid_new_region.plot.historical_count[63],80
hybrid_new_region.plot.historical_count[64],80
hybrid_new_region.plot.historical_count[65],80
hybrid_new_region.plot.historical_count[66],80
hybrid_new_region.plot.historical_count[67],80
hybrid_new_region.plot.historical_count[68],80
hybrid_new_region.plot.historical_count[69],128
hybrid_new_region.plot.historical_count[70],128
hybrid_new_region.plot.historical_count[71],128
hybrid_new_region.plot.historical_count[72],128
hybrid_new_region.plot.historical_count[73],128
hybrid_new_region.plot.historical_count[74],128
hybrid_new_region.plot.historical_count[75],128
hybrid_new_region.plot.historical_count[76],128
hybrid_new_region.plot.historical_count[77],128
hybrid_new_region.plot.historical_count[78],128
hybrid_new_region.plot.historical_count[79],128
hybrid_new_region.plot.historical_count[80],128
hybrid_new_region.plot.historical_count[81],128
hybrid_new_region.plot.historical_count[82],128
hybrid_new_region.plot.historical_count[83],128
hybrid_new_region.plot.historical_count[84],128
hybrid_new_region.plot.historical_count[85],136
hybrid_new_region.plot.historical_count[86],152
hybrid_new_region.plot.historical_count[87],152
hybrid_new_region.plot.historical_count[88],152
hybrid_new_region.plot.historical_count[89],152
hybrid_new_region.plot.historical_count[90],152
hybrid_new_region.plot.historical_count[91],176
hybrid_new_region.plot.historical_count[92],176
hybrid_new_region.plot.historical_count[93],176
hybrid_new_region.plot.historical_count[94],176
hybrid_new_region.plot.historical_count[95],176
hybrid_new_region.plot.historical_count[96],176
hybrid_new_region.plot.historical_count[97],224
hybrid_new_region.plot.historical_count[98],224
hybrid_new_region.plot.historical_count[99],224
hybrid_new_region.plot.historical_count[100],224
hybrid_new_region.plot.historical_count[101],224
hybrid_new_region.plot.historical_count[102],224
hybrid_new_region.plot.historical_count[103],224
hybrid_new_region.plot.historical_count[104],224
hybrid_new_region.plot.historical_count[105],224
hybrid_new_region.plot.historical_count[106],224
hybrid_new_region.plot.historical_count[107],224
hybrid_new_region.plot.historical_count[108],224
hybrid_new_region.plot.historical_count[109],224
hybrid_new_region.plot.historical_count[110],224
hybrid_new_region.plot.historical_count[111],224
hybrid_new_region.plot.historical_count[112],224
hybrid_new_region.plot.historical_count[113],224
hybrid_new_region.plot.historical_count[114],272
hybrid_new_region.plot.historical_count[115],272
hybrid_new_region.plot.historical_count[116],272
hybrid_new_region.plot.historical_count[117],272
hybrid_new_region.plot.historical_count[118],272
hybrid_new_region.plot.historical_count[119],272
hybrid_new_region.plot.historical_count[120],272
hybrid_new_region.plot.historical_count[121],272
hybrid_new_region.plot.historical_count[122],272
hybrid_new_region.plot.historical_count[123],272
hybrid_new_region.plot.historical_count[124],272
hybrid_new_region.plot.historical_count[125],272
hybrid_new_region.plot.historical_count[126],272
hybrid_new_region.plot.historical_count[127],272
hybrid_new_region.plot.historical_count[128],272
hybrid_new_region.plot.historical_count[129],272
hybrid_new_region.plot.historical_count[130],272
energy_bookkeeping.source_energy,1.0005307533840044
energy_bookkeeping.transmitted_energy,0.37794203435808366
energy_bookkeeping.absorbed_energy,0.6225887190259205
energy_bookkeeping.transmitted_not_greater_than_source,True
energy_bookkeeping.fixed_weight_energy_linearity_maximum_error,2.220446049250313e-16
energy_bookkeeping.raw_additive_superposition_error,0.0
image_fidelity.rows[0].resolution[0],256
image_fidelity.rows[0].resolution[1],256
image_fidelity.rows[0].variant,V085_HISTORICAL
image_fidelity.rows[0].whole_image_mse,0.05107925832271576
image_fidelity.rows[0].foreground_mse,0.22662024267769296
image_fidelity.rows[0].interior_gt8px_mse,0.11672785878181458
image_fidelity.rows[0].silhouette_0_8px_mse,0.1360012651190053
image_fidelity.rows[0].total_image_energy,457941.453125
image_fidelity.rows[0].foreground_mean_brightness,0.9140720200216633
image_fidelity.rows[0].edge_sharpness,0.637732660900151
image_fidelity.rows[0].reference_edge_sharpness,0.7208442552609092
image_fidelity.rows[0].edge_sharpness_ratio,0.8847024253100609
image_fidelity.rows[0].thin_feature_response_ratio,0.9115618309086251
image_fidelity.rows[1].resolution[0],256
image_fidelity.rows[1].resolution[1],256
image_fidelity.rows[1].variant,V086_VOLUME_FIXED
image_fidelity.rows[1].whole_image_mse,4.354245821634929
image_fidelity.rows[1].foreground_mse,14.539934904207426
image_fidelity.rows[1].interior_gt8px_mse,3.1560338338216147
image_fidelity.rows[1].silhouette_0_8px_mse,11.593482005315456
image_fidelity.rows[1].total_image_energy,3171890.0
image_fidelity.rows[1].foreground_mean_brightness,0.7018610738831251
image_fidelity.rows[1].edge_sharpness,0.8598057471605927
image_fidelity.rows[1].reference_edge_sharpness,0.7208442552609092
image_fidelity.rows[1].edge_sharpness_ratio,1.1927760273949695
image_fidelity.rows[1].thin_feature_response_ratio,0.40810514658549063
image_fidelity.rows[2].resolution[0],256
image_fidelity.rows[2].resolution[1],256
image_fidelity.rows[2].variant,GEO_RAW_ADDITIVE
image_fidelity.rows[2].whole_image_mse,2.590650796890259
image_fidelity.rows[2].foreground_mse,8.781352604677927
image_fidelity.rows[2].interior_gt8px_mse,2.728560129801432
image_fidelity.rows[2].silhouette_0_8px_mse,6.897779230782253
image_fidelity.rows[2].total_image_energy,1754801.125
image_fidelity.rows[2].foreground_mean_brightness,0.6488914860330705
image_fidelity.rows[2].edge_sharpness,0.7428138753467645
image_fidelity.rows[2].reference_edge_sharpness,0.7208442552609092
image_fidelity.rows[2].edge_sharpness_ratio,1.0304776238771625
image_fidelity.rows[2].thin_feature_response_ratio,0.39965545765828764
image_fidelity.rows[3].resolution[0],256
image_fidelity.rows[3].resolution[1],256
image_fidelity.rows[3].variant,GEO_AREA_CORRECTED_ADDITIVE
image_fidelity.rows[3].whole_image_mse,3.05914306640625
image_fidelity.rows[3].foreground_mse,10.394728481930294
image_fidelity.rows[3].interior_gt8px_mse,2.3680198987325034
image_fidelity.rows[3].silhouette_0_8px_mse,8.145179481319722
image_fidelity.rows[3].total_image_energy,2138233.0
image_fidelity.rows[3].foreground_mean_brightness,0.6738933217224329
image_fidelity.rows[3].edge_sharpness,0.7886814447363772
image_fidelity.rows[3].reference_edge_sharpness,0.7208442552609092
image_fidelity.rows[3].edge_sharpness_ratio,1.0941079698983165
image_fidelity.rows[3].thin_feature_response_ratio,0.4278710594419827
image_fidelity.rows[4].resolution[0],256
image_fidelity.rows[4].resolution[1],256
image_fidelity.rows[4].variant,GEO_PARTITION_OF_UNITY
image_fidelity.rows[4].whole_image_mse,1.6350972453753154
image_fidelity.rows[4].foreground_mse,5.742723441960306
image_fidelity.rows[4].interior_gt8px_mse,0.5150322516759237
image_fidelity.rows[4].silhouette_0_8px_mse,4.353566614612428
image_fidelity.rows[4].total_image_energy,1020949.140625
image_fidelity.rows[4].foreground_mean_brightness,0.6862171660623216
image_fidelity.rows[4].edge_sharpness,0.7517608619903465
image_fidelity.rows[4].reference_edge_sharpness,0.7208442552609092
image_fidelity.rows[4].edge_sharpness_ratio,1.0428894404079658
image_fidelity.rows[4].thin_feature_response_ratio,0.3847822081291196
image_fidelity.rows[5].resolution[0],256
image_fidelity.rows[5].resolution[1],256
image_fidelity.rows[5].variant,GEO_SOFT_POU
image_fidelity.rows[5].whole_image_mse,1.6278520623842876
image_fidelity.rows[5].foreground_mse,5.719033132496135
image_fidelity.rows[5].interior_gt8px_mse,0.5186403592427572
image_fidelity.rows[5].silhouette_0_8px_mse,4.334275758383694
image_fidelity.rows[5].total_image_energy,1014452.765625
image_fidelity.rows[5].foreground_mean_brightness,0.6838808712089158
image_fidelity.rows[5].edge_sharpness,0.7491349432295347
image_fidelity.rows[5].reference_edge_sharpness,0.7208442552609092
image_fidelity.rows[5].edge_sharpness_ratio,1.0392466025249596
image_fidelity.rows[5].thin_feature_response_ratio,0.3840222355608318
image_fidelity.rows[6].resolution[0],256
image_fidelity.rows[6].resolution[1],256
image_fidelity.rows[6].variant,GEO_HYBRID_RESERVE
image_fidelity.rows[6].whole_image_mse,2.8420784076054892
image_fidelity.rows[6].foreground_mse,9.701162994053865
image_fidelity.rows[6].interior_gt8px_mse,2.4047371546427407
image_fidelity.rows[6].silhouette_0_8px_mse,7.567228365750851
image_fidelity.rows[6].total_image_energy,1970162.125
image_fidelity.rows[6].foreground_mean_brightness,0.6765827829350438
image_fidelity.rows[6].edge_sharpness,0.7821774873415169
image_fidelity.rows[6].reference_edge_sharpness,0.7208442552609092
image_fidelity.rows[6].edge_sharpness_ratio,1.085085275540426
image_fidelity.rows[6].thin_feature_response_ratio,0.4250693970435118
image_fidelity.rows[7].resolution[0],512
image_fidelity.rows[7].resolution[1],512
image_fidelity.rows[7].variant,V085_HISTORICAL
image_fidelity.rows[7].whole_image_mse,0.1408291608095169
image_fidelity.rows[7].foreground_mse,1.5273356019624675
image_fidelity.rows[7].interior_gt8px_mse,0.0
image_fidelity.rows[7].silhouette_0_8px_mse,0.4397088456741783
image_fidelity.rows[7].total_image_energy,6168379.875
image_fidelity.rows[7].foreground_mean_brightness,2.2343227448171477
image_fidelity.rows[7].edge_sharpness,0.9507255003184463
image_fidelity.rows[7].reference_edge_sharpness,1.0931831941213437
image_fidelity.rows[7].edge_sharpness_ratio,0.8696854337233028
image_fidelity.rows[7].thin_feature_response_ratio,0.963687985394365
image_fidelity.rows[8].resolution[0],512
image_fidelity.rows[8].resolution[1],512
image_fidelity.rows[8].variant,V086_VOLUME_FIXED
image_fidelity.rows[8].whole_image_mse,17.985185305277508
image_fidelity.rows[8].foreground_mse,74.9548558317215
image_fidelity.rows[8].interior_gt8px_mse,0.0
image_fidelity.rows[8].silhouette_0_8px_mse,56.0928449203381
image_fidelity.rows[8].total_image_energy,50602307.0
image_fidelity.rows[8].foreground_mean_brightness,0.7732338798686746
image_fidelity.rows[8].edge_sharpness,1.0329205055860589
image_fidelity.rows[8].reference_edge_sharpness,1.0931831941213437
image_fidelity.rows[8].edge_sharpness_ratio,0.9448741172940172
image_fidelity.rows[8].thin_feature_response_ratio,0.14804925532065263
image_fidelity.rows[9].resolution[0],512
image_fidelity.rows[9].resolution[1],512
image_fidelity.rows[9].variant,GEO_RAW_ADDITIVE
image_fidelity.rows[9].whole_image_mse,10.330334345499674
image_fidelity.rows[9].foreground_mse,46.992302003496036
image_fidelity.rows[9].interior_gt8px_mse,0.0
image_fidelity.rows[9].silhouette_0_8px_mse,32.227374869479945
image_fidelity.rows[9].total_image_energy,26343686.5
image_fidelity.rows[9].foreground_mean_brightness,0.6657399452408781
image_fidelity.rows[9].edge_sharpness,0.9315604254448568
image_fidelity.rows[9].reference_edge_sharpness,1.0931831941213437
image_fidelity.rows[9].edge_sharpness_ratio,0.8521539943665227
image_fidelity.rows[9].thin_feature_response_ratio,0.1252916728006169
image_fidelity.rows[10].resolution[0],512
image_fidelity.rows[10].resolution[1],512
image_fidelity.rows[10].variant,GEO_AREA_CORRECTED_ADDITIVE
image_fidelity.rows[10].whole_image_mse,12.473119099934896
image_fidelity.rows[10].foreground_mse,52.72149129611816
image_fidelity.rows[10].interior_gt8px_mse,0.0
image_fidelity.rows[10].silhouette_0_8px_mse,38.91474559010946
image_fidelity.rows[10].total_image_energy,33200080.0
image_fidelity.rows[10].foreground_mean_brightness,0.6896092508266016
image_fidelity.rows[10].edge_sharpness,0.9761501988470173
image_fidelity.rows[10].reference_edge_sharpness,1.0931831941213437
image_fidelity.rows[10].edge_sharpness_ratio,0.892942924933645
image_fidelity.rows[10].thin_feature_response_ratio,0.13175395014502114
image_fidelity.rows[11].resolution[0],512
image_fidelity.rows[11].resolution[1],512
image_fidelity.rows[11].variant,GEO_PARTITION_OF_UNITY
image_fidelity.rows[11].whole_image_mse,6.725277105967204
image_fidelity.rows[11].foreground_mse,35.996970276821024
image_fidelity.rows[11].interior_gt8px_mse,0.0
image_fidelity.rows[11].silhouette_0_8px_mse,20.96487397618679
image_fidelity.rows[11].total_image_energy,15071959.0
image_fidelity.rows[11].foreground_mean_brightness,0.702766701833866
image_fidelity.rows[11].edge_sharpness,0.9752731020039805
image_fidelity.rows[11].reference_edge_sharpness,1.0931831941213437
image_fidelity.rows[11].edge_sharpness_ratio,0.8921405920330358
image_fidelity.rows[11].thin_feature_response_ratio,0.13250374840136492
image_fidelity.rows[12].resolution[0],512
image_fidelity.rows[12].resolution[1],512
image_fidelity.rows[12].variant,GEO_SOFT_POU
image_fidelity.rows[12].whole_image_mse,6.695114533106486
image_fidelity.rows[12].foreground_mse,35.92135045493254
image_fidelity.rows[12].interior_gt8px_mse,0.0
image_fidelity.rows[12].silhouette_0_8px_mse,20.8707625646645
image_fidelity.rows[12].total_image_energy,14973709.5
image_fidelity.rows[12].foreground_mean_brightness,0.7007804661722572
image_fidelity.rows[12].edge_sharpness,0.9719734468208505
image_fidelity.rows[12].reference_edge_sharpness,1.0931831941213437
image_fidelity.rows[12].edge_sharpness_ratio,0.8891222002384361
image_fidelity.rows[12].thin_feature_response_ratio,0.13224331202889889
image_fidelity.rows[13].resolution[0],512
image_fidelity.rows[13].resolution[1],512
image_fidelity.rows[13].variant,GEO_HYBRID_RESERVE
image_fidelity.rows[13].whole_image_mse,11.610677560170492
image_fidelity.rows[13].foreground_mse,50.31918025947877
image_fidelity.rows[13].interior_gt8px_mse,0.0
image_fidelity.rows[13].silhouette_0_8px_mse,36.22165928210992
image_fidelity.rows[13].total_image_energy,30483605.5
image_fidelity.rows[13].foreground_mean_brightness,0.6986837134924822
image_fidelity.rows[13].edge_sharpness,0.9746553242199116
image_fidelity.rows[13].reference_edge_sharpness,1.0931831941213437
image_fidelity.rows[13].edge_sharpness_ratio,0.8915754737734511
image_fidelity.rows[13].thin_feature_response_ratio,0.1343034942762105
BEST_OVERLAP_FORMULATION,AREA_CORRECTED_ADDITIVE
small_geometry_optimization.run,False
small_geometry_optimization.reason,"not run because prerequisite gates failed: SOURCE_MC_VARIANCE_ACCEPTABLE, GEOMETRY_BANDWIDTH_PRESERVED, FULL_RERENDER_FD_ACCEPTABLE"
birth_experiment_run,False
performance.k,64
performance.m,32
performance.total_latent_samples,2048
performance.active_samples,2048
performance.source_matrix_nnz,11764
performance.source_matrix_nonzero_fraction,0.089752197265625
performance.chart_construction_seconds,0.6985434300731868
performance.geodesic_walk_seconds_included_in_chart_construction,True
performance.main_render_seconds,0.20161259802989662
performance.packets_per_second,40632.38150814975
performance.interaction_evaluations_per_second,31835470.911635328
performance.detector_measurements_per_second,1420.085993391772
performance.per_extra_camera_seconds,0.0007041827077046037
performance.peak_allocated_mib,423.86181640625
performance.peak_reserved_mib,538.0
performance.cpu_peak_rss_mib,2039.38671875
performance.v086_total_anchors,32768
performance.v086_active_anchors,810
commands.formal,PYTHONPATH=src python demo.py --geodesic-source-charts --bunny-mesh data/stanford_bunny/cache/bun_zipper.ply --bunny-artifacts artifacts --bunny-figures figures --render-output render_res
commands.compile,python -m py_compile demo.py src/zlt/geodesic_source.py
commands.historical_regression,python demo.py --verify
limitations[0],"charts are algorithmic source quadrature, not physical radiance primitives"
limitations[1],reference Voronoi areas are frozen diagnostics rather than exact intrinsic Voronoi cells
limitations[2],projected walk is a fixed-step local geodesic approximation and has no cut-locus solver
limitations[3],partition-of-unity responsibilities use a frozen sparse support envelope
limitations[4],remote disconnected regions require a small fixed global reserve population
verdicts.GEODESIC_CHART_SOURCE_IMPLEMENTED,True
verdicts.GEODESIC_SOURCE_IDENTITY_FIXED,True
verdicts.GEODESIC_SOURCE_LEVELSET_SCALE_INVARIANT,True
verdicts.TANGENT_FRAME_CONTINUOUS,True
verdicts.GEODESIC_MAPPING_TOPOLOGY_STABLE,True
verdicts.GEODESIC_SAMPLING_BETTER_THAN_VOLUME,True
verdicts.GEODESIC_BETTER_THAN_TANGENT_PROJECT,True
verdicts.SOURCE_OPERATOR_SPARSE,True
verdicts.RAW_ADDITIVE_ENERGY_LINEAR,True
verdicts.RAW_ADDITIVE_DOF_DENSITY_INVARIANT,False
verdicts.AREA_CORRECTED_DOF_DENSITY_INVARIANT,True
verdicts.POU_DOF_DENSITY_INVARIANT,True
verdicts.POU_PRESERVES_LOCALITY,True
verdicts.OVERLAP_ENERGY_SEMANTICS_RESOLVED,True
verdicts.SOURCE_COVERAGE_ACCEPTABLE,True
verdicts.SOURCE_MC_VARIANCE_ACCEPTABLE,False
verdicts.CROSS_SEED_GEOMETRY_RESPONSE_STABLE,True
verdicts.GEOMETRY_SIGNAL_PRESERVED,True
verdicts.GEOMETRY_BANDWIDTH_PRESERVED,False
verdicts.THIN_FEATURE_FIDELITY_RECOVERED,False
verdicts.SOURCE_GRADIENT_FD_ACCEPTABLE,True
verdicts.FULL_RERENDER_FD_ACCEPTABLE,False
verdicts.SOURCE_TOPOLOGY_REMAINS_REMOVED,True
verdicts.DOF_BIRTH_ENERGY_STABLE,True
verdicts.HYBRID_RESERVE_NEEDED,True
verdicts.NEW_REGION_COVERAGE_SUPPORTED,True
verdicts.SCENE_TRANSPORT_REUSED_ACROSS_VIEWS,True
verdicts.MULTIVIEW_MEASUREMENT_EQUIVALENT,True
verdicts.ENERGY_BOOKKEEPING_VALID,True
verdicts.SMALL_GEOMETRY_OPTIMIZATION_READY,False
verdicts.HIGH_RES_BIRTH_READY_TO_RETEST,False
verdict_evidence.by_verdict.GEODESIC_CHART_SOURCE_IMPLEMENTED.value,True
verdict_evidence.by_verdict.GEODESIC_SOURCE_IDENTITY_FIXED.value,True
verdict_evidence.by_verdict.GEODESIC_SOURCE_LEVELSET_SCALE_INVARIANT.value,True
verdict_evidence.by_verdict.TANGENT_FRAME_CONTINUOUS.value,True
verdict_evidence.by_verdict.TANGENT_FRAME_CONTINUOUS.selected_method,PROJECTED_REFERENCE_DIRECTION
verdict_evidence.by_verdict.TANGENT_FRAME_CONTINUOUS.reference_frame_initialization,least-aligned axis used once at F0 only
verdict_evidence.by_verdict.TANGENT_FRAME_CONTINUOUS.rows[0].method,NAIVE_AXIS
verdict_evidence.by_verdict.TANGENT_FRAME_CONTINUOUS.rows[0].maximum_frame_angular_change,0.0033359294135023566
verdict_evidence.by_verdict.TANGENT_FRAME_CONTINUOUS.rows[0].median_frame_angular_change,0.0
verdict_evidence.by_verdict.TANGENT_FRAME_CONTINUOUS.rows[0].maximum_sample_position_change,0.014231663699010503
verdict_evidence.by_verdict.TANGENT_FRAME_CONTINUOUS.rows[0].median_sample_position_change,0.0
verdict_evidence.by_verdict.TANGENT_FRAME_CONTINUOUS.rows[0].position_change_per_coefficient,7.115831849505251
verdict_evidence.by_verdict.TANGENT_FRAME_CONTINUOUS.rows[0].controlled_axis_switch_maximum_jump,1.7400333147561704
verdict_evidence.by_verdict.TANGENT_FRAME_CONTINUOUS.rows[1].method,MINIMAL_ROTATION
verdict_evidence.by_verdict.TANGENT_FRAME_CONTINUOUS.rows[1].maximum_frame_angular_change,0.0031268541836511226
verdict_evidence.by_verdict.TANGENT_FRAME_CONTINUOUS.rows[1].median_frame_angular_change,0.0
verdict_evidence.by_verdict.TANGENT_FRAME_CONTINUOUS.rows[1].maximum_sample_position_change,0.014231639911252373
verdict_evidence.by_verdict.TANGENT_FRAME_CONTINUOUS.rows[1].median_sample_position_change,0.0
verdict_evidence.by_verdict.TANGENT_FRAME_CONTINUOUS.rows[1].position_change_per_coefficient,7.115819955626186
verdict_evidence.by_verdict.TANGENT_FRAME_CONTINUOUS.rows[2].method,PROJECTED_REFERENCE
verdict_evidence.by_verdict.TANGENT_FRAME_CONTINUOUS.rows[2].maximum_frame_angular_change,0.0031268458214498245
verdict_evidence.by_verdict.TANGENT_FRAME_CONTINUOUS.rows[2].median_frame_angular_change,0.0
verdict_evidence.by_verdict.TANGENT_FRAME_CONTINUOUS.rows[2].maximum_sample_position_change,0.014231626102547544
verdict_evidence.by_verdict.TANGENT_FRAME_CONTINUOUS.rows[2].median_sample_position_change,0.0
verdict_evidence.by_verdict.TANGENT_FRAME_CONTINUOUS.rows[2].position_change_per_coefficient,7.115813051273772
verdict_evidence.by_verdict.TANGENT_FRAME_CONTINUOUS.selected_maximum_frame_angular_change,0.0031268458214498245
verdict_evidence.by_verdict.TANGENT_FRAME_CONTINUOUS.selected_maximum_sample_position_change,0.014231626102547544
verdict_evidence.by_verdict.TANGENT_FRAME_CONTINUOUS.naive_control_axis_switch_jump,1.7400333147561704
verdict_evidence.by_verdict.GEODESIC_MAPPING_TOPOLOGY_STABLE.value,True
verdict_evidence.by_verdict.GEODESIC_SAMPLING_BETTER_THAN_VOLUME.value,True
verdict_evidence.by_verdict.GEODESIC_BETTER_THAN_TANGENT_PROJECT.value,True
verdict_evidence.by_verdict.SOURCE_OPERATOR_SPARSE.value,True
verdict_evidence.by_verdict.SOURCE_OPERATOR_SPARSE.shape[0],2048
verdict_evidence.by_verdict.SOURCE_OPERATOR_SPARSE.shape[1],64
verdict_evidence.by_verdict.SOURCE_OPERATOR_SPARSE.nnz,11764
verdict_evidence.by_verdict.SOURCE_OPERATOR_SPARSE.nonzero_fraction,0.089752197265625
verdict_evidence.by_verdict.SOURCE_OPERATOR_SPARSE.nnz_per_emitter_mean,5.744140625
verdict_evidence.by_verdict.SOURCE_OPERATOR_SPARSE.nnz_per_emitter_maximum,12
verdict_evidence.by_verdict.SOURCE_OPERATOR_SPARSE.nnz_per_lambda_mean,183.8125
verdict_evidence.by_verdict.SOURCE_OPERATOR_SPARSE.nnz_per_lambda_maximum,348
verdict_evidence.by_verdict.SOURCE_OPERATOR_SPARSE.coo_memory_bytes,282336
verdict_evidence.by_verdict.SOURCE_OPERATOR_SPARSE.sparse_matvecs_per_second,6436.930439347302
verdict_evidence.by_verdict.SOURCE_OPERATOR_SPARSE.dense_matrix_materialized,False
verdict_evidence.by_verdict.SOURCE_OPERATOR_SPARSE.support_frozen_with_margin,0.08
verdict_evidence.by_verdict.RAW_ADDITIVE_ENERGY_LINEAR.value,True
verdict_evidence.by_verdict.RAW_ADDITIVE_DOF_DENSITY_INVARIANT.value,False
verdict_evidence.by_verdict.AREA_CORRECTED_DOF_DENSITY_INVARIANT.value,True
verdict_evidence.by_verdict.POU_DOF_DENSITY_INVARIANT.value,True
verdict_evidence.by_verdict.POU_PRESERVES_LOCALITY.value,True
verdict_evidence.by_verdict.OVERLAP_ENERGY_SEMANTICS_RESOLVED.value,True
verdict_evidence.by_verdict.SOURCE_COVERAGE_ACCEPTABLE.value,True
verdict_evidence.by_verdict.SOURCE_MC_VARIANCE_ACCEPTABLE.value,False
verdict_evidence.by_verdict.SOURCE_MC_VARIANCE_ACCEPTABLE.rows[0].seed,101
verdict_evidence.by_verdict.SOURCE_MC_VARIANCE_ACCEPTABLE.rows[0].source_mass,9.093458026312359
verdict_evidence.by_verdict.SOURCE_MC_VARIANCE_ACCEPTABLE.rows[0].image_self_mse,0.07901288981363991
verdict_evidence.by_verdict.SOURCE_MC_VARIANCE_ACCEPTABLE.rows[0].geometry_response_norm,495.26315497750454
verdict_evidence.by_verdict.SOURCE_MC_VARIANCE_ACCEPTABLE.rows[0].geometry_response_cosine_to_mean,0.5570477228970095
verdict_evidence.by_verdict.SOURCE_MC_VARIANCE_ACCEPTABLE.rows[0].jacobian_cosine_to_mean,0.5570477228970095
verdict_evidence.by_verdict.SOURCE_MC_VARIANCE_ACCEPTABLE.rows[1].seed,211
verdict_evidence.by_verdict.SOURCE_MC_VARIANCE_ACCEPTABLE.rows[1].source_mass,9.089463187016309
verdict_evidence.by_verdict.SOURCE_MC_VARIANCE_ACCEPTABLE.rows[1].image_self_mse,0.07380964776807951
verdict_evidence.by_verdict.SOURCE_MC_VARIANCE_ACCEPTABLE.rows[1].geometry_response_norm,346.9952940758463
verdict_evidence.by_verdict.SOURCE_MC_VARIANCE_ACCEPTABLE.rows[1].geometry_response_cosine_to_mean,0.3645940039310608
verdict_evidence.by_verdict.SOURCE_MC_VARIANCE_ACCEPTABLE.rows[1].jacobian_cosine_to_mean,0.3645940039310608
verdict_evidence.by_verdict.SOURCE_MC_VARIANCE_ACCEPTABLE.rows[2].seed,307
verdict_evidence.by_verdict.SOURCE_MC_VARIANCE_ACCEPTABLE.rows[2].source_mass,9.061173973553643
verdict_evidence.by_verdict.SOURCE_MC_VARIANCE_ACCEPTABLE.rows[2].image_self_mse,0.07438965492849339
verdict_evidence.by_verdict.SOURCE_MC_VARIANCE_ACCEPTABLE.rows[2].geometry_response_norm,405.3967195983755
verdict_evidence.by_verdict.SOURCE_MC_VARIANCE_ACCEPTABLE.rows[2].geometry_response_cosine_to_mean,0.7456861946122253
verdict_evidence.by_verdict.SOURCE_MC_VARIANCE_ACCEPTABLE.rows[2].jacobian_cosine_to_mean,0.7456861946122253
verdict_evidence.by_verdict.SOURCE_MC_VARIANCE_ACCEPTABLE.rows[3].seed,401
verdict_evidence.by_verdict.SOURCE_MC_VARIANCE_ACCEPTABLE.rows[3].source_mass,9.092904934948244
verdict_evidence.by_verdict.SOURCE_MC_VARIANCE_ACCEPTABLE.rows[3].image_self_mse,0.06615411126635057
verdict_evidence.by_verdict.SOURCE_MC_VARIANCE_ACCEPTABLE.rows[3].geometry_response_norm,416.4322433576805
verdict_evidence.by_verdict.SOURCE_MC_VARIANCE_ACCEPTABLE.rows[3].geometry_response_cosine_to_mean,0.5120809315021427
verdict_evidence.by_verdict.SOURCE_MC_VARIANCE_ACCEPTABLE.rows[3].jacobian_cosine_to_mean,0.5120809315021427
verdict_evidence.by_verdict.SOURCE_MC_VARIANCE_ACCEPTABLE.rows[4].seed,503
verdict_evidence.by_verdict.SOURCE_MC_VARIANCE_ACCEPTABLE.rows[4].source_mass,9.088443930900876
verdict_evidence.by_verdict.SOURCE_MC_VARIANCE_ACCEPTABLE.rows[4].image_self_mse,0.06699638224562798
verdict_evidence.by_verdict.SOURCE_MC_VARIANCE_ACCEPTABLE.rows[4].geometry_response_norm,344.2433537424398
verdict_evidence.by_verdict.SOURCE_MC_VARIANCE_ACCEPTABLE.rows[4].geometry_response_cosine_to_mean,0.5304530214083115
verdict_evidence.by_verdict.SOURCE_MC_VARIANCE_ACCEPTABLE.rows[4].jacobian_cosine_to_mean,0.5304530214083115
verdict_evidence.by_verdict.SOURCE_MC_VARIANCE_ACCEPTABLE.rows[5].seed,601
verdict_evidence.by_verdict.SOURCE_MC_VARIANCE_ACCEPTABLE.rows[5].source_mass,9.114009241203465
verdict_evidence.by_verdict.SOURCE_MC_VARIANCE_ACCEPTABLE.rows[5].image_self_mse,0.06981473552706823
verdict_evidence.by_verdict.SOURCE_MC_VARIANCE_ACCEPTABLE.rows[5].geometry_response_norm,306.8478236001997
verdict_evidence.by_verdict.SOURCE_MC_VARIANCE_ACCEPTABLE.rows[5].geometry_response_cosine_to_mean,0.5171429283507666
verdict_evidence.by_verdict.SOURCE_MC_VARIANCE_ACCEPTABLE.rows[5].jacobian_cosine_to_mean,0.5171429283507666
verdict_evidence.by_verdict.SOURCE_MC_VARIANCE_ACCEPTABLE.rows[6].seed,701
verdict_evidence.by_verdict.SOURCE_MC_VARIANCE_ACCEPTABLE.rows[6].source_mass,9.095062258791199
verdict_evidence.by_verdict.SOURCE_MC_VARIANCE_ACCEPTABLE.rows[6].image_self_mse,0.07736783834170671
verdict_evidence.by_verdict.SOURCE_MC_VARIANCE_ACCEPTABLE.rows[6].geometry_response_norm,529.7015559485583
verdict_evidence.by_verdict.SOURCE_MC_VARIANCE_ACCEPTABLE.rows[6].geometry_response_cosine_to_mean,0.5617161348147067
verdict_evidence.by_verdict.SOURCE_MC_VARIANCE_ACCEPTABLE.rows[6].jacobian_cosine_to_mean,0.5617161348147067
verdict_evidence.by_verdict.SOURCE_MC_VARIANCE_ACCEPTABLE.rows[7].seed,809
verdict_evidence.by_verdict.SOURCE_MC_VARIANCE_ACCEPTABLE.rows[7].source_mass,9.100739816393906
verdict_evidence.by_verdict.SOURCE_MC_VARIANCE_ACCEPTABLE.rows[7].image_self_mse,0.07639187538991263
verdict_evidence.by_verdict.SOURCE_MC_VARIANCE_ACCEPTABLE.rows[7].geometry_response_norm,336.856770943618
verdict_evidence.by_verdict.SOURCE_MC_VARIANCE_ACCEPTABLE.rows[7].geometry_response_cosine_to_mean,0.38912665975431093
verdict_evidence.by_verdict.SOURCE_MC_VARIANCE_ACCEPTABLE.rows[7].jacobian_cosine_to_mean,0.38912665975431093
verdict_evidence.by_verdict.SOURCE_MC_VARIANCE_ACCEPTABLE.seeds[0],101
verdict_evidence.by_verdict.SOURCE_MC_VARIANCE_ACCEPTABLE.seeds[1],211
verdict_evidence.by_verdict.SOURCE_MC_VARIANCE_ACCEPTABLE.seeds[2],307
verdict_evidence.by_verdict.SOURCE_MC_VARIANCE_ACCEPTABLE.seeds[3],401
verdict_evidence.by_verdict.SOURCE_MC_VARIANCE_ACCEPTABLE.seeds[4],503
verdict_evidence.by_verdict.SOURCE_MC_VARIANCE_ACCEPTABLE.seeds[5],601
verdict_evidence.by_verdict.SOURCE_MC_VARIANCE_ACCEPTABLE.seeds[6],701
verdict_evidence.by_verdict.SOURCE_MC_VARIANCE_ACCEPTABLE.seeds[7],809
verdict_evidence.by_verdict.SOURCE_MC_VARIANCE_ACCEPTABLE.source_mass_cv,0.0015271938160283328
verdict_evidence.by_verdict.SOURCE_MC_VARIANCE_ACCEPTABLE.mean_image_self_mse,0.07299214191010986
verdict_evidence.by_verdict.SOURCE_MC_VARIANCE_ACCEPTABLE.geometry_response_norm_cv,0.18802586936933205
verdict_evidence.by_verdict.SOURCE_MC_VARIANCE_ACCEPTABLE.median_geometry_response_cosine,0.523797974879539
verdict_evidence.by_verdict.SOURCE_MC_VARIANCE_ACCEPTABLE.median_jacobian_cosine,0.523797974879539
verdict_evidence.by_verdict.SOURCE_MC_VARIANCE_ACCEPTABLE.v086_median_geometry_response_cosine,-0.008242108913674691
verdict_evidence.by_verdict.CROSS_SEED_GEOMETRY_RESPONSE_STABLE.value,True
verdict_evidence.by_verdict.GEOMETRY_SIGNAL_PRESERVED.value,True
verdict_evidence.by_verdict.GEOMETRY_BANDWIDTH_PRESERVED.value,False
verdict_evidence.by_verdict.GEOMETRY_BANDWIDTH_PRESERVED.resolution[0],256
verdict_evidence.by_verdict.GEOMETRY_BANDWIDTH_PRESERVED.resolution[1],256
verdict_evidence.by_verdict.GEOMETRY_BANDWIDTH_PRESERVED.variant,GEO_AREA_CORRECTED_ADDITIVE
verdict_evidence.by_verdict.GEOMETRY_BANDWIDTH_PRESERVED.whole_image_mse,3.05914306640625
verdict_evidence.by_verdict.GEOMETRY_BANDWIDTH_PRESERVED.foreground_mse,10.394728481930294
verdict_evidence.by_verdict.GEOMETRY_BANDWIDTH_PRESERVED.interior_gt8px_mse,2.3680198987325034
verdict_evidence.by_verdict.GEOMETRY_BANDWIDTH_PRESERVED.silhouette_0_8px_mse,8.145179481319722
verdict_evidence.by_verdict.GEOMETRY_BANDWIDTH_PRESERVED.total_image_energy,2138233.0
verdict_evidence.by_verdict.GEOMETRY_BANDWIDTH_PRESERVED.foreground_mean_brightness,0.6738933217224329
verdict_evidence.by_verdict.GEOMETRY_BANDWIDTH_PRESERVED.edge_sharpness,0.7886814447363772
verdict_evidence.by_verdict.GEOMETRY_BANDWIDTH_PRESERVED.reference_edge_sharpness,0.7208442552609092
verdict_evidence.by_verdict.GEOMETRY_BANDWIDTH_PRESERVED.edge_sharpness_ratio,1.0941079698983165
verdict_evidence.by_verdict.GEOMETRY_BANDWIDTH_PRESERVED.thin_feature_response_ratio,0.4278710594419827
verdict_evidence.by_verdict.THIN_FEATURE_FIDELITY_RECOVERED.value,False
verdict_evidence.by_verdict.SOURCE_GRADIENT_FD_ACCEPTABLE.value,True
verdict_evidence.by_verdict.FULL_RERENDER_FD_ACCEPTABLE.value,False
verdict_evidence.by_verdict.FULL_RERENDER_FD_ACCEPTABLE.median_error,0.0019833261872942436
verdict_evidence.by_verdict.FULL_RERENDER_FD_ACCEPTABLE.maximum_error,0.04878242320390195
verdict_evidence.by_verdict.FULL_RERENDER_FD_ACCEPTABLE.median_cosine,0.9999981500520543
verdict_evidence.by_verdict.FULL_RERENDER_FD_ACCEPTABLE.minimum_cosine,0.9991894885957799
verdict_evidence.by_verdict.SOURCE_TOPOLOGY_REMAINS_REMOVED.value,True
verdict_evidence.by_verdict.DOF_BIRTH_ENERGY_STABLE.value,True
verdict_evidence.by_verdict.DOF_BIRTH_ENERGY_STABLE.formulation,AREA_CORRECTED_ADDITIVE
verdict_evidence.by_verdict.DOF_BIRTH_ENERGY_STABLE.before_k,64
verdict_evidence.by_verdict.DOF_BIRTH_ENERGY_STABLE.after_k,65
verdict_evidence.by_verdict.DOF_BIRTH_ENERGY_STABLE.relative_source_mass_jump,0.0001133491245144796
verdict_evidence.by_verdict.DOF_BIRTH_ENERGY_STABLE.relative_image_norm_jump,0.036305156667173245
verdict_evidence.by_verdict.DOF_BIRTH_ENERGY_STABLE.relative_brightness_jump,0.0025637758965859625
verdict_evidence.by_verdict.DOF_BIRTH_ENERGY_STABLE.local_redistribution_only,True
verdict_evidence.by_verdict.HYBRID_RESERVE_NEEDED.value,True
verdict_evidence.by_verdict.NEW_REGION_COVERAGE_SUPPORTED.value,True
verdict_evidence.by_verdict.SCENE_TRANSPORT_REUSED_ACROSS_VIEWS.value,True
verdict_evidence.by_verdict.MULTIVIEW_MEASUREMENT_EQUIVALENT.value,True
verdict_evidence.by_verdict.ENERGY_BOOKKEEPING_VALID.value,True
verdict_evidence.by_verdict.SMALL_GEOMETRY_OPTIMIZATION_READY.value,False
verdict_evidence.by_verdict.HIGH_RES_BIRTH_READY_TO_RETEST.value,False
verdict_evidence.optimization_prerequisites[0],GEODESIC_SOURCE_IDENTITY_FIXED
verdict_evidence.optimization_prerequisites[1],TANGENT_FRAME_CONTINUOUS
verdict_evidence.optimization_prerequisites[2],GEODESIC_MAPPING_TOPOLOGY_STABLE
verdict_evidence.optimization_prerequisites[3],SOURCE_DOF_DENSITY_INVARIANT
verdict_evidence.optimization_prerequisites[4],SOURCE_MC_VARIANCE_ACCEPTABLE
verdict_evidence.optimization_prerequisites[5],GEOMETRY_BANDWIDTH_PRESERVED
verdict_evidence.optimization_prerequisites[6],SOURCE_GRADIENT_FD_ACCEPTABLE
verdict_evidence.optimization_prerequisites[7],FULL_RERENDER_FD_ACCEPTABLE
verdict_evidence.optimization_prerequisites[8],SCENE_TRANSPORT_REUSED_ACROSS_VIEWS
verdict_evidence.optimization_failed_prerequisites[0],SOURCE_MC_VARIANCE_ACCEPTABLE
verdict_evidence.optimization_failed_prerequisites[1],GEOMETRY_BANDWIDTH_PRESERVED
verdict_evidence.optimization_failed_prerequisites[2],FULL_RERENDER_FD_ACCEPTABLE
verdict_evidence.v086_response_cosine,-0.008242108913674691
verdict_evidence.v086_thin_feature_ratio_256,0.40597995873752735
verdict_evidence.v086_thin_feature_ratio_512,0.1479860283289021
PRIMARY_SOURCE,UNRESOLVED
runtime_seconds,62.55199866904877
figures[0],figures/v087_geodesic_chart_concept.png
figures[1],figures/v087_chart_sampling_on_surface.png
figures[2],figures/v087_geodesic_vs_tangent_projection.png
figures[3],figures/v087_tangent_frame_continuity.png
figures[4],figures/v087_sparse_source_matrix.png
figures[5],figures/v087_kernel_overlap_semantics.png
figures[6],figures/v087_raw_vs_area_vs_pou.png
figures[7],figures/v087_dof_density_brightness.png
figures[8],figures/v087_chart_birth_energy_jump.png
figures[9],figures/v087_surface_coverage.png
figures[10],figures/v087_thin_feature_comparison.png
figures[11],figures/v087_curvature_geodesic_benefit.png
figures[12],figures/v087_multiseed_gradient_cosine.png
figures[13],figures/v087_sample_count_convergence.png
figures[14],figures/v087_full_fd.png
figures[15],figures/v087_jacobian_sparsity.png
figures[16],figures/v087_multiview_reuse.png
figures[17],figures/v087_hybrid_new_region.png
figures[18],figures/v087_rgb_comparison.png
render_comparison,render_res/v087_geodesic_source_rgb_comparison.png
artifacts.json,artifacts/v087_geodesic_source_charts.json
artifacts.csv,artifacts/v087_geodesic_source_charts.csv
