metric,value
branch,GLOBE
protocol.damping,1e-07
protocol.coefficient_limit,0.03
protocol.optimization_steps,1
protocol.line_search[0],1.0
protocol.line_search[1],0.5
protocol.line_search[2],0.25
protocol.line_search[3],0.125
protocol.maximum_accepted_births,32
protocol.maximum_consecutive_no_gain,3
protocol.flattening_window,5
protocol.flattening_relative_gain,0.0002
protocol.minimum_births_before_flattening,8
protocol.candidate_bank,32
protocol.solo_per_stratum,2
protocol.candidate_rank_spearman_gate,0.2
protocol.relative_gain_floor,1e-07
protocol.geometry_relative_gain_floor,0.001
protocol.source_coverage_subset,65536
protocol.geometry_samples,16384
protocol.initial_preallocated_dof,0
protocol.support_rule,"Two levels: first half radius .45, second half .45/sqrt(2). Independent of residual."
protocol.optimizer,"Damped Gauss-Newton with exact accumulated CURRENT image Gram, coefficient box projection, deterministic four-trial backtracking"
protocol.scoring,"Full 16M source, four Full-HD views; exact image-space column norms, no stochastic norm sketch"
protocol.evaluation_subset,"Two top, two middle, two low non-null, two seeded random. Largest initial bounded comparison budget; overlap deduplicated and disclosed."
protocol.smoke_use,FD and runtime only; never headline predicted-vs-actual or birth verdicts.
operator.operator,v0817_CURRENT_fixed_measure_C3
operator.h,0.02455721885871518
operator.epsilon,0.02455721885871518
operator.path_step,0.01227860942935759
operator.eta,9.787458785644276e-07
operator.kappa,4.605170185988091
operator.launch,1.05
operator.micro,1
operator.ambient,0.35
operator.gate_width,0.05
operator.gain,1.5
operator.extent,2.8
operator.capture,4
operator.resolution[0],1080
operator.resolution[1],1920
operator.views,4
operator.count,16777216
operator.mass,1.0034377352493191
operator.seed,101
operator.base_grid_digest,c262097d30d246d7437b6ae3736508e68189236e524ef0748013219b3f7859ca
operator.source_dtype,float64
operator.transport_dtype,float64
operator.detector_dtype,float32
operator.precision_note,As v0817; float64 detector in bounded FD diagnostics only.
target_digest,5701b51c2733f9b1e819667378c06f5aa6fbe697821dd4db02d5d97c0b6351bd
initial_preallocated_dof,0
source.signature.config_digest,62ca4976cb787bbdbc3fd85b82677cf3aaa45a383158d798e34cfdd3b30c3861
source.signature.field_digest,11162da077d54597700e705723b34acb147f47c44095818ea0b0ecb554a3fc55
source.signature.count,16777216
source.signature.seed,101
source.signature.operator_version,v0817_CURRENT_fixed_measure_C3
source.signature.shape[0],16777216
source.signature.shape[1],3
source.signature.dtype,float64
source.signature.branch,GLOBE
source.definition,"Analytic radius=1 sphere uniform area, Sobol seed 101; fixed normal-line pushforward under lambda."
source.attempted_proposals,16777216
source.source_seconds,0.595673134084791
source.position_digest,e9a0305b3ed0de34bf755a1f588cd96b3f0913d79827dc0c89908e88e8dfbd53
source.normal_digest,916de930cb1dcacb76f575242237a792dea30816a89acec90cc623ae8c34248b
source.weight_digest,e8a23943d73928dce091768b7789dedd1390b88a2ee2ef22b4e84ad52b924711
source.source_mass,1.0034377352493205
derivative_validation.branch,GLOBE
derivative_validation.stage,PREFLIGHT_ONLY
derivative_validation.resolution[0],128
derivative_validation.resolution[1],128
derivative_validation.samples,1024
derivative_validation.source_ids[0],0
derivative_validation.source_ids[1],461
derivative_validation.source_ids[2],550
derivative_validation.source_ids[3],61
derivative_validation.source_ids[4],811
derivative_validation.source_ids[5],976
derivative_validation.source_ids[6],563
derivative_validation.source_ids[7],867
derivative_validation.source_ids[8],554
derivative_validation.source_ids[9],457
derivative_validation.source_ids[10],202
derivative_validation.source_ids[11],684
derivative_validation.source_ids[12],862
derivative_validation.source_ids[13],488
derivative_validation.source_ids[14],621
derivative_validation.source_ids[15],415
derivative_validation.rows[0].candidate,2
derivative_validation.rows[0].rank,high
derivative_validation.rows[0].center[0],0.07950606439056712
derivative_validation.rows[0].center[1],0.2594421307262599
derivative_validation.rows[0].center[2],0.9624804239720106
derivative_validation.rows[0].radius,0.45
derivative_validation.rows[0].analytic_norm,375.2827690750809
derivative_validation.rows[0].passed,True
derivative_validation.rows[0].epsilons[0].epsilon,0.001
derivative_validation.rows[0].epsilons[0].relative_l2,0.00022226657379281165
derivative_validation.rows[0].epsilons[0].cosine,0.9999999860993838
derivative_validation.rows[0].epsilons[0].norm_ratio,0.9998530126585264
derivative_validation.rows[0].epsilons[0].sign_agreement,1.0
derivative_validation.rows[0].epsilons[1].epsilon,0.0001
derivative_validation.rows[0].epsilons[1].relative_l2,2.2288570006547525e-06
derivative_validation.rows[0].epsilons[1].cosine,0.9999999999986326
derivative_validation.rows[0].epsilons[1].norm_ratio,0.9999985054789318
derivative_validation.rows[0].epsilons[1].sign_agreement,1.0
derivative_validation.rows[0].epsilons[2].epsilon,1e-05
derivative_validation.rows[0].epsilons[2].relative_l2,2.2301414162936643e-08
derivative_validation.rows[0].epsilons[2].cosine,1.0000000000000007
derivative_validation.rows[0].epsilons[2].norm_ratio,0.9999999850342634
derivative_validation.rows[0].epsilons[2].sign_agreement,1.0
derivative_validation.rows[0].epsilons[3].epsilon,1e-06
derivative_validation.rows[0].epsilons[3].relative_l2,8.668431843173686e-10
derivative_validation.rows[0].epsilons[3].cosine,0.9999999999999996
derivative_validation.rows[0].epsilons[3].norm_ratio,0.9999999999331078
derivative_validation.rows[0].epsilons[3].sign_agreement,1.0
derivative_validation.rows[1].candidate,3
derivative_validation.rows[1].rank,medium
derivative_validation.rows[1].center[0],0.6339275547900477
derivative_validation.rows[1].center[1],-0.7646548383665751
derivative_validation.rows[1].center[2],0.11592598259449005
derivative_validation.rows[1].radius,0.45
derivative_validation.rows[1].analytic_norm,248.36474724253927
derivative_validation.rows[1].passed,True
derivative_validation.rows[1].epsilons[0].epsilon,0.001
derivative_validation.rows[1].epsilons[0].relative_l2,0.00016190020591574626
derivative_validation.rows[1].epsilons[0].cosine,0.9999999902049741
derivative_validation.rows[1].epsilons[0].norm_ratio,0.99991861686696
derivative_validation.rows[1].epsilons[0].sign_agreement,1.0
derivative_validation.rows[1].epsilons[1].epsilon,0.0001
derivative_validation.rows[1].epsilons[1].relative_l2,1.6167124020568918e-06
derivative_validation.rows[1].epsilons[1].cosine,0.9999999999990271
derivative_validation.rows[1].epsilons[1].norm_ratio,0.9999991852305176
derivative_validation.rows[1].epsilons[1].sign_agreement,1.0
derivative_validation.rows[1].epsilons[2].epsilon,1e-05
derivative_validation.rows[1].epsilons[2].relative_l2,1.6170026304849342e-08
derivative_validation.rows[1].epsilons[2].cosine,0.9999999999999994
derivative_validation.rows[1].epsilons[2].norm_ratio,0.9999999918420537
derivative_validation.rows[1].epsilons[2].sign_agreement,1.0
derivative_validation.rows[1].epsilons[3].epsilon,1e-06
derivative_validation.rows[1].epsilons[3].relative_l2,1.5063543132857658e-09
derivative_validation.rows[1].epsilons[3].cosine,0.9999999999999992
derivative_validation.rows[1].epsilons[3].norm_ratio,1.0000000000758102
derivative_validation.rows[1].epsilons[3].sign_agreement,1.0
derivative_validation.rows[2].candidate,12
derivative_validation.rows[2].rank,weak
derivative_validation.rows[2].center[0],-0.7181407844077461
derivative_validation.rows[2].center[1],0.2468662221173068
derivative_validation.rows[2].center[2],0.6506388261914253
derivative_validation.rows[2].radius,0.31819805153394637
derivative_validation.rows[2].analytic_norm,25.95536943494148
derivative_validation.rows[2].passed,True
derivative_validation.rows[2].epsilons[0].epsilon,0.001
derivative_validation.rows[2].epsilons[0].relative_l2,1.3094417213501969e-05
derivative_validation.rows[2].epsilons[0].cosine,0.9999999999184485
derivative_validation.rows[2].epsilons[0].norm_ratio,0.999997107455693
derivative_validation.rows[2].epsilons[0].sign_agreement,1.0
derivative_validation.rows[2].epsilons[1].epsilon,0.0001
derivative_validation.rows[2].epsilons[1].relative_l2,1.3096265513936556e-07
derivative_validation.rows[2].epsilons[1].cosine,0.9999999999999909
derivative_validation.rows[2].epsilons[1].norm_ratio,0.9999999710811531
derivative_validation.rows[2].epsilons[1].sign_agreement,1.0
derivative_validation.rows[2].epsilons[2].epsilon,1e-05
derivative_validation.rows[2].epsilons[2].relative_l2,1.4942502757405338e-09
derivative_validation.rows[2].epsilons[2].cosine,1.0000000000000009
derivative_validation.rows[2].epsilons[2].norm_ratio,0.9999999997332769
derivative_validation.rows[2].epsilons[2].sign_agreement,1.0
derivative_validation.rows[2].epsilons[3].epsilon,1e-06
derivative_validation.rows[2].epsilons[3].relative_l2,6.961983248438472e-09
derivative_validation.rows[2].epsilons[3].cosine,0.9999999999999993
derivative_validation.rows[2].epsilons[3].norm_ratio,1.000000001246476
derivative_validation.rows[2].epsilons[3].sign_agreement,1.0
derivative_validation.passed,True
derivative_validation.analytic_method,Compact-support implicit attachment tangent + exact CURRENT barrier chain rule + algebraically identical C3 detector tangent
derivative_validation.precision,"float64 FD diagnostic, matching v0817 validation policy; primary renders remain float32 detector accumulation"
derivative_validation.performance.alignment[0],0.0
derivative_validation.performance.alignment[1],0.0
derivative_validation.performance.alignment[2],0.0
derivative_validation.performance.alignment[3],0.0
derivative_validation.performance.alignment[4],0.0
derivative_validation.performance.alignment[5],0.0
derivative_validation.performance.alignment[6],0.0
derivative_validation.performance.alignment[7],0.0
derivative_validation.performance.alignment[8],0.0
derivative_validation.performance.alignment[9],0.0
derivative_validation.performance.alignment[10],0.0
derivative_validation.performance.alignment[11],0.0
derivative_validation.performance.alignment[12],0.0
derivative_validation.performance.alignment[13],0.0
derivative_validation.performance.alignment[14],0.0
derivative_validation.performance.alignment[15],0.0
derivative_validation.performance.raw[0],0.0
derivative_validation.performance.raw[1],0.0
derivative_validation.performance.raw[2],0.0
derivative_validation.performance.raw[3],0.0
derivative_validation.performance.raw[4],0.0
derivative_validation.performance.raw[5],0.0
derivative_validation.performance.raw[6],0.0
derivative_validation.performance.raw[7],0.0
derivative_validation.performance.raw[8],0.0
derivative_validation.performance.raw[9],0.0
derivative_validation.performance.raw[10],0.0
derivative_validation.performance.raw[11],0.0
derivative_validation.performance.raw[12],0.0
derivative_validation.performance.raw[13],0.0
derivative_validation.performance.raw[14],0.0
derivative_validation.performance.raw[15],0.0
derivative_validation.performance.norm2[0],0.28317265583770446
derivative_validation.performance.norm2[1],0.23599688433470228
derivative_validation.performance.norm2[2],0.7163348224113999
derivative_validation.performance.norm2[3],0.3137463769167612
derivative_validation.performance.norm2[4],0.2541775057141321
derivative_validation.performance.norm2[5],0.540358611033615
derivative_validation.performance.norm2[6],0.5634990805182236
derivative_validation.performance.norm2[7],0.5505656568357956
derivative_validation.performance.norm2[8],0.6016368085414525
derivative_validation.performance.norm2[9],0.10715181344017727
derivative_validation.performance.norm2[10],0.33847804607402604
derivative_validation.performance.norm2[11],0.6131511187760185
derivative_validation.performance.norm2[12],0.003426519788128123
derivative_validation.performance.norm2[13],0.2654867950460564
derivative_validation.performance.norm2[14],0.14865597144234438
derivative_validation.performance.norm2[15],0.6371068508148077
derivative_validation.performance.quadratic[0],0.0
derivative_validation.performance.quadratic[1],0.0
derivative_validation.performance.quadratic[2],0.0
derivative_validation.performance.quadratic[3],0.0
derivative_validation.performance.quadratic[4],0.0
derivative_validation.performance.quadratic[5],0.0
derivative_validation.performance.quadratic[6],0.0
derivative_validation.performance.quadratic[7],0.0
derivative_validation.performance.quadratic[8],0.0
derivative_validation.performance.quadratic[9],0.0
derivative_validation.performance.quadratic[10],0.0
derivative_validation.performance.quadratic[11],0.0
derivative_validation.performance.quadratic[12],0.0
derivative_validation.performance.quadratic[13],0.0
derivative_validation.performance.quadratic[14],0.0
derivative_validation.performance.quadratic[15],0.0
derivative_validation.performance.jacobian_norm[0],0.532139695792096
derivative_validation.performance.jacobian_norm[1],0.48579510530130116
derivative_validation.performance.jacobian_norm[2],0.8463656552645552
derivative_validation.performance.jacobian_norm[3],0.5601306784284906
derivative_validation.performance.jacobian_norm[4],0.5041601984628815
derivative_validation.performance.jacobian_norm[5],0.7350908862403445
derivative_validation.performance.jacobian_norm[6],0.7506657581895044
derivative_validation.performance.jacobian_norm[7],0.7420011164653296
derivative_validation.performance.jacobian_norm[8],0.775652505018486
derivative_validation.performance.jacobian_norm[9],0.3273405160382339
derivative_validation.performance.jacobian_norm[10],0.5817886610050302
derivative_validation.performance.jacobian_norm[11],0.7830396661574804
derivative_validation.performance.jacobian_norm[12],0.058536482539764234
derivative_validation.performance.jacobian_norm[13],0.5152541072578232
derivative_validation.performance.jacobian_norm[14],0.3855592969211667
derivative_validation.performance.jacobian_norm[15],0.7981897335939668
derivative_validation.performance.gram[0][0],0.28317265583770446
derivative_validation.performance.gram[0][1],0.0
derivative_validation.performance.gram[0][2],0.0
derivative_validation.performance.gram[0][3],0.0
derivative_validation.performance.gram[0][4],0.0
derivative_validation.performance.gram[0][5],0.0
derivative_validation.performance.gram[0][6],0.0
derivative_validation.performance.gram[0][7],0.0
derivative_validation.performance.gram[0][8],-5.1483014170427935e-08
derivative_validation.performance.gram[0][9],0.0
derivative_validation.performance.gram[0][10],0.0
derivative_validation.performance.gram[0][11],0.0
derivative_validation.performance.gram[0][12],0.0
derivative_validation.performance.gram[0][13],0.0
derivative_validation.performance.gram[0][14],0.0
derivative_validation.performance.gram[0][15],-3.6740961122814425e-07
derivative_validation.performance.gram[1][0],0.0
derivative_validation.performance.gram[1][1],0.23599688433470228
derivative_validation.performance.gram[1][2],0.0
derivative_validation.performance.gram[1][3],0.0
derivative_validation.performance.gram[1][4],0.0
derivative_validation.performance.gram[1][5],0.0
derivative_validation.performance.gram[1][6],0.0
derivative_validation.performance.gram[1][7],8.297803367742856e-09
derivative_validation.performance.gram[1][8],0.0
derivative_validation.performance.gram[1][9],0.0
derivative_validation.performance.gram[1][10],0.0
derivative_validation.performance.gram[1][11],0.0
derivative_validation.performance.gram[1][12],0.0
derivative_validation.performance.gram[1][13],0.0
derivative_validation.performance.gram[1][14],-1.7066549973067726e-10
derivative_validation.performance.gram[1][15],0.0
derivative_validation.performance.gram[2][0],0.0
derivative_validation.performance.gram[2][1],0.0
derivative_validation.performance.gram[2][2],0.7163348224113999
derivative_validation.performance.gram[2][3],0.0
derivative_validation.performance.gram[2][4],0.0
derivative_validation.performance.gram[2][5],0.0
derivative_validation.performance.gram[2][6],0.0
derivative_validation.performance.gram[2][7],0.0
derivative_validation.performance.gram[2][8],0.0
derivative_validation.performance.gram[2][9],0.0
derivative_validation.performance.gram[2][10],0.0
derivative_validation.performance.gram[2][11],0.0
derivative_validation.performance.gram[2][12],0.0
derivative_validation.performance.gram[2][13],0.0
derivative_validation.performance.gram[2][14],0.0
derivative_validation.performance.gram[2][15],0.0
derivative_validation.performance.gram[3][0],0.0
derivative_validation.performance.gram[3][1],0.0
derivative_validation.performance.gram[3][2],0.0
derivative_validation.performance.gram[3][3],0.3137463769167612
derivative_validation.performance.gram[3][4],0.0
derivative_validation.performance.gram[3][5],0.0
derivative_validation.performance.gram[3][6],-3.2038491124170944e-19
derivative_validation.performance.gram[3][7],0.0
derivative_validation.performance.gram[3][8],0.0
derivative_validation.performance.gram[3][9],0.0
derivative_validation.performance.gram[3][10],0.0
derivative_validation.performance.gram[3][11],0.0
derivative_validation.performance.gram[3][12],0.0
derivative_validation.performance.gram[3][13],0.0
derivative_validation.performance.gram[3][14],1.1036340140672358e-09
derivative_validation.performance.gram[3][15],-2.385096479113337e-06
derivative_validation.performance.gram[4][0],0.0
derivative_validation.performance.gram[4][1],0.0
derivative_validation.performance.gram[4][2],0.0
derivative_validation.performance.gram[4][3],0.0
derivative_validation.performance.gram[4][4],0.2541775057141321
derivative_validation.performance.gram[4][5],0.0
derivative_validation.performance.gram[4][6],0.0
derivative_validation.performance.gram[4][7],0.0
derivative_validation.performance.gram[4][8],0.0
derivative_validation.performance.gram[4][9],0.0
derivative_validation.performance.gram[4][10],0.0
derivative_validation.performance.gram[4][11],-1.19472402823893e-08
derivative_validation.performance.gram[4][12],0.0
derivative_validation.performance.gram[4][13],0.0
derivative_validation.performance.gram[4][14],0.0
derivative_validation.performance.gram[4][15],0.0
derivative_validation.performance.gram[5][0],0.0
derivative_validation.performance.gram[5][1],0.0
derivative_validation.performance.gram[5][2],0.0
derivative_validation.performance.gram[5][3],0.0
derivative_validation.performance.gram[5][4],0.0
derivative_validation.performance.gram[5][5],0.540358611033615
derivative_validation.performance.gram[5][6],0.0
derivative_validation.performance.gram[5][7],0.0
derivative_validation.performance.gram[5][8],0.0
derivative_validation.performance.gram[5][9],0.0
derivative_validation.performance.gram[5][10],0.0
derivative_validation.performance.gram[5][11],2.2223997426221703e-12
derivative_validation.performance.gram[5][12],0.0
derivative_validation.performance.gram[5][13],3.0094157658436846e-15
derivative_validation.performance.gram[5][14],0.0
derivative_validation.performance.gram[5][15],0.0
derivative_validation.performance.gram[6][0],0.0
derivative_validation.performance.gram[6][1],0.0
derivative_validation.performance.gram[6][2],0.0
derivative_validation.performance.gram[6][3],-3.2038491124170944e-19
derivative_validation.performance.gram[6][4],0.0
derivative_validation.performance.gram[6][5],0.0
derivative_validation.performance.gram[6][6],0.5634990805182236
derivative_validation.performance.gram[6][7],0.0
derivative_validation.performance.gram[6][8],0.0
derivative_validation.performance.gram[6][9],0.0
derivative_validation.performance.gram[6][10],0.0
derivative_validation.performance.gram[6][11],0.0
derivative_validation.performance.gram[6][12],0.0
derivative_validation.performance.gram[6][13],0.0
derivative_validation.performance.gram[6][14],0.0
derivative_validation.performance.gram[6][15],-7.422042393250846e-09
derivative_validation.performance.gram[7][0],0.0
derivative_validation.performance.gram[7][1],8.297803367742856e-09
derivative_validation.performance.gram[7][2],0.0
derivative_validation.performance.gram[7][3],0.0
derivative_validation.performance.gram[7][4],0.0
derivative_validation.performance.gram[7][5],0.0
derivative_validation.performance.gram[7][6],0.0
derivative_validation.performance.gram[7][7],0.5505656568357956
derivative_validation.performance.gram[7][8],0.0
derivative_validation.performance.gram[7][9],0.0
derivative_validation.performance.gram[7][10],0.0
derivative_validation.performance.gram[7][11],0.0
derivative_validation.performance.gram[7][12],0.0
derivative_validation.performance.gram[7][13],0.0
derivative_validation.performance.gram[7][14],-5.91403391985868e-07
derivative_validation.performance.gram[7][15],0.0
derivative_validation.performance.gram[8][0],-5.1483014170427935e-08
derivative_validation.performance.gram[8][1],0.0
derivative_validation.performance.gram[8][2],0.0
derivative_validation.performance.gram[8][3],0.0
derivative_validation.performance.gram[8][4],0.0
derivative_validation.performance.gram[8][5],0.0
derivative_validation.performance.gram[8][6],0.0
derivative_validation.performance.gram[8][7],0.0
derivative_validation.performance.gram[8][8],0.6016368085414525
derivative_validation.performance.gram[8][9],0.0
derivative_validation.performance.gram[8][10],0.0
derivative_validation.performance.gram[8][11],0.0
derivative_validation.performance.gram[8][12],0.0
derivative_validation.performance.gram[8][13],0.0
derivative_validation.performance.gram[8][14],0.0
derivative_validation.performance.gram[8][15],6.0095911517761634e-15
derivative_validation.performance.gram[9][0],0.0
derivative_validation.performance.gram[9][1],0.0
derivative_validation.performance.gram[9][2],0.0
derivative_validation.performance.gram[9][3],0.0
derivative_validation.performance.gram[9][4],0.0
derivative_validation.performance.gram[9][5],0.0
derivative_validation.performance.gram[9][6],0.0
derivative_validation.performance.gram[9][7],0.0
derivative_validation.performance.gram[9][8],0.0
derivative_validation.performance.gram[9][9],0.10715181344017727
derivative_validation.performance.gram[9][10],0.0
derivative_validation.performance.gram[9][11],0.0
derivative_validation.performance.gram[9][12],0.0
derivative_validation.performance.gram[9][13],0.0
derivative_validation.performance.gram[9][14],0.0
derivative_validation.performance.gram[9][15],0.0
derivative_validation.performance.gram[10][0],0.0
derivative_validation.performance.gram[10][1],0.0
derivative_validation.performance.gram[10][2],0.0
derivative_validation.performance.gram[10][3],0.0
derivative_validation.performance.gram[10][4],0.0
derivative_validation.performance.gram[10][5],0.0
derivative_validation.performance.gram[10][6],0.0
derivative_validation.performance.gram[10][7],0.0
derivative_validation.performance.gram[10][8],0.0
derivative_validation.performance.gram[10][9],0.0
derivative_validation.performance.gram[10][10],0.33847804607402604
derivative_validation.performance.gram[10][11],0.0
derivative_validation.performance.gram[10][12],0.0
derivative_validation.performance.gram[10][13],0.0
derivative_validation.performance.gram[10][14],0.0
derivative_validation.performance.gram[10][15],0.0
derivative_validation.performance.gram[11][0],0.0
derivative_validation.performance.gram[11][1],0.0
derivative_validation.performance.gram[11][2],0.0
derivative_validation.performance.gram[11][3],0.0
derivative_validation.performance.gram[11][4],-1.19472402823893e-08
derivative_validation.performance.gram[11][5],2.2223997426221703e-12
derivative_validation.performance.gram[11][6],0.0
derivative_validation.performance.gram[11][7],0.0
derivative_validation.performance.gram[11][8],0.0
derivative_validation.performance.gram[11][9],0.0
derivative_validation.performance.gram[11][10],0.0
derivative_validation.performance.gram[11][11],0.6131511187760185
derivative_validation.performance.gram[11][12],0.0
derivative_validation.performance.gram[11][13],0.0
derivative_validation.performance.gram[11][14],0.0
derivative_validation.performance.gram[11][15],0.0
derivative_validation.performance.gram[12][0],0.0
derivative_validation.performance.gram[12][1],0.0
derivative_validation.performance.gram[12][2],0.0
derivative_validation.performance.gram[12][3],0.0
derivative_validation.performance.gram[12][4],0.0
derivative_validation.performance.gram[12][5],0.0
derivative_validation.performance.gram[12][6],0.0
derivative_validation.performance.gram[12][7],0.0
derivative_validation.performance.gram[12][8],0.0
derivative_validation.performance.gram[12][9],0.0
derivative_validation.performance.gram[12][10],0.0
derivative_validation.performance.gram[12][11],0.0
derivative_validation.performance.gram[12][12],0.003426519788128123
derivative_validation.performance.gram[12][13],0.0
derivative_validation.performance.gram[12][14],0.0
derivative_validation.performance.gram[12][15],0.0
derivative_validation.performance.gram[13][0],0.0
derivative_validation.performance.gram[13][1],0.0
derivative_validation.performance.gram[13][2],0.0
derivative_validation.performance.gram[13][3],0.0
derivative_validation.performance.gram[13][4],0.0
derivative_validation.performance.gram[13][5],3.0094157658436846e-15
derivative_validation.performance.gram[13][6],0.0
derivative_validation.performance.gram[13][7],0.0
derivative_validation.performance.gram[13][8],0.0
derivative_validation.performance.gram[13][9],0.0
derivative_validation.performance.gram[13][10],0.0
derivative_validation.performance.gram[13][11],0.0
derivative_validation.performance.gram[13][12],0.0
derivative_validation.performance.gram[13][13],0.2654867950460564
derivative_validation.performance.gram[13][14],0.0
derivative_validation.performance.gram[13][15],0.0
derivative_validation.performance.gram[14][0],0.0
derivative_validation.performance.gram[14][1],-1.7066549973067726e-10
derivative_validation.performance.gram[14][2],0.0
derivative_validation.performance.gram[14][3],1.1036340140672358e-09
derivative_validation.performance.gram[14][4],0.0
derivative_validation.performance.gram[14][5],0.0
derivative_validation.performance.gram[14][6],0.0
derivative_validation.performance.gram[14][7],-5.91403391985868e-07
derivative_validation.performance.gram[14][8],0.0
derivative_validation.performance.gram[14][9],0.0
derivative_validation.performance.gram[14][10],0.0
derivative_validation.performance.gram[14][11],0.0
derivative_validation.performance.gram[14][12],0.0
derivative_validation.performance.gram[14][13],0.0
derivative_validation.performance.gram[14][14],0.14865597144234438
derivative_validation.performance.gram[14][15],0.0
derivative_validation.performance.gram[15][0],-3.6740961122814425e-07
derivative_validation.performance.gram[15][1],0.0
derivative_validation.performance.gram[15][2],0.0
derivative_validation.performance.gram[15][3],-2.385096479113337e-06
derivative_validation.performance.gram[15][4],0.0
derivative_validation.performance.gram[15][5],0.0
derivative_validation.performance.gram[15][6],-7.422042393250846e-09
derivative_validation.performance.gram[15][7],0.0
derivative_validation.performance.gram[15][8],6.0095911517761634e-15
derivative_validation.performance.gram[15][9],0.0
derivative_validation.performance.gram[15][10],0.0
derivative_validation.performance.gram[15][11],0.0
derivative_validation.performance.gram[15][12],0.0
derivative_validation.performance.gram[15][13],0.0
derivative_validation.performance.gram[15][14],0.0
derivative_validation.performance.gram[15][15],0.6371068508148077
derivative_validation.performance.affected_pixels[0],1571
derivative_validation.performance.affected_pixels[1],1440
derivative_validation.performance.affected_pixels[2],1781
derivative_validation.performance.affected_pixels[3],1479
derivative_validation.performance.affected_pixels[4],1044
derivative_validation.performance.affected_pixels[5],1369
derivative_validation.performance.affected_pixels[6],1662
derivative_validation.performance.affected_pixels[7],1408
derivative_validation.performance.affected_pixels[8],907
derivative_validation.performance.affected_pixels[9],762
derivative_validation.performance.affected_pixels[10],766
derivative_validation.performance.affected_pixels[11],807
derivative_validation.performance.affected_pixels[12],585
derivative_validation.performance.affected_pixels[13],672
derivative_validation.performance.affected_pixels[14],789
derivative_validation.performance.affected_pixels[15],1057
derivative_validation.performance.affected_views[0],3
derivative_validation.performance.affected_views[1],3
derivative_validation.performance.affected_views[2],3
derivative_validation.performance.affected_views[3],3
derivative_validation.performance.affected_views[4],2
derivative_validation.performance.affected_views[5],3
derivative_validation.performance.affected_views[6],3
derivative_validation.performance.affected_views[7],3
derivative_validation.performance.affected_views[8],2
derivative_validation.performance.affected_views[9],2
derivative_validation.performance.affected_views[10],2
derivative_validation.performance.affected_views[11],2
derivative_validation.performance.affected_views[12],3
derivative_validation.performance.affected_views[13],2
derivative_validation.performance.affected_views[14],3
derivative_validation.performance.affected_views[15],3
derivative_validation.performance.per_view_norm2[0][0],0.19179363278299236
derivative_validation.performance.per_view_norm2[0][1],0.0
derivative_validation.performance.per_view_norm2[0][2],0.18588101118822267
derivative_validation.performance.per_view_norm2[0][3],0.005241788075862971
derivative_validation.performance.per_view_norm2[0][4],0.0003229885894179914
derivative_validation.performance.per_view_norm2[0][5],0.1190743538226832
derivative_validation.performance.per_view_norm2[0][6],0.10112854631995702
derivative_validation.performance.per_view_norm2[0][7],0.0
derivative_validation.performance.per_view_norm2[0][8],0.29551941608529647
derivative_validation.performance.per_view_norm2[0][9],0.0
derivative_validation.performance.per_view_norm2[0][10],0.19242082642415687
derivative_validation.performance.per_view_norm2[0][11],0.33001792033403554
derivative_validation.performance.per_view_norm2[0][12],7.383532316887627e-10
derivative_validation.performance.per_view_norm2[0][13],0.0
derivative_validation.performance.per_view_norm2[0][14],0.0
derivative_validation.performance.per_view_norm2[0][15],0.29341834987404786
derivative_validation.performance.per_view_norm2[1][0],0.0
derivative_validation.performance.per_view_norm2[1][1],0.17119338981377732
derivative_validation.performance.per_view_norm2[1][2],0.2644349692305584
derivative_validation.performance.per_view_norm2[1][3],0.0
derivative_validation.performance.per_view_norm2[1][4],0.0
derivative_validation.performance.per_view_norm2[1][5],0.4210283038368488
derivative_validation.performance.per_view_norm2[1][6],0.0
derivative_validation.performance.per_view_norm2[1][7],6.8617935655162895e-09
derivative_validation.performance.per_view_norm2[1][8],0.0
derivative_validation.performance.per_view_norm2[1][9],0.04552871632020401
derivative_validation.performance.per_view_norm2[1][10],0.14605721964986912
derivative_validation.performance.per_view_norm2[1][11],0.0
derivative_validation.performance.per_view_norm2[1][12],0.002911150494395221
derivative_validation.performance.per_view_norm2[1][13],0.19673909735866404
derivative_validation.performance.per_view_norm2[1][14],0.00010825052808789167
derivative_validation.performance.per_view_norm2[1][15],0.0
derivative_validation.performance.per_view_norm2[2][0],0.09097539221472478
derivative_validation.performance.per_view_norm2[2][1],0.003104240048717467
derivative_validation.performance.per_view_norm2[2][2],0.0
derivative_validation.performance.per_view_norm2[2][3],0.07728188233398549
derivative_validation.performance.per_view_norm2[2][4],0.25385451712471413
derivative_validation.performance.per_view_norm2[2][5],0.00025595337408300633
derivative_validation.performance.per_view_norm2[2][6],0.387609329591518
derivative_validation.performance.per_view_norm2[2][7],0.43547734239830804
derivative_validation.performance.per_view_norm2[2][8],0.0
derivative_validation.performance.per_view_norm2[2][9],0.0
derivative_validation.performance.per_view_norm2[2][10],0.0
derivative_validation.performance.per_view_norm2[2][11],0.2831331984419829
derivative_validation.performance.per_view_norm2[2][12],0.0
derivative_validation.performance.per_view_norm2[2][13],0.06874769768739232
derivative_validation.performance.per_view_norm2[2][14],0.03064398753565213
derivative_validation.performance.per_view_norm2[2][15],0.086741163048565
derivative_validation.performance.per_view_norm2[3][0],0.0004036308399872877
derivative_validation.performance.per_view_norm2[3][1],0.06169925447220749
derivative_validation.performance.per_view_norm2[3][2],0.2660188419926189
derivative_validation.performance.per_view_norm2[3][3],0.23122270650691273
derivative_validation.performance.per_view_norm2[3][4],0.0
derivative_validation.performance.per_view_norm2[3][5],0.0
derivative_validation.performance.per_view_norm2[3][6],0.07476120460674851
derivative_validation.performance.per_view_norm2[3][7],0.11508830757569397
derivative_validation.performance.per_view_norm2[3][8],0.30611739245615605
derivative_validation.performance.per_view_norm2[3][9],0.06162309711997325
derivative_validation.performance.per_view_norm2[3][10],0.0
derivative_validation.performance.per_view_norm2[3][11],0.0
derivative_validation.performance.per_view_norm2[3][12],0.00051536855537967
derivative_validation.performance.per_view_norm2[3][13],0.0
derivative_validation.performance.per_view_norm2[3][14],0.11790373337860435
derivative_validation.performance.per_view_norm2[3][15],0.2569473378921948
derivative_validation.performance.norm_method,"Image columns accumulated over ALL emitters before inner products; no independent-packet norm approximation. Float32 production accumulation, float64 reductions."
derivative_validation.performance.objective,"0.5*mean((I-current_target)^2), columns and residual normalized by sqrt(4*H*W*3)"
derivative_validation.performance.current_transmission_max_abs_error,3.3306690738754696e-16
derivative_validation.performance.seconds,0.06526967603713274
derivative_validation.performance.peak_cuda_allocated_mib,410.10400390625
derivative_validation.performance.peak_cuda_reserved_mib,744.0
derivative_validation.performance.cpu_rss_peak_mib,1639.05078125
derivative_validation.performance.source_count,1024
derivative_validation.performance.candidate_block,16
derivative_validation.smoke_birth.stage,PREFLIGHT_ONLY
derivative_validation.smoke_birth.candidate,12
derivative_validation.smoke_birth.coefficient_step,-0.03
derivative_validation.smoke_birth.baseline_mse,0.8613877733855612
derivative_validation.smoke_birth.trials[0].alpha,1.0
derivative_validation.smoke_birth.trials[0].mse,0.861311202950283
derivative_validation.smoke_birth.trials[1].alpha,0.5
derivative_validation.smoke_birth.trials[1].mse,0.8613626391517127
derivative_validation.smoke_birth.trials[2].alpha,0.25
derivative_validation.smoke_birth.trials[2].mse,0.8613755866178274
derivative_validation.smoke_birth.trials[3].alpha,0.125
derivative_validation.smoke_birth.trials[3].mse,0.8613817671620362
derivative_validation.smoke_birth.finite,True
baseline.observation.whole_image_mse,0.1266388240861304
baseline.observation.foreground_mse,0.1490000623797363
baseline.observation.interior_gt8px_mse,0.13060713739237342
baseline.observation.silhouette_0_8px_mse,0.36081435512930454
baseline.observation.foreground_mean_brightness,0.5133278276511861
baseline.observation.edge_sharpness,0.0060593275480903975
baseline.observation.reference_edge_sharpness,0.09199675652077396
baseline.observation.edge_sharpness_ratio,0.06586457802696695
baseline.observation.thin_feature_response_ratio,0.01775395482249923
baseline.observation.per_view[0].gradient_magnitude_ratio,0.27771923913449764
baseline.observation.per_view[0].gradient_cosine,0.0032244405252516983
baseline.observation.per_view[0].reference_aligned_gradient_energy,97.84338428250648
baseline.observation.per_view[0].unmatched_gradient_energy,371.0826698384901
baseline.observation.per_view[0].excess_hf_weak_reference,0.00020451883803243202
baseline.observation.per_view[0].gradient_squared_error,0.001576456669229255
baseline.observation.per_view[0].weak_reference_pixels,1624532
baseline.observation.per_view[1].gradient_magnitude_ratio,0.27610638317128255
baseline.observation.per_view[1].gradient_cosine,0.0013730623894536
baseline.observation.per_view[1].reference_aligned_gradient_energy,59.43076129900056
baseline.observation.per_view[1].unmatched_gradient_energy,383.3721252237638
baseline.observation.per_view[1].excess_hf_weak_reference,0.0002098932016987717
baseline.observation.per_view[1].gradient_squared_error,0.0015062723344219753
baseline.observation.per_view[1].weak_reference_pixels,1644948
baseline.observation.per_view[2].gradient_magnitude_ratio,0.27837822723153943
baseline.observation.per_view[2].gradient_cosine,0.006350446525072705
baseline.observation.per_view[2].reference_aligned_gradient_energy,91.4878976712146
baseline.observation.per_view[2].unmatched_gradient_energy,386.16874711546234
baseline.observation.per_view[2].excess_hf_weak_reference,0.00022462763694054046
baseline.observation.per_view[2].gradient_squared_error,0.0015961655351954677
baseline.observation.per_view[2].weak_reference_pixels,1561449
baseline.observation.per_view[3].gradient_magnitude_ratio,0.31579502231302964
baseline.observation.per_view[3].gradient_cosine,0.006299615079665478
baseline.observation.per_view[3].reference_aligned_gradient_energy,39.35308310239652
baseline.observation.per_view[3].unmatched_gradient_energy,404.79024999279375
baseline.observation.per_view[3].excess_hf_weak_reference,0.00023638244294233623
baseline.observation.per_view[3].gradient_squared_error,0.001176706584376167
baseline.observation.per_view[3].weak_reference_pixels,1668420
baseline.observation.gradient_magnitude_ratio,0.28699971796258733
baseline.observation.gradient_cosine,0.00431189112986087
baseline.observation.reference_aligned_gradient_energy,72.02878158877954
baseline.observation.unmatched_gradient_energy,386.3534480426275
baseline.observation.excess_hf_weak_reference,0.0002188555299035201
baseline.observation.gradient_squared_error,0.0014639002808057163
baseline.observation.weak_reference_pixels,1624837.25
baseline.observation.loss,0.06331939929172949
baseline.observation.detected_energy,6325537.149859566
baseline.observation.relative_rgb_l2,0.8271816225843002
baseline.observation.per_view_mse[0],0.14884521571964193
baseline.observation.per_view_mse[1],0.1190652786725437
baseline.observation.per_view_mse[2],0.13339081801885394
baseline.observation.per_view_mse[3],0.10525388192279776
baseline.observation.foreground_mask_iou[0],0.5580524672860128
baseline.observation.foreground_mask_iou[1],0.5431913956016945
baseline.observation.foreground_mask_iou[2],0.6111587661103347
baseline.observation.foreground_mask_iou[3],0.5997283420080444
baseline.observation.squared_image_energy,4444647.75
baseline.geometry.symmetric_chamfer,0.23683303443624867
baseline.geometry.point_to_surface_mean,0.2644168936879076
baseline.geometry.point_to_surface_p95,0.5912111923918419
baseline.geometry.surface_rms,0.3259051084799381
baseline.geometry.normal_consistency,0.703028366454804
baseline.geometry.normal_error,0.29697163354519596
baseline.geometry.regional_ear_p2s_mean,0.3321692531007422
baseline.geometry.regional_head_p2s_mean,0.19373760558580227
baseline.geometry.regional_leg_p2s_mean,0.0786438656954298
baseline.geometry.regional_torso_p2s_mean,0.2978633083876529
baseline.geometry.bounds[0][0],-0.9999213884461601
baseline.geometry.bounds[0][1],-0.9999213884461601
baseline.geometry.bounds[0][2],-0.9999213884461601
baseline.geometry.bounds[1][0],0.9999214604215803
baseline.geometry.bounds[1][1],0.9999214604215803
baseline.geometry.bounds[1][2],0.9999214604215803
baseline.geometry.surface_area,12.565174747220254
baseline.geometry.components,1
baseline.geometry.maximum_outward_from_unit_sphere,0.0
baseline.geometry.maximum_inward_from_unit_sphere,2.8567284971803275e-05
baseline.geometry.radial_deviation_p95,2.841673160902669e-05
baseline.geometry.gt_extends_outside_unit_sphere,True
baseline.geometry.gt_max_radius,1.5736361939753005
baseline.geometry.source_coverage_distance_p95,0.01352829586010511
baseline.geometry.source_coverage_distance_max,0.02446096315026494
baseline.geometry.source_coverage_samples,65536
baseline.geometry.geometry_seconds,0.35154168703593314
baseline.geometry.geometry_path,runs/v090_matched_birth/geometry/globe_initial.ply
baseline.geometry.geometry_target,"MC approximation of prepared.gt_field, evaluation only; existing P2S/Chamfer definitions. Current normals updated at every evaluation."
births[0].round,1
births[0].deterministic_id,GLOBE:1:8
births[0].center[0],-0.07351842161138195
births[0].center[1],0.6811820444435563
births[0].center[2],-0.728413388133049
births[0].radius,0.45
births[0].proposal_source_id,6793036
births[0].zero_set_residual_at_birth,0.0
births[0].selected_rank,1
births[0].candidate_bank_size,32
births[0].responsive_fraction,1.0
births[0].predicted_gain,0.0004104640241645949
births[0].alignment,0.003111618318967255
births[0].jacobian_norm,0.10860052665223213
births[0].affected_views,3
births[0].affected_pixels,173464
births[0].coefficient,-0.03
births[0].active_dof_count,1
births[0].born_dof_count,1
births[0].accepted_births,1
births[0].initialized_at_zero,True
births[0].birth_image_jump,0.0
births[0].birth_source_count_change,0
births[0].birth_source_mass_change,0.0
births[0].source_count,16777216
births[0].source_weight_digest,e8a23943d73928dce091768b7789dedd1390b88a2ee2ef22b4e84ad52b924711
births[0].coefficients[0],-0.03
births[0].centers[0][0],-0.07351842161138195
births[0].centers[0][1],0.6811820444435563
births[0].centers[0][2],-0.728413388133049
births[0].radii[0],0.45
births[0].realized_gain,0.00010410069727619098
births[0].optimization.accepted,True
births[0].optimization.linear_solver_failures,0
births[0].optimization.line_search_failures,0
births[0].optimization.trials[0].alpha,1.0
births[0].optimization.trials[0].loss,0.0632152985944533
births[0].optimization.trials[0].coefficient[0],-0.03
births[0].optimization.trials[0].timing.signature.config_digest,62ca4976cb787bbdbc3fd85b82677cf3aaa45a383158d798e34cfdd3b30c3861
births[0].optimization.trials[0].timing.signature.field_digest,11162da077d54597700e705723b34acb147f47c44095818ea0b0ecb554a3fc55
births[0].optimization.trials[0].timing.signature.count,16777216
births[0].optimization.trials[0].timing.signature.seed,101
births[0].optimization.trials[0].timing.signature.operator_version,v0817_CURRENT_fixed_measure_C3
births[0].optimization.trials[0].timing.signature.shape[0],4
births[0].optimization.trials[0].timing.signature.shape[1],1080
births[0].optimization.trials[0].timing.signature.shape[2],1920
births[0].optimization.trials[0].timing.signature.shape[3],3
births[0].optimization.trials[0].timing.signature.dtype,float32
births[0].optimization.trials[0].timing.signature.source_digest,e9a0305b3ed0de34bf755a1f588cd96b3f0913d79827dc0c89908e88e8dfbd53
births[0].optimization.trials[0].timing.signature.centers,2220063a02ed67eb68e217cf48003f51f5c2fc948fbfc16e398c68a7ee6f6105
births[0].optimization.trials[0].timing.signature.radii,500422ba227b370015d9b5df0292a47b0c4583c0ac88770bbc6297daa8289a1d
births[0].optimization.trials[0].timing.signature.coefficients,266aa009a714364728e145cc605c31bdcf1011b5083cfb6f89f3fd5bc7d78909
births[0].optimization.trials[0].timing.source_seconds,56.64642625791021
births[0].optimization.trials[0].timing.transport_seconds,191.72119357902557
births[0].optimization.trials[0].timing.detector_seconds,79.95016900799237
births[0].optimization.trials[0].timing.total_seconds,328.43412085296586
births[0].optimization.trials[0].timing.peak_cuda_allocated_mib,701.92822265625
births[0].optimization.trials[0].timing.peak_cuda_reserved_mib,2958.0
births[0].optimization.trials[0].timing.cpu_rss_peak_mib,9754.1328125
births[0].optimization.trials[0].timing.energy_accounting[0].view,0
births[0].optimization.trials[0].timing.energy_accounting[0].input_energy,0.5838466185236147
births[0].optimization.trials[0].timing.energy_accounting[0].detected_energy,0.5838463451831379
births[0].optimization.trials[0].timing.energy_accounting[0].relative_energy_difference,4.681717220520934e-07
births[0].optimization.trials[0].timing.energy_accounting[0].projected_count_sum,16777170.342843687
births[0].optimization.trials[0].timing.energy_accounting[0].boundary_checked,True
births[0].optimization.trials[0].timing.energy_accounting[0].boundary_lost_energy,0.0
births[0].optimization.trials[0].timing.energy_accounting[0].expected_in_window_energy,0.5838466185236147
births[0].optimization.trials[0].timing.energy_accounting[0].numerical_energy_relative_error,4.681717220520934e-07
births[0].optimization.trials[0].timing.energy_accounting[1].view,1
births[0].optimization.trials[0].timing.energy_accounting[1].input_energy,0.4454762527469424
births[0].optimization.trials[0].timing.energy_accounting[1].detected_energy,0.44547602088626953
births[0].optimization.trials[0].timing.energy_accounting[1].relative_energy_difference,5.204781881273709e-07
births[0].optimization.trials[0].timing.energy_accounting[1].projected_count_sum,16777170.04001892
births[0].optimization.trials[0].timing.energy_accounting[1].boundary_checked,True
births[0].optimization.trials[0].timing.energy_accounting[1].boundary_lost_energy,0.0
births[0].optimization.trials[0].timing.energy_accounting[1].expected_in_window_energy,0.4454762527469424
births[0].optimization.trials[0].timing.energy_accounting[1].numerical_energy_relative_error,5.204781881273709e-07
births[0].optimization.trials[0].timing.energy_accounting[2].view,2
births[0].optimization.trials[0].timing.energy_accounting[2].input_energy,0.5427748447398406
births[0].optimization.trials[0].timing.energy_accounting[2].detected_energy,0.5427745815292255
births[0].optimization.trials[0].timing.energy_accounting[2].relative_energy_difference,4.84935176403464e-07
births[0].optimization.trials[0].timing.energy_accounting[2].projected_count_sum,16777170.281569818
births[0].optimization.trials[0].timing.energy_accounting[2].boundary_checked,True
births[0].optimization.trials[0].timing.energy_accounting[2].boundary_lost_energy,0.0
births[0].optimization.trials[0].timing.energy_accounting[2].expected_in_window_energy,0.5427748447398406
births[0].optimization.trials[0].timing.energy_accounting[2].numerical_energy_relative_error,4.84935176403464e-07
births[0].optimization.trials[0].timing.energy_accounting[3].view,3
births[0].optimization.trials[0].timing.energy_accounting[3].input_energy,0.46006899321497086
births[0].optimization.trials[0].timing.energy_accounting[3].detected_energy,0.46006875765494615
births[0].optimization.trials[0].timing.energy_accounting[3].relative_energy_difference,5.120102162553318e-07
births[0].optimization.trials[0].timing.energy_accounting[3].projected_count_sum,16777170.339104202
births[0].optimization.trials[0].timing.energy_accounting[3].boundary_checked,True
births[0].optimization.trials[0].timing.energy_accounting[3].boundary_lost_energy,0.0
births[0].optimization.trials[0].timing.energy_accounting[3].expected_in_window_energy,0.46006899321497086
births[0].optimization.trials[0].timing.energy_accounting[3].numerical_energy_relative_error,5.120102162553318e-07
births[0].optimization.trials[0].timing.root_failures,0
births[0].optimization.trials[0].timing.attachment_residual_max,6.661338147750939e-16
births[0].optimization.trials[0].timing.maximum_displacement,0.014740689971239673
births[0].optimization.trials[0].timing.image_digest,fa640ea82e65a16ebf3efab5245f52dfc91351e685cbe5401f135fdd6a19d789
births[0].optimization.trials[0].timing.state_persisted,False
births[0].optimization.trials[0].finite,True
births[0].optimization.realized_gain,0.00010410069727619098
births[0].optimization.coefficient_limit_hits,1
births[0].optimization.seconds,330.6205631161574
births[0].observation.whole_image_mse,0.12643062889821244
births[0].observation.foreground_mse,0.14903778993870065
births[0].observation.interior_gt8px_mse,0.13064599196256327
births[0].observation.silhouette_0_8px_mse,0.3606550078978532
births[0].observation.foreground_mean_brightness,0.5130864852014022
births[0].observation.edge_sharpness,0.006056533105274608
births[0].observation.reference_edge_sharpness,0.09199675652077396
births[0].observation.edge_sharpness_ratio,0.06583420257764164
births[0].observation.thin_feature_response_ratio,0.017752488063732735
births[0].observation.per_view[0].gradient_magnitude_ratio,0.2773338236509771
births[0].observation.per_view[0].gradient_cosine,0.003229633044255293
births[0].observation.per_view[0].reference_aligned_gradient_energy,97.84320089963798
births[0].observation.per_view[0].unmatched_gradient_energy,369.7822162613738
births[0].observation.per_view[0].excess_hf_weak_reference,0.00020371829417034802
births[0].observation.per_view[0].gradient_squared_error,0.0015761424726121582
births[0].observation.per_view[0].weak_reference_pixels,1624532
births[0].observation.per_view[1].gradient_magnitude_ratio,0.27502029220128765
births[0].observation.per_view[1].gradient_cosine,0.001369706156621075
births[0].observation.per_view[1].reference_aligned_gradient_energy,59.260859854298
births[0].observation.per_view[1].unmatched_gradient_energy,380.0652628918738
births[0].observation.per_view[1].excess_hf_weak_reference,0.0002079199960878099
births[0].observation.per_view[1].gradient_squared_error,0.0015054407571560655
births[0].observation.per_view[1].weak_reference_pixels,1644948
births[0].observation.per_view[2].gradient_magnitude_ratio,0.27822959655511065
births[0].observation.per_view[2].gradient_cosine,0.0062940295167130175
births[0].observation.per_view[2].reference_aligned_gradient_energy,91.46174953220215
births[0].observation.per_view[2].unmatched_gradient_energy,385.684974070056
births[0].observation.per_view[2].excess_hf_weak_reference,0.0002242993357803927
births[0].observation.per_view[2].gradient_squared_error,0.0015960920441232395
births[0].observation.per_view[2].weak_reference_pixels,1561449
births[0].observation.per_view[3].gradient_magnitude_ratio,0.3157950209409943
births[0].observation.per_view[3].gradient_cosine,0.006299603379305472
births[0].observation.per_view[3].reference_aligned_gradient_energy,39.35308101509621
births[0].observation.per_view[3].unmatched_gradient_energy,404.7902482207532
births[0].observation.per_view[3].excess_hf_weak_reference,0.0002363824410839303
births[0].observation.per_view[3].gradient_squared_error,0.0011767065913999657
births[0].observation.per_view[3].weak_reference_pixels,1668420
births[0].observation.gradient_magnitude_ratio,0.2865946833370924
births[0].observation.gradient_cosine,0.004298243024223714
births[0].observation.reference_aligned_gradient_energy,71.97972282530858
births[0].observation.unmatched_gradient_energy,385.0806753610142
births[0].observation.excess_hf_weak_reference,0.00021808001678062024
births[0].observation.gradient_squared_error,0.0014635954663228573
births[0].observation.weak_reference_pixels,1624837.25
births[0].observation.loss,0.0632152985944533
births[0].observation.detected_energy,6320848.209598739
births[0].observation.relative_rgb_l2,0.8265013760383538
births[0].observation.per_view_mse[0],0.14806076274747887
births[0].observation.per_view_mse[1],0.11908705323135643
births[0].observation.per_view_mse[2],0.1333206908557602
births[0].observation.per_view_mse[3],0.10525388192103173
births[0].observation.foreground_mask_iou[0],0.558053078728407
births[0].observation.foreground_mask_iou[1],0.543115463513512
births[0].observation.foreground_mask_iou[2],0.6111587661103347
births[0].observation.foreground_mask_iou[3],0.5997283420080444
births[0].observation.squared_image_energy,4436413.625
births[0].geometry.symmetric_chamfer,0.23655435877243797
births[0].geometry.point_to_surface_mean,0.26383158745307556
births[0].geometry.point_to_surface_p95,0.5915130116930539
births[0].geometry.surface_rms,0.3261214629475682
births[0].geometry.normal_consistency,0.7031158665443071
births[0].geometry.normal_error,0.29688413345569287
births[0].geometry.regional_ear_p2s_mean,0.332557622012875
births[0].geometry.regional_head_p2s_mean,0.19319319754222766
births[0].geometry.regional_leg_p2s_mean,0.07629963738878288
births[0].geometry.regional_torso_p2s_mean,0.29715281541016475
births[0].geometry.bounds[0][0],-0.9999213884461601
births[0].geometry.bounds[0][1],-0.9999213884461601
births[0].geometry.bounds[0][2],-0.9999213884461601
births[0].geometry.bounds[1][0],0.9999214604215803
births[0].geometry.bounds[1][1],0.9999214604215803
births[0].geometry.bounds[1][2],0.9999214604215803
births[0].geometry.surface_area,12.568205464725082
births[0].geometry.components,1
births[0].geometry.maximum_outward_from_unit_sphere,0.014643494027000159
births[0].geometry.maximum_inward_from_unit_sphere,2.8567284971803275e-05
births[0].geometry.radial_deviation_p95,2.847537808459144e-05
births[0].geometry.gt_extends_outside_unit_sphere,True
births[0].geometry.gt_max_radius,1.5736361939753005
births[0].geometry.source_coverage_distance_p95,0.013473502621887587
births[0].geometry.source_coverage_distance_max,0.023808854840086276
births[0].geometry.source_coverage_samples,65536
births[0].geometry.geometry_seconds,0.4254504260607064
births[0].geometry.geometry_path,runs/v090_matched_birth/geometry/globe_birth1.ply
births[0].geometry.geometry_target,"MC approximation of prepared.gt_field, evaluation only; existing P2S/Chamfer definitions. Current normals updated at every evaluation."
births[0].scoring_seconds,125.51167049398646
births[0].total_seconds,463.4210660450626
births[0].peak_cuda_allocated_mib,2250.37158203125
births[0].peak_cuda_reserved_mib,2958.0
births[0].cpu_rss_peak_mib,9754.1328125
births[0].image_path,runs/v090_matched_birth/globe_birth1_trial0.npy
births[0].checkpoint_image,runs/v090_matched_birth/globe_checkpoint1.npy
births[1].round,2
births[1].deterministic_id,GLOBE:2:13
births[1].center[0],0.6720258443143237
births[1].center[1],0.5230814425100977
births[1].center[2],-0.5241822861135006
births[1].radius,0.45
births[1].proposal_source_id,1548572
births[1].zero_set_residual_at_birth,0.0
births[1].selected_rank,1
births[1].candidate_bank_size,32
births[1].responsive_fraction,1.0
births[1].predicted_gain,0.00038630705222628445
births[1].alignment,0.0037854583464146728
births[1].jacobian_norm,0.136187104037807
births[1].affected_views,3
births[1].affected_pixels,210722
births[1].coefficient,-0.03
births[1].active_dof_count,2
births[1].born_dof_count,2
births[1].accepted_births,2
births[1].initialized_at_zero,True
births[1].birth_image_jump,0.0
births[1].birth_source_count_change,0
births[1].birth_source_mass_change,0.0
births[1].source_count,16777216
births[1].source_weight_digest,e8a23943d73928dce091768b7789dedd1390b88a2ee2ef22b4e84ad52b924711
births[1].coefficients[0],-0.03
births[1].coefficients[1],-0.03
births[1].centers[0][0],-0.07351842161138195
births[1].centers[0][1],0.6811820444435563
births[1].centers[0][2],-0.728413388133049
births[1].centers[1][0],0.6720258443143237
births[1].centers[1][1],0.5230814425100977
births[1].centers[1][2],-0.5241822861135006
births[1].radii[0],0.45
births[1].radii[1],0.45
births[1].realized_gain,0.00011829431368928778
births[1].optimization.accepted,True
births[1].optimization.linear_solver_failures,0
births[1].optimization.line_search_failures,0
births[1].optimization.trials[0].alpha,1.0
births[1].optimization.trials[0].loss,0.06309700428076401
births[1].optimization.trials[0].coefficient[0],-0.03
births[1].optimization.trials[0].coefficient[1],-0.03
births[1].optimization.trials[0].timing.signature.config_digest,62ca4976cb787bbdbc3fd85b82677cf3aaa45a383158d798e34cfdd3b30c3861
births[1].optimization.trials[0].timing.signature.field_digest,11162da077d54597700e705723b34acb147f47c44095818ea0b0ecb554a3fc55
births[1].optimization.trials[0].timing.signature.count,16777216
births[1].optimization.trials[0].timing.signature.seed,101
births[1].optimization.trials[0].timing.signature.operator_version,v0817_CURRENT_fixed_measure_C3
births[1].optimization.trials[0].timing.signature.shape[0],4
births[1].optimization.trials[0].timing.signature.shape[1],1080
births[1].optimization.trials[0].timing.signature.shape[2],1920
births[1].optimization.trials[0].timing.signature.shape[3],3
births[1].optimization.trials[0].timing.signature.dtype,float32
births[1].optimization.trials[0].timing.signature.source_digest,e9a0305b3ed0de34bf755a1f588cd96b3f0913d79827dc0c89908e88e8dfbd53
births[1].optimization.trials[0].timing.signature.centers,a9129ea5c6b5dad8a9b9abb682e3d7b2f64b24fd1c0b88390f9257aacae18a9c
births[1].optimization.trials[0].timing.signature.radii,0445272a66d192c41045e6551ba75e06b999b4c37b1ed254c065955149405b3c
births[1].optimization.trials[0].timing.signature.coefficients,8f7710a15a187148f470e852ac98c917afcf97ed04aafc31932a4fd7b14b38ea
births[1].optimization.trials[0].timing.source_seconds,57.12824471620843
births[1].optimization.trials[0].timing.transport_seconds,242.9737372698728
births[1].optimization.trials[0].timing.detector_seconds,83.10365527193062
births[1].optimization.trials[0].timing.total_seconds,383.275192566216
births[1].optimization.trials[0].timing.peak_cuda_allocated_mib,708.673828125
births[1].optimization.trials[0].timing.peak_cuda_reserved_mib,4526.0
births[1].optimization.trials[0].timing.cpu_rss_peak_mib,9754.1328125
births[1].optimization.trials[0].timing.energy_accounting[0].view,0
births[1].optimization.trials[0].timing.energy_accounting[0].input_energy,0.5836153811328326
births[1].optimization.trials[0].timing.energy_accounting[0].detected_energy,0.5836151078092537
births[1].optimization.trials[0].timing.energy_accounting[0].relative_energy_difference,4.683282650132578e-07
births[1].optimization.trials[0].timing.energy_accounting[0].projected_count_sum,16777170.336315786
births[1].optimization.trials[0].timing.energy_accounting[0].boundary_checked,True
births[1].optimization.trials[0].timing.energy_accounting[0].boundary_lost_energy,0.0
births[1].optimization.trials[0].timing.energy_accounting[0].expected_in_window_energy,0.5836153811328326
births[1].optimization.trials[0].timing.energy_accounting[0].numerical_energy_relative_error,4.683282650132578e-07
births[1].optimization.trials[0].timing.energy_accounting[1].view,1
births[1].optimization.trials[0].timing.energy_accounting[1].input_energy,0.4454762527469424
births[1].optimization.trials[0].timing.energy_accounting[1].detected_energy,0.44547602088516774
births[1].optimization.trials[0].timing.energy_accounting[1].relative_energy_difference,5.204806614024845e-07
births[1].optimization.trials[0].timing.energy_accounting[1].projected_count_sum,16777170.029666169
births[1].optimization.trials[0].timing.energy_accounting[1].boundary_checked,True
births[1].optimization.trials[0].timing.energy_accounting[1].boundary_lost_energy,0.0
births[1].optimization.trials[0].timing.energy_accounting[1].expected_in_window_energy,0.4454762527469424
births[1].optimization.trials[0].timing.energy_accounting[1].numerical_energy_relative_error,5.204806614024845e-07
births[1].optimization.trials[0].timing.energy_accounting[2].view,2
births[1].optimization.trials[0].timing.energy_accounting[2].input_energy,0.5417240813792015
births[1].optimization.trials[0].timing.energy_accounting[2].detected_energy,0.5417238192446638
births[1].optimization.trials[0].timing.energy_accounting[2].relative_energy_difference,4.83889394328802e-07
births[1].optimization.trials[0].timing.energy_accounting[2].projected_count_sum,16777170.197586494
births[1].optimization.trials[0].timing.energy_accounting[2].boundary_checked,True
births[1].optimization.trials[0].timing.energy_accounting[2].boundary_lost_energy,0.0
births[1].optimization.trials[0].timing.energy_accounting[2].expected_in_window_energy,0.5417240813792015
births[1].optimization.trials[0].timing.energy_accounting[2].numerical_energy_relative_error,4.83889394328802e-07
births[1].optimization.trials[0].timing.energy_accounting[3].view,3
births[1].optimization.trials[0].timing.energy_accounting[3].input_energy,0.46006905167281387
births[1].optimization.trials[0].timing.energy_accounting[3].detected_energy,0.46006881610062267
births[1].optimization.trials[0].timing.energy_accounting[3].relative_energy_difference,5.120365961193558e-07
births[1].optimization.trials[0].timing.energy_accounting[3].projected_count_sum,16777170.17296419
births[1].optimization.trials[0].timing.energy_accounting[3].boundary_checked,True
births[1].optimization.trials[0].timing.energy_accounting[3].boundary_lost_energy,0.0
births[1].optimization.trials[0].timing.energy_accounting[3].expected_in_window_energy,0.46006905167281387
births[1].optimization.trials[0].timing.energy_accounting[3].numerical_energy_relative_error,5.120365961193558e-07
births[1].optimization.trials[0].timing.root_failures,0
births[1].optimization.trials[0].timing.attachment_residual_max,6.661338147750939e-16
births[1].optimization.trials[0].timing.maximum_displacement,0.014740689971239673
births[1].optimization.trials[0].timing.image_digest,ede42b0029d78a0d80c4240e241f8cf2d1fd176ef3f2ff3cd6ecb776c2dadb8b
births[1].optimization.trials[0].timing.state_persisted,False
births[1].optimization.trials[0].finite,True
births[1].optimization.realized_gain,0.00011829431368928778
births[1].optimization.coefficient_limit_hits,2
births[1].optimization.seconds,385.5043030171655
births[1].observation.whole_image_mse,0.12619403854809672
births[1].observation.foreground_mse,0.149072458980109
births[1].observation.interior_gt8px_mse,0.13068262365703556
births[1].observation.silhouette_0_8px_mse,0.3605057630662603
births[1].observation.foreground_mean_brightness,0.5130141148920113
births[1].observation.edge_sharpness,0.006058717980186838
births[1].observation.reference_edge_sharpness,0.09199675652077396
births[1].observation.edge_sharpness_ratio,0.06585795205528476
births[1].observation.thin_feature_response_ratio,0.017762324423314744
births[1].observation.per_view[0].gradient_magnitude_ratio,0.27736206436410754
births[1].observation.per_view[0].gradient_cosine,0.0032236886759838893
births[1].observation.per_view[0].reference_aligned_gradient_energy,97.8756838241675
births[1].observation.per_view[0].unmatched_gradient_energy,369.8449741370281
births[1].observation.per_view[0].excess_hf_weak_reference,0.00020373611156195977
births[1].observation.per_view[0].gradient_squared_error,0.001576170004426624
births[1].observation.per_view[0].weak_reference_pixels,1624532
births[1].observation.per_view[1].gradient_magnitude_ratio,0.27502029218989715
births[1].observation.per_view[1].gradient_cosine,0.0013697061388494294
births[1].observation.per_view[1].reference_aligned_gradient_energy,59.260859877262696
births[1].observation.per_view[1].unmatched_gradient_energy,380.065262832518
births[1].observation.per_view[1].excess_hf_weak_reference,0.00020791999605533127
births[1].observation.per_view[1].gradient_squared_error,0.0015054407571610249
births[1].observation.per_view[1].weak_reference_pixels,1644948
births[1].observation.per_view[2].gradient_magnitude_ratio,0.2772044941118413
births[1].observation.per_view[2].gradient_cosine,0.0063173048981457714
births[1].observation.per_view[2].reference_aligned_gradient_energy,91.46174953877276
births[1].observation.per_view[2].unmatched_gradient_energy,382.17547529450394
births[1].observation.per_view[2].excess_hf_weak_reference,0.0002220517447464765
births[1].observation.per_view[2].gradient_squared_error,0.0015952458107711986
births[1].observation.per_view[2].weak_reference_pixels,1561449
births[1].observation.per_view[3].gradient_magnitude_ratio,0.3157925936552571
births[1].observation.per_view[3].gradient_cosine,0.006299651759101349
births[1].observation.per_view[3].reference_aligned_gradient_energy,39.353081011720555
births[1].observation.per_view[3].unmatched_gradient_energy,404.7834206394376
births[1].observation.per_view[3].excess_hf_weak_reference,0.00023637834884770144
births[1].observation.per_view[3].gradient_squared_error,0.001176704945115898
births[1].observation.per_view[3].weak_reference_pixels,1668420
births[1].observation.gradient_magnitude_ratio,0.28634486108027574
births[1].observation.gradient_cosine,0.00430258786802011
births[1].observation.reference_aligned_gradient_energy,71.98784356298088
births[1].observation.unmatched_gradient_energy,384.21728322587194
births[1].observation.excess_hf_weak_reference,0.00021752155030286725
births[1].observation.gradient_squared_error,0.0014633903793686864
births[1].observation.weak_reference_pixels,1624837.25
births[1].observation.loss,0.06309700428076401
births[1].observation.detected_energy,6316860.85970324
births[1].observation.relative_rgb_l2,0.8257277010156654
births[1].observation.per_view_mse[0],0.1480625264253719
births[1].observation.per_view_mse[1],0.11908705323056222
births[1].observation.per_view_mse[2],0.1323725560864811
births[1].observation.per_view_mse[3],0.10525389850369783
births[1].observation.foreground_mask_iou[0],0.558053078728407
births[1].observation.foreground_mask_iou[1],0.543115463513512
births[1].observation.foreground_mask_iou[2],0.6111620385739834
births[1].observation.foreground_mask_iou[3],0.5997283420080444
births[1].observation.squared_image_energy,4429556.625
births[1].geometry.symmetric_chamfer,0.23689998344663882
births[1].geometry.point_to_surface_mean,0.26434175929114473
births[1].geometry.point_to_surface_p95,0.5933573264274103
births[1].geometry.surface_rms,0.32625587226973285
births[1].geometry.normal_consistency,0.7029463001299435
births[1].geometry.normal_error,0.2970536998700565
births[1].geometry.regional_ear_p2s_mean,0.3332116093974688
births[1].geometry.regional_head_p2s_mean,0.19550593271483235
births[1].geometry.regional_leg_p2s_mean,0.0782434618480974
births[1].geometry.regional_torso_p2s_mean,0.2968731804366402
births[1].geometry.bounds[0][0],-0.9999213884461601
births[1].geometry.bounds[0][1],-0.9999213884461601
births[1].geometry.bounds[0][2],-0.9999213884461601
births[1].geometry.bounds[1][0],0.9999214604215803
births[1].geometry.bounds[1][1],0.9999214604215803
births[1].geometry.bounds[1][2],0.9999214604215803
births[1].geometry.surface_area,12.571236565256601
births[1].geometry.components,1
births[1].geometry.maximum_outward_from_unit_sphere,0.014648890823960148
births[1].geometry.maximum_inward_from_unit_sphere,2.8567284971803275e-05
births[1].geometry.radial_deviation_p95,0.0005775446815431131
births[1].geometry.gt_extends_outside_unit_sphere,True
births[1].geometry.gt_max_radius,1.5736361939753005
births[1].geometry.source_coverage_distance_p95,0.013501381983306113
births[1].geometry.source_coverage_distance_max,0.02349911056988567
births[1].geometry.source_coverage_samples,65536
births[1].geometry.geometry_seconds,0.4662804729305208
births[1].geometry.geometry_path,runs/v090_matched_birth/geometry/globe_birth2.ply
births[1].geometry.geometry_target,"MC approximation of prepared.gt_field, evaluation only; existing P2S/Chamfer definitions. Current normals updated at every evaluation."
births[1].scoring_seconds,196.2110884329304
births[1].total_seconds,589.3786171749234
births[1].peak_cuda_allocated_mib,2301.28857421875
births[1].peak_cuda_reserved_mib,4526.0
births[1].cpu_rss_peak_mib,9754.1328125
births[1].image_path,runs/v090_matched_birth/globe_birth2_trial0.npy
births[1].checkpoint_image,runs/v090_matched_birth/globe_checkpoint2.npy
births[2].round,3
births[2].deterministic_id,GLOBE:3:0
births[2].center[0],0.12062150794935045
births[2].center[1],0.2665257085036449
births[2].center[2],-0.9562502279877663
births[2].radius,0.45
births[2].proposal_source_id,14036
births[2].zero_set_residual_at_birth,0.0
births[2].selected_rank,1
births[2].candidate_bank_size,32
births[2].responsive_fraction,1.0
births[2].predicted_gain,0.00019565083452449442
births[2].alignment,0.001968109623986174
births[2].jacobian_norm,0.09949270559878512
births[2].affected_views,2
births[2].affected_pixels,189954
births[2].coefficient,-0.03
births[2].active_dof_count,3
births[2].born_dof_count,3
births[2].accepted_births,3
births[2].initialized_at_zero,True
births[2].birth_image_jump,0.0
births[2].birth_source_count_change,0
births[2].birth_source_mass_change,0.0
births[2].source_count,16777216
births[2].source_weight_digest,e8a23943d73928dce091768b7789dedd1390b88a2ee2ef22b4e84ad52b924711
births[2].coefficients[0],-0.03
births[2].coefficients[1],-0.03
births[2].coefficients[2],-0.03
births[2].centers[0][0],-0.07351842161138195
births[2].centers[0][1],0.6811820444435563
births[2].centers[0][2],-0.728413388133049
births[2].centers[1][0],0.6720258443143237
births[2].centers[1][1],0.5230814425100977
births[2].centers[1][2],-0.5241822861135006
births[2].centers[2][0],0.12062150794935045
births[2].centers[2][1],0.2665257085036449
births[2].centers[2][2],-0.9562502279877663
births[2].radii[0],0.45
births[2].radii[1],0.45
births[2].radii[2],0.45
births[2].realized_gain,6.187447339593699e-05
births[2].optimization.accepted,True
births[2].optimization.linear_solver_failures,0
births[2].optimization.line_search_failures,0
births[2].optimization.trials[0].alpha,1.0
births[2].optimization.trials[0].loss,0.06303512980736807
births[2].optimization.trials[0].coefficient[0],-0.03
births[2].optimization.trials[0].coefficient[1],-0.03
births[2].optimization.trials[0].coefficient[2],-0.03
births[2].optimization.trials[0].timing.signature.config_digest,62ca4976cb787bbdbc3fd85b82677cf3aaa45a383158d798e34cfdd3b30c3861
births[2].optimization.trials[0].timing.signature.field_digest,11162da077d54597700e705723b34acb147f47c44095818ea0b0ecb554a3fc55
births[2].optimization.trials[0].timing.signature.count,16777216
births[2].optimization.trials[0].timing.signature.seed,101
births[2].optimization.trials[0].timing.signature.operator_version,v0817_CURRENT_fixed_measure_C3
births[2].optimization.trials[0].timing.signature.shape[0],4
births[2].optimization.trials[0].timing.signature.shape[1],1080
births[2].optimization.trials[0].timing.signature.shape[2],1920
births[2].optimization.trials[0].timing.signature.shape[3],3
births[2].optimization.trials[0].timing.signature.dtype,float32
births[2].optimization.trials[0].timing.signature.source_digest,e9a0305b3ed0de34bf755a1f588cd96b3f0913d79827dc0c89908e88e8dfbd53
births[2].optimization.trials[0].timing.signature.centers,f872a17f3ff3f3841a9e4648cccb27f3f7e279ba04e5f3e72835bbf27668d5ea
births[2].optimization.trials[0].timing.signature.radii,bb8993a5add57d6042ce89cb7ea7f9c37d0d0e3acce29e07061330b0a272312a
births[2].optimization.trials[0].timing.signature.coefficients,492a7a1954eab83ef267c9f8dd9f3696d25e8e205dfa3aec1b83c1632d54aac7
births[2].optimization.trials[0].timing.source_seconds,57.60796667612158
births[2].optimization.trials[0].timing.transport_seconds,267.87884791288525
births[2].optimization.trials[0].timing.detector_seconds,81.98279537889175
births[2].optimization.trials[0].timing.total_seconds,407.51608002814464
births[2].optimization.trials[0].timing.peak_cuda_allocated_mib,723.65087890625
births[2].optimization.trials[0].timing.peak_cuda_reserved_mib,6142.0
births[2].optimization.trials[0].timing.cpu_rss_peak_mib,9754.1328125
births[2].optimization.trials[0].timing.energy_accounting[0].view,0
births[2].optimization.trials[0].timing.energy_accounting[0].input_energy,0.5833164433119634
births[2].optimization.trials[0].timing.energy_accounting[0].detected_energy,0.5833161714761641
births[2].optimization.trials[0].timing.energy_accounting[0].relative_energy_difference,4.6601772062406717e-07
births[2].optimization.trials[0].timing.energy_accounting[0].projected_count_sum,16777169.93138264
births[2].optimization.trials[0].timing.energy_accounting[0].boundary_checked,True
births[2].optimization.trials[0].timing.energy_accounting[0].boundary_lost_energy,0.0
births[2].optimization.trials[0].timing.energy_accounting[0].expected_in_window_energy,0.5833164433119634
births[2].optimization.trials[0].timing.energy_accounting[0].numerical_energy_relative_error,4.6601772062406717e-07
births[2].optimization.trials[0].timing.energy_accounting[1].view,1
births[2].optimization.trials[0].timing.energy_accounting[1].input_energy,0.4454762527469424
births[2].optimization.trials[0].timing.energy_accounting[1].detected_energy,0.44547602088526816
births[2].optimization.trials[0].timing.energy_accounting[1].relative_energy_difference,5.204804359815514e-07
births[2].optimization.trials[0].timing.energy_accounting[1].projected_count_sum,16777170.022467334
births[2].optimization.trials[0].timing.energy_accounting[1].boundary_checked,True
births[2].optimization.trials[0].timing.energy_accounting[1].boundary_lost_energy,0.0
births[2].optimization.trials[0].timing.energy_accounting[1].expected_in_window_energy,0.4454762527469424
births[2].optimization.trials[0].timing.energy_accounting[1].numerical_energy_relative_error,5.204804359815514e-07
births[2].optimization.trials[0].timing.energy_accounting[2].view,2
births[2].optimization.trials[0].timing.energy_accounting[2].input_energy,0.5414826828071488
births[2].optimization.trials[0].timing.energy_accounting[2].detected_energy,0.5414824206589136
births[2].optimization.trials[0].timing.energy_accounting[2].relative_energy_difference,4.841304136846874e-07
births[2].optimization.trials[0].timing.energy_accounting[2].projected_count_sum,16777170.19903549
births[2].optimization.trials[0].timing.energy_accounting[2].boundary_checked,True
births[2].optimization.trials[0].timing.energy_accounting[2].boundary_lost_energy,0.0
births[2].optimization.trials[0].timing.energy_accounting[2].expected_in_window_energy,0.5414826828071488
births[2].optimization.trials[0].timing.energy_accounting[2].numerical_energy_relative_error,4.841304136846874e-07
births[2].optimization.trials[0].timing.energy_accounting[3].view,3
births[2].optimization.trials[0].timing.energy_accounting[3].input_energy,0.46006905167281387
births[2].optimization.trials[0].timing.energy_accounting[3].detected_energy,0.460068816101174
births[2].optimization.trials[0].timing.energy_accounting[3].relative_energy_difference,5.120353977410863e-07
births[2].optimization.trials[0].timing.energy_accounting[3].projected_count_sum,16777170.150047714
births[2].optimization.trials[0].timing.energy_accounting[3].boundary_checked,True
births[2].optimization.trials[0].timing.energy_accounting[3].boundary_lost_energy,0.0
births[2].optimization.trials[0].timing.energy_accounting[3].expected_in_window_energy,0.46006905167281387
births[2].optimization.trials[0].timing.energy_accounting[3].numerical_energy_relative_error,5.120353977410863e-07
births[2].optimization.trials[0].timing.root_failures,0
births[2].optimization.trials[0].timing.attachment_residual_max,6.661338147750939e-16
births[2].optimization.trials[0].timing.maximum_displacement,0.014740689971239673
births[2].optimization.trials[0].timing.image_digest,282de309a275f7f15369228b49c9c3af83385c91ca9c1a4985777a8912b6f620
births[2].optimization.trials[0].timing.state_persisted,False
births[2].optimization.trials[0].finite,True
births[2].optimization.realized_gain,6.187447339593699e-05
births[2].optimization.coefficient_limit_hits,3
births[2].optimization.seconds,409.7332430789247
births[2].observation.whole_image_mse,0.12607030546714248
births[2].observation.foreground_mse,0.14906950124465013
births[2].observation.interior_gt8px_mse,0.1306794775755093
births[2].observation.silhouette_0_8px_mse,0.36050875028306056
births[2].observation.foreground_mean_brightness,0.5130316947952129
births[2].observation.edge_sharpness,0.006057217398773634
births[2].observation.reference_edge_sharpness,0.09199675652077396
births[2].observation.edge_sharpness_ratio,0.06584164081269367
births[2].observation.thin_feature_response_ratio,0.017755605702430063
births[2].observation.per_view[0].gradient_magnitude_ratio,0.2762665260345626
births[2].observation.per_view[0].gradient_cosine,0.0032364722587496044
births[2].observation.per_view[0].reference_aligned_gradient_energy,97.87568381402141
births[2].observation.per_view[0].unmatched_gradient_energy,366.157419063144
births[2].observation.per_view[0].excess_hf_weak_reference,0.0002014661931670788
births[2].observation.per_view[0].gradient_squared_error,0.001575280837011937
births[2].observation.per_view[0].weak_reference_pixels,1624532
births[2].observation.per_view[1].gradient_magnitude_ratio,0.2750202921775671
births[2].observation.per_view[1].gradient_cosine,0.0013697061696463296
births[2].observation.per_view[1].reference_aligned_gradient_energy,59.26085982024721
births[2].observation.per_view[1].unmatched_gradient_energy,380.0652628501405
births[2].observation.per_view[1].excess_hf_weak_reference,0.00020791999606990767
births[2].observation.per_view[1].gradient_squared_error,0.001505440757127848
births[2].observation.per_view[1].weak_reference_pixels,1644948
births[2].observation.per_view[2].gradient_magnitude_ratio,0.27718280409179624
births[2].observation.per_view[2].gradient_cosine,0.006389951723312884
births[2].observation.per_view[2].reference_aligned_gradient_energy,91.44838767888022
births[2].observation.per_view[2].unmatched_gradient_energy,382.1147200372303
births[2].observation.per_view[2].excess_hf_weak_reference,0.00022202125981800455
births[2].observation.per_view[2].gradient_squared_error,0.0015951684910791497
births[2].observation.per_view[2].weak_reference_pixels,1561449
births[2].observation.per_view[3].gradient_magnitude_ratio,0.31579259371972374
births[2].observation.per_view[3].gradient_cosine,0.0062996517899944395
births[2].observation.per_view[3].reference_aligned_gradient_energy,39.353080992601505
births[2].observation.per_view[3].unmatched_gradient_energy,404.78342083989094
births[2].observation.per_view[3].excess_hf_weak_reference,0.00023637834895866863
births[2].observation.per_view[3].gradient_squared_error,0.0011767049451377972
births[2].observation.per_view[3].weak_reference_pixels,1668420
births[2].observation.gradient_magnitude_ratio,0.28606555400591244
births[2].observation.gradient_cosine,0.004323945485425815
births[2].observation.reference_aligned_gradient_energy,71.98450307643759
births[2].observation.unmatched_gradient_energy,383.28020569760145
births[2].observation.excess_hf_weak_reference,0.00021694644950341488
births[2].observation.gradient_squared_error,0.0014631487575891828
births[2].observation.weak_reference_pixels,1624837.25
births[2].observation.loss,0.06303512980736807
births[2].observation.detected_energy,6315180.201962333
births[2].observation.relative_rgb_l2,0.8253227372714763
births[2].observation.per_view_mse[0],0.14775240973624423
births[2].observation.per_view_mse[1],0.11908705323129302
births[2].observation.per_view_mse[2],0.13218767698758535
births[2].observation.per_view_mse[3],0.1052538985038223
births[2].observation.foreground_mask_iou[0],0.5580007778648158
births[2].observation.foreground_mask_iou[1],0.543115463513512
births[2].observation.foreground_mask_iou[2],0.6111620385739834
births[2].observation.foreground_mask_iou[3],0.5997283420080444
births[2].observation.squared_image_energy,4426686.375
births[2].geometry.symmetric_chamfer,0.23690847158351408
births[2].geometry.point_to_surface_mean,0.2644964283813973
births[2].geometry.point_to_surface_p95,0.5943038109073912
births[2].geometry.surface_rms,0.32686762394571306
births[2].geometry.normal_consistency,0.7022794287597065
births[2].geometry.normal_error,0.2977205712402935
births[2].geometry.regional_ear_p2s_mean,0.33451110115596894
births[2].geometry.regional_head_p2s_mean,0.19205456311482327
births[2].geometry.regional_leg_p2s_mean,0.07866432469414886
births[2].geometry.regional_torso_p2s_mean,0.29699786966139463
births[2].geometry.bounds[0][0],-0.9999213884461601
births[2].geometry.bounds[0][1],-0.9999213884461601
births[2].geometry.bounds[0][2],-1.0009383147617554
births[2].geometry.bounds[1][0],0.9999214604215803
births[2].geometry.bounds[1][1],0.9999214604215803
births[2].geometry.bounds[1][2],0.9999214604215803
births[2].geometry.surface_area,12.574237799038954
births[2].geometry.components,1
births[2].geometry.maximum_outward_from_unit_sphere,0.014660254698588338
births[2].geometry.maximum_inward_from_unit_sphere,2.8567284971803275e-05
births[2].geometry.radial_deviation_p95,0.0017552165787814446
births[2].geometry.gt_extends_outside_unit_sphere,True
births[2].geometry.gt_max_radius,1.5736361939753005
births[2].geometry.source_coverage_distance_p95,0.013414095551107346
births[2].geometry.source_coverage_distance_max,0.022420157459048712
births[2].geometry.source_coverage_samples,65536
births[2].geometry.geometry_seconds,0.4637925389688462
births[2].geometry.geometry_path,runs/v090_matched_birth/geometry/globe_birth3.ply
births[2].geometry.geometry_target,"MC approximation of prepared.gt_field, evaluation only; existing P2S/Chamfer definitions. Current normals updated at every evaluation."
births[2].scoring_seconds,219.1765591430012
births[2].total_seconds,636.3229313790798
births[2].peak_cuda_allocated_mib,2383.04150390625
births[2].peak_cuda_reserved_mib,6142.0
births[2].cpu_rss_peak_mib,9754.1328125
births[2].image_path,runs/v090_matched_birth/globe_birth3_trial0.npy
births[3].round,4
births[3].deterministic_id,GLOBE:4:13
births[3].center[0],0.6105258360802454
births[3].center[1],0.566767707400702
births[3].center[2],-0.5728702979286703
births[3].radius,0.45
births[3].proposal_source_id,4255164
births[3].zero_set_residual_at_birth,8.673617379884035e-17
births[3].selected_rank,1
births[3].candidate_bank_size,32
births[3].responsive_fraction,1.0
births[3].predicted_gain,0.0004171022712759009
births[3].alignment,0.004014703845682483
births[3].jacobian_norm,0.13900042077431285
births[3].affected_views,2
births[3].affected_pixels,209275
births[3].coefficient,-0.03
births[3].active_dof_count,4
births[3].born_dof_count,4
births[3].accepted_births,4
births[3].initialized_at_zero,True
births[3].birth_image_jump,0.0
births[3].birth_source_count_change,0
births[3].birth_source_mass_change,0.0
births[3].source_count,16777216
births[3].source_weight_digest,e8a23943d73928dce091768b7789dedd1390b88a2ee2ef22b4e84ad52b924711
births[3].coefficients[0],-0.03
births[3].coefficients[1],-0.03
births[3].coefficients[2],-0.03
births[3].coefficients[3],-0.03
births[3].centers[0][0],-0.07351842161138195
births[3].centers[0][1],0.6811820444435563
births[3].centers[0][2],-0.728413388133049
births[3].centers[1][0],0.6720258443143237
births[3].centers[1][1],0.5230814425100977
births[3].centers[1][2],-0.5241822861135006
births[3].centers[2][0],0.12062150794935045
births[3].centers[2][1],0.2665257085036449
births[3].centers[2][2],-0.9562502279877663
births[3].centers[3][0],0.6105258360802454
births[3].centers[3][1],0.566767707400702
births[3].centers[3][2],-0.5728702979286703
births[3].radii[0],0.45
births[3].radii[1],0.45
births[3].radii[2],0.45
births[3].radii[3],0.45
births[3].realized_gain,0.00012235414474838502
births[3].optimization.accepted,True
births[3].optimization.linear_solver_failures,0
births[3].optimization.line_search_failures,0
births[3].optimization.trials[0].alpha,1.0
births[3].optimization.trials[0].loss,0.06291277566261969
births[3].optimization.trials[0].coefficient[0],-0.03
births[3].optimization.trials[0].coefficient[1],-0.03
births[3].optimization.trials[0].coefficient[2],-0.03
births[3].optimization.trials[0].coefficient[3],-0.03
births[3].optimization.trials[0].timing.signature.config_digest,62ca4976cb787bbdbc3fd85b82677cf3aaa45a383158d798e34cfdd3b30c3861
births[3].optimization.trials[0].timing.signature.field_digest,11162da077d54597700e705723b34acb147f47c44095818ea0b0ecb554a3fc55
births[3].optimization.trials[0].timing.signature.count,16777216
births[3].optimization.trials[0].timing.signature.seed,101
births[3].optimization.trials[0].timing.signature.operator_version,v0817_CURRENT_fixed_measure_C3
births[3].optimization.trials[0].timing.signature.shape[0],4
births[3].optimization.trials[0].timing.signature.shape[1],1080
births[3].optimization.trials[0].timing.signature.shape[2],1920
births[3].optimization.trials[0].timing.signature.shape[3],3
births[3].optimization.trials[0].timing.signature.dtype,float32
births[3].optimization.trials[0].timing.signature.source_digest,e9a0305b3ed0de34bf755a1f588cd96b3f0913d79827dc0c89908e88e8dfbd53
births[3].optimization.trials[0].timing.signature.centers,7cc5809d56777aac4cb6f6c61b742f121b3fd6e17967908cb1561432b9a96e45
births[3].optimization.trials[0].timing.signature.radii,ba73b435dba320b5d1eb774a1348846c92ab6a35ae973ab2f514ddc94a9125f2
births[3].optimization.trials[0].timing.signature.coefficients,7ac7becc64489b91bfe510da47854ba15cda450ac05196875932b9df4d2b7429
births[3].optimization.trials[0].timing.source_seconds,58.64458720991388
births[3].optimization.trials[0].timing.transport_seconds,269.4673497460317
births[3].optimization.trials[0].timing.detector_seconds,80.56940836715512
births[3].optimization.trials[0].timing.total_seconds,408.7387654108461
births[3].optimization.trials[0].timing.peak_cuda_allocated_mib,725.50244140625
births[3].optimization.trials[0].timing.peak_cuda_reserved_mib,7806.0
births[3].optimization.trials[0].timing.cpu_rss_peak_mib,9754.1328125
births[3].optimization.trials[0].timing.energy_accounting[0].view,0
births[3].optimization.trials[0].timing.energy_accounting[0].input_energy,0.5830586134574782
births[3].optimization.trials[0].timing.energy_accounting[0].detected_energy,0.583058341547973
births[3].optimization.trials[0].timing.energy_accounting[0].relative_energy_difference,4.66350207284704e-07
births[3].optimization.trials[0].timing.energy_accounting[0].projected_count_sum,16777169.93359576
births[3].optimization.trials[0].timing.energy_accounting[0].boundary_checked,True
births[3].optimization.trials[0].timing.energy_accounting[0].boundary_lost_energy,0.0
births[3].optimization.trials[0].timing.energy_accounting[0].expected_in_window_energy,0.5830586134574782
births[3].optimization.trials[0].timing.energy_accounting[0].numerical_energy_relative_error,4.66350207284704e-07
births[3].optimization.trials[0].timing.energy_accounting[1].view,1
births[3].optimization.trials[0].timing.energy_accounting[1].input_energy,0.4454762527469424
births[3].optimization.trials[0].timing.energy_accounting[1].detected_energy,0.4454760208858639
births[3].optimization.trials[0].timing.energy_accounting[1].relative_energy_difference,5.2047909865847e-07
births[3].optimization.trials[0].timing.energy_accounting[1].projected_count_sum,16777170.009382268
births[3].optimization.trials[0].timing.energy_accounting[1].boundary_checked,True
births[3].optimization.trials[0].timing.energy_accounting[1].boundary_lost_energy,0.0
births[3].optimization.trials[0].timing.energy_accounting[1].expected_in_window_energy,0.4454762527469424
births[3].optimization.trials[0].timing.energy_accounting[1].numerical_energy_relative_error,5.2047909865847e-07
births[3].optimization.trials[0].timing.energy_accounting[2].view,2
births[3].optimization.trials[0].timing.energy_accounting[2].input_energy,0.5404559983986527
births[3].optimization.trials[0].timing.energy_accounting[2].detected_energy,0.5404557371323406
births[3].optimization.trials[0].timing.energy_accounting[2].relative_energy_difference,4.834182853063064e-07
births[3].optimization.trials[0].timing.energy_accounting[2].projected_count_sum,16777170.12145367
births[3].optimization.trials[0].timing.energy_accounting[2].boundary_checked,True
births[3].optimization.trials[0].timing.energy_accounting[2].boundary_lost_energy,0.0
births[3].optimization.trials[0].timing.energy_accounting[2].expected_in_window_energy,0.5404559983986527
births[3].optimization.trials[0].timing.energy_accounting[2].numerical_energy_relative_error,4.834182853063064e-07
births[3].optimization.trials[0].timing.energy_accounting[3].view,3
births[3].optimization.trials[0].timing.energy_accounting[3].input_energy,0.46006905167281387
births[3].optimization.trials[0].timing.energy_accounting[3].detected_energy,0.4600688161015695
births[3].optimization.trials[0].timing.energy_accounting[3].relative_energy_difference,5.120345380506744e-07
births[3].optimization.trials[0].timing.energy_accounting[3].projected_count_sum,16777170.103052747
births[3].optimization.trials[0].timing.energy_accounting[3].boundary_checked,True
births[3].optimization.trials[0].timing.energy_accounting[3].boundary_lost_energy,0.0
births[3].optimization.trials[0].timing.energy_accounting[3].expected_in_window_energy,0.46006905167281387
births[3].optimization.trials[0].timing.energy_accounting[3].numerical_energy_relative_error,5.120345380506744e-07
births[3].optimization.trials[0].timing.root_failures,0
births[3].optimization.trials[0].timing.attachment_residual_max,6.696032617270475e-16
births[3].optimization.trials[0].timing.maximum_displacement,0.02669249337387941
births[3].optimization.trials[0].timing.image_digest,b3a2fc0eb80e98266214cd51cea81cffae9ec151e6e22bf0c52773de21fc832b
births[3].optimization.trials[0].timing.state_persisted,False
births[3].optimization.trials[0].finite,True
births[3].optimization.realized_gain,0.00012235414474838502
births[3].optimization.coefficient_limit_hits,4
births[3].optimization.seconds,410.9381974390708
births[3].observation.whole_image_mse,0.12582559719007202
births[3].observation.foreground_mse,0.14908591558098933
births[3].observation.interior_gt8px_mse,0.13069773782189373
births[3].observation.silhouette_0_8px_mse,0.36033493100128566
births[3].observation.foreground_mean_brightness,0.5129949575298984
births[3].observation.edge_sharpness,0.006060563844153488
births[3].observation.reference_edge_sharpness,0.09199675652077396
births[3].observation.edge_sharpness_ratio,0.06587801650142895
births[3].observation.thin_feature_response_ratio,0.017763170893890904
births[3].observation.per_view[0].gradient_magnitude_ratio,0.2763034669090772
births[3].observation.per_view[0].gradient_cosine,0.003223285913844936
births[3].observation.per_view[0].reference_aligned_gradient_energy,97.88943713477883
births[3].observation.per_view[0].unmatched_gradient_energy,366.2677700623995
births[3].observation.per_view[0].excess_hf_weak_reference,0.0002015202678141771
births[3].observation.per_view[0].gradient_squared_error,0.0015753210939410131
births[3].observation.per_view[0].weak_reference_pixels,1624532
births[3].observation.per_view[1].gradient_magnitude_ratio,0.2750202921872896
births[3].observation.per_view[1].gradient_cosine,0.0013697061557699844
births[3].observation.per_view[1].reference_aligned_gradient_energy,59.26085981893664
births[3].observation.per_view[1].unmatched_gradient_energy,380.0652628825132
births[3].observation.per_view[1].excess_hf_weak_reference,0.0002079199960684161
births[3].observation.per_view[1].gradient_squared_error,0.0015054407571459903
births[3].observation.per_view[1].weak_reference_pixels,1644948
births[3].observation.per_view[2].gradient_magnitude_ratio,0.27668402885542326
births[3].observation.per_view[2].gradient_cosine,0.00640147082516082
births[3].observation.per_view[2].reference_aligned_gradient_energy,91.44838764721428
births[3].observation.per_view[2].unmatched_gradient_energy,380.41195184775034
births[3].observation.per_view[2].excess_hf_weak_reference,0.00022093075466505076
births[3].observation.per_view[2].gradient_squared_error,0.001594757908458667
births[3].observation.per_view[2].weak_reference_pixels,1561449
births[3].observation.per_view[3].gradient_magnitude_ratio,0.31579259371027385
births[3].observation.per_view[3].gradient_cosine,0.006299651798264418
births[3].observation.per_view[3].reference_aligned_gradient_energy,39.35308102750258
births[3].observation.per_view[3].unmatched_gradient_energy,404.7834207784092
births[3].observation.per_view[3].excess_hf_weak_reference,0.00023637834893675328
births[3].observation.per_view[3].gradient_squared_error,0.0011767049451259063
births[3].observation.per_view[3].weak_reference_pixels,1668420
births[3].observation.gradient_magnitude_ratio,0.28595009541551597
births[3].observation.gradient_cosine,0.00432352867326004
births[3].observation.reference_aligned_gradient_energy,71.98794140710808
births[3].observation.unmatched_gradient_energy,382.88210139276805
births[3].observation.excess_hf_weak_reference,0.0002166873418710993
births[3].observation.gradient_squared_error,0.0014630561761678942
births[3].observation.weak_reference_pixels,1624837.25
births[3].observation.loss,0.06291277566261969
births[3].observation.detected_energy,6311184.851290506
births[3].observation.relative_rgb_l2,0.8245213531217296
births[3].observation.per_view_mse[0],0.14766093558316642
births[3].observation.per_view_mse[1],0.11908705323145269
births[3].observation.per_view_mse[2],0.13130031798251474
births[3].observation.per_view_mse[3],0.10525389850382465
births[3].observation.foreground_mask_iou[0],0.5580007778648158
births[3].observation.foreground_mask_iou[1],0.543115463513512
births[3].observation.foreground_mask_iou[2],0.6111626930709186
births[3].observation.foreground_mask_iou[3],0.5997283420080444
births[3].observation.squared_image_energy,4420119.125
births[3].geometry.symmetric_chamfer,0.23689443028740065
births[3].geometry.point_to_surface_mean,0.26444081840771205
births[3].geometry.point_to_surface_p95,0.5941775201696217
births[3].geometry.surface_rms,0.3265488152089457
births[3].geometry.normal_consistency,0.7041655273101843
births[3].geometry.normal_error,0.29583447268981566
births[3].geometry.regional_ear_p2s_mean,0.33256551460042605
births[3].geometry.regional_head_p2s_mean,0.1927299046224167
births[3].geometry.regional_leg_p2s_mean,0.07958145666852764
births[3].geometry.regional_torso_p2s_mean,0.29724816805183363
births[3].geometry.bounds[0][0],-0.9999213884461601
births[3].geometry.bounds[0][1],-0.9999213884461601
births[3].geometry.bounds[0][2],-1.0009383147617554
births[3].geometry.bounds[1][0],0.9999214604215803
births[3].geometry.bounds[1][1],0.9999214604215803
births[3].geometry.bounds[1][2],0.9999214604215803
births[3].geometry.surface_area,12.577662766626466
births[3].geometry.components,1
births[3].geometry.maximum_outward_from_unit_sphere,0.02661757069811066
births[3].geometry.maximum_inward_from_unit_sphere,2.8567284971803275e-05
births[3].geometry.radial_deviation_p95,0.002354345080104135
births[3].geometry.gt_extends_outside_unit_sphere,True
births[3].geometry.gt_max_radius,1.5736361939753005
births[3].geometry.source_coverage_distance_p95,0.013453084593373535
births[3].geometry.source_coverage_distance_max,0.023727831925301795
births[3].geometry.source_coverage_samples,65536
births[3].geometry.geometry_seconds,0.4733547759242356
births[3].geometry.geometry_path,runs/v090_matched_birth/geometry/globe_birth4.ply
births[3].geometry.geometry_target,"MC approximation of prepared.gt_field, evaluation only; existing P2S/Chamfer definitions. Current normals updated at every evaluation."
births[3].scoring_seconds,229.24742893013172
births[3].total_seconds,647.6850543010514
births[3].peak_cuda_allocated_mib,2463.47509765625
births[3].peak_cuda_reserved_mib,7806.0
births[3].cpu_rss_peak_mib,9754.1328125
births[3].image_path,runs/v090_matched_birth/globe_birth4_trial0.npy
births[3].checkpoint_image,runs/v090_matched_birth/globe_checkpoint4.npy
births[4].round,5
births[4].deterministic_id,GLOBE:5:8
births[4].center[0],0.13361574155036657
births[4].center[1],0.8868378640189128
births[4].center[2],0.44234086014330387
births[4].radius,0.45
births[4].proposal_source_id,6924522
births[4].zero_set_residual_at_birth,0.0
births[4].selected_rank,1
births[4].candidate_bank_size,32
births[4].responsive_fraction,1.0
births[4].predicted_gain,0.0003423850124747088
births[4].alignment,0.0030782372598541015
births[4].jacobian_norm,0.11763272312088181
births[4].affected_views,3
births[4].affected_pixels,197940
births[4].coefficient,-0.03
births[4].active_dof_count,5
births[4].born_dof_count,5
births[4].accepted_births,5
births[4].initialized_at_zero,True
births[4].birth_image_jump,0.0
births[4].birth_source_count_change,0
births[4].birth_source_mass_change,0.0
births[4].source_count,16777216
births[4].source_weight_digest,e8a23943d73928dce091768b7789dedd1390b88a2ee2ef22b4e84ad52b924711
births[4].coefficients[0],-0.03
births[4].coefficients[1],-0.03
births[4].coefficients[2],-0.03
births[4].coefficients[3],-0.03
births[4].coefficients[4],-0.03
births[4].centers[0][0],-0.07351842161138195
births[4].centers[0][1],0.6811820444435563
births[4].centers[0][2],-0.728413388133049
births[4].centers[1][0],0.6720258443143237
births[4].centers[1][1],0.5230814425100977
births[4].centers[1][2],-0.5241822861135006
births[4].centers[2][0],0.12062150794935045
births[4].centers[2][1],0.2665257085036449
births[4].centers[2][2],-0.9562502279877663
births[4].centers[3][0],0.6105258360802454
births[4].centers[3][1],0.566767707400702
births[4].centers[3][2],-0.5728702979286703
births[4].centers[4][0],0.13361574155036657
births[4].centers[4][1],0.8868378640189128
births[4].centers[4][2],0.44234086014330387
births[4].radii[0],0.45
births[4].radii[1],0.45
births[4].radii[2],0.45
births[4].radii[3],0.45
births[4].radii[4],0.45
births[4].realized_gain,9.178092122366643e-05
births[4].optimization.accepted,True
births[4].optimization.linear_solver_failures,0
births[4].optimization.line_search_failures,0
births[4].optimization.trials[0].alpha,1.0
births[4].optimization.trials[0].loss,0.06282099474139602
births[4].optimization.trials[0].coefficient[0],-0.03
births[4].optimization.trials[0].coefficient[1],-0.03
births[4].optimization.trials[0].coefficient[2],-0.03
births[4].optimization.trials[0].coefficient[3],-0.03
births[4].optimization.trials[0].coefficient[4],-0.03
births[4].optimization.trials[0].timing.signature.config_digest,62ca4976cb787bbdbc3fd85b82677cf3aaa45a383158d798e34cfdd3b30c3861
births[4].optimization.trials[0].timing.signature.field_digest,11162da077d54597700e705723b34acb147f47c44095818ea0b0ecb554a3fc55
births[4].optimization.trials[0].timing.signature.count,16777216
births[4].optimization.trials[0].timing.signature.seed,101
births[4].optimization.trials[0].timing.signature.operator_version,v0817_CURRENT_fixed_measure_C3
births[4].optimization.trials[0].timing.signature.shape[0],4
births[4].optimization.trials[0].timing.signature.shape[1],1080
births[4].optimization.trials[0].timing.signature.shape[2],1920
births[4].optimization.trials[0].timing.signature.shape[3],3
births[4].optimization.trials[0].timing.signature.dtype,float32
births[4].optimization.trials[0].timing.signature.source_digest,e9a0305b3ed0de34bf755a1f588cd96b3f0913d79827dc0c89908e88e8dfbd53
births[4].optimization.trials[0].timing.signature.centers,d2fe468cb3158ce1a3f7bc97cca77d73f696da01227547d53b66254a47024c56
births[4].optimization.trials[0].timing.signature.radii,22a4ce3bfc993b236a7b3bdfa21c7d80bec5d8bc60dda06fbfde4955b43000b2
births[4].optimization.trials[0].timing.signature.coefficients,478e5972dd9a1a3e5740fd7cdb372d4b500f5d03ae8d482a2634c762d4eb7237
births[4].optimization.trials[0].timing.source_seconds,59.08346963301301
births[4].optimization.trials[0].timing.transport_seconds,349.9793438699562
births[4].optimization.trials[0].timing.detector_seconds,80.67775184707716
births[4].optimization.trials[0].timing.total_seconds,489.78190606296994
births[4].optimization.trials[0].timing.peak_cuda_allocated_mib,790.51806640625
births[4].optimization.trials[0].timing.peak_cuda_reserved_mib,9518.0
births[4].optimization.trials[0].timing.cpu_rss_peak_mib,9754.1328125
births[4].optimization.trials[0].timing.energy_accounting[0].view,0
births[4].optimization.trials[0].timing.energy_accounting[0].input_energy,0.5828781045205631
births[4].optimization.trials[0].timing.energy_accounting[0].detected_energy,0.582877832439034
births[4].optimization.trials[0].timing.energy_accounting[0].relative_energy_difference,4.667897575401992e-07
births[4].optimization.trials[0].timing.energy_accounting[0].projected_count_sum,16777169.918836216
births[4].optimization.trials[0].timing.energy_accounting[0].boundary_checked,True
births[4].optimization.trials[0].timing.energy_accounting[0].boundary_lost_energy,0.0
births[4].optimization.trials[0].timing.energy_accounting[0].expected_in_window_energy,0.5828781045205631
births[4].optimization.trials[0].timing.energy_accounting[0].numerical_energy_relative_error,4.667897575401992e-07
births[4].optimization.trials[0].timing.energy_accounting[1].view,1
births[4].optimization.trials[0].timing.energy_accounting[1].input_energy,0.44449731433121836
births[4].optimization.trials[0].timing.energy_accounting[1].detected_energy,0.4444970831703201
births[4].optimization.trials[0].timing.energy_accounting[1].relative_energy_difference,5.200501573427192e-07
births[4].optimization.trials[0].timing.energy_accounting[1].projected_count_sum,16777169.877650518
births[4].optimization.trials[0].timing.energy_accounting[1].boundary_checked,True
births[4].optimization.trials[0].timing.energy_accounting[1].boundary_lost_energy,0.0
births[4].optimization.trials[0].timing.energy_accounting[1].expected_in_window_energy,0.44449731433121836
births[4].optimization.trials[0].timing.energy_accounting[1].numerical_energy_relative_error,5.200501573427192e-07
births[4].optimization.trials[0].timing.energy_accounting[2].view,2
births[4].optimization.trials[0].timing.energy_accounting[2].input_energy,0.5404559983986527
births[4].optimization.trials[0].timing.energy_accounting[2].detected_energy,0.5404557371323575
births[4].optimization.trials[0].timing.energy_accounting[2].relative_energy_difference,4.834182540819513e-07
births[4].optimization.trials[0].timing.energy_accounting[2].projected_count_sum,16777170.10402594
births[4].optimization.trials[0].timing.energy_accounting[2].boundary_checked,True
births[4].optimization.trials[0].timing.energy_accounting[2].boundary_lost_energy,0.0
births[4].optimization.trials[0].timing.energy_accounting[2].expected_in_window_energy,0.5404559983986527
births[4].optimization.trials[0].timing.energy_accounting[2].numerical_energy_relative_error,4.834182540819513e-07
births[4].optimization.trials[0].timing.energy_accounting[3].view,3
births[4].optimization.trials[0].timing.energy_accounting[3].input_energy,0.460069378291031
births[4].optimization.trials[0].timing.energy_accounting[3].detected_energy,0.4600691426955036
births[4].optimization.trials[0].timing.energy_accounting[3].relative_energy_difference,5.120869558747688e-07
births[4].optimization.trials[0].timing.energy_accounting[3].projected_count_sum,16777169.92068638
births[4].optimization.trials[0].timing.energy_accounting[3].boundary_checked,True
births[4].optimization.trials[0].timing.energy_accounting[3].boundary_lost_energy,0.0
births[4].optimization.trials[0].timing.energy_accounting[3].expected_in_window_energy,0.460069378291031
births[4].optimization.trials[0].timing.energy_accounting[3].numerical_energy_relative_error,5.120869558747688e-07
births[4].optimization.trials[0].timing.root_failures,0
births[4].optimization.trials[0].timing.attachment_residual_max,6.696032617270475e-16
births[4].optimization.trials[0].timing.maximum_displacement,0.02669249337387941
births[4].optimization.trials[0].timing.image_digest,907d10eb3c055e2e04afc0dc87847ef43555f2d11514e6ed8452e9273599ccac
births[4].optimization.trials[0].timing.state_persisted,False
births[4].optimization.trials[0].finite,True
births[4].optimization.realized_gain,9.178092122366643e-05
births[4].optimization.coefficient_limit_hits,5
births[4].optimization.seconds,491.9666716950014
births[4].observation.whole_image_mse,0.12564203960905349
births[4].observation.foreground_mse,0.14911189983472437
births[4].observation.interior_gt8px_mse,0.13072566334966812
births[4].observation.silhouette_0_8px_mse,0.3603532313294503
births[4].observation.foreground_mean_brightness,0.5129025359650116
births[4].observation.edge_sharpness,0.00605965401976486
births[4].observation.reference_edge_sharpness,0.09199675652077396
births[4].observation.edge_sharpness_ratio,0.06586812675723538
births[4].observation.thin_feature_response_ratio,0.01776127096564778
births[4].observation.per_view[0].gradient_magnitude_ratio,0.27631708627063306
births[4].observation.per_view[0].gradient_cosine,0.003268522589015509
births[4].observation.per_view[0].reference_aligned_gradient_energy,97.92388564734682
births[4].observation.per_view[0].unmatched_gradient_energy,366.279080516901
births[4].observation.per_view[0].excess_hf_weak_reference,0.000201515608625441
births[4].observation.per_view[0].gradient_squared_error,0.001575295349614218
births[4].observation.per_view[0].weak_reference_pixels,1624532
births[4].observation.per_view[1].gradient_magnitude_ratio,0.27359330422202716
births[4].observation.per_view[1].gradient_cosine,0.0013768501672706739
births[4].observation.per_view[1].reference_aligned_gradient_energy,59.260859895674784
births[4].observation.per_view[1].unmatched_gradient_energy,375.51805893095997
births[4].observation.per_view[1].excess_hf_weak_reference,0.00020515565099848786
births[4].observation.per_view[1].gradient_squared_error,0.0015043443055957528
births[4].observation.per_view[1].weak_reference_pixels,1644948
births[4].observation.per_view[2].gradient_magnitude_ratio,0.27668402887733
births[4].observation.per_view[2].gradient_cosine,0.0064014708209860945
births[4].observation.per_view[2].reference_aligned_gradient_energy,91.44838764308294
births[4].observation.per_view[2].unmatched_gradient_energy,380.4119519266013
births[4].observation.per_view[2].excess_hf_weak_reference,0.0002209307547040543
births[4].observation.per_view[2].gradient_squared_error,0.0015947579084797014
births[4].observation.per_view[2].weak_reference_pixels,1561449
births[4].observation.per_view[3].gradient_magnitude_ratio,0.3157862036101483
births[4].observation.per_view[3].gradient_cosine,0.006299779293217149
births[4].observation.per_view[3].reference_aligned_gradient_energy,39.353080996920376
births[4].observation.per_view[3].unmatched_gradient_energy,404.7654466825679
births[4].observation.per_view[3].excess_hf_weak_reference,0.00023636757578890424
births[4].observation.per_view[3].gradient_squared_error,0.0011767006110746043
births[4].observation.per_view[3].weak_reference_pixels,1668420
births[4].observation.gradient_magnitude_ratio,0.28559515574503463
births[4].observation.gradient_cosine,0.0043366557176223565
births[4].observation.reference_aligned_gradient_energy,71.99655354575623
births[4].observation.unmatched_gradient_energy,381.74363451425756
births[4].observation.excess_hf_weak_reference,0.00021599239752922184
births[4].observation.gradient_squared_error,0.0014627745436910692
births[4].observation.weak_reference_pixels,1624837.25
births[4].observation.loss,0.06282099474139602
births[4].observation.detected_energy,6307579.523725626
births[4].observation.relative_rgb_l2,0.8239197030702408
births[4].observation.per_view_mse[0],0.14771341377146874
births[4].observation.per_view_mse[1],0.11830023608675146
births[4].observation.per_view_mse[2],0.131300317982794
births[4].observation.per_view_mse[3],0.10525399009015456
births[4].observation.foreground_mask_iou[0],0.5580007778648158
births[4].observation.foreground_mask_iou[1],0.5431160647665354
births[4].observation.foreground_mask_iou[2],0.6111626930709186
births[4].observation.foreground_mask_iou[3],0.5997283420080444
births[4].observation.squared_image_energy,4414561.375
births[4].geometry.symmetric_chamfer,0.23717678416615567
births[4].geometry.point_to_surface_mean,0.264988180302294
births[4].geometry.point_to_surface_p95,0.5964173025738544
births[4].geometry.surface_rms,0.3276648320040748
births[4].geometry.normal_consistency,0.7027667193632481
births[4].geometry.normal_error,0.2972332806367519
births[4].geometry.regional_ear_p2s_mean,0.33591185811011876
births[4].geometry.regional_head_p2s_mean,0.19402292844785837
births[4].geometry.regional_leg_p2s_mean,0.07914030652430505
births[4].geometry.regional_torso_p2s_mean,0.29639855490807415
births[4].geometry.bounds[0][0],-0.9999213884461601
births[4].geometry.bounds[0][1],-0.9999213884461601
births[4].geometry.bounds[0][2],-1.0009383147617554
births[4].geometry.bounds[1][0],0.9999214604215803
births[4].geometry.bounds[1][1],0.9999214604215803
births[4].geometry.bounds[1][2],0.9999214604215803
births[4].geometry.surface_area,12.580693165723124
births[4].geometry.components,1
births[4].geometry.maximum_outward_from_unit_sphere,0.02661757069811066
births[4].geometry.maximum_inward_from_unit_sphere,2.8567284971803275e-05
births[4].geometry.radial_deviation_p95,0.0036260964286450393
births[4].geometry.gt_extends_outside_unit_sphere,True
births[4].geometry.gt_max_radius,1.5736361939753005
births[4].geometry.source_coverage_distance_p95,0.013470601592147694
births[4].geometry.source_coverage_distance_max,0.024516594186687748
births[4].geometry.source_coverage_samples,65536
births[4].geometry.geometry_seconds,0.502899952000007
births[4].geometry.geometry_path,runs/v090_matched_birth/geometry/globe_birth5.ply
births[4].geometry.geometry_target,"MC approximation of prepared.gt_field, evaluation only; existing P2S/Chamfer definitions. Current normals updated at every evaluation."
births[4].scoring_seconds,232.8229259629734
births[4].total_seconds,732.2686182851903
births[4].peak_cuda_allocated_mib,2515.65966796875
births[4].peak_cuda_reserved_mib,9518.0
births[4].cpu_rss_peak_mib,9754.1328125
births[4].image_path,runs/v090_matched_birth/globe_birth5_trial0.npy
births[5].round,6
births[5].deterministic_id,GLOBE:6:15
births[5].center[0],0.9348412718678133
births[5].center[1],0.17414060480910115
births[5].center[2],0.3094298727810383
births[5].radius,0.45
births[5].proposal_source_id,10581946
births[5].zero_set_residual_at_birth,1.1102230246251565e-16
births[5].selected_rank,1
births[5].candidate_bank_size,32
births[5].responsive_fraction,1.0
births[5].predicted_gain,0.0004775640181980346
births[5].alignment,0.003344441305972122
births[5].jacobian_norm,0.10821586311757249
births[5].affected_views,4
births[5].affected_pixels,198575
births[5].coefficient,-0.03
births[5].active_dof_count,6
births[5].born_dof_count,6
births[5].accepted_births,6
births[5].initialized_at_zero,True
births[5].birth_image_jump,0.0
births[5].birth_source_count_change,0
births[5].birth_source_mass_change,0.0
births[5].source_count,16777216
births[5].source_weight_digest,e8a23943d73928dce091768b7789dedd1390b88a2ee2ef22b4e84ad52b924711
births[5].coefficients[0],-0.03
births[5].coefficients[1],-0.03
births[5].coefficients[2],-0.03
births[5].coefficients[3],-0.03
births[5].coefficients[4],-0.03
births[5].coefficients[5],-0.03
births[5].centers[0][0],-0.07351842161138195
births[5].centers[0][1],0.6811820444435563
births[5].centers[0][2],-0.728413388133049
births[5].centers[1][0],0.6720258443143237
births[5].centers[1][1],0.5230814425100977
births[5].centers[1][2],-0.5241822861135006
births[5].centers[2][0],0.12062150794935045
births[5].centers[2][1],0.2665257085036449
births[5].centers[2][2],-0.9562502279877663
births[5].centers[3][0],0.6105258360802454
births[5].centers[3][1],0.566767707400702
births[5].centers[3][2],-0.5728702979286703
births[5].centers[4][0],0.13361574155036657
births[5].centers[4][1],0.8868378640189128
births[5].centers[4][2],0.44234086014330387
births[5].centers[5][0],0.9348412718678133
births[5].centers[5][1],0.17414060480910115
births[5].centers[5][2],0.3094298727810383
births[5].radii[0],0.45
births[5].radii[1],0.45
births[5].radii[2],0.45
births[5].radii[3],0.45
births[5].radii[4],0.45
births[5].radii[5],0.45
births[5].realized_gain,9.772109685715624e-05
births[5].optimization.accepted,True
births[5].optimization.linear_solver_failures,0
births[5].optimization.line_search_failures,0
births[5].optimization.trials[0].alpha,1.0
births[5].optimization.trials[0].loss,0.06272327364453886
births[5].optimization.trials[0].coefficient[0],-0.03
births[5].optimization.trials[0].coefficient[1],-0.03
births[5].optimization.trials[0].coefficient[2],-0.03
births[5].optimization.trials[0].coefficient[3],-0.03
births[5].optimization.trials[0].coefficient[4],-0.03
births[5].optimization.trials[0].coefficient[5],-0.03
births[5].optimization.trials[0].timing.signature.config_digest,62ca4976cb787bbdbc3fd85b82677cf3aaa45a383158d798e34cfdd3b30c3861
births[5].optimization.trials[0].timing.signature.field_digest,11162da077d54597700e705723b34acb147f47c44095818ea0b0ecb554a3fc55
births[5].optimization.trials[0].timing.signature.count,16777216
births[5].optimization.trials[0].timing.signature.seed,101
births[5].optimization.trials[0].timing.signature.operator_version,v0817_CURRENT_fixed_measure_C3
births[5].optimization.trials[0].timing.signature.shape[0],4
births[5].optimization.trials[0].timing.signature.shape[1],1080
births[5].optimization.trials[0].timing.signature.shape[2],1920
births[5].optimization.trials[0].timing.signature.shape[3],3
births[5].optimization.trials[0].timing.signature.dtype,float32
births[5].optimization.trials[0].timing.signature.source_digest,e9a0305b3ed0de34bf755a1f588cd96b3f0913d79827dc0c89908e88e8dfbd53
births[5].optimization.trials[0].timing.signature.centers,267403d3ffec29973807530670285a4f6de1e46754c38b2b2c0423d8c3331be5
births[5].optimization.trials[0].timing.signature.radii,800b168637386d08fae516a50cc8784c228428d0e4a4dc35582b14be93b1b002
births[5].optimization.trials[0].timing.signature.coefficients,7dffa2aaee34d15636c21ed52f50d847cc2ea69151aece7717c3b2e571ca2325
births[5].optimization.trials[0].timing.source_seconds,59.032729419879615
births[5].optimization.trials[0].timing.transport_seconds,390.23722736514173
births[5].optimization.trials[0].timing.detector_seconds,81.0268276471179
births[5].optimization.trials[0].timing.total_seconds,530.338872859953
births[5].optimization.trials[0].timing.peak_cuda_allocated_mib,794.9208984375
births[5].optimization.trials[0].timing.peak_cuda_reserved_mib,11280.0
births[5].optimization.trials[0].timing.cpu_rss_peak_mib,9754.1328125
births[5].optimization.trials[0].timing.energy_accounting[0].view,0
births[5].optimization.trials[0].timing.energy_accounting[0].input_energy,0.5826938267984806
births[5].optimization.trials[0].timing.energy_accounting[0].detected_energy,0.5826935548938691
births[5].optimization.trials[0].timing.energy_accounting[0].relative_energy_difference,4.66633760283499e-07
births[5].optimization.trials[0].timing.energy_accounting[0].projected_count_sum,16777169.903318746
births[5].optimization.trials[0].timing.energy_accounting[0].boundary_checked,True
births[5].optimization.trials[0].timing.energy_accounting[0].boundary_lost_energy,0.0
births[5].optimization.trials[0].timing.energy_accounting[0].expected_in_window_energy,0.5826938267984806
births[5].optimization.trials[0].timing.energy_accounting[0].numerical_energy_relative_error,4.66633760283499e-07
births[5].optimization.trials[0].timing.energy_accounting[1].view,1
births[5].optimization.trials[0].timing.energy_accounting[1].input_energy,0.44449731472181875
births[5].optimization.trials[0].timing.energy_accounting[1].detected_energy,0.4444970835614105
births[5].optimization.trials[0].timing.energy_accounting[1].relative_energy_difference,5.200490545237651e-07
births[5].optimization.trials[0].timing.energy_accounting[1].projected_count_sum,16777169.754647655
births[5].optimization.trials[0].timing.energy_accounting[1].boundary_checked,True
births[5].optimization.trials[0].timing.energy_accounting[1].boundary_lost_energy,0.0
births[5].optimization.trials[0].timing.energy_accounting[1].expected_in_window_energy,0.44449731472181875
births[5].optimization.trials[0].timing.energy_accounting[1].numerical_energy_relative_error,5.200490545237651e-07
births[5].optimization.trials[0].timing.energy_accounting[2].view,2
births[5].optimization.trials[0].timing.energy_accounting[2].input_energy,0.5405250996858956
births[5].optimization.trials[0].timing.energy_accounting[2].detected_energy,0.5405248377017277
births[5].optimization.trials[0].timing.energy_accounting[2].relative_energy_difference,4.846845559391631e-07
births[5].optimization.trials[0].timing.energy_accounting[2].projected_count_sum,16777169.68203147
births[5].optimization.trials[0].timing.energy_accounting[2].boundary_checked,True
births[5].optimization.trials[0].timing.energy_accounting[2].boundary_lost_energy,0.0
births[5].optimization.trials[0].timing.energy_accounting[2].expected_in_window_energy,0.5405250996858956
births[5].optimization.trials[0].timing.energy_accounting[2].numerical_energy_relative_error,4.846845559391631e-07
births[5].optimization.trials[0].timing.energy_accounting[3].view,3
births[5].optimization.trials[0].timing.energy_accounting[3].input_energy,0.4590753310964179
births[5].optimization.trials[0].timing.energy_accounting[3].detected_energy,0.45907509617670794
births[5].optimization.trials[0].timing.energy_accounting[3].relative_energy_difference,5.117236628717053e-07
births[5].optimization.trials[0].timing.energy_accounting[3].projected_count_sum,16777169.80163622
births[5].optimization.trials[0].timing.energy_accounting[3].boundary_checked,True
births[5].optimization.trials[0].timing.energy_accounting[3].boundary_lost_energy,0.0
births[5].optimization.trials[0].timing.energy_accounting[3].expected_in_window_energy,0.4590753310964179
births[5].optimization.trials[0].timing.energy_accounting[3].numerical_energy_relative_error,5.117236628717053e-07
births[5].optimization.trials[0].timing.root_failures,0
births[5].optimization.trials[0].timing.attachment_residual_max,6.696032617270475e-16
births[5].optimization.trials[0].timing.maximum_displacement,0.02669249337387941
births[5].optimization.trials[0].timing.image_digest,5523dcca798ffa7fb2babbf6518f852f686771f1f103db2dae08bd1128a92df0
births[5].optimization.trials[0].timing.state_persisted,False
births[5].optimization.trials[0].finite,True
births[5].optimization.realized_gain,9.772109685715624e-05
births[5].optimization.coefficient_limit_hits,6
births[5].optimization.seconds,532.4690005758312
births[5].observation.whole_image_mse,0.12544658142843365
births[5].observation.foreground_mse,0.1491341244780539
births[5].observation.interior_gt8px_mse,0.13074917787653972
births[5].observation.silhouette_0_8px_mse,0.3603532313294503
births[5].observation.foreground_mean_brightness,0.5128221206151725
births[5].observation.edge_sharpness,0.00605965401860659
births[5].observation.reference_edge_sharpness,0.09199675652077396
births[5].observation.edge_sharpness_ratio,0.06586812674464504
births[5].observation.thin_feature_response_ratio,0.0177620302239631
births[5].observation.per_view[0].gradient_magnitude_ratio,0.27633218156399386
births[5].observation.per_view[0].gradient_cosine,0.0033314476611177183
births[5].observation.per_view[0].reference_aligned_gradient_energy,97.94904816974778
births[5].observation.per_view[0].unmatched_gradient_energy,366.3046385015292
births[5].observation.per_view[0].excess_hf_weak_reference,0.00020151713807123691
births[5].observation.per_view[0].gradient_squared_error,0.0015752564523340323
births[5].observation.per_view[0].weak_reference_pixels,1624532
births[5].observation.per_view[1].gradient_magnitude_ratio,0.2735932909302945
births[5].observation.per_view[1].gradient_cosine,0.0013768502651352133
births[5].observation.per_view[1].reference_aligned_gradient_energy,59.26085991194905
births[5].observation.per_view[1].unmatched_gradient_energy,375.5180166697553
births[5].observation.per_view[1].excess_hf_weak_reference,0.00020515562530055132
births[5].observation.per_view[1].gradient_squared_error,0.0015043442953856412
births[5].observation.per_view[1].weak_reference_pixels,1644948
births[5].observation.per_view[2].gradient_magnitude_ratio,0.27592013555509953
births[5].observation.per_view[2].gradient_cosine,0.00641919350495052
births[5].observation.per_view[2].reference_aligned_gradient_energy,91.4483876453856
births[5].observation.per_view[2].unmatched_gradient_energy,377.8100425787853
births[5].observation.per_view[2].excess_hf_weak_reference,0.0002192644118830466
births[5].observation.per_view[2].gradient_squared_error,0.001594130519059949
births[5].observation.per_view[2].weak_reference_pixels,1561449
births[5].observation.per_view[3].gradient_magnitude_ratio,0.314049690004315
births[5].observation.per_view[3].gradient_cosine,0.006334613413979532
births[5].observation.per_view[3].reference_aligned_gradient_energy,39.353080990939915
births[5].observation.per_view[3].unmatched_gradient_energy,399.8944460737945
births[5].observation.per_view[3].excess_hf_weak_reference,0.0002334480467763607
births[5].observation.per_view[3].gradient_squared_error,0.0011755260835507834
births[5].observation.per_view[3].weak_reference_pixels,1668420
births[5].observation.gradient_magnitude_ratio,0.28497382451342573
births[5].observation.gradient_cosine,0.004365526211295746
births[5].observation.reference_aligned_gradient_energy,72.00284417950559
births[5].observation.unmatched_gradient_energy,379.88178595596605
births[5].observation.excess_hf_weak_reference,0.0002148463055077989
births[5].observation.gradient_squared_error,0.0014623143375826013
births[5].observation.weak_reference_pixels,1624837.25
births[5].observation.loss,0.06272327364453886
births[5].observation.detected_energy,6304129.396192501
births[5].observation.relative_rgb_l2,0.8232786301868761
births[5].observation.per_view_mse[0],0.14773889906949442
births[5].observation.per_view_mse[1],0.11830023617970789
births[5].observation.per_view_mse[2],0.13132185092145485
births[5].observation.per_view_mse[3],0.1044252029856536
births[5].observation.foreground_mask_iou[0],0.5580007778648158
births[5].observation.foreground_mask_iou[1],0.5431160647665354
births[5].observation.foreground_mask_iou[2],0.611075002971337
births[5].observation.foreground_mask_iou[3],0.5997304487524765
births[5].observation.squared_image_energy,4408850.5
births[5].geometry.symmetric_chamfer,0.23722581316779714
births[5].geometry.point_to_surface_mean,0.2649802257108439
births[5].geometry.point_to_surface_p95,0.5952193433120065
births[5].geometry.surface_rms,0.32653225502435146
births[5].geometry.normal_consistency,0.6991341259231236
births[5].geometry.normal_error,0.30086587407687637
births[5].geometry.regional_ear_p2s_mean,0.33156200740116537
births[5].geometry.regional_head_p2s_mean,0.1930307999432408
births[5].geometry.regional_leg_p2s_mean,0.07891402413536874
births[5].geometry.regional_torso_p2s_mean,0.29924164126525893
births[5].geometry.bounds[0][0],-0.9999213884461601
births[5].geometry.bounds[0][1],-0.9999213884461601
births[5].geometry.bounds[0][2],-1.0009383147617554
births[5].geometry.bounds[1][0],1.000067023511203
births[5].geometry.bounds[1][1],0.9999214604215803
births[5].geometry.bounds[1][2],0.9999214604215803
births[5].geometry.surface_area,12.583723249263254
births[5].geometry.components,1
births[5].geometry.maximum_outward_from_unit_sphere,0.02661757069811066
births[5].geometry.maximum_inward_from_unit_sphere,2.8567284971803275e-05
births[5].geometry.radial_deviation_p95,0.004649288818134779
births[5].geometry.gt_extends_outside_unit_sphere,True
births[5].geometry.gt_max_radius,1.5736361939753005
births[5].geometry.source_coverage_distance_p95,0.013457164329789988
births[5].geometry.source_coverage_distance_max,0.026401166722838137
births[5].geometry.source_coverage_samples,65536
births[5].geometry.geometry_seconds,0.522394253872335
births[5].geometry.geometry_path,runs/v090_matched_birth/geometry/globe_birth6.ply
births[5].geometry.geometry_target,"MC approximation of prepared.gt_field, evaluation only; existing P2S/Chamfer definitions. Current normals updated at every evaluation."
births[5].scoring_seconds,258.4497595007997
births[5].total_seconds,798.4227088089101
births[5].peak_cuda_allocated_mib,2565.8427734375
births[5].peak_cuda_reserved_mib,11280.0
births[5].cpu_rss_peak_mib,9754.1328125
births[5].image_path,runs/v090_matched_birth/globe_birth6_trial0.npy
births[6].round,7
births[6].deterministic_id,GLOBE:7:10
births[6].center[0],0.10765130760785846
births[6].center[1],0.37381169381516527
births[6].center[2],-0.931612583191458
births[6].radius,0.45
births[6].proposal_source_id,189876
births[6].zero_set_residual_at_birth,7.966853088695047e-17
births[6].selected_rank,1
births[6].candidate_bank_size,32
births[6].responsive_fraction,1.0
births[6].predicted_gain,0.0005668360064569157
births[6].alignment,0.0034972809300503277
births[6].jacobian_norm,0.10386872351023493
births[6].affected_views,2
births[6].affected_pixels,190064
births[6].coefficient,0.0
births[6].active_dof_count,7
births[6].born_dof_count,7
births[6].accepted_births,6
births[6].initialized_at_zero,True
births[6].birth_image_jump,0.0
births[6].birth_source_count_change,0
births[6].birth_source_mass_change,0.0
births[6].source_count,16777216
births[6].source_weight_digest,e8a23943d73928dce091768b7789dedd1390b88a2ee2ef22b4e84ad52b924711
births[6].coefficients[0],-0.03
births[6].coefficients[1],-0.03
births[6].coefficients[2],-0.03
births[6].coefficients[3],-0.03
births[6].coefficients[4],-0.03
births[6].coefficients[5],-0.03
births[6].coefficients[6],0.0
births[6].centers[0][0],-0.07351842161138195
births[6].centers[0][1],0.6811820444435563
births[6].centers[0][2],-0.728413388133049
births[6].centers[1][0],0.6720258443143237
births[6].centers[1][1],0.5230814425100977
births[6].centers[1][2],-0.5241822861135006
births[6].centers[2][0],0.12062150794935045
births[6].centers[2][1],0.2665257085036449
births[6].centers[2][2],-0.9562502279877663
births[6].centers[3][0],0.6105258360802454
births[6].centers[3][1],0.566767707400702
births[6].centers[3][2],-0.5728702979286703
births[6].centers[4][0],0.13361574155036657
births[6].centers[4][1],0.8868378640189128
births[6].centers[4][2],0.44234086014330387
births[6].centers[5][0],0.9348412718678133
births[6].centers[5][1],0.17414060480910115
births[6].centers[5][2],0.3094298727810383
births[6].centers[6][0],0.10765130760785846
births[6].centers[6][1],0.37381169381516527
births[6].centers[6][2],-0.931612583191458
births[6].radii[0],0.45
births[6].radii[1],0.45
births[6].radii[2],0.45
births[6].radii[3],0.45
births[6].radii[4],0.45
births[6].radii[5],0.45
births[6].radii[6],0.45
births[6].realized_gain,0.0
births[6].optimization.accepted,False
births[6].optimization.linear_solver_failures,0
births[6].optimization.line_search_failures,1
births[6].optimization.trials[0].alpha,1.0
births[6].optimization.trials[0].loss,0.06272745816094008
births[6].optimization.trials[0].coefficient[0],-0.03
births[6].optimization.trials[0].coefficient[1],-0.03
births[6].optimization.trials[0].coefficient[2],0.03
births[6].optimization.trials[0].coefficient[3],-0.03
births[6].optimization.trials[0].coefficient[4],-0.03
births[6].optimization.trials[0].coefficient[5],-0.03
births[6].optimization.trials[0].coefficient[6],-0.03
births[6].optimization.trials[0].timing.signature.config_digest,62ca4976cb787bbdbc3fd85b82677cf3aaa45a383158d798e34cfdd3b30c3861
births[6].optimization.trials[0].timing.signature.field_digest,11162da077d54597700e705723b34acb147f47c44095818ea0b0ecb554a3fc55
births[6].optimization.trials[0].timing.signature.count,16777216
births[6].optimization.trials[0].timing.signature.seed,101
births[6].optimization.trials[0].timing.signature.operator_version,v0817_CURRENT_fixed_measure_C3
births[6].optimization.trials[0].timing.signature.shape[0],4
births[6].optimization.trials[0].timing.signature.shape[1],1080
births[6].optimization.trials[0].timing.signature.shape[2],1920
births[6].optimization.trials[0].timing.signature.shape[3],3
births[6].optimization.trials[0].timing.signature.dtype,float32
births[6].optimization.trials[0].timing.signature.source_digest,e9a0305b3ed0de34bf755a1f588cd96b3f0913d79827dc0c89908e88e8dfbd53
births[6].optimization.trials[0].timing.signature.centers,48322242ec1ab2f91d2d531f449ab0505e9568789eaa8cb0501ad7cbd45a0e3e
births[6].optimization.trials[0].timing.signature.radii,185a8f54f4fd97315fcfc3c6861e8ce330dd3bc92a94f61d7ec893ce0f6e4c5d
births[6].optimization.trials[0].timing.signature.coefficients,40f6643fe8fa97fb5c74dd33cba5b2f25b9a1b9472494f5b1dba747cfcf9b3dd
births[6].optimization.trials[0].timing.source_seconds,59.1569636259228
births[6].optimization.trials[0].timing.transport_seconds,391.47120854910463
births[6].optimization.trials[0].timing.detector_seconds,81.7318103669677
births[6].optimization.trials[0].timing.total_seconds,532.4020573471207
births[6].optimization.trials[0].timing.peak_cuda_allocated_mib,795.8779296875
births[6].optimization.trials[0].timing.peak_cuda_reserved_mib,13084.0
births[6].optimization.trials[0].timing.cpu_rss_peak_mib,9754.1328125
births[6].optimization.trials[0].timing.energy_accounting[0].view,0
births[6].optimization.trials[0].timing.energy_accounting[0].input_energy,0.582472149397964
births[6].optimization.trials[0].timing.energy_accounting[0].detected_energy,0.5824718759210338
births[6].optimization.trials[0].timing.energy_accounting[0].relative_energy_difference,4.695107405483442e-07
births[6].optimization.trials[0].timing.energy_accounting[0].projected_count_sum,16777170.432584329
births[6].optimization.trials[0].timing.energy_accounting[0].boundary_checked,True
births[6].optimization.trials[0].timing.energy_accounting[0].boundary_lost_energy,0.0
births[6].optimization.trials[0].timing.energy_accounting[0].expected_in_window_energy,0.582472149397964
births[6].optimization.trials[0].timing.energy_accounting[0].numerical_energy_relative_error,4.695107405483442e-07
births[6].optimization.trials[0].timing.energy_accounting[1].view,1
births[6].optimization.trials[0].timing.energy_accounting[1].input_energy,0.44449731472181875
births[6].optimization.trials[0].timing.energy_accounting[1].detected_energy,0.4444970835616351
births[6].optimization.trials[0].timing.energy_accounting[1].relative_energy_difference,5.200485492381077e-07
births[6].optimization.trials[0].timing.energy_accounting[1].projected_count_sum,16777169.769125912
births[6].optimization.trials[0].timing.energy_accounting[1].boundary_checked,True
births[6].optimization.trials[0].timing.energy_accounting[1].boundary_lost_energy,0.0
births[6].optimization.trials[0].timing.energy_accounting[1].expected_in_window_energy,0.44449731472181875
births[6].optimization.trials[0].timing.energy_accounting[1].numerical_energy_relative_error,5.200485492381077e-07
births[6].optimization.trials[0].timing.energy_accounting[2].view,2
births[6].optimization.trials[0].timing.energy_accounting[2].input_energy,0.5407683722466423
births[6].optimization.trials[0].timing.energy_accounting[2].detected_energy,0.5407681103373516
births[6].optimization.trials[0].timing.energy_accounting[2].relative_energy_difference,4.843280490158463e-07
births[6].optimization.trials[0].timing.energy_accounting[2].projected_count_sum,16777169.68161685
births[6].optimization.trials[0].timing.energy_accounting[2].boundary_checked,True
births[6].optimization.trials[0].timing.energy_accounting[2].boundary_lost_energy,0.0
births[6].optimization.trials[0].timing.energy_accounting[2].expected_in_window_energy,0.5407683722466423
births[6].optimization.trials[0].timing.energy_accounting[2].numerical_energy_relative_error,4.843280490158463e-07
births[6].optimization.trials[0].timing.energy_accounting[3].view,3
births[6].optimization.trials[0].timing.energy_accounting[3].input_energy,0.4590753310964179
births[6].optimization.trials[0].timing.energy_accounting[3].detected_energy,0.4590750961766877
births[6].optimization.trials[0].timing.energy_accounting[3].relative_energy_difference,5.117237070073162e-07
births[6].optimization.trials[0].timing.energy_accounting[3].projected_count_sum,16777169.828515938
births[6].optimization.trials[0].timing.energy_accounting[3].boundary_checked,True
births[6].optimization.trials[0].timing.energy_accounting[3].boundary_lost_energy,0.0
births[6].optimization.trials[0].timing.energy_accounting[3].expected_in_window_energy,0.4590753310964179
births[6].optimization.trials[0].timing.energy_accounting[3].numerical_energy_relative_error,5.117237070073162e-07
births[6].optimization.trials[0].timing.root_failures,0
births[6].optimization.trials[0].timing.attachment_residual_max,6.696032617270475e-16
births[6].optimization.trials[0].timing.maximum_displacement,0.02669249337387941
births[6].optimization.trials[0].timing.image_digest,a0bb7bf9d1c56d98b4983f884e6b971995c57318db7a4c936a994f38a19d5d98
births[6].optimization.trials[0].timing.state_persisted,False
births[6].optimization.trials[0].finite,True
births[6].optimization.trials[1].alpha,0.5
births[6].optimization.trials[1].loss,0.06272953864125744
births[6].optimization.trials[1].coefficient[0],-0.03
births[6].optimization.trials[1].coefficient[1],-0.03
births[6].optimization.trials[1].coefficient[2],0.0
births[6].optimization.trials[1].coefficient[3],-0.03
births[6].optimization.trials[1].coefficient[4],-0.03
births[6].optimization.trials[1].coefficient[5],-0.03
births[6].optimization.trials[1].coefficient[6],-0.015
births[6].optimization.trials[1].timing.signature.config_digest,62ca4976cb787bbdbc3fd85b82677cf3aaa45a383158d798e34cfdd3b30c3861
births[6].optimization.trials[1].timing.signature.field_digest,11162da077d54597700e705723b34acb147f47c44095818ea0b0ecb554a3fc55
births[6].optimization.trials[1].timing.signature.count,16777216
births[6].optimization.trials[1].timing.signature.seed,101
births[6].optimization.trials[1].timing.signature.operator_version,v0817_CURRENT_fixed_measure_C3
births[6].optimization.trials[1].timing.signature.shape[0],4
births[6].optimization.trials[1].timing.signature.shape[1],1080
births[6].optimization.trials[1].timing.signature.shape[2],1920
births[6].optimization.trials[1].timing.signature.shape[3],3
births[6].optimization.trials[1].timing.signature.dtype,float32
births[6].optimization.trials[1].timing.signature.source_digest,e9a0305b3ed0de34bf755a1f588cd96b3f0913d79827dc0c89908e88e8dfbd53
births[6].optimization.trials[1].timing.signature.centers,48322242ec1ab2f91d2d531f449ab0505e9568789eaa8cb0501ad7cbd45a0e3e
births[6].optimization.trials[1].timing.signature.radii,185a8f54f4fd97315fcfc3c6861e8ce330dd3bc92a94f61d7ec893ce0f6e4c5d
births[6].optimization.trials[1].timing.signature.coefficients,e573704100d94c00206be4edfff9a52e7e0402874a4d3ebd77ba3dc48a1dedcf
births[6].optimization.trials[1].timing.source_seconds,59.215915011940524
births[6].optimization.trials[1].timing.transport_seconds,387.6638504820876
births[6].optimization.trials[1].timing.detector_seconds,83.78167458786629
births[6].optimization.trials[1].timing.total_seconds,530.7022381399292
births[6].optimization.trials[1].timing.peak_cuda_allocated_mib,794.955078125
births[6].optimization.trials[1].timing.peak_cuda_reserved_mib,13084.0
births[6].optimization.trials[1].timing.cpu_rss_peak_mib,9754.1328125
births[6].optimization.trials[1].timing.energy_accounting[0].view,0
births[6].optimization.trials[1].timing.energy_accounting[0].input_energy,0.5826016687510787
births[6].optimization.trials[1].timing.energy_accounting[0].detected_energy,0.5826013956086277
births[6].optimization.trials[1].timing.energy_accounting[0].relative_energy_difference,4.6883224961586755e-07
births[6].optimization.trials[1].timing.energy_accounting[0].projected_count_sum,16777170.215485286
births[6].optimization.trials[1].timing.energy_accounting[0].boundary_checked,True
births[6].optimization.trials[1].timing.energy_accounting[0].boundary_lost_energy,0.0
births[6].optimization.trials[1].timing.energy_accounting[0].expected_in_window_energy,0.5826016687510787
births[6].optimization.trials[1].timing.energy_accounting[0].numerical_energy_relative_error,4.6883224961586755e-07
births[6].optimization.trials[1].timing.energy_accounting[1].view,1
births[6].optimization.trials[1].timing.energy_accounting[1].input_energy,0.44449731472181875
births[6].optimization.trials[1].timing.energy_accounting[1].detected_energy,0.44449708356165035
births[6].optimization.trials[1].timing.energy_accounting[1].relative_energy_difference,5.200485148946683e-07
births[6].optimization.trials[1].timing.energy_accounting[1].projected_count_sum,16777169.767985415
births[6].optimization.trials[1].timing.energy_accounting[1].boundary_checked,True
births[6].optimization.trials[1].timing.energy_accounting[1].boundary_lost_energy,0.0
births[6].optimization.trials[1].timing.energy_accounting[1].expected_in_window_energy,0.44449731472181875
births[6].optimization.trials[1].timing.energy_accounting[1].numerical_energy_relative_error,5.200485148946683e-07
births[6].optimization.trials[1].timing.energy_accounting[2].view,2
births[6].optimization.trials[1].timing.energy_accounting[2].input_energy,0.5406631491812472
births[6].optimization.trials[1].timing.energy_accounting[2].detected_energy,0.540662887288376
births[6].optimization.trials[1].timing.energy_accounting[2].relative_energy_difference,4.843919391859983e-07
births[6].optimization.trials[1].timing.energy_accounting[2].projected_count_sum,16777169.678248856
births[6].optimization.trials[1].timing.energy_accounting[2].boundary_checked,True
births[6].optimization.trials[1].timing.energy_accounting[2].boundary_lost_energy,0.0
births[6].optimization.trials[1].timing.energy_accounting[2].expected_in_window_energy,0.5406631491812472
births[6].optimization.trials[1].timing.energy_accounting[2].numerical_energy_relative_error,4.843919391859983e-07
births[6].optimization.trials[1].timing.energy_accounting[3].view,3
births[6].optimization.trials[1].timing.energy_accounting[3].input_energy,0.4590753310964179
births[6].optimization.trials[1].timing.energy_accounting[3].detected_energy,0.4590750961760102
births[6].optimization.trials[1].timing.energy_accounting[3].relative_energy_difference,5.117251827086744e-07
births[6].optimization.trials[1].timing.energy_accounting[3].projected_count_sum,16777169.814514529
births[6].optimization.trials[1].timing.energy_accounting[3].boundary_checked,True
births[6].optimization.trials[1].timing.energy_accounting[3].boundary_lost_energy,0.0
births[6].optimization.trials[1].timing.energy_accounting[3].expected_in_window_energy,0.4590753310964179
births[6].optimization.trials[1].timing.energy_accounting[3].numerical_energy_relative_error,5.117251827086744e-07
births[6].optimization.trials[1].timing.root_failures,0
births[6].optimization.trials[1].timing.attachment_residual_max,6.696032617270475e-16
births[6].optimization.trials[1].timing.maximum_displacement,0.02669249337387941
births[6].optimization.trials[1].timing.image_digest,f763c93dd12805e8cc7b2fe73486ce969f9bbbd1ba126fe234bc5254952ef693
births[6].optimization.trials[1].timing.state_persisted,False
births[6].optimization.trials[1].finite,True
births[6].optimization.trials[2].alpha,0.25
births[6].optimization.trials[2].loss,0.06272753685876414
births[6].optimization.trials[2].coefficient[0],-0.03
births[6].optimization.trials[2].coefficient[1],-0.03
births[6].optimization.trials[2].coefficient[2],-0.015
births[6].optimization.trials[2].coefficient[3],-0.03
births[6].optimization.trials[2].coefficient[4],-0.03
births[6].optimization.trials[2].coefficient[5],-0.03
births[6].optimization.trials[2].coefficient[6],-0.0075
births[6].optimization.trials[2].timing.signature.config_digest,62ca4976cb787bbdbc3fd85b82677cf3aaa45a383158d798e34cfdd3b30c3861
births[6].optimization.trials[2].timing.signature.field_digest,11162da077d54597700e705723b34acb147f47c44095818ea0b0ecb554a3fc55
births[6].optimization.trials[2].timing.signature.count,16777216
births[6].optimization.trials[2].timing.signature.seed,101
births[6].optimization.trials[2].timing.signature.operator_version,v0817_CURRENT_fixed_measure_C3
births[6].optimization.trials[2].timing.signature.shape[0],4
births[6].optimization.trials[2].timing.signature.shape[1],1080
births[6].optimization.trials[2].timing.signature.shape[2],1920
births[6].optimization.trials[2].timing.signature.shape[3],3
births[6].optimization.trials[2].timing.signature.dtype,float32
births[6].optimization.trials[2].timing.signature.source_digest,e9a0305b3ed0de34bf755a1f588cd96b3f0913d79827dc0c89908e88e8dfbd53
births[6].optimization.trials[2].timing.signature.centers,48322242ec1ab2f91d2d531f449ab0505e9568789eaa8cb0501ad7cbd45a0e3e
births[6].optimization.trials[2].timing.signature.radii,185a8f54f4fd97315fcfc3c6861e8ce330dd3bc92a94f61d7ec893ce0f6e4c5d
births[6].optimization.trials[2].timing.signature.coefficients,54cd9f5d87b0411be9dffa69c30d80d78c4f311188ce7bd423d613490b50e135
births[6].optimization.trials[2].timing.source_seconds,59.68428162112832
births[6].optimization.trials[2].timing.transport_seconds,393.71761867799796
births[6].optimization.trials[2].timing.detector_seconds,86.62973711802624
births[6].optimization.trials[2].timing.total_seconds,540.0992317202035
births[6].optimization.trials[2].timing.peak_cuda_allocated_mib,795.876953125
births[6].optimization.trials[2].timing.peak_cuda_reserved_mib,13084.0
births[6].optimization.trials[2].timing.cpu_rss_peak_mib,9754.1328125
births[6].optimization.trials[2].timing.energy_accounting[0].view,0
births[6].optimization.trials[2].timing.energy_accounting[0].input_energy,0.5826525866986447
births[6].optimization.trials[2].timing.energy_accounting[0].detected_energy,0.5826523142727908
births[6].optimization.trials[2].timing.energy_accounting[0].relative_energy_difference,4.675613909467607e-07
births[6].optimization.trials[2].timing.energy_accounting[0].projected_count_sum,16777170.061012136
births[6].optimization.trials[2].timing.energy_accounting[0].boundary_checked,True
births[6].optimization.trials[2].timing.energy_accounting[0].boundary_lost_energy,0.0
births[6].optimization.trials[2].timing.energy_accounting[0].expected_in_window_energy,0.5826525866986447
births[6].optimization.trials[2].timing.energy_accounting[0].numerical_energy_relative_error,4.675613909467607e-07
births[6].optimization.trials[2].timing.energy_accounting[1].view,1
births[6].optimization.trials[2].timing.energy_accounting[1].input_energy,0.44449731472181875
births[6].optimization.trials[2].timing.energy_accounting[1].detected_energy,0.44449708356165724
births[6].optimization.trials[2].timing.energy_accounting[1].relative_energy_difference,5.200484994088993e-07
births[6].optimization.trials[2].timing.energy_accounting[1].projected_count_sum,16777169.763413243
births[6].optimization.trials[2].timing.energy_accounting[1].boundary_checked,True
births[6].optimization.trials[2].timing.energy_accounting[1].boundary_lost_energy,0.0
births[6].optimization.trials[2].timing.energy_accounting[1].expected_in_window_energy,0.44449731472181875
births[6].optimization.trials[2].timing.energy_accounting[1].numerical_energy_relative_error,5.200484994088993e-07
births[6].optimization.trials[2].timing.energy_accounting[2].view,2
births[6].optimization.trials[2].timing.energy_accounting[2].input_energy,0.5405978695956043
births[6].optimization.trials[2].timing.energy_accounting[2].detected_energy,0.5405976076610032
births[6].optimization.trials[2].timing.energy_accounting[2].relative_energy_difference,4.845276236772043e-07
births[6].optimization.trials[2].timing.energy_accounting[2].projected_count_sum,16777169.684437962
births[6].optimization.trials[2].timing.energy_accounting[2].boundary_checked,True
births[6].optimization.trials[2].timing.energy_accounting[2].boundary_lost_energy,0.0
births[6].optimization.trials[2].timing.energy_accounting[2].expected_in_window_energy,0.5405978695956043
births[6].optimization.trials[2].timing.energy_accounting[2].numerical_energy_relative_error,4.845276236772043e-07
births[6].optimization.trials[2].timing.energy_accounting[3].view,3
births[6].optimization.trials[2].timing.energy_accounting[3].input_energy,0.4590753310964179
births[6].optimization.trials[2].timing.energy_accounting[3].detected_energy,0.45907509617612147
births[6].optimization.trials[2].timing.energy_accounting[3].relative_energy_difference,5.117249403860326e-07
births[6].optimization.trials[2].timing.energy_accounting[3].projected_count_sum,16777169.811061118
births[6].optimization.trials[2].timing.energy_accounting[3].boundary_checked,True
births[6].optimization.trials[2].timing.energy_accounting[3].boundary_lost_energy,0.0
births[6].optimization.trials[2].timing.energy_accounting[3].expected_in_window_energy,0.4590753310964179
births[6].optimization.trials[2].timing.energy_accounting[3].numerical_energy_relative_error,5.117249403860326e-07
births[6].optimization.trials[2].timing.root_failures,0
births[6].optimization.trials[2].timing.attachment_residual_max,6.696032617270475e-16
births[6].optimization.trials[2].timing.maximum_displacement,0.02669249337387941
births[6].optimization.trials[2].timing.image_digest,08eb17be3d537ec9d3cc8a019b078155094b5c6292015f17a6081441dcb740cc
births[6].optimization.trials[2].timing.state_persisted,False
births[6].optimization.trials[2].finite,True
births[6].optimization.trials[3].alpha,0.125
births[6].optimization.trials[3].loss,0.06272567305113834
births[6].optimization.trials[3].coefficient[0],-0.03
births[6].optimization.trials[3].coefficient[1],-0.03
births[6].optimization.trials[3].coefficient[2],-0.0225
births[6].optimization.trials[3].coefficient[3],-0.03
births[6].optimization.trials[3].coefficient[4],-0.03
births[6].optimization.trials[3].coefficient[5],-0.03
births[6].optimization.trials[3].coefficient[6],-0.00375
births[6].optimization.trials[3].timing.signature.config_digest,62ca4976cb787bbdbc3fd85b82677cf3aaa45a383158d798e34cfdd3b30c3861
births[6].optimization.trials[3].timing.signature.field_digest,11162da077d54597700e705723b34acb147f47c44095818ea0b0ecb554a3fc55
births[6].optimization.trials[3].timing.signature.count,16777216
births[6].optimization.trials[3].timing.signature.seed,101
births[6].optimization.trials[3].timing.signature.operator_version,v0817_CURRENT_fixed_measure_C3
births[6].optimization.trials[3].timing.signature.shape[0],4
births[6].optimization.trials[3].timing.signature.shape[1],1080
births[6].optimization.trials[3].timing.signature.shape[2],1920
births[6].optimization.trials[3].timing.signature.shape[3],3
births[6].optimization.trials[3].timing.signature.dtype,float32
births[6].optimization.trials[3].timing.signature.source_digest,e9a0305b3ed0de34bf755a1f588cd96b3f0913d79827dc0c89908e88e8dfbd53
births[6].optimization.trials[3].timing.signature.centers,48322242ec1ab2f91d2d531f449ab0505e9568789eaa8cb0501ad7cbd45a0e3e
births[6].optimization.trials[3].timing.signature.radii,185a8f54f4fd97315fcfc3c6861e8ce330dd3bc92a94f61d7ec893ce0f6e4c5d
births[6].optimization.trials[3].timing.signature.coefficients,022b0d0702641615482f9506ca0c6089de66d8fdbd8dde11f8c7a21c89a064c0
births[6].optimization.trials[3].timing.source_seconds,67.76337350718677
births[6].optimization.trials[3].timing.transport_seconds,410.6077318668831
births[6].optimization.trials[3].timing.detector_seconds,83.79299646988511
births[6].optimization.trials[3].timing.total_seconds,562.2070480701514
births[6].optimization.trials[3].timing.peak_cuda_allocated_mib,795.8759765625
births[6].optimization.trials[3].timing.peak_cuda_reserved_mib,13084.0
births[6].optimization.trials[3].timing.cpu_rss_peak_mib,9754.1328125
births[6].optimization.trials[3].timing.energy_accounting[0].view,0
births[6].optimization.trials[3].timing.energy_accounting[0].input_energy,0.5826741854036952
births[6].optimization.trials[3].timing.energy_accounting[0].detected_energy,0.5826739131632922
births[6].optimization.trials[3].timing.energy_accounting[0].relative_energy_difference,4.672257838401616e-07
births[6].optimization.trials[3].timing.energy_accounting[0].projected_count_sum,16777169.967054676
births[6].optimization.trials[3].timing.energy_accounting[0].boundary_checked,True
births[6].optimization.trials[3].timing.energy_accounting[0].boundary_lost_energy,0.0
births[6].optimization.trials[3].timing.energy_accounting[0].expected_in_window_energy,0.5826741854036952
births[6].optimization.trials[3].timing.energy_accounting[0].numerical_energy_relative_error,4.672257838401616e-07
births[6].optimization.trials[3].timing.energy_accounting[1].view,1
births[6].optimization.trials[3].timing.energy_accounting[1].input_energy,0.44449731472181875
births[6].optimization.trials[3].timing.energy_accounting[1].detected_energy,0.4444970835613008
births[6].optimization.trials[3].timing.energy_accounting[1].relative_energy_difference,5.200493012969878e-07
births[6].optimization.trials[3].timing.energy_accounting[1].projected_count_sum,16777169.761783997
births[6].optimization.trials[3].timing.energy_accounting[1].boundary_checked,True
births[6].optimization.trials[3].timing.energy_accounting[1].boundary_lost_energy,0.0
births[6].optimization.trials[3].timing.energy_accounting[1].expected_in_window_energy,0.44449731472181875
births[6].optimization.trials[3].timing.energy_accounting[1].numerical_energy_relative_error,5.200493012969878e-07
births[6].optimization.trials[3].timing.energy_accounting[2].view,2
births[6].optimization.trials[3].timing.energy_accounting[2].input_energy,0.5405623687936457
births[6].optimization.trials[3].timing.energy_accounting[2].detected_energy,0.5405621069122165
births[6].optimization.trials[3].timing.energy_accounting[2].relative_energy_difference,4.844610803989754e-07
births[6].optimization.trials[3].timing.energy_accounting[2].projected_count_sum,16777169.678042602
births[6].optimization.trials[3].timing.energy_accounting[2].boundary_checked,True
births[6].optimization.trials[3].timing.energy_accounting[2].boundary_lost_energy,0.0
births[6].optimization.trials[3].timing.energy_accounting[2].expected_in_window_energy,0.5405623687936457
births[6].optimization.trials[3].timing.energy_accounting[2].numerical_energy_relative_error,4.844610803989754e-07
births[6].optimization.trials[3].timing.energy_accounting[3].view,3
births[6].optimization.trials[3].timing.energy_accounting[3].input_energy,0.4590753310964179
births[6].optimization.trials[3].timing.energy_accounting[3].detected_energy,0.45907509617650283
births[6].optimization.trials[3].timing.energy_accounting[3].relative_energy_difference,5.117241096691913e-07
births[6].optimization.trials[3].timing.energy_accounting[3].projected_count_sum,16777169.806169415
births[6].optimization.trials[3].timing.energy_accounting[3].boundary_checked,True
births[6].optimization.trials[3].timing.energy_accounting[3].boundary_lost_energy,0.0
births[6].optimization.trials[3].timing.energy_accounting[3].expected_in_window_energy,0.4590753310964179
births[6].optimization.trials[3].timing.energy_accounting[3].numerical_energy_relative_error,5.117241096691913e-07
births[6].optimization.trials[3].timing.root_failures,0
births[6].optimization.trials[3].timing.attachment_residual_max,6.696032617270475e-16
births[6].optimization.trials[3].timing.maximum_displacement,0.02669249337387941
births[6].optimization.trials[3].timing.image_digest,2914d18bc3dab7ccda038bce6a96686a1658442d850575e96f4043adb6018ecc
births[6].optimization.trials[3].timing.state_persisted,False
births[6].optimization.trials[3].finite,True
births[6].optimization.realized_gain,0.0
births[6].optimization.coefficient_limit_hits,7
births[6].optimization.seconds,2174.377651225077
births[6].observation.whole_image_mse,0.12544658142843365
births[6].observation.foreground_mse,0.1491341244780539
births[6].observation.interior_gt8px_mse,0.13074917787653972
births[6].observation.silhouette_0_8px_mse,0.3603532313294503
births[6].observation.foreground_mean_brightness,0.5128221206151725
births[6].observation.edge_sharpness,0.00605965401860659
births[6].observation.reference_edge_sharpness,0.09199675652077396
births[6].observation.edge_sharpness_ratio,0.06586812674464504
births[6].observation.thin_feature_response_ratio,0.0177620302239631
births[6].observation.per_view[0].gradient_magnitude_ratio,0.27633218156399386
births[6].observation.per_view[0].gradient_cosine,0.0033314476611177183
births[6].observation.per_view[0].reference_aligned_gradient_energy,97.94904816974778
births[6].observation.per_view[0].unmatched_gradient_energy,366.3046385015292
births[6].observation.per_view[0].excess_hf_weak_reference,0.00020151713807123691
births[6].observation.per_view[0].gradient_squared_error,0.0015752564523340323
births[6].observation.per_view[0].weak_reference_pixels,1624532
births[6].observation.per_view[1].gradient_magnitude_ratio,0.2735932909302945
births[6].observation.per_view[1].gradient_cosine,0.0013768502651352133
births[6].observation.per_view[1].reference_aligned_gradient_energy,59.26085991194905
births[6].observation.per_view[1].unmatched_gradient_energy,375.5180166697553
births[6].observation.per_view[1].excess_hf_weak_reference,0.00020515562530055132
births[6].observation.per_view[1].gradient_squared_error,0.0015043442953856412
births[6].observation.per_view[1].weak_reference_pixels,1644948
births[6].observation.per_view[2].gradient_magnitude_ratio,0.27592013555509953
births[6].observation.per_view[2].gradient_cosine,0.00641919350495052
births[6].observation.per_view[2].reference_aligned_gradient_energy,91.4483876453856
births[6].observation.per_view[2].unmatched_gradient_energy,377.8100425787853
births[6].observation.per_view[2].excess_hf_weak_reference,0.0002192644118830466
births[6].observation.per_view[2].gradient_squared_error,0.001594130519059949
births[6].observation.per_view[2].weak_reference_pixels,1561449
births[6].observation.per_view[3].gradient_magnitude_ratio,0.314049690004315
births[6].observation.per_view[3].gradient_cosine,0.006334613413979532
births[6].observation.per_view[3].reference_aligned_gradient_energy,39.353080990939915
births[6].observation.per_view[3].unmatched_gradient_energy,399.8944460737945
births[6].observation.per_view[3].excess_hf_weak_reference,0.0002334480467763607
births[6].observation.per_view[3].gradient_squared_error,0.0011755260835507834
births[6].observation.per_view[3].weak_reference_pixels,1668420
births[6].observation.gradient_magnitude_ratio,0.28497382451342573
births[6].observation.gradient_cosine,0.004365526211295746
births[6].observation.reference_aligned_gradient_energy,72.00284417950559
births[6].observation.unmatched_gradient_energy,379.88178595596605
births[6].observation.excess_hf_weak_reference,0.0002148463055077989
births[6].observation.gradient_squared_error,0.0014623143375826013
births[6].observation.weak_reference_pixels,1624837.25
births[6].observation.loss,0.06272327364453886
births[6].observation.detected_energy,6304129.396192501
births[6].observation.relative_rgb_l2,0.8232786301868761
births[6].observation.per_view_mse[0],0.14773889906949442
births[6].observation.per_view_mse[1],0.11830023617970789
births[6].observation.per_view_mse[2],0.13132185092145485
births[6].observation.per_view_mse[3],0.1044252029856536
births[6].observation.foreground_mask_iou[0],0.5580007778648158
births[6].observation.foreground_mask_iou[1],0.5431160647665354
births[6].observation.foreground_mask_iou[2],0.611075002971337
births[6].observation.foreground_mask_iou[3],0.5997304487524765
births[6].observation.squared_image_energy,4408850.5
births[6].geometry.symmetric_chamfer,0.23722581316779714
births[6].geometry.point_to_surface_mean,0.2649802257108439
births[6].geometry.point_to_surface_p95,0.5952193433120065
births[6].geometry.surface_rms,0.32653225502435146
births[6].geometry.normal_consistency,0.6991341259231236
births[6].geometry.normal_error,0.30086587407687637
births[6].geometry.regional_ear_p2s_mean,0.33156200740116537
births[6].geometry.regional_head_p2s_mean,0.1930307999432408
births[6].geometry.regional_leg_p2s_mean,0.07891402413536874
births[6].geometry.regional_torso_p2s_mean,0.29924164126525893
births[6].geometry.bounds[0][0],-0.9999213884461601
births[6].geometry.bounds[0][1],-0.9999213884461601
births[6].geometry.bounds[0][2],-1.0009383147617554
births[6].geometry.bounds[1][0],1.000067023511203
births[6].geometry.bounds[1][1],0.9999214604215803
births[6].geometry.bounds[1][2],0.9999214604215803
births[6].geometry.surface_area,12.583723249263254
births[6].geometry.components,1
births[6].geometry.maximum_outward_from_unit_sphere,0.02661757069811066
births[6].geometry.maximum_inward_from_unit_sphere,2.8567284971803275e-05
births[6].geometry.radial_deviation_p95,0.004649288818134779
births[6].geometry.gt_extends_outside_unit_sphere,True
births[6].geometry.gt_max_radius,1.5736361939753005
births[6].geometry.source_coverage_distance_p95,0.013457164329789988
births[6].geometry.source_coverage_distance_max,0.026401166722838137
births[6].geometry.source_coverage_samples,65536
births[6].geometry.geometry_seconds,0.5352496858686209
births[6].geometry.geometry_path,runs/v090_matched_birth/geometry/globe_birth7.ply
births[6].geometry.geometry_target,"MC approximation of prepared.gt_field, evaluation only; existing P2S/Chamfer definitions. Current normals updated at every evaluation."
births[6].scoring_seconds,269.79748649010435
births[6].total_seconds,2451.686837296933
births[6].peak_cuda_allocated_mib,2622.10595703125
births[6].peak_cuda_reserved_mib,13084.0
births[6].cpu_rss_peak_mib,9754.1328125
births[6].image_path,
births[6].checkpoint_image,runs/v090_matched_birth/globe_checkpoint7.npy
births[7].round,8
births[7].deterministic_id,GLOBE:8:17
births[7].center[0],0.27660040085736426
births[7].center[1],0.08849992431230631
births[7].center[2],0.9569012392312288
births[7].radius,0.31819805153394637
births[7].proposal_source_id,464678
births[7].zero_set_residual_at_birth,0.0
births[7].selected_rank,1
births[7].candidate_bank_size,32
births[7].responsive_fraction,1.0
births[7].predicted_gain,0.00010789505196844555
births[7].alignment,0.0015157966433401258
births[7].jacobian_norm,0.10318656122649818
births[7].affected_views,3
births[7].affected_pixels,114279
births[7].coefficient,-0.03
births[7].active_dof_count,8
births[7].born_dof_count,8
births[7].accepted_births,7
births[7].initialized_at_zero,True
births[7].birth_image_jump,0.0
births[7].birth_source_count_change,0
births[7].birth_source_mass_change,0.0
births[7].source_count,16777216
births[7].source_weight_digest,e8a23943d73928dce091768b7789dedd1390b88a2ee2ef22b4e84ad52b924711
births[7].coefficients[0],-0.03
births[7].coefficients[1],-0.03
births[7].coefficients[2],0.03
births[7].coefficients[3],-0.03
births[7].coefficients[4],-0.03
births[7].coefficients[5],-0.03
births[7].coefficients[6],-0.03
births[7].coefficients[7],-0.03
births[7].centers[0][0],-0.07351842161138195
births[7].centers[0][1],0.6811820444435563
births[7].centers[0][2],-0.728413388133049
births[7].centers[1][0],0.6720258443143237
births[7].centers[1][1],0.5230814425100977
births[7].centers[1][2],-0.5241822861135006
births[7].centers[2][0],0.12062150794935045
births[7].centers[2][1],0.2665257085036449
births[7].centers[2][2],-0.9562502279877663
births[7].centers[3][0],0.6105258360802454
births[7].centers[3][1],0.566767707400702
births[7].centers[3][2],-0.5728702979286703
births[7].centers[4][0],0.13361574155036657
births[7].centers[4][1],0.8868378640189128
births[7].centers[4][2],0.44234086014330387
births[7].centers[5][0],0.9348412718678133
births[7].centers[5][1],0.17414060480910115
births[7].centers[5][2],0.3094298727810383
births[7].centers[6][0],0.10765130760785846
births[7].centers[6][1],0.37381169381516527
births[7].centers[6][2],-0.931612583191458
births[7].centers[7][0],0.27660040085736426
births[7].centers[7][1],0.08849992431230631
births[7].centers[7][2],0.9569012392312288
births[7].radii[0],0.45
births[7].radii[1],0.45
births[7].radii[2],0.45
births[7].radii[3],0.45
births[7].radii[4],0.45
births[7].radii[5],0.45
births[7].radii[6],0.45
births[7].radii[7],0.31819805153394637
births[7].realized_gain,5.817423706222513e-05
births[7].optimization.accepted,True
births[7].optimization.linear_solver_failures,0
births[7].optimization.line_search_failures,0
births[7].optimization.trials[0].alpha,1.0
births[7].optimization.trials[0].loss,0.06266509940747664
births[7].optimization.trials[0].coefficient[0],-0.03
births[7].optimization.trials[0].coefficient[1],-0.03
births[7].optimization.trials[0].coefficient[2],0.03
births[7].optimization.trials[0].coefficient[3],-0.03
births[7].optimization.trials[0].coefficient[4],-0.03
births[7].optimization.trials[0].coefficient[5],-0.03
births[7].optimization.trials[0].coefficient[6],-0.03
births[7].optimization.trials[0].coefficient[7],-0.03
births[7].optimization.trials[0].timing.signature.config_digest,62ca4976cb787bbdbc3fd85b82677cf3aaa45a383158d798e34cfdd3b30c3861
births[7].optimization.trials[0].timing.signature.field_digest,11162da077d54597700e705723b34acb147f47c44095818ea0b0ecb554a3fc55
births[7].optimization.trials[0].timing.signature.count,16777216
births[7].optimization.trials[0].timing.signature.seed,101
births[7].optimization.trials[0].timing.signature.operator_version,v0817_CURRENT_fixed_measure_C3
births[7].optimization.trials[0].timing.signature.shape[0],4
births[7].optimization.trials[0].timing.signature.shape[1],1080
births[7].optimization.trials[0].timing.signature.shape[2],1920
births[7].optimization.trials[0].timing.signature.shape[3],3
births[7].optimization.trials[0].timing.signature.dtype,float32
births[7].optimization.trials[0].timing.signature.source_digest,e9a0305b3ed0de34bf755a1f588cd96b3f0913d79827dc0c89908e88e8dfbd53
births[7].optimization.trials[0].timing.signature.centers,3d40b83fec2fde4a91a29c2b8fed64bb8c3a2ff649c90bd09b629b992e4f5c3f
births[7].optimization.trials[0].timing.signature.radii,bc1e70311a119d541e04d5f03cef522d5204fef7a3484e01826e02ad37847a47
births[7].optimization.trials[0].timing.signature.coefficients,374da34600edbcfc092e2d8955bc25b3e0f7cf4320be492d88323bcc7ca81c86
births[7].optimization.trials[0].timing.source_seconds,59.60613960493356
births[7].optimization.trials[0].timing.transport_seconds,420.8210645809304
births[7].optimization.trials[0].timing.detector_seconds,83.4634166979231
births[7].optimization.trials[0].timing.total_seconds,563.9631706778891
births[7].optimization.trials[0].timing.peak_cuda_allocated_mib,800.7373046875
births[7].optimization.trials[0].timing.peak_cuda_reserved_mib,3286.0
births[7].optimization.trials[0].timing.cpu_rss_peak_mib,9754.1328125
births[7].optimization.trials[0].timing.energy_accounting[0].view,0
births[7].optimization.trials[0].timing.energy_accounting[0].input_energy,0.5824290296317076
births[7].optimization.trials[0].timing.energy_accounting[0].detected_energy,0.5824287565906106
births[7].optimization.trials[0].timing.energy_accounting[0].relative_energy_difference,4.687971978971044e-07
births[7].optimization.trials[0].timing.energy_accounting[0].projected_count_sum,16777170.006493678
births[7].optimization.trials[0].timing.energy_accounting[0].boundary_checked,True
births[7].optimization.trials[0].timing.energy_accounting[0].boundary_lost_energy,0.0
births[7].optimization.trials[0].timing.energy_accounting[0].expected_in_window_energy,0.5824290296317076
births[7].optimization.trials[0].timing.energy_accounting[0].numerical_energy_relative_error,4.687971978971044e-07
births[7].optimization.trials[0].timing.energy_accounting[1].view,1
births[7].optimization.trials[0].timing.energy_accounting[1].input_energy,0.44396493041888774
births[7].optimization.trials[0].timing.energy_accounting[1].detected_energy,0.44396469960208124
births[7].optimization.trials[0].timing.energy_accounting[1].relative_energy_difference,5.198987367842275e-07
births[7].optimization.trials[0].timing.energy_accounting[1].projected_count_sum,16777169.7507717
births[7].optimization.trials[0].timing.energy_accounting[1].boundary_checked,True
births[7].optimization.trials[0].timing.energy_accounting[1].boundary_lost_energy,0.0
births[7].optimization.trials[0].timing.energy_accounting[1].expected_in_window_energy,0.44396493041888774
births[7].optimization.trials[0].timing.energy_accounting[1].numerical_energy_relative_error,5.198987367842275e-07
births[7].optimization.trials[0].timing.energy_accounting[2].view,2
births[7].optimization.trials[0].timing.energy_accounting[2].input_energy,0.5407683722466423
births[7].optimization.trials[0].timing.energy_accounting[2].detected_energy,0.540768110337242
births[7].optimization.trials[0].timing.energy_accounting[2].relative_energy_difference,4.843282516516108e-07
births[7].optimization.trials[0].timing.energy_accounting[2].projected_count_sum,16777169.686855331
births[7].optimization.trials[0].timing.energy_accounting[2].boundary_checked,True
births[7].optimization.trials[0].timing.energy_accounting[2].boundary_lost_energy,0.0
births[7].optimization.trials[0].timing.energy_accounting[2].expected_in_window_energy,0.5407683722466423
births[7].optimization.trials[0].timing.energy_accounting[2].numerical_energy_relative_error,4.843282516516108e-07
births[7].optimization.trials[0].timing.energy_accounting[3].view,3
births[7].optimization.trials[0].timing.energy_accounting[3].input_energy,0.4588613724101795
births[7].optimization.trials[0].timing.energy_accounting[3].detected_energy,0.4588611374422197
births[7].optimization.trials[0].timing.energy_accounting[3].relative_energy_difference,5.120674215331886e-07
births[7].optimization.trials[0].timing.energy_accounting[3].projected_count_sum,16777169.819132943
births[7].optimization.trials[0].timing.energy_accounting[3].boundary_checked,True
births[7].optimization.trials[0].timing.energy_accounting[3].boundary_lost_energy,0.0
births[7].optimization.trials[0].timing.energy_accounting[3].expected_in_window_energy,0.4588613724101795
births[7].optimization.trials[0].timing.energy_accounting[3].numerical_energy_relative_error,5.120674215331886e-07
births[7].optimization.trials[0].timing.root_failures,0
births[7].optimization.trials[0].timing.attachment_residual_max,6.696032617270475e-16
births[7].optimization.trials[0].timing.maximum_displacement,0.02669249337387941
births[7].optimization.trials[0].timing.image_digest,95e22e0ed4b77629cc986cfb111faedcc516989adbb6185cf7765dd9136268bb
births[7].optimization.trials[0].timing.state_persisted,False
births[7].optimization.trials[0].finite,True
births[7].optimization.realized_gain,5.817423706222513e-05
births[7].optimization.coefficient_limit_hits,8
births[7].optimization.seconds,566.1975014840718
births[7].observation.whole_image_mse,0.125330250430009
births[7].observation.foreground_mse,0.1491419153723441
births[7].observation.interior_gt8px_mse,0.13075686006088516
births[7].observation.silhouette_0_8px_mse,0.360245575516222
births[7].observation.foreground_mean_brightness,0.5128050665316082
births[7].observation.edge_sharpness,0.006064353293416445
births[7].observation.reference_edge_sharpness,0.09199675652077396
births[7].observation.edge_sharpness_ratio,0.06591920761953213
births[7].observation.thin_feature_response_ratio,0.017776788885445434
births[7].observation.per_view[0].gradient_magnitude_ratio,0.27701120376248956
births[7].observation.per_view[0].gradient_cosine,0.0033232814633575363
births[7].observation.per_view[0].reference_aligned_gradient_energy,97.94904817375392
births[7].observation.per_view[0].unmatched_gradient_energy,368.58903309819664
births[7].observation.per_view[0].excess_hf_weak_reference,0.00020292332432733987
births[7].observation.per_view[0].gradient_squared_error,0.0015758072805113993
births[7].observation.per_view[0].weak_reference_pixels,1624532
births[7].observation.per_view[1].gradient_magnitude_ratio,0.27359975954391746
births[7].observation.per_view[1].gradient_cosine,0.001416491372893752
births[7].observation.per_view[1].reference_aligned_gradient_energy,59.26258672326395
births[7].observation.per_view[1].unmatched_gradient_energy,375.5368492062352
births[7].observation.per_view[1].excess_hf_weak_reference,0.0002051661004744086
births[7].observation.per_view[1].gradient_squared_error,0.0015043188474024637
births[7].observation.per_view[1].weak_reference_pixels,1644948
births[7].observation.per_view[2].gradient_magnitude_ratio,0.2759501797534839
births[7].observation.per_view[2].gradient_cosine,0.0063839908212093245
births[7].observation.per_view[2].reference_aligned_gradient_energy,91.46145387706284
births[7].observation.per_view[2].unmatched_gradient_energy,377.8991744771309
births[7].observation.per_view[2].excess_hf_weak_reference,0.00021931714586932512
births[7].observation.per_view[2].gradient_squared_error,0.0015941834637861743
births[7].observation.per_view[2].weak_reference_pixels,1561449
births[7].observation.per_view[3].gradient_magnitude_ratio,0.3140476459594731
births[7].observation.per_view[3].gradient_cosine,0.006334654663047122
births[7].observation.per_view[3].reference_aligned_gradient_energy,39.35308100646451
births[7].observation.per_view[3].unmatched_gradient_energy,399.8887282451424
births[7].observation.per_view[3].excess_hf_weak_reference,0.0002334446196815336
births[7].observation.per_view[3].gradient_squared_error,0.0011755247048215128
births[7].observation.per_view[3].weak_reference_pixels,1668420
births[7].observation.gradient_magnitude_ratio,0.285152197254841
births[7].observation.gradient_cosine,0.004364604580126934
births[7].observation.reference_aligned_gradient_energy,72.0065424451363
births[7].observation.unmatched_gradient_energy,380.47844625667625
births[7].observation.excess_hf_weak_reference,0.0002152127975881518
births[7].observation.gradient_squared_error,0.0014624585741303876
births[7].observation.weak_reference_pixels,1624837.25
births[7].observation.loss,0.06266509940747664
births[7].observation.detected_energy,6301741.018461416
births[7].observation.relative_rgb_l2,0.8228967566525713
births[7].observation.per_view_mse[0],0.1475813319251308
births[7].observation.per_view_mse[1],0.11794803622839822
births[7].observation.per_view_mse[2],0.13148873560459592
births[7].observation.per_view_mse[3],0.10430269150168929
births[7].observation.foreground_mask_iou[0],0.5580876012066451
births[7].observation.foreground_mask_iou[1],0.5431160647665354
births[7].observation.foreground_mask_iou[2],0.611075002971337
births[7].observation.foreground_mask_iou[3],0.5997304487524765
births[7].observation.squared_image_energy,4405755.4375
births[7].geometry.symmetric_chamfer,0.23759371436483118
births[7].geometry.point_to_surface_mean,0.2656191225436564
births[7].geometry.point_to_surface_p95,0.5946933234266261
births[7].geometry.surface_rms,0.3275132598939969
births[7].geometry.normal_consistency,0.7022804496446077
births[7].geometry.normal_error,0.2977195503553923
births[7].geometry.regional_ear_p2s_mean,0.33511296984689215
births[7].geometry.regional_head_p2s_mean,0.19594975491516303
births[7].geometry.regional_leg_p2s_mean,0.07903478494149727
births[7].geometry.regional_torso_p2s_mean,0.2980573663627309
births[7].geometry.bounds[0][0],-0.9999213884461601
births[7].geometry.bounds[0][1],-0.9999213884461601
births[7].geometry.bounds[0][2],-0.999336789688974
births[7].geometry.bounds[1][0],1.000067023511203
births[7].geometry.bounds[1][1],0.9999214604215803
births[7].geometry.bounds[1][2],0.999930212632665
births[7].geometry.surface_area,12.582533361642367
births[7].geometry.components,1
births[7].geometry.maximum_outward_from_unit_sphere,0.02661757069811066
births[7].geometry.maximum_inward_from_unit_sphere,0.00740453586582801
births[7].geometry.radial_deviation_p95,0.004868477656586982
births[7].geometry.gt_extends_outside_unit_sphere,True
births[7].geometry.gt_max_radius,1.5736361939753005
births[7].geometry.source_coverage_distance_p95,0.013481558464120294
births[7].geometry.source_coverage_distance_max,0.02422408567251973
births[7].geometry.source_coverage_samples,65536
births[7].geometry.geometry_seconds,0.5496021171566099
births[7].geometry.geometry_path,runs/v090_matched_birth/geometry/globe_birth8.ply
births[7].geometry.geometry_target,"MC approximation of prepared.gt_field, evaluation only; existing P2S/Chamfer definitions. Current normals updated at every evaluation."
births[7].scoring_seconds,271.2337882560678
births[7].total_seconds,845.0678575239144
births[7].peak_cuda_allocated_mib,2672.16943359375
births[7].peak_cuda_reserved_mib,14010.0
births[7].cpu_rss_peak_mib,9754.1328125
births[7].image_path,runs/v090_matched_birth/globe_birth8_trial0.npy
births[7].checkpoint_image,runs/v090_matched_birth/globe_checkpoint8.npy
births[8].round,9
births[8].deterministic_id,GLOBE:9:16
births[8].center[0],0.3656402470898519
births[8].center[1],0.2420315947952902
births[8].center[2],-0.8976672496030755
births[8].radius,0.31819805153394637
births[8].proposal_source_id,6835956
births[8].zero_set_residual_at_birth,6.310056643865636e-17
births[8].selected_rank,1
births[8].candidate_bank_size,32
births[8].responsive_fraction,1.0
births[8].predicted_gain,0.0003173139241474509
births[8].alignment,0.002981344458245393
births[8].jacobian_norm,0.11834530770387752
births[8].affected_views,2
births[8].affected_pixels,109751
births[8].coefficient,-0.03
births[8].active_dof_count,9
births[8].born_dof_count,9
births[8].accepted_births,8
births[8].initialized_at_zero,True
births[8].birth_image_jump,0.0
births[8].birth_source_count_change,0
births[8].birth_source_mass_change,0.0
births[8].source_count,16777216
births[8].source_weight_digest,e8a23943d73928dce091768b7789dedd1390b88a2ee2ef22b4e84ad52b924711
births[8].coefficients[0],-0.03
births[8].coefficients[1],-0.03
births[8].coefficients[2],0.03
births[8].coefficients[3],-0.03
births[8].coefficients[4],-0.03
births[8].coefficients[5],-0.03
births[8].coefficients[6],-0.03
births[8].coefficients[7],-0.03
births[8].coefficients[8],-0.03
births[8].centers[0][0],-0.07351842161138195
births[8].centers[0][1],0.6811820444435563
births[8].centers[0][2],-0.728413388133049
births[8].centers[1][0],0.6720258443143237
births[8].centers[1][1],0.5230814425100977
births[8].centers[1][2],-0.5241822861135006
births[8].centers[2][0],0.12062150794935045
births[8].centers[2][1],0.2665257085036449
births[8].centers[2][2],-0.9562502279877663
births[8].centers[3][0],0.6105258360802454
births[8].centers[3][1],0.566767707400702
births[8].centers[3][2],-0.5728702979286703
births[8].centers[4][0],0.13361574155036657
births[8].centers[4][1],0.8868378640189128
births[8].centers[4][2],0.44234086014330387
births[8].centers[5][0],0.9348412718678133
births[8].centers[5][1],0.17414060480910115
births[8].centers[5][2],0.3094298727810383
births[8].centers[6][0],0.10765130760785846
births[8].centers[6][1],0.37381169381516527
births[8].centers[6][2],-0.931612583191458
births[8].centers[7][0],0.27660040085736426
births[8].centers[7][1],0.08849992431230631
births[8].centers[7][2],0.9569012392312288
births[8].centers[8][0],0.3656402470898519
births[8].centers[8][1],0.2420315947952902
births[8].centers[8][2],-0.8976672496030755
births[8].radii[0],0.45
births[8].radii[1],0.45
births[8].radii[2],0.45
births[8].radii[3],0.45
births[8].radii[4],0.45
births[8].radii[5],0.45
births[8].radii[6],0.45
births[8].radii[7],0.31819805153394637
births[8].radii[8],0.31819805153394637
births[8].realized_gain,9.627436195906725e-05
births[8].optimization.accepted,True
births[8].optimization.linear_solver_failures,0
births[8].optimization.line_search_failures,0
births[8].optimization.trials[0].alpha,1.0
births[8].optimization.trials[0].loss,0.06256882504551757
births[8].optimization.trials[0].coefficient[0],-0.03
births[8].optimization.trials[0].coefficient[1],-0.03
births[8].optimization.trials[0].coefficient[2],0.03
births[8].optimization.trials[0].coefficient[3],-0.03
births[8].optimization.trials[0].coefficient[4],-0.03
births[8].optimization.trials[0].coefficient[5],-0.03
births[8].optimization.trials[0].coefficient[6],-0.03
births[8].optimization.trials[0].coefficient[7],-0.03
births[8].optimization.trials[0].coefficient[8],-0.03
births[8].optimization.trials[0].timing.signature.config_digest,62ca4976cb787bbdbc3fd85b82677cf3aaa45a383158d798e34cfdd3b30c3861
births[8].optimization.trials[0].timing.signature.field_digest,11162da077d54597700e705723b34acb147f47c44095818ea0b0ecb554a3fc55
births[8].optimization.trials[0].timing.signature.count,16777216
births[8].optimization.trials[0].timing.signature.seed,101
births[8].optimization.trials[0].timing.signature.operator_version,v0817_CURRENT_fixed_measure_C3
births[8].optimization.trials[0].timing.signature.shape[0],4
births[8].optimization.trials[0].timing.signature.shape[1],1080
births[8].optimization.trials[0].timing.signature.shape[2],1920
births[8].optimization.trials[0].timing.signature.shape[3],3
births[8].optimization.trials[0].timing.signature.dtype,float32
births[8].optimization.trials[0].timing.signature.source_digest,e9a0305b3ed0de34bf755a1f588cd96b3f0913d79827dc0c89908e88e8dfbd53
births[8].optimization.trials[0].timing.signature.centers,442c72626dbdee4f2ad1b0134d2a6cb1c4695edcdc793ae2797528e8e052d20e
births[8].optimization.trials[0].timing.signature.radii,2f2bbe779b0a637085d97512b8d0724d5a0bc9c7f1e60bba8f230b60a906ac96
births[8].optimization.trials[0].timing.signature.coefficients,43ea4e865e940ad33485189725284e7c51d80a6b7150d9227d16d05c01f4db33
births[8].optimization.trials[0].timing.source_seconds,62.50712489592843
births[8].optimization.trials[0].timing.transport_seconds,433.2134133260697
births[8].optimization.trials[0].timing.detector_seconds,83.5457116169855
births[8].optimization.trials[0].timing.total_seconds,579.3285200598184
births[8].optimization.trials[0].timing.peak_cuda_allocated_mib,801.64453125
births[8].optimization.trials[0].timing.peak_cuda_reserved_mib,5194.0
births[8].optimization.trials[0].timing.cpu_rss_peak_mib,9754.1328125
births[8].optimization.trials[0].timing.energy_accounting[0].view,0
births[8].optimization.trials[0].timing.energy_accounting[0].input_energy,0.5816704744591155
births[8].optimization.trials[0].timing.energy_accounting[0].detected_energy,0.5816702019000389
births[8].optimization.trials[0].timing.energy_accounting[0].relative_energy_difference,4.68579872107354e-07
births[8].optimization.trials[0].timing.energy_accounting[0].projected_count_sum,16777169.977021834
births[8].optimization.trials[0].timing.energy_accounting[0].boundary_checked,True
births[8].optimization.trials[0].timing.energy_accounting[0].boundary_lost_energy,0.0
births[8].optimization.trials[0].timing.energy_accounting[0].expected_in_window_energy,0.5816704744591155
births[8].optimization.trials[0].timing.energy_accounting[0].numerical_energy_relative_error,4.68579872107354e-07
births[8].optimization.trials[0].timing.energy_accounting[1].view,1
births[8].optimization.trials[0].timing.energy_accounting[1].input_energy,0.44396493041888774
births[8].optimization.trials[0].timing.energy_accounting[1].detected_energy,0.4439646996021928
births[8].optimization.trials[0].timing.energy_accounting[1].relative_energy_difference,5.19898485463895e-07
births[8].optimization.trials[0].timing.energy_accounting[1].projected_count_sum,16777169.748521434
births[8].optimization.trials[0].timing.energy_accounting[1].boundary_checked,True
births[8].optimization.trials[0].timing.energy_accounting[1].boundary_lost_energy,0.0
births[8].optimization.trials[0].timing.energy_accounting[1].expected_in_window_energy,0.44396493041888774
births[8].optimization.trials[0].timing.energy_accounting[1].numerical_energy_relative_error,5.19898485463895e-07
births[8].optimization.trials[0].timing.energy_accounting[2].view,2
births[8].optimization.trials[0].timing.energy_accounting[2].input_energy,0.5406351702775359
births[8].optimization.trials[0].timing.energy_accounting[2].detected_energy,0.5406349083878554
births[8].optimization.trials[0].timing.energy_accounting[2].relative_energy_difference,4.844111054833869e-07
births[8].optimization.trials[0].timing.energy_accounting[2].projected_count_sum,16777169.684376426
births[8].optimization.trials[0].timing.energy_accounting[2].boundary_checked,True
births[8].optimization.trials[0].timing.energy_accounting[2].boundary_lost_energy,0.0
births[8].optimization.trials[0].timing.energy_accounting[2].expected_in_window_energy,0.5406351702775359
births[8].optimization.trials[0].timing.energy_accounting[2].numerical_energy_relative_error,4.844111054833869e-07
births[8].optimization.trials[0].timing.energy_accounting[3].view,3
births[8].optimization.trials[0].timing.energy_accounting[3].input_energy,0.4588613724101795
births[8].optimization.trials[0].timing.energy_accounting[3].detected_energy,0.4588611374419049
births[8].optimization.trials[0].timing.energy_accounting[3].relative_energy_difference,5.120681075873164e-07
births[8].optimization.trials[0].timing.energy_accounting[3].projected_count_sum,16777169.807792705
births[8].optimization.trials[0].timing.energy_accounting[3].boundary_checked,True
births[8].optimization.trials[0].timing.energy_accounting[3].boundary_lost_energy,0.0
births[8].optimization.trials[0].timing.energy_accounting[3].expected_in_window_energy,0.4588613724101795
births[8].optimization.trials[0].timing.energy_accounting[3].numerical_energy_relative_error,5.120681075873164e-07
births[8].optimization.trials[0].timing.root_failures,0
births[8].optimization.trials[0].timing.attachment_residual_max,6.696032617270475e-16
births[8].optimization.trials[0].timing.maximum_displacement,0.02669249337387941
births[8].optimization.trials[0].timing.image_digest,95e42004997266ce9540a8afbb9d65566fc98d13f6f8c9ba41f7d4083ebac8b9
births[8].optimization.trials[0].timing.state_persisted,False
births[8].optimization.trials[0].finite,True
births[8].optimization.realized_gain,9.627436195906725e-05
births[8].optimization.coefficient_limit_hits,9
births[8].optimization.seconds,581.5393608869053
births[8].observation.whole_image_mse,0.1251376782327032
births[8].observation.foreground_mse,0.14914180582658637
births[8].observation.interior_gt8px_mse,0.1307570175966317
births[8].observation.silhouette_0_8px_mse,0.36021909659448775
births[8].observation.foreground_mean_brightness,0.5128044004934011
births[8].observation.edge_sharpness,0.006064441089732204
births[8].observation.reference_edge_sharpness,0.09199675652077396
births[8].observation.edge_sharpness_ratio,0.06592016196095762
births[8].observation.thin_feature_response_ratio,0.01777675379312864
births[8].observation.per_view[0].gradient_magnitude_ratio,0.27708967252050315
births[8].observation.per_view[0].gradient_cosine,0.003322653595863363
births[8].observation.per_view[0].reference_aligned_gradient_energy,97.94921068950758
births[8].observation.per_view[0].unmatched_gradient_energy,368.85321980991546
births[8].observation.per_view[0].excess_hf_weak_reference,0.00020308597156694003
births[8].observation.per_view[0].gradient_squared_error,0.0015758707676325461
births[8].observation.per_view[0].weak_reference_pixels,1624532
births[8].observation.per_view[1].gradient_magnitude_ratio,0.27359975955142024
births[8].observation.per_view[1].gradient_cosine,0.0014164914027705055
births[8].observation.per_view[1].reference_aligned_gradient_energy,59.262586690779884
births[8].observation.per_view[1].unmatched_gradient_energy,375.536849262566
births[8].observation.per_view[1].excess_hf_weak_reference,0.00020516610050968123
births[8].observation.per_view[1].gradient_squared_error,0.0015043188473852877
births[8].observation.per_view[1].weak_reference_pixels,1644948
births[8].observation.per_view[2].gradient_magnitude_ratio,0.2759617715564419
births[8].observation.per_view[2].gradient_cosine,0.006393389812816551
births[8].observation.per_view[2].reference_aligned_gradient_energy,91.46127444363006
births[8].observation.per_view[2].unmatched_gradient_energy,377.9387874793269
births[8].observation.per_view[2].excess_hf_weak_reference,0.00021934232440783312
births[8].observation.per_view[2].gradient_squared_error,0.001594185042365166
births[8].observation.per_view[2].weak_reference_pixels,1561449
births[8].observation.per_view[3].gradient_magnitude_ratio,0.3140476459454549
births[8].observation.per_view[3].gradient_cosine,0.006334654686406128
births[8].observation.per_view[3].reference_aligned_gradient_energy,39.35308098836291
births[8].observation.per_view[3].unmatched_gradient_energy,399.8887282240308
births[8].observation.per_view[3].excess_hf_weak_reference,0.00023344461968011877
births[8].observation.per_view[3].gradient_squared_error,0.0011755247047964927
births[8].observation.per_view[3].weak_reference_pixels,1668420
births[8].observation.gradient_magnitude_ratio,0.28517471239345504
births[8].observation.gradient_cosine,0.004366797374464137
births[8].observation.reference_aligned_gradient_energy,72.00653820307011
births[8].observation.unmatched_gradient_energy,380.5543961939598
births[8].observation.excess_hf_weak_reference,0.0002152597540411433
births[8].observation.gradient_squared_error,0.0014624748405448731
births[8].observation.weak_reference_pixels,1624837.25
births[8].observation.loss,0.06256882504551757
births[8].observation.detected_energy,6298967.298622556
births[8].observation.relative_rgb_l2,0.8222643926024241
births[8].observation.per_view_mse[0],0.146894971053066
births[8].observation.per_view_mse[1],0.11794803622839702
births[8].observation.per_view_mse[2],0.13140490158136148
births[8].observation.per_view_mse[3],0.10430269150131727
births[8].observation.foreground_mask_iou[0],0.558082861244124
births[8].observation.foreground_mask_iou[1],0.5431160647665354
births[8].observation.foreground_mask_iou[2],0.611075002971337
births[8].observation.foreground_mask_iou[3],0.5997304487524765
births[8].observation.squared_image_energy,4400957.3125
births[8].geometry.symmetric_chamfer,0.2374740203634729
births[8].geometry.point_to_surface_mean,0.2655212574452212
births[8].geometry.point_to_surface_p95,0.5952597712912719
births[8].geometry.surface_rms,0.32740635362065634
births[8].geometry.normal_consistency,0.7015996225884431
births[8].geometry.normal_error,0.2984003774115569
births[8].geometry.regional_ear_p2s_mean,0.33486217774441474
births[8].geometry.regional_head_p2s_mean,0.19046156485335441
births[8].geometry.regional_leg_p2s_mean,0.0782617440024311
births[8].geometry.regional_torso_p2s_mean,0.2990921590915905
births[8].geometry.bounds[0][0],-0.9999213884461601
births[8].geometry.bounds[0][1],-0.9999213884461601
births[8].geometry.bounds[0][2],-0.999336789688974
births[8].geometry.bounds[1][0],1.000067023511203
births[8].geometry.bounds[1][1],0.9999214604215803
births[8].geometry.bounds[1][2],0.999930212632665
births[8].geometry.surface_area,12.584177611470592
births[8].geometry.components,1
births[8].geometry.maximum_outward_from_unit_sphere,0.02661757069811066
births[8].geometry.maximum_inward_from_unit_sphere,0.007292919591138425
births[8].geometry.radial_deviation_p95,0.005194559839289471
births[8].geometry.gt_extends_outside_unit_sphere,True
births[8].geometry.gt_max_radius,1.5736361939753005
births[8].geometry.source_coverage_distance_p95,0.013496737116532993
births[8].geometry.source_coverage_distance_max,0.025083601609508514
births[8].geometry.source_coverage_samples,65536
births[8].geometry.geometry_seconds,0.526684908894822
births[8].geometry.geometry_path,runs/v090_matched_birth/geometry/globe_birth9.ply
births[8].geometry.geometry_target,"MC approximation of prepared.gt_field, evaluation only; existing P2S/Chamfer definitions. Current normals updated at every evaluation."
births[8].scoring_seconds,294.1873373151757
births[8].total_seconds,883.2814786660019
births[8].peak_cuda_allocated_mib,2725.60498046875
births[8].peak_cuda_reserved_mib,5194.0
births[8].cpu_rss_peak_mib,9754.1328125
births[8].image_path,runs/v090_matched_birth/globe_birth9_trial0.npy
births[9].round,10
births[9].deterministic_id,GLOBE:10:14
births[9].center[0],0.5042942542486878
births[9].center[1],0.23319429282205392
births[9].center[2],-0.8353174314302868
births[9].radius,0.45
births[9].proposal_source_id,10957668
births[9].zero_set_residual_at_birth,1.471878696880855e-16
births[9].selected_rank,1
births[9].candidate_bank_size,32
births[9].responsive_fraction,1.0
births[9].predicted_gain,0.0002684961448366195
births[9].alignment,0.003075892759644747
births[9].jacobian_norm,0.13273514614520707
births[9].affected_views,3
births[9].affected_pixels,216262
births[9].coefficient,-0.03
births[9].active_dof_count,10
births[9].born_dof_count,10
births[9].accepted_births,9
births[9].initialized_at_zero,True
births[9].birth_image_jump,0.0
births[9].birth_source_count_change,0
births[9].birth_source_mass_change,0.0
births[9].source_count,16777216
births[9].source_weight_digest,e8a23943d73928dce091768b7789dedd1390b88a2ee2ef22b4e84ad52b924711
births[9].coefficients[0],-0.03
births[9].coefficients[1],-0.03
births[9].coefficients[2],0.03
births[9].coefficients[3],-0.03
births[9].coefficients[4],-0.03
births[9].coefficients[5],-0.03
births[9].coefficients[6],-0.03
births[9].coefficients[7],-0.03
births[9].coefficients[8],-0.03
births[9].coefficients[9],-0.03
births[9].centers[0][0],-0.07351842161138195
births[9].centers[0][1],0.6811820444435563
births[9].centers[0][2],-0.728413388133049
births[9].centers[1][0],0.6720258443143237
births[9].centers[1][1],0.5230814425100977
births[9].centers[1][2],-0.5241822861135006
births[9].centers[2][0],0.12062150794935045
births[9].centers[2][1],0.2665257085036449
births[9].centers[2][2],-0.9562502279877663
births[9].centers[3][0],0.6105258360802454
births[9].centers[3][1],0.566767707400702
births[9].centers[3][2],-0.5728702979286703
births[9].centers[4][0],0.13361574155036657
births[9].centers[4][1],0.8868378640189128
births[9].centers[4][2],0.44234086014330387
births[9].centers[5][0],0.9348412718678133
births[9].centers[5][1],0.17414060480910115
births[9].centers[5][2],0.3094298727810383
births[9].centers[6][0],0.10765130760785846
births[9].centers[6][1],0.37381169381516527
births[9].centers[6][2],-0.931612583191458
births[9].centers[7][0],0.27660040085736426
births[9].centers[7][1],0.08849992431230631
births[9].centers[7][2],0.9569012392312288
births[9].centers[8][0],0.3656402470898519
births[9].centers[8][1],0.2420315947952902
births[9].centers[8][2],-0.8976672496030755
births[9].centers[9][0],0.5042942542486878
births[9].centers[9][1],0.23319429282205392
births[9].centers[9][2],-0.8353174314302868
births[9].radii[0],0.45
births[9].radii[1],0.45
births[9].radii[2],0.45
births[9].radii[3],0.45
births[9].radii[4],0.45
births[9].radii[5],0.45
births[9].radii[6],0.45
births[9].radii[7],0.31819805153394637
births[9].radii[8],0.31819805153394637
births[9].radii[9],0.45
births[9].realized_gain,0.00010097852525095541
births[9].optimization.accepted,True
births[9].optimization.linear_solver_failures,0
births[9].optimization.line_search_failures,0
births[9].optimization.trials[0].alpha,1.0
births[9].optimization.trials[0].loss,0.062467846520266615
births[9].optimization.trials[0].coefficient[0],-0.03
births[9].optimization.trials[0].coefficient[1],-0.03
births[9].optimization.trials[0].coefficient[2],0.03
births[9].optimization.trials[0].coefficient[3],-0.03
births[9].optimization.trials[0].coefficient[4],-0.03
births[9].optimization.trials[0].coefficient[5],-0.03
births[9].optimization.trials[0].coefficient[6],-0.03
births[9].optimization.trials[0].coefficient[7],-0.03
births[9].optimization.trials[0].coefficient[8],-0.03
births[9].optimization.trials[0].coefficient[9],-0.03
births[9].optimization.trials[0].timing.signature.config_digest,62ca4976cb787bbdbc3fd85b82677cf3aaa45a383158d798e34cfdd3b30c3861
births[9].optimization.trials[0].timing.signature.field_digest,11162da077d54597700e705723b34acb147f47c44095818ea0b0ecb554a3fc55
births[9].optimization.trials[0].timing.signature.count,16777216
births[9].optimization.trials[0].timing.signature.seed,101
births[9].optimization.trials[0].timing.signature.operator_version,v0817_CURRENT_fixed_measure_C3
births[9].optimization.trials[0].timing.signature.shape[0],4
births[9].optimization.trials[0].timing.signature.shape[1],1080
births[9].optimization.trials[0].timing.signature.shape[2],1920
births[9].optimization.trials[0].timing.signature.shape[3],3
births[9].optimization.trials[0].timing.signature.dtype,float32
births[9].optimization.trials[0].timing.signature.source_digest,e9a0305b3ed0de34bf755a1f588cd96b3f0913d79827dc0c89908e88e8dfbd53
births[9].optimization.trials[0].timing.signature.centers,e6e739c448b6999fdfb3bc0433c295c475fbc407b52fde819f1dec2bbb96ee37
births[9].optimization.trials[0].timing.signature.radii,d6e74da6faeb4c71ab6db53f5aff1d64d191ed59073b4629cac77cb6af589d58
births[9].optimization.trials[0].timing.signature.coefficients,49ba1daacef47061e70bcf554bc3ad606fe13dd5669cb97834112fa38c831f03
births[9].optimization.trials[0].timing.source_seconds,62.83055409719236
births[9].optimization.trials[0].timing.transport_seconds,429.51485518179834
births[9].optimization.trials[0].timing.detector_seconds,81.47365431999788
births[9].optimization.trials[0].timing.total_seconds,573.8773737421725
births[9].optimization.trials[0].timing.peak_cuda_allocated_mib,801.85107421875
births[9].optimization.trials[0].timing.peak_cuda_reserved_mib,7142.0
births[9].optimization.trials[0].timing.cpu_rss_peak_mib,9754.1328125
births[9].optimization.trials[0].timing.energy_accounting[0].view,0
births[9].optimization.trials[0].timing.energy_accounting[0].input_energy,0.5808654143755255
births[9].optimization.trials[0].timing.energy_accounting[0].detected_energy,0.5808651423101249
births[9].optimization.trials[0].timing.energy_accounting[0].relative_energy_difference,4.683794109952513e-07
births[9].optimization.trials[0].timing.energy_accounting[0].projected_count_sum,16777169.944429642
births[9].optimization.trials[0].timing.energy_accounting[0].boundary_checked,True
births[9].optimization.trials[0].timing.energy_accounting[0].boundary_lost_energy,0.0
births[9].optimization.trials[0].timing.energy_accounting[0].expected_in_window_energy,0.5808654143755255
births[9].optimization.trials[0].timing.energy_accounting[0].numerical_energy_relative_error,4.683794109952513e-07
births[9].optimization.trials[0].timing.energy_accounting[1].view,1
births[9].optimization.trials[0].timing.energy_accounting[1].input_energy,0.44396493041888774
births[9].optimization.trials[0].timing.energy_accounting[1].detected_energy,0.4439646996023545
births[9].optimization.trials[0].timing.energy_accounting[1].relative_energy_difference,5.198981212369651e-07
births[9].optimization.trials[0].timing.energy_accounting[1].projected_count_sum,16777169.753536008
births[9].optimization.trials[0].timing.energy_accounting[1].boundary_checked,True
births[9].optimization.trials[0].timing.energy_accounting[1].boundary_lost_energy,0.0
births[9].optimization.trials[0].timing.energy_accounting[1].expected_in_window_energy,0.44396493041888774
births[9].optimization.trials[0].timing.energy_accounting[1].numerical_energy_relative_error,5.198981212369651e-07
births[9].optimization.trials[0].timing.energy_accounting[2].view,2
births[9].optimization.trials[0].timing.energy_accounting[2].input_energy,0.5404086863017524
births[9].optimization.trials[0].timing.energy_accounting[2].detected_energy,0.5404084243546644
births[9].optimization.trials[0].timing.energy_accounting[2].relative_energy_difference,4.847203508387991e-07
births[9].optimization.trials[0].timing.energy_accounting[2].projected_count_sum,16777169.678515226
births[9].optimization.trials[0].timing.energy_accounting[2].boundary_checked,True
births[9].optimization.trials[0].timing.energy_accounting[2].boundary_lost_energy,0.0
births[9].optimization.trials[0].timing.energy_accounting[2].expected_in_window_energy,0.5404086863017524
births[9].optimization.trials[0].timing.energy_accounting[2].numerical_energy_relative_error,4.847203508387991e-07
births[9].optimization.trials[0].timing.energy_accounting[3].view,3
births[9].optimization.trials[0].timing.energy_accounting[3].input_energy,0.4588613802443405
births[9].optimization.trials[0].timing.energy_accounting[3].detected_energy,0.45886114526860294
births[9].optimization.trials[0].timing.energy_accounting[3].relative_energy_difference,5.120843628397056e-07
births[9].optimization.trials[0].timing.energy_accounting[3].projected_count_sum,16777169.679934748
births[9].optimization.trials[0].timing.energy_accounting[3].boundary_checked,True
births[9].optimization.trials[0].timing.energy_accounting[3].boundary_lost_energy,0.0
births[9].optimization.trials[0].timing.energy_accounting[3].expected_in_window_energy,0.4588613802443405
births[9].optimization.trials[0].timing.energy_accounting[3].numerical_energy_relative_error,5.120843628397056e-07
births[9].optimization.trials[0].timing.root_failures,0
births[9].optimization.trials[0].timing.attachment_residual_max,6.661338147750939e-16
births[9].optimization.trials[0].timing.maximum_displacement,0.02669249337387954
births[9].optimization.trials[0].timing.image_digest,29f3951799fd6e5827db273177b6b3e507c4ba2582047f2e37202e3ff06c0796
births[9].optimization.trials[0].timing.state_persisted,False
births[9].optimization.trials[0].finite,True
births[9].optimization.realized_gain,0.00010097852525095541
births[9].optimization.coefficient_limit_hits,10
births[9].optimization.seconds,576.1684542139992
births[9].observation.whole_image_mse,0.12493573977623457
births[9].observation.foreground_mse,0.1491440537055351
births[9].observation.interior_gt8px_mse,0.1307619521722215
births[9].observation.silhouette_0_8px_mse,0.36000869599112023
births[9].observation.foreground_mean_brightness,0.5127940593738708
births[9].observation.edge_sharpness,0.006066658933935993
births[9].observation.reference_edge_sharpness,0.09199675652077396
births[9].observation.edge_sharpness_ratio,0.06594426981310009
births[9].observation.thin_feature_response_ratio,0.01778038592579265
births[9].observation.per_view[0].gradient_magnitude_ratio,0.27711510940323736
births[9].observation.per_view[0].gradient_cosine,0.003328224230510118
births[9].observation.per_view[0].reference_aligned_gradient_energy,97.95065475950693
births[9].observation.per_view[0].unmatched_gradient_energy,368.9374847711791
births[9].observation.per_view[0].excess_hf_weak_reference,0.00020313765669644206
births[9].observation.per_view[0].gradient_squared_error,0.001575886660361086
births[9].observation.per_view[0].weak_reference_pixels,1624532
births[9].observation.per_view[1].gradient_magnitude_ratio,0.2735997595583264
births[9].observation.per_view[1].gradient_cosine,0.0014164914115051062
births[9].observation.per_view[1].reference_aligned_gradient_energy,59.26258671171994
births[9].observation.per_view[1].unmatched_gradient_energy,375.536849263576
births[9].observation.per_view[1].excess_hf_weak_reference,0.0002051661004930721
births[9].observation.per_view[1].gradient_squared_error,0.0015043188473838594
births[9].observation.per_view[1].weak_reference_pixels,1644948
births[9].observation.per_view[2].gradient_magnitude_ratio,0.2760112156957507
births[9].observation.per_view[2].gradient_cosine,0.006429114889299658
births[9].observation.per_view[2].reference_aligned_gradient_energy,91.46959794309595
births[9].observation.per_view[2].unmatched_gradient_energy,378.09868410042947
births[9].observation.per_view[2].excess_hf_weak_reference,0.0002194430692339673
births[9].observation.per_view[2].gradient_squared_error,0.0015941953547547257
births[9].observation.per_view[2].weak_reference_pixels,1561449
births[9].observation.per_view[3].gradient_magnitude_ratio,0.31404736581747783
births[9].observation.per_view[3].gradient_cosine,0.006334660300208642
births[9].observation.per_view[3].reference_aligned_gradient_energy,39.35308100362037
births[9].observation.per_view[3].unmatched_gradient_energy,399.8879446087926
births[9].observation.per_view[3].excess_hf_weak_reference,0.00023344415000142794
births[9].observation.per_view[3].gradient_squared_error,0.001175524515874468
births[9].observation.per_view[3].weak_reference_pixels,1668420
births[9].observation.gradient_magnitude_ratio,0.2851933626186981
births[9].observation.gradient_cosine,0.004377122707880881
births[9].observation.reference_aligned_gradient_energy,72.0089801044858
births[9].observation.unmatched_gradient_energy,380.6152406859943
births[9].observation.excess_hf_weak_reference,0.00021529774410622735
births[9].observation.gradient_squared_error,0.0014624813445935348
births[9].observation.weak_reference_pixels,1624837.25
births[9].observation.loss,0.062467846520266615
births[9].observation.detected_energy,6295758.809658183
births[9].observation.relative_rgb_l2,0.8216006069771613
births[9].observation.per_view_mse[0],0.14620959114225215
births[9].observation.per_view_mse[1],0.11794803622849594
births[9].observation.per_view_mse[2],0.13128245122771973
births[9].observation.per_view_mse[3],0.10430269356366534
births[9].observation.foreground_mask_iou[0],0.5580834727687323
births[9].observation.foreground_mask_iou[1],0.5431160647665354
births[9].observation.foreground_mask_iou[2],0.611075002971337
births[9].observation.foreground_mask_iou[3],0.5997304487524765
births[9].observation.squared_image_energy,4395810.8125
births[9].geometry.symmetric_chamfer,0.23751168192887603
births[9].geometry.point_to_surface_mean,0.265522776611143
births[9].geometry.point_to_surface_p95,0.5963241888946921
births[9].geometry.surface_rms,0.326983140086471
births[9].geometry.normal_consistency,0.7010931003677446
births[9].geometry.normal_error,0.29890689963225536
births[9].geometry.regional_ear_p2s_mean,0.3342408460197404
births[9].geometry.regional_head_p2s_mean,0.1970699293429018
births[9].geometry.regional_leg_p2s_mean,0.0790068351215239
births[9].geometry.regional_torso_p2s_mean,0.29793560073697073
births[9].geometry.bounds[0][0],-0.9999213884461601
births[9].geometry.bounds[0][1],-0.9999213884461601
births[9].geometry.bounds[0][2],-0.999336789688974
births[9].geometry.bounds[1][0],1.000067023511203
births[9].geometry.bounds[1][1],0.9999214604215803
births[9].geometry.bounds[1][2],0.999930212632665
births[9].geometry.surface_area,12.587213318753875
births[9].geometry.components,1
births[9].geometry.maximum_outward_from_unit_sphere,0.02661757069811066
births[9].geometry.maximum_inward_from_unit_sphere,0.007289687305482739
births[9].geometry.radial_deviation_p95,0.006151774069084703
births[9].geometry.gt_extends_outside_unit_sphere,True
births[9].geometry.gt_max_radius,1.5736361939753005
births[9].geometry.source_coverage_distance_p95,0.013419804681126659
births[9].geometry.source_coverage_distance_max,0.026485403239673678
births[9].geometry.source_coverage_samples,65536
births[9].geometry.geometry_seconds,0.5350777360145003
births[9].geometry.geometry_path,runs/v090_matched_birth/geometry/globe_birth10.ply
births[9].geometry.geometry_target,"MC approximation of prepared.gt_field, evaluation only; existing P2S/Chamfer definitions. Current normals updated at every evaluation."
births[9].scoring_seconds,293.7972248108126
births[9].total_seconds,877.7164508621208
births[9].peak_cuda_allocated_mib,2777.572265625
births[9].peak_cuda_reserved_mib,7142.0
births[9].cpu_rss_peak_mib,9754.1328125
births[9].image_path,runs/v090_matched_birth/globe_birth10_trial0.npy
births[10].round,11
births[10].deterministic_id,GLOBE:11:7
births[10].center[0],0.9657880199999013
births[10].center[1],-0.004972121226871936
births[10].center[2],-0.25928512960672373
births[10].radius,0.45
births[10].proposal_source_id,15192951
births[10].zero_set_residual_at_birth,1.1102230246251565e-16
births[10].selected_rank,1
births[10].candidate_bank_size,32
births[10].responsive_fraction,1.0
births[10].predicted_gain,0.000260951884363771
births[10].alignment,0.002979222855039119
births[10].jacobian_norm,0.13040867960122357
births[10].affected_views,3
births[10].affected_pixels,210656
births[10].coefficient,-0.03
births[10].active_dof_count,11
births[10].born_dof_count,11
births[10].accepted_births,10
births[10].initialized_at_zero,True
births[10].birth_image_jump,0.0
births[10].birth_source_count_change,0
births[10].birth_source_mass_change,0.0
births[10].source_count,16777216
births[10].source_weight_digest,e8a23943d73928dce091768b7789dedd1390b88a2ee2ef22b4e84ad52b924711
births[10].coefficients[0],-0.03
births[10].coefficients[1],-0.03
births[10].coefficients[2],0.03
births[10].coefficients[3],-0.03
births[10].coefficients[4],-0.03
births[10].coefficients[5],-0.03
births[10].coefficients[6],-0.03
births[10].coefficients[7],-0.03
births[10].coefficients[8],-0.03
births[10].coefficients[9],-0.03
births[10].coefficients[10],-0.03
births[10].centers[0][0],-0.07351842161138195
births[10].centers[0][1],0.6811820444435563
births[10].centers[0][2],-0.728413388133049
births[10].centers[1][0],0.6720258443143237
births[10].centers[1][1],0.5230814425100977
births[10].centers[1][2],-0.5241822861135006
births[10].centers[2][0],0.12062150794935045
births[10].centers[2][1],0.2665257085036449
births[10].centers[2][2],-0.9562502279877663
births[10].centers[3][0],0.6105258360802454
births[10].centers[3][1],0.566767707400702
births[10].centers[3][2],-0.5728702979286703
births[10].centers[4][0],0.13361574155036657
births[10].centers[4][1],0.8868378640189128
births[10].centers[4][2],0.44234086014330387
births[10].centers[5][0],0.9348412718678133
births[10].centers[5][1],0.17414060480910115
births[10].centers[5][2],0.3094298727810383
births[10].centers[6][0],0.10765130760785846
births[10].centers[6][1],0.37381169381516527
births[10].centers[6][2],-0.931612583191458
births[10].centers[7][0],0.27660040085736426
births[10].centers[7][1],0.08849992431230631
births[10].centers[7][2],0.9569012392312288
births[10].centers[8][0],0.3656402470898519
births[10].centers[8][1],0.2420315947952902
births[10].centers[8][2],-0.8976672496030755
births[10].centers[9][0],0.5042942542486878
births[10].centers[9][1],0.23319429282205392
births[10].centers[9][2],-0.8353174314302868
births[10].centers[10][0],0.9657880199999013
births[10].centers[10][1],-0.004972121226871936
births[10].centers[10][2],-0.25928512960672373
births[10].radii[0],0.45
births[10].radii[1],0.45
births[10].radii[2],0.45
births[10].radii[3],0.45
births[10].radii[4],0.45
births[10].radii[5],0.45
births[10].radii[6],0.45
births[10].radii[7],0.31819805153394637
births[10].radii[8],0.31819805153394637
births[10].radii[9],0.45
births[10].radii[10],0.45
births[10].realized_gain,8.671329189372662e-05
births[10].optimization.accepted,True
births[10].optimization.linear_solver_failures,0
births[10].optimization.line_search_failures,0
births[10].optimization.trials[0].alpha,1.0
births[10].optimization.trials[0].loss,0.06238113322837289
births[10].optimization.trials[0].coefficient[0],-0.03
births[10].optimization.trials[0].coefficient[1],-0.03
births[10].optimization.trials[0].coefficient[2],0.03
births[10].optimization.trials[0].coefficient[3],-0.03
births[10].optimization.trials[0].coefficient[4],-0.03
births[10].optimization.trials[0].coefficient[5],-0.03
births[10].optimization.trials[0].coefficient[6],-0.03
births[10].optimization.trials[0].coefficient[7],-0.03
births[10].optimization.trials[0].coefficient[8],-0.03
births[10].optimization.trials[0].coefficient[9],-0.03
births[10].optimization.trials[0].coefficient[10],-0.03
births[10].optimization.trials[0].timing.signature.config_digest,62ca4976cb787bbdbc3fd85b82677cf3aaa45a383158d798e34cfdd3b30c3861
births[10].optimization.trials[0].timing.signature.field_digest,11162da077d54597700e705723b34acb147f47c44095818ea0b0ecb554a3fc55
births[10].optimization.trials[0].timing.signature.count,16777216
births[10].optimization.trials[0].timing.signature.seed,101
births[10].optimization.trials[0].timing.signature.operator_version,v0817_CURRENT_fixed_measure_C3
births[10].optimization.trials[0].timing.signature.shape[0],4
births[10].optimization.trials[0].timing.signature.shape[1],1080
births[10].optimization.trials[0].timing.signature.shape[2],1920
births[10].optimization.trials[0].timing.signature.shape[3],3
births[10].optimization.trials[0].timing.signature.dtype,float32
births[10].optimization.trials[0].timing.signature.source_digest,e9a0305b3ed0de34bf755a1f588cd96b3f0913d79827dc0c89908e88e8dfbd53
births[10].optimization.trials[0].timing.signature.centers,c7b3fa0e2d81c3ffe68c285477fe44a1be3b1588703d463947f4f56d170ed0ec
births[10].optimization.trials[0].timing.signature.radii,ff90ad05a128127daad8fb52d880b4d0843fdc3e03d5e843c36afd02999ecb3d
births[10].optimization.trials[0].timing.signature.coefficients,0b5c5b72adbf31c052df7448ff82dcc9fcabb946132e8279f878058d04673418
births[10].optimization.trials[0].timing.source_seconds,63.24345781398006
births[10].optimization.trials[0].timing.transport_seconds,461.82229018607177
births[10].optimization.trials[0].timing.detector_seconds,83.54945240495726
births[10].optimization.trials[0].timing.total_seconds,608.6846743570641
births[10].optimization.trials[0].timing.peak_cuda_allocated_mib,810.4365234375
births[10].optimization.trials[0].timing.peak_cuda_reserved_mib,9138.0
births[10].optimization.trials[0].timing.cpu_rss_peak_mib,9754.1328125
births[10].optimization.trials[0].timing.energy_accounting[0].view,0
births[10].optimization.trials[0].timing.energy_accounting[0].input_energy,0.5806319762444622
births[10].optimization.trials[0].timing.energy_accounting[0].detected_energy,0.5806317042693054
births[10].optimization.trials[0].timing.energy_accounting[0].relative_energy_difference,4.6841229532072305e-07
births[10].optimization.trials[0].timing.energy_accounting[0].projected_count_sum,16777169.92611122
births[10].optimization.trials[0].timing.energy_accounting[0].boundary_checked,True
births[10].optimization.trials[0].timing.energy_accounting[0].boundary_lost_energy,0.0
births[10].optimization.trials[0].timing.energy_accounting[0].expected_in_window_energy,0.5806319762444622
births[10].optimization.trials[0].timing.energy_accounting[0].numerical_energy_relative_error,4.6841229532072305e-07
births[10].optimization.trials[0].timing.energy_accounting[1].view,1
births[10].optimization.trials[0].timing.energy_accounting[1].input_energy,0.44396493041888774
births[10].optimization.trials[0].timing.energy_accounting[1].detected_energy,0.4439646996025947
births[10].optimization.trials[0].timing.energy_accounting[1].relative_energy_difference,5.198975802105577e-07
births[10].optimization.trials[0].timing.energy_accounting[1].projected_count_sum,16777169.7562114
births[10].optimization.trials[0].timing.energy_accounting[1].boundary_checked,True
births[10].optimization.trials[0].timing.energy_accounting[1].boundary_lost_energy,0.0
births[10].optimization.trials[0].timing.energy_accounting[1].expected_in_window_energy,0.44396493041888774
births[10].optimization.trials[0].timing.energy_accounting[1].numerical_energy_relative_error,5.198975802105577e-07
births[10].optimization.trials[0].timing.energy_accounting[2].view,2
births[10].optimization.trials[0].timing.energy_accounting[2].input_energy,0.5396807576329047
births[10].optimization.trials[0].timing.energy_accounting[2].detected_energy,0.5396804966483565
births[10].optimization.trials[0].timing.energy_accounting[2].relative_energy_difference,4.835906126051318e-07
births[10].optimization.trials[0].timing.energy_accounting[2].projected_count_sum,16777169.21472226
births[10].optimization.trials[0].timing.energy_accounting[2].boundary_checked,True
births[10].optimization.trials[0].timing.energy_accounting[2].boundary_lost_energy,0.0
births[10].optimization.trials[0].timing.energy_accounting[2].expected_in_window_energy,0.5396807576329047
births[10].optimization.trials[0].timing.energy_accounting[2].numerical_energy_relative_error,4.835906126051318e-07
births[10].optimization.trials[0].timing.energy_accounting[3].view,3
births[10].optimization.trials[0].timing.energy_accounting[3].input_energy,0.4587014284560747
births[10].optimization.trials[0].timing.energy_accounting[3].detected_energy,0.45870119479445903
births[10].optimization.trials[0].timing.energy_accounting[3].relative_energy_difference,5.093980554055905e-07
births[10].optimization.trials[0].timing.energy_accounting[3].projected_count_sum,16777169.2971381
births[10].optimization.trials[0].timing.energy_accounting[3].boundary_checked,True
births[10].optimization.trials[0].timing.energy_accounting[3].boundary_lost_energy,0.0
births[10].optimization.trials[0].timing.energy_accounting[3].expected_in_window_energy,0.4587014284560747
births[10].optimization.trials[0].timing.energy_accounting[3].numerical_energy_relative_error,5.093980554055905e-07
births[10].optimization.trials[0].timing.root_failures,0
births[10].optimization.trials[0].timing.attachment_residual_max,6.661338147750939e-16
births[10].optimization.trials[0].timing.maximum_displacement,0.02669249337387954
births[10].optimization.trials[0].timing.image_digest,0fd3624202717f0af1ca2e3c26d2ff3498be898285938e61878c6961c58a5e70
births[10].optimization.trials[0].timing.state_persisted,False
births[10].optimization.trials[0].finite,True
births[10].optimization.realized_gain,8.671329189372662e-05
births[10].optimization.coefficient_limit_hits,11
births[10].optimization.seconds,610.9337447099388
births[10].observation.whole_image_mse,0.12476230699829603
births[10].observation.foreground_mse,0.1492254286762119
births[10].observation.interior_gt8px_mse,0.130851613179018
births[10].observation.silhouette_0_8px_mse,0.35998985429033165
births[10].observation.foreground_mean_brightness,0.5126722795459105
births[10].observation.edge_sharpness,0.006062552196132515
births[10].observation.reference_edge_sharpness,0.09199675652077396
births[10].observation.edge_sharpness_ratio,0.06589962978492094
births[10].observation.thin_feature_response_ratio,0.017767946799103866
births[10].observation.per_view[0].gradient_magnitude_ratio,0.2771210735985745
births[10].observation.per_view[0].gradient_cosine,0.003313681093772865
births[10].observation.per_view[0].reference_aligned_gradient_energy,97.9752111493243
births[10].observation.per_view[0].unmatched_gradient_energy,368.93302574838367
births[10].observation.per_view[0].excess_hf_weak_reference,0.00020311114388998872
births[10].observation.per_view[0].gradient_squared_error,0.0015759032648379496
births[10].observation.per_view[0].weak_reference_pixels,1624532
births[10].observation.per_view[1].gradient_magnitude_ratio,0.273599759558541
births[10].observation.per_view[1].gradient_cosine,0.0014164913879670252
births[10].observation.per_view[1].reference_aligned_gradient_energy,59.26258672628873
births[10].observation.per_view[1].unmatched_gradient_energy,375.53684924968957
births[10].observation.per_view[1].excess_hf_weak_reference,0.00020516610048050608
births[10].observation.per_view[1].gradient_squared_error,0.001504318847402061
births[10].observation.per_view[1].weak_reference_pixels,1644948
births[10].observation.per_view[2].gradient_magnitude_ratio,0.2746205855815693
births[10].observation.per_view[2].gradient_cosine,0.006465000385407358
births[10].observation.per_view[2].reference_aligned_gradient_energy,91.4695574996602
births[10].observation.per_view[2].unmatched_gradient_energy,373.3789830336574
births[10].observation.per_view[2].excess_hf_weak_reference,0.00021642041399666954
births[10].observation.per_view[2].gradient_squared_error,0.0015930545818290196
births[10].observation.per_view[2].weak_reference_pixels,1561449
births[10].observation.per_view[3].gradient_magnitude_ratio,0.3128586204617525
births[10].observation.per_view[3].gradient_cosine,0.006358729623292968
births[10].observation.per_view[3].reference_aligned_gradient_energy,39.353081000480195
births[10].observation.per_view[3].unmatched_gradient_energy,396.56897071225865
births[10].observation.per_view[3].excess_hf_weak_reference,0.00023145485838738813
births[10].observation.per_view[3].gradient_squared_error,0.001174724223177041
births[10].observation.per_view[3].weak_reference_pixels,1668420
births[10].observation.gradient_magnitude_ratio,0.28455000980010936
births[10].observation.gradient_cosine,0.004388475622610055
births[10].observation.reference_aligned_gradient_energy,72.01510909393835
births[10].observation.unmatched_gradient_energy,378.6044571859974
births[10].observation.excess_hf_weak_reference,0.00021403812918863814
births[10].observation.gradient_squared_error,0.0014620002293115179
births[10].observation.weak_reference_pixels,1624837.25
births[10].observation.loss,0.06238113322837289
births[10].observation.detected_energy,6292271.067660164
births[10].observation.relative_rgb_l2,0.8210301660365995
births[10].observation.per_view_mse[0],0.14634548864399768
births[10].observation.per_view_mse[1],0.11794803622867082
births[10].observation.per_view_mse[2],0.13064037791080182
births[10].observation.per_view_mse[3],0.1041151630435135
births[10].observation.foreground_mask_iou[0],0.5580834727687323
births[10].observation.foreground_mask_iou[1],0.5431160647665354
births[10].observation.foreground_mask_iou[2],0.6110729800313306
births[10].observation.foreground_mask_iou[3],0.5996286396997274
births[10].observation.squared_image_energy,4389726.3125
births[10].geometry.symmetric_chamfer,0.23793662839083446
births[10].geometry.point_to_surface_mean,0.26636814980568546
births[10].geometry.point_to_surface_p95,0.598088144085128
births[10].geometry.surface_rms,0.3283175288101718
births[10].geometry.normal_consistency,0.7004603763051303
births[10].geometry.normal_error,0.29953962369486975
births[10].geometry.regional_ear_p2s_mean,0.33396326751931915
births[10].geometry.regional_head_p2s_mean,0.19413208250114036
births[10].geometry.regional_leg_p2s_mean,0.07878932473099057
births[10].geometry.regional_torso_p2s_mean,0.3001852755248465
births[10].geometry.bounds[0][0],-0.9999213884461601
births[10].geometry.bounds[0][1],-0.9999213884461601
births[10].geometry.bounds[0][2],-0.999336789688974
births[10].geometry.bounds[1][0],1.0020892449145047
births[10].geometry.bounds[1][1],0.9999214604215803
births[10].geometry.bounds[1][2],0.999930212632665
births[10].geometry.surface_area,12.590235303387775
births[10].geometry.components,1
births[10].geometry.maximum_outward_from_unit_sphere,0.02661757069811066
births[10].geometry.maximum_inward_from_unit_sphere,0.007289687305482739
births[10].geometry.radial_deviation_p95,0.006703871117398424
births[10].geometry.gt_extends_outside_unit_sphere,True
births[10].geometry.gt_max_radius,1.5736361939753005
births[10].geometry.source_coverage_distance_p95,0.013452344044083266
births[10].geometry.source_coverage_distance_max,0.02420836865627328
births[10].geometry.source_coverage_samples,65536
births[10].geometry.geometry_seconds,0.5587762910872698
births[10].geometry.geometry_path,runs/v090_matched_birth/geometry/globe_birth11.ply
births[10].geometry.geometry_target,"MC approximation of prepared.gt_field, evaluation only; existing P2S/Chamfer definitions. Current normals updated at every evaluation."
births[10].scoring_seconds,296.54161680606194
births[10].total_seconds,915.5113623330835
births[10].peak_cuda_allocated_mib,2831.6435546875
births[10].peak_cuda_reserved_mib,9138.0
births[10].cpu_rss_peak_mib,9754.1328125
births[10].image_path,runs/v090_matched_birth/globe_birth11_trial0.npy
births[11].round,12
births[11].deterministic_id,GLOBE:12:7
births[11].center[0],0.43033766896540854
births[11].center[1],0.29701592496651535
births[11].center[2],-0.8738539169153484
births[11].radius,0.45
births[11].proposal_source_id,3300004
births[11].zero_set_residual_at_birth,3.0222102470808934e-18
births[11].selected_rank,1
births[11].candidate_bank_size,32
births[11].responsive_fraction,1.0
births[11].predicted_gain,0.00035896812317816736
births[11].alignment,0.003718650913310598
births[11].jacobian_norm,0.13878462097252917
births[11].affected_views,2
births[11].affected_pixels,211215
births[11].coefficient,0.0
births[11].active_dof_count,12
births[11].born_dof_count,12
births[11].accepted_births,10
births[11].initialized_at_zero,True
births[11].birth_image_jump,0.0
births[11].birth_source_count_change,0
births[11].birth_source_mass_change,0.0
births[11].source_count,16777216
births[11].source_weight_digest,e8a23943d73928dce091768b7789dedd1390b88a2ee2ef22b4e84ad52b924711
births[11].coefficients[0],-0.03
births[11].coefficients[1],-0.03
births[11].coefficients[2],0.03
births[11].coefficients[3],-0.03
births[11].coefficients[4],-0.03
births[11].coefficients[5],-0.03
births[11].coefficients[6],-0.03
births[11].coefficients[7],-0.03
births[11].coefficients[8],-0.03
births[11].coefficients[9],-0.03
births[11].coefficients[10],-0.03
births[11].coefficients[11],0.0
births[11].centers[0][0],-0.07351842161138195
births[11].centers[0][1],0.6811820444435563
births[11].centers[0][2],-0.728413388133049
births[11].centers[1][0],0.6720258443143237
births[11].centers[1][1],0.5230814425100977
births[11].centers[1][2],-0.5241822861135006
births[11].centers[2][0],0.12062150794935045
births[11].centers[2][1],0.2665257085036449
births[11].centers[2][2],-0.9562502279877663
births[11].centers[3][0],0.6105258360802454
births[11].centers[3][1],0.566767707400702
births[11].centers[3][2],-0.5728702979286703
births[11].centers[4][0],0.13361574155036657
births[11].centers[4][1],0.8868378640189128
births[11].centers[4][2],0.44234086014330387
births[11].centers[5][0],0.9348412718678133
births[11].centers[5][1],0.17414060480910115
births[11].centers[5][2],0.3094298727810383
births[11].centers[6][0],0.10765130760785846
births[11].centers[6][1],0.37381169381516527
births[11].centers[6][2],-0.931612583191458
births[11].centers[7][0],0.27660040085736426
births[11].centers[7][1],0.08849992431230631
births[11].centers[7][2],0.9569012392312288
births[11].centers[8][0],0.3656402470898519
births[11].centers[8][1],0.2420315947952902
births[11].centers[8][2],-0.8976672496030755
births[11].centers[9][0],0.5042942542486878
births[11].centers[9][1],0.23319429282205392
births[11].centers[9][2],-0.8353174314302868
births[11].centers[10][0],0.9657880199999013
births[11].centers[10][1],-0.004972121226871936
births[11].centers[10][2],-0.25928512960672373
births[11].centers[11][0],0.43033766896540854
births[11].centers[11][1],0.29701592496651535
births[11].centers[11][2],-0.8738539169153484
births[11].radii[0],0.45
births[11].radii[1],0.45
births[11].radii[2],0.45
births[11].radii[3],0.45
births[11].radii[4],0.45
births[11].radii[5],0.45
births[11].radii[6],0.45
births[11].radii[7],0.31819805153394637
births[11].radii[8],0.31819805153394637
births[11].radii[9],0.45
births[11].radii[10],0.45
births[11].radii[11],0.45
births[11].realized_gain,0.0
births[11].optimization.accepted,False
births[11].optimization.linear_solver_failures,0
births[11].optimization.line_search_failures,1
births[11].optimization.trials[0].alpha,1.0
births[11].optimization.trials[0].loss,0.06248913445731122
births[11].optimization.trials[0].coefficient[0],-0.03
births[11].optimization.trials[0].coefficient[1],-0.03
births[11].optimization.trials[0].coefficient[2],0.03
births[11].optimization.trials[0].coefficient[3],-0.03
births[11].optimization.trials[0].coefficient[4],-0.03
births[11].optimization.trials[0].coefficient[5],-0.03
births[11].optimization.trials[0].coefficient[6],-0.03
births[11].optimization.trials[0].coefficient[7],-0.03
births[11].optimization.trials[0].coefficient[8],-0.03
births[11].optimization.trials[0].coefficient[9],-0.03
births[11].optimization.trials[0].coefficient[10],-0.03
births[11].optimization.trials[0].coefficient[11],0.03
births[11].optimization.trials[0].timing.signature.config_digest,62ca4976cb787bbdbc3fd85b82677cf3aaa45a383158d798e34cfdd3b30c3861
births[11].optimization.trials[0].timing.signature.field_digest,11162da077d54597700e705723b34acb147f47c44095818ea0b0ecb554a3fc55
births[11].optimization.trials[0].timing.signature.count,16777216
births[11].optimization.trials[0].timing.signature.seed,101
births[11].optimization.trials[0].timing.signature.operator_version,v0817_CURRENT_fixed_measure_C3
births[11].optimization.trials[0].timing.signature.shape[0],4
births[11].optimization.trials[0].timing.signature.shape[1],1080
births[11].optimization.trials[0].timing.signature.shape[2],1920
births[11].optimization.trials[0].timing.signature.shape[3],3
births[11].optimization.trials[0].timing.signature.dtype,float32
births[11].optimization.trials[0].timing.signature.source_digest,e9a0305b3ed0de34bf755a1f588cd96b3f0913d79827dc0c89908e88e8dfbd53
births[11].optimization.trials[0].timing.signature.centers,2ad273b9efc2b49a2b9d637446f506ea0067fbc5b41bcacbf77ea70931c918d0
births[11].optimization.trials[0].timing.signature.radii,865c06a5432e43e0e32e08e8592ec7e36d22708ebf22791dfa988b72b8f45489
births[11].optimization.trials[0].timing.signature.coefficients,95f277063555d487ea017d9669df960c1991150bbcf9cd4c397b72e3ab30c54f
births[11].optimization.trials[0].timing.source_seconds,61.33003780688159
births[11].optimization.trials[0].timing.transport_seconds,463.4350696261972
births[11].optimization.trials[0].timing.detector_seconds,83.98689964902587
births[11].optimization.trials[0].timing.total_seconds,608.794408549089
births[11].optimization.trials[0].timing.peak_cuda_allocated_mib,560.50830078125
births[11].optimization.trials[0].timing.peak_cuda_reserved_mib,11182.0
births[11].optimization.trials[0].timing.cpu_rss_peak_mib,9754.1328125
births[11].optimization.trials[0].timing.energy_accounting[0].view,0
births[11].optimization.trials[0].timing.energy_accounting[0].input_energy,0.5814870926759805
births[11].optimization.trials[0].timing.energy_accounting[0].detected_energy,0.5814868200912703
births[11].optimization.trials[0].timing.energy_accounting[0].relative_energy_difference,4.6877172972769385e-07
births[11].optimization.trials[0].timing.energy_accounting[0].projected_count_sum,16777169.96997988
births[11].optimization.trials[0].timing.energy_accounting[0].boundary_checked,True
births[11].optimization.trials[0].timing.energy_accounting[0].boundary_lost_energy,0.0
births[11].optimization.trials[0].timing.energy_accounting[0].expected_in_window_energy,0.5814870926759805
births[11].optimization.trials[0].timing.energy_accounting[0].numerical_energy_relative_error,4.6877172972769385e-07
births[11].optimization.trials[0].timing.energy_accounting[1].view,1
births[11].optimization.trials[0].timing.energy_accounting[1].input_energy,0.44396493041888774
births[11].optimization.trials[0].timing.energy_accounting[1].detected_energy,0.44396469960237284
births[11].optimization.trials[0].timing.energy_accounting[1].relative_energy_difference,5.198980799754181e-07
births[11].optimization.trials[0].timing.energy_accounting[1].projected_count_sum,16777169.754965484
births[11].optimization.trials[0].timing.energy_accounting[1].boundary_checked,True
births[11].optimization.trials[0].timing.energy_accounting[1].boundary_lost_energy,0.0
births[11].optimization.trials[0].timing.energy_accounting[1].expected_in_window_energy,0.44396493041888774
births[11].optimization.trials[0].timing.energy_accounting[1].numerical_energy_relative_error,5.198980799754181e-07
births[11].optimization.trials[0].timing.energy_accounting[2].view,2
births[11].optimization.trials[0].timing.energy_accounting[2].input_energy,0.5399071903877016
births[11].optimization.trials[0].timing.energy_accounting[2].detected_energy,0.5399069293891944
births[11].optimization.trials[0].timing.energy_accounting[2].relative_energy_difference,4.834136531199205e-07
births[11].optimization.trials[0].timing.energy_accounting[2].projected_count_sum,16777169.215519335
births[11].optimization.trials[0].timing.energy_accounting[2].boundary_checked,True
births[11].optimization.trials[0].timing.energy_accounting[2].boundary_lost_energy,0.0
births[11].optimization.trials[0].timing.energy_accounting[2].expected_in_window_energy,0.5399071903877016
births[11].optimization.trials[0].timing.energy_accounting[2].numerical_energy_relative_error,4.834136531199205e-07
births[11].optimization.trials[0].timing.energy_accounting[3].view,3
births[11].optimization.trials[0].timing.energy_accounting[3].input_energy,0.4587014284560747
births[11].optimization.trials[0].timing.energy_accounting[3].detected_energy,0.45870119479401844
births[11].optimization.trials[0].timing.energy_accounting[3].relative_energy_difference,5.09399015925833e-07
births[11].optimization.trials[0].timing.energy_accounting[3].projected_count_sum,16777169.325514492
births[11].optimization.trials[0].timing.energy_accounting[3].boundary_checked,True
births[11].optimization.trials[0].timing.energy_accounting[3].boundary_lost_energy,0.0
births[11].optimization.trials[0].timing.energy_accounting[3].expected_in_window_energy,0.4587014284560747
births[11].optimization.trials[0].timing.energy_accounting[3].numerical_energy_relative_error,5.09399015925833e-07
births[11].optimization.trials[0].timing.root_failures,0
births[11].optimization.trials[0].timing.attachment_residual_max,6.661338147750939e-16
births[11].optimization.trials[0].timing.maximum_displacement,0.02669249337387954
births[11].optimization.trials[0].timing.image_digest,b818f2efd2ec2e4cd4d7bcbff56ca21be411a0c8dbea7c8ab94c829641b90e02
births[11].optimization.trials[0].timing.state_persisted,False
births[11].optimization.trials[0].finite,True
births[11].optimization.trials[1].alpha,0.5
births[11].optimization.trials[1].loss,0.062436241547947406
births[11].optimization.trials[1].coefficient[0],-0.03
births[11].optimization.trials[1].coefficient[1],-0.03
births[11].optimization.trials[1].coefficient[2],0.03
births[11].optimization.trials[1].coefficient[3],-0.03
births[11].optimization.trials[1].coefficient[4],-0.03
births[11].optimization.trials[1].coefficient[5],-0.03
births[11].optimization.trials[1].coefficient[6],-0.03
births[11].optimization.trials[1].coefficient[7],-0.03
births[11].optimization.trials[1].coefficient[8],-0.03
births[11].optimization.trials[1].coefficient[9],-0.03
births[11].optimization.trials[1].coefficient[10],-0.03
births[11].optimization.trials[1].coefficient[11],0.015
births[11].optimization.trials[1].timing.signature.config_digest,62ca4976cb787bbdbc3fd85b82677cf3aaa45a383158d798e34cfdd3b30c3861
births[11].optimization.trials[1].timing.signature.field_digest,11162da077d54597700e705723b34acb147f47c44095818ea0b0ecb554a3fc55
births[11].optimization.trials[1].timing.signature.count,16777216
births[11].optimization.trials[1].timing.signature.seed,101
births[11].optimization.trials[1].timing.signature.operator_version,v0817_CURRENT_fixed_measure_C3
births[11].optimization.trials[1].timing.signature.shape[0],4
births[11].optimization.trials[1].timing.signature.shape[1],1080
births[11].optimization.trials[1].timing.signature.shape[2],1920
births[11].optimization.trials[1].timing.signature.shape[3],3
births[11].optimization.trials[1].timing.signature.dtype,float32
births[11].optimization.trials[1].timing.signature.source_digest,e9a0305b3ed0de34bf755a1f588cd96b3f0913d79827dc0c89908e88e8dfbd53
births[11].optimization.trials[1].timing.signature.centers,2ad273b9efc2b49a2b9d637446f506ea0067fbc5b41bcacbf77ea70931c918d0
births[11].optimization.trials[1].timing.signature.radii,865c06a5432e43e0e32e08e8592ec7e36d22708ebf22791dfa988b72b8f45489
births[11].optimization.trials[1].timing.signature.coefficients,39a689301f882aa52391907bc9dc9df15559de32775f6f4141bba9d632351370
births[11].optimization.trials[1].timing.source_seconds,63.37419562297873
births[11].optimization.trials[1].timing.transport_seconds,463.54777973215096
births[11].optimization.trials[1].timing.detector_seconds,84.70209039095789
births[11].optimization.trials[1].timing.total_seconds,611.6661732739303
births[11].optimization.trials[1].timing.peak_cuda_allocated_mib,560.50634765625
births[11].optimization.trials[1].timing.peak_cuda_reserved_mib,11182.0
births[11].optimization.trials[1].timing.cpu_rss_peak_mib,9754.1328125
births[11].optimization.trials[1].timing.energy_accounting[0].view,0
births[11].optimization.trials[1].timing.energy_accounting[0].input_energy,0.5810698713202049
births[11].optimization.trials[1].timing.energy_accounting[0].detected_energy,0.5810695990262896
births[11].optimization.trials[1].timing.energy_accounting[0].relative_energy_difference,4.686078710047527e-07
births[11].optimization.trials[1].timing.energy_accounting[0].projected_count_sum,16777169.939866131
births[11].optimization.trials[1].timing.energy_accounting[0].boundary_checked,True
births[11].optimization.trials[1].timing.energy_accounting[0].boundary_lost_energy,0.0
births[11].optimization.trials[1].timing.energy_accounting[0].expected_in_window_energy,0.5810698713202049
births[11].optimization.trials[1].timing.energy_accounting[0].numerical_energy_relative_error,4.686078710047527e-07
births[11].optimization.trials[1].timing.energy_accounting[1].view,1
births[11].optimization.trials[1].timing.energy_accounting[1].input_energy,0.44396493041888774
births[11].optimization.trials[1].timing.energy_accounting[1].detected_energy,0.44396469960213103
births[11].optimization.trials[1].timing.energy_accounting[1].relative_energy_difference,5.198986246278404e-07
births[11].optimization.trials[1].timing.energy_accounting[1].projected_count_sum,16777169.753253264
births[11].optimization.trials[1].timing.energy_accounting[1].boundary_checked,True
births[11].optimization.trials[1].timing.energy_accounting[1].boundary_lost_energy,0.0
births[11].optimization.trials[1].timing.energy_accounting[1].expected_in_window_energy,0.44396493041888774
births[11].optimization.trials[1].timing.energy_accounting[1].numerical_energy_relative_error,5.198986246278404e-07
births[11].optimization.trials[1].timing.energy_accounting[2].view,2
births[11].optimization.trials[1].timing.energy_accounting[2].input_energy,0.5397997061166945
births[11].optimization.trials[1].timing.energy_accounting[2].detected_energy,0.5397994451992003
births[11].optimization.trials[1].timing.energy_accounting[2].relative_energy_difference,4.833598299690378e-07
births[11].optimization.trials[1].timing.energy_accounting[2].projected_count_sum,16777169.215378754
births[11].optimization.trials[1].timing.energy_accounting[2].boundary_checked,True
births[11].optimization.trials[1].timing.energy_accounting[2].boundary_lost_energy,0.0
births[11].optimization.trials[1].timing.energy_accounting[2].expected_in_window_energy,0.5397997061166945
births[11].optimization.trials[1].timing.energy_accounting[2].numerical_energy_relative_error,4.833598299690378e-07
births[11].optimization.trials[1].timing.energy_accounting[3].view,3
births[11].optimization.trials[1].timing.energy_accounting[3].input_energy,0.4587014284560747
births[11].optimization.trials[1].timing.energy_accounting[3].detected_energy,0.45870119479405425
births[11].optimization.trials[1].timing.energy_accounting[3].relative_energy_difference,5.093989378691925e-07
births[11].optimization.trials[1].timing.energy_accounting[3].projected_count_sum,16777169.29716967
births[11].optimization.trials[1].timing.energy_accounting[3].boundary_checked,True
births[11].optimization.trials[1].timing.energy_accounting[3].boundary_lost_energy,0.0
births[11].optimization.trials[1].timing.energy_accounting[3].expected_in_window_energy,0.4587014284560747
births[11].optimization.trials[1].timing.energy_accounting[3].numerical_energy_relative_error,5.093989378691925e-07
births[11].optimization.trials[1].timing.root_failures,0
births[11].optimization.trials[1].timing.attachment_residual_max,7.225123277443402e-16
births[11].optimization.trials[1].timing.maximum_displacement,0.02669249337387954
births[11].optimization.trials[1].timing.image_digest,5a3c4a4c469036bea79edc72e7dcacfa35d7d7d17d4d8ba2554e89409004da1b
births[11].optimization.trials[1].timing.state_persisted,False
births[11].optimization.trials[1].finite,True
births[11].optimization.trials[2].alpha,0.25
births[11].optimization.trials[2].loss,0.062408881510576435
births[11].optimization.trials[2].coefficient[0],-0.03
births[11].optimization.trials[2].coefficient[1],-0.03
births[11].optimization.trials[2].coefficient[2],0.03
births[11].optimization.trials[2].coefficient[3],-0.03
births[11].optimization.trials[2].coefficient[4],-0.03
births[11].optimization.trials[2].coefficient[5],-0.03
births[11].optimization.trials[2].coefficient[6],-0.03
births[11].optimization.trials[2].coefficient[7],-0.03
births[11].optimization.trials[2].coefficient[8],-0.03
births[11].optimization.trials[2].coefficient[9],-0.03
births[11].optimization.trials[2].coefficient[10],-0.03
births[11].optimization.trials[2].coefficient[11],0.0075
births[11].optimization.trials[2].timing.signature.config_digest,62ca4976cb787bbdbc3fd85b82677cf3aaa45a383158d798e34cfdd3b30c3861
births[11].optimization.trials[2].timing.signature.field_digest,11162da077d54597700e705723b34acb147f47c44095818ea0b0ecb554a3fc55
births[11].optimization.trials[2].timing.signature.count,16777216
births[11].optimization.trials[2].timing.signature.seed,101
births[11].optimization.trials[2].timing.signature.operator_version,v0817_CURRENT_fixed_measure_C3
births[11].optimization.trials[2].timing.signature.shape[0],4
births[11].optimization.trials[2].timing.signature.shape[1],1080
births[11].optimization.trials[2].timing.signature.shape[2],1920
births[11].optimization.trials[2].timing.signature.shape[3],3
births[11].optimization.trials[2].timing.signature.dtype,float32
births[11].optimization.trials[2].timing.signature.source_digest,e9a0305b3ed0de34bf755a1f588cd96b3f0913d79827dc0c89908e88e8dfbd53
births[11].optimization.trials[2].timing.signature.centers,2ad273b9efc2b49a2b9d637446f506ea0067fbc5b41bcacbf77ea70931c918d0
births[11].optimization.trials[2].timing.signature.radii,865c06a5432e43e0e32e08e8592ec7e36d22708ebf22791dfa988b72b8f45489
births[11].optimization.trials[2].timing.signature.coefficients,0ec99d90550ee2242510aef5e2672b7b635f4408bcf84b75b4c7d0a7796d74cd
births[11].optimization.trials[2].timing.source_seconds,63.93549480079673
births[11].optimization.trials[2].timing.transport_seconds,461.959671060089
births[11].optimization.trials[2].timing.detector_seconds,81.5048718880862
births[11].optimization.trials[2].timing.total_seconds,607.4416021797806
births[11].optimization.trials[2].timing.peak_cuda_allocated_mib,560.505859375
births[11].optimization.trials[2].timing.peak_cuda_reserved_mib,11182.0
births[11].optimization.trials[2].timing.cpu_rss_peak_mib,9754.1328125
births[11].optimization.trials[2].timing.energy_accounting[0].view,0
births[11].optimization.trials[2].timing.energy_accounting[0].input_energy,0.5808528797711018
births[11].optimization.trials[2].timing.energy_accounting[0].detected_energy,0.5808526076545958
births[11].optimization.trials[2].timing.energy_accounting[0].relative_energy_difference,4.684775017421541e-07
births[11].optimization.trials[2].timing.energy_accounting[0].projected_count_sum,16777169.927485472
births[11].optimization.trials[2].timing.energy_accounting[0].boundary_checked,True
births[11].optimization.trials[2].timing.energy_accounting[0].boundary_lost_energy,0.0
births[11].optimization.trials[2].timing.energy_accounting[0].expected_in_window_energy,0.5808528797711018
births[11].optimization.trials[2].timing.energy_accounting[0].numerical_energy_relative_error,4.684775017421541e-07
births[11].optimization.trials[2].timing.energy_accounting[1].view,1
births[11].optimization.trials[2].timing.energy_accounting[1].input_energy,0.44396493041888774
births[11].optimization.trials[2].timing.energy_accounting[1].detected_energy,0.443964699601951
births[11].optimization.trials[2].timing.energy_accounting[1].relative_energy_difference,5.198990301163173e-07
births[11].optimization.trials[2].timing.energy_accounting[1].projected_count_sum,16777169.7479452
births[11].optimization.trials[2].timing.energy_accounting[1].boundary_checked,True
births[11].optimization.trials[2].timing.energy_accounting[1].boundary_lost_energy,0.0
births[11].optimization.trials[2].timing.energy_accounting[1].expected_in_window_energy,0.44396493041888774
births[11].optimization.trials[2].timing.energy_accounting[1].numerical_energy_relative_error,5.198990301163173e-07
births[11].optimization.trials[2].timing.energy_accounting[2].view,2
births[11].optimization.trials[2].timing.energy_accounting[2].input_energy,0.5397415871831052
births[11].optimization.trials[2].timing.energy_accounting[2].detected_energy,0.5397413261615392
births[11].optimization.trials[2].timing.energy_accounting[2].relative_energy_difference,4.836046954976778e-07
births[11].optimization.trials[2].timing.energy_accounting[2].projected_count_sum,16777169.216427742
births[11].optimization.trials[2].timing.energy_accounting[2].boundary_checked,True
births[11].optimization.trials[2].timing.energy_accounting[2].boundary_lost_energy,0.0
births[11].optimization.trials[2].timing.energy_accounting[2].expected_in_window_energy,0.5397415871831052
births[11].optimization.trials[2].timing.energy_accounting[2].numerical_energy_relative_error,4.836046954976778e-07
births[11].optimization.trials[2].timing.energy_accounting[3].view,3
births[11].optimization.trials[2].timing.energy_accounting[3].input_energy,0.4587014284560747
births[11].optimization.trials[2].timing.energy_accounting[3].detected_energy,0.4587011947946373
births[11].optimization.trials[2].timing.energy_accounting[3].relative_energy_difference,5.093976668166402e-07
births[11].optimization.trials[2].timing.energy_accounting[3].projected_count_sum,16777169.311703727
births[11].optimization.trials[2].timing.energy_accounting[3].boundary_checked,True
births[11].optimization.trials[2].timing.energy_accounting[3].boundary_lost_energy,0.0
births[11].optimization.trials[2].timing.energy_accounting[3].expected_in_window_energy,0.4587014284560747
births[11].optimization.trials[2].timing.energy_accounting[3].numerical_energy_relative_error,5.093976668166402e-07
births[11].optimization.trials[2].timing.root_failures,0
births[11].optimization.trials[2].timing.attachment_residual_max,6.661338147750939e-16
births[11].optimization.trials[2].timing.maximum_displacement,0.02669249337387954
births[11].optimization.trials[2].timing.image_digest,060d7762a0b1dd11036b174cccc7f959313a059d46dc7b51caa2bff66dea526e
births[11].optimization.trials[2].timing.state_persisted,False
births[11].optimization.trials[2].finite,True
births[11].optimization.trials[3].alpha,0.125
births[11].optimization.trials[3].loss,0.062395046171332263
births[11].optimization.trials[3].coefficient[0],-0.03
births[11].optimization.trials[3].coefficient[1],-0.03
births[11].optimization.trials[3].coefficient[2],0.03
births[11].optimization.trials[3].coefficient[3],-0.03
births[11].optimization.trials[3].coefficient[4],-0.03
births[11].optimization.trials[3].coefficient[5],-0.03
births[11].optimization.trials[3].coefficient[6],-0.03
births[11].optimization.trials[3].coefficient[7],-0.03
births[11].optimization.trials[3].coefficient[8],-0.03
births[11].optimization.trials[3].coefficient[9],-0.03
births[11].optimization.trials[3].coefficient[10],-0.03
births[11].optimization.trials[3].coefficient[11],0.00375
births[11].optimization.trials[3].timing.signature.config_digest,62ca4976cb787bbdbc3fd85b82677cf3aaa45a383158d798e34cfdd3b30c3861
births[11].optimization.trials[3].timing.signature.field_digest,11162da077d54597700e705723b34acb147f47c44095818ea0b0ecb554a3fc55
births[11].optimization.trials[3].timing.signature.count,16777216
births[11].optimization.trials[3].timing.signature.seed,101
births[11].optimization.trials[3].timing.signature.operator_version,v0817_CURRENT_fixed_measure_C3
births[11].optimization.trials[3].timing.signature.shape[0],4
births[11].optimization.trials[3].timing.signature.shape[1],1080
births[11].optimization.trials[3].timing.signature.shape[2],1920
births[11].optimization.trials[3].timing.signature.shape[3],3
births[11].optimization.trials[3].timing.signature.dtype,float32
births[11].optimization.trials[3].timing.signature.source_digest,e9a0305b3ed0de34bf755a1f588cd96b3f0913d79827dc0c89908e88e8dfbd53
births[11].optimization.trials[3].timing.signature.centers,2ad273b9efc2b49a2b9d637446f506ea0067fbc5b41bcacbf77ea70931c918d0
births[11].optimization.trials[3].timing.signature.radii,865c06a5432e43e0e32e08e8592ec7e36d22708ebf22791dfa988b72b8f45489
births[11].optimization.trials[3].timing.signature.coefficients,8b7de8a2383920d41b5519bf55193469aea3c9ebe1217825b772cdd2518e7b59
births[11].optimization.trials[3].timing.source_seconds,60.86049641715363
births[11].optimization.trials[3].timing.transport_seconds,456.10799900698476
births[11].optimization.trials[3].timing.detector_seconds,80.6738588840235
births[11].optimization.trials[3].timing.total_seconds,597.68426107103
births[11].optimization.trials[3].timing.peak_cuda_allocated_mib,560.505859375
births[11].optimization.trials[3].timing.peak_cuda_reserved_mib,11182.0
births[11].optimization.trials[3].timing.cpu_rss_peak_mib,9754.1328125
births[11].optimization.trials[3].timing.energy_accounting[0].view,0
births[11].optimization.trials[3].timing.energy_accounting[0].input_energy,0.5807428446904241
births[11].optimization.trials[3].timing.energy_accounting[0].detected_energy,0.5807425726136621
births[11].optimization.trials[3].timing.energy_accounting[0].relative_energy_difference,4.684978291106747e-07
births[11].optimization.trials[3].timing.energy_accounting[0].projected_count_sum,16777169.925757414
births[11].optimization.trials[3].timing.energy_accounting[0].boundary_checked,True
births[11].optimization.trials[3].timing.energy_accounting[0].boundary_lost_energy,0.0
births[11].optimization.trials[3].timing.energy_accounting[0].expected_in_window_energy,0.5807428446904241
births[11].optimization.trials[3].timing.energy_accounting[0].numerical_energy_relative_error,4.684978291106747e-07
births[11].optimization.trials[3].timing.energy_accounting[1].view,1
births[11].optimization.trials[3].timing.energy_accounting[1].input_energy,0.44396493041888774
births[11].optimization.trials[3].timing.energy_accounting[1].detected_energy,0.44396469960203916
births[11].optimization.trials[3].timing.energy_accounting[1].relative_energy_difference,5.19898831560751e-07
births[11].optimization.trials[3].timing.energy_accounting[1].projected_count_sum,16777169.752784085
births[11].optimization.trials[3].timing.energy_accounting[1].boundary_checked,True
births[11].optimization.trials[3].timing.energy_accounting[1].boundary_lost_energy,0.0
births[11].optimization.trials[3].timing.energy_accounting[1].expected_in_window_energy,0.44396493041888774
births[11].optimization.trials[3].timing.energy_accounting[1].numerical_energy_relative_error,5.19898831560751e-07
births[11].optimization.trials[3].timing.energy_accounting[2].view,2
births[11].optimization.trials[3].timing.energy_accounting[2].input_energy,0.539711500304037
births[11].optimization.trials[3].timing.energy_accounting[2].detected_energy,0.5397112393575917
births[11].optimization.trials[3].timing.energy_accounting[2].relative_energy_difference,4.8349246809396e-07
births[11].optimization.trials[3].timing.energy_accounting[2].projected_count_sum,16777169.214399878
births[11].optimization.trials[3].timing.energy_accounting[2].boundary_checked,True
births[11].optimization.trials[3].timing.energy_accounting[2].boundary_lost_energy,0.0
births[11].optimization.trials[3].timing.energy_accounting[2].expected_in_window_energy,0.539711500304037
births[11].optimization.trials[3].timing.energy_accounting[2].numerical_energy_relative_error,4.8349246809396e-07
births[11].optimization.trials[3].timing.energy_accounting[3].view,3
births[11].optimization.trials[3].timing.energy_accounting[3].input_energy,0.4587014284560747
births[11].optimization.trials[3].timing.energy_accounting[3].detected_energy,0.45870119479445937
births[11].optimization.trials[3].timing.energy_accounting[3].relative_energy_difference,5.093980546794822e-07
births[11].optimization.trials[3].timing.energy_accounting[3].projected_count_sum,16777169.303336797
births[11].optimization.trials[3].timing.energy_accounting[3].boundary_checked,True
births[11].optimization.trials[3].timing.energy_accounting[3].boundary_lost_energy,0.0
births[11].optimization.trials[3].timing.energy_accounting[3].expected_in_window_energy,0.4587014284560747
births[11].optimization.trials[3].timing.energy_accounting[3].numerical_energy_relative_error,5.093980546794822e-07
births[11].optimization.trials[3].timing.root_failures,0
births[11].optimization.trials[3].timing.attachment_residual_max,6.661338147750939e-16
births[11].optimization.trials[3].timing.maximum_displacement,0.02669249337387954
births[11].optimization.trials[3].timing.image_digest,2793763b9bba0d627707faeb2622698ce0a009bb5f8bf0b4014f9b797527c757
births[11].optimization.trials[3].timing.state_persisted,False
births[11].optimization.trials[3].finite,True
births[11].optimization.realized_gain,0.0
births[11].optimization.coefficient_limit_hits,12
births[11].optimization.seconds,2434.3206999779213
births[11].observation.whole_image_mse,0.12476230699829603
births[11].observation.foreground_mse,0.1492254286762119
births[11].observation.interior_gt8px_mse,0.130851613179018
births[11].observation.silhouette_0_8px_mse,0.35998985429033165
births[11].observation.foreground_mean_brightness,0.5126722795459105
births[11].observation.edge_sharpness,0.006062552196132515
births[11].observation.reference_edge_sharpness,0.09199675652077396
births[11].observation.edge_sharpness_ratio,0.06589962978492094
births[11].observation.thin_feature_response_ratio,0.017767946799103866
births[11].observation.per_view[0].gradient_magnitude_ratio,0.2771210735985745
births[11].observation.per_view[0].gradient_cosine,0.003313681093772865
births[11].observation.per_view[0].reference_aligned_gradient_energy,97.9752111493243
births[11].observation.per_view[0].unmatched_gradient_energy,368.93302574838367
births[11].observation.per_view[0].excess_hf_weak_reference,0.00020311114388998872
births[11].observation.per_view[0].gradient_squared_error,0.0015759032648379496
births[11].observation.per_view[0].weak_reference_pixels,1624532
births[11].observation.per_view[1].gradient_magnitude_ratio,0.273599759558541
births[11].observation.per_view[1].gradient_cosine,0.0014164913879670252
births[11].observation.per_view[1].reference_aligned_gradient_energy,59.26258672628873
births[11].observation.per_view[1].unmatched_gradient_energy,375.53684924968957
births[11].observation.per_view[1].excess_hf_weak_reference,0.00020516610048050608
births[11].observation.per_view[1].gradient_squared_error,0.001504318847402061
births[11].observation.per_view[1].weak_reference_pixels,1644948
births[11].observation.per_view[2].gradient_magnitude_ratio,0.2746205855815693
births[11].observation.per_view[2].gradient_cosine,0.006465000385407358
births[11].observation.per_view[2].reference_aligned_gradient_energy,91.4695574996602
births[11].observation.per_view[2].unmatched_gradient_energy,373.3789830336574
births[11].observation.per_view[2].excess_hf_weak_reference,0.00021642041399666954
births[11].observation.per_view[2].gradient_squared_error,0.0015930545818290196
births[11].observation.per_view[2].weak_reference_pixels,1561449
births[11].observation.per_view[3].gradient_magnitude_ratio,0.3128586204617525
births[11].observation.per_view[3].gradient_cosine,0.006358729623292968
births[11].observation.per_view[3].reference_aligned_gradient_energy,39.353081000480195
births[11].observation.per_view[3].unmatched_gradient_energy,396.56897071225865
births[11].observation.per_view[3].excess_hf_weak_reference,0.00023145485838738813
births[11].observation.per_view[3].gradient_squared_error,0.001174724223177041
births[11].observation.per_view[3].weak_reference_pixels,1668420
births[11].observation.gradient_magnitude_ratio,0.28455000980010936
births[11].observation.gradient_cosine,0.004388475622610055
births[11].observation.reference_aligned_gradient_energy,72.01510909393835
births[11].observation.unmatched_gradient_energy,378.6044571859974
births[11].observation.excess_hf_weak_reference,0.00021403812918863814
births[11].observation.gradient_squared_error,0.0014620002293115179
births[11].observation.weak_reference_pixels,1624837.25
births[11].observation.loss,0.06238113322837289
births[11].observation.detected_energy,6292271.067660164
births[11].observation.relative_rgb_l2,0.8210301660365995
births[11].observation.per_view_mse[0],0.14634548864399768
births[11].observation.per_view_mse[1],0.11794803622867082
births[11].observation.per_view_mse[2],0.13064037791080182
births[11].observation.per_view_mse[3],0.1041151630435135
births[11].observation.foreground_mask_iou[0],0.5580834727687323
births[11].observation.foreground_mask_iou[1],0.5431160647665354
births[11].observation.foreground_mask_iou[2],0.6110729800313306
births[11].observation.foreground_mask_iou[3],0.5996286396997274
births[11].observation.squared_image_energy,4389726.3125
births[11].geometry.symmetric_chamfer,0.23793662839083446
births[11].geometry.point_to_surface_mean,0.26636814980568546
births[11].geometry.point_to_surface_p95,0.598088144085128
births[11].geometry.surface_rms,0.3283175288101718
births[11].geometry.normal_consistency,0.7004603763051303
births[11].geometry.normal_error,0.29953962369486975
births[11].geometry.regional_ear_p2s_mean,0.33396326751931915
births[11].geometry.regional_head_p2s_mean,0.19413208250114036
births[11].geometry.regional_leg_p2s_mean,0.07878932473099057
births[11].geometry.regional_torso_p2s_mean,0.3001852755248465
births[11].geometry.bounds[0][0],-0.9999213884461601
births[11].geometry.bounds[0][1],-0.9999213884461601
births[11].geometry.bounds[0][2],-0.999336789688974
births[11].geometry.bounds[1][0],1.0020892449145047
births[11].geometry.bounds[1][1],0.9999214604215803
births[11].geometry.bounds[1][2],0.999930212632665
births[11].geometry.surface_area,12.590235303387775
births[11].geometry.components,1
births[11].geometry.maximum_outward_from_unit_sphere,0.02661757069811066
births[11].geometry.maximum_inward_from_unit_sphere,0.007289687305482739
births[11].geometry.radial_deviation_p95,0.006703871117398424
births[11].geometry.gt_extends_outside_unit_sphere,True
births[11].geometry.gt_max_radius,1.5736361939753005
births[11].geometry.source_coverage_distance_p95,0.013452344044083266
births[11].geometry.source_coverage_distance_max,0.02420836865627328
births[11].geometry.source_coverage_samples,65536
births[11].geometry.geometry_seconds,0.5415037660859525
births[11].geometry.geometry_path,runs/v090_matched_birth/geometry/globe_birth12.ply
births[11].geometry.geometry_target,"MC approximation of prepared.gt_field, evaluation only; existing P2S/Chamfer definitions. Current normals updated at every evaluation."
births[11].scoring_seconds,301.2553534449544
births[11].total_seconds,2743.0291846080218
births[11].peak_cuda_allocated_mib,2649.4072265625
births[11].peak_cuda_reserved_mib,11182.0
births[11].cpu_rss_peak_mib,9754.1328125
births[11].image_path,
births[11].checkpoint_image,runs/v090_matched_birth/globe_checkpoint12.npy
births[12].round,13
births[12].deterministic_id,GLOBE:13:28
births[12].center[0],-0.0653798551048776
births[12].center[1],0.9759003052447783
births[12].center[2],0.21019734664427175
births[12].radius,0.31819805153394637
births[12].proposal_source_id,1669682
births[12].zero_set_residual_at_birth,7.936359902593892e-17
births[12].selected_rank,1
births[12].candidate_bank_size,32
births[12].responsive_fraction,1.0
births[12].predicted_gain,0.00025236515317768056
births[12].alignment,0.0021014793106495767
births[12].jacobian_norm,0.09353904801221384
births[12].affected_views,2
births[12].affected_pixels,99409
births[12].coefficient,0.0
births[12].active_dof_count,13
births[12].born_dof_count,13
births[12].accepted_births,10
births[12].initialized_at_zero,True
births[12].birth_image_jump,0.0
births[12].birth_source_count_change,0
births[12].birth_source_mass_change,0.0
births[12].source_count,16777216
births[12].source_weight_digest,e8a23943d73928dce091768b7789dedd1390b88a2ee2ef22b4e84ad52b924711
births[12].coefficients[0],-0.03
births[12].coefficients[1],-0.03
births[12].coefficients[2],0.03
births[12].coefficients[3],-0.03
births[12].coefficients[4],-0.03
births[12].coefficients[5],-0.03
births[12].coefficients[6],-0.03
births[12].coefficients[7],-0.03
births[12].coefficients[8],-0.03
births[12].coefficients[9],-0.03
births[12].coefficients[10],-0.03
births[12].coefficients[11],0.0
births[12].coefficients[12],0.0
births[12].centers[0][0],-0.07351842161138195
births[12].centers[0][1],0.6811820444435563
births[12].centers[0][2],-0.728413388133049
births[12].centers[1][0],0.6720258443143237
births[12].centers[1][1],0.5230814425100977
births[12].centers[1][2],-0.5241822861135006
births[12].centers[2][0],0.12062150794935045
births[12].centers[2][1],0.2665257085036449
births[12].centers[2][2],-0.9562502279877663
births[12].centers[3][0],0.6105258360802454
births[12].centers[3][1],0.566767707400702
births[12].centers[3][2],-0.5728702979286703
births[12].centers[4][0],0.13361574155036657
births[12].centers[4][1],0.8868378640189128
births[12].centers[4][2],0.44234086014330387
births[12].centers[5][0],0.9348412718678133
births[12].centers[5][1],0.17414060480910115
births[12].centers[5][2],0.3094298727810383
births[12].centers[6][0],0.10765130760785846
births[12].centers[6][1],0.37381169381516527
births[12].centers[6][2],-0.931612583191458
births[12].centers[7][0],0.27660040085736426
births[12].centers[7][1],0.08849992431230631
births[12].centers[7][2],0.9569012392312288
births[12].centers[8][0],0.3656402470898519
births[12].centers[8][1],0.2420315947952902
births[12].centers[8][2],-0.8976672496030755
births[12].centers[9][0],0.5042942542486878
births[12].centers[9][1],0.23319429282205392
births[12].centers[9][2],-0.8353174314302868
births[12].centers[10][0],0.9657880199999013
births[12].centers[10][1],-0.004972121226871936
births[12].centers[10][2],-0.25928512960672373
births[12].centers[11][0],0.43033766896540854
births[12].centers[11][1],0.29701592496651535
births[12].centers[11][2],-0.8738539169153484
births[12].centers[12][0],-0.0653798551048776
births[12].centers[12][1],0.9759003052447783
births[12].centers[12][2],0.21019734664427175
births[12].radii[0],0.45
births[12].radii[1],0.45
births[12].radii[2],0.45
births[12].radii[3],0.45
births[12].radii[4],0.45
births[12].radii[5],0.45
births[12].radii[6],0.45
births[12].radii[7],0.31819805153394637
births[12].radii[8],0.31819805153394637
births[12].radii[9],0.45
births[12].radii[10],0.45
births[12].radii[11],0.45
births[12].radii[12],0.31819805153394637
births[12].realized_gain,0.0
births[12].optimization.accepted,False
births[12].optimization.linear_solver_failures,0
births[12].optimization.line_search_failures,1
births[12].optimization.trials[0].alpha,1.0
births[12].optimization.trials[0].loss,0.062420568631365705
births[12].optimization.trials[0].coefficient[0],-0.03
births[12].optimization.trials[0].coefficient[1],-0.03
births[12].optimization.trials[0].coefficient[2],0.03
births[12].optimization.trials[0].coefficient[3],-0.03
births[12].optimization.trials[0].coefficient[4],-0.03
births[12].optimization.trials[0].coefficient[5],-0.03
births[12].optimization.trials[0].coefficient[6],-0.03
births[12].optimization.trials[0].coefficient[7],-0.03
births[12].optimization.trials[0].coefficient[8],-0.03
births[12].optimization.trials[0].coefficient[9],-0.03
births[12].optimization.trials[0].coefficient[10],-0.03
births[12].optimization.trials[0].coefficient[11],0.03
births[12].optimization.trials[0].coefficient[12],-0.03
births[12].optimization.trials[0].timing.signature.config_digest,62ca4976cb787bbdbc3fd85b82677cf3aaa45a383158d798e34cfdd3b30c3861
births[12].optimization.trials[0].timing.signature.field_digest,11162da077d54597700e705723b34acb147f47c44095818ea0b0ecb554a3fc55
births[12].optimization.trials[0].timing.signature.count,16777216
births[12].optimization.trials[0].timing.signature.seed,101
births[12].optimization.trials[0].timing.signature.operator_version,v0817_CURRENT_fixed_measure_C3
births[12].optimization.trials[0].timing.signature.shape[0],4
births[12].optimization.trials[0].timing.signature.shape[1],1080
births[12].optimization.trials[0].timing.signature.shape[2],1920
births[12].optimization.trials[0].timing.signature.shape[3],3
births[12].optimization.trials[0].timing.signature.dtype,float32
births[12].optimization.trials[0].timing.signature.source_digest,e9a0305b3ed0de34bf755a1f588cd96b3f0913d79827dc0c89908e88e8dfbd53
births[12].optimization.trials[0].timing.signature.centers,7a3d27de37a1d601c4a661b29be833ab58212dd9e3f41872a2ac3d4d0effb6dc
births[12].optimization.trials[0].timing.signature.radii,f76a53f0799d07379c7e601e7dbb1cd9a453761eb04b337da3f9941f7496975d
births[12].optimization.trials[0].timing.signature.coefficients,f4eabc783f18024bec4bc6ce034a36ee73347298d9fde58a5a8ce63d835e76fa
births[12].optimization.trials[0].timing.source_seconds,62.753307471983135
births[12].optimization.trials[0].timing.transport_seconds,465.56095609394833
births[12].optimization.trials[0].timing.detector_seconds,83.18158028903417
births[12].optimization.trials[0].timing.total_seconds,611.5373648889363
births[12].optimization.trials[0].timing.peak_cuda_allocated_mib,561.310546875
births[12].optimization.trials[0].timing.peak_cuda_reserved_mib,13274.0
births[12].optimization.trials[0].timing.cpu_rss_peak_mib,9754.1328125
births[12].optimization.trials[0].timing.energy_accounting[0].view,0
births[12].optimization.trials[0].timing.energy_accounting[0].input_energy,0.5814007804423589
births[12].optimization.trials[0].timing.energy_accounting[0].detected_energy,0.5814005078850548
births[12].optimization.trials[0].timing.energy_accounting[0].relative_energy_difference,4.687941833381134e-07
births[12].optimization.trials[0].timing.energy_accounting[0].projected_count_sum,16777169.963053113
births[12].optimization.trials[0].timing.energy_accounting[0].boundary_checked,True
births[12].optimization.trials[0].timing.energy_accounting[0].boundary_lost_energy,0.0
births[12].optimization.trials[0].timing.energy_accounting[0].expected_in_window_energy,0.5814007804423589
births[12].optimization.trials[0].timing.energy_accounting[0].numerical_energy_relative_error,4.687941833381134e-07
births[12].optimization.trials[0].timing.energy_accounting[1].view,1
births[12].optimization.trials[0].timing.energy_accounting[1].input_energy,0.44326276203188086
births[12].optimization.trials[0].timing.energy_accounting[1].detected_energy,0.44326253175577457
births[12].optimization.trials[0].timing.energy_accounting[1].relative_energy_difference,5.195024847990383e-07
births[12].optimization.trials[0].timing.energy_accounting[1].projected_count_sum,16777169.726730797
births[12].optimization.trials[0].timing.energy_accounting[1].boundary_checked,True
births[12].optimization.trials[0].timing.energy_accounting[1].boundary_lost_energy,0.0
births[12].optimization.trials[0].timing.energy_accounting[1].expected_in_window_energy,0.44326276203188086
births[12].optimization.trials[0].timing.energy_accounting[1].numerical_energy_relative_error,5.195024847990383e-07
births[12].optimization.trials[0].timing.energy_accounting[2].view,2
births[12].optimization.trials[0].timing.energy_accounting[2].input_energy,0.5399071903877016
births[12].optimization.trials[0].timing.energy_accounting[2].detected_energy,0.5399069293893689
births[12].optimization.trials[0].timing.energy_accounting[2].relative_energy_difference,4.834133298661046e-07
births[12].optimization.trials[0].timing.energy_accounting[2].projected_count_sum,16777169.198107194
births[12].optimization.trials[0].timing.energy_accounting[2].boundary_checked,True
births[12].optimization.trials[0].timing.energy_accounting[2].boundary_lost_energy,0.0
births[12].optimization.trials[0].timing.energy_accounting[2].expected_in_window_energy,0.5399071903877016
births[12].optimization.trials[0].timing.energy_accounting[2].numerical_energy_relative_error,4.834133298661046e-07
births[12].optimization.trials[0].timing.energy_accounting[3].view,3
births[12].optimization.trials[0].timing.energy_accounting[3].input_energy,0.4587014284560747
births[12].optimization.trials[0].timing.energy_accounting[3].detected_energy,0.45870119479400034
births[12].optimization.trials[0].timing.energy_accounting[3].relative_energy_difference,5.093990553777166e-07
births[12].optimization.trials[0].timing.energy_accounting[3].projected_count_sum,16777169.314406604
births[12].optimization.trials[0].timing.energy_accounting[3].boundary_checked,True
births[12].optimization.trials[0].timing.energy_accounting[3].boundary_lost_energy,0.0
births[12].optimization.trials[0].timing.energy_accounting[3].expected_in_window_energy,0.4587014284560747
births[12].optimization.trials[0].timing.energy_accounting[3].numerical_energy_relative_error,5.093990553777166e-07
births[12].optimization.trials[0].timing.root_failures,0
births[12].optimization.trials[0].timing.attachment_residual_max,6.661338147750939e-16
births[12].optimization.trials[0].timing.maximum_displacement,0.02669249337387954
births[12].optimization.trials[0].timing.image_digest,52785821a996f6270644afc2cdec8269c73b4f6cab7aa2607e5f934f08b9e695
births[12].optimization.trials[0].timing.state_persisted,False
births[12].optimization.trials[0].finite,True
births[12].optimization.trials[1].alpha,0.5
births[12].optimization.trials[1].loss,0.062402740902359054
births[12].optimization.trials[1].coefficient[0],-0.03
births[12].optimization.trials[1].coefficient[1],-0.03
births[12].optimization.trials[1].coefficient[2],0.03
births[12].optimization.trials[1].coefficient[3],-0.03
births[12].optimization.trials[1].coefficient[4],-0.03
births[12].optimization.trials[1].coefficient[5],-0.03
births[12].optimization.trials[1].coefficient[6],-0.03
births[12].optimization.trials[1].coefficient[7],-0.03
births[12].optimization.trials[1].coefficient[8],-0.03
births[12].optimization.trials[1].coefficient[9],-0.03
births[12].optimization.trials[1].coefficient[10],-0.03
births[12].optimization.trials[1].coefficient[11],0.015
births[12].optimization.trials[1].coefficient[12],-0.015
births[12].optimization.trials[1].timing.signature.config_digest,62ca4976cb787bbdbc3fd85b82677cf3aaa45a383158d798e34cfdd3b30c3861
births[12].optimization.trials[1].timing.signature.field_digest,11162da077d54597700e705723b34acb147f47c44095818ea0b0ecb554a3fc55
births[12].optimization.trials[1].timing.signature.count,16777216
births[12].optimization.trials[1].timing.signature.seed,101
births[12].optimization.trials[1].timing.signature.operator_version,v0817_CURRENT_fixed_measure_C3
births[12].optimization.trials[1].timing.signature.shape[0],4
births[12].optimization.trials[1].timing.signature.shape[1],1080
births[12].optimization.trials[1].timing.signature.shape[2],1920
births[12].optimization.trials[1].timing.signature.shape[3],3
births[12].optimization.trials[1].timing.signature.dtype,float32
births[12].optimization.trials[1].timing.signature.source_digest,e9a0305b3ed0de34bf755a1f588cd96b3f0913d79827dc0c89908e88e8dfbd53
births[12].optimization.trials[1].timing.signature.centers,7a3d27de37a1d601c4a661b29be833ab58212dd9e3f41872a2ac3d4d0effb6dc
births[12].optimization.trials[1].timing.signature.radii,f76a53f0799d07379c7e601e7dbb1cd9a453761eb04b337da3f9941f7496975d
births[12].optimization.trials[1].timing.signature.coefficients,b07aeb8d3e5460270db35aba7cae45d64d48ad7f041d90b8bf3030f9e2a0ce51
births[12].optimization.trials[1].timing.source_seconds,62.77926180092618
births[12].optimization.trials[1].timing.transport_seconds,463.0245554530993
births[12].optimization.trials[1].timing.detector_seconds,83.4201555349864
births[12].optimization.trials[1].timing.total_seconds,609.2649929120671
births[12].optimization.trials[1].timing.peak_cuda_allocated_mib,561.3154296875
births[12].optimization.trials[1].timing.peak_cuda_reserved_mib,13274.0
births[12].optimization.trials[1].timing.cpu_rss_peak_mib,9754.1328125
births[12].optimization.trials[1].timing.energy_accounting[0].view,0
births[12].optimization.trials[1].timing.energy_accounting[0].input_energy,0.5810313844847494
births[12].optimization.trials[1].timing.energy_accounting[0].detected_energy,0.5810311121260149
births[12].optimization.trials[1].timing.energy_accounting[0].relative_energy_difference,4.687504700059542e-07
births[12].optimization.trials[1].timing.energy_accounting[0].projected_count_sum,16777169.933337217
births[12].optimization.trials[1].timing.energy_accounting[0].boundary_checked,True
births[12].optimization.trials[1].timing.energy_accounting[0].boundary_lost_energy,0.0
births[12].optimization.trials[1].timing.energy_accounting[0].expected_in_window_energy,0.5810313844847494
births[12].optimization.trials[1].timing.energy_accounting[0].numerical_energy_relative_error,4.687504700059542e-07
births[12].optimization.trials[1].timing.energy_accounting[1].view,1
births[12].optimization.trials[1].timing.energy_accounting[1].input_energy,0.4436277757409736
births[12].optimization.trials[1].timing.energy_accounting[1].detected_energy,0.443627545156748
births[12].optimization.trials[1].timing.energy_accounting[1].relative_energy_difference,5.197695866025458e-07
births[12].optimization.trials[1].timing.energy_accounting[1].projected_count_sum,16777169.735253826
births[12].optimization.trials[1].timing.energy_accounting[1].boundary_checked,True
births[12].optimization.trials[1].timing.energy_accounting[1].boundary_lost_energy,0.0
births[12].optimization.trials[1].timing.energy_accounting[1].expected_in_window_energy,0.4436277757409736
births[12].optimization.trials[1].timing.energy_accounting[1].numerical_energy_relative_error,5.197695866025458e-07
births[12].optimization.trials[1].timing.energy_accounting[2].view,2
births[12].optimization.trials[1].timing.energy_accounting[2].input_energy,0.5397997061166945
births[12].optimization.trials[1].timing.energy_accounting[2].detected_energy,0.5397994451996696
births[12].optimization.trials[1].timing.energy_accounting[2].relative_energy_difference,4.833589605886599e-07
births[12].optimization.trials[1].timing.energy_accounting[2].projected_count_sum,16777169.21321027
births[12].optimization.trials[1].timing.energy_accounting[2].boundary_checked,True
births[12].optimization.trials[1].timing.energy_accounting[2].boundary_lost_energy,0.0
births[12].optimization.trials[1].timing.energy_accounting[2].expected_in_window_energy,0.5397997061166945
births[12].optimization.trials[1].timing.energy_accounting[2].numerical_energy_relative_error,4.833589605886599e-07
births[12].optimization.trials[1].timing.energy_accounting[3].view,3
births[12].optimization.trials[1].timing.energy_accounting[3].input_energy,0.4587014284560747
births[12].optimization.trials[1].timing.energy_accounting[3].detected_energy,0.4587011947946828
births[12].optimization.trials[1].timing.energy_accounting[3].relative_energy_difference,5.093975675818412e-07
births[12].optimization.trials[1].timing.energy_accounting[3].projected_count_sum,16777169.293224147
births[12].optimization.trials[1].timing.energy_accounting[3].boundary_checked,True
births[12].optimization.trials[1].timing.energy_accounting[3].boundary_lost_energy,0.0
births[12].optimization.trials[1].timing.energy_accounting[3].expected_in_window_energy,0.4587014284560747
births[12].optimization.trials[1].timing.energy_accounting[3].numerical_energy_relative_error,5.093975675818412e-07
births[12].optimization.trials[1].timing.root_failures,0
births[12].optimization.trials[1].timing.attachment_residual_max,7.225123277443402e-16
births[12].optimization.trials[1].timing.maximum_displacement,0.02669249337387954
births[12].optimization.trials[1].timing.image_digest,5c96ed353cbe1ef82e2836c1bd9b25d0800c80156f4df96252b31be3d9fbc256
births[12].optimization.trials[1].timing.state_persisted,False
births[12].optimization.trials[1].finite,True
births[12].optimization.trials[2].alpha,0.25
births[12].optimization.trials[2].loss,0.06239255950885683
births[12].optimization.trials[2].coefficient[0],-0.03
births[12].optimization.trials[2].coefficient[1],-0.03
births[12].optimization.trials[2].coefficient[2],0.03
births[12].optimization.trials[2].coefficient[3],-0.03
births[12].optimization.trials[2].coefficient[4],-0.03
births[12].optimization.trials[2].coefficient[5],-0.03
births[12].optimization.trials[2].coefficient[6],-0.03
births[12].optimization.trials[2].coefficient[7],-0.03
births[12].optimization.trials[2].coefficient[8],-0.03
births[12].optimization.trials[2].coefficient[9],-0.03
births[12].optimization.trials[2].coefficient[10],-0.03
births[12].optimization.trials[2].coefficient[11],0.0075
births[12].optimization.trials[2].coefficient[12],-0.0075
births[12].optimization.trials[2].timing.signature.config_digest,62ca4976cb787bbdbc3fd85b82677cf3aaa45a383158d798e34cfdd3b30c3861
births[12].optimization.trials[2].timing.signature.field_digest,11162da077d54597700e705723b34acb147f47c44095818ea0b0ecb554a3fc55
births[12].optimization.trials[2].timing.signature.count,16777216
births[12].optimization.trials[2].timing.signature.seed,101
births[12].optimization.trials[2].timing.signature.operator_version,v0817_CURRENT_fixed_measure_C3
births[12].optimization.trials[2].timing.signature.shape[0],4
births[12].optimization.trials[2].timing.signature.shape[1],1080
births[12].optimization.trials[2].timing.signature.shape[2],1920
births[12].optimization.trials[2].timing.signature.shape[3],3
births[12].optimization.trials[2].timing.signature.dtype,float32
births[12].optimization.trials[2].timing.signature.source_digest,e9a0305b3ed0de34bf755a1f588cd96b3f0913d79827dc0c89908e88e8dfbd53
births[12].optimization.trials[2].timing.signature.centers,7a3d27de37a1d601c4a661b29be833ab58212dd9e3f41872a2ac3d4d0effb6dc
births[12].optimization.trials[2].timing.signature.radii,f76a53f0799d07379c7e601e7dbb1cd9a453761eb04b337da3f9941f7496975d
births[12].optimization.trials[2].timing.signature.coefficients,0e8dfae5670b9fe14ace56fa99ff853a45643cba3facbe3c10eaead61ab1a4a3
births[12].optimization.trials[2].timing.source_seconds,62.86580879683606
births[12].optimization.trials[2].timing.transport_seconds,457.71898866514675
births[12].optimization.trials[2].timing.detector_seconds,80.13300253497437
births[12].optimization.trials[2].timing.total_seconds,600.7585947178304
births[12].optimization.trials[2].timing.peak_cuda_allocated_mib,561.3173828125
births[12].optimization.trials[2].timing.peak_cuda_reserved_mib,13274.0
births[12].optimization.trials[2].timing.cpu_rss_peak_mib,9754.1328125
births[12].optimization.trials[2].timing.energy_accounting[0].view,0
births[12].optimization.trials[2].timing.energy_accounting[0].input_energy,0.5808348979944137
births[12].optimization.trials[2].timing.energy_accounting[0].detected_energy,0.580834625853682
births[12].optimization.trials[2].timing.energy_accounting[0].relative_energy_difference,4.6853371356837806e-07
births[12].optimization.trials[2].timing.energy_accounting[0].projected_count_sum,16777169.927229887
births[12].optimization.trials[2].timing.energy_accounting[0].boundary_checked,True
births[12].optimization.trials[2].timing.energy_accounting[0].boundary_lost_energy,0.0
births[12].optimization.trials[2].timing.energy_accounting[0].expected_in_window_energy,0.5808348979944137
births[12].optimization.trials[2].timing.energy_accounting[0].numerical_energy_relative_error,4.6853371356837806e-07
births[12].optimization.trials[2].timing.energy_accounting[1].view,1
births[12].optimization.trials[2].timing.energy_accounting[1].input_energy,0.44380161772287435
births[12].optimization.trials[2].timing.energy_accounting[1].detected_energy,0.44380138712029915
births[12].optimization.trials[2].timing.energy_accounting[1].relative_energy_difference,5.196073335314132e-07
births[12].optimization.trials[2].timing.energy_accounting[1].projected_count_sum,16777169.74376425
births[12].optimization.trials[2].timing.energy_accounting[1].boundary_checked,True
births[12].optimization.trials[2].timing.energy_accounting[1].boundary_lost_energy,0.0
births[12].optimization.trials[2].timing.energy_accounting[1].expected_in_window_energy,0.44380161772287435
births[12].optimization.trials[2].timing.energy_accounting[1].numerical_energy_relative_error,5.196073335314132e-07
births[12].optimization.trials[2].timing.energy_accounting[2].view,2
births[12].optimization.trials[2].timing.energy_accounting[2].input_energy,0.5397415871831052
births[12].optimization.trials[2].timing.energy_accounting[2].detected_energy,0.5397413261616704
births[12].optimization.trials[2].timing.energy_accounting[2].relative_energy_difference,4.8360445257154e-07
births[12].optimization.trials[2].timing.energy_accounting[2].projected_count_sum,16777169.220839404
births[12].optimization.trials[2].timing.energy_accounting[2].boundary_checked,True
births[12].optimization.trials[2].timing.energy_accounting[2].boundary_lost_energy,0.0
births[12].optimization.trials[2].timing.energy_accounting[2].expected_in_window_energy,0.5397415871831052
births[12].optimization.trials[2].timing.energy_accounting[2].numerical_energy_relative_error,4.8360445257154e-07
births[12].optimization.trials[2].timing.energy_accounting[3].view,3
births[12].optimization.trials[2].timing.energy_accounting[3].input_energy,0.4587014284560747
births[12].optimization.trials[2].timing.energy_accounting[3].detected_energy,0.4587011947941696
births[12].optimization.trials[2].timing.energy_accounting[3].relative_energy_difference,5.093986863936898e-07
births[12].optimization.trials[2].timing.energy_accounting[3].projected_count_sum,16777169.31139269
births[12].optimization.trials[2].timing.energy_accounting[3].boundary_checked,True
births[12].optimization.trials[2].timing.energy_accounting[3].boundary_lost_energy,0.0
births[12].optimization.trials[2].timing.energy_accounting[3].expected_in_window_energy,0.4587014284560747
births[12].optimization.trials[2].timing.energy_accounting[3].numerical_energy_relative_error,5.093986863936898e-07
births[12].optimization.trials[2].timing.root_failures,0
births[12].optimization.trials[2].timing.attachment_residual_max,6.661338147750939e-16
births[12].optimization.trials[2].timing.maximum_displacement,0.02669249337387954
births[12].optimization.trials[2].timing.image_digest,f6686f39681578664265c3b7af83e599f2713cb39b237c2454f5e8a795ac27dc
births[12].optimization.trials[2].timing.state_persisted,False
births[12].optimization.trials[2].finite,True
births[12].optimization.trials[3].alpha,0.125
births[12].optimization.trials[3].loss,0.06238701799971921
births[12].optimization.trials[3].coefficient[0],-0.03
births[12].optimization.trials[3].coefficient[1],-0.03
births[12].optimization.trials[3].coefficient[2],0.03
births[12].optimization.trials[3].coefficient[3],-0.03
births[12].optimization.trials[3].coefficient[4],-0.03
births[12].optimization.trials[3].coefficient[5],-0.03
births[12].optimization.trials[3].coefficient[6],-0.03
births[12].optimization.trials[3].coefficient[7],-0.03
births[12].optimization.trials[3].coefficient[8],-0.03
births[12].optimization.trials[3].coefficient[9],-0.03
births[12].optimization.trials[3].coefficient[10],-0.03
births[12].optimization.trials[3].coefficient[11],0.00375
births[12].optimization.trials[3].coefficient[12],-0.00375
births[12].optimization.trials[3].timing.signature.config_digest,62ca4976cb787bbdbc3fd85b82677cf3aaa45a383158d798e34cfdd3b30c3861
births[12].optimization.trials[3].timing.signature.field_digest,11162da077d54597700e705723b34acb147f47c44095818ea0b0ecb554a3fc55
births[12].optimization.trials[3].timing.signature.count,16777216
births[12].optimization.trials[3].timing.signature.seed,101
births[12].optimization.trials[3].timing.signature.operator_version,v0817_CURRENT_fixed_measure_C3
births[12].optimization.trials[3].timing.signature.shape[0],4
births[12].optimization.trials[3].timing.signature.shape[1],1080
births[12].optimization.trials[3].timing.signature.shape[2],1920
births[12].optimization.trials[3].timing.signature.shape[3],3
births[12].optimization.trials[3].timing.signature.dtype,float32
births[12].optimization.trials[3].timing.signature.source_digest,e9a0305b3ed0de34bf755a1f588cd96b3f0913d79827dc0c89908e88e8dfbd53
births[12].optimization.trials[3].timing.signature.centers,7a3d27de37a1d601c4a661b29be833ab58212dd9e3f41872a2ac3d4d0effb6dc
births[12].optimization.trials[3].timing.signature.radii,f76a53f0799d07379c7e601e7dbb1cd9a453761eb04b337da3f9941f7496975d
births[12].optimization.trials[3].timing.signature.coefficients,e1878e0083ede5ef1bf2fcd3a105e68ca9961c44b6fa71de9b9b5450cac3c8cd
births[12].optimization.trials[3].timing.source_seconds,60.80385894305073
births[12].optimization.trials[3].timing.transport_seconds,459.1121012039948
births[12].optimization.trials[3].timing.detector_seconds,80.12150318385102
births[12].optimization.trials[3].timing.total_seconds,600.0782377480064
births[12].optimization.trials[3].timing.peak_cuda_allocated_mib,561.318359375
births[12].optimization.trials[3].timing.peak_cuda_reserved_mib,13274.0
births[12].optimization.trials[3].timing.cpu_rss_peak_mib,9754.1328125
births[12].optimization.trials[3].timing.energy_accounting[0].view,0
births[12].optimization.trials[3].timing.energy_accounting[0].input_energy,0.5807341786976883
births[12].optimization.trials[3].timing.energy_accounting[0].detected_energy,0.5807339065849095
births[12].optimization.trials[3].timing.energy_accounting[0].relative_energy_difference,4.685668395898161e-07
births[12].optimization.trials[3].timing.energy_accounting[0].projected_count_sum,16777169.927507168
births[12].optimization.trials[3].timing.energy_accounting[0].boundary_checked,True
births[12].optimization.trials[3].timing.energy_accounting[0].boundary_lost_energy,0.0
births[12].optimization.trials[3].timing.energy_accounting[0].expected_in_window_energy,0.5807341786976883
births[12].optimization.trials[3].timing.energy_accounting[0].numerical_energy_relative_error,4.685668395898161e-07
births[12].optimization.trials[3].timing.energy_accounting[1].view,1
births[12].optimization.trials[3].timing.energy_accounting[1].input_energy,0.4438847867084865
births[12].optimization.trials[3].timing.energy_accounting[1].detected_energy,0.44388455595574416
births[12].optimization.trials[3].timing.energy_accounting[1].relative_energy_difference,5.198482788056003e-07
births[12].optimization.trials[3].timing.energy_accounting[1].projected_count_sum,16777169.748326596
births[12].optimization.trials[3].timing.energy_accounting[1].boundary_checked,True
births[12].optimization.trials[3].timing.energy_accounting[1].boundary_lost_energy,0.0
births[12].optimization.trials[3].timing.energy_accounting[1].expected_in_window_energy,0.4438847867084865
births[12].optimization.trials[3].timing.energy_accounting[1].numerical_energy_relative_error,5.198482788056003e-07
births[12].optimization.trials[3].timing.energy_accounting[2].view,2
births[12].optimization.trials[3].timing.energy_accounting[2].input_energy,0.539711500304037
births[12].optimization.trials[3].timing.energy_accounting[2].detected_energy,0.5397112393573119
births[12].optimization.trials[3].timing.energy_accounting[2].relative_energy_difference,4.834929864749877e-07
births[12].optimization.trials[3].timing.energy_accounting[2].projected_count_sum,16777169.221525067
births[12].optimization.trials[3].timing.energy_accounting[2].boundary_checked,True
births[12].optimization.trials[3].timing.energy_accounting[2].boundary_lost_energy,0.0
births[12].optimization.trials[3].timing.energy_accounting[2].expected_in_window_energy,0.539711500304037
births[12].optimization.trials[3].timing.energy_accounting[2].numerical_energy_relative_error,4.834929864749877e-07
births[12].optimization.trials[3].timing.energy_accounting[3].view,3
births[12].optimization.trials[3].timing.energy_accounting[3].input_energy,0.4587014284560747
births[12].optimization.trials[3].timing.energy_accounting[3].detected_energy,0.45870119479397164
births[12].optimization.trials[3].timing.energy_accounting[3].relative_energy_difference,5.09399117944047e-07
births[12].optimization.trials[3].timing.energy_accounting[3].projected_count_sum,16777169.302701302
births[12].optimization.trials[3].timing.energy_accounting[3].boundary_checked,True
births[12].optimization.trials[3].timing.energy_accounting[3].boundary_lost_energy,0.0
births[12].optimization.trials[3].timing.energy_accounting[3].expected_in_window_energy,0.4587014284560747
births[12].optimization.trials[3].timing.energy_accounting[3].numerical_energy_relative_error,5.09399117944047e-07
births[12].optimization.trials[3].timing.root_failures,0
births[12].optimization.trials[3].timing.attachment_residual_max,6.661338147750939e-16
births[12].optimization.trials[3].timing.maximum_displacement,0.02669249337387954
births[12].optimization.trials[3].timing.image_digest,b67f8ada1e77ee9f957d31b1ce572aafc2fa38fb54d62c798973b9e2b6634797
births[12].optimization.trials[3].timing.state_persisted,False
births[12].optimization.trials[3].finite,True
births[12].optimization.realized_gain,0.0
births[12].optimization.coefficient_limit_hits,13
births[12].optimization.seconds,2430.1774047969375
births[12].observation.whole_image_mse,0.12476230699829603
births[12].observation.foreground_mse,0.1492254286762119
births[12].observation.interior_gt8px_mse,0.130851613179018
births[12].observation.silhouette_0_8px_mse,0.35998985429033165
births[12].observation.foreground_mean_brightness,0.5126722795459105
births[12].observation.edge_sharpness,0.006062552196132515
births[12].observation.reference_edge_sharpness,0.09199675652077396
births[12].observation.edge_sharpness_ratio,0.06589962978492094
births[12].observation.thin_feature_response_ratio,0.017767946799103866
births[12].observation.per_view[0].gradient_magnitude_ratio,0.2771210735985745
births[12].observation.per_view[0].gradient_cosine,0.003313681093772865
births[12].observation.per_view[0].reference_aligned_gradient_energy,97.9752111493243
births[12].observation.per_view[0].unmatched_gradient_energy,368.93302574838367
births[12].observation.per_view[0].excess_hf_weak_reference,0.00020311114388998872
births[12].observation.per_view[0].gradient_squared_error,0.0015759032648379496
births[12].observation.per_view[0].weak_reference_pixels,1624532
births[12].observation.per_view[1].gradient_magnitude_ratio,0.273599759558541
births[12].observation.per_view[1].gradient_cosine,0.0014164913879670252
births[12].observation.per_view[1].reference_aligned_gradient_energy,59.26258672628873
births[12].observation.per_view[1].unmatched_gradient_energy,375.53684924968957
births[12].observation.per_view[1].excess_hf_weak_reference,0.00020516610048050608
births[12].observation.per_view[1].gradient_squared_error,0.001504318847402061
births[12].observation.per_view[1].weak_reference_pixels,1644948
births[12].observation.per_view[2].gradient_magnitude_ratio,0.2746205855815693
births[12].observation.per_view[2].gradient_cosine,0.006465000385407358
births[12].observation.per_view[2].reference_aligned_gradient_energy,91.4695574996602
births[12].observation.per_view[2].unmatched_gradient_energy,373.3789830336574
births[12].observation.per_view[2].excess_hf_weak_reference,0.00021642041399666954
births[12].observation.per_view[2].gradient_squared_error,0.0015930545818290196
births[12].observation.per_view[2].weak_reference_pixels,1561449
births[12].observation.per_view[3].gradient_magnitude_ratio,0.3128586204617525
births[12].observation.per_view[3].gradient_cosine,0.006358729623292968
births[12].observation.per_view[3].reference_aligned_gradient_energy,39.353081000480195
births[12].observation.per_view[3].unmatched_gradient_energy,396.56897071225865
births[12].observation.per_view[3].excess_hf_weak_reference,0.00023145485838738813
births[12].observation.per_view[3].gradient_squared_error,0.001174724223177041
births[12].observation.per_view[3].weak_reference_pixels,1668420
births[12].observation.gradient_magnitude_ratio,0.28455000980010936
births[12].observation.gradient_cosine,0.004388475622610055
births[12].observation.reference_aligned_gradient_energy,72.01510909393835
births[12].observation.unmatched_gradient_energy,378.6044571859974
births[12].observation.excess_hf_weak_reference,0.00021403812918863814
births[12].observation.gradient_squared_error,0.0014620002293115179
births[12].observation.weak_reference_pixels,1624837.25
births[12].observation.loss,0.06238113322837289
births[12].observation.detected_energy,6292271.067660164
births[12].observation.relative_rgb_l2,0.8210301660365995
births[12].observation.per_view_mse[0],0.14634548864399768
births[12].observation.per_view_mse[1],0.11794803622867082
births[12].observation.per_view_mse[2],0.13064037791080182
births[12].observation.per_view_mse[3],0.1041151630435135
births[12].observation.foreground_mask_iou[0],0.5580834727687323
births[12].observation.foreground_mask_iou[1],0.5431160647665354
births[12].observation.foreground_mask_iou[2],0.6110729800313306
births[12].observation.foreground_mask_iou[3],0.5996286396997274
births[12].observation.squared_image_energy,4389726.3125
births[12].geometry.symmetric_chamfer,0.23793662839083446
births[12].geometry.point_to_surface_mean,0.26636814980568546
births[12].geometry.point_to_surface_p95,0.598088144085128
births[12].geometry.surface_rms,0.3283175288101718
births[12].geometry.normal_consistency,0.7004603763051303
births[12].geometry.normal_error,0.29953962369486975
births[12].geometry.regional_ear_p2s_mean,0.33396326751931915
births[12].geometry.regional_head_p2s_mean,0.19413208250114036
births[12].geometry.regional_leg_p2s_mean,0.07878932473099057
births[12].geometry.regional_torso_p2s_mean,0.3001852755248465
births[12].geometry.bounds[0][0],-0.9999213884461601
births[12].geometry.bounds[0][1],-0.9999213884461601
births[12].geometry.bounds[0][2],-0.999336789688974
births[12].geometry.bounds[1][0],1.0020892449145047
births[12].geometry.bounds[1][1],0.9999214604215803
births[12].geometry.bounds[1][2],0.999930212632665
births[12].geometry.surface_area,12.590235303387775
births[12].geometry.components,1
births[12].geometry.maximum_outward_from_unit_sphere,0.02661757069811066
births[12].geometry.maximum_inward_from_unit_sphere,0.007289687305482739
births[12].geometry.radial_deviation_p95,0.006703871117398424
births[12].geometry.gt_extends_outside_unit_sphere,True
births[12].geometry.gt_max_radius,1.5736361939753005
births[12].geometry.source_coverage_distance_p95,0.013452344044083266
births[12].geometry.source_coverage_distance_max,0.02420836865627328
births[12].geometry.source_coverage_samples,65536
births[12].geometry.geometry_seconds,0.5557483281008899
births[12].geometry.geometry_path,runs/v090_matched_birth/geometry/globe_birth13.ply
births[12].geometry.geometry_target,"MC approximation of prepared.gt_field, evaluation only; existing P2S/Chamfer definitions. Current normals updated at every evaluation."
births[12].scoring_seconds,300.5022309520282
births[12].total_seconds,2738.0838196210098
births[12].peak_cuda_allocated_mib,2698.728515625
births[12].peak_cuda_reserved_mib,13274.0
births[12].cpu_rss_peak_mib,9754.1328125
births[12].image_path,
births[12].checkpoint_image,runs/v090_matched_birth/globe_checkpoint13.npy
births[13].round,14
births[13].deterministic_id,GLOBE:14:7
births[13].center[0],0.8324638153056917
births[13].center[1],-0.34735399393431043
births[13].center[2],-0.43169664065837554
births[13].radius,0.45
births[13].proposal_source_id,2024455
births[13].zero_set_residual_at_birth,6.278377611638325e-17
births[13].selected_rank,1
births[13].candidate_bank_size,32
births[13].responsive_fraction,1.0
births[13].predicted_gain,0.00035531913570315443
births[13].alignment,0.003620074859266876
births[13].jacobian_norm,0.13579759466197291
births[13].affected_views,3
births[13].affected_pixels,211287
births[13].coefficient,-0.03
births[13].active_dof_count,14
births[13].born_dof_count,14
births[13].accepted_births,11
births[13].initialized_at_zero,True
births[13].birth_image_jump,0.0
births[13].birth_source_count_change,0
births[13].birth_source_mass_change,0.0
births[13].source_count,16777216
births[13].source_weight_digest,e8a23943d73928dce091768b7789dedd1390b88a2ee2ef22b4e84ad52b924711
births[13].coefficients[0],-0.03
births[13].coefficients[1],-0.03
births[13].coefficients[2],0.03
births[13].coefficients[3],-0.03
births[13].coefficients[4],-0.03
births[13].coefficients[5],-0.03
births[13].coefficients[6],-0.03
births[13].coefficients[7],-0.03
births[13].coefficients[8],-0.03
births[13].coefficients[9],-0.03
births[13].coefficients[10],-0.03
births[13].coefficients[11],0.03
births[13].coefficients[12],-0.03
births[13].coefficients[13],-0.03
births[13].centers[0][0],-0.07351842161138195
births[13].centers[0][1],0.6811820444435563
births[13].centers[0][2],-0.728413388133049
births[13].centers[1][0],0.6720258443143237
births[13].centers[1][1],0.5230814425100977
births[13].centers[1][2],-0.5241822861135006
births[13].centers[2][0],0.12062150794935045
births[13].centers[2][1],0.2665257085036449
births[13].centers[2][2],-0.9562502279877663
births[13].centers[3][0],0.6105258360802454
births[13].centers[3][1],0.566767707400702
births[13].centers[3][2],-0.5728702979286703
births[13].centers[4][0],0.13361574155036657
births[13].centers[4][1],0.8868378640189128
births[13].centers[4][2],0.44234086014330387
births[13].centers[5][0],0.9348412718678133
births[13].centers[5][1],0.17414060480910115
births[13].centers[5][2],0.3094298727810383
births[13].centers[6][0],0.10765130760785846
births[13].centers[6][1],0.37381169381516527
births[13].centers[6][2],-0.931612583191458
births[13].centers[7][0],0.27660040085736426
births[13].centers[7][1],0.08849992431230631
births[13].centers[7][2],0.9569012392312288
births[13].centers[8][0],0.3656402470898519
births[13].centers[8][1],0.2420315947952902
births[13].centers[8][2],-0.8976672496030755
births[13].centers[9][0],0.5042942542486878
births[13].centers[9][1],0.23319429282205392
births[13].centers[9][2],-0.8353174314302868
births[13].centers[10][0],0.9657880199999013
births[13].centers[10][1],-0.004972121226871936
births[13].centers[10][2],-0.25928512960672373
births[13].centers[11][0],0.43033766896540854
births[13].centers[11][1],0.29701592496651535
births[13].centers[11][2],-0.8738539169153484
births[13].centers[12][0],-0.0653798551048776
births[13].centers[12][1],0.9759003052447783
births[13].centers[12][2],0.21019734664427175
births[13].centers[13][0],0.8324638153056917
births[13].centers[13][1],-0.34735399393431043
births[13].centers[13][2],-0.43169664065837554
births[13].radii[0],0.45
births[13].radii[1],0.45
births[13].radii[2],0.45
births[13].radii[3],0.45
births[13].radii[4],0.45
births[13].radii[5],0.45
births[13].radii[6],0.45
births[13].radii[7],0.31819805153394637
births[13].radii[8],0.31819805153394637
births[13].radii[9],0.45
births[13].radii[10],0.45
births[13].radii[11],0.45
births[13].radii[12],0.31819805153394637
births[13].radii[13],0.45
births[13].realized_gain,7.293996707506689e-05
births[13].optimization.accepted,True
births[13].optimization.linear_solver_failures,0
births[13].optimization.line_search_failures,0
births[13].optimization.trials[0].alpha,1.0
births[13].optimization.trials[0].loss,0.06230819326129782
births[13].optimization.trials[0].coefficient[0],-0.03
births[13].optimization.trials[0].coefficient[1],-0.03
births[13].optimization.trials[0].coefficient[2],0.03
births[13].optimization.trials[0].coefficient[3],-0.03
births[13].optimization.trials[0].coefficient[4],-0.03
births[13].optimization.trials[0].coefficient[5],-0.03
births[13].optimization.trials[0].coefficient[6],-0.03
births[13].optimization.trials[0].coefficient[7],-0.03
births[13].optimization.trials[0].coefficient[8],-0.03
births[13].optimization.trials[0].coefficient[9],-0.03
births[13].optimization.trials[0].coefficient[10],-0.03
births[13].optimization.trials[0].coefficient[11],0.03
births[13].optimization.trials[0].coefficient[12],-0.03
births[13].optimization.trials[0].coefficient[13],-0.03
births[13].optimization.trials[0].timing.signature.config_digest,62ca4976cb787bbdbc3fd85b82677cf3aaa45a383158d798e34cfdd3b30c3861
births[13].optimization.trials[0].timing.signature.field_digest,11162da077d54597700e705723b34acb147f47c44095818ea0b0ecb554a3fc55
births[13].optimization.trials[0].timing.signature.count,16777216
births[13].optimization.trials[0].timing.signature.seed,101
births[13].optimization.trials[0].timing.signature.operator_version,v0817_CURRENT_fixed_measure_C3
births[13].optimization.trials[0].timing.signature.shape[0],4
births[13].optimization.trials[0].timing.signature.shape[1],1080
births[13].optimization.trials[0].timing.signature.shape[2],1920
births[13].optimization.trials[0].timing.signature.shape[3],3
births[13].optimization.trials[0].timing.signature.dtype,float32
births[13].optimization.trials[0].timing.signature.source_digest,e9a0305b3ed0de34bf755a1f588cd96b3f0913d79827dc0c89908e88e8dfbd53
births[13].optimization.trials[0].timing.signature.centers,e0d3a5998b92fb8f8e66af4a846440a91c72510f1f1b0fca2c9b582fa147f0a7
births[13].optimization.trials[0].timing.signature.radii,6a3fa1e42664d3b42feb8b6d486ceeeb72c38b60f5c79686c1e46a3f2d76f74f
births[13].optimization.trials[0].timing.signature.coefficients,db1244583dc7ccf9662c311d2b1edecfbc8156d9c67c1639ec7f31daeb236fbb
births[13].optimization.trials[0].timing.source_seconds,59.996980343014
births[13].optimization.trials[0].timing.transport_seconds,508.84899360407144
births[13].optimization.trials[0].timing.detector_seconds,80.3797174950596
births[13].optimization.trials[0].timing.total_seconds,649.2690784749575
births[13].optimization.trials[0].timing.peak_cuda_allocated_mib,566.86474609375
births[13].optimization.trials[0].timing.peak_cuda_reserved_mib,2810.0
births[13].optimization.trials[0].timing.cpu_rss_peak_mib,9754.1328125
births[13].optimization.trials[0].timing.energy_accounting[0].view,0
births[13].optimization.trials[0].timing.energy_accounting[0].input_energy,0.5810741313547799
births[13].optimization.trials[0].timing.energy_accounting[0].detected_energy,0.5810738598266529
births[13].optimization.trials[0].timing.energy_accounting[0].relative_energy_difference,4.672865514588518e-07
births[13].optimization.trials[0].timing.energy_accounting[0].projected_count_sum,16777169.675838703
births[13].optimization.trials[0].timing.energy_accounting[0].boundary_checked,True
births[13].optimization.trials[0].timing.energy_accounting[0].boundary_lost_energy,0.0
births[13].optimization.trials[0].timing.energy_accounting[0].expected_in_window_energy,0.5810741313547799
births[13].optimization.trials[0].timing.energy_accounting[0].numerical_energy_relative_error,4.672865514588518e-07
births[13].optimization.trials[0].timing.energy_accounting[1].view,1
births[13].optimization.trials[0].timing.energy_accounting[1].input_energy,0.44326276203188086
births[13].optimization.trials[0].timing.energy_accounting[1].detected_energy,0.4432625317555245
births[13].optimization.trials[0].timing.energy_accounting[1].relative_energy_difference,5.195030489739651e-07
births[13].optimization.trials[0].timing.energy_accounting[1].projected_count_sum,16777169.722620253
births[13].optimization.trials[0].timing.energy_accounting[1].boundary_checked,True
births[13].optimization.trials[0].timing.energy_accounting[1].boundary_lost_energy,0.0
births[13].optimization.trials[0].timing.energy_accounting[1].expected_in_window_energy,0.44326276203188086
births[13].optimization.trials[0].timing.energy_accounting[1].numerical_energy_relative_error,5.195030489739651e-07
births[13].optimization.trials[0].timing.energy_accounting[2].view,2
births[13].optimization.trials[0].timing.energy_accounting[2].input_energy,0.539499493293099
births[13].optimization.trials[0].timing.energy_accounting[2].detected_energy,0.539499232637862
births[13].optimization.trials[0].timing.energy_accounting[2].relative_energy_difference,4.831426909391915e-07
births[13].optimization.trials[0].timing.energy_accounting[2].projected_count_sum,16777169.177407097
births[13].optimization.trials[0].timing.energy_accounting[2].boundary_checked,True
births[13].optimization.trials[0].timing.energy_accounting[2].boundary_lost_energy,0.0
births[13].optimization.trials[0].timing.energy_accounting[2].expected_in_window_energy,0.539499493293099
births[13].optimization.trials[0].timing.energy_accounting[2].numerical_energy_relative_error,4.831426909391915e-07
births[13].optimization.trials[0].timing.energy_accounting[3].view,3
births[13].optimization.trials[0].timing.energy_accounting[3].input_energy,0.4578149586929825
births[13].optimization.trials[0].timing.energy_accounting[3].detected_energy,0.45781472610860224
births[13].optimization.trials[0].timing.energy_accounting[3].relative_energy_difference,5.080314127771476e-07
births[13].optimization.trials[0].timing.energy_accounting[3].projected_count_sum,16777169.110604364
births[13].optimization.trials[0].timing.energy_accounting[3].boundary_checked,True
births[13].optimization.trials[0].timing.energy_accounting[3].boundary_lost_energy,0.0
births[13].optimization.trials[0].timing.energy_accounting[3].expected_in_window_energy,0.4578149586929825
births[13].optimization.trials[0].timing.energy_accounting[3].numerical_energy_relative_error,5.080314127771476e-07
births[13].optimization.trials[0].timing.root_failures,0
births[13].optimization.trials[0].timing.attachment_residual_max,6.661338147750939e-16
births[13].optimization.trials[0].timing.maximum_displacement,0.02669249337387954
births[13].optimization.trials[0].timing.image_digest,8c651d3b645660e1d12ea8e007c7a41bfe2a3d0bb9a2a6b4273acd4ec07bfaf6
births[13].optimization.trials[0].timing.state_persisted,False
births[13].optimization.trials[0].finite,True
births[13].optimization.realized_gain,7.293996707506689e-05
births[13].optimization.coefficient_limit_hits,14
births[13].optimization.seconds,651.3894875550177
births[13].observation.whole_image_mse,0.12461645055700231
births[13].observation.foreground_mse,0.1493584698080674
births[13].observation.interior_gt8px_mse,0.13099460351106776
births[13].observation.silhouette_0_8px_mse,0.359736424230725
births[13].observation.foreground_mean_brightness,0.5124410328331597
births[13].observation.edge_sharpness,0.006065699959534512
births[13].observation.reference_edge_sharpness,0.09199675652077396
births[13].observation.edge_sharpness_ratio,0.065933845810801
births[13].observation.thin_feature_response_ratio,0.017777565206497658
births[13].observation.per_view[0].gradient_magnitude_ratio,0.27569889236883993
births[13].observation.per_view[0].gradient_cosine,0.0032813180081270265
births[13].observation.per_view[0].reference_aligned_gradient_energy,98.01603121305602
births[13].observation.per_view[0].unmatched_gradient_energy,364.11217051318766
births[13].observation.per_view[0].excess_hf_weak_reference,0.00020014600262676014
births[13].observation.per_view[0].gradient_squared_error,0.001574790649978416
births[13].observation.per_view[0].weak_reference_pixels,1624532
births[13].observation.per_view[1].gradient_magnitude_ratio,0.2735418725711225
births[13].observation.per_view[1].gradient_cosine,0.0014183128036815353
births[13].observation.per_view[1].reference_aligned_gradient_energy,59.26245981810513
births[13].observation.per_view[1].unmatched_gradient_energy,375.3530098640045
births[13].observation.per_view[1].excess_hf_weak_reference,0.0002050544000614126
births[13].observation.per_view[1].gradient_squared_error,0.0015042733223133548
births[13].observation.per_view[1].weak_reference_pixels,1644948
births[13].observation.per_view[2].gradient_magnitude_ratio,0.2745952410070824
births[13].observation.per_view[2].gradient_cosine,0.006399915130453249
births[13].observation.per_view[2].reference_aligned_gradient_energy,91.52187746645643
births[13].observation.per_view[2].unmatched_gradient_energy,373.24086582200397
births[13].observation.per_view[2].excess_hf_weak_reference,0.0002162999798054379
births[13].observation.per_view[2].gradient_squared_error,0.00159308750551731
births[13].observation.per_view[2].weak_reference_pixels,1561449
births[13].observation.per_view[3].gradient_magnitude_ratio,0.311218067114531
births[13].observation.per_view[3].gradient_cosine,0.006395559987712575
births[13].observation.per_view[3].reference_aligned_gradient_energy,39.35305036595321
births[13].observation.per_view[3].unmatched_gradient_energy,392.00925269003784
births[13].observation.per_view[3].excess_hf_weak_reference,0.00022872188354463045
births[13].observation.per_view[3].gradient_squared_error,0.00117362253359901
births[13].observation.per_view[3].weak_reference_pixels,1668420
births[13].observation.gradient_magnitude_ratio,0.283763518265394
births[13].observation.gradient_cosine,0.0043737764824935965
births[13].observation.reference_aligned_gradient_energy,72.0383547158927
births[13].observation.unmatched_gradient_energy,376.1788247223085
births[13].observation.excess_hf_weak_reference,0.00021255556650956028
births[13].observation.gradient_squared_error,0.0014614435028520228
births[13].observation.weak_reference_pixels,1624837.25
births[13].observation.loss,0.06230819326129782
births[13].observation.detected_energy,6288141.249648885
births[13].observation.relative_rgb_l2,0.8205500254394499
births[13].observation.per_view_mse[0],0.14688973036144223
births[13].observation.per_view_mse[1],0.11736368875928276
births[13].observation.per_view_mse[2],0.13084315521349316
births[13].observation.per_view_mse[3],0.10336897175616397
births[13].observation.foreground_mask_iou[0],0.5580512936262624
births[13].observation.foreground_mask_iou[1],0.5431185652607107
births[13].observation.foreground_mask_iou[2],0.6110729800313306
births[13].observation.foreground_mask_iou[3],0.5996286396997274
births[13].observation.squared_image_energy,4382719.1875
births[13].geometry.symmetric_chamfer,0.23725303093250963
births[13].geometry.point_to_surface_mean,0.2649309964709957
births[13].geometry.point_to_surface_p95,0.5968983649150306
births[13].geometry.surface_rms,0.32724420252169
births[13].geometry.normal_consistency,0.7028618944092679
births[13].geometry.normal_error,0.29713810559073206
births[13].geometry.regional_ear_p2s_mean,0.33555367004088815
births[13].geometry.regional_head_p2s_mean,0.18939017022893076
births[13].geometry.regional_leg_p2s_mean,0.07848146952205111
births[13].geometry.regional_torso_p2s_mean,0.29758469096065565
births[13].geometry.bounds[0][0],-0.9999213884461601
births[13].geometry.bounds[0][1],-0.9999213884461601
births[13].geometry.bounds[0][2],-0.999336789688974
births[13].geometry.bounds[1][0],1.0020892449145047
births[13].geometry.bounds[1][1],1.0008261626621462
births[13].geometry.bounds[1][2],0.999930212632665
births[13].geometry.surface_area,12.591756275971827
births[13].geometry.components,1
births[13].geometry.maximum_outward_from_unit_sphere,0.02661757069811066
births[13].geometry.maximum_inward_from_unit_sphere,0.007568205540274042
births[13].geometry.radial_deviation_p95,0.007040269808316533
births[13].geometry.gt_extends_outside_unit_sphere,True
births[13].geometry.gt_max_radius,1.5736361939753005
births[13].geometry.source_coverage_distance_p95,0.013343493424691604
births[13].geometry.source_coverage_distance_max,0.02602770884783189
births[13].geometry.source_coverage_samples,65536
births[13].geometry.geometry_seconds,0.5675331971142441
births[13].geometry.geometry_path,runs/v090_matched_birth/geometry/globe_birth14.ply
births[13].geometry.geometry_target,"MC approximation of prepared.gt_field, evaluation only; existing P2S/Chamfer definitions. Current normals updated at every evaluation."
births[13].scoring_seconds,300.0703388620168
births[13].total_seconds,959.0591379969846
births[13].peak_cuda_allocated_mib,2747.88525390625
births[13].peak_cuda_reserved_mib,14342.0
births[13].cpu_rss_peak_mib,9754.1328125
births[13].image_path,runs/v090_matched_birth/globe_birth14_trial0.npy
births[14].round,15
births[14].deterministic_id,GLOBE:15:30
births[14].center[0],0.874068110421238
births[14].center[1],-0.31556807010319615
births[14].center[2],-0.4033349792463196
births[14].radius,0.31819805153394637
births[14].proposal_source_id,1464647
births[14].zero_set_residual_at_birth,2.463307335887066e-16
births[14].selected_rank,1
births[14].candidate_bank_size,32
births[14].responsive_fraction,1.0
births[14].predicted_gain,0.0004992173631295885
births[14].alignment,0.004200097484401724
births[14].jacobian_norm,0.13292243933303738
births[14].affected_views,3
births[14].affected_pixels,111854
births[14].coefficient,-0.03
births[14].active_dof_count,15
births[14].born_dof_count,15
births[14].accepted_births,12
births[14].initialized_at_zero,True
births[14].birth_image_jump,0.0
births[14].birth_source_count_change,0
births[14].birth_source_mass_change,0.0
births[14].source_count,16777216
births[14].source_weight_digest,e8a23943d73928dce091768b7789dedd1390b88a2ee2ef22b4e84ad52b924711
births[14].coefficients[0],-0.03
births[14].coefficients[1],-0.03
births[14].coefficients[2],0.03
births[14].coefficients[3],-0.03
births[14].coefficients[4],-0.03
births[14].coefficients[5],-0.03
births[14].coefficients[6],-0.03
births[14].coefficients[7],-0.03
births[14].coefficients[8],-0.03
births[14].coefficients[9],-0.03
births[14].coefficients[10],-0.03
births[14].coefficients[11],0.03
births[14].coefficients[12],-0.03
births[14].coefficients[13],-0.03
births[14].coefficients[14],-0.03
births[14].centers[0][0],-0.07351842161138195
births[14].centers[0][1],0.6811820444435563
births[14].centers[0][2],-0.728413388133049
births[14].centers[1][0],0.6720258443143237
births[14].centers[1][1],0.5230814425100977
births[14].centers[1][2],-0.5241822861135006
births[14].centers[2][0],0.12062150794935045
births[14].centers[2][1],0.2665257085036449
births[14].centers[2][2],-0.9562502279877663
births[14].centers[3][0],0.6105258360802454
births[14].centers[3][1],0.566767707400702
births[14].centers[3][2],-0.5728702979286703
births[14].centers[4][0],0.13361574155036657
births[14].centers[4][1],0.8868378640189128
births[14].centers[4][2],0.44234086014330387
births[14].centers[5][0],0.9348412718678133
births[14].centers[5][1],0.17414060480910115
births[14].centers[5][2],0.3094298727810383
births[14].centers[6][0],0.10765130760785846
births[14].centers[6][1],0.37381169381516527
births[14].centers[6][2],-0.931612583191458
births[14].centers[7][0],0.27660040085736426
births[14].centers[7][1],0.08849992431230631
births[14].centers[7][2],0.9569012392312288
births[14].centers[8][0],0.3656402470898519
births[14].centers[8][1],0.2420315947952902
births[14].centers[8][2],-0.8976672496030755
births[14].centers[9][0],0.5042942542486878
births[14].centers[9][1],0.23319429282205392
births[14].centers[9][2],-0.8353174314302868
births[14].centers[10][0],0.9657880199999013
births[14].centers[10][1],-0.004972121226871936
births[14].centers[10][2],-0.25928512960672373
births[14].centers[11][0],0.43033766896540854
births[14].centers[11][1],0.29701592496651535
births[14].centers[11][2],-0.8738539169153484
births[14].centers[12][0],-0.0653798551048776
births[14].centers[12][1],0.9759003052447783
births[14].centers[12][2],0.21019734664427175
births[14].centers[13][0],0.8324638153056917
births[14].centers[13][1],-0.34735399393431043
births[14].centers[13][2],-0.43169664065837554
births[14].centers[14][0],0.874068110421238
births[14].centers[14][1],-0.31556807010319615
births[14].centers[14][2],-0.4033349792463196
births[14].radii[0],0.45
births[14].radii[1],0.45
births[14].radii[2],0.45
births[14].radii[3],0.45
births[14].radii[4],0.45
births[14].radii[5],0.45
births[14].radii[6],0.45
births[14].radii[7],0.31819805153394637
births[14].radii[8],0.31819805153394637
births[14].radii[9],0.45
births[14].radii[10],0.45
births[14].radii[11],0.45
births[14].radii[12],0.31819805153394637
births[14].radii[13],0.45
births[14].radii[14],0.31819805153394637
births[14].realized_gain,0.00012825848137237167
births[14].optimization.accepted,True
births[14].optimization.linear_solver_failures,0
births[14].optimization.line_search_failures,0
births[14].optimization.trials[0].alpha,1.0
births[14].optimization.trials[0].loss,0.06217993477992545
births[14].optimization.trials[0].coefficient[0],-0.03
births[14].optimization.trials[0].coefficient[1],-0.03
births[14].optimization.trials[0].coefficient[2],0.03
births[14].optimization.trials[0].coefficient[3],-0.03
births[14].optimization.trials[0].coefficient[4],-0.03
births[14].optimization.trials[0].coefficient[5],-0.03
births[14].optimization.trials[0].coefficient[6],-0.03
births[14].optimization.trials[0].coefficient[7],-0.03
births[14].optimization.trials[0].coefficient[8],-0.03
births[14].optimization.trials[0].coefficient[9],-0.03
births[14].optimization.trials[0].coefficient[10],-0.03
births[14].optimization.trials[0].coefficient[11],0.03
births[14].optimization.trials[0].coefficient[12],-0.03
births[14].optimization.trials[0].coefficient[13],-0.03
births[14].optimization.trials[0].coefficient[14],-0.03
births[14].optimization.trials[0].timing.signature.config_digest,62ca4976cb787bbdbc3fd85b82677cf3aaa45a383158d798e34cfdd3b30c3861
births[14].optimization.trials[0].timing.signature.field_digest,11162da077d54597700e705723b34acb147f47c44095818ea0b0ecb554a3fc55
births[14].optimization.trials[0].timing.signature.count,16777216
births[14].optimization.trials[0].timing.signature.seed,101
births[14].optimization.trials[0].timing.signature.operator_version,v0817_CURRENT_fixed_measure_C3
births[14].optimization.trials[0].timing.signature.shape[0],4
births[14].optimization.trials[0].timing.signature.shape[1],1080
births[14].optimization.trials[0].timing.signature.shape[2],1920
births[14].optimization.trials[0].timing.signature.shape[3],3
births[14].optimization.trials[0].timing.signature.dtype,float32
births[14].optimization.trials[0].timing.signature.source_digest,e9a0305b3ed0de34bf755a1f588cd96b3f0913d79827dc0c89908e88e8dfbd53
births[14].optimization.trials[0].timing.signature.centers,d81714e837cc96989379cb5780c0cbd0090a98eea1957c5eb5257d471da6f553
births[14].optimization.trials[0].timing.signature.radii,25edc63767ca337c8f7766f20c3ed37f35ba99f66271cc5ff4d5b6d3c3f25974
births[14].optimization.trials[0].timing.signature.coefficients,71fd0aa18263bbaa0e4b363600c738109f41c75cdecf8860e43e1eb8ac3978a4
births[14].optimization.trials[0].timing.source_seconds,60.02285833400674
births[14].optimization.trials[0].timing.transport_seconds,510.5960644779261
births[14].optimization.trials[0].timing.detector_seconds,80.13913064682856
births[14].optimization.trials[0].timing.total_seconds,650.7992186900228
births[14].optimization.trials[0].timing.peak_cuda_allocated_mib,566.74267578125
births[14].optimization.trials[0].timing.peak_cuda_reserved_mib,5002.0
births[14].optimization.trials[0].timing.cpu_rss_peak_mib,9754.1328125
births[14].optimization.trials[0].timing.energy_accounting[0].view,0
births[14].optimization.trials[0].timing.energy_accounting[0].input_energy,0.5805763769193237
births[14].optimization.trials[0].timing.energy_accounting[0].detected_energy,0.5805761062380155
births[14].optimization.trials[0].timing.energy_accounting[0].relative_energy_difference,4.662285945783225e-07
births[14].optimization.trials[0].timing.energy_accounting[0].projected_count_sum,16777169.420211228
births[14].optimization.trials[0].timing.energy_accounting[0].boundary_checked,True
births[14].optimization.trials[0].timing.energy_accounting[0].boundary_lost_energy,0.0
births[14].optimization.trials[0].timing.energy_accounting[0].expected_in_window_energy,0.5805763769193237
births[14].optimization.trials[0].timing.energy_accounting[0].numerical_energy_relative_error,4.662285945783225e-07
births[14].optimization.trials[0].timing.energy_accounting[1].view,1
births[14].optimization.trials[0].timing.energy_accounting[1].input_energy,0.44326276203188086
births[14].optimization.trials[0].timing.energy_accounting[1].detected_energy,0.44326253175591956
births[14].optimization.trials[0].timing.energy_accounting[1].relative_energy_difference,5.195021576902906e-07
births[14].optimization.trials[0].timing.energy_accounting[1].projected_count_sum,16777169.725626707
births[14].optimization.trials[0].timing.energy_accounting[1].boundary_checked,True
births[14].optimization.trials[0].timing.energy_accounting[1].boundary_lost_energy,0.0
births[14].optimization.trials[0].timing.energy_accounting[1].expected_in_window_energy,0.44326276203188086
births[14].optimization.trials[0].timing.energy_accounting[1].numerical_energy_relative_error,5.195021576902906e-07
births[14].optimization.trials[0].timing.energy_accounting[2].view,2
births[14].optimization.trials[0].timing.energy_accounting[2].input_energy,0.539058238330901
births[14].optimization.trials[0].timing.energy_accounting[2].detected_energy,0.5390579778402984
births[14].optimization.trials[0].timing.energy_accounting[2].relative_energy_difference,4.832327643304991e-07
births[14].optimization.trials[0].timing.energy_accounting[2].projected_count_sum,16777169.171893556
births[14].optimization.trials[0].timing.energy_accounting[2].boundary_checked,True
births[14].optimization.trials[0].timing.energy_accounting[2].boundary_lost_energy,0.0
births[14].optimization.trials[0].timing.energy_accounting[2].expected_in_window_energy,0.539058238330901
births[14].optimization.trials[0].timing.energy_accounting[2].numerical_energy_relative_error,4.832327643304991e-07
births[14].optimization.trials[0].timing.energy_accounting[3].view,3
births[14].optimization.trials[0].timing.energy_accounting[3].input_energy,0.45718874649523633
births[14].optimization.trials[0].timing.energy_accounting[3].detected_energy,0.45718851465711247
births[14].optimization.trials[0].timing.energy_accounting[3].relative_energy_difference,5.070949922598472e-07
births[14].optimization.trials[0].timing.energy_accounting[3].projected_count_sum,16777169.019353447
births[14].optimization.trials[0].timing.energy_accounting[3].boundary_checked,True
births[14].optimization.trials[0].timing.energy_accounting[3].boundary_lost_energy,0.0
births[14].optimization.trials[0].timing.energy_accounting[3].expected_in_window_energy,0.45718874649523633
births[14].optimization.trials[0].timing.energy_accounting[3].numerical_energy_relative_error,5.070949922598472e-07
births[14].optimization.trials[0].timing.root_failures,0
births[14].optimization.trials[0].timing.attachment_residual_max,6.661338147750939e-16
births[14].optimization.trials[0].timing.maximum_displacement,0.027562936950569404
births[14].optimization.trials[0].timing.image_digest,da45be1954abeb589fb5b2c6604ba156b45feadcc5d6ad48f71e058268df3eaf
births[14].optimization.trials[0].timing.state_persisted,False
births[14].optimization.trials[0].finite,True
births[14].optimization.realized_gain,0.00012825848137237167
births[14].optimization.coefficient_limit_hits,15
births[14].optimization.seconds,652.9791295130271
births[14].observation.whole_image_mse,0.12435990949717078
births[14].observation.foreground_mse,0.14941584549413936
births[14].observation.interior_gt8px_mse,0.13106125966546672
births[14].observation.silhouette_0_8px_mse,0.35924721672600113
births[14].observation.foreground_mean_brightness,0.5123327490425525
births[14].observation.edge_sharpness,0.00607936626284033
births[14].observation.reference_edge_sharpness,0.09199675652077396
births[14].observation.edge_sharpness_ratio,0.06608239782309648
births[14].observation.thin_feature_response_ratio,0.017798451250171623
births[14].observation.per_view[0].gradient_magnitude_ratio,0.274516153761168
births[14].observation.per_view[0].gradient_cosine,0.0033989123462684658
births[14].observation.per_view[0].reference_aligned_gradient_energy,98.03455417277276
births[14].observation.per_view[0].unmatched_gradient_energy,360.1371248168838
births[14].observation.per_view[0].excess_hf_weak_reference,0.00019770271416024495
births[14].observation.per_view[0].gradient_squared_error,0.0015737533560899323
births[14].observation.per_view[0].weak_reference_pixels,1624532
births[14].observation.per_view[1].gradient_magnitude_ratio,0.2735418725703351
births[14].observation.per_view[1].gradient_cosine,0.0014183129075558106
births[14].observation.per_view[1].reference_aligned_gradient_energy,59.26245983709951
births[14].observation.per_view[1].unmatched_gradient_energy,375.35300984250813
births[14].observation.per_view[1].excess_hf_weak_reference,0.00020505440003599595
births[14].observation.per_view[1].gradient_squared_error,0.0015042733222331635
births[14].observation.per_view[1].weak_reference_pixels,1644948
births[14].observation.per_view[2].gradient_magnitude_ratio,0.2746373977998682
births[14].observation.per_view[2].gradient_cosine,0.006392554477077432
births[14].observation.per_view[2].reference_aligned_gradient_energy,91.5516355548721
births[14].observation.per_view[2].unmatched_gradient_energy,373.35382259329435
births[14].observation.per_view[2].excess_hf_weak_reference,0.00021635464080695205
births[14].observation.per_view[2].gradient_squared_error,0.0015931271247998037
births[14].observation.per_view[2].weak_reference_pixels,1561449
births[14].observation.per_view[3].gradient_magnitude_ratio,0.3110665332367456
births[14].observation.per_view[3].gradient_cosine,0.006398675588207492
births[14].observation.per_view[3].reference_aligned_gradient_energy,39.35305036071221
births[14].observation.per_view[3].unmatched_gradient_energy,391.5892893584718
births[14].observation.per_view[3].excess_hf_weak_reference,0.00022847017034184551
births[14].observation.per_view[3].gradient_squared_error,0.0011735212692590314
births[14].observation.per_view[3].weak_reference_pixels,1668420
births[14].observation.gradient_magnitude_ratio,0.28344048934202926
births[14].observation.gradient_cosine,0.0044021138297773
births[14].observation.reference_aligned_gradient_energy,72.05042498136415
births[14].observation.unmatched_gradient_energy,375.10831165278955
births[14].observation.excess_hf_weak_reference,0.00021189548133625962
births[14].observation.gradient_squared_error,0.0014611687680954827
births[14].observation.weak_reference_pixels,1624837.25
births[14].observation.loss,0.06217993477992545
births[14].observation.detected_energy,6283272.789924025
births[14].observation.relative_rgb_l2,0.8197050585928884
births[14].observation.per_view_mse[0],0.14653890130078376
births[14].observation.per_view_mse[1],0.11736368875906145
births[14].observation.per_view_mse[2],0.13067541703920393
births[14].observation.per_view_mse[3],0.10286147114035518
births[14].observation.foreground_mask_iou[0],0.5580541210991643
births[14].observation.foreground_mask_iou[1],0.5431185652607107
births[14].observation.foreground_mask_iou[2],0.6110729800313306
births[14].observation.foreground_mask_iou[3],0.5996370639645493
births[14].observation.squared_image_energy,4374707.1875
births[14].geometry.symmetric_chamfer,0.2377773976306672
births[14].geometry.point_to_surface_mean,0.2659588244772939
births[14].geometry.point_to_surface_p95,0.5958714387682017
births[14].geometry.surface_rms,0.3279407034460874
births[14].geometry.normal_consistency,0.7014917975364203
births[14].geometry.normal_error,0.2985082024635797
births[14].geometry.regional_ear_p2s_mean,0.3356614433531814
births[14].geometry.regional_head_p2s_mean,0.19497305782089344
births[14].geometry.regional_leg_p2s_mean,0.07951765131979663
births[14].geometry.regional_torso_p2s_mean,0.2980918281026277
births[14].geometry.bounds[0][0],-0.9999213884461601
births[14].geometry.bounds[0][1],-0.9999213884461601
births[14].geometry.bounds[0][2],-0.999336789688974
births[14].geometry.bounds[1][0],1.0020892449145047
births[14].geometry.bounds[1][1],1.0008261626621462
births[14].geometry.bounds[1][2],0.999930212632665
births[14].geometry.surface_area,12.593764874657218
births[14].geometry.components,1
births[14].geometry.maximum_outward_from_unit_sphere,0.027442667817781485
births[14].geometry.maximum_inward_from_unit_sphere,0.007568205540274042
births[14].geometry.radial_deviation_p95,0.007280106004633709
births[14].geometry.gt_extends_outside_unit_sphere,True
births[14].geometry.gt_max_radius,1.5736361939753005
births[14].geometry.source_coverage_distance_p95,0.013369012403393318
births[14].geometry.source_coverage_distance_max,0.024447468215249766
births[14].geometry.source_coverage_samples,65536
births[14].geometry.geometry_seconds,0.5875156251713634
births[14].geometry.geometry_path,runs/v090_matched_birth/geometry/globe_birth15.ply
births[14].geometry.geometry_target,"MC approximation of prepared.gt_field, evaluation only; existing P2S/Chamfer definitions. Current normals updated at every evaluation."
births[14].scoring_seconds,314.5954017229378
births[14].total_seconds,975.0891692379955
births[14].peak_cuda_allocated_mib,2800.90283203125
births[14].peak_cuda_reserved_mib,5002.0
births[14].cpu_rss_peak_mib,9754.1328125
births[14].image_path,runs/v090_matched_birth/globe_birth15_trial0.npy
births[15].round,16
births[15].deterministic_id,GLOBE:16:3
births[15].center[0],0.5186546030900402
births[15].center[1],0.6470575646401505
births[15].center[2],-0.5808165515816515
births[15].radius,0.45
births[15].proposal_source_id,10489532
births[15].zero_set_residual_at_birth,6.938893903907228e-17
births[15].selected_rank,1
births[15].candidate_bank_size,32
births[15].responsive_fraction,1.0
births[15].predicted_gain,0.0004546399966311311
births[15].alignment,0.004206601386280887
births[15].jacobian_norm,0.1395023189851167
births[15].affected_views,2
births[15].affected_pixels,205305
births[15].coefficient,0.0
births[15].active_dof_count,16
births[15].born_dof_count,16
births[15].accepted_births,12
births[15].initialized_at_zero,True
births[15].birth_image_jump,0.0
births[15].birth_source_count_change,0
births[15].birth_source_mass_change,0.0
births[15].source_count,16777216
births[15].source_weight_digest,e8a23943d73928dce091768b7789dedd1390b88a2ee2ef22b4e84ad52b924711
births[15].coefficients[0],-0.03
births[15].coefficients[1],-0.03
births[15].coefficients[2],0.03
births[15].coefficients[3],-0.03
births[15].coefficients[4],-0.03
births[15].coefficients[5],-0.03
births[15].coefficients[6],-0.03
births[15].coefficients[7],-0.03
births[15].coefficients[8],-0.03
births[15].coefficients[9],-0.03
births[15].coefficients[10],-0.03
births[15].coefficients[11],0.03
births[15].coefficients[12],-0.03
births[15].coefficients[13],-0.03
births[15].coefficients[14],-0.03
births[15].coefficients[15],0.0
births[15].centers[0][0],-0.07351842161138195
births[15].centers[0][1],0.6811820444435563
births[15].centers[0][2],-0.728413388133049
births[15].centers[1][0],0.6720258443143237
births[15].centers[1][1],0.5230814425100977
births[15].centers[1][2],-0.5241822861135006
births[15].centers[2][0],0.12062150794935045
births[15].centers[2][1],0.2665257085036449
births[15].centers[2][2],-0.9562502279877663
births[15].centers[3][0],0.6105258360802454
births[15].centers[3][1],0.566767707400702
births[15].centers[3][2],-0.5728702979286703
births[15].centers[4][0],0.13361574155036657
births[15].centers[4][1],0.8868378640189128
births[15].centers[4][2],0.44234086014330387
births[15].centers[5][0],0.9348412718678133
births[15].centers[5][1],0.17414060480910115
births[15].centers[5][2],0.3094298727810383
births[15].centers[6][0],0.10765130760785846
births[15].centers[6][1],0.37381169381516527
births[15].centers[6][2],-0.931612583191458
births[15].centers[7][0],0.27660040085736426
births[15].centers[7][1],0.08849992431230631
births[15].centers[7][2],0.9569012392312288
births[15].centers[8][0],0.3656402470898519
births[15].centers[8][1],0.2420315947952902
births[15].centers[8][2],-0.8976672496030755
births[15].centers[9][0],0.5042942542486878
births[15].centers[9][1],0.23319429282205392
births[15].centers[9][2],-0.8353174314302868
births[15].centers[10][0],0.9657880199999013
births[15].centers[10][1],-0.004972121226871936
births[15].centers[10][2],-0.25928512960672373
births[15].centers[11][0],0.43033766896540854
births[15].centers[11][1],0.29701592496651535
births[15].centers[11][2],-0.8738539169153484
births[15].centers[12][0],-0.0653798551048776
births[15].centers[12][1],0.9759003052447783
births[15].centers[12][2],0.21019734664427175
births[15].centers[13][0],0.8324638153056917
births[15].centers[13][1],-0.34735399393431043
births[15].centers[13][2],-0.43169664065837554
births[15].centers[14][0],0.874068110421238
births[15].centers[14][1],-0.31556807010319615
births[15].centers[14][2],-0.4033349792463196
births[15].centers[15][0],0.5186546030900402
births[15].centers[15][1],0.6470575646401505
births[15].centers[15][2],-0.5808165515816515
births[15].radii[0],0.45
births[15].radii[1],0.45
births[15].radii[2],0.45
births[15].radii[3],0.45
births[15].radii[4],0.45
births[15].radii[5],0.45
births[15].radii[6],0.45
births[15].radii[7],0.31819805153394637
births[15].radii[8],0.31819805153394637
births[15].radii[9],0.45
births[15].radii[10],0.45
births[15].radii[11],0.45
births[15].radii[12],0.31819805153394637
births[15].radii[13],0.45
births[15].radii[14],0.31819805153394637
births[15].radii[15],0.45
births[15].realized_gain,0.0
births[15].optimization.accepted,False
births[15].optimization.linear_solver_failures,0
births[15].optimization.line_search_failures,1
births[15].optimization.trials[0].alpha,1.0
births[15].optimization.trials[0].loss,0.062415693872909135
births[15].optimization.trials[0].coefficient[0],-0.03
births[15].optimization.trials[0].coefficient[1],-0.03
births[15].optimization.trials[0].coefficient[2],0.03
births[15].optimization.trials[0].coefficient[3],0.03
births[15].optimization.trials[0].coefficient[4],-0.03
births[15].optimization.trials[0].coefficient[5],-0.03
births[15].optimization.trials[0].coefficient[6],-0.03
births[15].optimization.trials[0].coefficient[7],-0.03
births[15].optimization.trials[0].coefficient[8],-0.03
births[15].optimization.trials[0].coefficient[9],-0.03
births[15].optimization.trials[0].coefficient[10],-0.03
births[15].optimization.trials[0].coefficient[11],0.03
births[15].optimization.trials[0].coefficient[12],-0.03
births[15].optimization.trials[0].coefficient[13],0.001958914113419835
births[15].optimization.trials[0].coefficient[14],-0.03
births[15].optimization.trials[0].coefficient[15],-0.03
births[15].optimization.trials[0].timing.signature.config_digest,62ca4976cb787bbdbc3fd85b82677cf3aaa45a383158d798e34cfdd3b30c3861
births[15].optimization.trials[0].timing.signature.field_digest,11162da077d54597700e705723b34acb147f47c44095818ea0b0ecb554a3fc55
births[15].optimization.trials[0].timing.signature.count,16777216
births[15].optimization.trials[0].timing.signature.seed,101
births[15].optimization.trials[0].timing.signature.operator_version,v0817_CURRENT_fixed_measure_C3
births[15].optimization.trials[0].timing.signature.shape[0],4
births[15].optimization.trials[0].timing.signature.shape[1],1080
births[15].optimization.trials[0].timing.signature.shape[2],1920
births[15].optimization.trials[0].timing.signature.shape[3],3
births[15].optimization.trials[0].timing.signature.dtype,float32
births[15].optimization.trials[0].timing.signature.source_digest,e9a0305b3ed0de34bf755a1f588cd96b3f0913d79827dc0c89908e88e8dfbd53
births[15].optimization.trials[0].timing.signature.centers,3206faf28b2780ea9cca765a9a6af46bdbe9e1819c640c2837da9d0fc61fcafb
births[15].optimization.trials[0].timing.signature.radii,c43c65a00bdcafbe484535974944a68298699e175cf123d177291f7652b73199
births[15].optimization.trials[0].timing.signature.coefficients,1568103af5160ac8c8b252d51cd286eae3318510754e1fa3b795854b14cd8de5
births[15].optimization.trials[0].timing.source_seconds,59.51966965897009
births[15].optimization.trials[0].timing.transport_seconds,513.2322927040514
births[15].optimization.trials[0].timing.detector_seconds,83.03146593691781
births[15].optimization.trials[0].timing.total_seconds,655.825191344833
births[15].optimization.trials[0].timing.peak_cuda_allocated_mib,566.90283203125
births[15].optimization.trials[0].timing.peak_cuda_reserved_mib,7234.0
births[15].optimization.trials[0].timing.cpu_rss_peak_mib,9754.1328125
births[15].optimization.trials[0].timing.energy_accounting[0].view,0
births[15].optimization.trials[0].timing.energy_accounting[0].input_energy,0.5811629744658731
births[15].optimization.trials[0].timing.energy_accounting[0].detected_energy,0.5811627028134504
births[15].optimization.trials[0].timing.energy_accounting[0].relative_energy_difference,4.6742899083900714e-07
births[15].optimization.trials[0].timing.energy_accounting[0].projected_count_sum,16777169.901471075
births[15].optimization.trials[0].timing.energy_accounting[0].boundary_checked,True
births[15].optimization.trials[0].timing.energy_accounting[0].boundary_lost_energy,0.0
births[15].optimization.trials[0].timing.energy_accounting[0].expected_in_window_energy,0.5811629744658731
births[15].optimization.trials[0].timing.energy_accounting[0].numerical_energy_relative_error,4.6742899083900714e-07
births[15].optimization.trials[0].timing.energy_accounting[1].view,1
births[15].optimization.trials[0].timing.energy_accounting[1].input_energy,0.44326276203188086
births[15].optimization.trials[0].timing.energy_accounting[1].detected_energy,0.4432625317547375
births[15].optimization.trials[0].timing.energy_accounting[1].relative_energy_difference,5.195048244030298e-07
births[15].optimization.trials[0].timing.energy_accounting[1].projected_count_sum,16777169.740109848
births[15].optimization.trials[0].timing.energy_accounting[1].boundary_checked,True
births[15].optimization.trials[0].timing.energy_accounting[1].boundary_lost_energy,0.0
births[15].optimization.trials[0].timing.energy_accounting[1].expected_in_window_energy,0.44326276203188086
births[15].optimization.trials[0].timing.energy_accounting[1].numerical_energy_relative_error,5.195048244030298e-07
births[15].optimization.trials[0].timing.energy_accounting[2].view,2
births[15].optimization.trials[0].timing.energy_accounting[2].input_energy,0.540667432778268
births[15].optimization.trials[0].timing.energy_accounting[2].detected_energy,0.5406671709707787
births[15].optimization.trials[0].timing.energy_accounting[2].relative_energy_difference,4.842301819609116e-07
births[15].optimization.trials[0].timing.energy_accounting[2].projected_count_sum,16777169.241048407
births[15].optimization.trials[0].timing.energy_accounting[2].boundary_checked,True
births[15].optimization.trials[0].timing.energy_accounting[2].boundary_lost_energy,0.0
births[15].optimization.trials[0].timing.energy_accounting[2].expected_in_window_energy,0.540667432778268
births[15].optimization.trials[0].timing.energy_accounting[2].numerical_energy_relative_error,4.842301819609116e-07
births[15].optimization.trials[0].timing.energy_accounting[3].view,3
births[15].optimization.trials[0].timing.energy_accounting[3].input_energy,0.4580469687579026
births[15].optimization.trials[0].timing.energy_accounting[3].detected_energy,0.4580467357604666
births[15].optimization.trials[0].timing.energy_accounting[3].relative_energy_difference,5.086758604426235e-07
births[15].optimization.trials[0].timing.energy_accounting[3].projected_count_sum,16777169.409705885
births[15].optimization.trials[0].timing.energy_accounting[3].boundary_checked,True
births[15].optimization.trials[0].timing.energy_accounting[3].boundary_lost_energy,0.0
births[15].optimization.trials[0].timing.energy_accounting[3].expected_in_window_energy,0.4580469687579026
births[15].optimization.trials[0].timing.energy_accounting[3].numerical_energy_relative_error,5.086758604426235e-07
births[15].optimization.trials[0].timing.root_failures,0
births[15].optimization.trials[0].timing.attachment_residual_max,6.661338147750939e-16
births[15].optimization.trials[0].timing.maximum_displacement,0.015014262279871193
births[15].optimization.trials[0].timing.image_digest,3aa6b4001fdce05a1b428d06045adf5f24e44a75f47184d25bfa389c19bcbd7b
births[15].optimization.trials[0].timing.state_persisted,False
births[15].optimization.trials[0].finite,True
births[15].optimization.trials[1].alpha,0.5
births[15].optimization.trials[1].loss,0.06229907121393157
births[15].optimization.trials[1].coefficient[0],-0.03
births[15].optimization.trials[1].coefficient[1],-0.03
births[15].optimization.trials[1].coefficient[2],0.03
births[15].optimization.trials[1].coefficient[3],0.0
births[15].optimization.trials[1].coefficient[4],-0.03
births[15].optimization.trials[1].coefficient[5],-0.03
births[15].optimization.trials[1].coefficient[6],-0.03
births[15].optimization.trials[1].coefficient[7],-0.03
births[15].optimization.trials[1].coefficient[8],-0.03
births[15].optimization.trials[1].coefficient[9],-0.03
births[15].optimization.trials[1].coefficient[10],-0.03
births[15].optimization.trials[1].coefficient[11],0.03
births[15].optimization.trials[1].coefficient[12],-0.03
births[15].optimization.trials[1].coefficient[13],-0.014020542943290082
births[15].optimization.trials[1].coefficient[14],-0.03
births[15].optimization.trials[1].coefficient[15],-0.015
births[15].optimization.trials[1].timing.signature.config_digest,62ca4976cb787bbdbc3fd85b82677cf3aaa45a383158d798e34cfdd3b30c3861
births[15].optimization.trials[1].timing.signature.field_digest,11162da077d54597700e705723b34acb147f47c44095818ea0b0ecb554a3fc55
births[15].optimization.trials[1].timing.signature.count,16777216
births[15].optimization.trials[1].timing.signature.seed,101
births[15].optimization.trials[1].timing.signature.operator_version,v0817_CURRENT_fixed_measure_C3
births[15].optimization.trials[1].timing.signature.shape[0],4
births[15].optimization.trials[1].timing.signature.shape[1],1080
births[15].optimization.trials[1].timing.signature.shape[2],1920
births[15].optimization.trials[1].timing.signature.shape[3],3
births[15].optimization.trials[1].timing.signature.dtype,float32
births[15].optimization.trials[1].timing.signature.source_digest,e9a0305b3ed0de34bf755a1f588cd96b3f0913d79827dc0c89908e88e8dfbd53
births[15].optimization.trials[1].timing.signature.centers,3206faf28b2780ea9cca765a9a6af46bdbe9e1819c640c2837da9d0fc61fcafb
births[15].optimization.trials[1].timing.signature.radii,c43c65a00bdcafbe484535974944a68298699e175cf123d177291f7652b73199
births[15].optimization.trials[1].timing.signature.coefficients,e7a6375c072864c0dde94528103a6ab4c0c0d3d0777d90d86088e76ddcbcab5d
births[15].optimization.trials[1].timing.source_seconds,61.56573539203964
births[15].optimization.trials[1].timing.transport_seconds,516.531622772105
births[15].optimization.trials[1].timing.detector_seconds,82.77173646516167
births[15].optimization.trials[1].timing.total_seconds,660.9109825701453
births[15].optimization.trials[1].timing.peak_cuda_allocated_mib,566.744140625
births[15].optimization.trials[1].timing.peak_cuda_reserved_mib,7234.0
births[15].optimization.trials[1].timing.cpu_rss_peak_mib,9754.1328125
births[15].optimization.trials[1].timing.energy_accounting[0].view,0
births[15].optimization.trials[1].timing.energy_accounting[0].input_energy,0.5808773530084206
births[15].optimization.trials[1].timing.energy_accounting[0].detected_energy,0.5808770819914949
births[15].optimization.trials[1].timing.energy_accounting[0].relative_energy_difference,4.665647993945531e-07
births[15].optimization.trials[1].timing.energy_accounting[0].projected_count_sum,16777169.731359288
births[15].optimization.trials[1].timing.energy_accounting[0].boundary_checked,True
births[15].optimization.trials[1].timing.energy_accounting[0].boundary_lost_energy,0.0
births[15].optimization.trials[1].timing.energy_accounting[0].expected_in_window_energy,0.5808773530084206
births[15].optimization.trials[1].timing.energy_accounting[0].numerical_energy_relative_error,4.665647993945531e-07
births[15].optimization.trials[1].timing.energy_accounting[1].view,1
births[15].optimization.trials[1].timing.energy_accounting[1].input_energy,0.44326276203188086
births[15].optimization.trials[1].timing.energy_accounting[1].detected_energy,0.44326253175574565
births[15].optimization.trials[1].timing.energy_accounting[1].relative_energy_difference,5.195025500454616e-07
births[15].optimization.trials[1].timing.energy_accounting[1].projected_count_sum,16777169.735587358
births[15].optimization.trials[1].timing.energy_accounting[1].boundary_checked,True
births[15].optimization.trials[1].timing.energy_accounting[1].boundary_lost_energy,0.0
births[15].optimization.trials[1].timing.energy_accounting[1].expected_in_window_energy,0.44326276203188086
births[15].optimization.trials[1].timing.energy_accounting[1].numerical_energy_relative_error,5.195025500454616e-07
births[15].optimization.trials[1].timing.energy_accounting[2].view,2
births[15].optimization.trials[1].timing.energy_accounting[2].input_energy,0.5399062549644328
births[15].optimization.trials[1].timing.energy_accounting[2].detected_energy,0.53990599391143
births[15].optimization.trials[1].timing.energy_accounting[2].relative_energy_difference,4.835154258167224e-07
births[15].optimization.trials[1].timing.energy_accounting[2].projected_count_sum,16777169.203904264
births[15].optimization.trials[1].timing.energy_accounting[2].boundary_checked,True
births[15].optimization.trials[1].timing.energy_accounting[2].boundary_lost_energy,0.0
births[15].optimization.trials[1].timing.energy_accounting[2].expected_in_window_energy,0.5399062549644328
births[15].optimization.trials[1].timing.energy_accounting[2].numerical_energy_relative_error,4.835154258167224e-07
births[15].optimization.trials[1].timing.energy_accounting[3].view,3
births[15].optimization.trials[1].timing.energy_accounting[3].input_energy,0.457593999105382
births[15].optimization.trials[1].timing.energy_accounting[3].detected_energy,0.45759376674225527
births[15].optimization.trials[1].timing.energy_accounting[3].relative_energy_difference,5.077932123106497e-07
births[15].optimization.trials[1].timing.energy_accounting[3].projected_count_sum,16777169.213914119
births[15].optimization.trials[1].timing.energy_accounting[3].boundary_checked,True
births[15].optimization.trials[1].timing.energy_accounting[3].boundary_lost_energy,0.0
births[15].optimization.trials[1].timing.energy_accounting[3].expected_in_window_energy,0.457593999105382
births[15].optimization.trials[1].timing.energy_accounting[3].numerical_energy_relative_error,5.077932123106497e-07
births[15].optimization.trials[1].timing.root_failures,0
births[15].optimization.trials[1].timing.attachment_residual_max,6.661338147750939e-16
births[15].optimization.trials[1].timing.maximum_displacement,0.020902719304443276
births[15].optimization.trials[1].timing.image_digest,f0c1cf8efa03b84b2fc455d7d92f29c0b47941b6fce7af34e038677f7979382d
births[15].optimization.trials[1].timing.state_persisted,False
births[15].optimization.trials[1].finite,True
births[15].optimization.trials[2].alpha,0.25
births[15].optimization.trials[2].loss,0.06223939775636872
births[15].optimization.trials[2].coefficient[0],-0.03
births[15].optimization.trials[2].coefficient[1],-0.03
births[15].optimization.trials[2].coefficient[2],0.03
births[15].optimization.trials[2].coefficient[3],-0.015
births[15].optimization.trials[2].coefficient[4],-0.03
births[15].optimization.trials[2].coefficient[5],-0.03
births[15].optimization.trials[2].coefficient[6],-0.03
births[15].optimization.trials[2].coefficient[7],-0.03
births[15].optimization.trials[2].coefficient[8],-0.03
births[15].optimization.trials[2].coefficient[9],-0.03
births[15].optimization.trials[2].coefficient[10],-0.03
births[15].optimization.trials[2].coefficient[11],0.03
births[15].optimization.trials[2].coefficient[12],-0.03
births[15].optimization.trials[2].coefficient[13],-0.02201027147164504
births[15].optimization.trials[2].coefficient[14],-0.03
births[15].optimization.trials[2].coefficient[15],-0.0075
births[15].optimization.trials[2].timing.signature.config_digest,62ca4976cb787bbdbc3fd85b82677cf3aaa45a383158d798e34cfdd3b30c3861
births[15].optimization.trials[2].timing.signature.field_digest,11162da077d54597700e705723b34acb147f47c44095818ea0b0ecb554a3fc55
births[15].optimization.trials[2].timing.signature.count,16777216
births[15].optimization.trials[2].timing.signature.seed,101
births[15].optimization.trials[2].timing.signature.operator_version,v0817_CURRENT_fixed_measure_C3
births[15].optimization.trials[2].timing.signature.shape[0],4
births[15].optimization.trials[2].timing.signature.shape[1],1080
births[15].optimization.trials[2].timing.signature.shape[2],1920
births[15].optimization.trials[2].timing.signature.shape[3],3
births[15].optimization.trials[2].timing.signature.dtype,float32
births[15].optimization.trials[2].timing.signature.source_digest,e9a0305b3ed0de34bf755a1f588cd96b3f0913d79827dc0c89908e88e8dfbd53
births[15].optimization.trials[2].timing.signature.centers,3206faf28b2780ea9cca765a9a6af46bdbe9e1819c640c2837da9d0fc61fcafb
births[15].optimization.trials[2].timing.signature.radii,c43c65a00bdcafbe484535974944a68298699e175cf123d177291f7652b73199
births[15].optimization.trials[2].timing.signature.coefficients,c622fe61b4f7d482f8d3139f47f183acd7a973bf1fb0da0cf1763ac672c00655
births[15].optimization.trials[2].timing.source_seconds,61.47850744705647
births[15].optimization.trials[2].timing.transport_seconds,517.4471542409156
births[15].optimization.trials[2].timing.detector_seconds,81.1699667989742
births[15].optimization.trials[2].timing.total_seconds,660.1368349951226
births[15].optimization.trials[2].timing.peak_cuda_allocated_mib,566.8876953125
births[15].optimization.trials[2].timing.peak_cuda_reserved_mib,7234.0
births[15].optimization.trials[2].timing.cpu_rss_peak_mib,9754.1328125
births[15].optimization.trials[2].timing.energy_accounting[0].view,0
births[15].optimization.trials[2].timing.energy_accounting[0].input_energy,0.5807287765046001
births[15].optimization.trials[2].timing.energy_accounting[0].detected_energy,0.5807285056046598
births[15].optimization.trials[2].timing.energy_accounting[0].relative_energy_difference,4.6648272174216397e-07
births[15].optimization.trials[2].timing.energy_accounting[0].projected_count_sum,16777169.598921085
births[15].optimization.trials[2].timing.energy_accounting[0].boundary_checked,True
births[15].optimization.trials[2].timing.energy_accounting[0].boundary_lost_energy,0.0
births[15].optimization.trials[2].timing.energy_accounting[0].expected_in_window_energy,0.5807287765046001
births[15].optimization.trials[2].timing.energy_accounting[0].numerical_energy_relative_error,4.6648272174216397e-07
births[15].optimization.trials[2].timing.energy_accounting[1].view,1
births[15].optimization.trials[2].timing.energy_accounting[1].input_energy,0.44326276203188086
births[15].optimization.trials[2].timing.energy_accounting[1].detected_energy,0.4432625317557933
births[15].optimization.trials[2].timing.energy_accounting[1].relative_energy_difference,5.195024425954978e-07
births[15].optimization.trials[2].timing.energy_accounting[1].projected_count_sum,16777169.729597978
births[15].optimization.trials[2].timing.energy_accounting[1].boundary_checked,True
births[15].optimization.trials[2].timing.energy_accounting[1].boundary_lost_energy,0.0
births[15].optimization.trials[2].timing.energy_accounting[1].expected_in_window_energy,0.44326276203188086
births[15].optimization.trials[2].timing.energy_accounting[1].numerical_energy_relative_error,5.195024425954978e-07
births[15].optimization.trials[2].timing.energy_accounting[2].view,2
births[15].optimization.trials[2].timing.energy_accounting[2].input_energy,0.539489221571213
births[15].optimization.trials[2].timing.energy_accounting[2].detected_energy,0.5394889605747593
births[15].optimization.trials[2].timing.energy_accounting[2].relative_energy_difference,4.837843711175481e-07
births[15].optimization.trials[2].timing.energy_accounting[2].projected_count_sum,16777169.192189045
births[15].optimization.trials[2].timing.energy_accounting[2].boundary_checked,True
births[15].optimization.trials[2].timing.energy_accounting[2].boundary_lost_energy,0.0
births[15].optimization.trials[2].timing.energy_accounting[2].expected_in_window_energy,0.539489221571213
births[15].optimization.trials[2].timing.energy_accounting[2].numerical_energy_relative_error,4.837843711175481e-07
births[15].optimization.trials[2].timing.energy_accounting[3].view,3
births[15].optimization.trials[2].timing.energy_accounting[3].input_energy,0.4573853861485273
births[15].optimization.trials[2].timing.energy_accounting[3].detected_energy,0.4573851540915578
births[15].optimization.trials[2].timing.energy_accounting[3].relative_energy_difference,5.07355452440599e-07
births[15].optimization.trials[2].timing.energy_accounting[3].projected_count_sum,16777169.136177713
births[15].optimization.trials[2].timing.energy_accounting[3].boundary_checked,True
births[15].optimization.trials[2].timing.energy_accounting[3].boundary_lost_energy,0.0
births[15].optimization.trials[2].timing.energy_accounting[3].expected_in_window_energy,0.4573853861485273
births[15].optimization.trials[2].timing.energy_accounting[3].numerical_energy_relative_error,5.07355452440599e-07
births[15].optimization.trials[2].timing.root_failures,0
births[15].optimization.trials[2].timing.attachment_residual_max,6.661338147750939e-16
births[15].optimization.trials[2].timing.maximum_displacement,0.024246375470827617
births[15].optimization.trials[2].timing.image_digest,499149af3ff3147b920ff4c8c04456a668f10b6966bef814e18381597663a33c
births[15].optimization.trials[2].timing.state_persisted,False
births[15].optimization.trials[2].finite,True
births[15].optimization.trials[3].alpha,0.125
births[15].optimization.trials[3].loss,0.062209590469337564
births[15].optimization.trials[3].coefficient[0],-0.03
births[15].optimization.trials[3].coefficient[1],-0.03
births[15].optimization.trials[3].coefficient[2],0.03
births[15].optimization.trials[3].coefficient[3],-0.0225
births[15].optimization.trials[3].coefficient[4],-0.03
births[15].optimization.trials[3].coefficient[5],-0.03
births[15].optimization.trials[3].coefficient[6],-0.03
births[15].optimization.trials[3].coefficient[7],-0.03
births[15].optimization.trials[3].coefficient[8],-0.03
births[15].optimization.trials[3].coefficient[9],-0.03
births[15].optimization.trials[3].coefficient[10],-0.03
births[15].optimization.trials[3].coefficient[11],0.03
births[15].optimization.trials[3].coefficient[12],-0.03
births[15].optimization.trials[3].coefficient[13],-0.02600513573582252
births[15].optimization.trials[3].coefficient[14],-0.03
births[15].optimization.trials[3].coefficient[15],-0.00375
births[15].optimization.trials[3].timing.signature.config_digest,62ca4976cb787bbdbc3fd85b82677cf3aaa45a383158d798e34cfdd3b30c3861
births[15].optimization.trials[3].timing.signature.field_digest,11162da077d54597700e705723b34acb147f47c44095818ea0b0ecb554a3fc55
births[15].optimization.trials[3].timing.signature.count,16777216
births[15].optimization.trials[3].timing.signature.seed,101
births[15].optimization.trials[3].timing.signature.operator_version,v0817_CURRENT_fixed_measure_C3
births[15].optimization.trials[3].timing.signature.shape[0],4
births[15].optimization.trials[3].timing.signature.shape[1],1080
births[15].optimization.trials[3].timing.signature.shape[2],1920
births[15].optimization.trials[3].timing.signature.shape[3],3
births[15].optimization.trials[3].timing.signature.dtype,float32
births[15].optimization.trials[3].timing.signature.source_digest,e9a0305b3ed0de34bf755a1f588cd96b3f0913d79827dc0c89908e88e8dfbd53
births[15].optimization.trials[3].timing.signature.centers,3206faf28b2780ea9cca765a9a6af46bdbe9e1819c640c2837da9d0fc61fcafb
births[15].optimization.trials[3].timing.signature.radii,c43c65a00bdcafbe484535974944a68298699e175cf123d177291f7652b73199
births[15].optimization.trials[3].timing.signature.coefficients,52cc073408cf6f405069969344aeb629cedcf3a7a47bf0545ec56db91bdd4206
births[15].optimization.trials[3].timing.source_seconds,59.708943232893944
births[15].optimization.trials[3].timing.transport_seconds,511.55206563300453
births[15].optimization.trials[3].timing.detector_seconds,80.30339496512897
births[15].optimization.trials[3].timing.total_seconds,651.6058417209424
births[15].optimization.trials[3].timing.peak_cuda_allocated_mib,566.88623046875
births[15].optimization.trials[3].timing.peak_cuda_reserved_mib,7234.0
births[15].optimization.trials[3].timing.cpu_rss_peak_mib,9754.1328125
births[15].optimization.trials[3].timing.energy_accounting[0].view,0
births[15].optimization.trials[3].timing.energy_accounting[0].input_energy,0.5806529624580399
births[15].optimization.trials[3].timing.energy_accounting[0].detected_energy,0.5806526916570404
births[15].optimization.trials[3].timing.energy_accounting[0].relative_energy_difference,4.6637323327691713e-07
births[15].optimization.trials[3].timing.energy_accounting[0].projected_count_sum,16777169.470602611
births[15].optimization.trials[3].timing.energy_accounting[0].boundary_checked,True
births[15].optimization.trials[3].timing.energy_accounting[0].boundary_lost_energy,0.0
births[15].optimization.trials[3].timing.energy_accounting[0].expected_in_window_energy,0.5806529624580399
births[15].optimization.trials[3].timing.energy_accounting[0].numerical_energy_relative_error,4.6637323327691713e-07
births[15].optimization.trials[3].timing.energy_accounting[1].view,1
births[15].optimization.trials[3].timing.energy_accounting[1].input_energy,0.44326276203188086
births[15].optimization.trials[3].timing.energy_accounting[1].detected_energy,0.4432625317555412
births[15].optimization.trials[3].timing.energy_accounting[1].relative_energy_difference,5.195030112788146e-07
births[15].optimization.trials[3].timing.energy_accounting[1].projected_count_sum,16777169.722619038
births[15].optimization.trials[3].timing.energy_accounting[1].boundary_checked,True
births[15].optimization.trials[3].timing.energy_accounting[1].boundary_lost_energy,0.0
births[15].optimization.trials[3].timing.energy_accounting[1].expected_in_window_energy,0.44326276203188086
births[15].optimization.trials[3].timing.energy_accounting[1].numerical_energy_relative_error,5.195030112788146e-07
births[15].optimization.trials[3].timing.energy_accounting[2].view,2
births[15].optimization.trials[3].timing.energy_accounting[2].input_energy,0.5392749897462038
births[15].optimization.trials[3].timing.energy_accounting[2].detected_energy,0.5392747288292732
births[15].optimization.trials[3].timing.energy_accounting[2].relative_energy_difference,4.838290956891747e-07
births[15].optimization.trials[3].timing.energy_accounting[2].projected_count_sum,16777169.163394772
births[15].optimization.trials[3].timing.energy_accounting[2].boundary_checked,True
births[15].optimization.trials[3].timing.energy_accounting[2].boundary_lost_energy,0.0
births[15].optimization.trials[3].timing.energy_accounting[2].expected_in_window_energy,0.5392749897462038
births[15].optimization.trials[3].timing.energy_accounting[2].numerical_energy_relative_error,4.838290956891747e-07
births[15].optimization.trials[3].timing.energy_accounting[3].view,3
births[15].optimization.trials[3].timing.energy_accounting[3].input_energy,0.4572856123461928
births[15].optimization.trials[3].timing.energy_accounting[3].detected_energy,0.457285380432908
births[15].optimization.trials[3].timing.energy_accounting[3].relative_energy_difference,5.07151938606701e-07
births[15].optimization.trials[3].timing.energy_accounting[3].projected_count_sum,16777169.067208458
births[15].optimization.trials[3].timing.energy_accounting[3].boundary_checked,True
births[15].optimization.trials[3].timing.energy_accounting[3].boundary_lost_energy,0.0
births[15].optimization.trials[3].timing.energy_accounting[3].expected_in_window_energy,0.4572856123461928
births[15].optimization.trials[3].timing.energy_accounting[3].numerical_energy_relative_error,5.07151938606701e-07
births[15].optimization.trials[3].timing.root_failures,0
births[15].optimization.trials[3].timing.attachment_residual_max,6.802284430174055e-16
births[15].optimization.trials[3].timing.maximum_displacement,0.02590891013103312
births[15].optimization.trials[3].timing.image_digest,4b8bdf4a94ab0e180c5532823600b8cb84ab144916377e507c5789932ff18930
births[15].optimization.trials[3].timing.state_persisted,False
births[15].optimization.trials[3].finite,True
births[15].optimization.realized_gain,0.0
births[15].optimization.coefficient_limit_hits,15
births[15].optimization.seconds,2637.2197211589664
births[15].observation.whole_image_mse,0.12435990949717078
births[15].observation.foreground_mse,0.14941584549413936
births[15].observation.interior_gt8px_mse,0.13106125966546672
births[15].observation.silhouette_0_8px_mse,0.35924721672600113
births[15].observation.foreground_mean_brightness,0.5123327490425525
births[15].observation.edge_sharpness,0.00607936626284033
births[15].observation.reference_edge_sharpness,0.09199675652077396
births[15].observation.edge_sharpness_ratio,0.06608239782309648
births[15].observation.thin_feature_response_ratio,0.017798451250171623
births[15].observation.per_view[0].gradient_magnitude_ratio,0.274516153761168
births[15].observation.per_view[0].gradient_cosine,0.0033989123462684658
births[15].observation.per_view[0].reference_aligned_gradient_energy,98.03455417277276
births[15].observation.per_view[0].unmatched_gradient_energy,360.1371248168838
births[15].observation.per_view[0].excess_hf_weak_reference,0.00019770271416024495
births[15].observation.per_view[0].gradient_squared_error,0.0015737533560899323
births[15].observation.per_view[0].weak_reference_pixels,1624532
births[15].observation.per_view[1].gradient_magnitude_ratio,0.2735418725703351
births[15].observation.per_view[1].gradient_cosine,0.0014183129075558106
births[15].observation.per_view[1].reference_aligned_gradient_energy,59.26245983709951
births[15].observation.per_view[1].unmatched_gradient_energy,375.35300984250813
births[15].observation.per_view[1].excess_hf_weak_reference,0.00020505440003599595
births[15].observation.per_view[1].gradient_squared_error,0.0015042733222331635
births[15].observation.per_view[1].weak_reference_pixels,1644948
births[15].observation.per_view[2].gradient_magnitude_ratio,0.2746373977998682
births[15].observation.per_view[2].gradient_cosine,0.006392554477077432
births[15].observation.per_view[2].reference_aligned_gradient_energy,91.5516355548721
births[15].observation.per_view[2].unmatched_gradient_energy,373.35382259329435
births[15].observation.per_view[2].excess_hf_weak_reference,0.00021635464080695205
births[15].observation.per_view[2].gradient_squared_error,0.0015931271247998037
births[15].observation.per_view[2].weak_reference_pixels,1561449
births[15].observation.per_view[3].gradient_magnitude_ratio,0.3110665332367456
births[15].observation.per_view[3].gradient_cosine,0.006398675588207492
births[15].observation.per_view[3].reference_aligned_gradient_energy,39.35305036071221
births[15].observation.per_view[3].unmatched_gradient_energy,391.5892893584718
births[15].observation.per_view[3].excess_hf_weak_reference,0.00022847017034184551
births[15].observation.per_view[3].gradient_squared_error,0.0011735212692590314
births[15].observation.per_view[3].weak_reference_pixels,1668420
births[15].observation.gradient_magnitude_ratio,0.28344048934202926
births[15].observation.gradient_cosine,0.0044021138297773
births[15].observation.reference_aligned_gradient_energy,72.05042498136415
births[15].observation.unmatched_gradient_energy,375.10831165278955
births[15].observation.excess_hf_weak_reference,0.00021189548133625962
births[15].observation.gradient_squared_error,0.0014611687680954827
births[15].observation.weak_reference_pixels,1624837.25
births[15].observation.loss,0.06217993477992545
births[15].observation.detected_energy,6283272.789924025
births[15].observation.relative_rgb_l2,0.8197050585928884
births[15].observation.per_view_mse[0],0.14653890130078376
births[15].observation.per_view_mse[1],0.11736368875906145
births[15].observation.per_view_mse[2],0.13067541703920393
births[15].observation.per_view_mse[3],0.10286147114035518
births[15].observation.foreground_mask_iou[0],0.5580541210991643
births[15].observation.foreground_mask_iou[1],0.5431185652607107
births[15].observation.foreground_mask_iou[2],0.6110729800313306
births[15].observation.foreground_mask_iou[3],0.5996370639645493
births[15].observation.squared_image_energy,4374707.1875
births[15].geometry.symmetric_chamfer,0.2377773976306672
births[15].geometry.point_to_surface_mean,0.2659588244772939
births[15].geometry.point_to_surface_p95,0.5958714387682017
births[15].geometry.surface_rms,0.3279407034460874
births[15].geometry.normal_consistency,0.7014917975364203
births[15].geometry.normal_error,0.2985082024635797
births[15].geometry.regional_ear_p2s_mean,0.3356614433531814
births[15].geometry.regional_head_p2s_mean,0.19497305782089344
births[15].geometry.regional_leg_p2s_mean,0.07951765131979663
births[15].geometry.regional_torso_p2s_mean,0.2980918281026277
births[15].geometry.bounds[0][0],-0.9999213884461601
births[15].geometry.bounds[0][1],-0.9999213884461601
births[15].geometry.bounds[0][2],-0.999336789688974
births[15].geometry.bounds[1][0],1.0020892449145047
births[15].geometry.bounds[1][1],1.0008261626621462
births[15].geometry.bounds[1][2],0.999930212632665
births[15].geometry.surface_area,12.593764874657218
births[15].geometry.components,1
births[15].geometry.maximum_outward_from_unit_sphere,0.027442667817781485
births[15].geometry.maximum_inward_from_unit_sphere,0.007568205540274042
births[15].geometry.radial_deviation_p95,0.007280106004633709
births[15].geometry.gt_extends_outside_unit_sphere,True
births[15].geometry.gt_max_radius,1.5736361939753005
births[15].geometry.source_coverage_distance_p95,0.013369012403393318
births[15].geometry.source_coverage_distance_max,0.024447468215249766
births[15].geometry.source_coverage_samples,65536
births[15].geometry.geometry_seconds,0.5665592409204692
births[15].geometry.geometry_path,runs/v090_matched_birth/geometry/globe_birth16.ply
births[15].geometry.geometry_target,"MC approximation of prepared.gt_field, evaluation only; existing P2S/Chamfer definitions. Current normals updated at every evaluation."
births[15].scoring_seconds,315.90025704400614
births[15].total_seconds,2960.532017200021
births[15].peak_cuda_allocated_mib,2852.404296875
births[15].peak_cuda_reserved_mib,7234.0
births[15].cpu_rss_peak_mib,9754.1328125
births[15].image_path,
births[15].checkpoint_image,runs/v090_matched_birth/globe_checkpoint16.npy
births[16].round,17
births[16].deterministic_id,GLOBE:17:0
births[16].center[0],0.3437081446947666
births[16].center[1],0.22807555224954393
births[16].center[2],0.9139377755375496
births[16].radius,0.45
births[16].proposal_source_id,5318
births[16].zero_set_residual_at_birth,1.734723475976807e-18
births[16].selected_rank,1
births[16].candidate_bank_size,32
births[16].responsive_fraction,1.0
births[16].predicted_gain,0.0011964477833883965
births[16].alignment,0.006710088725902133
births[16].jacobian_norm,0.1371719258974008
births[16].affected_views,3
births[16].affected_pixels,210844
births[16].coefficient,0.0
births[16].active_dof_count,17
births[16].born_dof_count,17
births[16].accepted_births,12
births[16].initialized_at_zero,True
births[16].birth_image_jump,0.0
births[16].birth_source_count_change,0
births[16].birth_source_mass_change,0.0
births[16].source_count,16777216
births[16].source_weight_digest,e8a23943d73928dce091768b7789dedd1390b88a2ee2ef22b4e84ad52b924711
births[16].coefficients[0],-0.03
births[16].coefficients[1],-0.03
births[16].coefficients[2],0.03
births[16].coefficients[3],-0.03
births[16].coefficients[4],-0.03
births[16].coefficients[5],-0.03
births[16].coefficients[6],-0.03
births[16].coefficients[7],-0.03
births[16].coefficients[8],-0.03
births[16].coefficients[9],-0.03
births[16].coefficients[10],-0.03
births[16].coefficients[11],0.03
births[16].coefficients[12],-0.03
births[16].coefficients[13],-0.03
births[16].coefficients[14],-0.03
births[16].coefficients[15],0.0
births[16].coefficients[16],0.0
births[16].centers[0][0],-0.07351842161138195
births[16].centers[0][1],0.6811820444435563
births[16].centers[0][2],-0.728413388133049
births[16].centers[1][0],0.6720258443143237
births[16].centers[1][1],0.5230814425100977
births[16].centers[1][2],-0.5241822861135006
births[16].centers[2][0],0.12062150794935045
births[16].centers[2][1],0.2665257085036449
births[16].centers[2][2],-0.9562502279877663
births[16].centers[3][0],0.6105258360802454
births[16].centers[3][1],0.566767707400702
births[16].centers[3][2],-0.5728702979286703
births[16].centers[4][0],0.13361574155036657
births[16].centers[4][1],0.8868378640189128
births[16].centers[4][2],0.44234086014330387
births[16].centers[5][0],0.9348412718678133
births[16].centers[5][1],0.17414060480910115
births[16].centers[5][2],0.3094298727810383
births[16].centers[6][0],0.10765130760785846
births[16].centers[6][1],0.37381169381516527
births[16].centers[6][2],-0.931612583191458
births[16].centers[7][0],0.27660040085736426
births[16].centers[7][1],0.08849992431230631
births[16].centers[7][2],0.9569012392312288
births[16].centers[8][0],0.3656402470898519
births[16].centers[8][1],0.2420315947952902
births[16].centers[8][2],-0.8976672496030755
births[16].centers[9][0],0.5042942542486878
births[16].centers[9][1],0.23319429282205392
births[16].centers[9][2],-0.8353174314302868
births[16].centers[10][0],0.9657880199999013
births[16].centers[10][1],-0.004972121226871936
births[16].centers[10][2],-0.25928512960672373
births[16].centers[11][0],0.43033766896540854
births[16].centers[11][1],0.29701592496651535
births[16].centers[11][2],-0.8738539169153484
births[16].centers[12][0],-0.0653798551048776
births[16].centers[12][1],0.9759003052447783
births[16].centers[12][2],0.21019734664427175
births[16].centers[13][0],0.8324638153056917
births[16].centers[13][1],-0.34735399393431043
births[16].centers[13][2],-0.43169664065837554
births[16].centers[14][0],0.874068110421238
births[16].centers[14][1],-0.31556807010319615
births[16].centers[14][2],-0.4033349792463196
births[16].centers[15][0],0.5186546030900402
births[16].centers[15][1],0.6470575646401505
births[16].centers[15][2],-0.5808165515816515
births[16].centers[16][0],0.3437081446947666
births[16].centers[16][1],0.22807555224954393
births[16].centers[16][2],0.9139377755375496
births[16].radii[0],0.45
births[16].radii[1],0.45
births[16].radii[2],0.45
births[16].radii[3],0.45
births[16].radii[4],0.45
births[16].radii[5],0.45
births[16].radii[6],0.45
births[16].radii[7],0.31819805153394637
births[16].radii[8],0.31819805153394637
births[16].radii[9],0.45
births[16].radii[10],0.45
births[16].radii[11],0.45
births[16].radii[12],0.31819805153394637
births[16].radii[13],0.45
births[16].radii[14],0.31819805153394637
births[16].radii[15],0.45
births[16].radii[16],0.45
births[16].realized_gain,0.0
births[16].optimization.accepted,False
births[16].optimization.linear_solver_failures,0
births[16].optimization.line_search_failures,1
births[16].optimization.trials[0].alpha,1.0
births[16].optimization.trials[0].loss,0.062212945311401015
births[16].optimization.trials[0].coefficient[0],-0.03
births[16].optimization.trials[0].coefficient[1],-0.03
births[16].optimization.trials[0].coefficient[2],0.03
births[16].optimization.trials[0].coefficient[3],0.03
births[16].optimization.trials[0].coefficient[4],-0.03
births[16].optimization.trials[0].coefficient[5],-0.03
births[16].optimization.trials[0].coefficient[6],-0.03
births[16].optimization.trials[0].coefficient[7],-0.03
births[16].optimization.trials[0].coefficient[8],-0.03
births[16].optimization.trials[0].coefficient[9],-0.03
births[16].optimization.trials[0].coefficient[10],-0.03
births[16].optimization.trials[0].coefficient[11],0.03
births[16].optimization.trials[0].coefficient[12],-0.03
births[16].optimization.trials[0].coefficient[13],0.001958914114424809
births[16].optimization.trials[0].coefficient[14],-0.03
births[16].optimization.trials[0].coefficient[15],-0.03
births[16].optimization.trials[0].coefficient[16],-0.03
births[16].optimization.trials[0].timing.signature.config_digest,62ca4976cb787bbdbc3fd85b82677cf3aaa45a383158d798e34cfdd3b30c3861
births[16].optimization.trials[0].timing.signature.field_digest,11162da077d54597700e705723b34acb147f47c44095818ea0b0ecb554a3fc55
births[16].optimization.trials[0].timing.signature.count,16777216
births[16].optimization.trials[0].timing.signature.seed,101
births[16].optimization.trials[0].timing.signature.operator_version,v0817_CURRENT_fixed_measure_C3
births[16].optimization.trials[0].timing.signature.shape[0],4
births[16].optimization.trials[0].timing.signature.shape[1],1080
births[16].optimization.trials[0].timing.signature.shape[2],1920
births[16].optimization.trials[0].timing.signature.shape[3],3
births[16].optimization.trials[0].timing.signature.dtype,float32
births[16].optimization.trials[0].timing.signature.source_digest,e9a0305b3ed0de34bf755a1f588cd96b3f0913d79827dc0c89908e88e8dfbd53
births[16].optimization.trials[0].timing.signature.centers,f5c742d4c9843f006beeccf37a24c46d744f733db41f4318bd57d35aa057225c
births[16].optimization.trials[0].timing.signature.radii,2bcebbe648539ab202f3330f690f38d90b42b0e763b58806e95d4aa659a789a8
births[16].optimization.trials[0].timing.signature.coefficients,4a24e0823d9ff9d80d935b42dca2b8178d6e5f10d5406ddc9895fd16e7a11c78
births[16].optimization.trials[0].timing.source_seconds,69.5590037680231
births[16].optimization.trials[0].timing.transport_seconds,600.3274346161634
births[16].optimization.trials[0].timing.detector_seconds,83.98158208304085
births[16].optimization.trials[0].timing.total_seconds,753.9105424589943
births[16].optimization.trials[0].timing.peak_cuda_allocated_mib,567.44873046875
births[16].optimization.trials[0].timing.peak_cuda_reserved_mib,9514.0
births[16].optimization.trials[0].timing.cpu_rss_peak_mib,9754.1328125
births[16].optimization.trials[0].timing.energy_accounting[0].view,0
births[16].optimization.trials[0].timing.energy_accounting[0].input_energy,0.5805542595514839
births[16].optimization.trials[0].timing.energy_accounting[0].detected_energy,0.5805539886683814
births[16].optimization.trials[0].timing.energy_accounting[0].relative_energy_difference,4.6659394543711354e-07
births[16].optimization.trials[0].timing.energy_accounting[0].projected_count_sum,16777169.548430605
births[16].optimization.trials[0].timing.energy_accounting[0].boundary_checked,True
births[16].optimization.trials[0].timing.energy_accounting[0].boundary_lost_energy,0.0
births[16].optimization.trials[0].timing.energy_accounting[0].expected_in_window_energy,0.5805542595514839
births[16].optimization.trials[0].timing.energy_accounting[0].numerical_energy_relative_error,4.6659394543711354e-07
births[16].optimization.trials[0].timing.energy_accounting[1].view,1
births[16].optimization.trials[0].timing.energy_accounting[1].input_energy,0.44241154788635406
births[16].optimization.trials[0].timing.energy_accounting[1].detected_energy,0.4424113184611637
births[16].optimization.trials[0].timing.energy_accounting[1].relative_energy_difference,5.18578666044603e-07
births[16].optimization.trials[0].timing.energy_accounting[1].projected_count_sum,16777169.596924165
births[16].optimization.trials[0].timing.energy_accounting[1].boundary_checked,True
births[16].optimization.trials[0].timing.energy_accounting[1].boundary_lost_energy,0.0
births[16].optimization.trials[0].timing.energy_accounting[1].expected_in_window_energy,0.44241154788635406
births[16].optimization.trials[0].timing.energy_accounting[1].numerical_energy_relative_error,5.18578666044603e-07
births[16].optimization.trials[0].timing.energy_accounting[2].view,2
births[16].optimization.trials[0].timing.energy_accounting[2].input_energy,0.5406674327782804
births[16].optimization.trials[0].timing.energy_accounting[2].detected_energy,0.5406671709711476
births[16].optimization.trials[0].timing.energy_accounting[2].relative_energy_difference,4.842295226043504e-07
births[16].optimization.trials[0].timing.energy_accounting[2].projected_count_sum,16777169.241089556
births[16].optimization.trials[0].timing.energy_accounting[2].boundary_checked,True
births[16].optimization.trials[0].timing.energy_accounting[2].boundary_lost_energy,0.0
births[16].optimization.trials[0].timing.energy_accounting[2].expected_in_window_energy,0.5406674327782804
births[16].optimization.trials[0].timing.energy_accounting[2].numerical_energy_relative_error,4.842295226043504e-07
births[16].optimization.trials[0].timing.energy_accounting[3].view,3
births[16].optimization.trials[0].timing.energy_accounting[3].input_energy,0.45718930959488524
births[16].optimization.trials[0].timing.energy_accounting[3].detected_energy,0.4571890775048461
births[16].optimization.trials[0].timing.energy_accounting[3].relative_energy_difference,5.076453763483023e-07
births[16].optimization.trials[0].timing.energy_accounting[3].projected_count_sum,16777169.347621316
births[16].optimization.trials[0].timing.energy_accounting[3].boundary_checked,True
births[16].optimization.trials[0].timing.energy_accounting[3].boundary_lost_energy,0.0
births[16].optimization.trials[0].timing.energy_accounting[3].expected_in_window_energy,0.45718930959488524
births[16].optimization.trials[0].timing.energy_accounting[3].numerical_energy_relative_error,5.076453763483023e-07
births[16].optimization.trials[0].timing.root_failures,0
births[16].optimization.trials[0].timing.attachment_residual_max,6.661338147750939e-16
births[16].optimization.trials[0].timing.maximum_displacement,0.021224711377263235
births[16].optimization.trials[0].timing.image_digest,8f02cd97daca8d2e24c6dc131ced63ef0858e4696abd87e447eb06f9c78d3e1e
births[16].optimization.trials[0].timing.state_persisted,False
births[16].optimization.trials[0].finite,True
births[16].optimization.trials[1].alpha,0.5
births[16].optimization.trials[1].loss,0.06219728811558537
births[16].optimization.trials[1].coefficient[0],-0.03
births[16].optimization.trials[1].coefficient[1],-0.03
births[16].optimization.trials[1].coefficient[2],0.03
births[16].optimization.trials[1].coefficient[3],0.0
births[16].optimization.trials[1].coefficient[4],-0.03
births[16].optimization.trials[1].coefficient[5],-0.03
births[16].optimization.trials[1].coefficient[6],-0.03
births[16].optimization.trials[1].coefficient[7],-0.03
births[16].optimization.trials[1].coefficient[8],-0.03
births[16].optimization.trials[1].coefficient[9],-0.03
births[16].optimization.trials[1].coefficient[10],-0.03
births[16].optimization.trials[1].coefficient[11],0.03
births[16].optimization.trials[1].coefficient[12],-0.03
births[16].optimization.trials[1].coefficient[13],-0.014020542942787595
births[16].optimization.trials[1].coefficient[14],-0.03
births[16].optimization.trials[1].coefficient[15],-0.015
births[16].optimization.trials[1].coefficient[16],-0.015
births[16].optimization.trials[1].timing.signature.config_digest,62ca4976cb787bbdbc3fd85b82677cf3aaa45a383158d798e34cfdd3b30c3861
births[16].optimization.trials[1].timing.signature.field_digest,11162da077d54597700e705723b34acb147f47c44095818ea0b0ecb554a3fc55
births[16].optimization.trials[1].timing.signature.count,16777216
births[16].optimization.trials[1].timing.signature.seed,101
births[16].optimization.trials[1].timing.signature.operator_version,v0817_CURRENT_fixed_measure_C3
births[16].optimization.trials[1].timing.signature.shape[0],4
births[16].optimization.trials[1].timing.signature.shape[1],1080
births[16].optimization.trials[1].timing.signature.shape[2],1920
births[16].optimization.trials[1].timing.signature.shape[3],3
births[16].optimization.trials[1].timing.signature.dtype,float32
births[16].optimization.trials[1].timing.signature.source_digest,e9a0305b3ed0de34bf755a1f588cd96b3f0913d79827dc0c89908e88e8dfbd53
births[16].optimization.trials[1].timing.signature.centers,f5c742d4c9843f006beeccf37a24c46d744f733db41f4318bd57d35aa057225c
births[16].optimization.trials[1].timing.signature.radii,2bcebbe648539ab202f3330f690f38d90b42b0e763b58806e95d4aa659a789a8
births[16].optimization.trials[1].timing.signature.coefficients,0a81e142d1f4d8a52f7d566f6669c88af8a5e77fcb915e90b94469c5de9af3f7
births[16].optimization.trials[1].timing.source_seconds,62.543790626106784
births[16].optimization.trials[1].timing.transport_seconds,525.3340442930348
births[16].optimization.trials[1].timing.detector_seconds,81.03904023114592
births[16].optimization.trials[1].timing.total_seconds,668.9585606700275
births[16].optimization.trials[1].timing.peak_cuda_allocated_mib,566.89404296875
births[16].optimization.trials[1].timing.peak_cuda_reserved_mib,9514.0
births[16].optimization.trials[1].timing.cpu_rss_peak_mib,9754.1328125
births[16].optimization.trials[1].timing.energy_accounting[0].view,0
births[16].optimization.trials[1].timing.energy_accounting[0].input_energy,0.5805781160720228
births[16].optimization.trials[1].timing.energy_accounting[0].detected_energy,0.5805778454495946
births[16].optimization.trials[1].timing.energy_accounting[0].relative_energy_difference,4.6612578179044194e-07
births[16].optimization.trials[1].timing.energy_accounting[0].projected_count_sum,16777169.589154704
births[16].optimization.trials[1].timing.energy_accounting[0].boundary_checked,True
births[16].optimization.trials[1].timing.energy_accounting[0].boundary_lost_energy,0.0
births[16].optimization.trials[1].timing.energy_accounting[0].expected_in_window_energy,0.5805781160720228
births[16].optimization.trials[1].timing.energy_accounting[0].numerical_energy_relative_error,4.6612578179044194e-07
births[16].optimization.trials[1].timing.energy_accounting[1].view,1
births[16].optimization.trials[1].timing.energy_accounting[1].input_energy,0.4428312900524086
births[16].optimization.trials[1].timing.energy_accounting[1].detected_energy,0.4428310602697483
births[16].optimization.trials[1].timing.energy_accounting[1].relative_energy_difference,5.188943633962401e-07
births[16].optimization.trials[1].timing.energy_accounting[1].projected_count_sum,16777169.67276133
births[16].optimization.trials[1].timing.energy_accounting[1].boundary_checked,True
births[16].optimization.trials[1].timing.energy_accounting[1].boundary_lost_energy,0.0
births[16].optimization.trials[1].timing.energy_accounting[1].expected_in_window_energy,0.4428312900524086
births[16].optimization.trials[1].timing.energy_accounting[1].numerical_energy_relative_error,5.188943633962401e-07
births[16].optimization.trials[1].timing.energy_accounting[2].view,2
births[16].optimization.trials[1].timing.energy_accounting[2].input_energy,0.5399062549644408
births[16].optimization.trials[1].timing.energy_accounting[2].detected_energy,0.5399059939111281
births[16].optimization.trials[1].timing.energy_accounting[2].relative_energy_difference,4.835159997371751e-07
births[16].optimization.trials[1].timing.energy_accounting[2].projected_count_sum,16777169.203520156
births[16].optimization.trials[1].timing.energy_accounting[2].boundary_checked,True
births[16].optimization.trials[1].timing.energy_accounting[2].boundary_lost_energy,0.0
births[16].optimization.trials[1].timing.energy_accounting[2].expected_in_window_energy,0.5399062549644408
births[16].optimization.trials[1].timing.energy_accounting[2].numerical_energy_relative_error,4.835159997371751e-07
births[16].optimization.trials[1].timing.energy_accounting[3].view,3
births[16].optimization.trials[1].timing.energy_accounting[3].input_energy,0.45717319601775436
births[16].optimization.trials[1].timing.energy_accounting[3].detected_energy,0.45717296393783935
births[16].optimization.trials[1].timing.energy_accounting[3].relative_energy_difference,5.076411238224509e-07
births[16].optimization.trials[1].timing.energy_accounting[3].projected_count_sum,16777169.177297326
births[16].optimization.trials[1].timing.energy_accounting[3].boundary_checked,True
births[16].optimization.trials[1].timing.energy_accounting[3].boundary_lost_energy,0.0
births[16].optimization.trials[1].timing.energy_accounting[3].expected_in_window_energy,0.45717319601775436
births[16].optimization.trials[1].timing.energy_accounting[3].numerical_energy_relative_error,5.076411238224509e-07
births[16].optimization.trials[1].timing.root_failures,0
births[16].optimization.trials[1].timing.attachment_residual_max,6.748853591861254e-16
births[16].optimization.trials[1].timing.maximum_displacement,0.020902719304232688
births[16].optimization.trials[1].timing.image_digest,4c2ebb7a6b7d2fcd779d47f442183a6b96e444bcdb446f9b2c84abee0bc11ee8
births[16].optimization.trials[1].timing.state_persisted,False
births[16].optimization.trials[1].finite,True
births[16].optimization.trials[2].alpha,0.25
births[16].optimization.trials[2].loss,0.06218868812896776
births[16].optimization.trials[2].coefficient[0],-0.03
births[16].optimization.trials[2].coefficient[1],-0.03
births[16].optimization.trials[2].coefficient[2],0.03
births[16].optimization.trials[2].coefficient[3],-0.015
births[16].optimization.trials[2].coefficient[4],-0.03
births[16].optimization.trials[2].coefficient[5],-0.03
births[16].optimization.trials[2].coefficient[6],-0.03
births[16].optimization.trials[2].coefficient[7],-0.03
births[16].optimization.trials[2].coefficient[8],-0.03
births[16].optimization.trials[2].coefficient[9],-0.03
births[16].optimization.trials[2].coefficient[10],-0.03
births[16].optimization.trials[2].coefficient[11],0.03
births[16].optimization.trials[2].coefficient[12],-0.03
births[16].optimization.trials[2].coefficient[13],-0.022010271471393797
births[16].optimization.trials[2].coefficient[14],-0.03
births[16].optimization.trials[2].coefficient[15],-0.0075
births[16].optimization.trials[2].coefficient[16],-0.0075
births[16].optimization.trials[2].timing.signature.config_digest,62ca4976cb787bbdbc3fd85b82677cf3aaa45a383158d798e34cfdd3b30c3861
births[16].optimization.trials[2].timing.signature.field_digest,11162da077d54597700e705723b34acb147f47c44095818ea0b0ecb554a3fc55
births[16].optimization.trials[2].timing.signature.count,16777216
births[16].optimization.trials[2].timing.signature.seed,101
births[16].optimization.trials[2].timing.signature.operator_version,v0817_CURRENT_fixed_measure_C3
births[16].optimization.trials[2].timing.signature.shape[0],4
births[16].optimization.trials[2].timing.signature.shape[1],1080
births[16].optimization.trials[2].timing.signature.shape[2],1920
births[16].optimization.trials[2].timing.signature.shape[3],3
births[16].optimization.trials[2].timing.signature.dtype,float32
births[16].optimization.trials[2].timing.signature.source_digest,e9a0305b3ed0de34bf755a1f588cd96b3f0913d79827dc0c89908e88e8dfbd53
births[16].optimization.trials[2].timing.signature.centers,f5c742d4c9843f006beeccf37a24c46d744f733db41f4318bd57d35aa057225c
births[16].optimization.trials[2].timing.signature.radii,2bcebbe648539ab202f3330f690f38d90b42b0e763b58806e95d4aa659a789a8
births[16].optimization.trials[2].timing.signature.coefficients,18ba2a9fdae51457ee72ed1882bac196792c9e5f8307f75eba3e7c3390d4d71c
births[16].optimization.trials[2].timing.source_seconds,60.56338748894632
births[16].optimization.trials[2].timing.transport_seconds,523.2410849828739
births[16].optimization.trials[2].timing.detector_seconds,81.25878992304206
births[16].optimization.trials[2].timing.total_seconds,665.1061719839927
births[16].optimization.trials[2].timing.peak_cuda_allocated_mib,567.4375
births[16].optimization.trials[2].timing.peak_cuda_reserved_mib,9514.0
births[16].optimization.trials[2].timing.cpu_rss_peak_mib,9754.1328125
births[16].optimization.trials[2].timing.energy_accounting[0].view,0
births[16].optimization.trials[2].timing.energy_accounting[0].input_energy,0.580581121128516
births[16].optimization.trials[2].timing.energy_accounting[0].detected_energy,0.5805808505444574
births[16].optimization.trials[2].timing.energy_accounting[0].relative_energy_difference,4.660572808115815e-07
births[16].optimization.trials[2].timing.energy_accounting[0].projected_count_sum,16777169.496559756
births[16].optimization.trials[2].timing.energy_accounting[0].boundary_checked,True
births[16].optimization.trials[2].timing.energy_accounting[0].boundary_lost_energy,0.0
births[16].optimization.trials[2].timing.energy_accounting[0].expected_in_window_energy,0.580581121128516
births[16].optimization.trials[2].timing.energy_accounting[0].numerical_energy_relative_error,4.660572808115815e-07
births[16].optimization.trials[2].timing.energy_accounting[1].view,1
births[16].optimization.trials[2].timing.energy_accounting[1].input_energy,0.44304655648863883
births[16].optimization.trials[2].timing.energy_accounting[1].detected_energy,0.4430463262894319
births[16].optimization.trials[2].timing.energy_accounting[1].relative_energy_difference,5.195824311176967e-07
births[16].optimization.trials[2].timing.energy_accounting[1].projected_count_sum,16777169.704047877
births[16].optimization.trials[2].timing.energy_accounting[1].boundary_checked,True
births[16].optimization.trials[2].timing.energy_accounting[1].boundary_lost_energy,0.0
births[16].optimization.trials[2].timing.energy_accounting[1].expected_in_window_energy,0.44304655648863883
births[16].optimization.trials[2].timing.energy_accounting[1].numerical_energy_relative_error,5.195824311176967e-07
births[16].optimization.trials[2].timing.energy_accounting[2].view,2
births[16].optimization.trials[2].timing.energy_accounting[2].input_energy,0.5394892215712193
births[16].optimization.trials[2].timing.energy_accounting[2].detected_energy,0.5394889605746367
births[16].optimization.trials[2].timing.energy_accounting[2].relative_energy_difference,4.837846098356962e-07
births[16].optimization.trials[2].timing.energy_accounting[2].projected_count_sum,16777169.188488709
births[16].optimization.trials[2].timing.energy_accounting[2].boundary_checked,True
births[16].optimization.trials[2].timing.energy_accounting[2].boundary_lost_energy,0.0
births[16].optimization.trials[2].timing.energy_accounting[2].expected_in_window_energy,0.5394892215712193
births[16].optimization.trials[2].timing.energy_accounting[2].numerical_energy_relative_error,4.837846098356962e-07
births[16].optimization.trials[2].timing.energy_accounting[3].view,3
births[16].optimization.trials[2].timing.energy_accounting[3].input_energy,0.4571781941514739
births[16].optimization.trials[2].timing.energy_accounting[3].detected_energy,0.45717796231144087
births[16].optimization.trials[2].timing.energy_accounting[3].relative_energy_difference,5.071108727978862e-07
births[16].optimization.trials[2].timing.energy_accounting[3].projected_count_sum,16777169.118315663
births[16].optimization.trials[2].timing.energy_accounting[3].boundary_checked,True
births[16].optimization.trials[2].timing.energy_accounting[3].boundary_lost_energy,0.0
births[16].optimization.trials[2].timing.energy_accounting[3].expected_in_window_energy,0.4571781941514739
births[16].optimization.trials[2].timing.energy_accounting[3].numerical_energy_relative_error,5.071108727978862e-07
births[16].optimization.trials[2].timing.root_failures,0
births[16].optimization.trials[2].timing.attachment_residual_max,6.661338147750939e-16
births[16].optimization.trials[2].timing.maximum_displacement,0.02424637547072266
births[16].optimization.trials[2].timing.image_digest,6b078a1047c60df76c1a5e21105099ce8ecfc5a6ee05e139a8d26a6056e01d47
births[16].optimization.trials[2].timing.state_persisted,False
births[16].optimization.trials[2].finite,True
births[16].optimization.trials[3].alpha,0.125
births[16].optimization.trials[3].loss,0.06218431937940058
births[16].optimization.trials[3].coefficient[0],-0.03
births[16].optimization.trials[3].coefficient[1],-0.03
births[16].optimization.trials[3].coefficient[2],0.03
births[16].optimization.trials[3].coefficient[3],-0.0225
births[16].optimization.trials[3].coefficient[4],-0.03
births[16].optimization.trials[3].coefficient[5],-0.03
births[16].optimization.trials[3].coefficient[6],-0.03
births[16].optimization.trials[3].coefficient[7],-0.03
births[16].optimization.trials[3].coefficient[8],-0.03
births[16].optimization.trials[3].coefficient[9],-0.03
births[16].optimization.trials[3].coefficient[10],-0.03
births[16].optimization.trials[3].coefficient[11],0.03
births[16].optimization.trials[3].coefficient[12],-0.03
births[16].optimization.trials[3].coefficient[13],-0.026005135735696898
births[16].optimization.trials[3].coefficient[14],-0.03
births[16].optimization.trials[3].coefficient[15],-0.00375
births[16].optimization.trials[3].coefficient[16],-0.00375
births[16].optimization.trials[3].timing.signature.config_digest,62ca4976cb787bbdbc3fd85b82677cf3aaa45a383158d798e34cfdd3b30c3861
births[16].optimization.trials[3].timing.signature.field_digest,11162da077d54597700e705723b34acb147f47c44095818ea0b0ecb554a3fc55
births[16].optimization.trials[3].timing.signature.count,16777216
births[16].optimization.trials[3].timing.signature.seed,101
births[16].optimization.trials[3].timing.signature.operator_version,v0817_CURRENT_fixed_measure_C3
births[16].optimization.trials[3].timing.signature.shape[0],4
births[16].optimization.trials[3].timing.signature.shape[1],1080
births[16].optimization.trials[3].timing.signature.shape[2],1920
births[16].optimization.trials[3].timing.signature.shape[3],3
births[16].optimization.trials[3].timing.signature.dtype,float32
births[16].optimization.trials[3].timing.signature.source_digest,e9a0305b3ed0de34bf755a1f588cd96b3f0913d79827dc0c89908e88e8dfbd53
births[16].optimization.trials[3].timing.signature.centers,f5c742d4c9843f006beeccf37a24c46d744f733db41f4318bd57d35aa057225c
births[16].optimization.trials[3].timing.signature.radii,2bcebbe648539ab202f3330f690f38d90b42b0e763b58806e95d4aa659a789a8
births[16].optimization.trials[3].timing.signature.coefficients,86b9b8a803f882e38917764f2f79b6377faee5830bc3544a77dc4d7a91808e05
births[16].optimization.trials[3].timing.source_seconds,61.098817229038104
births[16].optimization.trials[3].timing.transport_seconds,520.4764046489727
births[16].optimization.trials[3].timing.detector_seconds,81.2545751889702
births[16].optimization.trials[3].timing.total_seconds,662.8710395439994
births[16].optimization.trials[3].timing.peak_cuda_allocated_mib,567.43359375
births[16].optimization.trials[3].timing.peak_cuda_reserved_mib,9514.0
births[16].optimization.trials[3].timing.cpu_rss_peak_mib,9754.1328125
births[16].optimization.trials[3].timing.energy_accounting[0].view,0
births[16].optimization.trials[3].timing.energy_accounting[0].input_energy,0.5805797056796179
births[16].optimization.trials[3].timing.energy_accounting[0].detected_energy,0.5805794350659436
births[16].optimization.trials[3].timing.energy_accounting[0].relative_energy_difference,4.661094277162387e-07
births[16].optimization.trials[3].timing.energy_accounting[0].projected_count_sum,16777169.430397674
births[16].optimization.trials[3].timing.energy_accounting[0].boundary_checked,True
births[16].optimization.trials[3].timing.energy_accounting[0].boundary_lost_energy,0.0
births[16].optimization.trials[3].timing.energy_accounting[0].expected_in_window_energy,0.5805797056796179
births[16].optimization.trials[3].timing.energy_accounting[0].numerical_energy_relative_error,4.661094277162387e-07
births[16].optimization.trials[3].timing.energy_accounting[1].view,1
births[16].optimization.trials[3].timing.energy_accounting[1].input_energy,0.44315467864915586
births[16].optimization.trials[3].timing.energy_accounting[1].detected_energy,0.4431544484511574
births[16].optimization.trials[3].timing.energy_accounting[1].relative_energy_difference,5.194529349044188e-07
births[16].optimization.trials[3].timing.energy_accounting[1].projected_count_sum,16777169.725030238
births[16].optimization.trials[3].timing.energy_accounting[1].boundary_checked,True
births[16].optimization.trials[3].timing.energy_accounting[1].boundary_lost_energy,0.0
births[16].optimization.trials[3].timing.energy_accounting[1].expected_in_window_energy,0.44315467864915586
births[16].optimization.trials[3].timing.energy_accounting[1].numerical_energy_relative_error,5.194529349044188e-07
births[16].optimization.trials[3].timing.energy_accounting[2].view,2
births[16].optimization.trials[3].timing.energy_accounting[2].input_energy,0.5392749897462074
births[16].optimization.trials[3].timing.energy_accounting[2].detected_energy,0.5392747288296922
births[16].optimization.trials[3].timing.energy_accounting[2].relative_energy_difference,4.838283253114167e-07
births[16].optimization.trials[3].timing.energy_accounting[2].projected_count_sum,16777169.161332095
births[16].optimization.trials[3].timing.energy_accounting[2].boundary_checked,True
births[16].optimization.trials[3].timing.energy_accounting[2].boundary_lost_energy,0.0
births[16].optimization.trials[3].timing.energy_accounting[2].expected_in_window_energy,0.5392749897462074
births[16].optimization.trials[3].timing.energy_accounting[2].numerical_energy_relative_error,4.838283253114167e-07
births[16].optimization.trials[3].timing.energy_accounting[3].view,3
births[16].optimization.trials[3].timing.energy_accounting[3].input_energy,0.4571829730729959
births[16].optimization.trials[3].timing.energy_accounting[3].detected_energy,0.45718274121952196
births[16].optimization.trials[3].timing.energy_accounting[3].relative_energy_difference,5.071349712816911e-07
births[16].optimization.trials[3].timing.energy_accounting[3].projected_count_sum,16777169.061808594
births[16].optimization.trials[3].timing.energy_accounting[3].boundary_checked,True
births[16].optimization.trials[3].timing.energy_accounting[3].boundary_lost_energy,0.0
births[16].optimization.trials[3].timing.energy_accounting[3].expected_in_window_energy,0.4571829730729959
births[16].optimization.trials[3].timing.energy_accounting[3].numerical_energy_relative_error,5.071349712816911e-07
births[16].optimization.trials[3].timing.root_failures,0
births[16].optimization.trials[3].timing.attachment_residual_max,6.802284430174055e-16
births[16].optimization.trials[3].timing.maximum_displacement,0.025908910130981032
births[16].optimization.trials[3].timing.image_digest,802c3359680ef87799f64a3da8eade3569df1dacf96957c709d41b4c38aa2954
births[16].optimization.trials[3].timing.state_persisted,False
births[16].optimization.trials[3].finite,True
births[16].optimization.realized_gain,0.0
births[16].optimization.coefficient_limit_hits,16
births[16].optimization.seconds,2759.737286895979
births[16].observation.whole_image_mse,0.12435990949717078
births[16].observation.foreground_mse,0.14941584549413936
births[16].observation.interior_gt8px_mse,0.13106125966546672
births[16].observation.silhouette_0_8px_mse,0.35924721672600113
births[16].observation.foreground_mean_brightness,0.5123327490425525
births[16].observation.edge_sharpness,0.00607936626284033
births[16].observation.reference_edge_sharpness,0.09199675652077396
births[16].observation.edge_sharpness_ratio,0.06608239782309648
births[16].observation.thin_feature_response_ratio,0.017798451250171623
births[16].observation.per_view[0].gradient_magnitude_ratio,0.274516153761168
births[16].observation.per_view[0].gradient_cosine,0.0033989123462684658
births[16].observation.per_view[0].reference_aligned_gradient_energy,98.03455417277276
births[16].observation.per_view[0].unmatched_gradient_energy,360.1371248168838
births[16].observation.per_view[0].excess_hf_weak_reference,0.00019770271416024495
births[16].observation.per_view[0].gradient_squared_error,0.0015737533560899323
births[16].observation.per_view[0].weak_reference_pixels,1624532
births[16].observation.per_view[1].gradient_magnitude_ratio,0.2735418725703351
births[16].observation.per_view[1].gradient_cosine,0.0014183129075558106
births[16].observation.per_view[1].reference_aligned_gradient_energy,59.26245983709951
births[16].observation.per_view[1].unmatched_gradient_energy,375.35300984250813
births[16].observation.per_view[1].excess_hf_weak_reference,0.00020505440003599595
births[16].observation.per_view[1].gradient_squared_error,0.0015042733222331635
births[16].observation.per_view[1].weak_reference_pixels,1644948
births[16].observation.per_view[2].gradient_magnitude_ratio,0.2746373977998682
births[16].observation.per_view[2].gradient_cosine,0.006392554477077432
births[16].observation.per_view[2].reference_aligned_gradient_energy,91.5516355548721
births[16].observation.per_view[2].unmatched_gradient_energy,373.35382259329435
births[16].observation.per_view[2].excess_hf_weak_reference,0.00021635464080695205
births[16].observation.per_view[2].gradient_squared_error,0.0015931271247998037
births[16].observation.per_view[2].weak_reference_pixels,1561449
births[16].observation.per_view[3].gradient_magnitude_ratio,0.3110665332367456
births[16].observation.per_view[3].gradient_cosine,0.006398675588207492
births[16].observation.per_view[3].reference_aligned_gradient_energy,39.35305036071221
births[16].observation.per_view[3].unmatched_gradient_energy,391.5892893584718
births[16].observation.per_view[3].excess_hf_weak_reference,0.00022847017034184551
births[16].observation.per_view[3].gradient_squared_error,0.0011735212692590314
births[16].observation.per_view[3].weak_reference_pixels,1668420
births[16].observation.gradient_magnitude_ratio,0.28344048934202926
births[16].observation.gradient_cosine,0.0044021138297773
births[16].observation.reference_aligned_gradient_energy,72.05042498136415
births[16].observation.unmatched_gradient_energy,375.10831165278955
births[16].observation.excess_hf_weak_reference,0.00021189548133625962
births[16].observation.gradient_squared_error,0.0014611687680954827
births[16].observation.weak_reference_pixels,1624837.25
births[16].observation.loss,0.06217993477992545
births[16].observation.detected_energy,6283272.789924025
births[16].observation.relative_rgb_l2,0.8197050585928884
births[16].observation.per_view_mse[0],0.14653890130078376
births[16].observation.per_view_mse[1],0.11736368875906145
births[16].observation.per_view_mse[2],0.13067541703920393
births[16].observation.per_view_mse[3],0.10286147114035518
births[16].observation.foreground_mask_iou[0],0.5580541210991643
births[16].observation.foreground_mask_iou[1],0.5431185652607107
births[16].observation.foreground_mask_iou[2],0.6110729800313306
births[16].observation.foreground_mask_iou[3],0.5996370639645493
births[16].observation.squared_image_energy,4374707.1875
births[16].geometry.symmetric_chamfer,0.2377773976306672
births[16].geometry.point_to_surface_mean,0.2659588244772939
births[16].geometry.point_to_surface_p95,0.5958714387682017
births[16].geometry.surface_rms,0.3279407034460874
births[16].geometry.normal_consistency,0.7014917975364203
births[16].geometry.normal_error,0.2985082024635797
births[16].geometry.regional_ear_p2s_mean,0.3356614433531814
births[16].geometry.regional_head_p2s_mean,0.19497305782089344
births[16].geometry.regional_leg_p2s_mean,0.07951765131979663
births[16].geometry.regional_torso_p2s_mean,0.2980918281026277
births[16].geometry.bounds[0][0],-0.9999213884461601
births[16].geometry.bounds[0][1],-0.9999213884461601
births[16].geometry.bounds[0][2],-0.999336789688974
births[16].geometry.bounds[1][0],1.0020892449145047
births[16].geometry.bounds[1][1],1.0008261626621462
births[16].geometry.bounds[1][2],0.999930212632665
births[16].geometry.surface_area,12.593764874657218
births[16].geometry.components,1
births[16].geometry.maximum_outward_from_unit_sphere,0.027442667817781485
births[16].geometry.maximum_inward_from_unit_sphere,0.007568205540274042
births[16].geometry.radial_deviation_p95,0.007280106004633709
births[16].geometry.gt_extends_outside_unit_sphere,True
births[16].geometry.gt_max_radius,1.5736361939753005
births[16].geometry.source_coverage_distance_p95,0.013369012403393318
births[16].geometry.source_coverage_distance_max,0.024447468215249766
births[16].geometry.source_coverage_samples,65536
births[16].geometry.geometry_seconds,0.5735078770667315
births[16].geometry.geometry_path,runs/v090_matched_birth/geometry/globe_birth17.ply
births[16].geometry.geometry_target,"MC approximation of prepared.gt_field, evaluation only; existing P2S/Chamfer definitions. Current normals updated at every evaluation."
births[16].scoring_seconds,347.42023591906764
births[16].total_seconds,3114.777305311989
births[16].peak_cuda_allocated_mib,2901.78125
births[16].peak_cuda_reserved_mib,9514.0
births[16].cpu_rss_peak_mib,9754.1328125
births[16].image_path,
births[16].checkpoint_image,runs/v090_matched_birth/globe_checkpoint17.npy
births[17].round,18
births[17].deterministic_id,GLOBE:18:20
births[17].center[0],0.41631243871518575
births[17].center[1],0.6592877764945416
births[17].center[2],-0.6315858556035571
births[17].radius,0.31819805153394637
births[17].proposal_source_id,3768108
births[17].zero_set_residual_at_birth,5.551115123125783e-17
births[17].selected_rank,1
births[17].candidate_bank_size,32
births[17].responsive_fraction,1.0
births[17].predicted_gain,0.00020217611639277913
births[17].alignment,0.0020325003431152047
births[17].jacobian_norm,0.10107612395150851
births[17].affected_views,2
births[17].affected_pixels,109254
births[17].coefficient,-0.03
births[17].active_dof_count,18
births[17].born_dof_count,18
births[17].accepted_births,13
births[17].initialized_at_zero,True
births[17].birth_image_jump,0.0
births[17].birth_source_count_change,0
births[17].birth_source_mass_change,0.0
births[17].source_count,16777216
births[17].source_weight_digest,e8a23943d73928dce091768b7789dedd1390b88a2ee2ef22b4e84ad52b924711
births[17].coefficients[0],-0.03
births[17].coefficients[1],-0.03
births[17].coefficients[2],0.03
births[17].coefficients[3],0.03
births[17].coefficients[4],-0.03
births[17].coefficients[5],-0.03
births[17].coefficients[6],-0.03
births[17].coefficients[7],-0.03
births[17].coefficients[8],-0.03
births[17].coefficients[9],-0.03
births[17].coefficients[10],-0.03
births[17].coefficients[11],0.03
births[17].coefficients[12],-0.03
births[17].coefficients[13],0.0019589171498390692
births[17].coefficients[14],-0.03
births[17].coefficients[15],-0.03
births[17].coefficients[16],-0.03
births[17].coefficients[17],-0.03
births[17].centers[0][0],-0.07351842161138195
births[17].centers[0][1],0.6811820444435563
births[17].centers[0][2],-0.728413388133049
births[17].centers[1][0],0.6720258443143237
births[17].centers[1][1],0.5230814425100977
births[17].centers[1][2],-0.5241822861135006
births[17].centers[2][0],0.12062150794935045
births[17].centers[2][1],0.2665257085036449
births[17].centers[2][2],-0.9562502279877663
births[17].centers[3][0],0.6105258360802454
births[17].centers[3][1],0.566767707400702
births[17].centers[3][2],-0.5728702979286703
births[17].centers[4][0],0.13361574155036657
births[17].centers[4][1],0.8868378640189128
births[17].centers[4][2],0.44234086014330387
births[17].centers[5][0],0.9348412718678133
births[17].centers[5][1],0.17414060480910115
births[17].centers[5][2],0.3094298727810383
births[17].centers[6][0],0.10765130760785846
births[17].centers[6][1],0.37381169381516527
births[17].centers[6][2],-0.931612583191458
births[17].centers[7][0],0.27660040085736426
births[17].centers[7][1],0.08849992431230631
births[17].centers[7][2],0.9569012392312288
births[17].centers[8][0],0.3656402470898519
births[17].centers[8][1],0.2420315947952902
births[17].centers[8][2],-0.8976672496030755
births[17].centers[9][0],0.5042942542486878
births[17].centers[9][1],0.23319429282205392
births[17].centers[9][2],-0.8353174314302868
births[17].centers[10][0],0.9657880199999013
births[17].centers[10][1],-0.004972121226871936
births[17].centers[10][2],-0.25928512960672373
births[17].centers[11][0],0.43033766896540854
births[17].centers[11][1],0.29701592496651535
births[17].centers[11][2],-0.8738539169153484
births[17].centers[12][0],-0.0653798551048776
births[17].centers[12][1],0.9759003052447783
births[17].centers[12][2],0.21019734664427175
births[17].centers[13][0],0.8324638153056917
births[17].centers[13][1],-0.34735399393431043
births[17].centers[13][2],-0.43169664065837554
births[17].centers[14][0],0.874068110421238
births[17].centers[14][1],-0.31556807010319615
births[17].centers[14][2],-0.4033349792463196
births[17].centers[15][0],0.5186546030900402
births[17].centers[15][1],0.6470575646401505
births[17].centers[15][2],-0.5808165515816515
births[17].centers[16][0],0.3437081446947666
births[17].centers[16][1],0.22807555224954393
births[17].centers[16][2],0.9139377755375496
births[17].centers[17][0],0.41631243871518575
births[17].centers[17][1],0.6592877764945416
births[17].centers[17][2],-0.6315858556035571
births[17].radii[0],0.45
births[17].radii[1],0.45
births[17].radii[2],0.45
births[17].radii[3],0.45
births[17].radii[4],0.45
births[17].radii[5],0.45
births[17].radii[6],0.45
births[17].radii[7],0.31819805153394637
births[17].radii[8],0.31819805153394637
births[17].radii[9],0.45
births[17].radii[10],0.45
births[17].radii[11],0.45
births[17].radii[12],0.31819805153394637
births[17].radii[13],0.45
births[17].radii[14],0.31819805153394637
births[17].radii[15],0.45
births[17].radii[16],0.45
births[17].radii[17],0.31819805153394637
births[17].realized_gain,4.6484731708734683e-05
births[17].optimization.accepted,True
births[17].optimization.linear_solver_failures,0
births[17].optimization.line_search_failures,0
births[17].optimization.trials[0].alpha,1.0
births[17].optimization.trials[0].loss,0.062133450048216715
births[17].optimization.trials[0].coefficient[0],-0.03
births[17].optimization.trials[0].coefficient[1],-0.03
births[17].optimization.trials[0].coefficient[2],0.03
births[17].optimization.trials[0].coefficient[3],0.03
births[17].optimization.trials[0].coefficient[4],-0.03
births[17].optimization.trials[0].coefficient[5],-0.03
births[17].optimization.trials[0].coefficient[6],-0.03
births[17].optimization.trials[0].coefficient[7],-0.03
births[17].optimization.trials[0].coefficient[8],-0.03
births[17].optimization.trials[0].coefficient[9],-0.03
births[17].optimization.trials[0].coefficient[10],-0.03
births[17].optimization.trials[0].coefficient[11],0.03
births[17].optimization.trials[0].coefficient[12],-0.03
births[17].optimization.trials[0].coefficient[13],0.0019589171498390692
births[17].optimization.trials[0].coefficient[14],-0.03
births[17].optimization.trials[0].coefficient[15],-0.03
births[17].optimization.trials[0].coefficient[16],-0.03
births[17].optimization.trials[0].coefficient[17],-0.03
births[17].optimization.trials[0].timing.signature.config_digest,62ca4976cb787bbdbc3fd85b82677cf3aaa45a383158d798e34cfdd3b30c3861
births[17].optimization.trials[0].timing.signature.field_digest,11162da077d54597700e705723b34acb147f47c44095818ea0b0ecb554a3fc55
births[17].optimization.trials[0].timing.signature.count,16777216
births[17].optimization.trials[0].timing.signature.seed,101
births[17].optimization.trials[0].timing.signature.operator_version,v0817_CURRENT_fixed_measure_C3
births[17].optimization.trials[0].timing.signature.shape[0],4
births[17].optimization.trials[0].timing.signature.shape[1],1080
births[17].optimization.trials[0].timing.signature.shape[2],1920
births[17].optimization.trials[0].timing.signature.shape[3],3
births[17].optimization.trials[0].timing.signature.dtype,float32
births[17].optimization.trials[0].timing.signature.source_digest,e9a0305b3ed0de34bf755a1f588cd96b3f0913d79827dc0c89908e88e8dfbd53
births[17].optimization.trials[0].timing.signature.centers,e1dc0556b63ac25becd93b376cc84ef06afe40f0699a010684726d4feaf00fde
births[17].optimization.trials[0].timing.signature.radii,4c8f39df4bcdec3fa25e1c8422ab66dddbb0cd0b80e1c2fabd5e54ed5c1ece6c
births[17].optimization.trials[0].timing.signature.coefficients,4ed363915dc81102f5e2bdea421c9042f892398aa47f64a298bfac73ee4c4ee6
births[17].optimization.trials[0].timing.source_seconds,60.466954201925546
births[17].optimization.trials[0].timing.transport_seconds,524.7979143869597
births[17].optimization.trials[0].timing.detector_seconds,81.41239078412764
births[17].optimization.trials[0].timing.total_seconds,666.7192504310515
births[17].optimization.trials[0].timing.peak_cuda_allocated_mib,569.35791015625
births[17].optimization.trials[0].timing.peak_cuda_reserved_mib,11842.0
births[17].optimization.trials[0].timing.cpu_rss_peak_mib,9754.1328125
births[17].optimization.trials[0].timing.energy_accounting[0].view,0
births[17].optimization.trials[0].timing.energy_accounting[0].input_energy,0.5804211573525244
births[17].optimization.trials[0].timing.energy_accounting[0].detected_energy,0.5804208863746105
births[17].optimization.trials[0].timing.energy_accounting[0].relative_energy_difference,4.668642940609353e-07
births[17].optimization.trials[0].timing.energy_accounting[0].projected_count_sum,16777169.551063865
births[17].optimization.trials[0].timing.energy_accounting[0].boundary_checked,True
births[17].optimization.trials[0].timing.energy_accounting[0].boundary_lost_energy,0.0
births[17].optimization.trials[0].timing.energy_accounting[0].expected_in_window_energy,0.5804211573525244
births[17].optimization.trials[0].timing.energy_accounting[0].numerical_energy_relative_error,4.668642940609353e-07
births[17].optimization.trials[0].timing.energy_accounting[1].view,1
births[17].optimization.trials[0].timing.energy_accounting[1].input_energy,0.44241154788635406
births[17].optimization.trials[0].timing.energy_accounting[1].detected_energy,0.44241131846096143
births[17].optimization.trials[0].timing.energy_accounting[1].relative_energy_difference,5.185791232718974e-07
births[17].optimization.trials[0].timing.energy_accounting[1].projected_count_sum,16777169.593955606
births[17].optimization.trials[0].timing.energy_accounting[1].boundary_checked,True
births[17].optimization.trials[0].timing.energy_accounting[1].boundary_lost_energy,0.0
births[17].optimization.trials[0].timing.energy_accounting[1].expected_in_window_energy,0.44241154788635406
births[17].optimization.trials[0].timing.energy_accounting[1].numerical_energy_relative_error,5.185791232718974e-07
births[17].optimization.trials[0].timing.energy_accounting[2].view,2
births[17].optimization.trials[0].timing.energy_accounting[2].input_energy,0.5400409474192561
births[17].optimization.trials[0].timing.energy_accounting[2].detected_energy,0.5400406859292215
births[17].optimization.trials[0].timing.energy_accounting[2].relative_energy_difference,4.842040883658836e-07
births[17].optimization.trials[0].timing.energy_accounting[2].projected_count_sum,16777169.226955151
births[17].optimization.trials[0].timing.energy_accounting[2].boundary_checked,True
births[17].optimization.trials[0].timing.energy_accounting[2].boundary_lost_energy,0.0
births[17].optimization.trials[0].timing.energy_accounting[2].expected_in_window_energy,0.5400409474192561
births[17].optimization.trials[0].timing.energy_accounting[2].numerical_energy_relative_error,4.842040883658836e-07
births[17].optimization.trials[0].timing.energy_accounting[3].view,3
births[17].optimization.trials[0].timing.energy_accounting[3].input_energy,0.4571893096850747
births[17].optimization.trials[0].timing.energy_accounting[3].detected_energy,0.45718907759965477
births[17].optimization.trials[0].timing.energy_accounting[3].relative_energy_difference,5.0763527278813e-07
births[17].optimization.trials[0].timing.energy_accounting[3].projected_count_sum,16777169.338996632
births[17].optimization.trials[0].timing.energy_accounting[3].boundary_checked,True
births[17].optimization.trials[0].timing.energy_accounting[3].boundary_lost_energy,0.0
births[17].optimization.trials[0].timing.energy_accounting[3].expected_in_window_energy,0.4571893096850747
births[17].optimization.trials[0].timing.energy_accounting[3].numerical_energy_relative_error,5.0763527278813e-07
births[17].optimization.trials[0].timing.root_failures,0
births[17].optimization.trials[0].timing.attachment_residual_max,6.661338147750939e-16
births[17].optimization.trials[0].timing.maximum_displacement,0.021670312776307023
births[17].optimization.trials[0].timing.image_digest,77e8ed3174b7f6960506137d48fb806c32ae6a3d87663b02249eef10b1449a3f
births[17].optimization.trials[0].timing.state_persisted,False
births[17].optimization.trials[0].finite,True
births[17].optimization.realized_gain,4.6484731708734683e-05
births[17].optimization.coefficient_limit_hits,17
births[17].optimization.seconds,668.9205787880346
births[17].observation.whole_image_mse,0.1242669275856803
births[17].observation.foreground_mse,0.14928307165393273
births[17].observation.interior_gt8px_mse,0.13091804924671224
births[17].observation.silhouette_0_8px_mse,0.3597887778636756
births[17].observation.foreground_mean_brightness,0.5125869828371068
births[17].observation.edge_sharpness,0.0060704634979830245
births[17].observation.reference_edge_sharpness,0.09199675652077396
births[17].observation.edge_sharpness_ratio,0.06598562522812683
births[17].observation.thin_feature_response_ratio,0.017779425117725695
births[17].observation.per_view[0].gradient_magnitude_ratio,0.27619548979513237
births[17].observation.per_view[0].gradient_cosine,0.0033107023290238615
births[17].observation.per_view[0].reference_aligned_gradient_energy,97.99723117616789
births[17].observation.per_view[0].unmatched_gradient_energy,365.79726929647586
births[17].observation.per_view[0].excess_hf_weak_reference,0.00020119875350928031
births[17].observation.per_view[0].gradient_squared_error,0.001575163865354361
births[17].observation.per_view[0].weak_reference_pixels,1624532
births[17].observation.per_view[1].gradient_magnitude_ratio,0.2729304171435682
births[17].observation.per_view[1].gradient_cosine,0.0014373833457461047
births[17].observation.per_view[1].reference_aligned_gradient_energy,59.26318347916833
births[17].observation.per_view[1].unmatched_gradient_energy,373.4114427878818
births[17].observation.per_view[1].excess_hf_weak_reference,0.00020387408102351127
births[17].observation.per_view[1].gradient_squared_error,0.0015037931830191211
births[17].observation.per_view[1].weak_reference_pixels,1644948
births[17].observation.per_view[2].gradient_magnitude_ratio,0.27476317082027174
births[17].observation.per_view[2].gradient_cosine,0.006446727294340321
births[17].observation.per_view[2].reference_aligned_gradient_energy,91.49047562792282
births[17].observation.per_view[2].unmatched_gradient_energy,373.8408964940716
births[17].observation.per_view[2].excess_hf_weak_reference,0.0002167064069103513
births[17].observation.per_view[2].gradient_squared_error,0.001593183189452455
births[17].observation.per_view[2].weak_reference_pixels,1561449
births[17].observation.per_view[3].gradient_magnitude_ratio,0.3119429329659571
births[17].observation.per_view[3].gradient_cosine,0.006377103346592208
births[17].observation.per_view[3].reference_aligned_gradient_energy,39.353081477790006
births[17].observation.per_view[3].unmatched_gradient_energy,394.02095528755166
births[17].observation.per_view[3].excess_hf_weak_reference,0.00022992765552545325
births[17].observation.per_view[3].gradient_squared_error,0.0011741100247081465
births[17].observation.per_view[3].weak_reference_pixels,1668420
births[17].observation.gradient_magnitude_ratio,0.28395800268123234
births[17].observation.gradient_cosine,0.004392979078925624
births[17].observation.reference_aligned_gradient_energy,72.02599294026226
births[17].observation.unmatched_gradient_energy,376.76764096649526
births[17].observation.excess_hf_weak_reference,0.00021292672424214903
births[17].observation.gradient_squared_error,0.001461562565633521
births[17].observation.weak_reference_pixels,1624837.25
births[17].observation.loss,0.062133450048216715
births[17].observation.detected_energy,6283200.746411883
births[17].observation.relative_rgb_l2,0.8193986020650076
births[17].observation.per_view_mse[0],0.1462747630042918
births[17].observation.per_view_mse[1],0.11677540193009611
births[17].observation.per_view_mse[2],0.1310799541681314
births[17].observation.per_view_mse[3],0.10293748128321473
births[17].observation.foreground_mask_iou[0],0.5580904542436177
births[17].observation.foreground_mask_iou[1],0.5431191665218272
births[17].observation.foreground_mask_iou[2],0.611073634346705
births[17].observation.foreground_mask_iou[3],0.5996300437274266
births[17].observation.squared_image_energy,4376048.4375
births[17].geometry.symmetric_chamfer,0.2374830312031569
births[17].geometry.point_to_surface_mean,0.265379759298356
births[17].geometry.point_to_surface_p95,0.5946132542187338
births[17].geometry.surface_rms,0.3274929032972351
births[17].geometry.normal_consistency,0.7038703382774205
births[17].geometry.normal_error,0.2961296617225795
births[17].geometry.regional_ear_p2s_mean,0.33425278827304605
births[17].geometry.regional_head_p2s_mean,0.1897099238121721
births[17].geometry.regional_leg_p2s_mean,0.07933566629555644
births[17].geometry.regional_torso_p2s_mean,0.29891809154446597
births[17].geometry.bounds[0][0],-0.9999213884461601
births[17].geometry.bounds[0][1],-0.9999213884461601
births[17].geometry.bounds[0][2],-0.999336789688974
births[17].geometry.bounds[1][0],1.0020892449145047
births[17].geometry.bounds[1][1],1.0008261626621462
births[17].geometry.bounds[1][2],0.999934128095519
births[17].geometry.surface_area,12.591661447410752
births[17].geometry.components,1
births[17].geometry.maximum_outward_from_unit_sphere,0.021587011604546902
births[17].geometry.maximum_inward_from_unit_sphere,0.007568205540274042
births[17].geometry.radial_deviation_p95,0.0067949146001786455
births[17].geometry.gt_extends_outside_unit_sphere,True
births[17].geometry.gt_max_radius,1.5736361939753005
births[17].geometry.source_coverage_distance_p95,0.013276326003352623
births[17].geometry.source_coverage_distance_max,0.026326995808688407
births[17].geometry.source_coverage_samples,65536
births[17].geometry.geometry_seconds,0.5739239759277552
births[17].geometry.geometry_path,runs/v090_matched_birth/geometry/globe_birth18.ply
births[17].geometry.geometry_target,"MC approximation of prepared.gt_field, evaluation only; existing P2S/Chamfer definitions. Current normals updated at every evaluation."
births[17].scoring_seconds,322.69117597094737
births[17].total_seconds,999.3833169401623
births[17].peak_cuda_allocated_mib,2948.7197265625
births[17].peak_cuda_reserved_mib,11842.0
births[17].cpu_rss_peak_mib,9754.1328125
births[17].image_path,runs/v090_matched_birth/globe_birth18_trial0.npy
births[18].round,19
births[18].deterministic_id,GLOBE:19:7
births[18].center[0],-0.06048825746607583
births[18].center[1],0.6450916414259033
births[18].center[2],-0.7784891870902508
births[18].radius,0.45
births[18].proposal_source_id,16036932
births[18].zero_set_residual_at_birth,1.5265566588595902e-16
births[18].selected_rank,1
births[18].candidate_bank_size,32
births[18].responsive_fraction,1.0
births[18].predicted_gain,0.0005084286916336371
births[18].alignment,0.0035476866902513283
births[18].jacobian_norm,0.11125344837177865
births[18].affected_views,3
births[18].affected_pixels,174937
births[18].coefficient,-0.03
births[18].active_dof_count,19
births[18].born_dof_count,19
births[18].accepted_births,14
births[18].initialized_at_zero,True
births[18].birth_image_jump,0.0
births[18].birth_source_count_change,0
births[18].birth_source_mass_change,0.0
births[18].source_count,16777216
births[18].source_weight_digest,e8a23943d73928dce091768b7789dedd1390b88a2ee2ef22b4e84ad52b924711
births[18].coefficients[0],-0.03
births[18].coefficients[1],-0.03
births[18].coefficients[2],0.03
births[18].coefficients[3],0.03
births[18].coefficients[4],-0.03
births[18].coefficients[5],-0.03
births[18].coefficients[6],-0.03
births[18].coefficients[7],-0.03
births[18].coefficients[8],-0.03
births[18].coefficients[9],-0.03
births[18].coefficients[10],-0.03
births[18].coefficients[11],0.03
births[18].coefficients[12],-0.03
births[18].coefficients[13],-0.012085197242533624
births[18].coefficients[14],-0.03
births[18].coefficients[15],-0.03
births[18].coefficients[16],-0.03
births[18].coefficients[17],-0.03
births[18].coefficients[18],-0.03
births[18].centers[0][0],-0.07351842161138195
births[18].centers[0][1],0.6811820444435563
births[18].centers[0][2],-0.728413388133049
births[18].centers[1][0],0.6720258443143237
births[18].centers[1][1],0.5230814425100977
births[18].centers[1][2],-0.5241822861135006
births[18].centers[2][0],0.12062150794935045
births[18].centers[2][1],0.2665257085036449
births[18].centers[2][2],-0.9562502279877663
births[18].centers[3][0],0.6105258360802454
births[18].centers[3][1],0.566767707400702
births[18].centers[3][2],-0.5728702979286703
births[18].centers[4][0],0.13361574155036657
births[18].centers[4][1],0.8868378640189128
births[18].centers[4][2],0.44234086014330387
births[18].centers[5][0],0.9348412718678133
births[18].centers[5][1],0.17414060480910115
births[18].centers[5][2],0.3094298727810383
births[18].centers[6][0],0.10765130760785846
births[18].centers[6][1],0.37381169381516527
births[18].centers[6][2],-0.931612583191458
births[18].centers[7][0],0.27660040085736426
births[18].centers[7][1],0.08849992431230631
births[18].centers[7][2],0.9569012392312288
births[18].centers[8][0],0.3656402470898519
births[18].centers[8][1],0.2420315947952902
births[18].centers[8][2],-0.8976672496030755
births[18].centers[9][0],0.5042942542486878
births[18].centers[9][1],0.23319429282205392
births[18].centers[9][2],-0.8353174314302868
births[18].centers[10][0],0.9657880199999013
births[18].centers[10][1],-0.004972121226871936
births[18].centers[10][2],-0.25928512960672373
births[18].centers[11][0],0.43033766896540854
births[18].centers[11][1],0.29701592496651535
births[18].centers[11][2],-0.8738539169153484
births[18].centers[12][0],-0.0653798551048776
births[18].centers[12][1],0.9759003052447783
births[18].centers[12][2],0.21019734664427175
births[18].centers[13][0],0.8324638153056917
births[18].centers[13][1],-0.34735399393431043
births[18].centers[13][2],-0.43169664065837554
births[18].centers[14][0],0.874068110421238
births[18].centers[14][1],-0.31556807010319615
births[18].centers[14][2],-0.4033349792463196
births[18].centers[15][0],0.5186546030900402
births[18].centers[15][1],0.6470575646401505
births[18].centers[15][2],-0.5808165515816515
births[18].centers[16][0],0.3437081446947666
births[18].centers[16][1],0.22807555224954393
births[18].centers[16][2],0.9139377755375496
births[18].centers[17][0],0.41631243871518575
births[18].centers[17][1],0.6592877764945416
births[18].centers[17][2],-0.6315858556035571
births[18].centers[18][0],-0.06048825746607583
births[18].centers[18][1],0.6450916414259033
births[18].centers[18][2],-0.7784891870902508
births[18].radii[0],0.45
births[18].radii[1],0.45
births[18].radii[2],0.45
births[18].radii[3],0.45
births[18].radii[4],0.45
births[18].radii[5],0.45
births[18].radii[6],0.45
births[18].radii[7],0.31819805153394637
births[18].radii[8],0.31819805153394637
births[18].radii[9],0.45
births[18].radii[10],0.45
births[18].radii[11],0.45
births[18].radii[12],0.31819805153394637
births[18].radii[13],0.45
births[18].radii[14],0.31819805153394637
births[18].radii[15],0.45
births[18].radii[16],0.45
births[18].radii[17],0.31819805153394637
births[18].radii[18],0.45
births[18].realized_gain,0.00015962296818206045
births[18].optimization.accepted,True
births[18].optimization.linear_solver_failures,0
births[18].optimization.line_search_failures,0
births[18].optimization.trials[0].alpha,1.0
births[18].optimization.trials[0].loss,0.061973827080034655
births[18].optimization.trials[0].coefficient[0],-0.03
births[18].optimization.trials[0].coefficient[1],-0.03
births[18].optimization.trials[0].coefficient[2],0.03
births[18].optimization.trials[0].coefficient[3],0.03
births[18].optimization.trials[0].coefficient[4],-0.03
births[18].optimization.trials[0].coefficient[5],-0.03
births[18].optimization.trials[0].coefficient[6],-0.03
births[18].optimization.trials[0].coefficient[7],-0.03
births[18].optimization.trials[0].coefficient[8],-0.03
births[18].optimization.trials[0].coefficient[9],-0.03
births[18].optimization.trials[0].coefficient[10],-0.03
births[18].optimization.trials[0].coefficient[11],0.03
births[18].optimization.trials[0].coefficient[12],-0.03
births[18].optimization.trials[0].coefficient[13],-0.012085197242533624
births[18].optimization.trials[0].coefficient[14],-0.03
births[18].optimization.trials[0].coefficient[15],-0.03
births[18].optimization.trials[0].coefficient[16],-0.03
births[18].optimization.trials[0].coefficient[17],-0.03
births[18].optimization.trials[0].coefficient[18],-0.03
births[18].optimization.trials[0].timing.signature.config_digest,62ca4976cb787bbdbc3fd85b82677cf3aaa45a383158d798e34cfdd3b30c3861
births[18].optimization.trials[0].timing.signature.field_digest,11162da077d54597700e705723b34acb147f47c44095818ea0b0ecb554a3fc55
births[18].optimization.trials[0].timing.signature.count,16777216
births[18].optimization.trials[0].timing.signature.seed,101
births[18].optimization.trials[0].timing.signature.operator_version,v0817_CURRENT_fixed_measure_C3
births[18].optimization.trials[0].timing.signature.shape[0],4
births[18].optimization.trials[0].timing.signature.shape[1],1080
births[18].optimization.trials[0].timing.signature.shape[2],1920
births[18].optimization.trials[0].timing.signature.shape[3],3
births[18].optimization.trials[0].timing.signature.dtype,float32
births[18].optimization.trials[0].timing.signature.source_digest,e9a0305b3ed0de34bf755a1f588cd96b3f0913d79827dc0c89908e88e8dfbd53
births[18].optimization.trials[0].timing.signature.centers,8aa41e090ef9f2c6b5cff4d59c19f37b0bc1acc5ccaba916220bbf438f4cc89d
births[18].optimization.trials[0].timing.signature.radii,a035f92f105ac7d1e180ac6d7951ab60efce7691c3e3661454bd70791789cc71
births[18].optimization.trials[0].timing.signature.coefficients,bc8c92eedce4ee0e99369ec5263f7c5cc0f5ba12e901fcc73eaa83bf1742aee7
births[18].optimization.trials[0].timing.source_seconds,60.74300840892829
births[18].optimization.trials[0].timing.transport_seconds,524.2747773069423
births[18].optimization.trials[0].timing.detector_seconds,81.74164047511294
births[18].optimization.trials[0].timing.total_seconds,666.8026652010158
births[18].optimization.trials[0].timing.peak_cuda_allocated_mib,569.4208984375
births[18].optimization.trials[0].timing.peak_cuda_reserved_mib,14218.0
births[18].optimization.trials[0].timing.cpu_rss_peak_mib,9754.1328125
births[18].optimization.trials[0].timing.energy_accounting[0].view,0
births[18].optimization.trials[0].timing.energy_accounting[0].input_energy,0.5793045401499103
births[18].optimization.trials[0].timing.energy_accounting[0].detected_energy,0.57930427057783
births[18].optimization.trials[0].timing.energy_accounting[0].relative_energy_difference,4.6533742037475434e-07
births[18].optimization.trials[0].timing.energy_accounting[0].projected_count_sum,16777169.290120339
births[18].optimization.trials[0].timing.energy_accounting[0].boundary_checked,True
births[18].optimization.trials[0].timing.energy_accounting[0].boundary_lost_energy,0.0
births[18].optimization.trials[0].timing.energy_accounting[0].expected_in_window_energy,0.5793045401499103
births[18].optimization.trials[0].timing.energy_accounting[0].numerical_energy_relative_error,4.6533742037475434e-07
births[18].optimization.trials[0].timing.energy_accounting[1].view,1
births[18].optimization.trials[0].timing.energy_accounting[1].input_energy,0.442464275249762
births[18].optimization.trials[0].timing.energy_accounting[1].detected_energy,0.44246404500969105
births[18].optimization.trials[0].timing.energy_accounting[1].relative_energy_difference,5.203585551016602e-07
births[18].optimization.trials[0].timing.energy_accounting[1].projected_count_sum,16777169.292902866
births[18].optimization.trials[0].timing.energy_accounting[1].boundary_checked,True
births[18].optimization.trials[0].timing.energy_accounting[1].boundary_lost_energy,0.0
births[18].optimization.trials[0].timing.energy_accounting[1].expected_in_window_energy,0.442464275249762
births[18].optimization.trials[0].timing.energy_accounting[1].numerical_energy_relative_error,5.203585551016602e-07
births[18].optimization.trials[0].timing.energy_accounting[2].view,2
births[18].optimization.trials[0].timing.energy_accounting[2].input_energy,0.5391678273050681
births[18].optimization.trials[0].timing.energy_accounting[2].detected_energy,0.5391675660555738
births[18].optimization.trials[0].timing.energy_accounting[2].relative_energy_difference,4.845420684052925e-07
births[18].optimization.trials[0].timing.energy_accounting[2].projected_count_sum,16777169.198188668
births[18].optimization.trials[0].timing.energy_accounting[2].boundary_checked,True
births[18].optimization.trials[0].timing.energy_accounting[2].boundary_lost_energy,0.0
births[18].optimization.trials[0].timing.energy_accounting[2].expected_in_window_energy,0.5391678273050681
births[18].optimization.trials[0].timing.energy_accounting[2].numerical_energy_relative_error,4.845420684052925e-07
births[18].optimization.trials[0].timing.energy_accounting[3].view,3
births[18].optimization.trials[0].timing.energy_accounting[3].input_energy,0.45678870840674846
births[18].optimization.trials[0].timing.energy_accounting[3].detected_energy,0.4567884767864285
births[18].optimization.trials[0].timing.energy_accounting[3].relative_energy_difference,5.070622712788391e-07
births[18].optimization.trials[0].timing.energy_accounting[3].projected_count_sum,16777169.184218729
births[18].optimization.trials[0].timing.energy_accounting[3].boundary_checked,True
births[18].optimization.trials[0].timing.energy_accounting[3].boundary_lost_energy,0.0
births[18].optimization.trials[0].timing.energy_accounting[3].expected_in_window_energy,0.45678870840674846
births[18].optimization.trials[0].timing.energy_accounting[3].numerical_energy_relative_error,5.070622712788391e-07
births[18].optimization.trials[0].timing.root_failures,0
births[18].optimization.trials[0].timing.attachment_residual_max,6.661338147750939e-16
births[18].optimization.trials[0].timing.maximum_displacement,0.027813267566889475
births[18].optimization.trials[0].timing.image_digest,40005c9ac04ed3136f4023b8d370881ee81395e797803677cfb3575b615d6ee7
births[18].optimization.trials[0].timing.state_persisted,False
births[18].optimization.trials[0].finite,True
births[18].optimization.realized_gain,0.00015962296818206045
births[18].optimization.coefficient_limit_hits,18
births[18].optimization.seconds,669.039508915972
births[18].observation.whole_image_mse,0.12394768106594008
births[18].observation.foreground_mse,0.14937620526624493
births[18].observation.interior_gt8px_mse,0.13101632954387582
births[18].observation.silhouette_0_8px_mse,0.3594672991987066
births[18].observation.foreground_mean_brightness,0.5122705270521584
births[18].observation.edge_sharpness,0.006070723882405166
births[18].observation.reference_edge_sharpness,0.09199675652077396
births[18].observation.edge_sharpness_ratio,0.06598845559337002
births[18].observation.thin_feature_response_ratio,0.017787351920812086
births[18].observation.per_view[0].gradient_magnitude_ratio,0.27462970645812534
births[18].observation.per_view[0].gradient_cosine,0.0033503817351399324
births[18].observation.per_view[0].reference_aligned_gradient_energy,98.00532810401862
births[18].observation.per_view[0].unmatched_gradient_energy,360.54547167271943
births[18].observation.per_view[0].excess_hf_weak_reference,0.00019797139537347782
births[18].observation.per_view[0].gradient_squared_error,0.0015738827183988462
births[18].observation.per_view[0].weak_reference_pixels,1624532
births[18].observation.per_view[1].gradient_magnitude_ratio,0.2718996442604654
births[18].observation.per_view[1].gradient_cosine,0.0014379849140626953
births[18].observation.per_view[1].reference_aligned_gradient_energy,59.13859730606677
births[18].observation.per_view[1].unmatched_gradient_energy,370.2740466903604
births[18].observation.per_view[1].excess_hf_weak_reference,0.00020199369052385677
births[18].observation.per_view[1].gradient_squared_error,0.0015030103245324208
births[18].observation.per_view[1].weak_reference_pixels,1644948
births[18].observation.per_view[2].gradient_magnitude_ratio,0.27475514837414583
births[18].observation.per_view[2].gradient_cosine,0.0064599154165278306
births[18].observation.per_view[2].reference_aligned_gradient_energy,91.56634960471641
births[18].observation.per_view[2].unmatched_gradient_energy,373.7378497244066
births[18].observation.per_view[2].excess_hf_weak_reference,0.00021659272875424685
births[18].observation.per_view[2].gradient_squared_error,0.0015931660202750943
births[18].observation.per_view[2].weak_reference_pixels,1561449
births[18].observation.per_view[3].gradient_magnitude_ratio,0.31121170591658504
births[18].observation.per_view[3].gradient_cosine,0.0063937421963828345
births[18].observation.per_view[3].reference_aligned_gradient_energy,39.353062883587754
births[18].observation.per_view[3].unmatched_gradient_energy,391.9916065370648
births[18].observation.per_view[3].excess_hf_weak_reference,0.0002287113175301869
births[18].observation.per_view[3].gradient_squared_error,0.0011736195840716284
births[18].observation.per_view[3].weak_reference_pixels,1668420
births[18].observation.gradient_magnitude_ratio,0.2831240512523304
births[18].observation.gradient_cosine,0.004410506065528323
births[18].observation.reference_aligned_gradient_energy,72.01583447459738
births[18].observation.unmatched_gradient_energy,374.1372436561378
births[18].observation.excess_hf_weak_reference,0.00021131728304544207
births[18].observation.gradient_squared_error,0.0014609196618194974
births[18].observation.weak_reference_pixels,1624837.25
births[18].observation.loss,0.061973827080034655
births[18].observation.detected_energy,6275929.8445022665
births[18].observation.relative_rgb_l2,0.8183453936155309
births[18].observation.per_view_mse[0],0.145371978708994
births[18].observation.per_view_mse[1],0.11678763961385664
births[18].observation.per_view_mse[2],0.13101797978659593
births[18].observation.per_view_mse[3],0.10261301853083056
births[18].observation.foreground_mask_iou[0],0.5580750388167706
births[18].observation.foreground_mask_iou[1],0.5430577786042723
births[18].observation.foreground_mask_iou[2],0.611073634346705
births[18].observation.foreground_mask_iou[3],0.5996342558499747
births[18].observation.squared_image_energy,4363947.625
births[18].geometry.symmetric_chamfer,0.23792163961068405
births[18].geometry.point_to_surface_mean,0.266225270682078
births[18].geometry.point_to_surface_p95,0.5953734401273303
births[18].geometry.surface_rms,0.32828540424930025
births[18].geometry.normal_consistency,0.7035723262159126
births[18].geometry.normal_error,0.2964276737840874
births[18].geometry.regional_ear_p2s_mean,0.33498819932993945
births[18].geometry.regional_head_p2s_mean,0.19481369647873942
births[18].geometry.regional_leg_p2s_mean,0.07967448885860719
births[18].geometry.regional_torso_p2s_mean,0.2992880257803503
births[18].geometry.bounds[0][0],-0.9999213884461601
births[18].geometry.bounds[0][1],-0.9999213884461601
births[18].geometry.bounds[0][2],-0.999336789688974
births[18].geometry.bounds[1][0],1.0020892449145047
births[18].geometry.bounds[1][1],1.0008261626621462
births[18].geometry.bounds[1][2],0.999934128095519
births[18].geometry.surface_area,12.596598717080617
births[18].geometry.components,1
births[18].geometry.maximum_outward_from_unit_sphere,0.027742578441678267
births[18].geometry.maximum_inward_from_unit_sphere,0.007568205540274042
births[18].geometry.radial_deviation_p95,0.007720114202947326
births[18].geometry.gt_extends_outside_unit_sphere,True
births[18].geometry.gt_max_radius,1.5736361939753005
births[18].geometry.source_coverage_distance_p95,0.013428360261118308
births[18].geometry.source_coverage_distance_max,0.026699682851367746
births[18].geometry.source_coverage_samples,65536
births[18].geometry.geometry_seconds,0.5828199509996921
births[18].geometry.geometry_path,runs/v090_matched_birth/geometry/globe_birth19.ply
births[18].geometry.geometry_target,"MC approximation of prepared.gt_field, evaluation only; existing P2S/Chamfer definitions. Current normals updated at every evaluation."
births[18].scoring_seconds,328.25095159513876
births[18].total_seconds,1004.9349624011666
births[18].peak_cuda_allocated_mib,3003.57958984375
births[18].peak_cuda_reserved_mib,14218.0
births[18].cpu_rss_peak_mib,9754.1328125
births[18].image_path,runs/v090_matched_birth/globe_birth19_trial0.npy
births[19].round,20
births[19].deterministic_id,GLOBE:20:4
births[19].center[0],0.7188248293406948
births[19].center[1],0.46997387399637075
births[19].center[2],-0.5254201786060513
births[19].radius,0.45
births[19].proposal_source_id,14952988
births[19].zero_set_residual_at_birth,8.673617379884035e-19
births[19].selected_rank,1
births[19].candidate_bank_size,32
births[19].responsive_fraction,1.0
births[19].predicted_gain,0.0003365896670335687
births[19].alignment,0.0034489595552110834
births[19].jacobian_norm,0.13292953487393883
births[19].affected_views,3
births[19].affected_pixels,210640
births[19].coefficient,-0.03
births[19].active_dof_count,20
births[19].born_dof_count,20
births[19].accepted_births,15
births[19].initialized_at_zero,True
births[19].birth_image_jump,0.0
births[19].birth_source_count_change,0
births[19].birth_source_mass_change,0.0
births[19].source_count,16777216
births[19].source_weight_digest,e8a23943d73928dce091768b7789dedd1390b88a2ee2ef22b4e84ad52b924711
births[19].coefficients[0],-0.03
births[19].coefficients[1],-0.03
births[19].coefficients[2],0.03
births[19].coefficients[3],0.03
births[19].coefficients[4],-0.03
births[19].coefficients[5],-0.03
births[19].coefficients[6],-0.03
births[19].coefficients[7],-0.03
births[19].coefficients[8],-0.03
births[19].coefficients[9],-0.03
births[19].coefficients[10],-0.03
births[19].coefficients[11],0.03
births[19].coefficients[12],-0.03
births[19].coefficients[13],0.00043065431006266384
births[19].coefficients[14],-0.03
births[19].coefficients[15],-0.03
births[19].coefficients[16],-0.03
births[19].coefficients[17],-0.03
births[19].coefficients[18],-0.03
births[19].coefficients[19],-0.03
births[19].centers[0][0],-0.07351842161138195
births[19].centers[0][1],0.6811820444435563
births[19].centers[0][2],-0.728413388133049
births[19].centers[1][0],0.6720258443143237
births[19].centers[1][1],0.5230814425100977
births[19].centers[1][2],-0.5241822861135006
births[19].centers[2][0],0.12062150794935045
births[19].centers[2][1],0.2665257085036449
births[19].centers[2][2],-0.9562502279877663
births[19].centers[3][0],0.6105258360802454
births[19].centers[3][1],0.566767707400702
births[19].centers[3][2],-0.5728702979286703
births[19].centers[4][0],0.13361574155036657
births[19].centers[4][1],0.8868378640189128
births[19].centers[4][2],0.44234086014330387
births[19].centers[5][0],0.9348412718678133
births[19].centers[5][1],0.17414060480910115
births[19].centers[5][2],0.3094298727810383
births[19].centers[6][0],0.10765130760785846
births[19].centers[6][1],0.37381169381516527
births[19].centers[6][2],-0.931612583191458
births[19].centers[7][0],0.27660040085736426
births[19].centers[7][1],0.08849992431230631
births[19].centers[7][2],0.9569012392312288
births[19].centers[8][0],0.3656402470898519
births[19].centers[8][1],0.2420315947952902
births[19].centers[8][2],-0.8976672496030755
births[19].centers[9][0],0.5042942542486878
births[19].centers[9][1],0.23319429282205392
births[19].centers[9][2],-0.8353174314302868
births[19].centers[10][0],0.9657880199999013
births[19].centers[10][1],-0.004972121226871936
births[19].centers[10][2],-0.25928512960672373
births[19].centers[11][0],0.43033766896540854
births[19].centers[11][1],0.29701592496651535
births[19].centers[11][2],-0.8738539169153484
births[19].centers[12][0],-0.0653798551048776
births[19].centers[12][1],0.9759003052447783
births[19].centers[12][2],0.21019734664427175
births[19].centers[13][0],0.8324638153056917
births[19].centers[13][1],-0.34735399393431043
births[19].centers[13][2],-0.43169664065837554
births[19].centers[14][0],0.874068110421238
births[19].centers[14][1],-0.31556807010319615
births[19].centers[14][2],-0.4033349792463196
births[19].centers[15][0],0.5186546030900402
births[19].centers[15][1],0.6470575646401505
births[19].centers[15][2],-0.5808165515816515
births[19].centers[16][0],0.3437081446947666
births[19].centers[16][1],0.22807555224954393
births[19].centers[16][2],0.9139377755375496
births[19].centers[17][0],0.41631243871518575
births[19].centers[17][1],0.6592877764945416
births[19].centers[17][2],-0.6315858556035571
births[19].centers[18][0],-0.06048825746607583
births[19].centers[18][1],0.6450916414259033
births[19].centers[18][2],-0.7784891870902508
births[19].centers[19][0],0.7188248293406948
births[19].centers[19][1],0.46997387399637075
births[19].centers[19][2],-0.5254201786060513
births[19].radii[0],0.45
births[19].radii[1],0.45
births[19].radii[2],0.45
births[19].radii[3],0.45
births[19].radii[4],0.45
births[19].radii[5],0.45
births[19].radii[6],0.45
births[19].radii[7],0.31819805153394637
births[19].radii[8],0.31819805153394637
births[19].radii[9],0.45
births[19].radii[10],0.45
births[19].radii[11],0.45
births[19].radii[12],0.31819805153394637
births[19].radii[13],0.45
births[19].radii[14],0.31819805153394637
births[19].radii[15],0.45
births[19].radii[16],0.45
births[19].radii[17],0.31819805153394637
births[19].radii[18],0.45
births[19].radii[19],0.45
births[19].realized_gain,5.639438466924218e-05
births[19].optimization.accepted,True
births[19].optimization.linear_solver_failures,0
births[19].optimization.line_search_failures,0
births[19].optimization.trials[0].alpha,1.0
births[19].optimization.trials[0].loss,0.06191743269536541
births[19].optimization.trials[0].coefficient[0],-0.03
births[19].optimization.trials[0].coefficient[1],-0.03
births[19].optimization.trials[0].coefficient[2],0.03
births[19].optimization.trials[0].coefficient[3],0.03
births[19].optimization.trials[0].coefficient[4],-0.03
births[19].optimization.trials[0].coefficient[5],-0.03
births[19].optimization.trials[0].coefficient[6],-0.03
births[19].optimization.trials[0].coefficient[7],-0.03
births[19].optimization.trials[0].coefficient[8],-0.03
births[19].optimization.trials[0].coefficient[9],-0.03
births[19].optimization.trials[0].coefficient[10],-0.03
births[19].optimization.trials[0].coefficient[11],0.03
births[19].optimization.trials[0].coefficient[12],-0.03
births[19].optimization.trials[0].coefficient[13],0.00043065431006266384
births[19].optimization.trials[0].coefficient[14],-0.03
births[19].optimization.trials[0].coefficient[15],-0.03
births[19].optimization.trials[0].coefficient[16],-0.03
births[19].optimization.trials[0].coefficient[17],-0.03
births[19].optimization.trials[0].coefficient[18],-0.03
births[19].optimization.trials[0].coefficient[19],-0.03
births[19].optimization.trials[0].timing.signature.config_digest,62ca4976cb787bbdbc3fd85b82677cf3aaa45a383158d798e34cfdd3b30c3861
births[19].optimization.trials[0].timing.signature.field_digest,11162da077d54597700e705723b34acb147f47c44095818ea0b0ecb554a3fc55
births[19].optimization.trials[0].timing.signature.count,16777216
births[19].optimization.trials[0].timing.signature.seed,101
births[19].optimization.trials[0].timing.signature.operator_version,v0817_CURRENT_fixed_measure_C3
births[19].optimization.trials[0].timing.signature.shape[0],4
births[19].optimization.trials[0].timing.signature.shape[1],1080
births[19].optimization.trials[0].timing.signature.shape[2],1920
births[19].optimization.trials[0].timing.signature.shape[3],3
births[19].optimization.trials[0].timing.signature.dtype,float32
births[19].optimization.trials[0].timing.signature.source_digest,e9a0305b3ed0de34bf755a1f588cd96b3f0913d79827dc0c89908e88e8dfbd53
births[19].optimization.trials[0].timing.signature.centers,ad4d38d09faccd87eb1fcef4fd755cac835fba2c23ad3c9e657358429c0695cd
births[19].optimization.trials[0].timing.signature.radii,fe31453d74d835d8cb7d05769b00f6ee8ccd9a9f32fec4b729dd054551543a40
births[19].optimization.trials[0].timing.signature.coefficients,f5022dffae47ca7bba65b6eaacef27b3aacaaa832a869bad15f0da192075610e
births[19].optimization.trials[0].timing.source_seconds,61.26563723408617
births[19].optimization.trials[0].timing.transport_seconds,525.8669448059518
births[19].optimization.trials[0].timing.detector_seconds,80.8348918328993
births[19].optimization.trials[0].timing.total_seconds,668.0096734000836
births[19].optimization.trials[0].timing.peak_cuda_allocated_mib,569.4091796875
births[19].optimization.trials[0].timing.peak_cuda_reserved_mib,3254.0
births[19].optimization.trials[0].timing.cpu_rss_peak_mib,9754.1328125
births[19].optimization.trials[0].timing.energy_accounting[0].view,0
births[19].optimization.trials[0].timing.energy_accounting[0].input_energy,0.5792034861822849
births[19].optimization.trials[0].timing.energy_accounting[0].detected_energy,0.5792032161638769
births[19].optimization.trials[0].timing.energy_accounting[0].relative_energy_difference,4.6618919672951625e-07
births[19].optimization.trials[0].timing.energy_accounting[0].projected_count_sum,16777169.465861758
births[19].optimization.trials[0].timing.energy_accounting[0].boundary_checked,True
births[19].optimization.trials[0].timing.energy_accounting[0].boundary_lost_energy,0.0
births[19].optimization.trials[0].timing.energy_accounting[0].expected_in_window_energy,0.5792034861822849
births[19].optimization.trials[0].timing.energy_accounting[0].numerical_energy_relative_error,4.6618919672951625e-07
births[19].optimization.trials[0].timing.energy_accounting[1].view,1
births[19].optimization.trials[0].timing.energy_accounting[1].input_energy,0.442464275249762
births[19].optimization.trials[0].timing.energy_accounting[1].detected_energy,0.4424640450097769
births[19].optimization.trials[0].timing.energy_accounting[1].relative_energy_difference,5.203583611419563e-07
births[19].optimization.trials[0].timing.energy_accounting[1].projected_count_sum,16777169.281902166
births[19].optimization.trials[0].timing.energy_accounting[1].boundary_checked,True
births[19].optimization.trials[0].timing.energy_accounting[1].boundary_lost_energy,0.0
births[19].optimization.trials[0].timing.energy_accounting[1].expected_in_window_energy,0.442464275249762
births[19].optimization.trials[0].timing.energy_accounting[1].numerical_energy_relative_error,5.203583611419563e-07
births[19].optimization.trials[0].timing.energy_accounting[2].view,2
births[19].optimization.trials[0].timing.energy_accounting[2].input_energy,0.538377558386962
births[19].optimization.trials[0].timing.energy_accounting[2].detected_energy,0.53837729792714
births[19].optimization.trials[0].timing.energy_accounting[2].relative_energy_difference,4.837865508804743e-07
births[19].optimization.trials[0].timing.energy_accounting[2].projected_count_sum,16777169.123770928
births[19].optimization.trials[0].timing.energy_accounting[2].boundary_checked,True
births[19].optimization.trials[0].timing.energy_accounting[2].boundary_lost_energy,0.0
births[19].optimization.trials[0].timing.energy_accounting[2].expected_in_window_energy,0.538377558386962
births[19].optimization.trials[0].timing.energy_accounting[2].numerical_energy_relative_error,4.837865508804743e-07
births[19].optimization.trials[0].timing.energy_accounting[3].view,3
births[19].optimization.trials[0].timing.energy_accounting[3].input_energy,0.4571448542439925
births[19].optimization.trials[0].timing.energy_accounting[3].detected_energy,0.45714462210122897
births[19].optimization.trials[0].timing.energy_accounting[3].relative_energy_difference,5.078100767338645e-07
births[19].optimization.trials[0].timing.energy_accounting[3].projected_count_sum,16777168.767395468
births[19].optimization.trials[0].timing.energy_accounting[3].boundary_checked,True
births[19].optimization.trials[0].timing.energy_accounting[3].boundary_lost_energy,0.0
births[19].optimization.trials[0].timing.energy_accounting[3].expected_in_window_energy,0.4571448542439925
births[19].optimization.trials[0].timing.energy_accounting[3].numerical_energy_relative_error,5.078100767338645e-07
births[19].optimization.trials[0].timing.root_failures,0
births[19].optimization.trials[0].timing.attachment_residual_max,6.661338147750939e-16
births[19].optimization.trials[0].timing.maximum_displacement,0.027813267566889475
births[19].optimization.trials[0].timing.image_digest,9e4d7239e9bfbd2adf4e79ef114f0036e8f7554623d79a5d7990fad72fd80024
births[19].optimization.trials[0].timing.state_persisted,False
births[19].optimization.trials[0].finite,True
births[19].optimization.realized_gain,5.639438466924218e-05
births[19].optimization.coefficient_limit_hits,19
births[19].optimization.seconds,670.1530055149924
births[19].observation.whole_image_mse,0.12383491170749743
births[19].observation.foreground_mse,0.14937944782067392
births[19].observation.interior_gt8px_mse,0.13101926712220816
births[19].observation.silhouette_0_8px_mse,0.3594728386007343
births[19].observation.foreground_mean_brightness,0.5122614391360966
births[19].observation.edge_sharpness,0.006071384553282243
births[19].observation.reference_edge_sharpness,0.09199675652077396
births[19].observation.edge_sharpness_ratio,0.06599563705173944
births[19].observation.thin_feature_response_ratio,0.017791222813592692
births[19].observation.per_view[0].gradient_magnitude_ratio,0.27563395930426454
births[19].observation.per_view[0].gradient_cosine,0.003286623422536378
births[19].observation.per_view[0].reference_aligned_gradient_energy,98.01865411804997
births[19].observation.per_view[0].unmatched_gradient_energy,363.8918908275633
births[19].observation.per_view[0].excess_hf_weak_reference,0.00020000145645767136
births[19].observation.per_view[0].gradient_squared_error,0.0015747345042143863
births[19].observation.per_view[0].weak_reference_pixels,1624532
births[19].observation.per_view[1].gradient_magnitude_ratio,0.27189964422640234
births[19].observation.per_view[1].gradient_cosine,0.0014379849515906984
births[19].observation.per_view[1].reference_aligned_gradient_energy,59.13859723872869
births[19].observation.per_view[1].unmatched_gradient_energy,370.27404665010636
births[19].observation.per_view[1].excess_hf_weak_reference,0.00020199369049819205
births[19].observation.per_view[1].gradient_squared_error,0.0015030103244780323
births[19].observation.per_view[1].weak_reference_pixels,1644948
births[19].observation.per_view[2].gradient_magnitude_ratio,0.2741173129890903
births[19].observation.per_view[2].gradient_cosine,0.006482932518508581
births[19].observation.per_view[2].reference_aligned_gradient_energy,91.54561753172692
births[19].observation.per_view[2].unmatched_gradient_energy,371.6007114643044
births[19].observation.per_view[2].excess_hf_weak_reference,0.00021523759634153736
births[19].observation.per_view[2].gradient_squared_error,0.001592639193611872
births[19].observation.per_view[2].weak_reference_pixels,1561449
births[19].observation.per_view[3].gradient_magnitude_ratio,0.31183079502971217
births[19].observation.per_view[3].gradient_cosine,0.006379641852245091
births[19].observation.per_view[3].reference_aligned_gradient_energy,39.35307962598925
births[19].observation.per_view[3].unmatched_gradient_energy,393.7094326265575
births[19].observation.per_view[3].excess_hf_weak_reference,0.0002297409389221718
births[19].observation.per_view[3].gradient_squared_error,0.001174034743641434
births[19].observation.per_view[3].weak_reference_pixels,1668420
births[19].observation.gradient_magnitude_ratio,0.2833704278873673
births[19].observation.gradient_cosine,0.004396795686220187
births[19].observation.reference_aligned_gradient_energy,72.01398712862371
births[19].observation.unmatched_gradient_energy,374.86902039213294
births[19].observation.excess_hf_weak_reference,0.00021174342055489312
births[19].observation.gradient_squared_error,0.0014611046914864312
births[19].observation.weak_reference_pixels,1624837.25
births[19].observation.loss,0.06191743269536541
births[19].observation.detected_energy,6274265.229230453
births[19].observation.relative_rgb_l2,0.8179729735901564
births[19].observation.per_view_mse[0],0.14549444726202393
births[19].observation.per_view_mse[1],0.11678763961395998
births[19].observation.per_view_mse[2],0.13015676965664305
births[19].observation.per_view_mse[3],0.10290060503029677
births[19].observation.foreground_mask_iou[0],0.5580892311603382
births[19].observation.foreground_mask_iou[1],0.5430577786042723
births[19].observation.foreground_mask_iou[2],0.611073634346705
births[19].observation.foreground_mask_iou[3],0.5996279376883433
births[19].observation.squared_image_energy,4361103.375
births[19].geometry.symmetric_chamfer,0.23734451354015965
births[19].geometry.point_to_surface_mean,0.2651734486528289
births[19].geometry.point_to_surface_p95,0.5964953378103459
births[19].geometry.surface_rms,0.3273309117503456
births[19].geometry.normal_consistency,0.7018765171983425
births[19].geometry.normal_error,0.29812348280165746
births[19].geometry.regional_ear_p2s_mean,0.3352769802296983
births[19].geometry.regional_head_p2s_mean,0.1902855170950838
births[19].geometry.regional_leg_p2s_mean,0.07890738440457845
births[19].geometry.regional_torso_p2s_mean,0.29790910679172633
births[19].geometry.bounds[0][0],-0.9999213884461601
births[19].geometry.bounds[0][1],-0.9999213884461601
births[19].geometry.bounds[0][2],-0.999336789688974
births[19].geometry.bounds[1][0],1.0020892449145047
births[19].geometry.bounds[1][1],1.0008261626621462
births[19].geometry.bounds[1][2],0.999934128095519
births[19].geometry.surface_area,12.598365865009505
births[19].geometry.components,1
births[19].geometry.maximum_outward_from_unit_sphere,0.027742578441678267
births[19].geometry.maximum_inward_from_unit_sphere,0.007568205540274042
births[19].geometry.radial_deviation_p95,0.008513895601742372
births[19].geometry.gt_extends_outside_unit_sphere,True
births[19].geometry.gt_max_radius,1.5736361939753005
births[19].geometry.source_coverage_distance_p95,0.013612487133666308
births[19].geometry.source_coverage_distance_max,0.025116248814588356
births[19].geometry.source_coverage_samples,65536
births[19].geometry.geometry_seconds,0.5736746089532971
births[19].geometry.geometry_path,runs/v090_matched_birth/geometry/globe_birth20.ply
births[19].geometry.geometry_target,"MC approximation of prepared.gt_field, evaluation only; existing P2S/Chamfer definitions. Current normals updated at every evaluation."
births[19].scoring_seconds,330.1391453971155
births[19].total_seconds,1007.9093679289799
births[19].peak_cuda_allocated_mib,3054.77783203125
births[19].peak_cuda_reserved_mib,14218.0
births[19].cpu_rss_peak_mib,9754.1328125
births[19].image_path,runs/v090_matched_birth/globe_birth20_trial0.npy
births[20].round,21
births[20].deterministic_id,GLOBE:21:11
births[20].center[0],0.6630135689512833
births[20].center[1],0.48176933940104566
births[20].center[2],-0.598782129817469
births[20].radius,0.45
births[20].proposal_source_id,13593148
births[20].zero_set_residual_at_birth,4.8187545550619536e-17
births[20].selected_rank,1
births[20].candidate_bank_size,32
births[20].responsive_fraction,1.0
births[20].predicted_gain,0.00027196784111156784
births[20].alignment,0.0030481993110847956
births[20].jacobian_norm,0.13069781124055574
births[20].affected_views,2
births[20].affected_pixels,213233
births[20].coefficient,0.0
births[20].active_dof_count,21
births[20].born_dof_count,21
births[20].accepted_births,15
births[20].initialized_at_zero,True
births[20].birth_image_jump,0.0
births[20].birth_source_count_change,0
births[20].birth_source_mass_change,0.0
births[20].source_count,16777216
births[20].source_weight_digest,e8a23943d73928dce091768b7789dedd1390b88a2ee2ef22b4e84ad52b924711
births[20].coefficients[0],-0.03
births[20].coefficients[1],-0.03
births[20].coefficients[2],0.03
births[20].coefficients[3],0.03
births[20].coefficients[4],-0.03
births[20].coefficients[5],-0.03
births[20].coefficients[6],-0.03
births[20].coefficients[7],-0.03
births[20].coefficients[8],-0.03
births[20].coefficients[9],-0.03
births[20].coefficients[10],-0.03
births[20].coefficients[11],0.03
births[20].coefficients[12],-0.03
births[20].coefficients[13],0.00043065431006266384
births[20].coefficients[14],-0.03
births[20].coefficients[15],-0.03
births[20].coefficients[16],-0.03
births[20].coefficients[17],-0.03
births[20].coefficients[18],-0.03
births[20].coefficients[19],-0.03
births[20].coefficients[20],0.0
births[20].centers[0][0],-0.07351842161138195
births[20].centers[0][1],0.6811820444435563
births[20].centers[0][2],-0.728413388133049
births[20].centers[1][0],0.6720258443143237
births[20].centers[1][1],0.5230814425100977
births[20].centers[1][2],-0.5241822861135006
births[20].centers[2][0],0.12062150794935045
births[20].centers[2][1],0.2665257085036449
births[20].centers[2][2],-0.9562502279877663
births[20].centers[3][0],0.6105258360802454
births[20].centers[3][1],0.566767707400702
births[20].centers[3][2],-0.5728702979286703
births[20].centers[4][0],0.13361574155036657
births[20].centers[4][1],0.8868378640189128
births[20].centers[4][2],0.44234086014330387
births[20].centers[5][0],0.9348412718678133
births[20].centers[5][1],0.17414060480910115
births[20].centers[5][2],0.3094298727810383
births[20].centers[6][0],0.10765130760785846
births[20].centers[6][1],0.37381169381516527
births[20].centers[6][2],-0.931612583191458
births[20].centers[7][0],0.27660040085736426
births[20].centers[7][1],0.08849992431230631
births[20].centers[7][2],0.9569012392312288
births[20].centers[8][0],0.3656402470898519
births[20].centers[8][1],0.2420315947952902
births[20].centers[8][2],-0.8976672496030755
births[20].centers[9][0],0.5042942542486878
births[20].centers[9][1],0.23319429282205392
births[20].centers[9][2],-0.8353174314302868
births[20].centers[10][0],0.9657880199999013
births[20].centers[10][1],-0.004972121226871936
births[20].centers[10][2],-0.25928512960672373
births[20].centers[11][0],0.43033766896540854
births[20].centers[11][1],0.29701592496651535
births[20].centers[11][2],-0.8738539169153484
births[20].centers[12][0],-0.0653798551048776
births[20].centers[12][1],0.9759003052447783
births[20].centers[12][2],0.21019734664427175
births[20].centers[13][0],0.8324638153056917
births[20].centers[13][1],-0.34735399393431043
births[20].centers[13][2],-0.43169664065837554
births[20].centers[14][0],0.874068110421238
births[20].centers[14][1],-0.31556807010319615
births[20].centers[14][2],-0.4033349792463196
births[20].centers[15][0],0.5186546030900402
births[20].centers[15][1],0.6470575646401505
births[20].centers[15][2],-0.5808165515816515
births[20].centers[16][0],0.3437081446947666
births[20].centers[16][1],0.22807555224954393
births[20].centers[16][2],0.9139377755375496
births[20].centers[17][0],0.41631243871518575
births[20].centers[17][1],0.6592877764945416
births[20].centers[17][2],-0.6315858556035571
births[20].centers[18][0],-0.06048825746607583
births[20].centers[18][1],0.6450916414259033
births[20].centers[18][2],-0.7784891870902508
births[20].centers[19][0],0.7188248293406948
births[20].centers[19][1],0.46997387399637075
births[20].centers[19][2],-0.5254201786060513
births[20].centers[20][0],0.6630135689512833
births[20].centers[20][1],0.48176933940104566
births[20].centers[20][2],-0.598782129817469
births[20].radii[0],0.45
births[20].radii[1],0.45
births[20].radii[2],0.45
births[20].radii[3],0.45
births[20].radii[4],0.45
births[20].radii[5],0.45
births[20].radii[6],0.45
births[20].radii[7],0.31819805153394637
births[20].radii[8],0.31819805153394637
births[20].radii[9],0.45
births[20].radii[10],0.45
births[20].radii[11],0.45
births[20].radii[12],0.31819805153394637
births[20].radii[13],0.45
births[20].radii[14],0.31819805153394637
births[20].radii[15],0.45
births[20].radii[16],0.45
births[20].radii[17],0.31819805153394637
births[20].radii[18],0.45
births[20].radii[19],0.45
births[20].radii[20],0.45
births[20].realized_gain,0.0
births[20].optimization.accepted,False
births[20].optimization.linear_solver_failures,0
births[20].optimization.line_search_failures,1
births[20].optimization.trials[0].alpha,1.0
births[20].optimization.trials[0].loss,0.06194811113946771
births[20].optimization.trials[0].coefficient[0],-0.03
births[20].optimization.trials[0].coefficient[1],0.03
births[20].optimization.trials[0].coefficient[2],0.03
births[20].optimization.trials[0].coefficient[3],-0.03
births[20].optimization.trials[0].coefficient[4],-0.03
births[20].optimization.trials[0].coefficient[5],-0.03
births[20].optimization.trials[0].coefficient[6],-0.03
births[20].optimization.trials[0].coefficient[7],-0.03
births[20].optimization.trials[0].coefficient[8],-0.03
births[20].optimization.trials[0].coefficient[9],-0.03
births[20].optimization.trials[0].coefficient[10],-0.03
births[20].optimization.trials[0].coefficient[11],0.03
births[20].optimization.trials[0].coefficient[12],-0.03
births[20].optimization.trials[0].coefficient[13],-0.010817058648609304
births[20].optimization.trials[0].coefficient[14],-0.03
births[20].optimization.trials[0].coefficient[15],-0.03
births[20].optimization.trials[0].coefficient[16],-0.03
births[20].optimization.trials[0].coefficient[17],-0.03
births[20].optimization.trials[0].coefficient[18],-0.03
births[20].optimization.trials[0].coefficient[19],-0.03
births[20].optimization.trials[0].coefficient[20],0.03
births[20].optimization.trials[0].timing.signature.config_digest,62ca4976cb787bbdbc3fd85b82677cf3aaa45a383158d798e34cfdd3b30c3861
births[20].optimization.trials[0].timing.signature.field_digest,11162da077d54597700e705723b34acb147f47c44095818ea0b0ecb554a3fc55
births[20].optimization.trials[0].timing.signature.count,16777216
births[20].optimization.trials[0].timing.signature.seed,101
births[20].optimization.trials[0].timing.signature.operator_version,v0817_CURRENT_fixed_measure_C3
births[20].optimization.trials[0].timing.signature.shape[0],4
births[20].optimization.trials[0].timing.signature.shape[1],1080
births[20].optimization.trials[0].timing.signature.shape[2],1920
births[20].optimization.trials[0].timing.signature.shape[3],3
births[20].optimization.trials[0].timing.signature.dtype,float32
births[20].optimization.trials[0].timing.signature.source_digest,e9a0305b3ed0de34bf755a1f588cd96b3f0913d79827dc0c89908e88e8dfbd53
births[20].optimization.trials[0].timing.signature.centers,660056df0b5d4e337c314102d06a1806beefe3a74375c1fe3ed2149e67174121
births[20].optimization.trials[0].timing.signature.radii,388e1fa9f0e9c8fd258928978978d2c6314e6149ed51e66f697161413c859ecd
births[20].optimization.trials[0].timing.signature.coefficients,449370be026a77f987afe622210db253173134179d17ffd58de6d8f0f32fe26c
births[20].optimization.trials[0].timing.source_seconds,60.37043112399988
births[20].optimization.trials[0].timing.transport_seconds,527.3522050911561
births[20].optimization.trials[0].timing.detector_seconds,80.82759359502234
births[20].optimization.trials[0].timing.total_seconds,668.5916174431331
births[20].optimization.trials[0].timing.peak_cuda_allocated_mib,571.259765625
births[20].optimization.trials[0].timing.peak_cuda_reserved_mib,5722.0
births[20].optimization.trials[0].timing.cpu_rss_peak_mib,9754.1328125
births[20].optimization.trials[0].timing.energy_accounting[0].view,0
births[20].optimization.trials[0].timing.energy_accounting[0].input_energy,0.5792773193761391
births[20].optimization.trials[0].timing.energy_accounting[0].detected_energy,0.5792770498471751
births[20].optimization.trials[0].timing.energy_accounting[0].relative_energy_difference,4.65284855838475e-07
births[20].optimization.trials[0].timing.energy_accounting[0].projected_count_sum,16777169.283605851
births[20].optimization.trials[0].timing.energy_accounting[0].boundary_checked,True
births[20].optimization.trials[0].timing.energy_accounting[0].boundary_lost_energy,0.0
births[20].optimization.trials[0].timing.energy_accounting[0].expected_in_window_energy,0.5792773193761391
births[20].optimization.trials[0].timing.energy_accounting[0].numerical_energy_relative_error,4.65284855838475e-07
births[20].optimization.trials[0].timing.energy_accounting[1].view,1
births[20].optimization.trials[0].timing.energy_accounting[1].input_energy,0.442464275249762
births[20].optimization.trials[0].timing.energy_accounting[1].detected_energy,0.44246404500928016
births[20].optimization.trials[0].timing.energy_accounting[1].relative_energy_difference,5.203594837496085e-07
births[20].optimization.trials[0].timing.energy_accounting[1].projected_count_sum,16777169.27612392
births[20].optimization.trials[0].timing.energy_accounting[1].boundary_checked,True
births[20].optimization.trials[0].timing.energy_accounting[1].boundary_lost_energy,0.0
births[20].optimization.trials[0].timing.energy_accounting[1].expected_in_window_energy,0.442464275249762
births[20].optimization.trials[0].timing.energy_accounting[1].numerical_energy_relative_error,5.203594837496085e-07
births[20].optimization.trials[0].timing.energy_accounting[2].view,2
births[20].optimization.trials[0].timing.energy_accounting[2].input_energy,0.5390037141463451
births[20].optimization.trials[0].timing.energy_accounting[2].detected_energy,0.5390034530565303
births[20].optimization.trials[0].timing.energy_accounting[2].relative_energy_difference,4.8439335001919e-07
births[20].optimization.trials[0].timing.energy_accounting[2].projected_count_sum,16777169.192676144
births[20].optimization.trials[0].timing.energy_accounting[2].boundary_checked,True
births[20].optimization.trials[0].timing.energy_accounting[2].boundary_lost_energy,0.0
births[20].optimization.trials[0].timing.energy_accounting[2].expected_in_window_energy,0.5390037141463451
births[20].optimization.trials[0].timing.energy_accounting[2].numerical_energy_relative_error,4.8439335001919e-07
births[20].optimization.trials[0].timing.energy_accounting[3].view,3
births[20].optimization.trials[0].timing.energy_accounting[3].input_energy,0.45682420400794443
births[20].optimization.trials[0].timing.energy_accounting[3].detected_energy,0.4568239722724585
births[20].optimization.trials[0].timing.energy_accounting[3].relative_energy_difference,5.072749733452596e-07
births[20].optimization.trials[0].timing.energy_accounting[3].projected_count_sum,16777169.240584
births[20].optimization.trials[0].timing.energy_accounting[3].boundary_checked,True
births[20].optimization.trials[0].timing.energy_accounting[3].boundary_lost_energy,0.0
births[20].optimization.trials[0].timing.energy_accounting[3].expected_in_window_energy,0.45682420400794443
births[20].optimization.trials[0].timing.energy_accounting[3].numerical_energy_relative_error,5.072749733452596e-07
births[20].optimization.trials[0].timing.root_failures,0
births[20].optimization.trials[0].timing.attachment_residual_max,6.661338147750939e-16
births[20].optimization.trials[0].timing.maximum_displacement,0.027813267566889475
births[20].optimization.trials[0].timing.image_digest,3ab9f1f0671f1babb9c824f767d478dbded96223297ae8e47864727f3e29090f
births[20].optimization.trials[0].timing.state_persisted,False
births[20].optimization.trials[0].finite,True
births[20].optimization.trials[1].alpha,0.5
births[20].optimization.trials[1].loss,0.06193487367965675
births[20].optimization.trials[1].coefficient[0],-0.03
births[20].optimization.trials[1].coefficient[1],0.0
births[20].optimization.trials[1].coefficient[2],0.03
births[20].optimization.trials[1].coefficient[3],0.0
births[20].optimization.trials[1].coefficient[4],-0.03
births[20].optimization.trials[1].coefficient[5],-0.03
births[20].optimization.trials[1].coefficient[6],-0.03
births[20].optimization.trials[1].coefficient[7],-0.03
births[20].optimization.trials[1].coefficient[8],-0.03
births[20].optimization.trials[1].coefficient[9],-0.03
births[20].optimization.trials[1].coefficient[10],-0.03
births[20].optimization.trials[1].coefficient[11],0.03
births[20].optimization.trials[1].coefficient[12],-0.03
births[20].optimization.trials[1].coefficient[13],-0.00519320216927332
births[20].optimization.trials[1].coefficient[14],-0.03
births[20].optimization.trials[1].coefficient[15],-0.03
births[20].optimization.trials[1].coefficient[16],-0.03
births[20].optimization.trials[1].coefficient[17],-0.03
births[20].optimization.trials[1].coefficient[18],-0.03
births[20].optimization.trials[1].coefficient[19],-0.03
births[20].optimization.trials[1].coefficient[20],0.015
births[20].optimization.trials[1].timing.signature.config_digest,62ca4976cb787bbdbc3fd85b82677cf3aaa45a383158d798e34cfdd3b30c3861
births[20].optimization.trials[1].timing.signature.field_digest,11162da077d54597700e705723b34acb147f47c44095818ea0b0ecb554a3fc55
births[20].optimization.trials[1].timing.signature.count,16777216
births[20].optimization.trials[1].timing.signature.seed,101
births[20].optimization.trials[1].timing.signature.operator_version,v0817_CURRENT_fixed_measure_C3
births[20].optimization.trials[1].timing.signature.shape[0],4
births[20].optimization.trials[1].timing.signature.shape[1],1080
births[20].optimization.trials[1].timing.signature.shape[2],1920
births[20].optimization.trials[1].timing.signature.shape[3],3
births[20].optimization.trials[1].timing.signature.dtype,float32
births[20].optimization.trials[1].timing.signature.source_digest,e9a0305b3ed0de34bf755a1f588cd96b3f0913d79827dc0c89908e88e8dfbd53
births[20].optimization.trials[1].timing.signature.centers,660056df0b5d4e337c314102d06a1806beefe3a74375c1fe3ed2149e67174121
births[20].optimization.trials[1].timing.signature.radii,388e1fa9f0e9c8fd258928978978d2c6314e6149ed51e66f697161413c859ecd
births[20].optimization.trials[1].timing.signature.coefficients,0da917bb1fa1fcc8e4b36c2802038bece818dd273cb876fb0979528f8561a0d0
births[20].optimization.trials[1].timing.source_seconds,60.14290284994058
births[20].optimization.trials[1].timing.transport_seconds,526.158714979887
births[20].optimization.trials[1].timing.detector_seconds,81.2717853919603
births[20].optimization.trials[1].timing.total_seconds,667.6155346299056
births[20].optimization.trials[1].timing.peak_cuda_allocated_mib,569.1865234375
births[20].optimization.trials[1].timing.peak_cuda_reserved_mib,5722.0
births[20].optimization.trials[1].timing.cpu_rss_peak_mib,9754.1328125
births[20].optimization.trials[1].timing.energy_accounting[0].view,0
births[20].optimization.trials[1].timing.energy_accounting[0].input_energy,0.5792598165951754
births[20].optimization.trials[1].timing.energy_accounting[0].detected_energy,0.5792595467602263
births[20].optimization.trials[1].timing.energy_accounting[0].relative_energy_difference,4.658271494622403e-07
births[20].optimization.trials[1].timing.energy_accounting[0].projected_count_sum,16777169.377956402
births[20].optimization.trials[1].timing.energy_accounting[0].boundary_checked,True
births[20].optimization.trials[1].timing.energy_accounting[0].boundary_lost_energy,0.0
births[20].optimization.trials[1].timing.energy_accounting[0].expected_in_window_energy,0.5792598165951754
births[20].optimization.trials[1].timing.energy_accounting[0].numerical_energy_relative_error,4.658271494622403e-07
births[20].optimization.trials[1].timing.energy_accounting[1].view,1
births[20].optimization.trials[1].timing.energy_accounting[1].input_energy,0.442464275249762
births[20].optimization.trials[1].timing.energy_accounting[1].detected_energy,0.4424640450094074
births[20].optimization.trials[1].timing.energy_accounting[1].relative_energy_difference,5.203591961974472e-07
births[20].optimization.trials[1].timing.energy_accounting[1].projected_count_sum,16777169.279140273
births[20].optimization.trials[1].timing.energy_accounting[1].boundary_checked,True
births[20].optimization.trials[1].timing.energy_accounting[1].boundary_lost_energy,0.0
births[20].optimization.trials[1].timing.energy_accounting[1].expected_in_window_energy,0.442464275249762
births[20].optimization.trials[1].timing.energy_accounting[1].numerical_energy_relative_error,5.203591961974472e-07
births[20].optimization.trials[1].timing.energy_accounting[2].view,2
births[20].optimization.trials[1].timing.energy_accounting[2].input_energy,0.5387098026435864
births[20].optimization.trials[1].timing.energy_accounting[2].detected_energy,0.5387095420185772
births[20].optimization.trials[1].timing.energy_accounting[2].relative_energy_difference,4.837948146678563e-07
births[20].optimization.trials[1].timing.energy_accounting[2].projected_count_sum,16777169.153386692
births[20].optimization.trials[1].timing.energy_accounting[2].boundary_checked,True
births[20].optimization.trials[1].timing.energy_accounting[2].boundary_lost_energy,0.0
births[20].optimization.trials[1].timing.energy_accounting[2].expected_in_window_energy,0.5387098026435864
births[20].optimization.trials[1].timing.energy_accounting[2].numerical_energy_relative_error,4.837948146678563e-07
births[20].optimization.trials[1].timing.energy_accounting[3].view,3
births[20].optimization.trials[1].timing.energy_accounting[3].input_energy,0.4569817032006512
births[20].optimization.trials[1].timing.energy_accounting[3].detected_energy,0.45698147136297745
births[20].optimization.trials[1].timing.energy_accounting[3].relative_energy_difference,5.073237551998241e-07
births[20].optimization.trials[1].timing.energy_accounting[3].projected_count_sum,16777169.070200058
births[20].optimization.trials[1].timing.energy_accounting[3].boundary_checked,True
births[20].optimization.trials[1].timing.energy_accounting[3].boundary_lost_energy,0.0
births[20].optimization.trials[1].timing.energy_accounting[3].expected_in_window_energy,0.4569817032006512
births[20].optimization.trials[1].timing.energy_accounting[3].numerical_energy_relative_error,5.073237551998241e-07
births[20].optimization.trials[1].timing.root_failures,0
births[20].optimization.trials[1].timing.attachment_residual_max,6.661338147750939e-16
births[20].optimization.trials[1].timing.maximum_displacement,0.027813267566889475
births[20].optimization.trials[1].timing.image_digest,2b3e2e4f6464607cedce708bc75bdf4a28994fd4a8c66dc864a5375336447d32
births[20].optimization.trials[1].timing.state_persisted,False
births[20].optimization.trials[1].finite,True
births[20].optimization.trials[2].alpha,0.25
births[20].optimization.trials[2].loss,0.06192625741435419
births[20].optimization.trials[2].coefficient[0],-0.03
births[20].optimization.trials[2].coefficient[1],-0.015
births[20].optimization.trials[2].coefficient[2],0.03
births[20].optimization.trials[2].coefficient[3],0.015
births[20].optimization.trials[2].coefficient[4],-0.03
births[20].optimization.trials[2].coefficient[5],-0.03
births[20].optimization.trials[2].coefficient[6],-0.03
births[20].optimization.trials[2].coefficient[7],-0.03
births[20].optimization.trials[2].coefficient[8],-0.03
births[20].optimization.trials[2].coefficient[9],-0.03
births[20].optimization.trials[2].coefficient[10],-0.03
births[20].optimization.trials[2].coefficient[11],0.03
births[20].optimization.trials[2].coefficient[12],-0.03
births[20].optimization.trials[2].coefficient[13],-0.002381273929605328
births[20].optimization.trials[2].coefficient[14],-0.03
births[20].optimization.trials[2].coefficient[15],-0.03
births[20].optimization.trials[2].coefficient[16],-0.03
births[20].optimization.trials[2].coefficient[17],-0.03
births[20].optimization.trials[2].coefficient[18],-0.03
births[20].optimization.trials[2].coefficient[19],-0.03
births[20].optimization.trials[2].coefficient[20],0.0075
births[20].optimization.trials[2].timing.signature.config_digest,62ca4976cb787bbdbc3fd85b82677cf3aaa45a383158d798e34cfdd3b30c3861
births[20].optimization.trials[2].timing.signature.field_digest,11162da077d54597700e705723b34acb147f47c44095818ea0b0ecb554a3fc55
births[20].optimization.trials[2].timing.signature.count,16777216
births[20].optimization.trials[2].timing.signature.seed,101
births[20].optimization.trials[2].timing.signature.operator_version,v0817_CURRENT_fixed_measure_C3
births[20].optimization.trials[2].timing.signature.shape[0],4
births[20].optimization.trials[2].timing.signature.shape[1],1080
births[20].optimization.trials[2].timing.signature.shape[2],1920
births[20].optimization.trials[2].timing.signature.shape[3],3
births[20].optimization.trials[2].timing.signature.dtype,float32
births[20].optimization.trials[2].timing.signature.source_digest,e9a0305b3ed0de34bf755a1f588cd96b3f0913d79827dc0c89908e88e8dfbd53
births[20].optimization.trials[2].timing.signature.centers,660056df0b5d4e337c314102d06a1806beefe3a74375c1fe3ed2149e67174121
births[20].optimization.trials[2].timing.signature.radii,388e1fa9f0e9c8fd258928978978d2c6314e6149ed51e66f697161413c859ecd
births[20].optimization.trials[2].timing.signature.coefficients,6c7d97562ffeda325bdd0c2ede6d8926e7564e49b6ceccec63657d48a1b47644
births[20].optimization.trials[2].timing.source_seconds,60.551524131093174
births[20].optimization.trials[2].timing.transport_seconds,526.9133144358639
births[20].optimization.trials[2].timing.detector_seconds,80.90562732401304
births[20].optimization.trials[2].timing.total_seconds,668.4117021120619
births[20].optimization.trials[2].timing.peak_cuda_allocated_mib,571.2607421875
births[20].optimization.trials[2].timing.peak_cuda_reserved_mib,5722.0
births[20].optimization.trials[2].timing.cpu_rss_peak_mib,9754.1328125
births[20].optimization.trials[2].timing.energy_accounting[0].view,0
births[20].optimization.trials[2].timing.energy_accounting[0].input_energy,0.5792360901429301
births[20].optimization.trials[2].timing.energy_accounting[0].detected_energy,0.5792358201318506
births[20].optimization.trials[2].timing.energy_accounting[0].relative_energy_difference,4.6615030397789045e-07
births[20].optimization.trials[2].timing.energy_accounting[0].projected_count_sum,16777169.409357306
births[20].optimization.trials[2].timing.energy_accounting[0].boundary_checked,True
births[20].optimization.trials[2].timing.energy_accounting[0].boundary_lost_energy,0.0
births[20].optimization.trials[2].timing.energy_accounting[0].expected_in_window_energy,0.5792360901429301
births[20].optimization.trials[2].timing.energy_accounting[0].numerical_energy_relative_error,4.6615030397789045e-07
births[20].optimization.trials[2].timing.energy_accounting[1].view,1
births[20].optimization.trials[2].timing.energy_accounting[1].input_energy,0.442464275249762
births[20].optimization.trials[2].timing.energy_accounting[1].detected_energy,0.4424640450090135
births[20].optimization.trials[2].timing.energy_accounting[1].relative_energy_difference,5.203600864549238e-07
births[20].optimization.trials[2].timing.energy_accounting[1].projected_count_sum,16777169.283569375
births[20].optimization.trials[2].timing.energy_accounting[1].boundary_checked,True
births[20].optimization.trials[2].timing.energy_accounting[1].boundary_lost_energy,0.0
births[20].optimization.trials[2].timing.energy_accounting[1].expected_in_window_energy,0.442464275249762
births[20].optimization.trials[2].timing.energy_accounting[1].numerical_energy_relative_error,5.203600864549238e-07
births[20].optimization.trials[2].timing.energy_accounting[2].view,2
births[20].optimization.trials[2].timing.energy_accounting[2].input_energy,0.5385452542989344
births[20].optimization.trials[2].timing.energy_accounting[2].detected_energy,0.5385449938796196
births[20].optimization.trials[2].timing.energy_accounting[2].relative_energy_difference,4.835606900264635e-07
births[20].optimization.trials[2].timing.energy_accounting[2].projected_count_sum,16777169.144278679
births[20].optimization.trials[2].timing.energy_accounting[2].boundary_checked,True
births[20].optimization.trials[2].timing.energy_accounting[2].boundary_lost_energy,0.0
births[20].optimization.trials[2].timing.energy_accounting[2].expected_in_window_energy,0.5385452542989344
births[20].optimization.trials[2].timing.energy_accounting[2].numerical_energy_relative_error,4.835606900264635e-07
births[20].optimization.trials[2].timing.energy_accounting[3].view,3
births[20].optimization.trials[2].timing.energy_accounting[3].input_energy,0.4570625976847835
births[20].optimization.trials[2].timing.energy_accounting[3].detected_energy,0.4570623656608537
births[20].optimization.trials[2].timing.energy_accounting[3].relative_energy_difference,5.076414719172006e-07
births[20].optimization.trials[2].timing.energy_accounting[3].projected_count_sum,16777168.954361534
births[20].optimization.trials[2].timing.energy_accounting[3].boundary_checked,True
births[20].optimization.trials[2].timing.energy_accounting[3].boundary_lost_energy,0.0
births[20].optimization.trials[2].timing.energy_accounting[3].expected_in_window_energy,0.4570625976847835
births[20].optimization.trials[2].timing.energy_accounting[3].numerical_energy_relative_error,5.076414719172006e-07
births[20].optimization.trials[2].timing.root_failures,0
births[20].optimization.trials[2].timing.attachment_residual_max,6.661338147750939e-16
births[20].optimization.trials[2].timing.maximum_displacement,0.027813267566889475
births[20].optimization.trials[2].timing.image_digest,eb44e602fd74b487bbc8feaae4a9eb329b5c8b0a3e90dce371d73f277bd961dd
births[20].optimization.trials[2].timing.state_persisted,False
births[20].optimization.trials[2].finite,True
births[20].optimization.trials[3].alpha,0.125
births[20].optimization.trials[3].loss,0.06192182505275677
births[20].optimization.trials[3].coefficient[0],-0.03
births[20].optimization.trials[3].coefficient[1],-0.0225
births[20].optimization.trials[3].coefficient[2],0.03
births[20].optimization.trials[3].coefficient[3],0.0225
births[20].optimization.trials[3].coefficient[4],-0.03
births[20].optimization.trials[3].coefficient[5],-0.03
births[20].optimization.trials[3].coefficient[6],-0.03
births[20].optimization.trials[3].coefficient[7],-0.03
births[20].optimization.trials[3].coefficient[8],-0.03
births[20].optimization.trials[3].coefficient[9],-0.03
births[20].optimization.trials[3].coefficient[10],-0.03
births[20].optimization.trials[3].coefficient[11],0.03
births[20].optimization.trials[3].coefficient[12],-0.03
births[20].optimization.trials[3].coefficient[13],-0.0009753098097713322
births[20].optimization.trials[3].coefficient[14],-0.03
births[20].optimization.trials[3].coefficient[15],-0.03
births[20].optimization.trials[3].coefficient[16],-0.03
births[20].optimization.trials[3].coefficient[17],-0.03
births[20].optimization.trials[3].coefficient[18],-0.03
births[20].optimization.trials[3].coefficient[19],-0.03
births[20].optimization.trials[3].coefficient[20],0.00375
births[20].optimization.trials[3].timing.signature.config_digest,62ca4976cb787bbdbc3fd85b82677cf3aaa45a383158d798e34cfdd3b30c3861
births[20].optimization.trials[3].timing.signature.field_digest,11162da077d54597700e705723b34acb147f47c44095818ea0b0ecb554a3fc55
births[20].optimization.trials[3].timing.signature.count,16777216
births[20].optimization.trials[3].timing.signature.seed,101
births[20].optimization.trials[3].timing.signature.operator_version,v0817_CURRENT_fixed_measure_C3
births[20].optimization.trials[3].timing.signature.shape[0],4
births[20].optimization.trials[3].timing.signature.shape[1],1080
births[20].optimization.trials[3].timing.signature.shape[2],1920
births[20].optimization.trials[3].timing.signature.shape[3],3
births[20].optimization.trials[3].timing.signature.dtype,float32
births[20].optimization.trials[3].timing.signature.source_digest,e9a0305b3ed0de34bf755a1f588cd96b3f0913d79827dc0c89908e88e8dfbd53
births[20].optimization.trials[3].timing.signature.centers,660056df0b5d4e337c314102d06a1806beefe3a74375c1fe3ed2149e67174121
births[20].optimization.trials[3].timing.signature.radii,388e1fa9f0e9c8fd258928978978d2c6314e6149ed51e66f697161413c859ecd
births[20].optimization.trials[3].timing.signature.coefficients,fb3e84d1ce58daef77933c6652c632ded6d4e81d9336ca06730270b13b49cbd1
births[20].optimization.trials[3].timing.source_seconds,60.625076635042205
births[20].optimization.trials[3].timing.transport_seconds,527.184291993035
births[20].optimization.trials[3].timing.detector_seconds,82.56262082606554
births[20].optimization.trials[3].timing.total_seconds,670.413682451006
births[20].optimization.trials[3].timing.peak_cuda_allocated_mib,571.26171875
births[20].optimization.trials[3].timing.peak_cuda_reserved_mib,5722.0
births[20].optimization.trials[3].timing.cpu_rss_peak_mib,9754.1328125
births[20].optimization.trials[3].timing.energy_accounting[0].view,0
births[20].optimization.trials[3].timing.energy_accounting[0].input_energy,0.5792208374034379
births[20].optimization.trials[3].timing.energy_accounting[0].detected_energy,0.5792205672529166
births[20].optimization.trials[3].timing.energy_accounting[0].relative_energy_difference,4.6640331949655625e-07
births[20].optimization.trials[3].timing.energy_accounting[0].projected_count_sum,16777169.397342622
births[20].optimization.trials[3].timing.energy_accounting[0].boundary_checked,True
births[20].optimization.trials[3].timing.energy_accounting[0].boundary_lost_energy,0.0
births[20].optimization.trials[3].timing.energy_accounting[0].expected_in_window_energy,0.5792208374034379
births[20].optimization.trials[3].timing.energy_accounting[0].numerical_energy_relative_error,4.6640331949655625e-07
births[20].optimization.trials[3].timing.energy_accounting[1].view,1
births[20].optimization.trials[3].timing.energy_accounting[1].input_energy,0.442464275249762
births[20].optimization.trials[3].timing.energy_accounting[1].detected_energy,0.44246404500963477
births[20].optimization.trials[3].timing.energy_accounting[1].relative_energy_difference,5.203586823171451e-07
births[20].optimization.trials[3].timing.energy_accounting[1].projected_count_sum,16777169.265493458
births[20].optimization.trials[3].timing.energy_accounting[1].boundary_checked,True
births[20].optimization.trials[3].timing.energy_accounting[1].boundary_lost_energy,0.0
births[20].optimization.trials[3].timing.energy_accounting[1].expected_in_window_energy,0.442464275249762
births[20].optimization.trials[3].timing.energy_accounting[1].numerical_energy_relative_error,5.203586823171451e-07
births[20].optimization.trials[3].timing.energy_accounting[2].view,2
births[20].optimization.trials[3].timing.energy_accounting[2].input_energy,0.5384614250871683
births[20].optimization.trials[3].timing.energy_accounting[2].detected_energy,0.5384611643214154
births[20].optimization.trials[3].timing.energy_accounting[2].relative_energy_difference,4.842793573141945e-07
births[20].optimization.trials[3].timing.energy_accounting[2].projected_count_sum,16777169.114614207
births[20].optimization.trials[3].timing.energy_accounting[2].boundary_checked,True
births[20].optimization.trials[3].timing.energy_accounting[2].boundary_lost_energy,0.0
births[20].optimization.trials[3].timing.energy_accounting[2].expected_in_window_energy,0.5384614250871683
births[20].optimization.trials[3].timing.energy_accounting[2].numerical_energy_relative_error,4.842793573141945e-07
births[20].optimization.trials[3].timing.energy_accounting[3].view,3
births[20].optimization.trials[3].timing.energy_accounting[3].input_energy,0.4571035595230531
births[20].optimization.trials[3].timing.energy_accounting[3].detected_energy,0.45710332758033073
births[20].optimization.trials[3].timing.energy_accounting[3].relative_energy_difference,5.074183246436182e-07
births[20].optimization.trials[3].timing.energy_accounting[3].projected_count_sum,16777168.904364578
births[20].optimization.trials[3].timing.energy_accounting[3].boundary_checked,True
births[20].optimization.trials[3].timing.energy_accounting[3].boundary_lost_energy,0.0
births[20].optimization.trials[3].timing.energy_accounting[3].expected_in_window_energy,0.4571035595230531
births[20].optimization.trials[3].timing.energy_accounting[3].numerical_energy_relative_error,5.074183246436182e-07
births[20].optimization.trials[3].timing.root_failures,0
births[20].optimization.trials[3].timing.attachment_residual_max,6.661338147750939e-16
births[20].optimization.trials[3].timing.maximum_displacement,0.027813267566889475
births[20].optimization.trials[3].timing.image_digest,973b578c9149a8de33c17667dafd0b36c66eb956bb8d928a48e4a5c9bc231b98
births[20].optimization.trials[3].timing.state_persisted,False
births[20].optimization.trials[3].finite,True
births[20].optimization.realized_gain,0.0
births[20].optimization.coefficient_limit_hits,20
births[20].optimization.seconds,2683.8158815829083
births[20].observation.whole_image_mse,0.12383491170749743
births[20].observation.foreground_mse,0.14937944782067392
births[20].observation.interior_gt8px_mse,0.13101926712220816
births[20].observation.silhouette_0_8px_mse,0.3594728386007343
births[20].observation.foreground_mean_brightness,0.5122614391360966
births[20].observation.edge_sharpness,0.006071384553282243
births[20].observation.reference_edge_sharpness,0.09199675652077396
births[20].observation.edge_sharpness_ratio,0.06599563705173944
births[20].observation.thin_feature_response_ratio,0.017791222813592692
births[20].observation.per_view[0].gradient_magnitude_ratio,0.27563395930426454
births[20].observation.per_view[0].gradient_cosine,0.003286623422536378
births[20].observation.per_view[0].reference_aligned_gradient_energy,98.01865411804997
births[20].observation.per_view[0].unmatched_gradient_energy,363.8918908275633
births[20].observation.per_view[0].excess_hf_weak_reference,0.00020000145645767136
births[20].observation.per_view[0].gradient_squared_error,0.0015747345042143863
births[20].observation.per_view[0].weak_reference_pixels,1624532
births[20].observation.per_view[1].gradient_magnitude_ratio,0.27189964422640234
births[20].observation.per_view[1].gradient_cosine,0.0014379849515906984
births[20].observation.per_view[1].reference_aligned_gradient_energy,59.13859723872869
births[20].observation.per_view[1].unmatched_gradient_energy,370.27404665010636
births[20].observation.per_view[1].excess_hf_weak_reference,0.00020199369049819205
births[20].observation.per_view[1].gradient_squared_error,0.0015030103244780323
births[20].observation.per_view[1].weak_reference_pixels,1644948
births[20].observation.per_view[2].gradient_magnitude_ratio,0.2741173129890903
births[20].observation.per_view[2].gradient_cosine,0.006482932518508581
births[20].observation.per_view[2].reference_aligned_gradient_energy,91.54561753172692
births[20].observation.per_view[2].unmatched_gradient_energy,371.6007114643044
births[20].observation.per_view[2].excess_hf_weak_reference,0.00021523759634153736
births[20].observation.per_view[2].gradient_squared_error,0.001592639193611872
births[20].observation.per_view[2].weak_reference_pixels,1561449
births[20].observation.per_view[3].gradient_magnitude_ratio,0.31183079502971217
births[20].observation.per_view[3].gradient_cosine,0.006379641852245091
births[20].observation.per_view[3].reference_aligned_gradient_energy,39.35307962598925
births[20].observation.per_view[3].unmatched_gradient_energy,393.7094326265575
births[20].observation.per_view[3].excess_hf_weak_reference,0.0002297409389221718
births[20].observation.per_view[3].gradient_squared_error,0.001174034743641434
births[20].observation.per_view[3].weak_reference_pixels,1668420
births[20].observation.gradient_magnitude_ratio,0.2833704278873673
births[20].observation.gradient_cosine,0.004396795686220187
births[20].observation.reference_aligned_gradient_energy,72.01398712862371
births[20].observation.unmatched_gradient_energy,374.86902039213294
births[20].observation.excess_hf_weak_reference,0.00021174342055489312
births[20].observation.gradient_squared_error,0.0014611046914864312
births[20].observation.weak_reference_pixels,1624837.25
births[20].observation.loss,0.06191743269536541
births[20].observation.detected_energy,6274265.229230453
births[20].observation.relative_rgb_l2,0.8179729735901564
births[20].observation.per_view_mse[0],0.14549444726202393
births[20].observation.per_view_mse[1],0.11678763961395998
births[20].observation.per_view_mse[2],0.13015676965664305
births[20].observation.per_view_mse[3],0.10290060503029677
births[20].observation.foreground_mask_iou[0],0.5580892311603382
births[20].observation.foreground_mask_iou[1],0.5430577786042723
births[20].observation.foreground_mask_iou[2],0.611073634346705
births[20].observation.foreground_mask_iou[3],0.5996279376883433
births[20].observation.squared_image_energy,4361103.375
births[20].geometry.symmetric_chamfer,0.23734451354015965
births[20].geometry.point_to_surface_mean,0.2651734486528289
births[20].geometry.point_to_surface_p95,0.5964953378103459
births[20].geometry.surface_rms,0.3273309117503456
births[20].geometry.normal_consistency,0.7018765171983425
births[20].geometry.normal_error,0.29812348280165746
births[20].geometry.regional_ear_p2s_mean,0.3352769802296983
births[20].geometry.regional_head_p2s_mean,0.1902855170950838
births[20].geometry.regional_leg_p2s_mean,0.07890738440457845
births[20].geometry.regional_torso_p2s_mean,0.29790910679172633
births[20].geometry.bounds[0][0],-0.9999213884461601
births[20].geometry.bounds[0][1],-0.9999213884461601
births[20].geometry.bounds[0][2],-0.999336789688974
births[20].geometry.bounds[1][0],1.0020892449145047
births[20].geometry.bounds[1][1],1.0008261626621462
births[20].geometry.bounds[1][2],0.999934128095519
births[20].geometry.surface_area,12.598365865009505
births[20].geometry.components,1
births[20].geometry.maximum_outward_from_unit_sphere,0.027742578441678267
births[20].geometry.maximum_inward_from_unit_sphere,0.007568205540274042
births[20].geometry.radial_deviation_p95,0.008513895601742372
births[20].geometry.gt_extends_outside_unit_sphere,True
births[20].geometry.gt_max_radius,1.5736361939753005
births[20].geometry.source_coverage_distance_p95,0.013612487133666308
births[20].geometry.source_coverage_distance_max,0.025116248814588356
births[20].geometry.source_coverage_samples,65536
births[20].geometry.geometry_seconds,0.5912374788895249
births[20].geometry.geometry_path,runs/v090_matched_birth/geometry/globe_birth21.ply
births[20].geometry.geometry_target,"MC approximation of prepared.gt_field, evaluation only; existing P2S/Chamfer definitions. Current normals updated at every evaluation."
births[20].scoring_seconds,331.27364276815206
births[20].total_seconds,3022.6944089911412
births[20].peak_cuda_allocated_mib,3107.4833984375
births[20].peak_cuda_reserved_mib,5722.0
births[20].cpu_rss_peak_mib,9754.1328125
births[20].image_path,
births[20].checkpoint_image,runs/v090_matched_birth/globe_checkpoint21.npy
births[21].round,22
births[21].deterministic_id,GLOBE:22:1
births[21].center[0],0.38478596613976535
births[21].center[1],0.6519386144658471
births[21].center[2],-0.6779058524075691
births[21].radius,0.45
births[21].proposal_source_id,12842604
births[21].zero_set_residual_at_birth,1.3877787807814457e-16
births[21].selected_rank,1
births[21].candidate_bank_size,32
births[21].responsive_fraction,1.0
births[21].predicted_gain,0.0003991801309518991
births[21].alignment,0.0035291389163999423
births[21].jacobian_norm,0.12490157239797416
births[21].affected_views,2
births[21].affected_pixels,209062
births[21].coefficient,-0.03
births[21].active_dof_count,22
births[21].born_dof_count,22
births[21].accepted_births,16
births[21].initialized_at_zero,True
births[21].birth_image_jump,0.0
births[21].birth_source_count_change,0
births[21].birth_source_mass_change,0.0
births[21].source_count,16777216
births[21].source_weight_digest,e8a23943d73928dce091768b7789dedd1390b88a2ee2ef22b4e84ad52b924711
births[21].coefficients[0],-0.03
births[21].coefficients[1],0.03
births[21].coefficients[2],0.03
births[21].coefficients[3],-0.03
births[21].coefficients[4],-0.03
births[21].coefficients[5],-0.03
births[21].coefficients[6],-0.03
births[21].coefficients[7],-0.03
births[21].coefficients[8],-0.03
births[21].coefficients[9],-0.03
births[21].coefficients[10],-0.03
births[21].coefficients[11],0.03
births[21].coefficients[12],-0.03
births[21].coefficients[13],-0.010817035001317319
births[21].coefficients[14],-0.03
births[21].coefficients[15],-0.03
births[21].coefficients[16],-0.03
births[21].coefficients[17],-0.01924356271802917
births[21].coefficients[18],-0.03
births[21].coefficients[19],-0.03
births[21].coefficients[20],0.03
births[21].coefficients[21],-0.03
births[21].centers[0][0],-0.07351842161138195
births[21].centers[0][1],0.6811820444435563
births[21].centers[0][2],-0.728413388133049
births[21].centers[1][0],0.6720258443143237
births[21].centers[1][1],0.5230814425100977
births[21].centers[1][2],-0.5241822861135006
births[21].centers[2][0],0.12062150794935045
births[21].centers[2][1],0.2665257085036449
births[21].centers[2][2],-0.9562502279877663
births[21].centers[3][0],0.6105258360802454
births[21].centers[3][1],0.566767707400702
births[21].centers[3][2],-0.5728702979286703
births[21].centers[4][0],0.13361574155036657
births[21].centers[4][1],0.8868378640189128
births[21].centers[4][2],0.44234086014330387
births[21].centers[5][0],0.9348412718678133
births[21].centers[5][1],0.17414060480910115
births[21].centers[5][2],0.3094298727810383
births[21].centers[6][0],0.10765130760785846
births[21].centers[6][1],0.37381169381516527
births[21].centers[6][2],-0.931612583191458
births[21].centers[7][0],0.27660040085736426
births[21].centers[7][1],0.08849992431230631
births[21].centers[7][2],0.9569012392312288
births[21].centers[8][0],0.3656402470898519
births[21].centers[8][1],0.2420315947952902
births[21].centers[8][2],-0.8976672496030755
births[21].centers[9][0],0.5042942542486878
births[21].centers[9][1],0.23319429282205392
births[21].centers[9][2],-0.8353174314302868
births[21].centers[10][0],0.9657880199999013
births[21].centers[10][1],-0.004972121226871936
births[21].centers[10][2],-0.25928512960672373
births[21].centers[11][0],0.43033766896540854
births[21].centers[11][1],0.29701592496651535
births[21].centers[11][2],-0.8738539169153484
births[21].centers[12][0],-0.0653798551048776
births[21].centers[12][1],0.9759003052447783
births[21].centers[12][2],0.21019734664427175
births[21].centers[13][0],0.8324638153056917
births[21].centers[13][1],-0.34735399393431043
births[21].centers[13][2],-0.43169664065837554
births[21].centers[14][0],0.874068110421238
births[21].centers[14][1],-0.31556807010319615
births[21].centers[14][2],-0.4033349792463196
births[21].centers[15][0],0.5186546030900402
births[21].centers[15][1],0.6470575646401505
births[21].centers[15][2],-0.5808165515816515
births[21].centers[16][0],0.3437081446947666
births[21].centers[16][1],0.22807555224954393
births[21].centers[16][2],0.9139377755375496
births[21].centers[17][0],0.41631243871518575
births[21].centers[17][1],0.6592877764945416
births[21].centers[17][2],-0.6315858556035571
births[21].centers[18][0],-0.06048825746607583
births[21].centers[18][1],0.6450916414259033
births[21].centers[18][2],-0.7784891870902508
births[21].centers[19][0],0.7188248293406948
births[21].centers[19][1],0.46997387399637075
births[21].centers[19][2],-0.5254201786060513
births[21].centers[20][0],0.6630135689512833
births[21].centers[20][1],0.48176933940104566
births[21].centers[20][2],-0.598782129817469
births[21].centers[21][0],0.38478596613976535
births[21].centers[21][1],0.6519386144658471
births[21].centers[21][2],-0.6779058524075691
births[21].radii[0],0.45
births[21].radii[1],0.45
births[21].radii[2],0.45
births[21].radii[3],0.45
births[21].radii[4],0.45
births[21].radii[5],0.45
births[21].radii[6],0.45
births[21].radii[7],0.31819805153394637
births[21].radii[8],0.31819805153394637
births[21].radii[9],0.45
births[21].radii[10],0.45
births[21].radii[11],0.45
births[21].radii[12],0.31819805153394637
births[21].radii[13],0.45
births[21].radii[14],0.31819805153394637
births[21].radii[15],0.45
births[21].radii[16],0.45
births[21].radii[17],0.31819805153394637
births[21].radii[18],0.45
births[21].radii[19],0.45
births[21].radii[20],0.45
births[21].radii[21],0.45
births[21].realized_gain,4.774745753457349e-05
births[21].optimization.accepted,True
births[21].optimization.linear_solver_failures,0
births[21].optimization.line_search_failures,0
births[21].optimization.trials[0].alpha,1.0
births[21].optimization.trials[0].loss,0.06186968523783084
births[21].optimization.trials[0].coefficient[0],-0.03
births[21].optimization.trials[0].coefficient[1],0.03
births[21].optimization.trials[0].coefficient[2],0.03
births[21].optimization.trials[0].coefficient[3],-0.03
births[21].optimization.trials[0].coefficient[4],-0.03
births[21].optimization.trials[0].coefficient[5],-0.03
births[21].optimization.trials[0].coefficient[6],-0.03
births[21].optimization.trials[0].coefficient[7],-0.03
births[21].optimization.trials[0].coefficient[8],-0.03
births[21].optimization.trials[0].coefficient[9],-0.03
births[21].optimization.trials[0].coefficient[10],-0.03
births[21].optimization.trials[0].coefficient[11],0.03
births[21].optimization.trials[0].coefficient[12],-0.03
births[21].optimization.trials[0].coefficient[13],-0.010817035001317319
births[21].optimization.trials[0].coefficient[14],-0.03
births[21].optimization.trials[0].coefficient[15],-0.03
births[21].optimization.trials[0].coefficient[16],-0.03
births[21].optimization.trials[0].coefficient[17],-0.01924356271802917
births[21].optimization.trials[0].coefficient[18],-0.03
births[21].optimization.trials[0].coefficient[19],-0.03
births[21].optimization.trials[0].coefficient[20],0.03
births[21].optimization.trials[0].coefficient[21],-0.03
births[21].optimization.trials[0].timing.signature.config_digest,62ca4976cb787bbdbc3fd85b82677cf3aaa45a383158d798e34cfdd3b30c3861
births[21].optimization.trials[0].timing.signature.field_digest,11162da077d54597700e705723b34acb147f47c44095818ea0b0ecb554a3fc55
births[21].optimization.trials[0].timing.signature.count,16777216
births[21].optimization.trials[0].timing.signature.seed,101
births[21].optimization.trials[0].timing.signature.operator_version,v0817_CURRENT_fixed_measure_C3
births[21].optimization.trials[0].timing.signature.shape[0],4
births[21].optimization.trials[0].timing.signature.shape[1],1080
births[21].optimization.trials[0].timing.signature.shape[2],1920
births[21].optimization.trials[0].timing.signature.shape[3],3
births[21].optimization.trials[0].timing.signature.dtype,float32
births[21].optimization.trials[0].timing.signature.source_digest,e9a0305b3ed0de34bf755a1f588cd96b3f0913d79827dc0c89908e88e8dfbd53
births[21].optimization.trials[0].timing.signature.centers,af89259469f4812db35864cb6cb2f802a17956c4717fdabed6afae05a01f4857
births[21].optimization.trials[0].timing.signature.radii,4e316a1cd94d239f2e9693a8f1cbb58aea80d1cc1d3729cb5283ac340d29614a
births[21].optimization.trials[0].timing.signature.coefficients,3b64ee8fce61aa476d9f224274257aee203369c4e2bacee90cc14af6f1a0b73d
births[21].optimization.trials[0].timing.source_seconds,60.61390388500877
births[21].optimization.trials[0].timing.transport_seconds,528.301763477968
births[21].optimization.trials[0].timing.detector_seconds,80.70650348905474
births[21].optimization.trials[0].timing.total_seconds,669.6642491780221
births[21].optimization.trials[0].timing.peak_cuda_allocated_mib,571.615234375
births[21].optimization.trials[0].timing.peak_cuda_reserved_mib,8238.0
births[21].optimization.trials[0].timing.cpu_rss_peak_mib,9754.1328125
births[21].optimization.trials[0].timing.energy_accounting[0].view,0
births[21].optimization.trials[0].timing.energy_accounting[0].input_energy,0.5791101432322205
births[21].optimization.trials[0].timing.energy_accounting[0].detected_energy,0.5791098734657647
births[21].optimization.trials[0].timing.energy_accounting[0].relative_energy_difference,4.6582927098248123e-07
births[21].optimization.trials[0].timing.energy_accounting[0].projected_count_sum,16777169.28057554
births[21].optimization.trials[0].timing.energy_accounting[0].boundary_checked,True
births[21].optimization.trials[0].timing.energy_accounting[0].boundary_lost_energy,0.0
births[21].optimization.trials[0].timing.energy_accounting[0].expected_in_window_energy,0.5791101432322205
births[21].optimization.trials[0].timing.energy_accounting[0].numerical_energy_relative_error,4.6582927098248123e-07
births[21].optimization.trials[0].timing.energy_accounting[1].view,1
births[21].optimization.trials[0].timing.energy_accounting[1].input_energy,0.442464275249762
births[21].optimization.trials[0].timing.energy_accounting[1].detected_energy,0.4424640450099067
births[21].optimization.trials[0].timing.energy_accounting[1].relative_energy_difference,5.203580676932193e-07
births[21].optimization.trials[0].timing.energy_accounting[1].projected_count_sum,16777169.261916595
births[21].optimization.trials[0].timing.energy_accounting[1].boundary_checked,True
births[21].optimization.trials[0].timing.energy_accounting[1].boundary_lost_energy,0.0
births[21].optimization.trials[0].timing.energy_accounting[1].expected_in_window_energy,0.442464275249762
births[21].optimization.trials[0].timing.energy_accounting[1].numerical_energy_relative_error,5.203580676932193e-07
births[21].optimization.trials[0].timing.energy_accounting[2].view,2
births[21].optimization.trials[0].timing.energy_accounting[2].input_energy,0.5383585236323186
births[21].optimization.trials[0].timing.energy_accounting[2].detected_energy,0.538358262951562
births[21].optimization.trials[0].timing.energy_accounting[2].relative_energy_difference,4.842140417664512e-07
births[21].optimization.trials[0].timing.energy_accounting[2].projected_count_sum,16777169.159222698
births[21].optimization.trials[0].timing.energy_accounting[2].boundary_checked,True
births[21].optimization.trials[0].timing.energy_accounting[2].boundary_lost_energy,0.0
births[21].optimization.trials[0].timing.energy_accounting[2].expected_in_window_energy,0.5383585236323186
births[21].optimization.trials[0].timing.energy_accounting[2].numerical_energy_relative_error,4.842140417664512e-07
births[21].optimization.trials[0].timing.energy_accounting[3].view,3
births[21].optimization.trials[0].timing.energy_accounting[3].input_energy,0.456824204658458
births[21].optimization.trials[0].timing.energy_accounting[3].detected_energy,0.4568239729207668
births[21].optimization.trials[0].timing.energy_accounting[3].relative_energy_difference,5.072798000630499e-07
births[21].optimization.trials[0].timing.energy_accounting[3].projected_count_sum,16777169.230889892
births[21].optimization.trials[0].timing.energy_accounting[3].boundary_checked,True
births[21].optimization.trials[0].timing.energy_accounting[3].boundary_lost_energy,0.0
births[21].optimization.trials[0].timing.energy_accounting[3].expected_in_window_energy,0.456824204658458
births[21].optimization.trials[0].timing.energy_accounting[3].numerical_energy_relative_error,5.072798000630499e-07
births[21].optimization.trials[0].timing.root_failures,0
births[21].optimization.trials[0].timing.attachment_residual_max,6.661338147750939e-16
births[21].optimization.trials[0].timing.maximum_displacement,0.03286303548402669
births[21].optimization.trials[0].timing.image_digest,218dead991edb64ef449bbf0547d9a942205f71583c4ee7bf08172187b7931d7
births[21].optimization.trials[0].timing.state_persisted,False
births[21].optimization.trials[0].finite,True
births[21].optimization.realized_gain,4.774745753457349e-05
births[21].optimization.coefficient_limit_hits,20
births[21].optimization.seconds,671.8232761151157
births[21].observation.whole_image_mse,0.12373941554944702
births[21].observation.foreground_mse,0.14935576621876648
births[21].observation.interior_gt8px_mse,0.13099686577072195
births[21].observation.silhouette_0_8px_mse,0.3593659416759164
births[21].observation.foreground_mean_brightness,0.5123022515035988
births[21].observation.edge_sharpness,0.006071784604799721
births[21].observation.reference_edge_sharpness,0.09199675652077396
births[21].observation.edge_sharpness_ratio,0.06599998559110766
births[21].observation.thin_feature_response_ratio,0.017785556114155648
births[21].observation.per_view[0].gradient_magnitude_ratio,0.27477115918548606
births[21].observation.per_view[0].gradient_cosine,0.0033822699018341436
births[21].observation.per_view[0].reference_aligned_gradient_energy,97.98638110029596
births[21].observation.per_view[0].unmatched_gradient_energy,361.0369091915046
births[21].observation.per_view[0].excess_hf_weak_reference,0.00019827968093134705
births[21].observation.per_view[0].gradient_squared_error,0.0015739695686180929
births[21].observation.per_view[0].weak_reference_pixels,1624532
births[21].observation.per_view[1].gradient_magnitude_ratio,0.27189964424196356
births[21].observation.per_view[1].gradient_cosine,0.0014379849377191966
births[21].observation.per_view[1].reference_aligned_gradient_energy,59.13859723131087
births[21].observation.per_view[1].unmatched_gradient_energy,370.2740467066764
births[21].observation.per_view[1].excess_hf_weak_reference,0.00020199369054095675
births[21].observation.per_view[1].gradient_squared_error,0.0015030103245003872
births[21].observation.per_view[1].weak_reference_pixels,1644948
births[21].observation.per_view[2].gradient_magnitude_ratio,0.2750987575828058
births[21].observation.per_view[2].gradient_cosine,0.00645346099697704
births[21].observation.per_view[2].reference_aligned_gradient_energy,91.56715995274992
births[21].observation.per_view[2].unmatched_gradient_energy,374.9015874003592
births[21].observation.per_view[2].excess_hf_weak_reference,0.00021733821043561633
births[21].observation.per_view[2].gradient_squared_error,0.0015934455036806681
births[21].observation.per_view[2].weak_reference_pixels,1561449
births[21].observation.per_view[3].gradient_magnitude_ratio,0.3112454684526367
births[21].observation.per_view[3].gradient_cosine,0.006392968865059402
births[21].observation.per_view[3].reference_aligned_gradient_energy,39.353068285848956
births[21].observation.per_view[3].unmatched_gradient_energy,392.08519709948973
births[21].observation.per_view[3].excess_hf_weak_reference,0.0002287674129965391
births[21].observation.per_view[3].gradient_squared_error,0.0011736422058655407
births[21].observation.per_view[3].weak_reference_pixels,1668420
births[21].observation.gradient_magnitude_ratio,0.283253757365723
births[21].observation.gradient_cosine,0.004416671175397445
births[21].observation.reference_aligned_gradient_energy,72.01130164255143
births[21].observation.unmatched_gradient_energy,374.57443509950747
births[21].observation.excess_hf_weak_reference,0.0002115947487261148
births[21].observation.gradient_squared_error,0.0014610169006661722
births[21].observation.weak_reference_pixels,1624837.25
births[21].observation.loss,0.06186968523783084
births[21].observation.detected_energy,6272918.342492233
births[21].observation.relative_rgb_l2,0.8176575239620631
births[21].observation.per_view_mse[0],0.14518840205514857
births[21].observation.per_view_mse[1],0.1167876396141219
births[21].observation.per_view_mse[2],0.13034043863622072
births[21].observation.per_view_mse[3],0.10264100159715558
births[21].observation.foreground_mask_iou[0],0.5580774848594755
births[21].observation.foreground_mask_iou[1],0.5430577786042723
births[21].observation.foreground_mask_iou[2],0.6110729800313306
births[21].observation.foreground_mask_iou[3],0.5996307457437418
births[21].observation.squared_image_energy,4359225.25
births[21].geometry.symmetric_chamfer,0.2371438909957267
births[21].geometry.point_to_surface_mean,0.26476596104572425
births[21].geometry.point_to_surface_p95,0.5945937249302998
births[21].geometry.surface_rms,0.3270044356991545
births[21].geometry.normal_consistency,0.7024270506754842
births[21].geometry.normal_error,0.29757294932451583
births[21].geometry.regional_ear_p2s_mean,0.3352326430068578
births[21].geometry.regional_head_p2s_mean,0.19238081943391688
births[21].geometry.regional_leg_p2s_mean,0.07804523575236506
births[21].geometry.regional_torso_p2s_mean,0.2968293697265956
births[21].geometry.bounds[0][0],-0.9999213884461601
births[21].geometry.bounds[0][1],-0.9999213884461601
births[21].geometry.bounds[0][2],-0.999336789688974
births[21].geometry.bounds[1][0],1.0020892449145047
births[21].geometry.bounds[1][1],1.0008261626621462
births[21].geometry.bounds[1][2],0.999934128095519
births[21].geometry.surface_area,12.599556701008247
births[21].geometry.components,1
births[21].geometry.maximum_outward_from_unit_sphere,0.03277370145948111
births[21].geometry.maximum_inward_from_unit_sphere,0.007568205540274042
births[21].geometry.radial_deviation_p95,0.008443800950137581
births[21].geometry.gt_extends_outside_unit_sphere,True
births[21].geometry.gt_max_radius,1.5736361939753005
births[21].geometry.source_coverage_distance_p95,0.013527803728563083
births[21].geometry.source_coverage_distance_max,0.025900166087563202
births[21].geometry.source_coverage_samples,65536
births[21].geometry.geometry_seconds,0.5754222858231515
births[21].geometry.geometry_path,runs/v090_matched_birth/geometry/globe_birth22.ply
births[21].geometry.geometry_target,"MC approximation of prepared.gt_field, evaluation only; existing P2S/Chamfer definitions. Current normals updated at every evaluation."
births[21].scoring_seconds,334.52453871280886
births[21].total_seconds,1014.1816948391497
births[21].peak_cuda_allocated_mib,3155.53515625
births[21].peak_cuda_reserved_mib,8238.0
births[21].cpu_rss_peak_mib,9754.1328125
births[21].image_path,runs/v090_matched_birth/globe_birth22_trial0.npy
births[22].round,23
births[22].deterministic_id,GLOBE:23:4
births[22].center[0],0.144093029127394
births[22].center[1],0.8186374477624594
births[22].center[2],0.568922217523114
births[22].radius,0.45
births[22].proposal_source_id,11961934
births[22].zero_set_residual_at_birth,2.2898349882893854e-16
births[22].selected_rank,1
births[22].candidate_bank_size,32
births[22].responsive_fraction,1.0
births[22].predicted_gain,0.00021665076926070923
births[22].alignment,0.002327957749206934
births[22].jacobian_norm,0.11183512878035391
births[22].affected_views,3
births[22].affected_pixels,202362
births[22].coefficient,0.0
births[22].active_dof_count,23
births[22].born_dof_count,23
births[22].accepted_births,16
births[22].initialized_at_zero,True
births[22].birth_image_jump,0.0
births[22].birth_source_count_change,0
births[22].birth_source_mass_change,0.0
births[22].source_count,16777216
births[22].source_weight_digest,e8a23943d73928dce091768b7789dedd1390b88a2ee2ef22b4e84ad52b924711
births[22].coefficients[0],-0.03
births[22].coefficients[1],0.03
births[22].coefficients[2],0.03
births[22].coefficients[3],-0.03
births[22].coefficients[4],-0.03
births[22].coefficients[5],-0.03
births[22].coefficients[6],-0.03
births[22].coefficients[7],-0.03
births[22].coefficients[8],-0.03
births[22].coefficients[9],-0.03
births[22].coefficients[10],-0.03
births[22].coefficients[11],0.03
births[22].coefficients[12],-0.03
births[22].coefficients[13],-0.010817035001317319
births[22].coefficients[14],-0.03
births[22].coefficients[15],-0.03
births[22].coefficients[16],-0.03
births[22].coefficients[17],-0.01924356271802917
births[22].coefficients[18],-0.03
births[22].coefficients[19],-0.03
births[22].coefficients[20],0.03
births[22].coefficients[21],-0.03
births[22].coefficients[22],0.0
births[22].centers[0][0],-0.07351842161138195
births[22].centers[0][1],0.6811820444435563
births[22].centers[0][2],-0.728413388133049
births[22].centers[1][0],0.6720258443143237
births[22].centers[1][1],0.5230814425100977
births[22].centers[1][2],-0.5241822861135006
births[22].centers[2][0],0.12062150794935045
births[22].centers[2][1],0.2665257085036449
births[22].centers[2][2],-0.9562502279877663
births[22].centers[3][0],0.6105258360802454
births[22].centers[3][1],0.566767707400702
births[22].centers[3][2],-0.5728702979286703
births[22].centers[4][0],0.13361574155036657
births[22].centers[4][1],0.8868378640189128
births[22].centers[4][2],0.44234086014330387
births[22].centers[5][0],0.9348412718678133
births[22].centers[5][1],0.17414060480910115
births[22].centers[5][2],0.3094298727810383
births[22].centers[6][0],0.10765130760785846
births[22].centers[6][1],0.37381169381516527
births[22].centers[6][2],-0.931612583191458
births[22].centers[7][0],0.27660040085736426
births[22].centers[7][1],0.08849992431230631
births[22].centers[7][2],0.9569012392312288
births[22].centers[8][0],0.3656402470898519
births[22].centers[8][1],0.2420315947952902
births[22].centers[8][2],-0.8976672496030755
births[22].centers[9][0],0.5042942542486878
births[22].centers[9][1],0.23319429282205392
births[22].centers[9][2],-0.8353174314302868
births[22].centers[10][0],0.9657880199999013
births[22].centers[10][1],-0.004972121226871936
births[22].centers[10][2],-0.25928512960672373
births[22].centers[11][0],0.43033766896540854
births[22].centers[11][1],0.29701592496651535
births[22].centers[11][2],-0.8738539169153484
births[22].centers[12][0],-0.0653798551048776
births[22].centers[12][1],0.9759003052447783
births[22].centers[12][2],0.21019734664427175
births[22].centers[13][0],0.8324638153056917
births[22].centers[13][1],-0.34735399393431043
births[22].centers[13][2],-0.43169664065837554
births[22].centers[14][0],0.874068110421238
births[22].centers[14][1],-0.31556807010319615
births[22].centers[14][2],-0.4033349792463196
births[22].centers[15][0],0.5186546030900402
births[22].centers[15][1],0.6470575646401505
births[22].centers[15][2],-0.5808165515816515
births[22].centers[16][0],0.3437081446947666
births[22].centers[16][1],0.22807555224954393
births[22].centers[16][2],0.9139377755375496
births[22].centers[17][0],0.41631243871518575
births[22].centers[17][1],0.6592877764945416
births[22].centers[17][2],-0.6315858556035571
births[22].centers[18][0],-0.06048825746607583
births[22].centers[18][1],0.6450916414259033
births[22].centers[18][2],-0.7784891870902508
births[22].centers[19][0],0.7188248293406948
births[22].centers[19][1],0.46997387399637075
births[22].centers[19][2],-0.5254201786060513
births[22].centers[20][0],0.6630135689512833
births[22].centers[20][1],0.48176933940104566
births[22].centers[20][2],-0.598782129817469
births[22].centers[21][0],0.38478596613976535
births[22].centers[21][1],0.6519386144658471
births[22].centers[21][2],-0.6779058524075691
births[22].centers[22][0],0.144093029127394
births[22].centers[22][1],0.8186374477624594
births[22].centers[22][2],0.568922217523114
births[22].radii[0],0.45
births[22].radii[1],0.45
births[22].radii[2],0.45
births[22].radii[3],0.45
births[22].radii[4],0.45
births[22].radii[5],0.45
births[22].radii[6],0.45
births[22].radii[7],0.31819805153394637
births[22].radii[8],0.31819805153394637
births[22].radii[9],0.45
births[22].radii[10],0.45
births[22].radii[11],0.45
births[22].radii[12],0.31819805153394637
births[22].radii[13],0.45
births[22].radii[14],0.31819805153394637
births[22].radii[15],0.45
births[22].radii[16],0.45
births[22].radii[17],0.31819805153394637
births[22].radii[18],0.45
births[22].radii[19],0.45
births[22].radii[20],0.45
births[22].radii[21],0.45
births[22].radii[22],0.45
births[22].realized_gain,0.0
births[22].optimization.accepted,False
births[22].optimization.linear_solver_failures,0
births[22].optimization.line_search_failures,1
births[22].optimization.trials[0].alpha,1.0
births[22].optimization.trials[0].loss,0.062037487278103896
births[22].optimization.trials[0].coefficient[0],-0.03
births[22].optimization.trials[0].coefficient[1],0.03
births[22].optimization.trials[0].coefficient[2],0.03
births[22].optimization.trials[0].coefficient[3],-0.03
births[22].optimization.trials[0].coefficient[4],-0.03
births[22].optimization.trials[0].coefficient[5],-0.03
births[22].optimization.trials[0].coefficient[6],-0.03
births[22].optimization.trials[0].coefficient[7],-0.03
births[22].optimization.trials[0].coefficient[8],-0.03
births[22].optimization.trials[0].coefficient[9],-0.03
births[22].optimization.trials[0].coefficient[10],-0.03
births[22].optimization.trials[0].coefficient[11],0.03
births[22].optimization.trials[0].coefficient[12],-0.03
births[22].optimization.trials[0].coefficient[13],-0.0002601112048921297
births[22].optimization.trials[0].coefficient[14],-0.03
births[22].optimization.trials[0].coefficient[15],0.01240726129956244
births[22].optimization.trials[0].coefficient[16],-0.03
births[22].optimization.trials[0].coefficient[17],-0.017167814466828277
births[22].optimization.trials[0].coefficient[18],-0.03
births[22].optimization.trials[0].coefficient[19],-0.03
births[22].optimization.trials[0].coefficient[20],0.03
births[22].optimization.trials[0].coefficient[21],-0.03
births[22].optimization.trials[0].coefficient[22],-0.03
births[22].optimization.trials[0].timing.signature.config_digest,62ca4976cb787bbdbc3fd85b82677cf3aaa45a383158d798e34cfdd3b30c3861
births[22].optimization.trials[0].timing.signature.field_digest,11162da077d54597700e705723b34acb147f47c44095818ea0b0ecb554a3fc55
births[22].optimization.trials[0].timing.signature.count,16777216
births[22].optimization.trials[0].timing.signature.seed,101
births[22].optimization.trials[0].timing.signature.operator_version,v0817_CURRENT_fixed_measure_C3
births[22].optimization.trials[0].timing.signature.shape[0],4
births[22].optimization.trials[0].timing.signature.shape[1],1080
births[22].optimization.trials[0].timing.signature.shape[2],1920
births[22].optimization.trials[0].timing.signature.shape[3],3
births[22].optimization.trials[0].timing.signature.dtype,float32
births[22].optimization.trials[0].timing.signature.source_digest,e9a0305b3ed0de34bf755a1f588cd96b3f0913d79827dc0c89908e88e8dfbd53
births[22].optimization.trials[0].timing.signature.centers,f0f92ba0c68299e54eed8691a8a73bade845000f041861b51e339db34360ee32
births[22].optimization.trials[0].timing.signature.radii,9078fca411a4d6af222116c5f90cb55649e647a3a03a2db04515bd5a6f46948c
births[22].optimization.trials[0].timing.signature.coefficients,90ef54493e5d91cd201b009031dd34737393545aa067b33c43e3461b9f729677
births[22].optimization.trials[0].timing.source_seconds,59.839202750939876
births[22].optimization.trials[0].timing.transport_seconds,530.3729651488829
births[22].optimization.trials[0].timing.detector_seconds,81.3436683230102
births[22].optimization.trials[0].timing.total_seconds,671.5982372679282
births[22].optimization.trials[0].timing.peak_cuda_allocated_mib,572.7841796875
births[22].optimization.trials[0].timing.peak_cuda_reserved_mib,10804.0
births[22].optimization.trials[0].timing.cpu_rss_peak_mib,9754.1328125
births[22].optimization.trials[0].timing.energy_accounting[0].view,0
births[22].optimization.trials[0].timing.energy_accounting[0].input_energy,0.5794039622202318
births[22].optimization.trials[0].timing.energy_accounting[0].detected_energy,0.5794036922415371
births[22].optimization.trials[0].timing.energy_accounting[0].relative_energy_difference,4.659593519157424e-07
births[22].optimization.trials[0].timing.energy_accounting[0].projected_count_sum,16777169.397824623
births[22].optimization.trials[0].timing.energy_accounting[0].boundary_checked,True
births[22].optimization.trials[0].timing.energy_accounting[0].boundary_lost_energy,0.0
births[22].optimization.trials[0].timing.energy_accounting[0].expected_in_window_energy,0.5794039622202318
births[22].optimization.trials[0].timing.energy_accounting[0].numerical_energy_relative_error,4.659593519157424e-07
births[22].optimization.trials[0].timing.energy_accounting[1].view,1
births[22].optimization.trials[0].timing.energy_accounting[1].input_energy,0.44158065633216925
births[22].optimization.trials[0].timing.energy_accounting[1].detected_energy,0.44158042641447104
births[22].optimization.trials[0].timing.energy_accounting[1].relative_energy_difference,5.206697687421003e-07
births[22].optimization.trials[0].timing.energy_accounting[1].projected_count_sum,16777169.211184785
births[22].optimization.trials[0].timing.energy_accounting[1].boundary_checked,True
births[22].optimization.trials[0].timing.energy_accounting[1].boundary_lost_energy,0.0
births[22].optimization.trials[0].timing.energy_accounting[1].expected_in_window_energy,0.44158065633216925
births[22].optimization.trials[0].timing.energy_accounting[1].numerical_energy_relative_error,5.206697687421003e-07
births[22].optimization.trials[0].timing.energy_accounting[2].view,2
births[22].optimization.trials[0].timing.energy_accounting[2].input_energy,0.5401430038519532
births[22].optimization.trials[0].timing.energy_accounting[2].detected_energy,0.5401427414346955
births[22].optimization.trials[0].timing.energy_accounting[2].relative_energy_difference,4.858292263902236e-07
births[22].optimization.trials[0].timing.energy_accounting[2].projected_count_sum,16777169.301113084
births[22].optimization.trials[0].timing.energy_accounting[2].boundary_checked,True
births[22].optimization.trials[0].timing.energy_accounting[2].boundary_lost_energy,0.0
births[22].optimization.trials[0].timing.energy_accounting[2].expected_in_window_energy,0.5401430038519532
births[22].optimization.trials[0].timing.energy_accounting[2].numerical_energy_relative_error,4.858292263902236e-07
births[22].optimization.trials[0].timing.energy_accounting[3].view,3
births[22].optimization.trials[0].timing.energy_accounting[3].input_energy,0.4571959820998424
births[22].optimization.trials[0].timing.energy_accounting[3].detected_energy,0.45719574932375345
births[22].optimization.trials[0].timing.energy_accounting[3].relative_energy_difference,5.091385271818519e-07
births[22].optimization.trials[0].timing.energy_accounting[3].projected_count_sum,16777168.993135892
births[22].optimization.trials[0].timing.energy_accounting[3].boundary_checked,True
births[22].optimization.trials[0].timing.energy_accounting[3].boundary_lost_energy,0.0
births[22].optimization.trials[0].timing.energy_accounting[3].expected_in_window_energy,0.4571959820998424
births[22].optimization.trials[0].timing.energy_accounting[3].numerical_energy_relative_error,5.091385271818519e-07
births[22].optimization.trials[0].timing.root_failures,0
births[22].optimization.trials[0].timing.attachment_residual_max,6.661338147750939e-16
births[22].optimization.trials[0].timing.maximum_displacement,0.027813267566889475
births[22].optimization.trials[0].timing.image_digest,6e3cf8540d8f4a4b4928de73d90d72c6c431aff6b346aa2905103009bb44db0b
births[22].optimization.trials[0].timing.state_persisted,False
births[22].optimization.trials[0].finite,True
births[22].optimization.trials[1].alpha,0.5
births[22].optimization.trials[1].loss,0.06195210311480316
births[22].optimization.trials[1].coefficient[0],-0.03
births[22].optimization.trials[1].coefficient[1],0.03
births[22].optimization.trials[1].coefficient[2],0.03
births[22].optimization.trials[1].coefficient[3],-0.03
births[22].optimization.trials[1].coefficient[4],-0.03
births[22].optimization.trials[1].coefficient[5],-0.03
births[22].optimization.trials[1].coefficient[6],-0.03
births[22].optimization.trials[1].coefficient[7],-0.03
births[22].optimization.trials[1].coefficient[8],-0.03
births[22].optimization.trials[1].coefficient[9],-0.03
births[22].optimization.trials[1].coefficient[10],-0.03
births[22].optimization.trials[1].coefficient[11],0.03
births[22].optimization.trials[1].coefficient[12],-0.03
births[22].optimization.trials[1].coefficient[13],-0.005538573103104724
births[22].optimization.trials[1].coefficient[14],-0.03
births[22].optimization.trials[1].coefficient[15],-0.00879636935021878
births[22].optimization.trials[1].coefficient[16],-0.03
births[22].optimization.trials[1].coefficient[17],-0.018205688592428722
births[22].optimization.trials[1].coefficient[18],-0.03
births[22].optimization.trials[1].coefficient[19],-0.03
births[22].optimization.trials[1].coefficient[20],0.03
births[22].optimization.trials[1].coefficient[21],-0.03
births[22].optimization.trials[1].coefficient[22],-0.015
births[22].optimization.trials[1].timing.signature.config_digest,62ca4976cb787bbdbc3fd85b82677cf3aaa45a383158d798e34cfdd3b30c3861
births[22].optimization.trials[1].timing.signature.field_digest,11162da077d54597700e705723b34acb147f47c44095818ea0b0ecb554a3fc55
births[22].optimization.trials[1].timing.signature.count,16777216
births[22].optimization.trials[1].timing.signature.seed,101
births[22].optimization.trials[1].timing.signature.operator_version,v0817_CURRENT_fixed_measure_C3
births[22].optimization.trials[1].timing.signature.shape[0],4
births[22].optimization.trials[1].timing.signature.shape[1],1080
births[22].optimization.trials[1].timing.signature.shape[2],1920
births[22].optimization.trials[1].timing.signature.shape[3],3
births[22].optimization.trials[1].timing.signature.dtype,float32
births[22].optimization.trials[1].timing.signature.source_digest,e9a0305b3ed0de34bf755a1f588cd96b3f0913d79827dc0c89908e88e8dfbd53
births[22].optimization.trials[1].timing.signature.centers,f0f92ba0c68299e54eed8691a8a73bade845000f041861b51e339db34360ee32
births[22].optimization.trials[1].timing.signature.radii,9078fca411a4d6af222116c5f90cb55649e647a3a03a2db04515bd5a6f46948c
births[22].optimization.trials[1].timing.signature.coefficients,4d24cec0cdaf879d7226fd71e5520b125e55b7968de8a5d1720ca799c418dbff
births[22].optimization.trials[1].timing.source_seconds,60.652854073094204
births[22].optimization.trials[1].timing.transport_seconds,530.5471228370443
births[22].optimization.trials[1].timing.detector_seconds,81.1058066599071
births[22].optimization.trials[1].timing.total_seconds,672.3478075680323
births[22].optimization.trials[1].timing.peak_cuda_allocated_mib,572.7880859375
births[22].optimization.trials[1].timing.peak_cuda_reserved_mib,10804.0
births[22].optimization.trials[1].timing.cpu_rss_peak_mib,9754.1328125
births[22].optimization.trials[1].timing.energy_accounting[0].view,0
births[22].optimization.trials[1].timing.energy_accounting[0].input_energy,0.5792710950173883
births[22].optimization.trials[1].timing.energy_accounting[0].detected_energy,0.5792708248177852
births[22].optimization.trials[1].timing.energy_accounting[0].relative_energy_difference,4.6644758447182855e-07
births[22].optimization.trials[1].timing.energy_accounting[0].projected_count_sum,16777169.36298291
births[22].optimization.trials[1].timing.energy_accounting[0].boundary_checked,True
births[22].optimization.trials[1].timing.energy_accounting[0].boundary_lost_energy,0.0
births[22].optimization.trials[1].timing.energy_accounting[0].expected_in_window_energy,0.5792710950173883
births[22].optimization.trials[1].timing.energy_accounting[0].numerical_energy_relative_error,4.6644758447182855e-07
births[22].optimization.trials[1].timing.energy_accounting[1].view,1
births[22].optimization.trials[1].timing.energy_accounting[1].input_energy,0.44203109644772354
births[22].optimization.trials[1].timing.energy_accounting[1].detected_energy,0.44203086622894355
births[22].optimization.trials[1].timing.energy_accounting[1].relative_energy_difference,5.208203265204176e-07
births[22].optimization.trials[1].timing.energy_accounting[1].projected_count_sum,16777169.242075428
births[22].optimization.trials[1].timing.energy_accounting[1].boundary_checked,True
births[22].optimization.trials[1].timing.energy_accounting[1].boundary_lost_energy,0.0
births[22].optimization.trials[1].timing.energy_accounting[1].expected_in_window_energy,0.44203109644772354
births[22].optimization.trials[1].timing.energy_accounting[1].numerical_energy_relative_error,5.208203265204176e-07
births[22].optimization.trials[1].timing.energy_accounting[2].view,2
births[22].optimization.trials[1].timing.energy_accounting[2].input_energy,0.5392449816916564
births[22].optimization.trials[1].timing.energy_accounting[2].detected_energy,0.5392447200177359
births[22].optimization.trials[1].timing.energy_accounting[2].relative_energy_difference,4.852598156777938e-07
births[22].optimization.trials[1].timing.energy_accounting[2].projected_count_sum,16777169.23610131
births[22].optimization.trials[1].timing.energy_accounting[2].boundary_checked,True
births[22].optimization.trials[1].timing.energy_accounting[2].boundary_lost_energy,0.0
births[22].optimization.trials[1].timing.energy_accounting[2].expected_in_window_energy,0.5392449816916564
births[22].optimization.trials[1].timing.energy_accounting[2].numerical_energy_relative_error,4.852598156777938e-07
births[22].optimization.trials[1].timing.energy_accounting[3].view,3
births[22].optimization.trials[1].timing.energy_accounting[3].input_energy,0.4570029623253407
births[22].optimization.trials[1].timing.energy_accounting[3].detected_energy,0.45700273013994247
births[22].optimization.trials[1].timing.energy_accounting[3].relative_energy_difference,5.080610354466821e-07
births[22].optimization.trials[1].timing.energy_accounting[3].projected_count_sum,16777169.072682636
births[22].optimization.trials[1].timing.energy_accounting[3].boundary_checked,True
births[22].optimization.trials[1].timing.energy_accounting[3].boundary_lost_energy,0.0
births[22].optimization.trials[1].timing.energy_accounting[3].expected_in_window_energy,0.4570029623253407
births[22].optimization.trials[1].timing.energy_accounting[3].numerical_energy_relative_error,5.080610354466821e-07
births[22].optimization.trials[1].timing.root_failures,0
births[22].optimization.trials[1].timing.attachment_residual_max,6.879364428374196e-16
births[22].optimization.trials[1].timing.maximum_displacement,0.027813267566889475
births[22].optimization.trials[1].timing.image_digest,15e8e0e10c9330c0b7a0f972810cd947a5424975361fe3b35dceb887b38a90ca
births[22].optimization.trials[1].timing.state_persisted,False
births[22].optimization.trials[1].finite,True
births[22].optimization.trials[2].alpha,0.25
births[22].optimization.trials[2].loss,0.06191019284292133
births[22].optimization.trials[2].coefficient[0],-0.03
births[22].optimization.trials[2].coefficient[1],0.03
births[22].optimization.trials[2].coefficient[2],0.03
births[22].optimization.trials[2].coefficient[3],-0.03
births[22].optimization.trials[2].coefficient[4],-0.03
births[22].optimization.trials[2].coefficient[5],-0.03
births[22].optimization.trials[2].coefficient[6],-0.03
births[22].optimization.trials[2].coefficient[7],-0.03
births[22].optimization.trials[2].coefficient[8],-0.03
births[22].optimization.trials[2].coefficient[9],-0.03
births[22].optimization.trials[2].coefficient[10],-0.03
births[22].optimization.trials[2].coefficient[11],0.03
births[22].optimization.trials[2].coefficient[12],-0.03
births[22].optimization.trials[2].coefficient[13],-0.00817780405221102
births[22].optimization.trials[2].coefficient[14],-0.03
births[22].optimization.trials[2].coefficient[15],-0.01939818467510939
births[22].optimization.trials[2].coefficient[16],-0.03
births[22].optimization.trials[2].coefficient[17],-0.018724625655228946
births[22].optimization.trials[2].coefficient[18],-0.03
births[22].optimization.trials[2].coefficient[19],-0.03
births[22].optimization.trials[2].coefficient[20],0.03
births[22].optimization.trials[2].coefficient[21],-0.03
births[22].optimization.trials[2].coefficient[22],-0.0075
births[22].optimization.trials[2].timing.signature.config_digest,62ca4976cb787bbdbc3fd85b82677cf3aaa45a383158d798e34cfdd3b30c3861
births[22].optimization.trials[2].timing.signature.field_digest,11162da077d54597700e705723b34acb147f47c44095818ea0b0ecb554a3fc55
births[22].optimization.trials[2].timing.signature.count,16777216
births[22].optimization.trials[2].timing.signature.seed,101
births[22].optimization.trials[2].timing.signature.operator_version,v0817_CURRENT_fixed_measure_C3
births[22].optimization.trials[2].timing.signature.shape[0],4
births[22].optimization.trials[2].timing.signature.shape[1],1080
births[22].optimization.trials[2].timing.signature.shape[2],1920
births[22].optimization.trials[2].timing.signature.shape[3],3
births[22].optimization.trials[2].timing.signature.dtype,float32
births[22].optimization.trials[2].timing.signature.source_digest,e9a0305b3ed0de34bf755a1f588cd96b3f0913d79827dc0c89908e88e8dfbd53
births[22].optimization.trials[2].timing.signature.centers,f0f92ba0c68299e54eed8691a8a73bade845000f041861b51e339db34360ee32
births[22].optimization.trials[2].timing.signature.radii,9078fca411a4d6af222116c5f90cb55649e647a3a03a2db04515bd5a6f46948c
births[22].optimization.trials[2].timing.signature.coefficients,e45741f6d12cdd13bb32c93432f690ef0b16d7d7a33f27e2d7a39fdaa5a6f396
births[22].optimization.trials[2].timing.source_seconds,60.65654063317925
births[22].optimization.trials[2].timing.transport_seconds,530.9714154799003
births[22].optimization.trials[2].timing.detector_seconds,81.23030787194148
births[22].optimization.trials[2].timing.total_seconds,672.900440257974
births[22].optimization.trials[2].timing.peak_cuda_allocated_mib,572.78369140625
births[22].optimization.trials[2].timing.peak_cuda_reserved_mib,10804.0
births[22].optimization.trials[2].timing.cpu_rss_peak_mib,9754.1328125
births[22].optimization.trials[2].timing.energy_accounting[0].view,0
births[22].optimization.trials[2].timing.energy_accounting[0].input_energy,0.5791938816897965
births[22].optimization.trials[2].timing.energy_accounting[0].detected_energy,0.5791936117971148
births[22].optimization.trials[2].timing.energy_accounting[0].relative_energy_difference,4.659798561072477e-07
births[22].optimization.trials[2].timing.energy_accounting[0].projected_count_sum,16777169.31921171
births[22].optimization.trials[2].timing.energy_accounting[0].boundary_checked,True
births[22].optimization.trials[2].timing.energy_accounting[0].boundary_lost_energy,0.0
births[22].optimization.trials[2].timing.energy_accounting[0].expected_in_window_energy,0.5791938816897965
births[22].optimization.trials[2].timing.energy_accounting[0].numerical_energy_relative_error,4.659798561072477e-07
births[22].optimization.trials[2].timing.energy_accounting[1].view,1
births[22].optimization.trials[2].timing.energy_accounting[1].input_energy,0.44225078511633986
births[22].optimization.trials[2].timing.energy_accounting[1].detected_energy,0.44225055478211645
births[22].optimization.trials[2].timing.energy_accounting[1].relative_energy_difference,5.208226444551824e-07
births[22].optimization.trials[2].timing.energy_accounting[1].projected_count_sum,16777169.233182613
births[22].optimization.trials[2].timing.energy_accounting[1].boundary_checked,True
births[22].optimization.trials[2].timing.energy_accounting[1].boundary_lost_energy,0.0
births[22].optimization.trials[2].timing.energy_accounting[1].expected_in_window_energy,0.44225078511633986
births[22].optimization.trials[2].timing.energy_accounting[1].numerical_energy_relative_error,5.208226444551824e-07
births[22].optimization.trials[2].timing.energy_accounting[2].view,2
births[22].optimization.trials[2].timing.energy_accounting[2].input_energy,0.5387965123717751
births[22].optimization.trials[2].timing.energy_accounting[2].detected_energy,0.5387962510786413
births[22].optimization.trials[2].timing.energy_accounting[2].relative_energy_difference,4.849569880217028e-07
births[22].optimization.trials[2].timing.energy_accounting[2].projected_count_sum,16777169.208008928
births[22].optimization.trials[2].timing.energy_accounting[2].boundary_checked,True
births[22].optimization.trials[2].timing.energy_accounting[2].boundary_lost_energy,0.0
births[22].optimization.trials[2].timing.energy_accounting[2].expected_in_window_energy,0.5387965123717751
births[22].optimization.trials[2].timing.energy_accounting[2].numerical_energy_relative_error,4.849569880217028e-07
births[22].optimization.trials[2].timing.energy_accounting[3].view,3
births[22].optimization.trials[2].timing.energy_accounting[3].input_energy,0.45691208851550846
births[22].optimization.trials[2].timing.energy_accounting[3].detected_energy,0.4569118566180416
births[22].optimization.trials[2].timing.energy_accounting[3].relative_energy_difference,5.075319140574644e-07
births[22].optimization.trials[2].timing.energy_accounting[3].projected_count_sum,16777169.139188018
births[22].optimization.trials[2].timing.energy_accounting[3].boundary_checked,True
births[22].optimization.trials[2].timing.energy_accounting[3].boundary_lost_energy,0.0
births[22].optimization.trials[2].timing.energy_accounting[3].expected_in_window_energy,0.45691208851550846
births[22].optimization.trials[2].timing.energy_accounting[3].numerical_energy_relative_error,5.075319140574644e-07
births[22].optimization.trials[2].timing.root_failures,0
births[22].optimization.trials[2].timing.attachment_residual_max,6.661338147750939e-16
births[22].optimization.trials[2].timing.maximum_displacement,0.02944615079304864
births[22].optimization.trials[2].timing.image_digest,79a5b4d6a099866569a772a17a7fd0f0c1d72dc258031ad8a473ad34ea2e5c00
births[22].optimization.trials[2].timing.state_persisted,False
births[22].optimization.trials[2].finite,True
births[22].optimization.trials[3].alpha,0.125
births[22].optimization.trials[3].loss,0.06188973805834709
births[22].optimization.trials[3].coefficient[0],-0.03
births[22].optimization.trials[3].coefficient[1],0.03
births[22].optimization.trials[3].coefficient[2],0.03
births[22].optimization.trials[3].coefficient[3],-0.03
births[22].optimization.trials[3].coefficient[4],-0.03
births[22].optimization.trials[3].coefficient[5],-0.03
births[22].optimization.trials[3].coefficient[6],-0.03
births[22].optimization.trials[3].coefficient[7],-0.03
births[22].optimization.trials[3].coefficient[8],-0.03
births[22].optimization.trials[3].coefficient[9],-0.03
births[22].optimization.trials[3].coefficient[10],-0.03
births[22].optimization.trials[3].coefficient[11],0.03
births[22].optimization.trials[3].coefficient[12],-0.03
births[22].optimization.trials[3].coefficient[13],-0.00949741952676417
births[22].optimization.trials[3].coefficient[14],-0.03
births[22].optimization.trials[3].coefficient[15],-0.024699092337554695
births[22].optimization.trials[3].coefficient[16],-0.03
births[22].optimization.trials[3].coefficient[17],-0.01898409418662906
births[22].optimization.trials[3].coefficient[18],-0.03
births[22].optimization.trials[3].coefficient[19],-0.03
births[22].optimization.trials[3].coefficient[20],0.03
births[22].optimization.trials[3].coefficient[21],-0.03
births[22].optimization.trials[3].coefficient[22],-0.00375
births[22].optimization.trials[3].timing.signature.config_digest,62ca4976cb787bbdbc3fd85b82677cf3aaa45a383158d798e34cfdd3b30c3861
births[22].optimization.trials[3].timing.signature.field_digest,11162da077d54597700e705723b34acb147f47c44095818ea0b0ecb554a3fc55
births[22].optimization.trials[3].timing.signature.count,16777216
births[22].optimization.trials[3].timing.signature.seed,101
births[22].optimization.trials[3].timing.signature.operator_version,v0817_CURRENT_fixed_measure_C3
births[22].optimization.trials[3].timing.signature.shape[0],4
births[22].optimization.trials[3].timing.signature.shape[1],1080
births[22].optimization.trials[3].timing.signature.shape[2],1920
births[22].optimization.trials[3].timing.signature.shape[3],3
births[22].optimization.trials[3].timing.signature.dtype,float32
births[22].optimization.trials[3].timing.signature.source_digest,e9a0305b3ed0de34bf755a1f588cd96b3f0913d79827dc0c89908e88e8dfbd53
births[22].optimization.trials[3].timing.signature.centers,f0f92ba0c68299e54eed8691a8a73bade845000f041861b51e339db34360ee32
births[22].optimization.trials[3].timing.signature.radii,9078fca411a4d6af222116c5f90cb55649e647a3a03a2db04515bd5a6f46948c
births[22].optimization.trials[3].timing.signature.coefficients,89c47eb5e12b012bcedc0fd1a0c3d99b211b1dff6db9b01bf530f313c2813112
births[22].optimization.trials[3].timing.source_seconds,60.7712373980321
births[22].optimization.trials[3].timing.transport_seconds,530.5047672979999
births[22].optimization.trials[3].timing.detector_seconds,80.44153394200839
births[22].optimization.trials[3].timing.total_seconds,671.759330331115
births[22].optimization.trials[3].timing.peak_cuda_allocated_mib,572.78125
births[22].optimization.trials[3].timing.peak_cuda_reserved_mib,10804.0
births[22].optimization.trials[3].timing.cpu_rss_peak_mib,9754.1328125
births[22].optimization.trials[3].timing.energy_accounting[0].view,0
births[22].optimization.trials[3].timing.energy_accounting[0].input_energy,0.5791527939286106
births[22].optimization.trials[3].timing.energy_accounting[0].detected_energy,0.5791525242256592
births[22].optimization.trials[3].timing.energy_accounting[0].relative_energy_difference,4.656853152464096e-07
births[22].optimization.trials[3].timing.energy_accounting[0].projected_count_sum,16777169.329480898
births[22].optimization.trials[3].timing.energy_accounting[0].boundary_checked,True
births[22].optimization.trials[3].timing.energy_accounting[0].boundary_lost_energy,0.0
births[22].optimization.trials[3].timing.energy_accounting[0].expected_in_window_energy,0.5791527939286106
births[22].optimization.trials[3].timing.energy_accounting[0].numerical_energy_relative_error,4.656853152464096e-07
births[22].optimization.trials[3].timing.energy_accounting[1].view,1
births[22].optimization.trials[3].timing.energy_accounting[1].input_energy,0.44235841579504137
births[22].optimization.trials[3].timing.energy_accounting[1].detected_energy,0.4423581854016411
births[22].optimization.trials[3].timing.energy_accounting[1].relative_energy_difference,5.208296983175836e-07
births[22].optimization.trials[3].timing.energy_accounting[1].projected_count_sum,16777169.258550512
births[22].optimization.trials[3].timing.energy_accounting[1].boundary_checked,True
births[22].optimization.trials[3].timing.energy_accounting[1].boundary_lost_energy,0.0
births[22].optimization.trials[3].timing.energy_accounting[1].expected_in_window_energy,0.44235841579504137
births[22].optimization.trials[3].timing.energy_accounting[1].numerical_energy_relative_error,5.208296983175836e-07
births[22].optimization.trials[3].timing.energy_accounting[2].view,2
births[22].optimization.trials[3].timing.energy_accounting[2].input_energy,0.5385758165798138
births[22].optimization.trials[3].timing.energy_accounting[2].detected_energy,0.5385755556267978
births[22].optimization.trials[3].timing.energy_accounting[2].relative_energy_difference,4.845241987113021e-07
births[22].optimization.trials[3].timing.energy_accounting[2].projected_count_sum,16777169.196749488
births[22].optimization.trials[3].timing.energy_accounting[2].boundary_checked,True
births[22].optimization.trials[3].timing.energy_accounting[2].boundary_lost_energy,0.0
births[22].optimization.trials[3].timing.energy_accounting[2].expected_in_window_energy,0.5385758165798138
births[22].optimization.trials[3].timing.energy_accounting[2].numerical_energy_relative_error,4.845241987113021e-07
births[22].optimization.trials[3].timing.energy_accounting[3].view,3
births[22].optimization.trials[3].timing.energy_accounting[3].input_energy,0.4568677961556155
births[22].optimization.trials[3].timing.energy_accounting[3].detected_energy,0.4568675642673242
births[22].optimization.trials[3].timing.energy_accounting[3].relative_energy_difference,5.075610345975794e-07
births[22].optimization.trials[3].timing.energy_accounting[3].projected_count_sum,16777169.182104701
births[22].optimization.trials[3].timing.energy_accounting[3].boundary_checked,True
births[22].optimization.trials[3].timing.energy_accounting[3].boundary_lost_energy,0.0
births[22].optimization.trials[3].timing.energy_accounting[3].expected_in_window_energy,0.4568677961556155
births[22].optimization.trials[3].timing.energy_accounting[3].numerical_energy_relative_error,5.075610345975794e-07
births[22].optimization.trials[3].timing.root_failures,0
births[22].optimization.trials[3].timing.attachment_residual_max,6.661338147750939e-16
births[22].optimization.trials[3].timing.maximum_displacement,0.031127931341957234
births[22].optimization.trials[3].timing.image_digest,f7286d7081b33443fef2c6e4fdfcda75b60747f7818a2ce6831738efebf9c24b
births[22].optimization.trials[3].timing.state_persisted,False
births[22].optimization.trials[3].finite,True
births[22].optimization.realized_gain,0.0
births[22].optimization.coefficient_limit_hits,20
births[22].optimization.seconds,2697.2757029989734
births[22].observation.whole_image_mse,0.12373941554944702
births[22].observation.foreground_mse,0.14935576621876648
births[22].observation.interior_gt8px_mse,0.13099686577072195
births[22].observation.silhouette_0_8px_mse,0.3593659416759164
births[22].observation.foreground_mean_brightness,0.5123022515035988
births[22].observation.edge_sharpness,0.006071784604799721
births[22].observation.reference_edge_sharpness,0.09199675652077396
births[22].observation.edge_sharpness_ratio,0.06599998559110766
births[22].observation.thin_feature_response_ratio,0.017785556114155648
births[22].observation.per_view[0].gradient_magnitude_ratio,0.27477115918548606
births[22].observation.per_view[0].gradient_cosine,0.0033822699018341436
births[22].observation.per_view[0].reference_aligned_gradient_energy,97.98638110029596
births[22].observation.per_view[0].unmatched_gradient_energy,361.0369091915046
births[22].observation.per_view[0].excess_hf_weak_reference,0.00019827968093134705
births[22].observation.per_view[0].gradient_squared_error,0.0015739695686180929
births[22].observation.per_view[0].weak_reference_pixels,1624532
births[22].observation.per_view[1].gradient_magnitude_ratio,0.27189964424196356
births[22].observation.per_view[1].gradient_cosine,0.0014379849377191966
births[22].observation.per_view[1].reference_aligned_gradient_energy,59.13859723131087
births[22].observation.per_view[1].unmatched_gradient_energy,370.2740467066764
births[22].observation.per_view[1].excess_hf_weak_reference,0.00020199369054095675
births[22].observation.per_view[1].gradient_squared_error,0.0015030103245003872
births[22].observation.per_view[1].weak_reference_pixels,1644948
births[22].observation.per_view[2].gradient_magnitude_ratio,0.2750987575828058
births[22].observation.per_view[2].gradient_cosine,0.00645346099697704
births[22].observation.per_view[2].reference_aligned_gradient_energy,91.56715995274992
births[22].observation.per_view[2].unmatched_gradient_energy,374.9015874003592
births[22].observation.per_view[2].excess_hf_weak_reference,0.00021733821043561633
births[22].observation.per_view[2].gradient_squared_error,0.0015934455036806681
births[22].observation.per_view[2].weak_reference_pixels,1561449
births[22].observation.per_view[3].gradient_magnitude_ratio,0.3112454684526367
births[22].observation.per_view[3].gradient_cosine,0.006392968865059402
births[22].observation.per_view[3].reference_aligned_gradient_energy,39.353068285848956
births[22].observation.per_view[3].unmatched_gradient_energy,392.08519709948973
births[22].observation.per_view[3].excess_hf_weak_reference,0.0002287674129965391
births[22].observation.per_view[3].gradient_squared_error,0.0011736422058655407
births[22].observation.per_view[3].weak_reference_pixels,1668420
births[22].observation.gradient_magnitude_ratio,0.283253757365723
births[22].observation.gradient_cosine,0.004416671175397445
births[22].observation.reference_aligned_gradient_energy,72.01130164255143
births[22].observation.unmatched_gradient_energy,374.57443509950747
births[22].observation.excess_hf_weak_reference,0.0002115947487261148
births[22].observation.gradient_squared_error,0.0014610169006661722
births[22].observation.weak_reference_pixels,1624837.25
births[22].observation.loss,0.06186968523783084
births[22].observation.detected_energy,6272918.342492233
births[22].observation.relative_rgb_l2,0.8176575239620631
births[22].observation.per_view_mse[0],0.14518840205514857
births[22].observation.per_view_mse[1],0.1167876396141219
births[22].observation.per_view_mse[2],0.13034043863622072
births[22].observation.per_view_mse[3],0.10264100159715558
births[22].observation.foreground_mask_iou[0],0.5580774848594755
births[22].observation.foreground_mask_iou[1],0.5430577786042723
births[22].observation.foreground_mask_iou[2],0.6110729800313306
births[22].observation.foreground_mask_iou[3],0.5996307457437418
births[22].observation.squared_image_energy,4359225.25
births[22].geometry.symmetric_chamfer,0.2371438909957267
births[22].geometry.point_to_surface_mean,0.26476596104572425
births[22].geometry.point_to_surface_p95,0.5945937249302998
births[22].geometry.surface_rms,0.3270044356991545
births[22].geometry.normal_consistency,0.7024270506754842
births[22].geometry.normal_error,0.29757294932451583
births[22].geometry.regional_ear_p2s_mean,0.3352326430068578
births[22].geometry.regional_head_p2s_mean,0.19238081943391688
births[22].geometry.regional_leg_p2s_mean,0.07804523575236506
births[22].geometry.regional_torso_p2s_mean,0.2968293697265956
births[22].geometry.bounds[0][0],-0.9999213884461601
births[22].geometry.bounds[0][1],-0.9999213884461601
births[22].geometry.bounds[0][2],-0.999336789688974
births[22].geometry.bounds[1][0],1.0020892449145047
births[22].geometry.bounds[1][1],1.0008261626621462
births[22].geometry.bounds[1][2],0.999934128095519
births[22].geometry.surface_area,12.599556701008247
births[22].geometry.components,1
births[22].geometry.maximum_outward_from_unit_sphere,0.03277370145948111
births[22].geometry.maximum_inward_from_unit_sphere,0.007568205540274042
births[22].geometry.radial_deviation_p95,0.008443800950137581
births[22].geometry.gt_extends_outside_unit_sphere,True
births[22].geometry.gt_max_radius,1.5736361939753005
births[22].geometry.source_coverage_distance_p95,0.013527803728563083
births[22].geometry.source_coverage_distance_max,0.025900166087563202
births[22].geometry.source_coverage_samples,65536
births[22].geometry.geometry_seconds,0.5856711799278855
births[22].geometry.geometry_path,runs/v090_matched_birth/geometry/globe_birth23.ply
births[22].geometry.geometry_target,"MC approximation of prepared.gt_field, evaluation only; existing P2S/Chamfer definitions. Current normals updated at every evaluation."
births[22].scoring_seconds,335.18098884099163
births[22].total_seconds,3039.9434595960192
births[22].peak_cuda_allocated_mib,3209.67431640625
births[22].peak_cuda_reserved_mib,10804.0
births[22].cpu_rss_peak_mib,9754.1328125
births[22].image_path,
births[22].checkpoint_image,runs/v090_matched_birth/globe_checkpoint23.npy
births[23].round,24
births[23].deterministic_id,GLOBE:24:2
births[23].center[0],0.3459784076780482
births[23].center[1],0.13958162797189808
births[23].center[2],-0.9323211907883635
births[23].radius,0.45
births[23].proposal_source_id,15622068
births[23].zero_set_residual_at_birth,1.5612511283791264e-17
births[23].selected_rank,1
births[23].candidate_bank_size,32
births[23].responsive_fraction,1.0
births[23].predicted_gain,0.0001969616442281706
births[23].alignment,0.0027017834520222
births[23].jacobian_norm,0.13612676919038857
births[23].affected_views,2
births[23].affected_pixels,200526
births[23].coefficient,0.0
births[23].active_dof_count,24
births[23].born_dof_count,24
births[23].accepted_births,16
births[23].initialized_at_zero,True
births[23].birth_image_jump,0.0
births[23].birth_source_count_change,0
births[23].birth_source_mass_change,0.0
births[23].source_count,16777216
births[23].source_weight_digest,e8a23943d73928dce091768b7789dedd1390b88a2ee2ef22b4e84ad52b924711
births[23].coefficients[0],-0.03
births[23].coefficients[1],0.03
births[23].coefficients[2],0.03
births[23].coefficients[3],-0.03
births[23].coefficients[4],-0.03
births[23].coefficients[5],-0.03
births[23].coefficients[6],-0.03
births[23].coefficients[7],-0.03
births[23].coefficients[8],-0.03
births[23].coefficients[9],-0.03
births[23].coefficients[10],-0.03
births[23].coefficients[11],0.03
births[23].coefficients[12],-0.03
births[23].coefficients[13],-0.010817035001317319
births[23].coefficients[14],-0.03
births[23].coefficients[15],-0.03
births[23].coefficients[16],-0.03
births[23].coefficients[17],-0.01924356271802917
births[23].coefficients[18],-0.03
births[23].coefficients[19],-0.03
births[23].coefficients[20],0.03
births[23].coefficients[21],-0.03
births[23].coefficients[22],0.0
births[23].coefficients[23],0.0
births[23].centers[0][0],-0.07351842161138195
births[23].centers[0][1],0.6811820444435563
births[23].centers[0][2],-0.728413388133049
births[23].centers[1][0],0.6720258443143237
births[23].centers[1][1],0.5230814425100977
births[23].centers[1][2],-0.5241822861135006
births[23].centers[2][0],0.12062150794935045
births[23].centers[2][1],0.2665257085036449
births[23].centers[2][2],-0.9562502279877663
births[23].centers[3][0],0.6105258360802454
births[23].centers[3][1],0.566767707400702
births[23].centers[3][2],-0.5728702979286703
births[23].centers[4][0],0.13361574155036657
births[23].centers[4][1],0.8868378640189128
births[23].centers[4][2],0.44234086014330387
births[23].centers[5][0],0.9348412718678133
births[23].centers[5][1],0.17414060480910115
births[23].centers[5][2],0.3094298727810383
births[23].centers[6][0],0.10765130760785846
births[23].centers[6][1],0.37381169381516527
births[23].centers[6][2],-0.931612583191458
births[23].centers[7][0],0.27660040085736426
births[23].centers[7][1],0.08849992431230631
births[23].centers[7][2],0.9569012392312288
births[23].centers[8][0],0.3656402470898519
births[23].centers[8][1],0.2420315947952902
births[23].centers[8][2],-0.8976672496030755
births[23].centers[9][0],0.5042942542486878
births[23].centers[9][1],0.23319429282205392
births[23].centers[9][2],-0.8353174314302868
births[23].centers[10][0],0.9657880199999013
births[23].centers[10][1],-0.004972121226871936
births[23].centers[10][2],-0.25928512960672373
births[23].centers[11][0],0.43033766896540854
births[23].centers[11][1],0.29701592496651535
births[23].centers[11][2],-0.8738539169153484
births[23].centers[12][0],-0.0653798551048776
births[23].centers[12][1],0.9759003052447783
births[23].centers[12][2],0.21019734664427175
births[23].centers[13][0],0.8324638153056917
births[23].centers[13][1],-0.34735399393431043
births[23].centers[13][2],-0.43169664065837554
births[23].centers[14][0],0.874068110421238
births[23].centers[14][1],-0.31556807010319615
births[23].centers[14][2],-0.4033349792463196
births[23].centers[15][0],0.5186546030900402
births[23].centers[15][1],0.6470575646401505
births[23].centers[15][2],-0.5808165515816515
births[23].centers[16][0],0.3437081446947666
births[23].centers[16][1],0.22807555224954393
births[23].centers[16][2],0.9139377755375496
births[23].centers[17][0],0.41631243871518575
births[23].centers[17][1],0.6592877764945416
births[23].centers[17][2],-0.6315858556035571
births[23].centers[18][0],-0.06048825746607583
births[23].centers[18][1],0.6450916414259033
births[23].centers[18][2],-0.7784891870902508
births[23].centers[19][0],0.7188248293406948
births[23].centers[19][1],0.46997387399637075
births[23].centers[19][2],-0.5254201786060513
births[23].centers[20][0],0.6630135689512833
births[23].centers[20][1],0.48176933940104566
births[23].centers[20][2],-0.598782129817469
births[23].centers[21][0],0.38478596613976535
births[23].centers[21][1],0.6519386144658471
births[23].centers[21][2],-0.6779058524075691
births[23].centers[22][0],0.144093029127394
births[23].centers[22][1],0.8186374477624594
births[23].centers[22][2],0.568922217523114
births[23].centers[23][0],0.3459784076780482
births[23].centers[23][1],0.13958162797189808
births[23].centers[23][2],-0.9323211907883635
births[23].radii[0],0.45
births[23].radii[1],0.45
births[23].radii[2],0.45
births[23].radii[3],0.45
births[23].radii[4],0.45
births[23].radii[5],0.45
births[23].radii[6],0.45
births[23].radii[7],0.31819805153394637
births[23].radii[8],0.31819805153394637
births[23].radii[9],0.45
births[23].radii[10],0.45
births[23].radii[11],0.45
births[23].radii[12],0.31819805153394637
births[23].radii[13],0.45
births[23].radii[14],0.31819805153394637
births[23].radii[15],0.45
births[23].radii[16],0.45
births[23].radii[17],0.31819805153394637
births[23].radii[18],0.45
births[23].radii[19],0.45
births[23].radii[20],0.45
births[23].radii[21],0.45
births[23].radii[22],0.45
births[23].radii[23],0.45
births[23].realized_gain,0.0
births[23].optimization.accepted,False
births[23].optimization.linear_solver_failures,0
births[23].optimization.line_search_failures,1
births[23].optimization.trials[0].alpha,1.0
births[23].optimization.trials[0].loss,0.0619567538734103
births[23].optimization.trials[0].coefficient[0],-0.03
births[23].optimization.trials[0].coefficient[1],0.03
births[23].optimization.trials[0].coefficient[2],0.03
births[23].optimization.trials[0].coefficient[3],-0.03
births[23].optimization.trials[0].coefficient[4],-0.03
births[23].optimization.trials[0].coefficient[5],-0.03
births[23].optimization.trials[0].coefficient[6],-0.03
births[23].optimization.trials[0].coefficient[7],-0.03
births[23].optimization.trials[0].coefficient[8],-0.03
births[23].optimization.trials[0].coefficient[9],-0.03
births[23].optimization.trials[0].coefficient[10],-0.03
births[23].optimization.trials[0].coefficient[11],0.03
births[23].optimization.trials[0].coefficient[12],-0.03
births[23].optimization.trials[0].coefficient[13],-0.00026008284133909217
births[23].optimization.trials[0].coefficient[14],-0.03
births[23].optimization.trials[0].coefficient[15],0.011859743239516288
births[23].optimization.trials[0].coefficient[16],-0.03
births[23].optimization.trials[0].coefficient[17],-0.017793800064540292
births[23].optimization.trials[0].coefficient[18],-0.03
births[23].optimization.trials[0].coefficient[19],-0.03
births[23].optimization.trials[0].coefficient[20],0.03
births[23].optimization.trials[0].coefficient[21],-0.03
births[23].optimization.trials[0].coefficient[22],-0.03
births[23].optimization.trials[0].coefficient[23],-0.03
births[23].optimization.trials[0].timing.signature.config_digest,62ca4976cb787bbdbc3fd85b82677cf3aaa45a383158d798e34cfdd3b30c3861
births[23].optimization.trials[0].timing.signature.field_digest,11162da077d54597700e705723b34acb147f47c44095818ea0b0ecb554a3fc55
births[23].optimization.trials[0].timing.signature.count,16777216
births[23].optimization.trials[0].timing.signature.seed,101
births[23].optimization.trials[0].timing.signature.operator_version,v0817_CURRENT_fixed_measure_C3
births[23].optimization.trials[0].timing.signature.shape[0],4
births[23].optimization.trials[0].timing.signature.shape[1],1080
births[23].optimization.trials[0].timing.signature.shape[2],1920
births[23].optimization.trials[0].timing.signature.shape[3],3
births[23].optimization.trials[0].timing.signature.dtype,float32
births[23].optimization.trials[0].timing.signature.source_digest,e9a0305b3ed0de34bf755a1f588cd96b3f0913d79827dc0c89908e88e8dfbd53
births[23].optimization.trials[0].timing.signature.centers,04fa3f26dc1f0a72d5a35e72b09d3f35c58048785c2c77a551c4e50d6a5817b3
births[23].optimization.trials[0].timing.signature.radii,14e05c73860f6e7d9069bb97e82ea02e17795f72e22130f83da0b013a5795686
births[23].optimization.trials[0].timing.signature.coefficients,23f61091cd9c87440dd08c039e9b4caf9dd8631614f817bfcacd2564e74679b9
births[23].optimization.trials[0].timing.source_seconds,60.09374519600533
births[23].optimization.trials[0].timing.transport_seconds,530.2721558518242
births[23].optimization.trials[0].timing.detector_seconds,80.72765150712803
births[23].optimization.trials[0].timing.total_seconds,671.1583802299574
births[23].optimization.trials[0].timing.peak_cuda_allocated_mib,573.451171875
births[23].optimization.trials[0].timing.peak_cuda_reserved_mib,13416.0
births[23].optimization.trials[0].timing.cpu_rss_peak_mib,9754.1328125
births[23].optimization.trials[0].timing.energy_accounting[0].view,0
births[23].optimization.trials[0].timing.energy_accounting[0].input_energy,0.5787941511462601
births[23].optimization.trials[0].timing.energy_accounting[0].detected_energy,0.578793882004281
births[23].optimization.trials[0].timing.energy_accounting[0].relative_energy_difference,4.650046629096551e-07
births[23].optimization.trials[0].timing.energy_accounting[0].projected_count_sum,16777169.102297807
births[23].optimization.trials[0].timing.energy_accounting[0].boundary_checked,True
births[23].optimization.trials[0].timing.energy_accounting[0].boundary_lost_energy,0.0
births[23].optimization.trials[0].timing.energy_accounting[0].expected_in_window_energy,0.5787941511462601
births[23].optimization.trials[0].timing.energy_accounting[0].numerical_energy_relative_error,4.650046629096551e-07
births[23].optimization.trials[0].timing.energy_accounting[1].view,1
births[23].optimization.trials[0].timing.energy_accounting[1].input_energy,0.44158065633216925
births[23].optimization.trials[0].timing.energy_accounting[1].detected_energy,0.4415804264145462
births[23].optimization.trials[0].timing.energy_accounting[1].relative_energy_difference,5.206695985306164e-07
births[23].optimization.trials[0].timing.energy_accounting[1].projected_count_sum,16777169.211049352
births[23].optimization.trials[0].timing.energy_accounting[1].boundary_checked,True
births[23].optimization.trials[0].timing.energy_accounting[1].boundary_lost_energy,0.0
births[23].optimization.trials[0].timing.energy_accounting[1].expected_in_window_energy,0.44158065633216925
births[23].optimization.trials[0].timing.energy_accounting[1].numerical_energy_relative_error,5.206695985306164e-07
births[23].optimization.trials[0].timing.energy_accounting[2].view,2
births[23].optimization.trials[0].timing.energy_accounting[2].input_energy,0.5398456442796304
births[23].optimization.trials[0].timing.energy_accounting[2].detected_energy,0.5398453817242278
births[23].optimization.trials[0].timing.energy_accounting[2].relative_energy_difference,4.863527295691559e-07
births[23].optimization.trials[0].timing.energy_accounting[2].projected_count_sum,16777169.299685407
births[23].optimization.trials[0].timing.energy_accounting[2].boundary_checked,True
births[23].optimization.trials[0].timing.energy_accounting[2].boundary_lost_energy,0.0
births[23].optimization.trials[0].timing.energy_accounting[2].expected_in_window_energy,0.5398456442796304
births[23].optimization.trials[0].timing.energy_accounting[2].numerical_energy_relative_error,4.863527295691559e-07
births[23].optimization.trials[0].timing.energy_accounting[3].view,3
births[23].optimization.trials[0].timing.energy_accounting[3].input_energy,0.4571959829326964
births[23].optimization.trials[0].timing.energy_accounting[3].detected_energy,0.4571957501728506
births[23].optimization.trials[0].timing.energy_accounting[3].relative_energy_difference,5.091029985626028e-07
births[23].optimization.trials[0].timing.energy_accounting[3].projected_count_sum,16777168.931788003
births[23].optimization.trials[0].timing.energy_accounting[3].boundary_checked,True
births[23].optimization.trials[0].timing.energy_accounting[3].boundary_lost_energy,0.0
births[23].optimization.trials[0].timing.energy_accounting[3].expected_in_window_energy,0.4571959829326964
births[23].optimization.trials[0].timing.energy_accounting[3].numerical_energy_relative_error,5.091029985626028e-07
births[23].optimization.trials[0].timing.root_failures,0
births[23].optimization.trials[0].timing.attachment_residual_max,6.661338147750939e-16
births[23].optimization.trials[0].timing.maximum_displacement,0.027813267566889475
births[23].optimization.trials[0].timing.image_digest,2b460c0214881be8f5fac4b6e87a6c67393886bb670f7d0afb69af1006942a47
births[23].optimization.trials[0].timing.state_persisted,False
births[23].optimization.trials[0].finite,True
births[23].optimization.trials[1].alpha,0.5
births[23].optimization.trials[1].loss,0.06191040741194123
births[23].optimization.trials[1].coefficient[0],-0.03
births[23].optimization.trials[1].coefficient[1],0.03
births[23].optimization.trials[1].coefficient[2],0.03
births[23].optimization.trials[1].coefficient[3],-0.03
births[23].optimization.trials[1].coefficient[4],-0.03
births[23].optimization.trials[1].coefficient[5],-0.03
births[23].optimization.trials[1].coefficient[6],-0.03
births[23].optimization.trials[1].coefficient[7],-0.03
births[23].optimization.trials[1].coefficient[8],-0.03
births[23].optimization.trials[1].coefficient[9],-0.03
births[23].optimization.trials[1].coefficient[10],-0.03
births[23].optimization.trials[1].coefficient[11],0.03
births[23].optimization.trials[1].coefficient[12],-0.03
births[23].optimization.trials[1].coefficient[13],-0.005538558921328205
births[23].optimization.trials[1].coefficient[14],-0.03
births[23].optimization.trials[1].coefficient[15],-0.009070128380241856
births[23].optimization.trials[1].coefficient[16],-0.03
births[23].optimization.trials[1].coefficient[17],-0.01851868139128473
births[23].optimization.trials[1].coefficient[18],-0.03
births[23].optimization.trials[1].coefficient[19],-0.03
births[23].optimization.trials[1].coefficient[20],0.03
births[23].optimization.trials[1].coefficient[21],-0.03
births[23].optimization.trials[1].coefficient[22],-0.015
births[23].optimization.trials[1].coefficient[23],-0.015
births[23].optimization.trials[1].timing.signature.config_digest,62ca4976cb787bbdbc3fd85b82677cf3aaa45a383158d798e34cfdd3b30c3861
births[23].optimization.trials[1].timing.signature.field_digest,11162da077d54597700e705723b34acb147f47c44095818ea0b0ecb554a3fc55
births[23].optimization.trials[1].timing.signature.count,16777216
births[23].optimization.trials[1].timing.signature.seed,101
births[23].optimization.trials[1].timing.signature.operator_version,v0817_CURRENT_fixed_measure_C3
births[23].optimization.trials[1].timing.signature.shape[0],4
births[23].optimization.trials[1].timing.signature.shape[1],1080
births[23].optimization.trials[1].timing.signature.shape[2],1920
births[23].optimization.trials[1].timing.signature.shape[3],3
births[23].optimization.trials[1].timing.signature.dtype,float32
births[23].optimization.trials[1].timing.signature.source_digest,e9a0305b3ed0de34bf755a1f588cd96b3f0913d79827dc0c89908e88e8dfbd53
births[23].optimization.trials[1].timing.signature.centers,04fa3f26dc1f0a72d5a35e72b09d3f35c58048785c2c77a551c4e50d6a5817b3
births[23].optimization.trials[1].timing.signature.radii,14e05c73860f6e7d9069bb97e82ea02e17795f72e22130f83da0b013a5795686
births[23].optimization.trials[1].timing.signature.coefficients,9deb15e078e324199821839042107e2c289a455bd789953afd040f285986b7f5
births[23].optimization.trials[1].timing.source_seconds,60.05630584596656
births[23].optimization.trials[1].timing.transport_seconds,532.3149940161966
births[23].optimization.trials[1].timing.detector_seconds,80.17216616193764
births[23].optimization.trials[1].timing.total_seconds,672.5846943929791
births[23].optimization.trials[1].timing.peak_cuda_allocated_mib,573.45947265625
births[23].optimization.trials[1].timing.peak_cuda_reserved_mib,13416.0
births[23].optimization.trials[1].timing.cpu_rss_peak_mib,9754.1328125
births[23].optimization.trials[1].timing.energy_accounting[0].view,0
births[23].optimization.trials[1].timing.energy_accounting[0].input_energy,0.5789528797611885
births[23].optimization.trials[1].timing.energy_accounting[0].detected_energy,0.5789526101631961
births[23].optimization.trials[1].timing.energy_accounting[0].relative_energy_difference,4.6566482661979665e-07
births[23].optimization.trials[1].timing.energy_accounting[0].projected_count_sum,16777169.214476526
births[23].optimization.trials[1].timing.energy_accounting[0].boundary_checked,True
births[23].optimization.trials[1].timing.energy_accounting[0].boundary_lost_energy,0.0
births[23].optimization.trials[1].timing.energy_accounting[0].expected_in_window_energy,0.5789528797611885
births[23].optimization.trials[1].timing.energy_accounting[0].numerical_energy_relative_error,4.6566482661979665e-07
births[23].optimization.trials[1].timing.energy_accounting[1].view,1
births[23].optimization.trials[1].timing.energy_accounting[1].input_energy,0.44203109644772354
births[23].optimization.trials[1].timing.energy_accounting[1].detected_energy,0.4420308662289976
births[23].optimization.trials[1].timing.energy_accounting[1].relative_energy_difference,5.208202042035451e-07
births[23].optimization.trials[1].timing.energy_accounting[1].projected_count_sum,16777169.237106908
births[23].optimization.trials[1].timing.energy_accounting[1].boundary_checked,True
births[23].optimization.trials[1].timing.energy_accounting[1].boundary_lost_energy,0.0
births[23].optimization.trials[1].timing.energy_accounting[1].expected_in_window_energy,0.44203109644772354
births[23].optimization.trials[1].timing.energy_accounting[1].numerical_energy_relative_error,5.208202042035451e-07
births[23].optimization.trials[1].timing.energy_accounting[2].view,2
births[23].optimization.trials[1].timing.energy_accounting[2].input_energy,0.5391019987094847
births[23].optimization.trials[1].timing.energy_accounting[2].detected_energy,0.5391017370913065
births[23].optimization.trials[1].timing.energy_accounting[2].relative_energy_difference,4.852851201785443e-07
births[23].optimization.trials[1].timing.energy_accounting[2].projected_count_sum,16777169.235387633
births[23].optimization.trials[1].timing.energy_accounting[2].boundary_checked,True
births[23].optimization.trials[1].timing.energy_accounting[2].boundary_lost_energy,0.0
births[23].optimization.trials[1].timing.energy_accounting[2].expected_in_window_energy,0.5391019987094847
births[23].optimization.trials[1].timing.energy_accounting[2].numerical_energy_relative_error,4.852851201785443e-07
births[23].optimization.trials[1].timing.energy_accounting[3].view,3
births[23].optimization.trials[1].timing.energy_accounting[3].input_energy,0.4570029627274215
births[23].optimization.trials[1].timing.energy_accounting[3].detected_energy,0.45700273053623425
births[23].optimization.trials[1].timing.energy_accounting[3].relative_energy_difference,5.080737023922117e-07
births[23].optimization.trials[1].timing.energy_accounting[3].projected_count_sum,16777169.041990358
births[23].optimization.trials[1].timing.energy_accounting[3].boundary_checked,True
births[23].optimization.trials[1].timing.energy_accounting[3].boundary_lost_energy,0.0
births[23].optimization.trials[1].timing.energy_accounting[3].expected_in_window_energy,0.4570029627274215
births[23].optimization.trials[1].timing.energy_accounting[3].numerical_energy_relative_error,5.080737023922117e-07
births[23].optimization.trials[1].timing.root_failures,0
births[23].optimization.trials[1].timing.attachment_residual_max,6.661338147750939e-16
births[23].optimization.trials[1].timing.maximum_displacement,0.027813267566889475
births[23].optimization.trials[1].timing.image_digest,2923fd521e3010d56695df9ce60072180b23dc474aabec6fed23c77b493ab8b2
births[23].optimization.trials[1].timing.state_persisted,False
births[23].optimization.trials[1].finite,True
births[23].optimization.trials[2].alpha,0.25
births[23].optimization.trials[2].loss,0.06188908354627372
births[23].optimization.trials[2].coefficient[0],-0.03
births[23].optimization.trials[2].coefficient[1],0.03
births[23].optimization.trials[2].coefficient[2],0.03
births[23].optimization.trials[2].coefficient[3],-0.03
births[23].optimization.trials[2].coefficient[4],-0.03
births[23].optimization.trials[2].coefficient[5],-0.03
births[23].optimization.trials[2].coefficient[6],-0.03
births[23].optimization.trials[2].coefficient[7],-0.03
births[23].optimization.trials[2].coefficient[8],-0.03
births[23].optimization.trials[2].coefficient[9],-0.03
births[23].optimization.trials[2].coefficient[10],-0.03
births[23].optimization.trials[2].coefficient[11],0.03
births[23].optimization.trials[2].coefficient[12],-0.03
births[23].optimization.trials[2].coefficient[13],-0.008177796961322762
births[23].optimization.trials[2].coefficient[14],-0.03
births[23].optimization.trials[2].coefficient[15],-0.019535064190120927
births[23].optimization.trials[2].coefficient[16],-0.03
births[23].optimization.trials[2].coefficient[17],-0.01888112205465695
births[23].optimization.trials[2].coefficient[18],-0.03
births[23].optimization.trials[2].coefficient[19],-0.03
births[23].optimization.trials[2].coefficient[20],0.03
births[23].optimization.trials[2].coefficient[21],-0.03
births[23].optimization.trials[2].coefficient[22],-0.0075
births[23].optimization.trials[2].coefficient[23],-0.0075
births[23].optimization.trials[2].timing.signature.config_digest,62ca4976cb787bbdbc3fd85b82677cf3aaa45a383158d798e34cfdd3b30c3861
births[23].optimization.trials[2].timing.signature.field_digest,11162da077d54597700e705723b34acb147f47c44095818ea0b0ecb554a3fc55
births[23].optimization.trials[2].timing.signature.count,16777216
births[23].optimization.trials[2].timing.signature.seed,101
births[23].optimization.trials[2].timing.signature.operator_version,v0817_CURRENT_fixed_measure_C3
births[23].optimization.trials[2].timing.signature.shape[0],4
births[23].optimization.trials[2].timing.signature.shape[1],1080
births[23].optimization.trials[2].timing.signature.shape[2],1920
births[23].optimization.trials[2].timing.signature.shape[3],3
births[23].optimization.trials[2].timing.signature.dtype,float32
births[23].optimization.trials[2].timing.signature.source_digest,e9a0305b3ed0de34bf755a1f588cd96b3f0913d79827dc0c89908e88e8dfbd53
births[23].optimization.trials[2].timing.signature.centers,04fa3f26dc1f0a72d5a35e72b09d3f35c58048785c2c77a551c4e50d6a5817b3
births[23].optimization.trials[2].timing.signature.radii,14e05c73860f6e7d9069bb97e82ea02e17795f72e22130f83da0b013a5795686
births[23].optimization.trials[2].timing.signature.coefficients,81158c9eecea0db4692caa7a5c608ebae16fdddafcaf9ab2e7313904c8f85e46
births[23].optimization.trials[2].timing.source_seconds,60.09255868708715
births[23].optimization.trials[2].timing.transport_seconds,530.1770481090061
births[23].optimization.trials[2].timing.detector_seconds,80.19974305806682
births[23].optimization.trials[2].timing.total_seconds,670.5109046860598
births[23].optimization.trials[2].timing.peak_cuda_allocated_mib,573.4609375
births[23].optimization.trials[2].timing.peak_cuda_reserved_mib,13416.0
births[23].optimization.trials[2].timing.cpu_rss_peak_mib,9754.1328125
births[23].optimization.trials[2].timing.energy_accounting[0].view,0
births[23].optimization.trials[2].timing.energy_accounting[0].input_energy,0.5790320107319614
births[23].optimization.trials[2].timing.energy_accounting[0].detected_energy,0.5790317409368838
births[23].optimization.trials[2].timing.energy_accounting[0].relative_energy_difference,4.659415586903283e-07
births[23].optimization.trials[2].timing.energy_accounting[0].projected_count_sum,16777169.287561357
births[23].optimization.trials[2].timing.energy_accounting[0].boundary_checked,True
births[23].optimization.trials[2].timing.energy_accounting[0].boundary_lost_energy,0.0
births[23].optimization.trials[2].timing.energy_accounting[0].expected_in_window_energy,0.5790320107319614
births[23].optimization.trials[2].timing.energy_accounting[0].numerical_energy_relative_error,4.659415586903283e-07
births[23].optimization.trials[2].timing.energy_accounting[1].view,1
births[23].optimization.trials[2].timing.energy_accounting[1].input_energy,0.44225078511633986
births[23].optimization.trials[2].timing.energy_accounting[1].detected_energy,0.44225055478145026
births[23].optimization.trials[2].timing.energy_accounting[1].relative_energy_difference,5.208241508161621e-07
births[23].optimization.trials[2].timing.energy_accounting[1].projected_count_sum,16777169.236240145
births[23].optimization.trials[2].timing.energy_accounting[1].boundary_checked,True
births[23].optimization.trials[2].timing.energy_accounting[1].boundary_lost_energy,0.0
births[23].optimization.trials[2].timing.energy_accounting[1].expected_in_window_energy,0.44225078511633986
births[23].optimization.trials[2].timing.energy_accounting[1].numerical_energy_relative_error,5.208241508161621e-07
births[23].optimization.trials[2].timing.energy_accounting[2].view,2
births[23].optimization.trials[2].timing.energy_accounting[2].input_energy,0.5387267981816989
births[23].optimization.trials[2].timing.energy_accounting[2].detected_energy,0.5387265369458882
births[23].optimization.trials[2].timing.energy_accounting[2].relative_energy_difference,4.849133392508093e-07
births[23].optimization.trials[2].timing.energy_accounting[2].projected_count_sum,16777169.207673695
births[23].optimization.trials[2].timing.energy_accounting[2].boundary_checked,True
births[23].optimization.trials[2].timing.energy_accounting[2].boundary_lost_energy,0.0
births[23].optimization.trials[2].timing.energy_accounting[2].expected_in_window_energy,0.5387267981816989
births[23].optimization.trials[2].timing.energy_accounting[2].numerical_energy_relative_error,4.849133392508093e-07
births[23].optimization.trials[2].timing.energy_accounting[3].view,3
births[23].optimization.trials[2].timing.energy_accounting[3].input_energy,0.45691208871375594
births[23].optimization.trials[2].timing.energy_accounting[3].detected_energy,0.4569118568255328
births[23].optimization.trials[2].timing.energy_accounting[3].relative_energy_difference,5.075116829938784e-07
births[23].optimization.trials[2].timing.energy_accounting[3].projected_count_sum,16777169.125232784
births[23].optimization.trials[2].timing.energy_accounting[3].boundary_checked,True
births[23].optimization.trials[2].timing.energy_accounting[3].boundary_lost_energy,0.0
births[23].optimization.trials[2].timing.energy_accounting[3].expected_in_window_energy,0.45691208871375594
births[23].optimization.trials[2].timing.energy_accounting[3].numerical_energy_relative_error,5.075116829938784e-07
births[23].optimization.trials[2].timing.root_failures,0
births[23].optimization.trials[2].timing.attachment_residual_max,6.661338147750939e-16
births[23].optimization.trials[2].timing.maximum_displacement,0.029552767703094243
births[23].optimization.trials[2].timing.image_digest,34e83f7a4e92af24511ed170a74900722b0c70c5709ebd77070895136a2eb6ff
births[23].optimization.trials[2].timing.state_persisted,False
births[23].optimization.trials[2].finite,True
births[23].optimization.trials[3].alpha,0.125
births[23].optimization.trials[3].loss,0.06187912938319623
births[23].optimization.trials[3].coefficient[0],-0.03
births[23].optimization.trials[3].coefficient[1],0.03
births[23].optimization.trials[3].coefficient[2],0.03
births[23].optimization.trials[3].coefficient[3],-0.03
births[23].optimization.trials[3].coefficient[4],-0.03
births[23].optimization.trials[3].coefficient[5],-0.03
births[23].optimization.trials[3].coefficient[6],-0.03
births[23].optimization.trials[3].coefficient[7],-0.03
births[23].optimization.trials[3].coefficient[8],-0.03
births[23].optimization.trials[3].coefficient[9],-0.03
births[23].optimization.trials[3].coefficient[10],-0.03
births[23].optimization.trials[3].coefficient[11],0.03
births[23].optimization.trials[3].coefficient[12],-0.03
births[23].optimization.trials[3].coefficient[13],-0.009497415981320041
births[23].optimization.trials[3].coefficient[14],-0.03
births[23].optimization.trials[3].coefficient[15],-0.02476753209506046
births[23].optimization.trials[3].coefficient[16],-0.03
births[23].optimization.trials[3].coefficient[17],-0.01906234238634306
births[23].optimization.trials[3].coefficient[18],-0.03
births[23].optimization.trials[3].coefficient[19],-0.03
births[23].optimization.trials[3].coefficient[20],0.03
births[23].optimization.trials[3].coefficient[21],-0.03
births[23].optimization.trials[3].coefficient[22],-0.00375
births[23].optimization.trials[3].coefficient[23],-0.00375
births[23].optimization.trials[3].timing.signature.config_digest,62ca4976cb787bbdbc3fd85b82677cf3aaa45a383158d798e34cfdd3b30c3861
births[23].optimization.trials[3].timing.signature.field_digest,11162da077d54597700e705723b34acb147f47c44095818ea0b0ecb554a3fc55
births[23].optimization.trials[3].timing.signature.count,16777216
births[23].optimization.trials[3].timing.signature.seed,101
births[23].optimization.trials[3].timing.signature.operator_version,v0817_CURRENT_fixed_measure_C3
births[23].optimization.trials[3].timing.signature.shape[0],4
births[23].optimization.trials[3].timing.signature.shape[1],1080
births[23].optimization.trials[3].timing.signature.shape[2],1920
births[23].optimization.trials[3].timing.signature.shape[3],3
births[23].optimization.trials[3].timing.signature.dtype,float32
births[23].optimization.trials[3].timing.signature.source_digest,e9a0305b3ed0de34bf755a1f588cd96b3f0913d79827dc0c89908e88e8dfbd53
births[23].optimization.trials[3].timing.signature.centers,04fa3f26dc1f0a72d5a35e72b09d3f35c58048785c2c77a551c4e50d6a5817b3
births[23].optimization.trials[3].timing.signature.radii,14e05c73860f6e7d9069bb97e82ea02e17795f72e22130f83da0b013a5795686
births[23].optimization.trials[3].timing.signature.coefficients,20e081e414dbab187f80015f0a4796ba6b35ffaee3323729de205ec06ad72b27
births[23].optimization.trials[3].timing.source_seconds,66.62883939198218
births[23].optimization.trials[3].timing.transport_seconds,529.7458657380193
births[23].optimization.trials[3].timing.detector_seconds,80.30361735797487
births[23].optimization.trials[3].timing.total_seconds,676.7194630280137
births[23].optimization.trials[3].timing.peak_cuda_allocated_mib,573.4619140625
births[23].optimization.trials[3].timing.peak_cuda_reserved_mib,13416.0
births[23].optimization.trials[3].timing.cpu_rss_peak_mib,9754.1328125
births[23].optimization.trials[3].timing.energy_accounting[0].view,0
births[23].optimization.trials[3].timing.energy_accounting[0].input_energy,0.5790712644688848
births[23].optimization.trials[3].timing.energy_accounting[0].detected_energy,0.5790709950156941
births[23].optimization.trials[3].timing.energy_accounting[0].relative_energy_difference,4.653195680431474e-07
births[23].optimization.trials[3].timing.energy_accounting[0].projected_count_sum,16777169.315164326
births[23].optimization.trials[3].timing.energy_accounting[0].boundary_checked,True
births[23].optimization.trials[3].timing.energy_accounting[0].boundary_lost_energy,0.0
births[23].optimization.trials[3].timing.energy_accounting[0].expected_in_window_energy,0.5790712644688848
births[23].optimization.trials[3].timing.energy_accounting[0].numerical_energy_relative_error,4.653195680431474e-07
births[23].optimization.trials[3].timing.energy_accounting[1].view,1
births[23].optimization.trials[3].timing.energy_accounting[1].input_energy,0.44235841579504137
births[23].optimization.trials[3].timing.energy_accounting[1].detected_energy,0.44235818540192057
births[23].optimization.trials[3].timing.energy_accounting[1].relative_energy_difference,5.208290666055479e-07
births[23].optimization.trials[3].timing.energy_accounting[1].projected_count_sum,16777169.25160111
births[23].optimization.trials[3].timing.energy_accounting[1].boundary_checked,True
births[23].optimization.trials[3].timing.energy_accounting[1].boundary_lost_energy,0.0
births[23].optimization.trials[3].timing.energy_accounting[1].expected_in_window_energy,0.44235841579504137
births[23].optimization.trials[3].timing.energy_accounting[1].numerical_energy_relative_error,5.208290666055479e-07
births[23].optimization.trials[3].timing.energy_accounting[2].view,2
births[23].optimization.trials[3].timing.energy_accounting[2].input_energy,0.5385414405570477
births[23].optimization.trials[3].timing.energy_accounting[2].detected_energy,0.5385411797907284
births[23].optimization.trials[3].timing.energy_accounting[2].relative_energy_difference,4.842084557982374e-07
births[23].optimization.trials[3].timing.energy_accounting[2].projected_count_sum,16777169.185836304
births[23].optimization.trials[3].timing.energy_accounting[2].boundary_checked,True
births[23].optimization.trials[3].timing.energy_accounting[2].boundary_lost_energy,0.0
births[23].optimization.trials[3].timing.energy_accounting[2].expected_in_window_energy,0.5385414405570477
births[23].optimization.trials[3].timing.energy_accounting[2].numerical_energy_relative_error,4.842084557982374e-07
births[23].optimization.trials[3].timing.energy_accounting[3].view,3
births[23].optimization.trials[3].timing.energy_accounting[3].input_energy,0.4568677962542721
births[23].optimization.trials[3].timing.energy_accounting[3].detected_energy,0.45686756437576315
births[23].optimization.trials[3].timing.energy_accounting[3].relative_energy_difference,5.075396227323575e-07
births[23].optimization.trials[3].timing.energy_accounting[3].projected_count_sum,16777169.17148892
births[23].optimization.trials[3].timing.energy_accounting[3].boundary_checked,True
births[23].optimization.trials[3].timing.energy_accounting[3].boundary_lost_energy,0.0
births[23].optimization.trials[3].timing.energy_accounting[3].expected_in_window_energy,0.4568677962542721
births[23].optimization.trials[3].timing.energy_accounting[3].numerical_energy_relative_error,5.075396227323575e-07
births[23].optimization.trials[3].timing.root_failures,0
births[23].optimization.trials[3].timing.attachment_residual_max,6.661338147750939e-16
births[23].optimization.trials[3].timing.maximum_displacement,0.031181212493307645
births[23].optimization.trials[3].timing.image_digest,2815bcc696300eae798d7d51638130643b61ae6c5271bda8f4d2c2a78ab23239
births[23].optimization.trials[3].timing.state_persisted,False
births[23].optimization.trials[3].finite,True
births[23].optimization.realized_gain,0.0
births[23].optimization.coefficient_limit_hits,21
births[23].optimization.seconds,2699.623359297868
births[23].observation.whole_image_mse,0.12373941554944702
births[23].observation.foreground_mse,0.14935576621876648
births[23].observation.interior_gt8px_mse,0.13099686577072195
births[23].observation.silhouette_0_8px_mse,0.3593659416759164
births[23].observation.foreground_mean_brightness,0.5123022515035988
births[23].observation.edge_sharpness,0.006071784604799721
births[23].observation.reference_edge_sharpness,0.09199675652077396
births[23].observation.edge_sharpness_ratio,0.06599998559110766
births[23].observation.thin_feature_response_ratio,0.017785556114155648
births[23].observation.per_view[0].gradient_magnitude_ratio,0.27477115918548606
births[23].observation.per_view[0].gradient_cosine,0.0033822699018341436
births[23].observation.per_view[0].reference_aligned_gradient_energy,97.98638110029596
births[23].observation.per_view[0].unmatched_gradient_energy,361.0369091915046
births[23].observation.per_view[0].excess_hf_weak_reference,0.00019827968093134705
births[23].observation.per_view[0].gradient_squared_error,0.0015739695686180929
births[23].observation.per_view[0].weak_reference_pixels,1624532
births[23].observation.per_view[1].gradient_magnitude_ratio,0.27189964424196356
births[23].observation.per_view[1].gradient_cosine,0.0014379849377191966
births[23].observation.per_view[1].reference_aligned_gradient_energy,59.13859723131087
births[23].observation.per_view[1].unmatched_gradient_energy,370.2740467066764
births[23].observation.per_view[1].excess_hf_weak_reference,0.00020199369054095675
births[23].observation.per_view[1].gradient_squared_error,0.0015030103245003872
births[23].observation.per_view[1].weak_reference_pixels,1644948
births[23].observation.per_view[2].gradient_magnitude_ratio,0.2750987575828058
births[23].observation.per_view[2].gradient_cosine,0.00645346099697704
births[23].observation.per_view[2].reference_aligned_gradient_energy,91.56715995274992
births[23].observation.per_view[2].unmatched_gradient_energy,374.9015874003592
births[23].observation.per_view[2].excess_hf_weak_reference,0.00021733821043561633
births[23].observation.per_view[2].gradient_squared_error,0.0015934455036806681
births[23].observation.per_view[2].weak_reference_pixels,1561449
births[23].observation.per_view[3].gradient_magnitude_ratio,0.3112454684526367
births[23].observation.per_view[3].gradient_cosine,0.006392968865059402
births[23].observation.per_view[3].reference_aligned_gradient_energy,39.353068285848956
births[23].observation.per_view[3].unmatched_gradient_energy,392.08519709948973
births[23].observation.per_view[3].excess_hf_weak_reference,0.0002287674129965391
births[23].observation.per_view[3].gradient_squared_error,0.0011736422058655407
births[23].observation.per_view[3].weak_reference_pixels,1668420
births[23].observation.gradient_magnitude_ratio,0.283253757365723
births[23].observation.gradient_cosine,0.004416671175397445
births[23].observation.reference_aligned_gradient_energy,72.01130164255143
births[23].observation.unmatched_gradient_energy,374.57443509950747
births[23].observation.excess_hf_weak_reference,0.0002115947487261148
births[23].observation.gradient_squared_error,0.0014610169006661722
births[23].observation.weak_reference_pixels,1624837.25
births[23].observation.loss,0.06186968523783084
births[23].observation.detected_energy,6272918.342492233
births[23].observation.relative_rgb_l2,0.8176575239620631
births[23].observation.per_view_mse[0],0.14518840205514857
births[23].observation.per_view_mse[1],0.1167876396141219
births[23].observation.per_view_mse[2],0.13034043863622072
births[23].observation.per_view_mse[3],0.10264100159715558
births[23].observation.foreground_mask_iou[0],0.5580774848594755
births[23].observation.foreground_mask_iou[1],0.5430577786042723
births[23].observation.foreground_mask_iou[2],0.6110729800313306
births[23].observation.foreground_mask_iou[3],0.5996307457437418
births[23].observation.squared_image_energy,4359225.25
births[23].geometry.symmetric_chamfer,0.2371438909957267
births[23].geometry.point_to_surface_mean,0.26476596104572425
births[23].geometry.point_to_surface_p95,0.5945937249302998
births[23].geometry.surface_rms,0.3270044356991545
births[23].geometry.normal_consistency,0.7024270506754842
births[23].geometry.normal_error,0.29757294932451583
births[23].geometry.regional_ear_p2s_mean,0.3352326430068578
births[23].geometry.regional_head_p2s_mean,0.19238081943391688
births[23].geometry.regional_leg_p2s_mean,0.07804523575236506
births[23].geometry.regional_torso_p2s_mean,0.2968293697265956
births[23].geometry.bounds[0][0],-0.9999213884461601
births[23].geometry.bounds[0][1],-0.9999213884461601
births[23].geometry.bounds[0][2],-0.999336789688974
births[23].geometry.bounds[1][0],1.0020892449145047
births[23].geometry.bounds[1][1],1.0008261626621462
births[23].geometry.bounds[1][2],0.999934128095519
births[23].geometry.surface_area,12.599556701008247
births[23].geometry.components,1
births[23].geometry.maximum_outward_from_unit_sphere,0.03277370145948111
births[23].geometry.maximum_inward_from_unit_sphere,0.007568205540274042
births[23].geometry.radial_deviation_p95,0.008443800950137581
births[23].geometry.gt_extends_outside_unit_sphere,True
births[23].geometry.gt_max_radius,1.5736361939753005
births[23].geometry.source_coverage_distance_p95,0.013527803728563083
births[23].geometry.source_coverage_distance_max,0.025900166087563202
births[23].geometry.source_coverage_samples,65536
births[23].geometry.geometry_seconds,0.5806666910648346
births[23].geometry.geometry_path,runs/v090_matched_birth/geometry/globe_birth24.ply
births[23].geometry.geometry_target,"MC approximation of prepared.gt_field, evaluation only; existing P2S/Chamfer definitions. Current normals updated at every evaluation."
births[23].scoring_seconds,334.8534780431073
births[23].total_seconds,3042.00689979014
births[23].peak_cuda_allocated_mib,3259.46923828125
births[23].peak_cuda_reserved_mib,13416.0
births[23].cpu_rss_peak_mib,9754.1328125
births[23].image_path,
births[23].checkpoint_image,runs/v090_matched_birth/globe_checkpoint24.npy
births[24].round,25
births[24].deterministic_id,GLOBE:25:27
births[24].center[0],0.9561703484628763
births[24].center[1],0.09421363702272666
births[24].center[2],0.3161118139598466
births[24].radius,0.31819805153394637
births[24].proposal_source_id,1827162
births[24].zero_set_residual_at_birth,4.5102810375396984e-17
births[24].selected_rank,1
births[24].candidate_bank_size,32
births[24].responsive_fraction,1.0
births[24].predicted_gain,0.00020867588077680597
births[24].alignment,0.001571632239706487
births[24].jacobian_norm,0.07693007123741681
births[24].affected_views,3
births[24].affected_pixels,104291
births[24].coefficient,0.0
births[24].active_dof_count,25
births[24].born_dof_count,25
births[24].accepted_births,16
births[24].initialized_at_zero,True
births[24].birth_image_jump,0.0
births[24].birth_source_count_change,0
births[24].birth_source_mass_change,0.0
births[24].source_count,16777216
births[24].source_weight_digest,e8a23943d73928dce091768b7789dedd1390b88a2ee2ef22b4e84ad52b924711
births[24].coefficients[0],-0.03
births[24].coefficients[1],0.03
births[24].coefficients[2],0.03
births[24].coefficients[3],-0.03
births[24].coefficients[4],-0.03
births[24].coefficients[5],-0.03
births[24].coefficients[6],-0.03
births[24].coefficients[7],-0.03
births[24].coefficients[8],-0.03
births[24].coefficients[9],-0.03
births[24].coefficients[10],-0.03
births[24].coefficients[11],0.03
births[24].coefficients[12],-0.03
births[24].coefficients[13],-0.010817035001317319
births[24].coefficients[14],-0.03
births[24].coefficients[15],-0.03
births[24].coefficients[16],-0.03
births[24].coefficients[17],-0.01924356271802917
births[24].coefficients[18],-0.03
births[24].coefficients[19],-0.03
births[24].coefficients[20],0.03
births[24].coefficients[21],-0.03
births[24].coefficients[22],0.0
births[24].coefficients[23],0.0
births[24].coefficients[24],0.0
births[24].centers[0][0],-0.07351842161138195
births[24].centers[0][1],0.6811820444435563
births[24].centers[0][2],-0.728413388133049
births[24].centers[1][0],0.6720258443143237
births[24].centers[1][1],0.5230814425100977
births[24].centers[1][2],-0.5241822861135006
births[24].centers[2][0],0.12062150794935045
births[24].centers[2][1],0.2665257085036449
births[24].centers[2][2],-0.9562502279877663
births[24].centers[3][0],0.6105258360802454
births[24].centers[3][1],0.566767707400702
births[24].centers[3][2],-0.5728702979286703
births[24].centers[4][0],0.13361574155036657
births[24].centers[4][1],0.8868378640189128
births[24].centers[4][2],0.44234086014330387
births[24].centers[5][0],0.9348412718678133
births[24].centers[5][1],0.17414060480910115
births[24].centers[5][2],0.3094298727810383
births[24].centers[6][0],0.10765130760785846
births[24].centers[6][1],0.37381169381516527
births[24].centers[6][2],-0.931612583191458
births[24].centers[7][0],0.27660040085736426
births[24].centers[7][1],0.08849992431230631
births[24].centers[7][2],0.9569012392312288
births[24].centers[8][0],0.3656402470898519
births[24].centers[8][1],0.2420315947952902
births[24].centers[8][2],-0.8976672496030755
births[24].centers[9][0],0.5042942542486878
births[24].centers[9][1],0.23319429282205392
births[24].centers[9][2],-0.8353174314302868
births[24].centers[10][0],0.9657880199999013
births[24].centers[10][1],-0.004972121226871936
births[24].centers[10][2],-0.25928512960672373
births[24].centers[11][0],0.43033766896540854
births[24].centers[11][1],0.29701592496651535
births[24].centers[11][2],-0.8738539169153484
births[24].centers[12][0],-0.0653798551048776
births[24].centers[12][1],0.9759003052447783
births[24].centers[12][2],0.21019734664427175
births[24].centers[13][0],0.8324638153056917
births[24].centers[13][1],-0.34735399393431043
births[24].centers[13][2],-0.43169664065837554
births[24].centers[14][0],0.874068110421238
births[24].centers[14][1],-0.31556807010319615
births[24].centers[14][2],-0.4033349792463196
births[24].centers[15][0],0.5186546030900402
births[24].centers[15][1],0.6470575646401505
births[24].centers[15][2],-0.5808165515816515
births[24].centers[16][0],0.3437081446947666
births[24].centers[16][1],0.22807555224954393
births[24].centers[16][2],0.9139377755375496
births[24].centers[17][0],0.41631243871518575
births[24].centers[17][1],0.6592877764945416
births[24].centers[17][2],-0.6315858556035571
births[24].centers[18][0],-0.06048825746607583
births[24].centers[18][1],0.6450916414259033
births[24].centers[18][2],-0.7784891870902508
births[24].centers[19][0],0.7188248293406948
births[24].centers[19][1],0.46997387399637075
births[24].centers[19][2],-0.5254201786060513
births[24].centers[20][0],0.6630135689512833
births[24].centers[20][1],0.48176933940104566
births[24].centers[20][2],-0.598782129817469
births[24].centers[21][0],0.38478596613976535
births[24].centers[21][1],0.6519386144658471
births[24].centers[21][2],-0.6779058524075691
births[24].centers[22][0],0.144093029127394
births[24].centers[22][1],0.8186374477624594
births[24].centers[22][2],0.568922217523114
births[24].centers[23][0],0.3459784076780482
births[24].centers[23][1],0.13958162797189808
births[24].centers[23][2],-0.9323211907883635
births[24].centers[24][0],0.9561703484628763
births[24].centers[24][1],0.09421363702272666
births[24].centers[24][2],0.3161118139598466
births[24].radii[0],0.45
births[24].radii[1],0.45
births[24].radii[2],0.45
births[24].radii[3],0.45
births[24].radii[4],0.45
births[24].radii[5],0.45
births[24].radii[6],0.45
births[24].radii[7],0.31819805153394637
births[24].radii[8],0.31819805153394637
births[24].radii[9],0.45
births[24].radii[10],0.45
births[24].radii[11],0.45
births[24].radii[12],0.31819805153394637
births[24].radii[13],0.45
births[24].radii[14],0.31819805153394637
births[24].radii[15],0.45
births[24].radii[16],0.45
births[24].radii[17],0.31819805153394637
births[24].radii[18],0.45
births[24].radii[19],0.45
births[24].radii[20],0.45
births[24].radii[21],0.45
births[24].radii[22],0.45
births[24].radii[23],0.45
births[24].radii[24],0.31819805153394637
births[24].realized_gain,0.0
births[24].optimization.accepted,False
births[24].optimization.linear_solver_failures,0
births[24].optimization.line_search_failures,1
births[24].optimization.trials[0].alpha,1.0
births[24].optimization.trials[0].loss,0.061902481930563004
births[24].optimization.trials[0].coefficient[0],-0.03
births[24].optimization.trials[0].coefficient[1],0.03
births[24].optimization.trials[0].coefficient[2],0.03
births[24].optimization.trials[0].coefficient[3],-0.03
births[24].optimization.trials[0].coefficient[4],-0.03
births[24].optimization.trials[0].coefficient[5],-0.03
births[24].optimization.trials[0].coefficient[6],-0.03
births[24].optimization.trials[0].coefficient[7],-0.03
births[24].optimization.trials[0].coefficient[8],-0.03
births[24].optimization.trials[0].coefficient[9],-0.03
births[24].optimization.trials[0].coefficient[10],-0.03
births[24].optimization.trials[0].coefficient[11],0.03
births[24].optimization.trials[0].coefficient[12],-0.03
births[24].optimization.trials[0].coefficient[13],-0.00026118815007017925
births[24].optimization.trials[0].coefficient[14],-0.03
births[24].optimization.trials[0].coefficient[15],0.011865057498184658
births[24].optimization.trials[0].coefficient[16],-0.03
births[24].optimization.trials[0].coefficient[17],-0.01779301979286719
births[24].optimization.trials[0].coefficient[18],-0.03
births[24].optimization.trials[0].coefficient[19],-0.03
births[24].optimization.trials[0].coefficient[20],0.03
births[24].optimization.trials[0].coefficient[21],-0.03
births[24].optimization.trials[0].coefficient[22],-0.03
births[24].optimization.trials[0].coefficient[23],-0.03
births[24].optimization.trials[0].coefficient[24],-0.03
births[24].optimization.trials[0].timing.signature.config_digest,62ca4976cb787bbdbc3fd85b82677cf3aaa45a383158d798e34cfdd3b30c3861
births[24].optimization.trials[0].timing.signature.field_digest,11162da077d54597700e705723b34acb147f47c44095818ea0b0ecb554a3fc55
births[24].optimization.trials[0].timing.signature.count,16777216
births[24].optimization.trials[0].timing.signature.seed,101
births[24].optimization.trials[0].timing.signature.operator_version,v0817_CURRENT_fixed_measure_C3
births[24].optimization.trials[0].timing.signature.shape[0],4
births[24].optimization.trials[0].timing.signature.shape[1],1080
births[24].optimization.trials[0].timing.signature.shape[2],1920
births[24].optimization.trials[0].timing.signature.shape[3],3
births[24].optimization.trials[0].timing.signature.dtype,float32
births[24].optimization.trials[0].timing.signature.source_digest,e9a0305b3ed0de34bf755a1f588cd96b3f0913d79827dc0c89908e88e8dfbd53
births[24].optimization.trials[0].timing.signature.centers,8377e247c415c504f4e10a12ec6edb9b699703d3bb1c03287c99635900a1c7b6
births[24].optimization.trials[0].timing.signature.radii,c14f278fecc95bb32e6aed43d32d9baea73bdf3b71f1ad2e5b614250ae2f6996
births[24].optimization.trials[0].timing.signature.coefficients,ea54d3aff147b4f08d131920c401814f596299c1bab868d89397e575ecb1c5cd
births[24].optimization.trials[0].timing.source_seconds,60.06984072504565
births[24].optimization.trials[0].timing.transport_seconds,531.2054685140029
births[24].optimization.trials[0].timing.detector_seconds,79.7759096568916
births[24].optimization.trials[0].timing.total_seconds,671.093472805107
births[24].optimization.trials[0].timing.peak_cuda_allocated_mib,575.57177734375
births[24].optimization.trials[0].timing.peak_cuda_reserved_mib,3370.0
births[24].optimization.trials[0].timing.cpu_rss_peak_mib,9754.1328125
births[24].optimization.trials[0].timing.energy_accounting[0].view,0
births[24].optimization.trials[0].timing.energy_accounting[0].input_energy,0.5786794756478336
births[24].optimization.trials[0].timing.energy_accounting[0].detected_energy,0.5786792064061023
births[24].optimization.trials[0].timing.energy_accounting[0].relative_energy_difference,4.652691907777178e-07
births[24].optimization.trials[0].timing.energy_accounting[0].projected_count_sum,16777169.098667277
births[24].optimization.trials[0].timing.energy_accounting[0].boundary_checked,True
births[24].optimization.trials[0].timing.energy_accounting[0].boundary_lost_energy,0.0
births[24].optimization.trials[0].timing.energy_accounting[0].expected_in_window_energy,0.5786794756478336
births[24].optimization.trials[0].timing.energy_accounting[0].numerical_energy_relative_error,4.652691907777178e-07
births[24].optimization.trials[0].timing.energy_accounting[1].view,1
births[24].optimization.trials[0].timing.energy_accounting[1].input_energy,0.44158065633216925
births[24].optimization.trials[0].timing.energy_accounting[1].detected_energy,0.44158042641524126
births[24].optimization.trials[0].timing.energy_accounting[1].relative_energy_difference,5.206680245143759e-07
births[24].optimization.trials[0].timing.energy_accounting[1].projected_count_sum,16777169.181237532
births[24].optimization.trials[0].timing.energy_accounting[1].boundary_checked,True
births[24].optimization.trials[0].timing.energy_accounting[1].boundary_lost_energy,0.0
births[24].optimization.trials[0].timing.energy_accounting[1].expected_in_window_energy,0.44158065633216925
births[24].optimization.trials[0].timing.energy_accounting[1].numerical_energy_relative_error,5.206680245143759e-07
births[24].optimization.trials[0].timing.energy_accounting[2].view,2
births[24].optimization.trials[0].timing.energy_accounting[2].input_energy,0.53985809416505
births[24].optimization.trials[0].timing.energy_accounting[2].detected_energy,0.5398578310067652
births[24].optimization.trials[0].timing.energy_accounting[2].relative_energy_difference,4.874582555570224e-07
births[24].optimization.trials[0].timing.energy_accounting[2].projected_count_sum,16777168.704950185
births[24].optimization.trials[0].timing.energy_accounting[2].boundary_checked,True
births[24].optimization.trials[0].timing.energy_accounting[2].boundary_lost_energy,0.0
births[24].optimization.trials[0].timing.energy_accounting[2].expected_in_window_energy,0.53985809416505
births[24].optimization.trials[0].timing.energy_accounting[2].numerical_energy_relative_error,4.874582555570224e-07
births[24].optimization.trials[0].timing.energy_accounting[3].view,3
births[24].optimization.trials[0].timing.energy_accounting[3].input_energy,0.4566221667415771
births[24].optimization.trials[0].timing.energy_accounting[3].detected_energy,0.4566219341470211
births[24].optimization.trials[0].timing.energy_accounting[3].relative_energy_difference,5.093807810704996e-07
births[24].optimization.trials[0].timing.energy_accounting[3].projected_count_sum,16777168.909101576
births[24].optimization.trials[0].timing.energy_accounting[3].boundary_checked,True
births[24].optimization.trials[0].timing.energy_accounting[3].boundary_lost_energy,0.0
births[24].optimization.trials[0].timing.energy_accounting[3].expected_in_window_energy,0.4566221667415771
births[24].optimization.trials[0].timing.energy_accounting[3].numerical_energy_relative_error,5.093807810704996e-07
births[24].optimization.trials[0].timing.root_failures,0
births[24].optimization.trials[0].timing.attachment_residual_max,6.661338147750939e-16
births[24].optimization.trials[0].timing.maximum_displacement,0.027813267566889475
births[24].optimization.trials[0].timing.image_digest,a1c6bfca677b62045bfca4d6024ca95fdc79f5390be8e34e931ee15fb5d8a717
births[24].optimization.trials[0].timing.state_persisted,False
births[24].optimization.trials[0].finite,True
births[24].optimization.trials[1].alpha,0.5
births[24].optimization.trials[1].loss,0.06188476391472045
births[24].optimization.trials[1].coefficient[0],-0.03
births[24].optimization.trials[1].coefficient[1],0.03
births[24].optimization.trials[1].coefficient[2],0.03
births[24].optimization.trials[1].coefficient[3],-0.03
births[24].optimization.trials[1].coefficient[4],-0.03
births[24].optimization.trials[1].coefficient[5],-0.03
births[24].optimization.trials[1].coefficient[6],-0.03
births[24].optimization.trials[1].coefficient[7],-0.03
births[24].optimization.trials[1].coefficient[8],-0.03
births[24].optimization.trials[1].coefficient[9],-0.03
births[24].optimization.trials[1].coefficient[10],-0.03
births[24].optimization.trials[1].coefficient[11],0.03
births[24].optimization.trials[1].coefficient[12],-0.03
births[24].optimization.trials[1].coefficient[13],-0.005539111575693749
births[24].optimization.trials[1].coefficient[14],-0.03
births[24].optimization.trials[1].coefficient[15],-0.00906747125090767
births[24].optimization.trials[1].coefficient[16],-0.03
births[24].optimization.trials[1].coefficient[17],-0.01851829125544818
births[24].optimization.trials[1].coefficient[18],-0.03
births[24].optimization.trials[1].coefficient[19],-0.03
births[24].optimization.trials[1].coefficient[20],0.03
births[24].optimization.trials[1].coefficient[21],-0.03
births[24].optimization.trials[1].coefficient[22],-0.015
births[24].optimization.trials[1].coefficient[23],-0.015
births[24].optimization.trials[1].coefficient[24],-0.015
births[24].optimization.trials[1].timing.signature.config_digest,62ca4976cb787bbdbc3fd85b82677cf3aaa45a383158d798e34cfdd3b30c3861
births[24].optimization.trials[1].timing.signature.field_digest,11162da077d54597700e705723b34acb147f47c44095818ea0b0ecb554a3fc55
births[24].optimization.trials[1].timing.signature.count,16777216
births[24].optimization.trials[1].timing.signature.seed,101
births[24].optimization.trials[1].timing.signature.operator_version,v0817_CURRENT_fixed_measure_C3
births[24].optimization.trials[1].timing.signature.shape[0],4
births[24].optimization.trials[1].timing.signature.shape[1],1080
births[24].optimization.trials[1].timing.signature.shape[2],1920
births[24].optimization.trials[1].timing.signature.shape[3],3
births[24].optimization.trials[1].timing.signature.dtype,float32
births[24].optimization.trials[1].timing.signature.source_digest,e9a0305b3ed0de34bf755a1f588cd96b3f0913d79827dc0c89908e88e8dfbd53
births[24].optimization.trials[1].timing.signature.centers,8377e247c415c504f4e10a12ec6edb9b699703d3bb1c03287c99635900a1c7b6
births[24].optimization.trials[1].timing.signature.radii,c14f278fecc95bb32e6aed43d32d9baea73bdf3b71f1ad2e5b614250ae2f6996
births[24].optimization.trials[1].timing.signature.coefficients,c3501b18d974aa2ba936a0b1cf2b6eae843afa66e4fd31198268166f7824add2
births[24].optimization.trials[1].timing.source_seconds,60.048271155916154
births[24].optimization.trials[1].timing.transport_seconds,531.1161140231416
births[24].optimization.trials[1].timing.detector_seconds,79.76161599601619
births[24].optimization.trials[1].timing.total_seconds,670.9664250470232
births[24].optimization.trials[1].timing.peak_cuda_allocated_mib,575.5771484375
births[24].optimization.trials[1].timing.peak_cuda_reserved_mib,3370.0
births[24].optimization.trials[1].timing.cpu_rss_peak_mib,9754.1328125
births[24].optimization.trials[1].timing.energy_accounting[0].view,0
births[24].optimization.trials[1].timing.energy_accounting[0].input_energy,0.5788994670084481
births[24].optimization.trials[1].timing.energy_accounting[0].detected_energy,0.5788991974345702
births[24].optimization.trials[1].timing.energy_accounting[0].relative_energy_difference,4.6566613591804837e-07
births[24].optimization.trials[1].timing.energy_accounting[0].projected_count_sum,16777169.216703333
births[24].optimization.trials[1].timing.energy_accounting[0].boundary_checked,True
births[24].optimization.trials[1].timing.energy_accounting[0].boundary_lost_energy,0.0
births[24].optimization.trials[1].timing.energy_accounting[0].expected_in_window_energy,0.5788994670084481
births[24].optimization.trials[1].timing.energy_accounting[0].numerical_energy_relative_error,4.6566613591804837e-07
births[24].optimization.trials[1].timing.energy_accounting[1].view,1
births[24].optimization.trials[1].timing.energy_accounting[1].input_energy,0.44203109644772354
births[24].optimization.trials[1].timing.energy_accounting[1].detected_energy,0.442030866228569
births[24].optimization.trials[1].timing.energy_accounting[1].relative_energy_difference,5.208211738222033e-07
births[24].optimization.trials[1].timing.energy_accounting[1].projected_count_sum,16777169.216662066
births[24].optimization.trials[1].timing.energy_accounting[1].boundary_checked,True
births[24].optimization.trials[1].timing.energy_accounting[1].boundary_lost_energy,0.0
births[24].optimization.trials[1].timing.energy_accounting[1].expected_in_window_energy,0.44203109644772354
births[24].optimization.trials[1].timing.energy_accounting[1].numerical_energy_relative_error,5.208211738222033e-07
births[24].optimization.trials[1].timing.energy_accounting[2].view,2
births[24].optimization.trials[1].timing.energy_accounting[2].input_energy,0.539105149730537
births[24].optimization.trials[1].timing.energy_accounting[2].detected_energy,0.5391048879485336
births[24].optimization.trials[1].timing.energy_accounting[2].relative_energy_difference,4.855861672601732e-07
births[24].optimization.trials[1].timing.energy_accounting[2].projected_count_sum,16777168.932434607
births[24].optimization.trials[1].timing.energy_accounting[2].boundary_checked,True
births[24].optimization.trials[1].timing.energy_accounting[2].boundary_lost_energy,0.0
births[24].optimization.trials[1].timing.energy_accounting[2].expected_in_window_energy,0.539105149730537
births[24].optimization.trials[1].timing.energy_accounting[2].numerical_energy_relative_error,4.855861672601732e-07
births[24].optimization.trials[1].timing.energy_accounting[3].view,3
births[24].optimization.trials[1].timing.energy_accounting[3].input_energy,0.4567346287933002
births[24].optimization.trials[1].timing.energy_accounting[3].detected_energy,0.4567343968059809
births[24].optimization.trials[1].timing.energy_accounting[3].relative_energy_difference,5.079258384939856e-07
births[24].optimization.trials[1].timing.energy_accounting[3].projected_count_sum,16777169.029963074
births[24].optimization.trials[1].timing.energy_accounting[3].boundary_checked,True
births[24].optimization.trials[1].timing.energy_accounting[3].boundary_lost_energy,0.0
births[24].optimization.trials[1].timing.energy_accounting[3].expected_in_window_energy,0.4567346287933002
births[24].optimization.trials[1].timing.energy_accounting[3].numerical_energy_relative_error,5.079258384939856e-07
births[24].optimization.trials[1].timing.root_failures,0
births[24].optimization.trials[1].timing.attachment_residual_max,6.661338147750939e-16
births[24].optimization.trials[1].timing.maximum_displacement,0.027813267566889475
births[24].optimization.trials[1].timing.image_digest,12260f20e47b832d8f38c84146840425dfe26779009b389dcaa40d5dc29593d9
births[24].optimization.trials[1].timing.state_persisted,False
births[24].optimization.trials[1].finite,True
births[24].optimization.trials[2].alpha,0.25
births[24].optimization.trials[2].loss,0.06187675804590306
births[24].optimization.trials[2].coefficient[0],-0.03
births[24].optimization.trials[2].coefficient[1],0.03
births[24].optimization.trials[2].coefficient[2],0.03
births[24].optimization.trials[2].coefficient[3],-0.03
births[24].optimization.trials[2].coefficient[4],-0.03
births[24].optimization.trials[2].coefficient[5],-0.03
births[24].optimization.trials[2].coefficient[6],-0.03
births[24].optimization.trials[2].coefficient[7],-0.03
births[24].optimization.trials[2].coefficient[8],-0.03
births[24].optimization.trials[2].coefficient[9],-0.03
births[24].optimization.trials[2].coefficient[10],-0.03
births[24].optimization.trials[2].coefficient[11],0.03
births[24].optimization.trials[2].coefficient[12],-0.03
births[24].optimization.trials[2].coefficient[13],-0.008178073288505533
births[24].optimization.trials[2].coefficient[14],-0.03
births[24].optimization.trials[2].coefficient[15],-0.019533735625453835
births[24].optimization.trials[2].coefficient[16],-0.03
births[24].optimization.trials[2].coefficient[17],-0.018880926986738676
births[24].optimization.trials[2].coefficient[18],-0.03
births[24].optimization.trials[2].coefficient[19],-0.03
births[24].optimization.trials[2].coefficient[20],0.03
births[24].optimization.trials[2].coefficient[21],-0.03
births[24].optimization.trials[2].coefficient[22],-0.0075
births[24].optimization.trials[2].coefficient[23],-0.0075
births[24].optimization.trials[2].coefficient[24],-0.0075
births[24].optimization.trials[2].timing.signature.config_digest,62ca4976cb787bbdbc3fd85b82677cf3aaa45a383158d798e34cfdd3b30c3861
births[24].optimization.trials[2].timing.signature.field_digest,11162da077d54597700e705723b34acb147f47c44095818ea0b0ecb554a3fc55
births[24].optimization.trials[2].timing.signature.count,16777216
births[24].optimization.trials[2].timing.signature.seed,101
births[24].optimization.trials[2].timing.signature.operator_version,v0817_CURRENT_fixed_measure_C3
births[24].optimization.trials[2].timing.signature.shape[0],4
births[24].optimization.trials[2].timing.signature.shape[1],1080
births[24].optimization.trials[2].timing.signature.shape[2],1920
births[24].optimization.trials[2].timing.signature.shape[3],3
births[24].optimization.trials[2].timing.signature.dtype,float32
births[24].optimization.trials[2].timing.signature.source_digest,e9a0305b3ed0de34bf755a1f588cd96b3f0913d79827dc0c89908e88e8dfbd53
births[24].optimization.trials[2].timing.signature.centers,8377e247c415c504f4e10a12ec6edb9b699703d3bb1c03287c99635900a1c7b6
births[24].optimization.trials[2].timing.signature.radii,c14f278fecc95bb32e6aed43d32d9baea73bdf3b71f1ad2e5b614250ae2f6996
births[24].optimization.trials[2].timing.signature.coefficients,87fb2f1511208cda829c63221001dc995821f0fbc9044a9eb3081bae2a9439f3
births[24].optimization.trials[2].timing.source_seconds,60.80396186700091
births[24].optimization.trials[2].timing.transport_seconds,532.8218817838933
births[24].optimization.trials[2].timing.detector_seconds,80.16007804195397
births[24].optimization.trials[2].timing.total_seconds,673.8270813750569
births[24].optimization.trials[2].timing.peak_cuda_allocated_mib,575.5771484375
births[24].optimization.trials[2].timing.peak_cuda_reserved_mib,3370.0
births[24].optimization.trials[2].timing.cpu_rss_peak_mib,9754.1328125
births[24].optimization.trials[2].timing.energy_accounting[0].view,0
births[24].optimization.trials[2].timing.energy_accounting[0].input_energy,0.5790063892022189
births[24].optimization.trials[2].timing.energy_accounting[0].detected_energy,0.5790061193101823
births[24].optimization.trials[2].timing.energy_accounting[0].relative_energy_difference,4.661296345629307e-07
births[24].optimization.trials[2].timing.energy_accounting[0].projected_count_sum,16777169.289133644
births[24].optimization.trials[2].timing.energy_accounting[0].boundary_checked,True
births[24].optimization.trials[2].timing.energy_accounting[0].boundary_lost_energy,0.0
births[24].optimization.trials[2].timing.energy_accounting[0].expected_in_window_energy,0.5790063892022189
births[24].optimization.trials[2].timing.energy_accounting[0].numerical_energy_relative_error,4.661296345629307e-07
births[24].optimization.trials[2].timing.energy_accounting[1].view,1
births[24].optimization.trials[2].timing.energy_accounting[1].input_energy,0.44225078511633986
births[24].optimization.trials[2].timing.energy_accounting[1].detected_energy,0.44225055478136516
births[24].optimization.trials[2].timing.energy_accounting[1].relative_energy_difference,5.208243432377421e-07
births[24].optimization.trials[2].timing.energy_accounting[1].projected_count_sum,16777169.23481378
births[24].optimization.trials[2].timing.energy_accounting[1].boundary_checked,True
births[24].optimization.trials[2].timing.energy_accounting[1].boundary_lost_energy,0.0
births[24].optimization.trials[2].timing.energy_accounting[1].expected_in_window_energy,0.44225078511633986
births[24].optimization.trials[2].timing.energy_accounting[1].numerical_energy_relative_error,5.208243432377421e-07
births[24].optimization.trials[2].timing.energy_accounting[2].view,2
births[24].optimization.trials[2].timing.energy_accounting[2].input_energy,0.5387281685547146
births[24].optimization.trials[2].timing.energy_accounting[2].detected_energy,0.5387279072755751
births[24].optimization.trials[2].timing.energy_accounting[2].relative_energy_difference,4.849925338917467e-07
births[24].optimization.trials[2].timing.energy_accounting[2].projected_count_sum,16777169.060736232
births[24].optimization.trials[2].timing.energy_accounting[2].boundary_checked,True
births[24].optimization.trials[2].timing.energy_accounting[2].boundary_lost_energy,0.0
births[24].optimization.trials[2].timing.energy_accounting[2].expected_in_window_energy,0.5387281685547146
births[24].optimization.trials[2].timing.energy_accounting[2].numerical_energy_relative_error,4.849925338917467e-07
births[24].optimization.trials[2].timing.energy_accounting[3].view,3
births[24].optimization.trials[2].timing.energy_accounting[3].input_energy,0.4567834747856015
births[24].optimization.trials[2].timing.energy_accounting[3].detected_energy,0.45678324289112643
births[24].optimization.trials[2].timing.energy_accounting[3].relative_energy_difference,5.076682670615816e-07
births[24].optimization.trials[2].timing.energy_accounting[3].projected_count_sum,16777169.117231118
births[24].optimization.trials[2].timing.energy_accounting[3].boundary_checked,True
births[24].optimization.trials[2].timing.energy_accounting[3].boundary_lost_energy,0.0
births[24].optimization.trials[2].timing.energy_accounting[3].expected_in_window_energy,0.4567834747856015
births[24].optimization.trials[2].timing.energy_accounting[3].numerical_energy_relative_error,5.076682670615816e-07
births[24].optimization.trials[2].timing.root_failures,0
births[24].optimization.trials[2].timing.attachment_residual_max,6.661338147750939e-16
births[24].optimization.trials[2].timing.maximum_displacement,0.029552298354001534
births[24].optimization.trials[2].timing.image_digest,efee0cf629ef6a064180a42f459e19fbb5851544bd122961e7416f679260db62
births[24].optimization.trials[2].timing.state_persisted,False
births[24].optimization.trials[2].finite,True
births[24].optimization.trials[3].alpha,0.125
births[24].optimization.trials[3].loss,0.061873100240042674
births[24].optimization.trials[3].coefficient[0],-0.03
births[24].optimization.trials[3].coefficient[1],0.03
births[24].optimization.trials[3].coefficient[2],0.03
births[24].optimization.trials[3].coefficient[3],-0.03
births[24].optimization.trials[3].coefficient[4],-0.03
births[24].optimization.trials[3].coefficient[5],-0.03
births[24].optimization.trials[3].coefficient[6],-0.03
births[24].optimization.trials[3].coefficient[7],-0.03
births[24].optimization.trials[3].coefficient[8],-0.03
births[24].optimization.trials[3].coefficient[9],-0.03
births[24].optimization.trials[3].coefficient[10],-0.03
births[24].optimization.trials[3].coefficient[11],0.03
births[24].optimization.trials[3].coefficient[12],-0.03
births[24].optimization.trials[3].coefficient[13],-0.009497554144911427
births[24].optimization.trials[3].coefficient[14],-0.03
births[24].optimization.trials[3].coefficient[15],-0.02476686781272692
births[24].optimization.trials[3].coefficient[16],-0.03
births[24].optimization.trials[3].coefficient[17],-0.019062244852383923
births[24].optimization.trials[3].coefficient[18],-0.03
births[24].optimization.trials[3].coefficient[19],-0.03
births[24].optimization.trials[3].coefficient[20],0.03
births[24].optimization.trials[3].coefficient[21],-0.03
births[24].optimization.trials[3].coefficient[22],-0.00375
births[24].optimization.trials[3].coefficient[23],-0.00375
births[24].optimization.trials[3].coefficient[24],-0.00375
births[24].optimization.trials[3].timing.signature.config_digest,62ca4976cb787bbdbc3fd85b82677cf3aaa45a383158d798e34cfdd3b30c3861
births[24].optimization.trials[3].timing.signature.field_digest,11162da077d54597700e705723b34acb147f47c44095818ea0b0ecb554a3fc55
births[24].optimization.trials[3].timing.signature.count,16777216
births[24].optimization.trials[3].timing.signature.seed,101
births[24].optimization.trials[3].timing.signature.operator_version,v0817_CURRENT_fixed_measure_C3
births[24].optimization.trials[3].timing.signature.shape[0],4
births[24].optimization.trials[3].timing.signature.shape[1],1080
births[24].optimization.trials[3].timing.signature.shape[2],1920
births[24].optimization.trials[3].timing.signature.shape[3],3
births[24].optimization.trials[3].timing.signature.dtype,float32
births[24].optimization.trials[3].timing.signature.source_digest,e9a0305b3ed0de34bf755a1f588cd96b3f0913d79827dc0c89908e88e8dfbd53
births[24].optimization.trials[3].timing.signature.centers,8377e247c415c504f4e10a12ec6edb9b699703d3bb1c03287c99635900a1c7b6
births[24].optimization.trials[3].timing.signature.radii,c14f278fecc95bb32e6aed43d32d9baea73bdf3b71f1ad2e5b614250ae2f6996
births[24].optimization.trials[3].timing.signature.coefficients,d5dea3ac10b36922c29a2874761cdd7b7222785c1728ac284457d37fc26ea3f2
births[24].optimization.trials[3].timing.source_seconds,60.027524763019755
births[24].optimization.trials[3].timing.transport_seconds,540.0891246048268
births[24].optimization.trials[3].timing.detector_seconds,85.76743688690476
births[24].optimization.trials[3].timing.total_seconds,685.9262115259189
births[24].optimization.trials[3].timing.peak_cuda_allocated_mib,575.5771484375
births[24].optimization.trials[3].timing.peak_cuda_reserved_mib,3370.0
births[24].optimization.trials[3].timing.cpu_rss_peak_mib,9754.1328125
births[24].optimization.trials[3].timing.energy_accounting[0].view,0
births[24].optimization.trials[3].timing.energy_accounting[0].input_energy,0.5790587363185533
births[24].optimization.trials[3].timing.energy_accounting[0].detected_energy,0.579058466641124
births[24].optimization.trials[3].timing.energy_accounting[0].relative_energy_difference,4.657168821785486e-07
births[24].optimization.trials[3].timing.energy_accounting[0].projected_count_sum,16777169.314033594
births[24].optimization.trials[3].timing.energy_accounting[0].boundary_checked,True
births[24].optimization.trials[3].timing.energy_accounting[0].boundary_lost_energy,0.0
births[24].optimization.trials[3].timing.energy_accounting[0].expected_in_window_energy,0.5790587363185533
births[24].optimization.trials[3].timing.energy_accounting[0].numerical_energy_relative_error,4.657168821785486e-07
births[24].optimization.trials[3].timing.energy_accounting[1].view,1
births[24].optimization.trials[3].timing.energy_accounting[1].input_energy,0.44235841579504137
births[24].optimization.trials[3].timing.energy_accounting[1].detected_energy,0.44235818540212707
births[24].optimization.trials[3].timing.energy_accounting[1].relative_energy_difference,5.208285997861653e-07
births[24].optimization.trials[3].timing.energy_accounting[1].projected_count_sum,16777169.244667077
births[24].optimization.trials[3].timing.energy_accounting[1].boundary_checked,True
births[24].optimization.trials[3].timing.energy_accounting[1].boundary_lost_energy,0.0
births[24].optimization.trials[3].timing.energy_accounting[1].expected_in_window_energy,0.44235841579504137
births[24].optimization.trials[3].timing.energy_accounting[1].numerical_energy_relative_error,5.208285997861653e-07
births[24].optimization.trials[3].timing.energy_accounting[2].view,2
births[24].optimization.trials[3].timing.energy_accounting[2].input_energy,0.5385420886701155
births[24].optimization.trials[3].timing.energy_accounting[2].detected_energy,0.5385418278965368
births[24].optimization.trials[3].timing.energy_accounting[2].relative_energy_difference,4.842213528282179e-07
births[24].optimization.trials[3].timing.energy_accounting[2].projected_count_sum,16777169.124473257
births[24].optimization.trials[3].timing.energy_accounting[2].boundary_checked,True
births[24].optimization.trials[3].timing.energy_accounting[2].boundary_lost_energy,0.0
births[24].optimization.trials[3].timing.energy_accounting[2].expected_in_window_energy,0.5385420886701155
births[24].optimization.trials[3].timing.energy_accounting[2].numerical_energy_relative_error,4.842213528282179e-07
births[24].optimization.trials[3].timing.energy_accounting[3].view,3
births[24].optimization.trials[3].timing.energy_accounting[3].input_energy,0.45680495139196114
births[24].optimization.trials[3].timing.energy_accounting[3].detected_energy,0.45680471962077773
births[24].optimization.trials[3].timing.energy_accounting[3].relative_energy_difference,5.07374499128928e-07
births[24].optimization.trials[3].timing.energy_accounting[3].projected_count_sum,16777169.16287536
births[24].optimization.trials[3].timing.energy_accounting[3].boundary_checked,True
births[24].optimization.trials[3].timing.energy_accounting[3].boundary_lost_energy,0.0
births[24].optimization.trials[3].timing.energy_accounting[3].expected_in_window_energy,0.45680495139196114
births[24].optimization.trials[3].timing.energy_accounting[3].numerical_energy_relative_error,5.07374499128928e-07
births[24].optimization.trials[3].timing.root_failures,0
births[24].optimization.trials[3].timing.attachment_residual_max,6.661338147750939e-16
births[24].optimization.trials[3].timing.maximum_displacement,0.031180971352019794
births[24].optimization.trials[3].timing.image_digest,951eb3fe15f913d4b352a1f14bcf34798f6eaaa7a16c04620558ad019223e45b
births[24].optimization.trials[3].timing.state_persisted,False
births[24].optimization.trials[3].finite,True
births[24].optimization.realized_gain,0.0
births[24].optimization.coefficient_limit_hits,22
births[24].optimization.seconds,2710.5678341470193
births[24].observation.whole_image_mse,0.12373941554944702
births[24].observation.foreground_mse,0.14935576621876648
births[24].observation.interior_gt8px_mse,0.13099686577072195
births[24].observation.silhouette_0_8px_mse,0.3593659416759164
births[24].observation.foreground_mean_brightness,0.5123022515035988
births[24].observation.edge_sharpness,0.006071784604799721
births[24].observation.reference_edge_sharpness,0.09199675652077396
births[24].observation.edge_sharpness_ratio,0.06599998559110766
births[24].observation.thin_feature_response_ratio,0.017785556114155648
births[24].observation.per_view[0].gradient_magnitude_ratio,0.27477115918548606
births[24].observation.per_view[0].gradient_cosine,0.0033822699018341436
births[24].observation.per_view[0].reference_aligned_gradient_energy,97.98638110029596
births[24].observation.per_view[0].unmatched_gradient_energy,361.0369091915046
births[24].observation.per_view[0].excess_hf_weak_reference,0.00019827968093134705
births[24].observation.per_view[0].gradient_squared_error,0.0015739695686180929
births[24].observation.per_view[0].weak_reference_pixels,1624532
births[24].observation.per_view[1].gradient_magnitude_ratio,0.27189964424196356
births[24].observation.per_view[1].gradient_cosine,0.0014379849377191966
births[24].observation.per_view[1].reference_aligned_gradient_energy,59.13859723131087
births[24].observation.per_view[1].unmatched_gradient_energy,370.2740467066764
births[24].observation.per_view[1].excess_hf_weak_reference,0.00020199369054095675
births[24].observation.per_view[1].gradient_squared_error,0.0015030103245003872
births[24].observation.per_view[1].weak_reference_pixels,1644948
births[24].observation.per_view[2].gradient_magnitude_ratio,0.2750987575828058
births[24].observation.per_view[2].gradient_cosine,0.00645346099697704
births[24].observation.per_view[2].reference_aligned_gradient_energy,91.56715995274992
births[24].observation.per_view[2].unmatched_gradient_energy,374.9015874003592
births[24].observation.per_view[2].excess_hf_weak_reference,0.00021733821043561633
births[24].observation.per_view[2].gradient_squared_error,0.0015934455036806681
births[24].observation.per_view[2].weak_reference_pixels,1561449
births[24].observation.per_view[3].gradient_magnitude_ratio,0.3112454684526367
births[24].observation.per_view[3].gradient_cosine,0.006392968865059402
births[24].observation.per_view[3].reference_aligned_gradient_energy,39.353068285848956
births[24].observation.per_view[3].unmatched_gradient_energy,392.08519709948973
births[24].observation.per_view[3].excess_hf_weak_reference,0.0002287674129965391
births[24].observation.per_view[3].gradient_squared_error,0.0011736422058655407
births[24].observation.per_view[3].weak_reference_pixels,1668420
births[24].observation.gradient_magnitude_ratio,0.283253757365723
births[24].observation.gradient_cosine,0.004416671175397445
births[24].observation.reference_aligned_gradient_energy,72.01130164255143
births[24].observation.unmatched_gradient_energy,374.57443509950747
births[24].observation.excess_hf_weak_reference,0.0002115947487261148
births[24].observation.gradient_squared_error,0.0014610169006661722
births[24].observation.weak_reference_pixels,1624837.25
births[24].observation.loss,0.06186968523783084
births[24].observation.detected_energy,6272918.342492233
births[24].observation.relative_rgb_l2,0.8176575239620631
births[24].observation.per_view_mse[0],0.14518840205514857
births[24].observation.per_view_mse[1],0.1167876396141219
births[24].observation.per_view_mse[2],0.13034043863622072
births[24].observation.per_view_mse[3],0.10264100159715558
births[24].observation.foreground_mask_iou[0],0.5580774848594755
births[24].observation.foreground_mask_iou[1],0.5430577786042723
births[24].observation.foreground_mask_iou[2],0.6110729800313306
births[24].observation.foreground_mask_iou[3],0.5996307457437418
births[24].observation.squared_image_energy,4359225.25
births[24].geometry.symmetric_chamfer,0.2371438909957267
births[24].geometry.point_to_surface_mean,0.26476596104572425
births[24].geometry.point_to_surface_p95,0.5945937249302998
births[24].geometry.surface_rms,0.3270044356991545
births[24].geometry.normal_consistency,0.7024270506754842
births[24].geometry.normal_error,0.29757294932451583
births[24].geometry.regional_ear_p2s_mean,0.3352326430068578
births[24].geometry.regional_head_p2s_mean,0.19238081943391688
births[24].geometry.regional_leg_p2s_mean,0.07804523575236506
births[24].geometry.regional_torso_p2s_mean,0.2968293697265956
births[24].geometry.bounds[0][0],-0.9999213884461601
births[24].geometry.bounds[0][1],-0.9999213884461601
births[24].geometry.bounds[0][2],-0.999336789688974
births[24].geometry.bounds[1][0],1.0020892449145047
births[24].geometry.bounds[1][1],1.0008261626621462
births[24].geometry.bounds[1][2],0.999934128095519
births[24].geometry.surface_area,12.599556701008247
births[24].geometry.components,1
births[24].geometry.maximum_outward_from_unit_sphere,0.03277370145948111
births[24].geometry.maximum_inward_from_unit_sphere,0.007568205540274042
births[24].geometry.radial_deviation_p95,0.008443800950137581
births[24].geometry.gt_extends_outside_unit_sphere,True
births[24].geometry.gt_max_radius,1.5736361939753005
births[24].geometry.source_coverage_distance_p95,0.013527803728563083
births[24].geometry.source_coverage_distance_max,0.025900166087563202
births[24].geometry.source_coverage_samples,65536
births[24].geometry.geometry_seconds,0.6199484090320766
births[24].geometry.geometry_path,runs/v090_matched_birth/geometry/globe_birth25.ply
births[24].geometry.geometry_target,"MC approximation of prepared.gt_field, evaluation only; existing P2S/Chamfer definitions. Current normals updated at every evaluation."
births[24].scoring_seconds,339.43789254990406
births[24].total_seconds,3057.917401319137
births[24].peak_cuda_allocated_mib,3309.19091796875
births[24].peak_cuda_reserved_mib,14746.0
births[24].cpu_rss_peak_mib,9754.1328125
births[24].image_path,
births[24].checkpoint_image,runs/v090_matched_birth/globe_checkpoint25.npy
status,STOP_REPEATED_NO_GAIN
candidate_validation.scores.alignment[0],-0.0005961931863372005
candidate_validation.scores.alignment[1],0.0010683190465931032
candidate_validation.scores.alignment[2],-0.002546969007177053
candidate_validation.scores.alignment[3],0.0010620752801300452
candidate_validation.scores.alignment[4],-0.0018010947783389732
candidate_validation.scores.alignment[5],-0.0013369811564427662
candidate_validation.scores.alignment[6],-0.0005344416007426757
candidate_validation.scores.alignment[7],-0.0004818583934685372
candidate_validation.scores.alignment[8],0.003111618318967048
candidate_validation.scores.alignment[9],0.0015400411394025295
candidate_validation.scores.alignment[10],-0.00035767788802238695
candidate_validation.scores.alignment[11],-0.00010737888769335073
candidate_validation.scores.alignment[12],0.0001991600909937829
candidate_validation.scores.alignment[13],2.4577452185375954e-05
candidate_validation.scores.alignment[14],-0.0007123904874859621
candidate_validation.scores.alignment[15],-6.006666774872101e-05
candidate_validation.scores.alignment[16],0.001106455527481556
candidate_validation.scores.alignment[17],0.002217520416574462
candidate_validation.scores.alignment[18],-0.000213566127301281
candidate_validation.scores.alignment[19],0.00041865435581099934
candidate_validation.scores.alignment[20],0.0004015798040935818
candidate_validation.scores.alignment[21],-0.0013982971475266749
candidate_validation.scores.alignment[22],0.0011128636221615785
candidate_validation.scores.alignment[23],-0.0010508765457865293
candidate_validation.scores.alignment[24],0.003281905152696524
candidate_validation.scores.alignment[25],-1.3944010852666937e-05
candidate_validation.scores.alignment[26],0.00016689940619694335
candidate_validation.scores.alignment[27],0.0008933600090116044
candidate_validation.scores.alignment[28],-0.0005927554694772853
candidate_validation.scores.alignment[29],0.002224248548088062
candidate_validation.scores.alignment[30],0.001907113345676336
candidate_validation.scores.alignment[31],-0.0007212667437632148
candidate_validation.scores.raw[0],0.0005961931863372005
candidate_validation.scores.raw[1],0.0010683190465931032
candidate_validation.scores.raw[2],0.002546969007177053
candidate_validation.scores.raw[3],0.0010620752801300452
candidate_validation.scores.raw[4],0.0018010947783389732
candidate_validation.scores.raw[5],0.0013369811564427662
candidate_validation.scores.raw[6],0.0005344416007426757
candidate_validation.scores.raw[7],0.0004818583934685372
candidate_validation.scores.raw[8],0.003111618318967048
candidate_validation.scores.raw[9],0.0015400411394025295
candidate_validation.scores.raw[10],0.00035767788802238695
candidate_validation.scores.raw[11],0.00010737888769335073
candidate_validation.scores.raw[12],0.0001991600909937829
candidate_validation.scores.raw[13],2.4577452185375954e-05
candidate_validation.scores.raw[14],0.0007123904874859621
candidate_validation.scores.raw[15],6.006666774872101e-05
candidate_validation.scores.raw[16],0.001106455527481556
candidate_validation.scores.raw[17],0.002217520416574462
candidate_validation.scores.raw[18],0.000213566127301281
candidate_validation.scores.raw[19],0.00041865435581099934
candidate_validation.scores.raw[20],0.0004015798040935818
candidate_validation.scores.raw[21],0.0013982971475266749
candidate_validation.scores.raw[22],0.0011128636221615785
candidate_validation.scores.raw[23],0.0010508765457865293
candidate_validation.scores.raw[24],0.003281905152696524
candidate_validation.scores.raw[25],1.3944010852666937e-05
candidate_validation.scores.raw[26],0.00016689940619694335
candidate_validation.scores.raw[27],0.0008933600090116044
candidate_validation.scores.raw[28],0.0005927554694772853
candidate_validation.scores.raw[29],0.002224248548088062
candidate_validation.scores.raw[30],0.001907113345676336
candidate_validation.scores.raw[31],0.0007212667437632148
candidate_validation.scores.norm2[0],0.046371944326178124
candidate_validation.scores.norm2[1],0.09164901347462336
candidate_validation.scores.norm2[2],0.20780724005020412
candidate_validation.scores.norm2[3],0.07799600835182799
candidate_validation.scores.norm2[4],0.13995087349415497
candidate_validation.scores.norm2[5],0.12659595558773015
candidate_validation.scores.norm2[6],0.0481421019940313
candidate_validation.scores.norm2[7],0.010306789702538982
candidate_validation.scores.norm2[8],0.011794074389141375
candidate_validation.scores.norm2[9],0.21709691638726789
candidate_validation.scores.norm2[10],0.007358638716273212
candidate_validation.scores.norm2[11],0.06823293550932699
candidate_validation.scores.norm2[12],0.032988388471941084
candidate_validation.scores.norm2[13],0.007927653935353485
candidate_validation.scores.norm2[14],0.053773056268176876
candidate_validation.scores.norm2[15],0.045637960401298416
candidate_validation.scores.norm2[16],0.06283912463597903
candidate_validation.scores.norm2[17],0.010285582011680613
candidate_validation.scores.norm2[18],0.002607610938846052
candidate_validation.scores.norm2[19],0.03924753971008624
candidate_validation.scores.norm2[20],0.00700019268694598
candidate_validation.scores.norm2[21],0.06297048185262884
candidate_validation.scores.norm2[22],0.11921549585998803
candidate_validation.scores.norm2[23],0.05908499651546834
candidate_validation.scores.norm2[24],0.01437687171914763
candidate_validation.scores.norm2[25],0.0008362682360522427
candidate_validation.scores.norm2[26],0.006610946210360966
candidate_validation.scores.norm2[27],0.011588822148203181
candidate_validation.scores.norm2[28],0.0848442819089197
candidate_validation.scores.norm2[29],0.014623198020063151
candidate_validation.scores.norm2[30],0.010656365900102775
candidate_validation.scores.norm2[31],0.16878542100945612
candidate_validation.scores.quadratic[0],3.8325495522120635e-06
candidate_validation.scores.quadratic[1],6.226495500306241e-06
candidate_validation.scores.quadratic[2],1.5608330105070534e-05
candidate_validation.scores.quadratic[3],7.231155018498285e-06
candidate_validation.scores.quadratic[4],1.1589567116142274e-05
candidate_validation.scores.quadratic[5],7.059930123353247e-06
candidate_validation.scores.quadratic[6],2.9665014558308523e-06
candidate_validation.scores.quadratic[7],1.12637040880957e-05
candidate_validation.scores.quadratic[8],0.00041046402416456844
candidate_validation.scores.quadratic[9],5.462365974715755e-06
candidate_validation.scores.quadratic[10],8.692622235468246e-06
candidate_validation.scores.quadratic[11],8.449151819344988e-08
candidate_validation.scores.quadratic[12],6.011906528907713e-07
candidate_validation.scores.quadratic[13],3.809724424156889e-08
candidate_validation.scores.quadratic[14],4.718899185771126e-06
candidate_validation.scores.quadratic[15],3.952846092395057e-08
candidate_validation.scores.quadratic[16],9.74108004503877e-06
candidate_validation.scores.quadratic[17],0.0002390408721726128
candidate_validation.scores.quadratic[18],8.745311846306523e-06
candidate_validation.scores.quadratic[19],2.232891849474452e-06
candidate_validation.scores.quadratic[20],1.1518542600123429e-05
candidate_validation.scores.quadratic[21],1.552498686892481e-05
candidate_validation.scores.quadratic[22],5.1942257747262205e-06
candidate_validation.scores.quadratic[23],9.345347470111294e-06
candidate_validation.scores.quadratic[24],0.0003745886700518102
candidate_validation.scores.quadratic[25],1.1623793819397762e-07
candidate_validation.scores.quadratic[26],2.1067324975914345e-06
candidate_validation.scores.quadratic[27],3.4433405259563125e-05
candidate_validation.scores.quadratic[28],2.0706087939471363e-06
candidate_validation.scores.quadratic[29],0.0001691575182590202
candidate_validation.scores.quadratic[30],0.00017065138420898577
candidate_validation.scores.quadratic[31],1.5410851373609395e-06
candidate_validation.scores.jacobian_norm[0],0.21534145984036174
candidate_validation.scores.jacobian_norm[1],0.3027358807188592
candidate_validation.scores.jacobian_norm[2],0.4558587939814303
candidate_validation.scores.jacobian_norm[3],0.2792776545873801
candidate_validation.scores.jacobian_norm[4],0.37410008486253377
candidate_validation.scores.jacobian_norm[5],0.35580325404320035
candidate_validation.scores.jacobian_norm[6],0.21941308528442716
candidate_validation.scores.jacobian_norm[7],0.10152236060365707
candidate_validation.scores.jacobian_norm[8],0.10860052665222841
candidate_validation.scores.jacobian_norm[9],0.46593660125307595
candidate_validation.scores.jacobian_norm[10],0.08578250821859439
candidate_validation.scores.jacobian_norm[11],0.2612143478244007
candidate_validation.scores.jacobian_norm[12],0.1816270587548592
candidate_validation.scores.jacobian_norm[13],0.08903737381208796
candidate_validation.scores.jacobian_norm[14],0.23189018148290988
candidate_validation.scores.jacobian_norm[15],0.21363042948348537
candidate_validation.scores.jacobian_norm[16],0.25067733171545253
candidate_validation.scores.jacobian_norm[17],0.10141785844554504
candidate_validation.scores.jacobian_norm[18],0.051064771994458684
candidate_validation.scores.jacobian_norm[19],0.19810991825268678
candidate_validation.scores.jacobian_norm[20],0.08366715417023564
candidate_validation.scores.jacobian_norm[21],0.2509391995138042
candidate_validation.scores.jacobian_norm[22],0.3452759705800391
candidate_validation.scores.jacobian_norm[23],0.24307405561982204
candidate_validation.scores.jacobian_norm[24],0.11990359343717615
candidate_validation.scores.jacobian_norm[25],0.028918302786509493
candidate_validation.scores.jacobian_norm[26],0.08130772540393051
candidate_validation.scores.jacobian_norm[27],0.10765139176157074
candidate_validation.scores.jacobian_norm[28],0.2912804179977084
candidate_validation.scores.jacobian_norm[29],0.12092641572486613
candidate_validation.scores.jacobian_norm[30],0.10322967548192126
candidate_validation.scores.jacobian_norm[31],0.4108350289464813
candidate_validation.scores.gram[0][0],0.046371944326178124
candidate_validation.scores.gram[0][1],0.0
candidate_validation.scores.gram[0][2],0.0
candidate_validation.scores.gram[0][3],0.0
candidate_validation.scores.gram[0][4],0.0
candidate_validation.scores.gram[0][5],0.0
candidate_validation.scores.gram[0][6],0.0
candidate_validation.scores.gram[0][7],-1.992890560485142e-41
candidate_validation.scores.gram[0][8],0.0
candidate_validation.scores.gram[0][9],-1.822415245751556e-24
candidate_validation.scores.gram[0][10],-3.2387939796621937e-16
candidate_validation.scores.gram[0][11],0.0
candidate_validation.scores.gram[0][12],0.0
candidate_validation.scores.gram[0][13],0.0
candidate_validation.scores.gram[0][14],0.0
candidate_validation.scores.gram[0][15],4.773783244883582e-12
candidate_validation.scores.gram[0][16],3.6345931429020593e-09
candidate_validation.scores.gram[0][17],-1.0108968301311079e-06
candidate_validation.scores.gram[0][18],0.0
candidate_validation.scores.gram[0][19],0.0
candidate_validation.scores.gram[0][20],0.0
candidate_validation.scores.gram[0][21],1.6153252740135131e-07
candidate_validation.scores.gram[0][22],0.0
candidate_validation.scores.gram[0][23],0.0
candidate_validation.scores.gram[0][24],0.0
candidate_validation.scores.gram[0][25],0.0
candidate_validation.scores.gram[0][26],0.0
candidate_validation.scores.gram[0][27],0.0
candidate_validation.scores.gram[0][28],-0.00017955983816145873
candidate_validation.scores.gram[0][29],-0.0003211938840142705
candidate_validation.scores.gram[0][30],0.0
candidate_validation.scores.gram[0][31],0.0
candidate_validation.scores.gram[1][0],0.0
candidate_validation.scores.gram[1][1],0.09164901347462336
candidate_validation.scores.gram[1][2],0.0
candidate_validation.scores.gram[1][3],0.0
candidate_validation.scores.gram[1][4],0.0
candidate_validation.scores.gram[1][5],0.0
candidate_validation.scores.gram[1][6],0.0
candidate_validation.scores.gram[1][7],0.0
candidate_validation.scores.gram[1][8],-3.825426858868273e-11
candidate_validation.scores.gram[1][9],0.0
candidate_validation.scores.gram[1][10],0.0
candidate_validation.scores.gram[1][11],-1.430916390635691e-22
candidate_validation.scores.gram[1][12],0.0
candidate_validation.scores.gram[1][13],-3.6251207359785092e-09
candidate_validation.scores.gram[1][14],3.740673736616285e-07
candidate_validation.scores.gram[1][15],0.0
candidate_validation.scores.gram[1][16],0.0
candidate_validation.scores.gram[1][17],0.0
candidate_validation.scores.gram[1][18],0.0
candidate_validation.scores.gram[1][19],0.0
candidate_validation.scores.gram[1][20],0.0
candidate_validation.scores.gram[1][21],0.0
candidate_validation.scores.gram[1][22],-8.437737773736887e-05
candidate_validation.scores.gram[1][23],0.0
candidate_validation.scores.gram[1][24],0.0
candidate_validation.scores.gram[1][25],0.0
candidate_validation.scores.gram[1][26],0.0
candidate_validation.scores.gram[1][27],0.0
candidate_validation.scores.gram[1][28],0.0
candidate_validation.scores.gram[1][29],0.0
candidate_validation.scores.gram[1][30],-3.7091930853656676e-05
candidate_validation.scores.gram[1][31],0.0
candidate_validation.scores.gram[2][0],0.0
candidate_validation.scores.gram[2][1],0.0
candidate_validation.scores.gram[2][2],0.20780724005020412
candidate_validation.scores.gram[2][3],0.0
candidate_validation.scores.gram[2][4],0.0
candidate_validation.scores.gram[2][5],0.0
candidate_validation.scores.gram[2][6],0.0
candidate_validation.scores.gram[2][7],-5.136177938617334e-11
candidate_validation.scores.gram[2][8],0.0
candidate_validation.scores.gram[2][9],0.0
candidate_validation.scores.gram[2][10],0.0
candidate_validation.scores.gram[2][11],0.0
candidate_validation.scores.gram[2][12],0.0
candidate_validation.scores.gram[2][13],0.0
candidate_validation.scores.gram[2][14],-7.073923141305681e-13
candidate_validation.scores.gram[2][15],-4.938699769736242e-06
candidate_validation.scores.gram[2][16],0.0
candidate_validation.scores.gram[2][17],0.0
candidate_validation.scores.gram[2][18],0.0
candidate_validation.scores.gram[2][19],0.0
candidate_validation.scores.gram[2][20],0.0
candidate_validation.scores.gram[2][21],0.0
candidate_validation.scores.gram[2][22],0.0
candidate_validation.scores.gram[2][23],1.4112755409950536e-06
candidate_validation.scores.gram[2][24],0.0
candidate_validation.scores.gram[2][25],0.0
candidate_validation.scores.gram[2][26],0.0
candidate_validation.scores.gram[2][27],-7.043967859612988e-06
candidate_validation.scores.gram[2][28],0.0
candidate_validation.scores.gram[2][29],0.0
candidate_validation.scores.gram[2][30],0.0
candidate_validation.scores.gram[2][31],0.0
candidate_validation.scores.gram[3][0],0.0
candidate_validation.scores.gram[3][1],0.0
candidate_validation.scores.gram[3][2],0.0
candidate_validation.scores.gram[3][3],0.07799600835182799
candidate_validation.scores.gram[3][4],0.0
candidate_validation.scores.gram[3][5],0.0
candidate_validation.scores.gram[3][6],-8.007348229131105e-11
candidate_validation.scores.gram[3][7],0.0
candidate_validation.scores.gram[3][8],0.0
candidate_validation.scores.gram[3][9],0.0
candidate_validation.scores.gram[3][10],0.0
candidate_validation.scores.gram[3][11],1.135684034350648e-13
candidate_validation.scores.gram[3][12],0.0
candidate_validation.scores.gram[3][13],0.0
candidate_validation.scores.gram[3][14],0.0
candidate_validation.scores.gram[3][15],0.0
candidate_validation.scores.gram[3][16],0.0
candidate_validation.scores.gram[3][17],0.0
candidate_validation.scores.gram[3][18],-1.1663081707791988e-07
candidate_validation.scores.gram[3][19],1.281882066151929e-06
candidate_validation.scores.gram[3][20],0.0
candidate_validation.scores.gram[3][21],0.0
candidate_validation.scores.gram[3][22],0.0
candidate_validation.scores.gram[3][23],0.0
candidate_validation.scores.gram[3][24],0.0
candidate_validation.scores.gram[3][25],0.0
candidate_validation.scores.gram[3][26],2.3473812072977675e-06
candidate_validation.scores.gram[3][27],0.0
candidate_validation.scores.gram[3][28],0.0
candidate_validation.scores.gram[3][29],0.0
candidate_validation.scores.gram[3][30],0.0
candidate_validation.scores.gram[3][31],0.0
candidate_validation.scores.gram[4][0],0.0
candidate_validation.scores.gram[4][1],0.0
candidate_validation.scores.gram[4][2],0.0
candidate_validation.scores.gram[4][3],0.0
candidate_validation.scores.gram[4][4],0.13995087349415497
candidate_validation.scores.gram[4][5],0.0
candidate_validation.scores.gram[4][6],0.0
candidate_validation.scores.gram[4][7],0.0
candidate_validation.scores.gram[4][8],-2.1233804512204873e-10
candidate_validation.scores.gram[4][9],-5.200810247598845e-11
candidate_validation.scores.gram[4][10],0.0
candidate_validation.scores.gram[4][11],0.0
candidate_validation.scores.gram[4][12],-3.250776669514287e-14
candidate_validation.scores.gram[4][13],3.9920674021391644e-11
candidate_validation.scores.gram[4][14],0.0
candidate_validation.scores.gram[4][15],0.0
candidate_validation.scores.gram[4][16],0.0
candidate_validation.scores.gram[4][17],0.0
candidate_validation.scores.gram[4][18],0.0
candidate_validation.scores.gram[4][19],0.0
candidate_validation.scores.gram[4][20],6.822820327689289e-08
candidate_validation.scores.gram[4][21],0.0
candidate_validation.scores.gram[4][22],0.0
candidate_validation.scores.gram[4][23],0.0
candidate_validation.scores.gram[4][24],-1.8917224817331684e-05
candidate_validation.scores.gram[4][25],0.0
candidate_validation.scores.gram[4][26],0.0
candidate_validation.scores.gram[4][27],0.0
candidate_validation.scores.gram[4][28],0.0
candidate_validation.scores.gram[4][29],0.0
candidate_validation.scores.gram[4][30],0.0
candidate_validation.scores.gram[4][31],0.0004126780487688826
candidate_validation.scores.gram[5][0],0.0
candidate_validation.scores.gram[5][1],0.0
candidate_validation.scores.gram[5][2],0.0
candidate_validation.scores.gram[5][3],0.0
candidate_validation.scores.gram[5][4],0.0
candidate_validation.scores.gram[5][5],0.12659595558773015
candidate_validation.scores.gram[5][6],0.0
candidate_validation.scores.gram[5][7],0.0
candidate_validation.scores.gram[5][8],0.0
candidate_validation.scores.gram[5][9],0.0
candidate_validation.scores.gram[5][10],0.0
candidate_validation.scores.gram[5][11],-1.1258955350453822e-14
candidate_validation.scores.gram[5][12],2.9940313748331593e-11
candidate_validation.scores.gram[5][13],-2.7680614986196074e-15
candidate_validation.scores.gram[5][14],0.0
candidate_validation.scores.gram[5][15],0.0
candidate_validation.scores.gram[5][16],0.0
candidate_validation.scores.gram[5][17],0.0
candidate_validation.scores.gram[5][18],0.0
candidate_validation.scores.gram[5][19],0.0
candidate_validation.scores.gram[5][20],6.233425326501058e-09
candidate_validation.scores.gram[5][21],0.0
candidate_validation.scores.gram[5][22],0.0
candidate_validation.scores.gram[5][23],0.0
candidate_validation.scores.gram[5][24],0.0
candidate_validation.scores.gram[5][25],-1.5684429935673678e-12
candidate_validation.scores.gram[5][26],0.0
candidate_validation.scores.gram[5][27],0.0
candidate_validation.scores.gram[5][28],0.0
candidate_validation.scores.gram[5][29],0.0
candidate_validation.scores.gram[5][30],0.0
candidate_validation.scores.gram[5][31],0.0
candidate_validation.scores.gram[6][0],0.0
candidate_validation.scores.gram[6][1],0.0
candidate_validation.scores.gram[6][2],0.0
candidate_validation.scores.gram[6][3],-8.007348229131105e-11
candidate_validation.scores.gram[6][4],0.0
candidate_validation.scores.gram[6][5],0.0
candidate_validation.scores.gram[6][6],0.0481421019940313
candidate_validation.scores.gram[6][7],0.0
candidate_validation.scores.gram[6][8],0.0
candidate_validation.scores.gram[6][9],0.0
candidate_validation.scores.gram[6][10],0.0
candidate_validation.scores.gram[6][11],0.0
candidate_validation.scores.gram[6][12],0.0
candidate_validation.scores.gram[6][13],0.0
candidate_validation.scores.gram[6][14],1.621581636539987e-06
candidate_validation.scores.gram[6][15],0.0
candidate_validation.scores.gram[6][16],0.0
candidate_validation.scores.gram[6][17],0.0
candidate_validation.scores.gram[6][18],0.0
candidate_validation.scores.gram[6][19],3.684882141787664e-06
candidate_validation.scores.gram[6][20],0.0
candidate_validation.scores.gram[6][21],0.0
candidate_validation.scores.gram[6][22],0.0
candidate_validation.scores.gram[6][23],5.715116303841695e-07
candidate_validation.scores.gram[6][24],0.0
candidate_validation.scores.gram[6][25],0.0
candidate_validation.scores.gram[6][26],-4.334345171410497e-06
candidate_validation.scores.gram[6][27],0.0
candidate_validation.scores.gram[6][28],0.0
candidate_validation.scores.gram[6][29],0.0
candidate_validation.scores.gram[6][30],-0.00010049080994621128
candidate_validation.scores.gram[6][31],0.0
candidate_validation.scores.gram[7][0],-1.992890560485142e-41
candidate_validation.scores.gram[7][1],0.0
candidate_validation.scores.gram[7][2],-5.136177938617334e-11
candidate_validation.scores.gram[7][3],0.0
candidate_validation.scores.gram[7][4],0.0
candidate_validation.scores.gram[7][5],0.0
candidate_validation.scores.gram[7][6],0.0
candidate_validation.scores.gram[7][7],0.010306789702538982
candidate_validation.scores.gram[7][8],0.0
candidate_validation.scores.gram[7][9],0.0
candidate_validation.scores.gram[7][10],0.0
candidate_validation.scores.gram[7][11],0.0
candidate_validation.scores.gram[7][12],0.0
candidate_validation.scores.gram[7][13],0.0
candidate_validation.scores.gram[7][14],0.0
candidate_validation.scores.gram[7][15],-3.838567850029272e-06
candidate_validation.scores.gram[7][16],4.068975364522109e-06
candidate_validation.scores.gram[7][17],0.0
candidate_validation.scores.gram[7][18],0.0
candidate_validation.scores.gram[7][19],0.0
candidate_validation.scores.gram[7][20],0.0
candidate_validation.scores.gram[7][21],0.0
candidate_validation.scores.gram[7][22],0.0
candidate_validation.scores.gram[7][23],6.331109147479949e-06
candidate_validation.scores.gram[7][24],0.0
candidate_validation.scores.gram[7][25],0.0
candidate_validation.scores.gram[7][26],-3.194841809345e-07
candidate_validation.scores.gram[7][27],0.0
candidate_validation.scores.gram[7][28],-1.8118187604288636e-05
candidate_validation.scores.gram[7][29],-1.133719509813363e-21
candidate_validation.scores.gram[7][30],0.0
candidate_validation.scores.gram[7][31],0.0
candidate_validation.scores.gram[8][0],0.0
candidate_validation.scores.gram[8][1],-3.825426858868273e-11
candidate_validation.scores.gram[8][2],0.0
candidate_validation.scores.gram[8][3],0.0
candidate_validation.scores.gram[8][4],-2.1233804512204873e-10
candidate_validation.scores.gram[8][5],0.0
candidate_validation.scores.gram[8][6],0.0
candidate_validation.scores.gram[8][7],0.0
candidate_validation.scores.gram[8][8],0.011794074389141375
candidate_validation.scores.gram[8][9],0.0
candidate_validation.scores.gram[8][10],0.0
candidate_validation.scores.gram[8][11],0.0
candidate_validation.scores.gram[8][12],0.0
candidate_validation.scores.gram[8][13],0.0
candidate_validation.scores.gram[8][14],-6.61200545278195e-05
candidate_validation.scores.gram[8][15],0.0
candidate_validation.scores.gram[8][16],0.0
candidate_validation.scores.gram[8][17],0.0
candidate_validation.scores.gram[8][18],0.0
candidate_validation.scores.gram[8][19],0.0
candidate_validation.scores.gram[8][20],0.0
candidate_validation.scores.gram[8][21],0.0
candidate_validation.scores.gram[8][22],-0.00010565807324860543
candidate_validation.scores.gram[8][23],0.0
candidate_validation.scores.gram[8][24],-5.526866723028617e-07
candidate_validation.scores.gram[8][25],0.0
candidate_validation.scores.gram[8][26],0.0
candidate_validation.scores.gram[8][27],-9.288881274476951e-14
candidate_validation.scores.gram[8][28],0.0
candidate_validation.scores.gram[8][29],0.0
candidate_validation.scores.gram[8][30],0.0
candidate_validation.scores.gram[8][31],-0.00014815759303479304
candidate_validation.scores.gram[9][0],-1.822415245751556e-24
candidate_validation.scores.gram[9][1],0.0
candidate_validation.scores.gram[9][2],0.0
candidate_validation.scores.gram[9][3],0.0
candidate_validation.scores.gram[9][4],-5.200810247598845e-11
candidate_validation.scores.gram[9][5],0.0
candidate_validation.scores.gram[9][6],0.0
candidate_validation.scores.gram[9][7],0.0
candidate_validation.scores.gram[9][8],0.0
candidate_validation.scores.gram[9][9],0.21709691638726789
candidate_validation.scores.gram[9][10],0.0
candidate_validation.scores.gram[9][11],0.0
candidate_validation.scores.gram[9][12],0.0
candidate_validation.scores.gram[9][13],0.0
candidate_validation.scores.gram[9][14],0.0
candidate_validation.scores.gram[9][15],-7.748938484609635e-06
candidate_validation.scores.gram[9][16],0.0
candidate_validation.scores.gram[9][17],-2.10877941005541e-05
candidate_validation.scores.gram[9][18],0.0
candidate_validation.scores.gram[9][19],0.0
candidate_validation.scores.gram[9][20],0.0
candidate_validation.scores.gram[9][21],0.0
candidate_validation.scores.gram[9][22],0.0
candidate_validation.scores.gram[9][23],0.0
candidate_validation.scores.gram[9][24],9.23512515213753e-07
candidate_validation.scores.gram[9][25],0.0
candidate_validation.scores.gram[9][26],0.0
candidate_validation.scores.gram[9][27],-5.47762300040286e-06
candidate_validation.scores.gram[9][28],0.0
candidate_validation.scores.gram[9][29],-9.734479013386182e-07
candidate_validation.scores.gram[9][30],0.0
candidate_validation.scores.gram[9][31],0.0
candidate_validation.scores.gram[10][0],-3.2387939796621937e-16
candidate_validation.scores.gram[10][1],0.0
candidate_validation.scores.gram[10][2],0.0
candidate_validation.scores.gram[10][3],0.0
candidate_validation.scores.gram[10][4],0.0
candidate_validation.scores.gram[10][5],0.0
candidate_validation.scores.gram[10][6],0.0
candidate_validation.scores.gram[10][7],0.0
candidate_validation.scores.gram[10][8],0.0
candidate_validation.scores.gram[10][9],0.0
candidate_validation.scores.gram[10][10],0.007358638716273212
candidate_validation.scores.gram[10][11],0.0
candidate_validation.scores.gram[10][12],0.0
candidate_validation.scores.gram[10][13],0.0
candidate_validation.scores.gram[10][14],0.0
candidate_validation.scores.gram[10][15],0.0
candidate_validation.scores.gram[10][16],2.8474921422046705e-10
candidate_validation.scores.gram[10][17],0.0
candidate_validation.scores.gram[10][18],-1.7845933963205348e-07
candidate_validation.scores.gram[10][19],0.0
candidate_validation.scores.gram[10][20],0.0
candidate_validation.scores.gram[10][21],-3.3369942493596995e-06
candidate_validation.scores.gram[10][22],0.0
candidate_validation.scores.gram[10][23],0.0
candidate_validation.scores.gram[10][24],0.0
candidate_validation.scores.gram[10][25],0.0
candidate_validation.scores.gram[10][26],0.0
candidate_validation.scores.gram[10][27],0.0
candidate_validation.scores.gram[10][28],0.0
candidate_validation.scores.gram[10][29],0.0
candidate_validation.scores.gram[10][30],0.0
candidate_validation.scores.gram[10][31],0.0
candidate_validation.scores.gram[11][0],0.0
candidate_validation.scores.gram[11][1],-1.430916390635691e-22
candidate_validation.scores.gram[11][2],0.0
candidate_validation.scores.gram[11][3],1.135684034350648e-13
candidate_validation.scores.gram[11][4],0.0
candidate_validation.scores.gram[11][5],-1.1258955350453822e-14
candidate_validation.scores.gram[11][6],0.0
candidate_validation.scores.gram[11][7],0.0
candidate_validation.scores.gram[11][8],0.0
candidate_validation.scores.gram[11][9],0.0
candidate_validation.scores.gram[11][10],0.0
candidate_validation.scores.gram[11][11],0.06823293550932699
candidate_validation.scores.gram[11][12],0.0
candidate_validation.scores.gram[11][13],0.0
candidate_validation.scores.gram[11][14],0.0
candidate_validation.scores.gram[11][15],0.0
candidate_validation.scores.gram[11][16],0.0
candidate_validation.scores.gram[11][17],0.0
candidate_validation.scores.gram[11][18],2.1400395306996385e-06
candidate_validation.scores.gram[11][19],-2.9864604929394754e-08
candidate_validation.scores.gram[11][20],0.0
candidate_validation.scores.gram[11][21],0.0
candidate_validation.scores.gram[11][22],0.0
candidate_validation.scores.gram[11][23],0.0
candidate_validation.scores.gram[11][24],0.0
candidate_validation.scores.gram[11][25],5.8931359150632804e-08
candidate_validation.scores.gram[11][26],0.0
candidate_validation.scores.gram[11][27],0.0
candidate_validation.scores.gram[11][28],0.0
candidate_validation.scores.gram[11][29],0.0
candidate_validation.scores.gram[11][30],0.0
candidate_validation.scores.gram[11][31],0.0
candidate_validation.scores.gram[12][0],0.0
candidate_validation.scores.gram[12][1],0.0
candidate_validation.scores.gram[12][2],0.0
candidate_validation.scores.gram[12][3],0.0
candidate_validation.scores.gram[12][4],-3.250776669514287e-14
candidate_validation.scores.gram[12][5],2.9940313748331593e-11
candidate_validation.scores.gram[12][6],0.0
candidate_validation.scores.gram[12][7],0.0
candidate_validation.scores.gram[12][8],0.0
candidate_validation.scores.gram[12][9],0.0
candidate_validation.scores.gram[12][10],0.0
candidate_validation.scores.gram[12][11],0.0
candidate_validation.scores.gram[12][12],0.032988388471941084
candidate_validation.scores.gram[12][13],0.0
candidate_validation.scores.gram[12][14],0.0
candidate_validation.scores.gram[12][15],0.0
candidate_validation.scores.gram[12][16],0.0
candidate_validation.scores.gram[12][17],6.851823514293919e-09
candidate_validation.scores.gram[12][18],0.0
candidate_validation.scores.gram[12][19],0.0
candidate_validation.scores.gram[12][20],-7.150261324778097e-06
candidate_validation.scores.gram[12][21],-1.8136725404049792e-06
candidate_validation.scores.gram[12][22],0.0
candidate_validation.scores.gram[12][23],0.0
candidate_validation.scores.gram[12][24],0.0
candidate_validation.scores.gram[12][25],0.0
candidate_validation.scores.gram[12][26],0.0
candidate_validation.scores.gram[12][27],0.0
candidate_validation.scores.gram[12][28],0.0
candidate_validation.scores.gram[12][29],0.0
candidate_validation.scores.gram[12][30],0.0
candidate_validation.scores.gram[12][31],0.0
candidate_validation.scores.gram[13][0],0.0
candidate_validation.scores.gram[13][1],-3.6251207359785092e-09
candidate_validation.scores.gram[13][2],0.0
candidate_validation.scores.gram[13][3],0.0
candidate_validation.scores.gram[13][4],3.9920674021391644e-11
candidate_validation.scores.gram[13][5],-2.7680614986196074e-15
candidate_validation.scores.gram[13][6],0.0
candidate_validation.scores.gram[13][7],0.0
candidate_validation.scores.gram[13][8],0.0
candidate_validation.scores.gram[13][9],0.0
candidate_validation.scores.gram[13][10],0.0
candidate_validation.scores.gram[13][11],0.0
candidate_validation.scores.gram[13][12],0.0
candidate_validation.scores.gram[13][13],0.007927653935353485
candidate_validation.scores.gram[13][14],0.0
candidate_validation.scores.gram[13][15],0.0
candidate_validation.scores.gram[13][16],0.0
candidate_validation.scores.gram[13][17],0.0
candidate_validation.scores.gram[13][18],0.0
candidate_validation.scores.gram[13][19],0.0
candidate_validation.scores.gram[13][20],-6.416898534273097e-07
candidate_validation.scores.gram[13][21],0.0
candidate_validation.scores.gram[13][22],-5.877108550326671e-07
candidate_validation.scores.gram[13][23],0.0
candidate_validation.scores.gram[13][24],0.0
candidate_validation.scores.gram[13][25],-5.696169757563124e-05
candidate_validation.scores.gram[13][26],0.0
candidate_validation.scores.gram[13][27],0.0
candidate_validation.scores.gram[13][28],0.0
candidate_validation.scores.gram[13][29],0.0
candidate_validation.scores.gram[13][30],0.0
candidate_validation.scores.gram[13][31],1.764078965283376e-15
candidate_validation.scores.gram[14][0],0.0
candidate_validation.scores.gram[14][1],3.740673736616285e-07
candidate_validation.scores.gram[14][2],-7.073923141305681e-13
candidate_validation.scores.gram[14][3],0.0
candidate_validation.scores.gram[14][4],0.0
candidate_validation.scores.gram[14][5],0.0
candidate_validation.scores.gram[14][6],1.621581636539987e-06
candidate_validation.scores.gram[14][7],0.0
candidate_validation.scores.gram[14][8],-6.61200545278195e-05
candidate_validation.scores.gram[14][9],0.0
candidate_validation.scores.gram[14][10],0.0
candidate_validation.scores.gram[14][11],0.0
candidate_validation.scores.gram[14][12],0.0
candidate_validation.scores.gram[14][13],0.0
candidate_validation.scores.gram[14][14],0.053773056268176876
candidate_validation.scores.gram[14][15],0.0
candidate_validation.scores.gram[14][16],0.0
candidate_validation.scores.gram[14][17],0.0
candidate_validation.scores.gram[14][18],0.0
candidate_validation.scores.gram[14][19],0.0
candidate_validation.scores.gram[14][20],0.0
candidate_validation.scores.gram[14][21],0.0
candidate_validation.scores.gram[14][22],-2.8748022102213232e-25
candidate_validation.scores.gram[14][23],0.0
candidate_validation.scores.gram[14][24],0.0
candidate_validation.scores.gram[14][25],0.0
candidate_validation.scores.gram[14][26],0.0
candidate_validation.scores.gram[14][27],0.0
candidate_validation.scores.gram[14][28],0.0
candidate_validation.scores.gram[14][29],0.0
candidate_validation.scores.gram[14][30],-2.129069192011994e-06
candidate_validation.scores.gram[14][31],0.0
candidate_validation.scores.gram[15][0],4.773783244883582e-12
candidate_validation.scores.gram[15][1],0.0
candidate_validation.scores.gram[15][2],-4.938699769736242e-06
candidate_validation.scores.gram[15][3],0.0
candidate_validation.scores.gram[15][4],0.0
candidate_validation.scores.gram[15][5],0.0
candidate_validation.scores.gram[15][6],0.0
candidate_validation.scores.gram[15][7],-3.838567850029272e-06
candidate_validation.scores.gram[15][8],0.0
candidate_validation.scores.gram[15][9],-7.748938484609635e-06
candidate_validation.scores.gram[15][10],0.0
candidate_validation.scores.gram[15][11],0.0
candidate_validation.scores.gram[15][12],0.0
candidate_validation.scores.gram[15][13],0.0
candidate_validation.scores.gram[15][14],0.0
candidate_validation.scores.gram[15][15],0.045637960401298416
candidate_validation.scores.gram[15][16],0.0
candidate_validation.scores.gram[15][17],0.0
candidate_validation.scores.gram[15][18],0.0
candidate_validation.scores.gram[15][19],0.0
candidate_validation.scores.gram[15][20],0.0
candidate_validation.scores.gram[15][21],0.0
candidate_validation.scores.gram[15][22],0.0
candidate_validation.scores.gram[15][23],0.0
candidate_validation.scores.gram[15][24],0.0
candidate_validation.scores.gram[15][25],0.0
candidate_validation.scores.gram[15][26],0.0
candidate_validation.scores.gram[15][27],1.0758957902499129e-11
candidate_validation.scores.gram[15][28],-5.5568772186566e-06
candidate_validation.scores.gram[15][29],-0.00012771271752795295
candidate_validation.scores.gram[15][30],0.0
candidate_validation.scores.gram[15][31],0.0
candidate_validation.scores.gram[16][0],3.6345931429020593e-09
candidate_validation.scores.gram[16][1],0.0
candidate_validation.scores.gram[16][2],0.0
candidate_validation.scores.gram[16][3],0.0
candidate_validation.scores.gram[16][4],0.0
candidate_validation.scores.gram[16][5],0.0
candidate_validation.scores.gram[16][6],0.0
candidate_validation.scores.gram[16][7],4.068975364522109e-06
candidate_validation.scores.gram[16][8],0.0
candidate_validation.scores.gram[16][9],0.0
candidate_validation.scores.gram[16][10],2.8474921422046705e-10
candidate_validation.scores.gram[16][11],0.0
candidate_validation.scores.gram[16][12],0.0
candidate_validation.scores.gram[16][13],0.0
candidate_validation.scores.gram[16][14],0.0
candidate_validation.scores.gram[16][15],0.0
candidate_validation.scores.gram[16][16],0.06283912463597903
candidate_validation.scores.gram[16][17],0.0
candidate_validation.scores.gram[16][18],0.0
candidate_validation.scores.gram[16][19],0.0
candidate_validation.scores.gram[16][20],0.0
candidate_validation.scores.gram[16][21],0.0
candidate_validation.scores.gram[16][22],0.0
candidate_validation.scores.gram[16][23],0.0
candidate_validation.scores.gram[16][24],0.0
candidate_validation.scores.gram[16][25],0.0
candidate_validation.scores.gram[16][26],0.0
candidate_validation.scores.gram[16][27],0.0
candidate_validation.scores.gram[16][28],-4.643888158128101e-07
candidate_validation.scores.gram[16][29],0.0
candidate_validation.scores.gram[16][30],0.0
candidate_validation.scores.gram[16][31],0.0
candidate_validation.scores.gram[17][0],-1.0108968301311079e-06
candidate_validation.scores.gram[17][1],0.0
candidate_validation.scores.gram[17][2],0.0
candidate_validation.scores.gram[17][3],0.0
candidate_validation.scores.gram[17][4],0.0
candidate_validation.scores.gram[17][5],0.0
candidate_validation.scores.gram[17][6],0.0
candidate_validation.scores.gram[17][7],0.0
candidate_validation.scores.gram[17][8],0.0
candidate_validation.scores.gram[17][9],-2.10877941005541e-05
candidate_validation.scores.gram[17][10],0.0
candidate_validation.scores.gram[17][11],0.0
candidate_validation.scores.gram[17][12],6.851823514293919e-09
candidate_validation.scores.gram[17][13],0.0
candidate_validation.scores.gram[17][14],0.0
candidate_validation.scores.gram[17][15],0.0
candidate_validation.scores.gram[17][16],0.0
candidate_validation.scores.gram[17][17],0.010285582011680613
candidate_validation.scores.gram[17][18],0.0
candidate_validation.scores.gram[17][19],0.0
candidate_validation.scores.gram[17][20],0.0
candidate_validation.scores.gram[17][21],0.0
candidate_validation.scores.gram[17][22],0.0
candidate_validation.scores.gram[17][23],0.0
candidate_validation.scores.gram[17][24],0.0
candidate_validation.scores.gram[17][25],0.0
candidate_validation.scores.gram[17][26],0.0
candidate_validation.scores.gram[17][27],0.0
candidate_validation.scores.gram[17][28],0.0
candidate_validation.scores.gram[17][29],-2.6861834154376164e-07
candidate_validation.scores.gram[17][30],0.0
candidate_validation.scores.gram[17][31],0.0
candidate_validation.scores.gram[18][0],0.0
candidate_validation.scores.gram[18][1],0.0
candidate_validation.scores.gram[18][2],0.0
candidate_validation.scores.gram[18][3],-1.1663081707791988e-07
candidate_validation.scores.gram[18][4],0.0
candidate_validation.scores.gram[18][5],0.0
candidate_validation.scores.gram[18][6],0.0
candidate_validation.scores.gram[18][7],0.0
candidate_validation.scores.gram[18][8],0.0
candidate_validation.scores.gram[18][9],0.0
candidate_validation.scores.gram[18][10],-1.7845933963205348e-07
candidate_validation.scores.gram[18][11],2.1400395306996385e-06
candidate_validation.scores.gram[18][12],0.0
candidate_validation.scores.gram[18][13],0.0
candidate_validation.scores.gram[18][14],0.0
candidate_validation.scores.gram[18][15],0.0
candidate_validation.scores.gram[18][16],0.0
candidate_validation.scores.gram[18][17],0.0
candidate_validation.scores.gram[18][18],0.002607610938846052
candidate_validation.scores.gram[18][19],0.0
candidate_validation.scores.gram[18][20],0.0
candidate_validation.scores.gram[18][21],0.0
candidate_validation.scores.gram[18][22],0.0
candidate_validation.scores.gram[18][23],0.0
candidate_validation.scores.gram[18][24],0.0
candidate_validation.scores.gram[18][25],0.0
candidate_validation.scores.gram[18][26],0.0
candidate_validation.scores.gram[18][27],0.0
candidate_validation.scores.gram[18][28],0.0
candidate_validation.scores.gram[18][29],0.0
candidate_validation.scores.gram[18][30],0.0
candidate_validation.scores.gram[18][31],0.0
candidate_validation.scores.gram[19][0],0.0
candidate_validation.scores.gram[19][1],0.0
candidate_validation.scores.gram[19][2],0.0
candidate_validation.scores.gram[19][3],1.281882066151929e-06
candidate_validation.scores.gram[19][4],0.0
candidate_validation.scores.gram[19][5],0.0
candidate_validation.scores.gram[19][6],3.684882141787664e-06
candidate_validation.scores.gram[19][7],0.0
candidate_validation.scores.gram[19][8],0.0
candidate_validation.scores.gram[19][9],0.0
candidate_validation.scores.gram[19][10],0.0
candidate_validation.scores.gram[19][11],-2.9864604929394754e-08
candidate_validation.scores.gram[19][12],0.0
candidate_validation.scores.gram[19][13],0.0
candidate_validation.scores.gram[19][14],0.0
candidate_validation.scores.gram[19][15],0.0
candidate_validation.scores.gram[19][16],0.0
candidate_validation.scores.gram[19][17],0.0
candidate_validation.scores.gram[19][18],0.0
candidate_validation.scores.gram[19][19],0.03924753971008624
candidate_validation.scores.gram[19][20],0.0
candidate_validation.scores.gram[19][21],0.0
candidate_validation.scores.gram[19][22],0.0
candidate_validation.scores.gram[19][23],0.0
candidate_validation.scores.gram[19][24],0.0
candidate_validation.scores.gram[19][25],0.0
candidate_validation.scores.gram[19][26],-4.9429509934721253e-17
candidate_validation.scores.gram[19][27],0.0
candidate_validation.scores.gram[19][28],0.0
candidate_validation.scores.gram[19][29],0.0
candidate_validation.scores.gram[19][30],-9.200449136657449e-07
candidate_validation.scores.gram[19][31],0.0
candidate_validation.scores.gram[20][0],0.0
candidate_validation.scores.gram[20][1],0.0
candidate_validation.scores.gram[20][2],0.0
candidate_validation.scores.gram[20][3],0.0
candidate_validation.scores.gram[20][4],6.822820327689289e-08
candidate_validation.scores.gram[20][5],6.233425326501058e-09
candidate_validation.scores.gram[20][6],0.0
candidate_validation.scores.gram[20][7],0.0
candidate_validation.scores.gram[20][8],0.0
candidate_validation.scores.gram[20][9],0.0
candidate_validation.scores.gram[20][10],0.0
candidate_validation.scores.gram[20][11],0.0
candidate_validation.scores.gram[20][12],-7.150261324778097e-06
candidate_validation.scores.gram[20][13],-6.416898534273097e-07
candidate_validation.scores.gram[20][14],0.0
candidate_validation.scores.gram[20][15],0.0
candidate_validation.scores.gram[20][16],0.0
candidate_validation.scores.gram[20][17],0.0
candidate_validation.scores.gram[20][18],0.0
candidate_validation.scores.gram[20][19],0.0
candidate_validation.scores.gram[20][20],0.00700019268694598
candidate_validation.scores.gram[20][21],0.0
candidate_validation.scores.gram[20][22],0.0
candidate_validation.scores.gram[20][23],0.0
candidate_validation.scores.gram[20][24],0.0
candidate_validation.scores.gram[20][25],0.0
candidate_validation.scores.gram[20][26],0.0
candidate_validation.scores.gram[20][27],0.0
candidate_validation.scores.gram[20][28],0.0
candidate_validation.scores.gram[20][29],0.0
candidate_validation.scores.gram[20][30],0.0
candidate_validation.scores.gram[20][31],0.0
candidate_validation.scores.gram[21][0],1.6153252740135131e-07
candidate_validation.scores.gram[21][1],0.0
candidate_validation.scores.gram[21][2],0.0
candidate_validation.scores.gram[21][3],0.0
candidate_validation.scores.gram[21][4],0.0
candidate_validation.scores.gram[21][5],0.0
candidate_validation.scores.gram[21][6],0.0
candidate_validation.scores.gram[21][7],0.0
candidate_validation.scores.gram[21][8],0.0
candidate_validation.scores.gram[21][9],0.0
candidate_validation.scores.gram[21][10],-3.3369942493596995e-06
candidate_validation.scores.gram[21][11],0.0
candidate_validation.scores.gram[21][12],-1.8136725404049792e-06
candidate_validation.scores.gram[21][13],0.0
candidate_validation.scores.gram[21][14],0.0
candidate_validation.scores.gram[21][15],0.0
candidate_validation.scores.gram[21][16],0.0
candidate_validation.scores.gram[21][17],0.0
candidate_validation.scores.gram[21][18],0.0
candidate_validation.scores.gram[21][19],0.0
candidate_validation.scores.gram[21][20],0.0
candidate_validation.scores.gram[21][21],0.06297048185262884
candidate_validation.scores.gram[21][22],0.0
candidate_validation.scores.gram[21][23],0.0
candidate_validation.scores.gram[21][24],0.0
candidate_validation.scores.gram[21][25],0.0
candidate_validation.scores.gram[21][26],0.0
candidate_validation.scores.gram[21][27],0.0
candidate_validation.scores.gram[21][28],0.0
candidate_validation.scores.gram[21][29],0.0
candidate_validation.scores.gram[21][30],0.0
candidate_validation.scores.gram[21][31],0.0
candidate_validation.scores.gram[22][0],0.0
candidate_validation.scores.gram[22][1],-8.437737773736887e-05
candidate_validation.scores.gram[22][2],0.0
candidate_validation.scores.gram[22][3],0.0
candidate_validation.scores.gram[22][4],0.0
candidate_validation.scores.gram[22][5],0.0
candidate_validation.scores.gram[22][6],0.0
candidate_validation.scores.gram[22][7],0.0
candidate_validation.scores.gram[22][8],-0.00010565807324860543
candidate_validation.scores.gram[22][9],0.0
candidate_validation.scores.gram[22][10],0.0
candidate_validation.scores.gram[22][11],0.0
candidate_validation.scores.gram[22][12],0.0
candidate_validation.scores.gram[22][13],-5.877108550326671e-07
candidate_validation.scores.gram[22][14],-2.8748022102213232e-25
candidate_validation.scores.gram[22][15],0.0
candidate_validation.scores.gram[22][16],0.0
candidate_validation.scores.gram[22][17],0.0
candidate_validation.scores.gram[22][18],0.0
candidate_validation.scores.gram[22][19],0.0
candidate_validation.scores.gram[22][20],0.0
candidate_validation.scores.gram[22][21],0.0
candidate_validation.scores.gram[22][22],0.11921549585998803
candidate_validation.scores.gram[22][23],0.0
candidate_validation.scores.gram[22][24],0.0
candidate_validation.scores.gram[22][25],0.0
candidate_validation.scores.gram[22][26],0.0
candidate_validation.scores.gram[22][27],0.0
candidate_validation.scores.gram[22][28],0.0
candidate_validation.scores.gram[22][29],0.0
candidate_validation.scores.gram[22][30],0.0
candidate_validation.scores.gram[22][31],-2.2888445270019802e-06
candidate_validation.scores.gram[23][0],0.0
candidate_validation.scores.gram[23][1],0.0
candidate_validation.scores.gram[23][2],1.4112755409950536e-06
candidate_validation.scores.gram[23][3],0.0
candidate_validation.scores.gram[23][4],0.0
candidate_validation.scores.gram[23][5],0.0
candidate_validation.scores.gram[23][6],5.715116303841695e-07
candidate_validation.scores.gram[23][7],6.331109147479949e-06
candidate_validation.scores.gram[23][8],0.0
candidate_validation.scores.gram[23][9],0.0
candidate_validation.scores.gram[23][10],0.0
candidate_validation.scores.gram[23][11],0.0
candidate_validation.scores.gram[23][12],0.0
candidate_validation.scores.gram[23][13],0.0
candidate_validation.scores.gram[23][14],0.0
candidate_validation.scores.gram[23][15],0.0
candidate_validation.scores.gram[23][16],0.0
candidate_validation.scores.gram[23][17],0.0
candidate_validation.scores.gram[23][18],0.0
candidate_validation.scores.gram[23][19],0.0
candidate_validation.scores.gram[23][20],0.0
candidate_validation.scores.gram[23][21],0.0
candidate_validation.scores.gram[23][22],0.0
candidate_validation.scores.gram[23][23],0.05908499651546834
candidate_validation.scores.gram[23][24],0.0
candidate_validation.scores.gram[23][25],0.0
candidate_validation.scores.gram[23][26],7.770027279992792e-08
candidate_validation.scores.gram[23][27],0.0
candidate_validation.scores.gram[23][28],0.0
candidate_validation.scores.gram[23][29],0.0
candidate_validation.scores.gram[23][30],0.0
candidate_validation.scores.gram[23][31],0.0
candidate_validation.scores.gram[24][0],0.0
candidate_validation.scores.gram[24][1],0.0
candidate_validation.scores.gram[24][2],0.0
candidate_validation.scores.gram[24][3],0.0
candidate_validation.scores.gram[24][4],-1.8917224817331684e-05
candidate_validation.scores.gram[24][5],0.0
candidate_validation.scores.gram[24][6],0.0
candidate_validation.scores.gram[24][7],0.0
candidate_validation.scores.gram[24][8],-5.526866723028617e-07
candidate_validation.scores.gram[24][9],9.23512515213753e-07
candidate_validation.scores.gram[24][10],0.0
candidate_validation.scores.gram[24][11],0.0
candidate_validation.scores.gram[24][12],0.0
candidate_validation.scores.gram[24][13],0.0
candidate_validation.scores.gram[24][14],0.0
candidate_validation.scores.gram[24][15],0.0
candidate_validation.scores.gram[24][16],0.0
candidate_validation.scores.gram[24][17],0.0
candidate_validation.scores.gram[24][18],0.0
candidate_validation.scores.gram[24][19],0.0
candidate_validation.scores.gram[24][20],0.0
candidate_validation.scores.gram[24][21],0.0
candidate_validation.scores.gram[24][22],0.0
candidate_validation.scores.gram[24][23],0.0
candidate_validation.scores.gram[24][24],0.01437687171914763
candidate_validation.scores.gram[24][25],0.0
candidate_validation.scores.gram[24][26],0.0
candidate_validation.scores.gram[24][27],-1.2141219036474022e-06
candidate_validation.scores.gram[24][28],0.0
candidate_validation.scores.gram[24][29],0.0
candidate_validation.scores.gram[24][30],0.0
candidate_validation.scores.gram[24][31],7.008589713717595e-08
candidate_validation.scores.gram[25][0],0.0
candidate_validation.scores.gram[25][1],0.0
candidate_validation.scores.gram[25][2],0.0
candidate_validation.scores.gram[25][3],0.0
candidate_validation.scores.gram[25][4],0.0
candidate_validation.scores.gram[25][5],-1.5684429935673678e-12
candidate_validation.scores.gram[25][6],0.0
candidate_validation.scores.gram[25][7],0.0
candidate_validation.scores.gram[25][8],0.0
candidate_validation.scores.gram[25][9],0.0
candidate_validation.scores.gram[25][10],0.0
candidate_validation.scores.gram[25][11],5.8931359150632804e-08
candidate_validation.scores.gram[25][12],0.0
candidate_validation.scores.gram[25][13],-5.696169757563124e-05
candidate_validation.scores.gram[25][14],0.0
candidate_validation.scores.gram[25][15],0.0
candidate_validation.scores.gram[25][16],0.0
candidate_validation.scores.gram[25][17],0.0
candidate_validation.scores.gram[25][18],0.0
candidate_validation.scores.gram[25][19],0.0
candidate_validation.scores.gram[25][20],0.0
candidate_validation.scores.gram[25][21],0.0
candidate_validation.scores.gram[25][22],0.0
candidate_validation.scores.gram[25][23],0.0
candidate_validation.scores.gram[25][24],0.0
candidate_validation.scores.gram[25][25],0.0008362682360522427
candidate_validation.scores.gram[25][26],0.0
candidate_validation.scores.gram[25][27],0.0
candidate_validation.scores.gram[25][28],0.0
candidate_validation.scores.gram[25][29],0.0
candidate_validation.scores.gram[25][30],0.0
candidate_validation.scores.gram[25][31],0.0
candidate_validation.scores.gram[26][0],0.0
candidate_validation.scores.gram[26][1],0.0
candidate_validation.scores.gram[26][2],0.0
candidate_validation.scores.gram[26][3],2.3473812072977675e-06
candidate_validation.scores.gram[26][4],0.0
candidate_validation.scores.gram[26][5],0.0
candidate_validation.scores.gram[26][6],-4.334345171410497e-06
candidate_validation.scores.gram[26][7],-3.194841809345e-07
candidate_validation.scores.gram[26][8],0.0
candidate_validation.scores.gram[26][9],0.0
candidate_validation.scores.gram[26][10],0.0
candidate_validation.scores.gram[26][11],0.0
candidate_validation.scores.gram[26][12],0.0
candidate_validation.scores.gram[26][13],0.0
candidate_validation.scores.gram[26][14],0.0
candidate_validation.scores.gram[26][15],0.0
candidate_validation.scores.gram[26][16],0.0
candidate_validation.scores.gram[26][17],0.0
candidate_validation.scores.gram[26][18],0.0
candidate_validation.scores.gram[26][19],-4.9429509934721253e-17
candidate_validation.scores.gram[26][20],0.0
candidate_validation.scores.gram[26][21],0.0
candidate_validation.scores.gram[26][22],0.0
candidate_validation.scores.gram[26][23],7.770027279992792e-08
candidate_validation.scores.gram[26][24],0.0
candidate_validation.scores.gram[26][25],0.0
candidate_validation.scores.gram[26][26],0.006610946210360966
candidate_validation.scores.gram[26][27],0.0
candidate_validation.scores.gram[26][28],0.0
candidate_validation.scores.gram[26][29],0.0
candidate_validation.scores.gram[26][30],0.0
candidate_validation.scores.gram[26][31],0.0
candidate_validation.scores.gram[27][0],0.0
candidate_validation.scores.gram[27][1],0.0
candidate_validation.scores.gram[27][2],-7.043967859612988e-06
candidate_validation.scores.gram[27][3],0.0
candidate_validation.scores.gram[27][4],0.0
candidate_validation.scores.gram[27][5],0.0
candidate_validation.scores.gram[27][6],0.0
candidate_validation.scores.gram[27][7],0.0
candidate_validation.scores.gram[27][8],-9.288881274476951e-14
candidate_validation.scores.gram[27][9],-5.47762300040286e-06
candidate_validation.scores.gram[27][10],0.0
candidate_validation.scores.gram[27][11],0.0
candidate_validation.scores.gram[27][12],0.0
candidate_validation.scores.gram[27][13],0.0
candidate_validation.scores.gram[27][14],0.0
candidate_validation.scores.gram[27][15],1.0758957902499129e-11
candidate_validation.scores.gram[27][16],0.0
candidate_validation.scores.gram[27][17],0.0
candidate_validation.scores.gram[27][18],0.0
candidate_validation.scores.gram[27][19],0.0
candidate_validation.scores.gram[27][20],0.0
candidate_validation.scores.gram[27][21],0.0
candidate_validation.scores.gram[27][22],0.0
candidate_validation.scores.gram[27][23],0.0
candidate_validation.scores.gram[27][24],-1.2141219036474022e-06
candidate_validation.scores.gram[27][25],0.0
candidate_validation.scores.gram[27][26],0.0
candidate_validation.scores.gram[27][27],0.011588822148203181
candidate_validation.scores.gram[27][28],0.0
candidate_validation.scores.gram[27][29],0.0
candidate_validation.scores.gram[27][30],0.0
candidate_validation.scores.gram[27][31],0.0
candidate_validation.scores.gram[28][0],-0.00017955983816145873
candidate_validation.scores.gram[28][1],0.0
candidate_validation.scores.gram[28][2],0.0
candidate_validation.scores.gram[28][3],0.0
candidate_validation.scores.gram[28][4],0.0
candidate_validation.scores.gram[28][5],0.0
candidate_validation.scores.gram[28][6],0.0
candidate_validation.scores.gram[28][7],-1.8118187604288636e-05
candidate_validation.scores.gram[28][8],0.0
candidate_validation.scores.gram[28][9],0.0
candidate_validation.scores.gram[28][10],0.0
candidate_validation.scores.gram[28][11],0.0
candidate_validation.scores.gram[28][12],0.0
candidate_validation.scores.gram[28][13],0.0
candidate_validation.scores.gram[28][14],0.0
candidate_validation.scores.gram[28][15],-5.5568772186566e-06
candidate_validation.scores.gram[28][16],-4.643888158128101e-07
candidate_validation.scores.gram[28][17],0.0
candidate_validation.scores.gram[28][18],0.0
candidate_validation.scores.gram[28][19],0.0
candidate_validation.scores.gram[28][20],0.0
candidate_validation.scores.gram[28][21],0.0
candidate_validation.scores.gram[28][22],0.0
candidate_validation.scores.gram[28][23],0.0
candidate_validation.scores.gram[28][24],0.0
candidate_validation.scores.gram[28][25],0.0
candidate_validation.scores.gram[28][26],0.0
candidate_validation.scores.gram[28][27],0.0
candidate_validation.scores.gram[28][28],0.0848442819089197
candidate_validation.scores.gram[28][29],2.0025069492572492e-05
candidate_validation.scores.gram[28][30],0.0
candidate_validation.scores.gram[28][31],0.0
candidate_validation.scores.gram[29][0],-0.0003211938840142705
candidate_validation.scores.gram[29][1],0.0
candidate_validation.scores.gram[29][2],0.0
candidate_validation.scores.gram[29][3],0.0
candidate_validation.scores.gram[29][4],0.0
candidate_validation.scores.gram[29][5],0.0
candidate_validation.scores.gram[29][6],0.0
candidate_validation.scores.gram[29][7],-1.133719509813363e-21
candidate_validation.scores.gram[29][8],0.0
candidate_validation.scores.gram[29][9],-9.734479013386182e-07
candidate_validation.scores.gram[29][10],0.0
candidate_validation.scores.gram[29][11],0.0
candidate_validation.scores.gram[29][12],0.0
candidate_validation.scores.gram[29][13],0.0
candidate_validation.scores.gram[29][14],0.0
candidate_validation.scores.gram[29][15],-0.00012771271752795295
candidate_validation.scores.gram[29][16],0.0
candidate_validation.scores.gram[29][17],-2.6861834154376164e-07
candidate_validation.scores.gram[29][18],0.0
candidate_validation.scores.gram[29][19],0.0
candidate_validation.scores.gram[29][20],0.0
candidate_validation.scores.gram[29][21],0.0
candidate_validation.scores.gram[29][22],0.0
candidate_validation.scores.gram[29][23],0.0
candidate_validation.scores.gram[29][24],0.0
candidate_validation.scores.gram[29][25],0.0
candidate_validation.scores.gram[29][26],0.0
candidate_validation.scores.gram[29][27],0.0
candidate_validation.scores.gram[29][28],2.0025069492572492e-05
candidate_validation.scores.gram[29][29],0.014623198020063151
candidate_validation.scores.gram[29][30],0.0
candidate_validation.scores.gram[29][31],0.0
candidate_validation.scores.gram[30][0],0.0
candidate_validation.scores.gram[30][1],-3.7091930853656676e-05
candidate_validation.scores.gram[30][2],0.0
candidate_validation.scores.gram[30][3],0.0
candidate_validation.scores.gram[30][4],0.0
candidate_validation.scores.gram[30][5],0.0
candidate_validation.scores.gram[30][6],-0.00010049080994621128
candidate_validation.scores.gram[30][7],0.0
candidate_validation.scores.gram[30][8],0.0
candidate_validation.scores.gram[30][9],0.0
candidate_validation.scores.gram[30][10],0.0
candidate_validation.scores.gram[30][11],0.0
candidate_validation.scores.gram[30][12],0.0
candidate_validation.scores.gram[30][13],0.0
candidate_validation.scores.gram[30][14],-2.129069192011994e-06
candidate_validation.scores.gram[30][15],0.0
candidate_validation.scores.gram[30][16],0.0
candidate_validation.scores.gram[30][17],0.0
candidate_validation.scores.gram[30][18],0.0
candidate_validation.scores.gram[30][19],-9.200449136657449e-07
candidate_validation.scores.gram[30][20],0.0
candidate_validation.scores.gram[30][21],0.0
candidate_validation.scores.gram[30][22],0.0
candidate_validation.scores.gram[30][23],0.0
candidate_validation.scores.gram[30][24],0.0
candidate_validation.scores.gram[30][25],0.0
candidate_validation.scores.gram[30][26],0.0
candidate_validation.scores.gram[30][27],0.0
candidate_validation.scores.gram[30][28],0.0
candidate_validation.scores.gram[30][29],0.0
candidate_validation.scores.gram[30][30],0.010656365900102775
candidate_validation.scores.gram[30][31],0.0
candidate_validation.scores.gram[31][0],0.0
candidate_validation.scores.gram[31][1],0.0
candidate_validation.scores.gram[31][2],0.0
candidate_validation.scores.gram[31][3],0.0
candidate_validation.scores.gram[31][4],0.0004126780487688826
candidate_validation.scores.gram[31][5],0.0
candidate_validation.scores.gram[31][6],0.0
candidate_validation.scores.gram[31][7],0.0
candidate_validation.scores.gram[31][8],-0.00014815759303479304
candidate_validation.scores.gram[31][9],0.0
candidate_validation.scores.gram[31][10],0.0
candidate_validation.scores.gram[31][11],0.0
candidate_validation.scores.gram[31][12],0.0
candidate_validation.scores.gram[31][13],1.764078965283376e-15
candidate_validation.scores.gram[31][14],0.0
candidate_validation.scores.gram[31][15],0.0
candidate_validation.scores.gram[31][16],0.0
candidate_validation.scores.gram[31][17],0.0
candidate_validation.scores.gram[31][18],0.0
candidate_validation.scores.gram[31][19],0.0
candidate_validation.scores.gram[31][20],0.0
candidate_validation.scores.gram[31][21],0.0
candidate_validation.scores.gram[31][22],-2.2888445270019802e-06
candidate_validation.scores.gram[31][23],0.0
candidate_validation.scores.gram[31][24],7.008589713717595e-08
candidate_validation.scores.gram[31][25],0.0
candidate_validation.scores.gram[31][26],0.0
candidate_validation.scores.gram[31][27],0.0
candidate_validation.scores.gram[31][28],0.0
candidate_validation.scores.gram[31][29],0.0
candidate_validation.scores.gram[31][30],0.0
candidate_validation.scores.gram[31][31],0.16878542100945612
candidate_validation.scores.affected_pixels[0],189797
candidate_validation.scores.affected_pixels[1],123004
candidate_validation.scores.affected_pixels[2],185431
candidate_validation.scores.affected_pixels[3],156761
candidate_validation.scores.affected_pixels[4],176625
candidate_validation.scores.affected_pixels[5],198175
candidate_validation.scores.affected_pixels[6],133171
candidate_validation.scores.affected_pixels[7],205713
candidate_validation.scores.affected_pixels[8],173464
candidate_validation.scores.affected_pixels[9],208876
candidate_validation.scores.affected_pixels[10],200379
candidate_validation.scores.affected_pixels[11],157918
candidate_validation.scores.affected_pixels[12],202220
candidate_validation.scores.affected_pixels[13],182929
candidate_validation.scores.affected_pixels[14],137075
candidate_validation.scores.affected_pixels[15],205874
candidate_validation.scores.affected_pixels[16],88086
candidate_validation.scores.affected_pixels[17],99488
candidate_validation.scores.affected_pixels[18],109816
candidate_validation.scores.affected_pixels[19],61556
candidate_validation.scores.affected_pixels[20],108676
candidate_validation.scores.affected_pixels[21],98710
candidate_validation.scores.affected_pixels[22],70709
candidate_validation.scores.affected_pixels[23],86488
candidate_validation.scores.affected_pixels[24],106925
candidate_validation.scores.affected_pixels[25],84352
candidate_validation.scores.affected_pixels[26],87093
candidate_validation.scores.affected_pixels[27],114021
candidate_validation.scores.affected_pixels[28],99761
candidate_validation.scores.affected_pixels[29],113278
candidate_validation.scores.affected_pixels[30],62830
candidate_validation.scores.affected_pixels[31],81924
candidate_validation.scores.affected_views[0],3
candidate_validation.scores.affected_views[1],3
candidate_validation.scores.affected_views[2],3
candidate_validation.scores.affected_views[3],3
candidate_validation.scores.affected_views[4],3
candidate_validation.scores.affected_views[5],3
candidate_validation.scores.affected_views[6],3
candidate_validation.scores.affected_views[7],2
candidate_validation.scores.affected_views[8],3
candidate_validation.scores.affected_views[9],3
candidate_validation.scores.affected_views[10],3
candidate_validation.scores.affected_views[11],2
candidate_validation.scores.affected_views[12],3
candidate_validation.scores.affected_views[13],2
candidate_validation.scores.affected_views[14],3
candidate_validation.scores.affected_views[15],3
candidate_validation.scores.affected_views[16],2
candidate_validation.scores.affected_views[17],3
candidate_validation.scores.affected_views[18],2
candidate_validation.scores.affected_views[19],3
candidate_validation.scores.affected_views[20],3
candidate_validation.scores.affected_views[21],3
candidate_validation.scores.affected_views[22],3
candidate_validation.scores.affected_views[23],2
candidate_validation.scores.affected_views[24],2
candidate_validation.scores.affected_views[25],2
candidate_validation.scores.affected_views[26],3
candidate_validation.scores.affected_views[27],2
candidate_validation.scores.affected_views[28],3
candidate_validation.scores.affected_views[29],3
candidate_validation.scores.affected_views[30],2
candidate_validation.scores.affected_views[31],3
candidate_validation.scores.per_view_norm2[0][0],0.0042445582538285275
candidate_validation.scores.per_view_norm2[0][1],0.0005988128946849621
candidate_validation.scores.per_view_norm2[0][2],0.20202425232123006
candidate_validation.scores.per_view_norm2[0][3],0.0
candidate_validation.scores.per_view_norm2[0][4],0.0014009598095946084
candidate_validation.scores.per_view_norm2[0][5],0.11266473142934928
candidate_validation.scores.per_view_norm2[0][6],0.0
candidate_validation.scores.per_view_norm2[0][7],3.4773201190342145e-23
candidate_validation.scores.per_view_norm2[0][8],0.00610981460359983
candidate_validation.scores.per_view_norm2[0][9],0.003417186859498195
candidate_validation.scores.per_view_norm2[0][10],1.6243220883503753e-07
candidate_validation.scores.per_view_norm2[0][11],0.0
candidate_validation.scores.per_view_norm2[0][12],0.004527227227324524
candidate_validation.scores.per_view_norm2[0][13],0.0051131983130953355
candidate_validation.scores.per_view_norm2[0][14],0.012908292296038784
candidate_validation.scores.per_view_norm2[0][15],0.0311982925044456
candidate_validation.scores.per_view_norm2[0][16],0.0
candidate_validation.scores.per_view_norm2[0][17],0.001480421978249081
candidate_validation.scores.per_view_norm2[0][18],0.0
candidate_validation.scores.per_view_norm2[0][19],0.0
candidate_validation.scores.per_view_norm2[0][20],0.0022357751448998076
candidate_validation.scores.per_view_norm2[0][21],0.005362935770605084
candidate_validation.scores.per_view_norm2[0][22],0.0068704117750914995
candidate_validation.scores.per_view_norm2[0][23],0.0
candidate_validation.scores.per_view_norm2[0][24],0.0033019315834740904
candidate_validation.scores.per_view_norm2[0][25],0.00039737495864144366
candidate_validation.scores.per_view_norm2[0][26],0.0
candidate_validation.scores.per_view_norm2[0][27],0.004749086043995656
candidate_validation.scores.per_view_norm2[0][28],0.07402470155870619
candidate_validation.scores.per_view_norm2[0][29],0.004269091315723014
candidate_validation.scores.per_view_norm2[0][30],0.0
candidate_validation.scores.per_view_norm2[0][31],0.0017964552096167525
candidate_validation.scores.per_view_norm2[1][0],0.0
candidate_validation.scores.per_view_norm2[1][1],0.005402138460742622
candidate_validation.scores.per_view_norm2[1][2],0.0
candidate_validation.scores.per_view_norm2[1][3],0.0038054834021806557
candidate_validation.scores.per_view_norm2[1][4],0.13395622467824783
candidate_validation.scores.per_view_norm2[1][5],0.008040481200094268
candidate_validation.scores.per_view_norm2[1][6],0.04149756023943947
candidate_validation.scores.per_view_norm2[1][7],0.0
candidate_validation.scores.per_view_norm2[1][8],0.0013323311150499535
candidate_validation.scores.per_view_norm2[1][9],0.0
candidate_validation.scores.per_view_norm2[1][10],0.0031562045078414747
candidate_validation.scores.per_view_norm2[1][11],0.001180779417915808
candidate_validation.scores.per_view_norm2[1][12],0.02336438671085546
candidate_validation.scores.per_view_norm2[1][13],0.0028144556222581513
candidate_validation.scores.per_view_norm2[1][14],0.030336666784789395
candidate_validation.scores.per_view_norm2[1][15],0.0
candidate_validation.scores.per_view_norm2[1][16],0.0
candidate_validation.scores.per_view_norm2[1][17],0.0
candidate_validation.scores.per_view_norm2[1][18],0.001113881761632424
candidate_validation.scores.per_view_norm2[1][19],0.003171019510925022
candidate_validation.scores.per_view_norm2[1][20],0.004681575126357803
candidate_validation.scores.per_view_norm2[1][21],0.05657730526263148
candidate_validation.scores.per_view_norm2[1][22],0.009123911095495473
candidate_validation.scores.per_view_norm2[1][23],0.0
candidate_validation.scores.per_view_norm2[1][24],0.0
candidate_validation.scores.per_view_norm2[1][25],0.0004388932774107992
candidate_validation.scores.per_view_norm2[1][26],6.163929894606957e-07
candidate_validation.scores.per_view_norm2[1][27],0.0
candidate_validation.scores.per_view_norm2[1][28],0.0
candidate_validation.scores.per_view_norm2[1][29],0.0
candidate_validation.scores.per_view_norm2[1][30],0.0054749941323284255
candidate_validation.scores.per_view_norm2[1][31],0.10351152495052986
candidate_validation.scores.per_view_norm2[2][0],0.035500999901601146
candidate_validation.scores.per_view_norm2[2][1],0.08564806211919579
candidate_validation.scores.per_view_norm2[2][2],0.004992444466927236
candidate_validation.scores.per_view_norm2[2][3],0.07012560558008174
candidate_validation.scores.per_view_norm2[2][4],0.004593689006312533
candidate_validation.scores.per_view_norm2[2][5],0.0
candidate_validation.scores.per_view_norm2[2][6],0.005942307231012028
candidate_validation.scores.per_view_norm2[2][7],0.0033162963074580953
candidate_validation.scores.per_view_norm2[2][8],0.0043519286704915925
candidate_validation.scores.per_view_norm2[2][9],0.01065011108834748
candidate_validation.scores.per_view_norm2[2][10],0.0
candidate_validation.scores.per_view_norm2[2][11],0.0
candidate_validation.scores.per_view_norm2[2][12],0.0
candidate_validation.scores.per_view_norm2[2][13],0.0
candidate_validation.scores.per_view_norm2[2][14],0.0105280971873487
candidate_validation.scores.per_view_norm2[2][15],0.009125768363126318
candidate_validation.scores.per_view_norm2[2][16],0.061870078180376535
candidate_validation.scores.per_view_norm2[2][17],0.0002478792758886346
candidate_validation.scores.per_view_norm2[2][18],0.0
candidate_validation.scores.per_view_norm2[2][19],0.009329780227988282
candidate_validation.scores.per_view_norm2[2][20],0.0
candidate_validation.scores.per_view_norm2[2][21],0.0
candidate_validation.scores.per_view_norm2[2][22],0.10322117298940107
candidate_validation.scores.per_view_norm2[2][23],0.0008471277462956735
candidate_validation.scores.per_view_norm2[2][24],0.01107494013567354
candidate_validation.scores.per_view_norm2[2][25],0.0
candidate_validation.scores.per_view_norm2[2][26],0.0018961568210467048
candidate_validation.scores.per_view_norm2[2][27],0.006839736104207525
candidate_validation.scores.per_view_norm2[2][28],0.00618191154171284
candidate_validation.scores.per_view_norm2[2][29],0.006209013478971583
candidate_validation.scores.per_view_norm2[2][30],0.005181371767774349
candidate_validation.scores.per_view_norm2[2][31],0.06347744084930952
candidate_validation.scores.per_view_norm2[3][0],0.006626386170748452
candidate_validation.scores.per_view_norm2[3][1],0.0
candidate_validation.scores.per_view_norm2[3][2],0.0007905432620468635
candidate_validation.scores.per_view_norm2[3][3],0.004064919369565586
candidate_validation.scores.per_view_norm2[3][4],0.0
candidate_validation.scores.per_view_norm2[3][5],0.005890742958286607
candidate_validation.scores.per_view_norm2[3][6],0.000702234523579807
candidate_validation.scores.per_view_norm2[3][7],0.0069904933950808885
candidate_validation.scores.per_view_norm2[3][8],0.0
candidate_validation.scores.per_view_norm2[3][9],0.20302961843942222
candidate_validation.scores.per_view_norm2[3][10],0.004202271776222903
candidate_validation.scores.per_view_norm2[3][11],0.0670521560914112
candidate_validation.scores.per_view_norm2[3][12],0.005096774533761103
candidate_validation.scores.per_view_norm2[3][13],0.0
candidate_validation.scores.per_view_norm2[3][14],0.0
candidate_validation.scores.per_view_norm2[3][15],0.005313899533726499
candidate_validation.scores.per_view_norm2[3][16],0.0009690464556024956
candidate_validation.scores.per_view_norm2[3][17],0.008557280757542899
candidate_validation.scores.per_view_norm2[3][18],0.0014937291772136282
candidate_validation.scores.per_view_norm2[3][19],0.026746739971172936
candidate_validation.scores.per_view_norm2[3][20],8.284241568837045e-05
candidate_validation.scores.per_view_norm2[3][21],0.0010302408193922686
candidate_validation.scores.per_view_norm2[3][22],0.0
candidate_validation.scores.per_view_norm2[3][23],0.058237868769172675
candidate_validation.scores.per_view_norm2[3][24],0.0
candidate_validation.scores.per_view_norm2[3][25],0.0
candidate_validation.scores.per_view_norm2[3][26],0.0047141729963248
candidate_validation.scores.per_view_norm2[3][27],0.0
candidate_validation.scores.per_view_norm2[3][28],0.004637668808500679
candidate_validation.scores.per_view_norm2[3][29],0.004145093225368554
candidate_validation.scores.per_view_norm2[3][30],0.0
candidate_validation.scores.per_view_norm2[3][31],0.0
candidate_validation.scores.norm_method,"Image columns accumulated over ALL emitters before inner products; no independent-packet norm approximation. Float32 production accumulation, float64 reductions."
candidate_validation.scores.objective,"0.5*mean((I-current_target)^2), columns and residual normalized by sqrt(4*H*W*3)"
candidate_validation.scores.current_transmission_max_abs_error,4.996003610813204e-16
candidate_validation.scores.seconds,127.03709191409871
candidate_validation.scores.peak_cuda_allocated_mib,1999.2216796875
candidate_validation.scores.peak_cuda_reserved_mib,2192.0
candidate_validation.scores.cpu_rss_peak_mib,6931.54296875
candidate_validation.scores.source_count,16777216
candidate_validation.scores.candidate_block,32
candidate_validation.scores.signature.config,62ca4976cb787bbdbc3fd85b82677cf3aaa45a383158d798e34cfdd3b30c3861
candidate_validation.scores.signature.field,11162da077d54597700e705723b34acb147f47c44095818ea0b0ecb554a3fc55
candidate_validation.scores.signature.source,e9a0305b3ed0de34bf755a1f588cd96b3f0913d79827dc0c89908e88e8dfbd53
candidate_validation.scores.signature.current_positions,e9a0305b3ed0de34bf755a1f588cd96b3f0913d79827dc0c89908e88e8dfbd53
candidate_validation.scores.signature.coefficients,e3b0c44298fc1c149afbf4c8996fb92427ae41e4649b934ca495991b7852b855
candidate_validation.scores.signature.active_centers,e3b0c44298fc1c149afbf4c8996fb92427ae41e4649b934ca495991b7852b855
candidate_validation.scores.signature.active_radii,e3b0c44298fc1c149afbf4c8996fb92427ae41e4649b934ca495991b7852b855
candidate_validation.scores.signature.proposals,7bdb9dc6a54057730e1e9712c706845ef11a324e55216d25cdc70b12527cb245
candidate_validation.scores.signature.proposal_radii,4f3c9fd1d9f39c2198a52e44ed1ecb7086e38ec0b80db30f6da6369dc9da283e
candidate_validation.scores.signature.target,5701b51c2733f9b1e819667378c06f5aa6fbe697821dd4db02d5d97c0b6351bd
candidate_validation.scores.signature.image,f7e7e51b114efc85f9ec2e44f793fb90a88c5e36b8013ea295e8c29bcc83e61e
candidate_validation.scores.signature.count,16777216
candidate_validation.scores.signature.shape[0],4
candidate_validation.scores.signature.shape[1],1080
candidate_validation.scores.signature.shape[2],1920
candidate_validation.scores.signature.shape[3],3
candidate_validation.scores.signature.dtype,float32 image columns / float64 reductions
candidate_validation.scores.signature.seed,90
candidate_validation.scores.signature.operator_version,v0817_CURRENT_fixed_measure_C3
candidate_validation.scores.active_count,0
candidate_validation.scores.candidate_count,32
candidate_validation.scores.centers[0][0],0.8591538388616002
candidate_validation.scores.centers[0][1],-0.3930122710201047
candidate_validation.scores.centers[0][2],0.32771334424614906
candidate_validation.scores.centers[1][0],-0.8667735544440001
candidate_validation.scores.centers[1][1],0.4112870307628628
candidate_validation.scores.centers[1][2],-0.28204003907740116
candidate_validation.scores.centers[2][0],0.2595046678761864
candidate_validation.scores.centers[2][1],-0.16934014619449758
candidate_validation.scores.centers[2][2],-0.9507792815566063
candidate_validation.scores.centers[3][0],-0.4677117755082044
candidate_validation.scores.centers[3][1],-0.8682869120118063
candidate_validation.scores.centers[3][2],0.16529831662774086
candidate_validation.scores.centers[4][0],0.40546171623532923
candidate_validation.scores.centers[4][1],0.9136468536998488
candidate_validation.scores.centers[4][2],0.029158590361475945
candidate_validation.scores.centers[5][0],-0.2705328672419053
candidate_validation.scores.centers[5][1],0.2129003787684726
candidate_validation.scores.centers[5][2],0.9388745371252298
candidate_validation.scores.centers[6][0],-0.5985780238904256
candidate_validation.scores.centers[6][1],-0.44788362918237196
candidate_validation.scores.centers[6][2],-0.6641570627689362
candidate_validation.scores.centers[7][0],0.33242234280412863
candidate_validation.scores.centers[7][1],-0.874996422621902
candidate_validation.scores.centers[7][2],-0.3519611433148384
candidate_validation.scores.centers[8][0],-0.07351842161138195
candidate_validation.scores.centers[8][1],0.6811820444435563
candidate_validation.scores.centers[8][2],-0.728413388133049
candidate_validation.scores.centers[9][0],0.8849808403171833
candidate_validation.scores.centers[9][1],0.25405206351344295
candidate_validation.scores.centers[9][2],-0.3902133535593748
candidate_validation.scores.centers[10][0],0.1159236333809481
candidate_validation.scores.centers[10][1],-0.5954527459249136
candidate_validation.scores.centers[10][2],0.7949828542768955
candidate_validation.scores.centers[11][0],-0.9013585363688777
candidate_validation.scores.centers[11][1],-0.12277998027861478
candidate_validation.scores.centers[11][2],0.4153045453131199
candidate_validation.scores.centers[12][0],0.5532757056861076
candidate_validation.scores.centers[12][1],0.40657762721681623
candidate_validation.scores.centers[12][2],0.7270355056971312
candidate_validation.scores.centers[13][0],-0.4191080090625585
candidate_validation.scores.centers[13][1],0.8490818547885559
candidate_validation.scores.centers[13][2],0.3215718902647495
candidate_validation.scores.centers[14][0],-0.4966730009156932
candidate_validation.scores.centers[14][1],0.183217252145148
candidate_validation.scores.centers[14][2],-0.8483792599290609
candidate_validation.scores.centers[15][0],0.7197659902789442
candidate_validation.scores.centers[15][1],-0.40843603714215304
candidate_validation.scores.centers[15][2],-0.5613527614623308
candidate_validation.scores.centers[16][0],0.40301395731458367
candidate_validation.scores.centers[16][1],-0.87007106210415
candidate_validation.scores.centers[16][2],0.28382406011223793
candidate_validation.scores.centers[17][0],0.9463966845001165
candidate_validation.scores.centers[17][1],0.22203100478482915
candidate_validation.scores.centers[17][2],0.23459656536579132
candidate_validation.scores.centers[18][0],-0.5001629483352911
candidate_validation.scores.centers[18][1],-0.5165240541886466
candidate_validation.scores.centers[18][2],0.6950107384473085
candidate_validation.scores.centers[19][0],-0.8800906980795573
candidate_validation.scores.centers[19][1],-0.46336627424268906
candidate_validation.scores.centers[19][2],-0.10359565168619156
candidate_validation.scores.centers[20][0],0.08377917936382347
candidate_validation.scores.centers[20][1],0.7655613071346381
candidate_validation.scores.centers[20][2],0.637884734198451
candidate_validation.scores.centers[21][0],0.5582255059862502
candidate_validation.scores.centers[21][1],-0.19671411753097892
candidate_validation.scores.centers[21][2],0.806032158434391
candidate_validation.scores.centers[22][0],-0.4492016415750519
candidate_validation.scores.centers[22][1],0.8421140149942864
candidate_validation.scores.centers[22][2],-0.29843235574662685
candidate_validation.scores.centers[23][0],-0.034885304233086584
candidate_validation.scores.centers[23][1],-0.6469863438572533
candidate_validation.scores.centers[23][2],-0.76170314848423
candidate_validation.scores.centers[24][0],0.5054362782140389
candidate_validation.scores.centers[24][1],0.6773936186512405
candidate_validation.scores.centers[24][2],-0.534482978284359
candidate_validation.scores.centers[25][0],-0.7565770863391027
candidate_validation.scores.centers[25][1],0.4253941018359974
candidate_validation.scores.centers[25][2],0.49661954306066036
candidate_validation.scores.centers[26][0],-0.2647533050419219
candidate_validation.scores.centers[26][1],-0.909812220446118
candidate_validation.scores.centers[26][2],-0.3196050859987736
candidate_validation.scores.centers[27][0],0.515243267958175
candidate_validation.scores.centers[27][1],0.2524027341560387
candidate_validation.scores.centers[27][2],-0.8190343305468559
candidate_validation.scores.centers[28][0],0.7265782855886382
candidate_validation.scores.centers[28][1],-0.6798592777624559
candidate_validation.scores.centers[28][2],-0.09937483258545399
candidate_validation.scores.centers[29][0],0.959667442309131
candidate_validation.scores.centers[29][1],-0.2362374870890367
candidate_validation.scores.centers[29][2],-0.15241472981870174
candidate_validation.scores.centers[30][0],-0.8981390636884468
candidate_validation.scores.centers[30][1],-0.08165527089001481
candidate_validation.scores.centers[30][2],-0.43206323496997356
candidate_validation.scores.centers[31][0],0.05758856459093663
candidate_validation.scores.centers[31][1],0.943485115906174
candidate_validation.scores.centers[31][2],-0.3263730891048908
candidate_validation.scores.radii[0],0.45
candidate_validation.scores.radii[1],0.45
candidate_validation.scores.radii[2],0.45
candidate_validation.scores.radii[3],0.45
candidate_validation.scores.radii[4],0.45
candidate_validation.scores.radii[5],0.45
candidate_validation.scores.radii[6],0.45
candidate_validation.scores.radii[7],0.45
candidate_validation.scores.radii[8],0.45
candidate_validation.scores.radii[9],0.45
candidate_validation.scores.radii[10],0.45
candidate_validation.scores.radii[11],0.45
candidate_validation.scores.radii[12],0.45
candidate_validation.scores.radii[13],0.45
candidate_validation.scores.radii[14],0.45
candidate_validation.scores.radii[15],0.45
candidate_validation.scores.radii[16],0.31819805153394637
candidate_validation.scores.radii[17],0.31819805153394637
candidate_validation.scores.radii[18],0.31819805153394637
candidate_validation.scores.radii[19],0.31819805153394637
candidate_validation.scores.radii[20],0.31819805153394637
candidate_validation.scores.radii[21],0.31819805153394637
candidate_validation.scores.radii[22],0.31819805153394637
candidate_validation.scores.radii[23],0.31819805153394637
candidate_validation.scores.radii[24],0.31819805153394637
candidate_validation.scores.radii[25],0.31819805153394637
candidate_validation.scores.radii[26],0.31819805153394637
candidate_validation.scores.radii[27],0.31819805153394637
candidate_validation.scores.radii[28],0.31819805153394637
candidate_validation.scores.radii[29],0.31819805153394637
candidate_validation.scores.radii[30],0.31819805153394637
candidate_validation.scores.radii[31],0.31819805153394637
candidate_validation.scores.stage,FORMAL_FULLHD_16M
candidate_validation.rows[0].cache_signature.scoring_signature.config,62ca4976cb787bbdbc3fd85b82677cf3aaa45a383158d798e34cfdd3b30c3861
candidate_validation.rows[0].cache_signature.scoring_signature.field,11162da077d54597700e705723b34acb147f47c44095818ea0b0ecb554a3fc55
candidate_validation.rows[0].cache_signature.scoring_signature.source,e9a0305b3ed0de34bf755a1f588cd96b3f0913d79827dc0c89908e88e8dfbd53
candidate_validation.rows[0].cache_signature.scoring_signature.current_positions,e9a0305b3ed0de34bf755a1f588cd96b3f0913d79827dc0c89908e88e8dfbd53
candidate_validation.rows[0].cache_signature.scoring_signature.coefficients,e3b0c44298fc1c149afbf4c8996fb92427ae41e4649b934ca495991b7852b855
candidate_validation.rows[0].cache_signature.scoring_signature.active_centers,e3b0c44298fc1c149afbf4c8996fb92427ae41e4649b934ca495991b7852b855
candidate_validation.rows[0].cache_signature.scoring_signature.active_radii,e3b0c44298fc1c149afbf4c8996fb92427ae41e4649b934ca495991b7852b855
candidate_validation.rows[0].cache_signature.scoring_signature.proposals,7bdb9dc6a54057730e1e9712c706845ef11a324e55216d25cdc70b12527cb245
candidate_validation.rows[0].cache_signature.scoring_signature.proposal_radii,4f3c9fd1d9f39c2198a52e44ed1ecb7086e38ec0b80db30f6da6369dc9da283e
candidate_validation.rows[0].cache_signature.scoring_signature.target,5701b51c2733f9b1e819667378c06f5aa6fbe697821dd4db02d5d97c0b6351bd
candidate_validation.rows[0].cache_signature.scoring_signature.image,f7e7e51b114efc85f9ec2e44f793fb90a88c5e36b8013ea295e8c29bcc83e61e
candidate_validation.rows[0].cache_signature.scoring_signature.count,16777216
candidate_validation.rows[0].cache_signature.scoring_signature.shape[0],4
candidate_validation.rows[0].cache_signature.scoring_signature.shape[1],1080
candidate_validation.rows[0].cache_signature.scoring_signature.shape[2],1920
candidate_validation.rows[0].cache_signature.scoring_signature.shape[3],3
candidate_validation.rows[0].cache_signature.scoring_signature.dtype,float32 image columns / float64 reductions
candidate_validation.rows[0].cache_signature.scoring_signature.seed,90
candidate_validation.rows[0].cache_signature.scoring_signature.operator_version,v0817_CURRENT_fixed_measure_C3
candidate_validation.rows[0].cache_signature.candidate,3
candidate_validation.rows[0].cache_signature.protocol.damping,1e-07
candidate_validation.rows[0].cache_signature.protocol.coefficient_limit,0.03
candidate_validation.rows[0].cache_signature.protocol.optimization_steps,1
candidate_validation.rows[0].cache_signature.protocol.line_search[0],1.0
candidate_validation.rows[0].cache_signature.protocol.line_search[1],0.5
candidate_validation.rows[0].cache_signature.protocol.line_search[2],0.25
candidate_validation.rows[0].cache_signature.protocol.line_search[3],0.125
candidate_validation.rows[0].cache_signature.protocol.maximum_accepted_births,32
candidate_validation.rows[0].cache_signature.protocol.maximum_consecutive_no_gain,3
candidate_validation.rows[0].cache_signature.protocol.flattening_window,5
candidate_validation.rows[0].cache_signature.protocol.flattening_relative_gain,0.0002
candidate_validation.rows[0].cache_signature.protocol.minimum_births_before_flattening,8
candidate_validation.rows[0].cache_signature.protocol.candidate_bank,32
candidate_validation.rows[0].cache_signature.protocol.solo_per_stratum,2
candidate_validation.rows[0].cache_signature.protocol.candidate_rank_spearman_gate,0.2
candidate_validation.rows[0].cache_signature.protocol.relative_gain_floor,1e-07
candidate_validation.rows[0].cache_signature.protocol.geometry_relative_gain_floor,0.001
candidate_validation.rows[0].cache_signature.protocol.source_coverage_subset,65536
candidate_validation.rows[0].cache_signature.protocol.geometry_samples,16384
candidate_validation.rows[0].cache_signature.protocol.initial_preallocated_dof,0
candidate_validation.rows[0].cache_signature.protocol.support_rule,"Two levels: first half radius .45, second half .45/sqrt(2). Independent of residual."
candidate_validation.rows[0].cache_signature.protocol.optimizer,"Damped Gauss-Newton with exact accumulated CURRENT image Gram, coefficient box projection, deterministic four-trial backtracking"
candidate_validation.rows[0].cache_signature.protocol.scoring,"Full 16M source, four Full-HD views; exact image-space column norms, no stochastic norm sketch"
candidate_validation.rows[0].cache_signature.protocol.evaluation_subset,"Two top, two middle, two low non-null, two seeded random. Largest initial bounded comparison budget; overlap deduplicated and disclosed."
candidate_validation.rows[0].cache_signature.protocol.smoke_use,FD and runtime only; never headline predicted-vs-actual or birth verdicts.
candidate_validation.rows[0].candidate,3
candidate_validation.rows[0].source_proposal_id,9385773
candidate_validation.rows[0].center[0],-0.4677117755082044
candidate_validation.rows[0].center[1],-0.8682869120118063
candidate_validation.rows[0].center[2],0.16529831662774086
candidate_validation.rows[0].radius,0.45
candidate_validation.rows[0].alignment,0.0010620752801300452
candidate_validation.rows[0].raw_alignment,0.0010620752801300452
candidate_validation.rows[0].norm2,0.07799600835182799
candidate_validation.rows[0].jacobian_norm,0.2792776545873801
candidate_validation.rows[0].predicted_gain,7.231155018498285e-06
candidate_validation.rows[0].actual_gain,1.456003442255882e-05
candidate_validation.rows[0].geometry_improvement,0.0002461976563724877
candidate_validation.rows[0].geometry.symmetric_chamfer,0.2365868367798762
candidate_validation.rows[0].geometry.point_to_surface_mean,0.2640161502569396
candidate_validation.rows[0].geometry.point_to_surface_p95,0.5922533956283363
candidate_validation.rows[0].geometry.surface_rms,0.325945170076261
candidate_validation.rows[0].geometry.normal_consistency,0.7030619170358483
candidate_validation.rows[0].geometry.normal_error,0.2969380829641517
candidate_validation.rows[0].geometry.regional_ear_p2s_mean,0.3324464662598048
candidate_validation.rows[0].geometry.regional_head_p2s_mean,0.19102535745710197
candidate_validation.rows[0].geometry.regional_leg_p2s_mean,0.07807496703111805
candidate_validation.rows[0].geometry.regional_torso_p2s_mean,0.29772595150351605
candidate_validation.rows[0].geometry.bounds[0][0],-0.9999213884461601
candidate_validation.rows[0].geometry.bounds[0][1],-0.9999213884461601
candidate_validation.rows[0].geometry.bounds[0][2],-0.9999213884461601
candidate_validation.rows[0].geometry.bounds[1][0],0.9999214604215803
candidate_validation.rows[0].geometry.bounds[1][1],0.9999214604215803
candidate_validation.rows[0].geometry.bounds[1][2],0.9999214604215803
candidate_validation.rows[0].geometry.surface_area,12.566476424704332
candidate_validation.rows[0].geometry.components,1
candidate_validation.rows[0].geometry.maximum_outward_from_unit_sphere,0.006720042013138139
candidate_validation.rows[0].geometry.maximum_inward_from_unit_sphere,2.8567284971803275e-05
candidate_validation.rows[0].geometry.radial_deviation_p95,2.8468507785262e-05
candidate_validation.rows[0].geometry.gt_extends_outside_unit_sphere,True
candidate_validation.rows[0].geometry.gt_max_radius,1.5736361939753005
candidate_validation.rows[0].geometry.source_coverage_distance_p95,0.013468453352991383
candidate_validation.rows[0].geometry.source_coverage_distance_max,0.025129746575654286
candidate_validation.rows[0].geometry.source_coverage_samples,65536
candidate_validation.rows[0].geometry.geometry_seconds,0.4281360199674964
candidate_validation.rows[0].geometry.geometry_path,runs/v090_matched_birth/geometry/globe_solo_3.ply
candidate_validation.rows[0].geometry.geometry_target,"MC approximation of prepared.gt_field, evaluation only; existing P2S/Chamfer definitions. Current normals updated at every evaluation."
candidate_validation.rows[0].coefficient,-0.013617029138674372
candidate_validation.rows[0].affected_views,3
candidate_validation.rows[0].affected_pixels,156761
candidate_validation.rows[0].optimization.accepted,True
candidate_validation.rows[0].optimization.linear_solver_failures,0
candidate_validation.rows[0].optimization.line_search_failures,0
candidate_validation.rows[0].optimization.trials[0].alpha,1.0
candidate_validation.rows[0].optimization.trials[0].loss,0.06330483925730693
candidate_validation.rows[0].optimization.trials[0].coefficient[0],-0.013617029138674372
candidate_validation.rows[0].optimization.trials[0].timing.signature.config_digest,62ca4976cb787bbdbc3fd85b82677cf3aaa45a383158d798e34cfdd3b30c3861
candidate_validation.rows[0].optimization.trials[0].timing.signature.field_digest,11162da077d54597700e705723b34acb147f47c44095818ea0b0ecb554a3fc55
candidate_validation.rows[0].optimization.trials[0].timing.signature.count,16777216
candidate_validation.rows[0].optimization.trials[0].timing.signature.seed,101
candidate_validation.rows[0].optimization.trials[0].timing.signature.operator_version,v0817_CURRENT_fixed_measure_C3
candidate_validation.rows[0].optimization.trials[0].timing.signature.shape[0],4
candidate_validation.rows[0].optimization.trials[0].timing.signature.shape[1],1080
candidate_validation.rows[0].optimization.trials[0].timing.signature.shape[2],1920
candidate_validation.rows[0].optimization.trials[0].timing.signature.shape[3],3
candidate_validation.rows[0].optimization.trials[0].timing.signature.dtype,float32
candidate_validation.rows[0].optimization.trials[0].timing.signature.source_digest,e9a0305b3ed0de34bf755a1f588cd96b3f0913d79827dc0c89908e88e8dfbd53
candidate_validation.rows[0].optimization.trials[0].timing.signature.centers,42d8c0436ef8f714d0388c8ea429d333b4dafe67e73c0222d16fea56f2b3c679
candidate_validation.rows[0].optimization.trials[0].timing.signature.radii,500422ba227b370015d9b5df0292a47b0c4583c0ac88770bbc6297daa8289a1d
candidate_validation.rows[0].optimization.trials[0].timing.signature.coefficients,abe6fcf79581908feb260112911e6e625b0df39879413fb6ef321420b88ebadd
candidate_validation.rows[0].optimization.trials[0].timing.source_seconds,57.27058806316927
candidate_validation.rows[0].optimization.trials[0].timing.transport_seconds,196.67532599298283
candidate_validation.rows[0].optimization.trials[0].timing.detector_seconds,81.44953798712231
candidate_validation.rows[0].optimization.trials[0].timing.total_seconds,335.4352556820959
candidate_validation.rows[0].optimization.trials[0].timing.peak_cuda_allocated_mib,450.91796875
candidate_validation.rows[0].optimization.trials[0].timing.peak_cuda_reserved_mib,2192.0
candidate_validation.rows[0].optimization.trials[0].timing.cpu_rss_peak_mib,7644.58203125
candidate_validation.rows[0].optimization.trials[0].timing.energy_accounting[0].view,0
candidate_validation.rows[0].optimization.trials[0].timing.energy_accounting[0].input_energy,0.5847530227149199
candidate_validation.rows[0].optimization.trials[0].timing.energy_accounting[0].detected_energy,0.5847527487392059
candidate_validation.rows[0].optimization.trials[0].timing.energy_accounting[0].relative_energy_difference,4.685323604359371e-07
candidate_validation.rows[0].optimization.trials[0].timing.energy_accounting[0].projected_count_sum,16777170.415793462
candidate_validation.rows[0].optimization.trials[0].timing.energy_accounting[0].boundary_checked,True
candidate_validation.rows[0].optimization.trials[0].timing.energy_accounting[0].boundary_lost_energy,0.0
candidate_validation.rows[0].optimization.trials[0].timing.energy_accounting[0].expected_in_window_energy,0.5847530227149199
candidate_validation.rows[0].optimization.trials[0].timing.energy_accounting[0].numerical_energy_relative_error,4.685323604359371e-07
candidate_validation.rows[0].optimization.trials[0].timing.energy_accounting[1].view,1
candidate_validation.rows[0].optimization.trials[0].timing.energy_accounting[1].input_energy,0.4454186051226149
candidate_validation.rows[0].optimization.trials[0].timing.energy_accounting[1].detected_energy,0.445418374371342
candidate_validation.rows[0].optimization.trials[0].timing.energy_accounting[1].relative_energy_difference,5.180548594365093e-07
candidate_validation.rows[0].optimization.trials[0].timing.energy_accounting[1].projected_count_sum,16777170.268578745
candidate_validation.rows[0].optimization.trials[0].timing.energy_accounting[1].boundary_checked,True
candidate_validation.rows[0].optimization.trials[0].timing.energy_accounting[1].boundary_lost_energy,0.0
candidate_validation.rows[0].optimization.trials[0].timing.energy_accounting[1].expected_in_window_energy,0.4454186051226149
candidate_validation.rows[0].optimization.trials[0].timing.energy_accounting[1].numerical_energy_relative_error,5.180548594365093e-07
candidate_validation.rows[0].optimization.trials[0].timing.energy_accounting[2].view,2
candidate_validation.rows[0].optimization.trials[0].timing.energy_accounting[2].input_energy,0.5437708852097995
candidate_validation.rows[0].optimization.trials[0].timing.energy_accounting[2].detected_energy,0.543770621711841
candidate_validation.rows[0].optimization.trials[0].timing.energy_accounting[2].relative_energy_difference,4.845753344479912e-07
candidate_validation.rows[0].optimization.trials[0].timing.energy_accounting[2].projected_count_sum,16777170.652043933
candidate_validation.rows[0].optimization.trials[0].timing.energy_accounting[2].boundary_checked,True
candidate_validation.rows[0].optimization.trials[0].timing.energy_accounting[2].boundary_lost_energy,0.0
candidate_validation.rows[0].optimization.trials[0].timing.energy_accounting[2].expected_in_window_energy,0.5437708852097995
candidate_validation.rows[0].optimization.trials[0].timing.energy_accounting[2].numerical_energy_relative_error,4.845753344479912e-07
candidate_validation.rows[0].optimization.trials[0].timing.energy_accounting[3].view,3
candidate_validation.rows[0].optimization.trials[0].timing.energy_accounting[3].input_energy,0.4599036599824472
candidate_validation.rows[0].optimization.trials[0].timing.energy_accounting[3].detected_energy,0.45990342438802645
candidate_validation.rows[0].optimization.trials[0].timing.energy_accounting[3].relative_energy_difference,5.122690712201165e-07
candidate_validation.rows[0].optimization.trials[0].timing.energy_accounting[3].projected_count_sum,16777170.33798794
candidate_validation.rows[0].optimization.trials[0].timing.energy_accounting[3].boundary_checked,True
candidate_validation.rows[0].optimization.trials[0].timing.energy_accounting[3].boundary_lost_energy,0.0
candidate_validation.rows[0].optimization.trials[0].timing.energy_accounting[3].expected_in_window_energy,0.4599036599824472
candidate_validation.rows[0].optimization.trials[0].timing.energy_accounting[3].numerical_energy_relative_error,5.122690712201165e-07
candidate_validation.rows[0].optimization.trials[0].timing.root_failures,0
candidate_validation.rows[0].optimization.trials[0].timing.attachment_residual_max,6.661338147750939e-16
candidate_validation.rows[0].optimization.trials[0].timing.maximum_displacement,0.006770639397581089
candidate_validation.rows[0].optimization.trials[0].timing.image_digest,746aa3c60ff14881b50b59584b582abe544835530a65def3959fc38044161489
candidate_validation.rows[0].optimization.trials[0].timing.state_persisted,False
candidate_validation.rows[0].optimization.trials[0].finite,True
candidate_validation.rows[0].optimization.realized_gain,1.456003442255882e-05
candidate_validation.rows[0].optimization.coefficient_limit_hits,0
candidate_validation.rows[0].optimization.seconds,337.574034771882
candidate_validation.rows[0].baseline_identical,True
candidate_validation.rows[0].coefficient_initialized_at_zero,True
candidate_validation.rows[0].birth_source_mass_change,0.0
candidate_validation.rows[0].image_path,runs/v090_matched_birth/globe_solo_3_trial0.npy
candidate_validation.rows[1].cache_signature.scoring_signature.config,62ca4976cb787bbdbc3fd85b82677cf3aaa45a383158d798e34cfdd3b30c3861
candidate_validation.rows[1].cache_signature.scoring_signature.field,11162da077d54597700e705723b34acb147f47c44095818ea0b0ecb554a3fc55
candidate_validation.rows[1].cache_signature.scoring_signature.source,e9a0305b3ed0de34bf755a1f588cd96b3f0913d79827dc0c89908e88e8dfbd53
candidate_validation.rows[1].cache_signature.scoring_signature.current_positions,e9a0305b3ed0de34bf755a1f588cd96b3f0913d79827dc0c89908e88e8dfbd53
candidate_validation.rows[1].cache_signature.scoring_signature.coefficients,e3b0c44298fc1c149afbf4c8996fb92427ae41e4649b934ca495991b7852b855
candidate_validation.rows[1].cache_signature.scoring_signature.active_centers,e3b0c44298fc1c149afbf4c8996fb92427ae41e4649b934ca495991b7852b855
candidate_validation.rows[1].cache_signature.scoring_signature.active_radii,e3b0c44298fc1c149afbf4c8996fb92427ae41e4649b934ca495991b7852b855
candidate_validation.rows[1].cache_signature.scoring_signature.proposals,7bdb9dc6a54057730e1e9712c706845ef11a324e55216d25cdc70b12527cb245
candidate_validation.rows[1].cache_signature.scoring_signature.proposal_radii,4f3c9fd1d9f39c2198a52e44ed1ecb7086e38ec0b80db30f6da6369dc9da283e
candidate_validation.rows[1].cache_signature.scoring_signature.target,5701b51c2733f9b1e819667378c06f5aa6fbe697821dd4db02d5d97c0b6351bd
candidate_validation.rows[1].cache_signature.scoring_signature.image,f7e7e51b114efc85f9ec2e44f793fb90a88c5e36b8013ea295e8c29bcc83e61e
candidate_validation.rows[1].cache_signature.scoring_signature.count,16777216
candidate_validation.rows[1].cache_signature.scoring_signature.shape[0],4
candidate_validation.rows[1].cache_signature.scoring_signature.shape[1],1080
candidate_validation.rows[1].cache_signature.scoring_signature.shape[2],1920
candidate_validation.rows[1].cache_signature.scoring_signature.shape[3],3
candidate_validation.rows[1].cache_signature.scoring_signature.dtype,float32 image columns / float64 reductions
candidate_validation.rows[1].cache_signature.scoring_signature.seed,90
candidate_validation.rows[1].cache_signature.scoring_signature.operator_version,v0817_CURRENT_fixed_measure_C3
candidate_validation.rows[1].cache_signature.candidate,5
candidate_validation.rows[1].cache_signature.protocol.damping,1e-07
candidate_validation.rows[1].cache_signature.protocol.coefficient_limit,0.03
candidate_validation.rows[1].cache_signature.protocol.optimization_steps,1
candidate_validation.rows[1].cache_signature.protocol.line_search[0],1.0
candidate_validation.rows[1].cache_signature.protocol.line_search[1],0.5
candidate_validation.rows[1].cache_signature.protocol.line_search[2],0.25
candidate_validation.rows[1].cache_signature.protocol.line_search[3],0.125
candidate_validation.rows[1].cache_signature.protocol.maximum_accepted_births,32
candidate_validation.rows[1].cache_signature.protocol.maximum_consecutive_no_gain,3
candidate_validation.rows[1].cache_signature.protocol.flattening_window,5
candidate_validation.rows[1].cache_signature.protocol.flattening_relative_gain,0.0002
candidate_validation.rows[1].cache_signature.protocol.minimum_births_before_flattening,8
candidate_validation.rows[1].cache_signature.protocol.candidate_bank,32
candidate_validation.rows[1].cache_signature.protocol.solo_per_stratum,2
candidate_validation.rows[1].cache_signature.protocol.candidate_rank_spearman_gate,0.2
candidate_validation.rows[1].cache_signature.protocol.relative_gain_floor,1e-07
candidate_validation.rows[1].cache_signature.protocol.geometry_relative_gain_floor,0.001
candidate_validation.rows[1].cache_signature.protocol.source_coverage_subset,65536
candidate_validation.rows[1].cache_signature.protocol.geometry_samples,16384
candidate_validation.rows[1].cache_signature.protocol.initial_preallocated_dof,0
candidate_validation.rows[1].cache_signature.protocol.support_rule,"Two levels: first half radius .45, second half .45/sqrt(2). Independent of residual."
candidate_validation.rows[1].cache_signature.protocol.optimizer,"Damped Gauss-Newton with exact accumulated CURRENT image Gram, coefficient box projection, deterministic four-trial backtracking"
candidate_validation.rows[1].cache_signature.protocol.scoring,"Full 16M source, four Full-HD views; exact image-space column norms, no stochastic norm sketch"
candidate_validation.rows[1].cache_signature.protocol.evaluation_subset,"Two top, two middle, two low non-null, two seeded random. Largest initial bounded comparison budget; overlap deduplicated and disclosed."
candidate_validation.rows[1].cache_signature.protocol.smoke_use,FD and runtime only; never headline predicted-vs-actual or birth verdicts.
candidate_validation.rows[1].candidate,5
candidate_validation.rows[1].source_proposal_id,1209766
candidate_validation.rows[1].center[0],-0.2705328672419053
candidate_validation.rows[1].center[1],0.2129003787684726
candidate_validation.rows[1].center[2],0.9388745371252298
candidate_validation.rows[1].radius,0.45
candidate_validation.rows[1].alignment,-0.0013369811564427662
candidate_validation.rows[1].raw_alignment,0.0013369811564427662
candidate_validation.rows[1].norm2,0.12659595558773015
candidate_validation.rows[1].jacobian_norm,0.35580325404320035
candidate_validation.rows[1].predicted_gain,7.059930123353247e-06
candidate_validation.rows[1].actual_gain,1.3907866017390247e-05
candidate_validation.rows[1].geometry_improvement,-4.5714322515794104e-05
candidate_validation.rows[1].geometry.symmetric_chamfer,0.23687874875876447
candidate_validation.rows[1].geometry.point_to_surface_mean,0.26455199331773116
candidate_validation.rows[1].geometry.point_to_surface_p95,0.5926211172744364
candidate_validation.rows[1].geometry.surface_rms,0.32627996435102646
candidate_validation.rows[1].geometry.normal_consistency,0.7044886283502028
candidate_validation.rows[1].geometry.normal_error,0.29551137164979724
candidate_validation.rows[1].geometry.regional_ear_p2s_mean,0.3330502580182106
candidate_validation.rows[1].geometry.regional_head_p2s_mean,0.19341537774931813
candidate_validation.rows[1].geometry.regional_leg_p2s_mean,0.07760958227411438
candidate_validation.rows[1].geometry.regional_torso_p2s_mean,0.2980540382734826
candidate_validation.rows[1].geometry.bounds[0][0],-0.9999213884461601
candidate_validation.rows[1].geometry.bounds[0][1],-0.9999213884461601
candidate_validation.rows[1].geometry.bounds[0][2],-0.9999213884461601
candidate_validation.rows[1].geometry.bounds[1][0],0.9999214604215803
candidate_validation.rows[1].geometry.bounds[1][1],0.9999214604215803
candidate_validation.rows[1].geometry.bounds[1][2],0.9998859909345519
candidate_validation.rows[1].geometry.surface_area,12.564256317256483
candidate_validation.rows[1].geometry.components,1
candidate_validation.rows[1].geometry.maximum_outward_from_unit_sphere,0.0
candidate_validation.rows[1].geometry.maximum_inward_from_unit_sphere,0.005282320215790115
candidate_validation.rows[1].geometry.radial_deviation_p95,2.8475378084480418e-05
candidate_validation.rows[1].geometry.gt_extends_outside_unit_sphere,True
candidate_validation.rows[1].geometry.gt_max_radius,1.5736361939753005
candidate_validation.rows[1].geometry.source_coverage_distance_p95,0.013467180675344513
candidate_validation.rows[1].geometry.source_coverage_distance_max,0.023327206771483405
candidate_validation.rows[1].geometry.source_coverage_samples,65536
candidate_validation.rows[1].geometry.geometry_seconds,0.4237750330939889
candidate_validation.rows[1].geometry.geometry_path,runs/v090_matched_birth/geometry/globe_solo_5.ply
candidate_validation.rows[1].geometry.geometry_target,"MC approximation of prepared.gt_field, evaluation only; existing P2S/Chamfer definitions. Current normals updated at every evaluation."
candidate_validation.rows[1].coefficient,0.010561001685524459
candidate_validation.rows[1].affected_views,3
candidate_validation.rows[1].affected_pixels,198175
candidate_validation.rows[1].optimization.accepted,True
candidate_validation.rows[1].optimization.linear_solver_failures,0
candidate_validation.rows[1].optimization.line_search_failures,0
candidate_validation.rows[1].optimization.trials[0].alpha,1.0
candidate_validation.rows[1].optimization.trials[0].loss,0.0633054914257121
candidate_validation.rows[1].optimization.trials[0].coefficient[0],0.010561001685524459
candidate_validation.rows[1].optimization.trials[0].timing.signature.config_digest,62ca4976cb787bbdbc3fd85b82677cf3aaa45a383158d798e34cfdd3b30c3861
candidate_validation.rows[1].optimization.trials[0].timing.signature.field_digest,11162da077d54597700e705723b34acb147f47c44095818ea0b0ecb554a3fc55
candidate_validation.rows[1].optimization.trials[0].timing.signature.count,16777216
candidate_validation.rows[1].optimization.trials[0].timing.signature.seed,101
candidate_validation.rows[1].optimization.trials[0].timing.signature.operator_version,v0817_CURRENT_fixed_measure_C3
candidate_validation.rows[1].optimization.trials[0].timing.signature.shape[0],4
candidate_validation.rows[1].optimization.trials[0].timing.signature.shape[1],1080
candidate_validation.rows[1].optimization.trials[0].timing.signature.shape[2],1920
candidate_validation.rows[1].optimization.trials[0].timing.signature.shape[3],3
candidate_validation.rows[1].optimization.trials[0].timing.signature.dtype,float32
candidate_validation.rows[1].optimization.trials[0].timing.signature.source_digest,e9a0305b3ed0de34bf755a1f588cd96b3f0913d79827dc0c89908e88e8dfbd53
candidate_validation.rows[1].optimization.trials[0].timing.signature.centers,d462d440af290cee5e0c4b7fcb9a393cdbe18729ae72e0a8458056f3d88cbb9f
candidate_validation.rows[1].optimization.trials[0].timing.signature.radii,500422ba227b370015d9b5df0292a47b0c4583c0ac88770bbc6297daa8289a1d
candidate_validation.rows[1].optimization.trials[0].timing.signature.coefficients,8cedcf88464564e229bab3b1f54633a514d20241f4c324871ceae0ee6313eb03
candidate_validation.rows[1].optimization.trials[0].timing.source_seconds,55.90203740098514
candidate_validation.rows[1].optimization.trials[0].timing.transport_seconds,192.23960594297387
candidate_validation.rows[1].optimization.trials[0].timing.detector_seconds,80.55197285697795
candidate_validation.rows[1].optimization.trials[0].timing.total_seconds,328.73680257308297
candidate_validation.rows[1].optimization.trials[0].timing.peak_cuda_allocated_mib,450.91845703125
candidate_validation.rows[1].optimization.trials[0].timing.peak_cuda_reserved_mib,2192.0
candidate_validation.rows[1].optimization.trials[0].timing.cpu_rss_peak_mib,9436.72265625
candidate_validation.rows[1].optimization.trials[0].timing.energy_accounting[0].view,0
candidate_validation.rows[1].optimization.trials[0].timing.energy_accounting[0].input_energy,0.5845089854928813
candidate_validation.rows[1].optimization.trials[0].timing.energy_accounting[0].detected_energy,0.5845087116294856
candidate_validation.rows[1].optimization.trials[0].timing.energy_accounting[0].relative_energy_difference,4.6853581815844774e-07
candidate_validation.rows[1].optimization.trials[0].timing.energy_accounting[0].projected_count_sum,16777170.051540406
candidate_validation.rows[1].optimization.trials[0].timing.energy_accounting[0].boundary_checked,True
candidate_validation.rows[1].optimization.trials[0].timing.energy_accounting[0].boundary_lost_energy,0.0
candidate_validation.rows[1].optimization.trials[0].timing.energy_accounting[0].expected_in_window_energy,0.5845089854928813
candidate_validation.rows[1].optimization.trials[0].timing.energy_accounting[0].numerical_energy_relative_error,4.6853581815844774e-07
candidate_validation.rows[1].optimization.trials[0].timing.energy_accounting[1].view,1
candidate_validation.rows[1].optimization.trials[0].timing.energy_accounting[1].input_energy,0.4454605504508834
candidate_validation.rows[1].optimization.trials[0].timing.energy_accounting[1].detected_energy,0.4454603193578689
candidate_validation.rows[1].optimization.trials[0].timing.energy_accounting[1].relative_energy_difference,5.18773243260905e-07
candidate_validation.rows[1].optimization.trials[0].timing.energy_accounting[1].projected_count_sum,16777170.351681877
candidate_validation.rows[1].optimization.trials[0].timing.energy_accounting[1].boundary_checked,True
candidate_validation.rows[1].optimization.trials[0].timing.energy_accounting[1].boundary_lost_energy,0.0
candidate_validation.rows[1].optimization.trials[0].timing.energy_accounting[1].expected_in_window_energy,0.4454605504508834
candidate_validation.rows[1].optimization.trials[0].timing.energy_accounting[1].numerical_energy_relative_error,5.18773243260905e-07
candidate_validation.rows[1].optimization.trials[0].timing.energy_accounting[2].view,2
candidate_validation.rows[1].optimization.trials[0].timing.energy_accounting[2].input_energy,0.5434605113624063
candidate_validation.rows[1].optimization.trials[0].timing.energy_accounting[2].detected_energy,0.5434602477656025
candidate_validation.rows[1].optimization.trials[0].timing.energy_accounting[2].relative_energy_difference,4.850339596102195e-07
candidate_validation.rows[1].optimization.trials[0].timing.energy_accounting[2].projected_count_sum,16777170.301252147
candidate_validation.rows[1].optimization.trials[0].timing.energy_accounting[2].boundary_checked,True
candidate_validation.rows[1].optimization.trials[0].timing.energy_accounting[2].boundary_lost_energy,0.0
candidate_validation.rows[1].optimization.trials[0].timing.energy_accounting[2].expected_in_window_energy,0.5434605113624063
candidate_validation.rows[1].optimization.trials[0].timing.energy_accounting[2].numerical_energy_relative_error,4.850339596102195e-07
candidate_validation.rows[1].optimization.trials[0].timing.energy_accounting[3].view,3
candidate_validation.rows[1].optimization.trials[0].timing.energy_accounting[3].input_energy,0.4600375538012442
candidate_validation.rows[1].optimization.trials[0].timing.energy_accounting[3].detected_energy,0.46003731794655595
candidate_validation.rows[1].optimization.trials[0].timing.energy_accounting[3].relative_energy_difference,5.126857282212009e-07
candidate_validation.rows[1].optimization.trials[0].timing.energy_accounting[3].projected_count_sum,16777170.469631542
candidate_validation.rows[1].optimization.trials[0].timing.energy_accounting[3].boundary_checked,True
candidate_validation.rows[1].optimization.trials[0].timing.energy_accounting[3].boundary_lost_energy,0.0
candidate_validation.rows[1].optimization.trials[0].timing.energy_accounting[3].expected_in_window_energy,0.4600375538012442
candidate_validation.rows[1].optimization.trials[0].timing.energy_accounting[3].numerical_energy_relative_error,5.126857282212009e-07
candidate_validation.rows[1].optimization.trials[0].timing.root_failures,0
candidate_validation.rows[1].optimization.trials[0].timing.attachment_residual_max,6.661338147750939e-16
candidate_validation.rows[1].optimization.trials[0].timing.maximum_displacement,0.005287358727574683
candidate_validation.rows[1].optimization.trials[0].timing.image_digest,6f78157bee9284a28170ac51f05e8c3280850d4a92904d217ce47e72e91daa1a
candidate_validation.rows[1].optimization.trials[0].timing.state_persisted,False
candidate_validation.rows[1].optimization.trials[0].finite,True
candidate_validation.rows[1].optimization.realized_gain,1.3907866017390247e-05
candidate_validation.rows[1].optimization.coefficient_limit_hits,0
candidate_validation.rows[1].optimization.seconds,330.8700236349832
candidate_validation.rows[1].baseline_identical,True
candidate_validation.rows[1].coefficient_initialized_at_zero,True
candidate_validation.rows[1].birth_source_mass_change,0.0
candidate_validation.rows[1].image_path,runs/v090_matched_birth/globe_solo_5_trial0.npy
candidate_validation.rows[2].cache_signature.scoring_signature.config,62ca4976cb787bbdbc3fd85b82677cf3aaa45a383158d798e34cfdd3b30c3861
candidate_validation.rows[2].cache_signature.scoring_signature.field,11162da077d54597700e705723b34acb147f47c44095818ea0b0ecb554a3fc55
candidate_validation.rows[2].cache_signature.scoring_signature.source,e9a0305b3ed0de34bf755a1f588cd96b3f0913d79827dc0c89908e88e8dfbd53
candidate_validation.rows[2].cache_signature.scoring_signature.current_positions,e9a0305b3ed0de34bf755a1f588cd96b3f0913d79827dc0c89908e88e8dfbd53
candidate_validation.rows[2].cache_signature.scoring_signature.coefficients,e3b0c44298fc1c149afbf4c8996fb92427ae41e4649b934ca495991b7852b855
candidate_validation.rows[2].cache_signature.scoring_signature.active_centers,e3b0c44298fc1c149afbf4c8996fb92427ae41e4649b934ca495991b7852b855
candidate_validation.rows[2].cache_signature.scoring_signature.active_radii,e3b0c44298fc1c149afbf4c8996fb92427ae41e4649b934ca495991b7852b855
candidate_validation.rows[2].cache_signature.scoring_signature.proposals,7bdb9dc6a54057730e1e9712c706845ef11a324e55216d25cdc70b12527cb245
candidate_validation.rows[2].cache_signature.scoring_signature.proposal_radii,4f3c9fd1d9f39c2198a52e44ed1ecb7086e38ec0b80db30f6da6369dc9da283e
candidate_validation.rows[2].cache_signature.scoring_signature.target,5701b51c2733f9b1e819667378c06f5aa6fbe697821dd4db02d5d97c0b6351bd
candidate_validation.rows[2].cache_signature.scoring_signature.image,f7e7e51b114efc85f9ec2e44f793fb90a88c5e36b8013ea295e8c29bcc83e61e
candidate_validation.rows[2].cache_signature.scoring_signature.count,16777216
candidate_validation.rows[2].cache_signature.scoring_signature.shape[0],4
candidate_validation.rows[2].cache_signature.scoring_signature.shape[1],1080
candidate_validation.rows[2].cache_signature.scoring_signature.shape[2],1920
candidate_validation.rows[2].cache_signature.scoring_signature.shape[3],3
candidate_validation.rows[2].cache_signature.scoring_signature.dtype,float32 image columns / float64 reductions
candidate_validation.rows[2].cache_signature.scoring_signature.seed,90
candidate_validation.rows[2].cache_signature.scoring_signature.operator_version,v0817_CURRENT_fixed_measure_C3
candidate_validation.rows[2].cache_signature.candidate,6
candidate_validation.rows[2].cache_signature.protocol.damping,1e-07
candidate_validation.rows[2].cache_signature.protocol.coefficient_limit,0.03
candidate_validation.rows[2].cache_signature.protocol.optimization_steps,1
candidate_validation.rows[2].cache_signature.protocol.line_search[0],1.0
candidate_validation.rows[2].cache_signature.protocol.line_search[1],0.5
candidate_validation.rows[2].cache_signature.protocol.line_search[2],0.25
candidate_validation.rows[2].cache_signature.protocol.line_search[3],0.125
candidate_validation.rows[2].cache_signature.protocol.maximum_accepted_births,32
candidate_validation.rows[2].cache_signature.protocol.maximum_consecutive_no_gain,3
candidate_validation.rows[2].cache_signature.protocol.flattening_window,5
candidate_validation.rows[2].cache_signature.protocol.flattening_relative_gain,0.0002
candidate_validation.rows[2].cache_signature.protocol.minimum_births_before_flattening,8
candidate_validation.rows[2].cache_signature.protocol.candidate_bank,32
candidate_validation.rows[2].cache_signature.protocol.solo_per_stratum,2
candidate_validation.rows[2].cache_signature.protocol.candidate_rank_spearman_gate,0.2
candidate_validation.rows[2].cache_signature.protocol.relative_gain_floor,1e-07
candidate_validation.rows[2].cache_signature.protocol.geometry_relative_gain_floor,0.001
candidate_validation.rows[2].cache_signature.protocol.source_coverage_subset,65536
candidate_validation.rows[2].cache_signature.protocol.geometry_samples,16384
candidate_validation.rows[2].cache_signature.protocol.initial_preallocated_dof,0
candidate_validation.rows[2].cache_signature.protocol.support_rule,"Two levels: first half radius .45, second half .45/sqrt(2). Independent of residual."
candidate_validation.rows[2].cache_signature.protocol.optimizer,"Damped Gauss-Newton with exact accumulated CURRENT image Gram, coefficient box projection, deterministic four-trial backtracking"
candidate_validation.rows[2].cache_signature.protocol.scoring,"Full 16M source, four Full-HD views; exact image-space column norms, no stochastic norm sketch"
candidate_validation.rows[2].cache_signature.protocol.evaluation_subset,"Two top, two middle, two low non-null, two seeded random. Largest initial bounded comparison budget; overlap deduplicated and disclosed."
candidate_validation.rows[2].cache_signature.protocol.smoke_use,FD and runtime only; never headline predicted-vs-actual or birth verdicts.
candidate_validation.rows[2].candidate,6
candidate_validation.rows[2].source_proposal_id,8725907
candidate_validation.rows[2].center[0],-0.5985780238904256
candidate_validation.rows[2].center[1],-0.44788362918237196
candidate_validation.rows[2].center[2],-0.6641570627689362
candidate_validation.rows[2].radius,0.45
candidate_validation.rows[2].alignment,-0.0005344416007426757
candidate_validation.rows[2].raw_alignment,0.0005344416007426757
candidate_validation.rows[2].norm2,0.0481421019940313
candidate_validation.rows[2].jacobian_norm,0.21941308528442716
candidate_validation.rows[2].predicted_gain,2.9665014558308523e-06
candidate_validation.rows[2].actual_gain,5.505687506318635e-06
candidate_validation.rows[2].geometry_improvement,0.0004485957711662658
candidate_validation.rows[2].geometry.symmetric_chamfer,0.2363844386650824
candidate_validation.rows[2].geometry.point_to_surface_mean,0.26346613420623194
candidate_validation.rows[2].geometry.point_to_surface_p95,0.5924070628369891
candidate_validation.rows[2].geometry.surface_rms,0.32554537981200576
candidate_validation.rows[2].geometry.normal_consistency,0.7051195345057208
candidate_validation.rows[2].geometry.normal_error,0.29488046549427915
candidate_validation.rows[2].geometry.regional_ear_p2s_mean,0.3340557623506456
candidate_validation.rows[2].geometry.regional_head_p2s_mean,0.19428237107394236
candidate_validation.rows[2].geometry.regional_leg_p2s_mean,0.07919535725472068
candidate_validation.rows[2].geometry.regional_torso_p2s_mean,0.29467118370061457
candidate_validation.rows[2].geometry.bounds[0][0],-0.9999213884461601
candidate_validation.rows[2].geometry.bounds[0][1],-0.9999213884461601
candidate_validation.rows[2].geometry.bounds[0][2],-0.9999213884461601
candidate_validation.rows[2].geometry.bounds[1][0],0.9999214604215803
candidate_validation.rows[2].geometry.bounds[1][1],0.9999214604215803
candidate_validation.rows[2].geometry.bounds[1][2],0.9999214604215803
candidate_validation.rows[2].geometry.surface_area,12.564211087962942
candidate_validation.rows[2].geometry.components,1
candidate_validation.rows[2].geometry.maximum_outward_from_unit_sphere,0.0
candidate_validation.rows[2].geometry.maximum_inward_from_unit_sphere,0.005566190533541904
candidate_validation.rows[2].geometry.radial_deviation_p95,2.848740732186439e-05
candidate_validation.rows[2].geometry.gt_extends_outside_unit_sphere,True
candidate_validation.rows[2].geometry.gt_max_radius,1.5736361939753005
candidate_validation.rows[2].geometry.source_coverage_distance_p95,0.01352967247535708
candidate_validation.rows[2].geometry.source_coverage_distance_max,0.02382504932208986
candidate_validation.rows[2].geometry.source_coverage_samples,65536
candidate_validation.rows[2].geometry.geometry_seconds,0.4139674538746476
candidate_validation.rows[2].geometry.geometry_path,runs/v090_matched_birth/geometry/globe_solo_6.ply
candidate_validation.rows[2].geometry.geometry_target,"MC approximation of prepared.gt_field, evaluation only; existing P2S/Chamfer definitions. Current normals updated at every evaluation."
candidate_validation.rows[2].coefficient,0.011101311917741863
candidate_validation.rows[2].affected_views,3
candidate_validation.rows[2].affected_pixels,133171
candidate_validation.rows[2].optimization.accepted,True
candidate_validation.rows[2].optimization.linear_solver_failures,0
candidate_validation.rows[2].optimization.line_search_failures,0
candidate_validation.rows[2].optimization.trials[0].alpha,1.0
candidate_validation.rows[2].optimization.trials[0].loss,0.06331389360422317
candidate_validation.rows[2].optimization.trials[0].coefficient[0],0.011101311917741863
candidate_validation.rows[2].optimization.trials[0].timing.signature.config_digest,62ca4976cb787bbdbc3fd85b82677cf3aaa45a383158d798e34cfdd3b30c3861
candidate_validation.rows[2].optimization.trials[0].timing.signature.field_digest,11162da077d54597700e705723b34acb147f47c44095818ea0b0ecb554a3fc55
candidate_validation.rows[2].optimization.trials[0].timing.signature.count,16777216
candidate_validation.rows[2].optimization.trials[0].timing.signature.seed,101
candidate_validation.rows[2].optimization.trials[0].timing.signature.operator_version,v0817_CURRENT_fixed_measure_C3
candidate_validation.rows[2].optimization.trials[0].timing.signature.shape[0],4
candidate_validation.rows[2].optimization.trials[0].timing.signature.shape[1],1080
candidate_validation.rows[2].optimization.trials[0].timing.signature.shape[2],1920
candidate_validation.rows[2].optimization.trials[0].timing.signature.shape[3],3
candidate_validation.rows[2].optimization.trials[0].timing.signature.dtype,float32
candidate_validation.rows[2].optimization.trials[0].timing.signature.source_digest,e9a0305b3ed0de34bf755a1f588cd96b3f0913d79827dc0c89908e88e8dfbd53
candidate_validation.rows[2].optimization.trials[0].timing.signature.centers,5d209462d373ef7fa2874459aa0b33137bc9c1b3b7c4c78077117be90e39b443
candidate_validation.rows[2].optimization.trials[0].timing.signature.radii,500422ba227b370015d9b5df0292a47b0c4583c0ac88770bbc6297daa8289a1d
candidate_validation.rows[2].optimization.trials[0].timing.signature.coefficients,e2385f4e6810289afe8fd037a252d2fceb62fd37f5fa1ce1933732fe48ff9611
candidate_validation.rows[2].optimization.trials[0].timing.source_seconds,56.450951772974804
candidate_validation.rows[2].optimization.trials[0].timing.transport_seconds,183.54230212699622
candidate_validation.rows[2].optimization.trials[0].timing.detector_seconds,80.71342387283221
candidate_validation.rows[2].optimization.trials[0].timing.total_seconds,320.74930282402784
candidate_validation.rows[2].optimization.trials[0].timing.peak_cuda_allocated_mib,450.91845703125
candidate_validation.rows[2].optimization.trials[0].timing.peak_cuda_reserved_mib,2192.0
candidate_validation.rows[2].optimization.trials[0].timing.cpu_rss_peak_mib,9713.65234375
candidate_validation.rows[2].optimization.trials[0].timing.energy_accounting[0].view,0
candidate_validation.rows[2].optimization.trials[0].timing.energy_accounting[0].input_energy,0.5847530227149199
candidate_validation.rows[2].optimization.trials[0].timing.energy_accounting[0].detected_energy,0.5847527487388675
candidate_validation.rows[2].optimization.trials[0].timing.energy_accounting[0].relative_energy_difference,4.685329391349173e-07
candidate_validation.rows[2].optimization.trials[0].timing.energy_accounting[0].projected_count_sum,16777170.416872544
candidate_validation.rows[2].optimization.trials[0].timing.energy_accounting[0].boundary_checked,True
candidate_validation.rows[2].optimization.trials[0].timing.energy_accounting[0].boundary_lost_energy,0.0
candidate_validation.rows[2].optimization.trials[0].timing.energy_accounting[0].expected_in_window_energy,0.5847530227149199
candidate_validation.rows[2].optimization.trials[0].timing.energy_accounting[0].numerical_energy_relative_error,4.685329391349173e-07
candidate_validation.rows[2].optimization.trials[0].timing.energy_accounting[1].view,1
candidate_validation.rows[2].optimization.trials[0].timing.energy_accounting[1].input_energy,0.4452673602954297
candidate_validation.rows[2].optimization.trials[0].timing.energy_accounting[1].detected_energy,0.4452671295388919
candidate_validation.rows[2].optimization.trials[0].timing.energy_accounting[1].relative_energy_difference,5.182426522656532e-07
candidate_validation.rows[2].optimization.trials[0].timing.energy_accounting[1].projected_count_sum,16777170.3015981
candidate_validation.rows[2].optimization.trials[0].timing.energy_accounting[1].boundary_checked,True
candidate_validation.rows[2].optimization.trials[0].timing.energy_accounting[1].boundary_lost_energy,0.0
candidate_validation.rows[2].optimization.trials[0].timing.energy_accounting[1].expected_in_window_energy,0.4452673602954297
candidate_validation.rows[2].optimization.trials[0].timing.energy_accounting[1].numerical_energy_relative_error,5.182426522656532e-07
candidate_validation.rows[2].optimization.trials[0].timing.energy_accounting[2].view,2
candidate_validation.rows[2].optimization.trials[0].timing.energy_accounting[2].input_energy,0.5435122048835681
candidate_validation.rows[2].optimization.trials[0].timing.energy_accounting[2].detected_energy,0.5435119415057035
candidate_validation.rows[2].optimization.trials[0].timing.energy_accounting[2].relative_energy_difference,4.845850051982609e-07
candidate_validation.rows[2].optimization.trials[0].timing.energy_accounting[2].projected_count_sum,16777170.310744371
candidate_validation.rows[2].optimization.trials[0].timing.energy_accounting[2].boundary_checked,True
candidate_validation.rows[2].optimization.trials[0].timing.energy_accounting[2].boundary_lost_energy,0.0
candidate_validation.rows[2].optimization.trials[0].timing.energy_accounting[2].expected_in_window_energy,0.5435122048835681
candidate_validation.rows[2].optimization.trials[0].timing.energy_accounting[2].numerical_energy_relative_error,4.845850051982609e-07
candidate_validation.rows[2].optimization.trials[0].timing.energy_accounting[3].view,3
candidate_validation.rows[2].optimization.trials[0].timing.energy_accounting[3].input_energy,0.46005156153208776
candidate_validation.rows[2].optimization.trials[0].timing.energy_accounting[3].detected_energy,0.4600513261110518
candidate_validation.rows[2].optimization.trials[0].timing.energy_accounting[3].relative_energy_difference,5.117275010640479e-07
candidate_validation.rows[2].optimization.trials[0].timing.energy_accounting[3].projected_count_sum,16777170.444782915
candidate_validation.rows[2].optimization.trials[0].timing.energy_accounting[3].boundary_checked,True
candidate_validation.rows[2].optimization.trials[0].timing.energy_accounting[3].boundary_lost_energy,0.0
candidate_validation.rows[2].optimization.trials[0].timing.energy_accounting[3].expected_in_window_energy,0.46005156153208776
candidate_validation.rows[2].optimization.trials[0].timing.energy_accounting[3].numerical_energy_relative_error,5.117275010640479e-07
candidate_validation.rows[2].optimization.trials[0].timing.root_failures,0
candidate_validation.rows[2].optimization.trials[0].timing.attachment_residual_max,6.661338147750939e-16
candidate_validation.rows[2].optimization.trials[0].timing.maximum_displacement,0.005557840936503761
candidate_validation.rows[2].optimization.trials[0].timing.image_digest,ca6780246a7913d9be513ec17eaec66332f5abd4a4399afc30884a0355d9edf1
candidate_validation.rows[2].optimization.trials[0].timing.state_persisted,False
candidate_validation.rows[2].optimization.trials[0].finite,True
candidate_validation.rows[2].optimization.realized_gain,5.505687506318635e-06
candidate_validation.rows[2].optimization.coefficient_limit_hits,0
candidate_validation.rows[2].optimization.seconds,322.88240059698
candidate_validation.rows[2].baseline_identical,True
candidate_validation.rows[2].coefficient_initialized_at_zero,True
candidate_validation.rows[2].birth_source_mass_change,0.0
candidate_validation.rows[2].image_path,runs/v090_matched_birth/globe_solo_6_trial0.npy
candidate_validation.rows[3].cache_signature.scoring_signature.config,62ca4976cb787bbdbc3fd85b82677cf3aaa45a383158d798e34cfdd3b30c3861
candidate_validation.rows[3].cache_signature.scoring_signature.field,11162da077d54597700e705723b34acb147f47c44095818ea0b0ecb554a3fc55
candidate_validation.rows[3].cache_signature.scoring_signature.source,e9a0305b3ed0de34bf755a1f588cd96b3f0913d79827dc0c89908e88e8dfbd53
candidate_validation.rows[3].cache_signature.scoring_signature.current_positions,e9a0305b3ed0de34bf755a1f588cd96b3f0913d79827dc0c89908e88e8dfbd53
candidate_validation.rows[3].cache_signature.scoring_signature.coefficients,e3b0c44298fc1c149afbf4c8996fb92427ae41e4649b934ca495991b7852b855
candidate_validation.rows[3].cache_signature.scoring_signature.active_centers,e3b0c44298fc1c149afbf4c8996fb92427ae41e4649b934ca495991b7852b855
candidate_validation.rows[3].cache_signature.scoring_signature.active_radii,e3b0c44298fc1c149afbf4c8996fb92427ae41e4649b934ca495991b7852b855
candidate_validation.rows[3].cache_signature.scoring_signature.proposals,7bdb9dc6a54057730e1e9712c706845ef11a324e55216d25cdc70b12527cb245
candidate_validation.rows[3].cache_signature.scoring_signature.proposal_radii,4f3c9fd1d9f39c2198a52e44ed1ecb7086e38ec0b80db30f6da6369dc9da283e
candidate_validation.rows[3].cache_signature.scoring_signature.target,5701b51c2733f9b1e819667378c06f5aa6fbe697821dd4db02d5d97c0b6351bd
candidate_validation.rows[3].cache_signature.scoring_signature.image,f7e7e51b114efc85f9ec2e44f793fb90a88c5e36b8013ea295e8c29bcc83e61e
candidate_validation.rows[3].cache_signature.scoring_signature.count,16777216
candidate_validation.rows[3].cache_signature.scoring_signature.shape[0],4
candidate_validation.rows[3].cache_signature.scoring_signature.shape[1],1080
candidate_validation.rows[3].cache_signature.scoring_signature.shape[2],1920
candidate_validation.rows[3].cache_signature.scoring_signature.shape[3],3
candidate_validation.rows[3].cache_signature.scoring_signature.dtype,float32 image columns / float64 reductions
candidate_validation.rows[3].cache_signature.scoring_signature.seed,90
candidate_validation.rows[3].cache_signature.scoring_signature.operator_version,v0817_CURRENT_fixed_measure_C3
candidate_validation.rows[3].cache_signature.candidate,8
candidate_validation.rows[3].cache_signature.protocol.damping,1e-07
candidate_validation.rows[3].cache_signature.protocol.coefficient_limit,0.03
candidate_validation.rows[3].cache_signature.protocol.optimization_steps,1
candidate_validation.rows[3].cache_signature.protocol.line_search[0],1.0
candidate_validation.rows[3].cache_signature.protocol.line_search[1],0.5
candidate_validation.rows[3].cache_signature.protocol.line_search[2],0.25
candidate_validation.rows[3].cache_signature.protocol.line_search[3],0.125
candidate_validation.rows[3].cache_signature.protocol.maximum_accepted_births,32
candidate_validation.rows[3].cache_signature.protocol.maximum_consecutive_no_gain,3
candidate_validation.rows[3].cache_signature.protocol.flattening_window,5
candidate_validation.rows[3].cache_signature.protocol.flattening_relative_gain,0.0002
candidate_validation.rows[3].cache_signature.protocol.minimum_births_before_flattening,8
candidate_validation.rows[3].cache_signature.protocol.candidate_bank,32
candidate_validation.rows[3].cache_signature.protocol.solo_per_stratum,2
candidate_validation.rows[3].cache_signature.protocol.candidate_rank_spearman_gate,0.2
candidate_validation.rows[3].cache_signature.protocol.relative_gain_floor,1e-07
candidate_validation.rows[3].cache_signature.protocol.geometry_relative_gain_floor,0.001
candidate_validation.rows[3].cache_signature.protocol.source_coverage_subset,65536
candidate_validation.rows[3].cache_signature.protocol.geometry_samples,16384
candidate_validation.rows[3].cache_signature.protocol.initial_preallocated_dof,0
candidate_validation.rows[3].cache_signature.protocol.support_rule,"Two levels: first half radius .45, second half .45/sqrt(2). Independent of residual."
candidate_validation.rows[3].cache_signature.protocol.optimizer,"Damped Gauss-Newton with exact accumulated CURRENT image Gram, coefficient box projection, deterministic four-trial backtracking"
candidate_validation.rows[3].cache_signature.protocol.scoring,"Full 16M source, four Full-HD views; exact image-space column norms, no stochastic norm sketch"
candidate_validation.rows[3].cache_signature.protocol.evaluation_subset,"Two top, two middle, two low non-null, two seeded random. Largest initial bounded comparison budget; overlap deduplicated and disclosed."
candidate_validation.rows[3].cache_signature.protocol.smoke_use,FD and runtime only; never headline predicted-vs-actual or birth verdicts.
candidate_validation.rows[3].candidate,8
candidate_validation.rows[3].source_proposal_id,6793036
candidate_validation.rows[3].center[0],-0.07351842161138195
candidate_validation.rows[3].center[1],0.6811820444435563
candidate_validation.rows[3].center[2],-0.728413388133049
candidate_validation.rows[3].radius,0.45
candidate_validation.rows[3].alignment,0.003111618318967048
candidate_validation.rows[3].raw_alignment,0.003111618318967048
candidate_validation.rows[3].norm2,0.011794074389141375
candidate_validation.rows[3].jacobian_norm,0.10860052665222841
candidate_validation.rows[3].predicted_gain,0.00041046402416456844
candidate_validation.rows[3].actual_gain,0.00010410069733443605
candidate_validation.rows[3].geometry_improvement,0.00027867566381070685
candidate_validation.rows[3].geometry.symmetric_chamfer,0.23655435877243797
candidate_validation.rows[3].geometry.point_to_surface_mean,0.26383158745307556
candidate_validation.rows[3].geometry.point_to_surface_p95,0.5915130116930539
candidate_validation.rows[3].geometry.surface_rms,0.3261214629475682
candidate_validation.rows[3].geometry.normal_consistency,0.7031158665443071
candidate_validation.rows[3].geometry.normal_error,0.29688413345569287
candidate_validation.rows[3].geometry.regional_ear_p2s_mean,0.332557622012875
candidate_validation.rows[3].geometry.regional_head_p2s_mean,0.19319319754222766
candidate_validation.rows[3].geometry.regional_leg_p2s_mean,0.07629963738878288
candidate_validation.rows[3].geometry.regional_torso_p2s_mean,0.29715281541016475
candidate_validation.rows[3].geometry.bounds[0][0],-0.9999213884461601
candidate_validation.rows[3].geometry.bounds[0][1],-0.9999213884461601
candidate_validation.rows[3].geometry.bounds[0][2],-0.9999213884461601
candidate_validation.rows[3].geometry.bounds[1][0],0.9999214604215803
candidate_validation.rows[3].geometry.bounds[1][1],0.9999214604215803
candidate_validation.rows[3].geometry.bounds[1][2],0.9999214604215803
candidate_validation.rows[3].geometry.surface_area,12.568205464725082
candidate_validation.rows[3].geometry.components,1
candidate_validation.rows[3].geometry.maximum_outward_from_unit_sphere,0.014643494027000159
candidate_validation.rows[3].geometry.maximum_inward_from_unit_sphere,2.8567284971803275e-05
candidate_validation.rows[3].geometry.radial_deviation_p95,2.847537808459144e-05
candidate_validation.rows[3].geometry.gt_extends_outside_unit_sphere,True
candidate_validation.rows[3].geometry.gt_max_radius,1.5736361939753005
candidate_validation.rows[3].geometry.source_coverage_distance_p95,0.013473502621887587
candidate_validation.rows[3].geometry.source_coverage_distance_max,0.023808854840086276
candidate_validation.rows[3].geometry.source_coverage_samples,65536
candidate_validation.rows[3].geometry.geometry_seconds,0.41334127611480653
candidate_validation.rows[3].geometry.geometry_path,runs/v090_matched_birth/geometry/globe_solo_8.ply
candidate_validation.rows[3].geometry.geometry_target,"MC approximation of prepared.gt_field, evaluation only; existing P2S/Chamfer definitions. Current normals updated at every evaluation."
candidate_validation.rows[3].coefficient,-0.03
candidate_validation.rows[3].affected_views,3
candidate_validation.rows[3].affected_pixels,173464
candidate_validation.rows[3].optimization.accepted,True
candidate_validation.rows[3].optimization.linear_solver_failures,0
candidate_validation.rows[3].optimization.line_search_failures,0
candidate_validation.rows[3].optimization.trials[0].alpha,1.0
candidate_validation.rows[3].optimization.trials[0].loss,0.06321529859439505
candidate_validation.rows[3].optimization.trials[0].coefficient[0],-0.03
candidate_validation.rows[3].optimization.trials[0].timing.signature.config_digest,62ca4976cb787bbdbc3fd85b82677cf3aaa45a383158d798e34cfdd3b30c3861
candidate_validation.rows[3].optimization.trials[0].timing.signature.field_digest,11162da077d54597700e705723b34acb147f47c44095818ea0b0ecb554a3fc55
candidate_validation.rows[3].optimization.trials[0].timing.signature.count,16777216
candidate_validation.rows[3].optimization.trials[0].timing.signature.seed,101
candidate_validation.rows[3].optimization.trials[0].timing.signature.operator_version,v0817_CURRENT_fixed_measure_C3
candidate_validation.rows[3].optimization.trials[0].timing.signature.shape[0],4
candidate_validation.rows[3].optimization.trials[0].timing.signature.shape[1],1080
candidate_validation.rows[3].optimization.trials[0].timing.signature.shape[2],1920
candidate_validation.rows[3].optimization.trials[0].timing.signature.shape[3],3
candidate_validation.rows[3].optimization.trials[0].timing.signature.dtype,float32
candidate_validation.rows[3].optimization.trials[0].timing.signature.source_digest,e9a0305b3ed0de34bf755a1f588cd96b3f0913d79827dc0c89908e88e8dfbd53
candidate_validation.rows[3].optimization.trials[0].timing.signature.centers,2220063a02ed67eb68e217cf48003f51f5c2fc948fbfc16e398c68a7ee6f6105
candidate_validation.rows[3].optimization.trials[0].timing.signature.radii,500422ba227b370015d9b5df0292a47b0c4583c0ac88770bbc6297daa8289a1d
candidate_validation.rows[3].optimization.trials[0].timing.signature.coefficients,266aa009a714364728e145cc605c31bdcf1011b5083cfb6f89f3fd5bc7d78909
candidate_validation.rows[3].optimization.trials[0].timing.source_seconds,56.31618405599147
candidate_validation.rows[3].optimization.trials[0].timing.transport_seconds,187.89008809113875
candidate_validation.rows[3].optimization.trials[0].timing.detector_seconds,81.56201073108241
candidate_validation.rows[3].optimization.trials[0].timing.total_seconds,325.81195049197413
candidate_validation.rows[3].optimization.trials[0].timing.peak_cuda_allocated_mib,450.91845703125
candidate_validation.rows[3].optimization.trials[0].timing.peak_cuda_reserved_mib,2192.0
candidate_validation.rows[3].optimization.trials[0].timing.cpu_rss_peak_mib,9713.65234375
candidate_validation.rows[3].optimization.trials[0].timing.energy_accounting[0].view,0
candidate_validation.rows[3].optimization.trials[0].timing.energy_accounting[0].input_energy,0.5838466185236147
candidate_validation.rows[3].optimization.trials[0].timing.energy_accounting[0].detected_energy,0.5838463451829913
candidate_validation.rows[3].optimization.trials[0].timing.energy_accounting[0].relative_energy_difference,4.6817197324899497e-07
candidate_validation.rows[3].optimization.trials[0].timing.energy_accounting[0].projected_count_sum,16777170.342852151
candidate_validation.rows[3].optimization.trials[0].timing.energy_accounting[0].boundary_checked,True
candidate_validation.rows[3].optimization.trials[0].timing.energy_accounting[0].boundary_lost_energy,0.0
candidate_validation.rows[3].optimization.trials[0].timing.energy_accounting[0].expected_in_window_energy,0.5838466185236147
candidate_validation.rows[3].optimization.trials[0].timing.energy_accounting[0].numerical_energy_relative_error,4.6817197324899497e-07
candidate_validation.rows[3].optimization.trials[0].timing.energy_accounting[1].view,1
candidate_validation.rows[3].optimization.trials[0].timing.energy_accounting[1].input_energy,0.4454762527469424
candidate_validation.rows[3].optimization.trials[0].timing.energy_accounting[1].detected_energy,0.4454760208858679
candidate_validation.rows[3].optimization.trials[0].timing.energy_accounting[1].relative_energy_difference,5.204790896864926e-07
candidate_validation.rows[3].optimization.trials[0].timing.energy_accounting[1].projected_count_sum,16777170.04021364
candidate_validation.rows[3].optimization.trials[0].timing.energy_accounting[1].boundary_checked,True
candidate_validation.rows[3].optimization.trials[0].timing.energy_accounting[1].boundary_lost_energy,0.0
candidate_validation.rows[3].optimization.trials[0].timing.energy_accounting[1].expected_in_window_energy,0.4454762527469424
candidate_validation.rows[3].optimization.trials[0].timing.energy_accounting[1].numerical_energy_relative_error,5.204790896864926e-07
candidate_validation.rows[3].optimization.trials[0].timing.energy_accounting[2].view,2
candidate_validation.rows[3].optimization.trials[0].timing.energy_accounting[2].input_energy,0.5427748447398406
candidate_validation.rows[3].optimization.trials[0].timing.energy_accounting[2].detected_energy,0.5427745815291556
candidate_validation.rows[3].optimization.trials[0].timing.energy_accounting[2].relative_energy_difference,4.849353052673037e-07
candidate_validation.rows[3].optimization.trials[0].timing.energy_accounting[2].projected_count_sum,16777170.28181593
candidate_validation.rows[3].optimization.trials[0].timing.energy_accounting[2].boundary_checked,True
candidate_validation.rows[3].optimization.trials[0].timing.energy_accounting[2].boundary_lost_energy,0.0
candidate_validation.rows[3].optimization.trials[0].timing.energy_accounting[2].expected_in_window_energy,0.5427748447398406
candidate_validation.rows[3].optimization.trials[0].timing.energy_accounting[2].numerical_energy_relative_error,4.849353052673037e-07
candidate_validation.rows[3].optimization.trials[0].timing.energy_accounting[3].view,3
candidate_validation.rows[3].optimization.trials[0].timing.energy_accounting[3].input_energy,0.46006899321497086
candidate_validation.rows[3].optimization.trials[0].timing.energy_accounting[3].detected_energy,0.4600687576547081
candidate_validation.rows[3].optimization.trials[0].timing.energy_accounting[3].relative_energy_difference,5.120107336382026e-07
candidate_validation.rows[3].optimization.trials[0].timing.energy_accounting[3].projected_count_sum,16777170.33957057
candidate_validation.rows[3].optimization.trials[0].timing.energy_accounting[3].boundary_checked,True
candidate_validation.rows[3].optimization.trials[0].timing.energy_accounting[3].boundary_lost_energy,0.0
candidate_validation.rows[3].optimization.trials[0].timing.energy_accounting[3].expected_in_window_energy,0.46006899321497086
candidate_validation.rows[3].optimization.trials[0].timing.energy_accounting[3].numerical_energy_relative_error,5.120107336382026e-07
candidate_validation.rows[3].optimization.trials[0].timing.root_failures,0
candidate_validation.rows[3].optimization.trials[0].timing.attachment_residual_max,6.661338147750939e-16
candidate_validation.rows[3].optimization.trials[0].timing.maximum_displacement,0.014740689971239673
candidate_validation.rows[3].optimization.trials[0].timing.image_digest,ecfaf55ace93642f1d1d4269c86fc12062f00bb3e5fb62395432f6b84f3243dc
candidate_validation.rows[3].optimization.trials[0].timing.state_persisted,False
candidate_validation.rows[3].optimization.trials[0].finite,True
candidate_validation.rows[3].optimization.realized_gain,0.00010410069733443605
candidate_validation.rows[3].optimization.coefficient_limit_hits,1
candidate_validation.rows[3].optimization.seconds,328.10557348583825
candidate_validation.rows[3].baseline_identical,True
candidate_validation.rows[3].coefficient_initialized_at_zero,True
candidate_validation.rows[3].birth_source_mass_change,0.0
candidate_validation.rows[3].image_path,runs/v090_matched_birth/globe_solo_8_trial0.npy
candidate_validation.rows[4].cache_signature.scoring_signature.config,62ca4976cb787bbdbc3fd85b82677cf3aaa45a383158d798e34cfdd3b30c3861
candidate_validation.rows[4].cache_signature.scoring_signature.field,11162da077d54597700e705723b34acb147f47c44095818ea0b0ecb554a3fc55
candidate_validation.rows[4].cache_signature.scoring_signature.source,e9a0305b3ed0de34bf755a1f588cd96b3f0913d79827dc0c89908e88e8dfbd53
candidate_validation.rows[4].cache_signature.scoring_signature.current_positions,e9a0305b3ed0de34bf755a1f588cd96b3f0913d79827dc0c89908e88e8dfbd53
candidate_validation.rows[4].cache_signature.scoring_signature.coefficients,e3b0c44298fc1c149afbf4c8996fb92427ae41e4649b934ca495991b7852b855
candidate_validation.rows[4].cache_signature.scoring_signature.active_centers,e3b0c44298fc1c149afbf4c8996fb92427ae41e4649b934ca495991b7852b855
candidate_validation.rows[4].cache_signature.scoring_signature.active_radii,e3b0c44298fc1c149afbf4c8996fb92427ae41e4649b934ca495991b7852b855
candidate_validation.rows[4].cache_signature.scoring_signature.proposals,7bdb9dc6a54057730e1e9712c706845ef11a324e55216d25cdc70b12527cb245
candidate_validation.rows[4].cache_signature.scoring_signature.proposal_radii,4f3c9fd1d9f39c2198a52e44ed1ecb7086e38ec0b80db30f6da6369dc9da283e
candidate_validation.rows[4].cache_signature.scoring_signature.target,5701b51c2733f9b1e819667378c06f5aa6fbe697821dd4db02d5d97c0b6351bd
candidate_validation.rows[4].cache_signature.scoring_signature.image,f7e7e51b114efc85f9ec2e44f793fb90a88c5e36b8013ea295e8c29bcc83e61e
candidate_validation.rows[4].cache_signature.scoring_signature.count,16777216
candidate_validation.rows[4].cache_signature.scoring_signature.shape[0],4
candidate_validation.rows[4].cache_signature.scoring_signature.shape[1],1080
candidate_validation.rows[4].cache_signature.scoring_signature.shape[2],1920
candidate_validation.rows[4].cache_signature.scoring_signature.shape[3],3
candidate_validation.rows[4].cache_signature.scoring_signature.dtype,float32 image columns / float64 reductions
candidate_validation.rows[4].cache_signature.scoring_signature.seed,90
candidate_validation.rows[4].cache_signature.scoring_signature.operator_version,v0817_CURRENT_fixed_measure_C3
candidate_validation.rows[4].cache_signature.candidate,13
candidate_validation.rows[4].cache_signature.protocol.damping,1e-07
candidate_validation.rows[4].cache_signature.protocol.coefficient_limit,0.03
candidate_validation.rows[4].cache_signature.protocol.optimization_steps,1
candidate_validation.rows[4].cache_signature.protocol.line_search[0],1.0
candidate_validation.rows[4].cache_signature.protocol.line_search[1],0.5
candidate_validation.rows[4].cache_signature.protocol.line_search[2],0.25
candidate_validation.rows[4].cache_signature.protocol.line_search[3],0.125
candidate_validation.rows[4].cache_signature.protocol.maximum_accepted_births,32
candidate_validation.rows[4].cache_signature.protocol.maximum_consecutive_no_gain,3
candidate_validation.rows[4].cache_signature.protocol.flattening_window,5
candidate_validation.rows[4].cache_signature.protocol.flattening_relative_gain,0.0002
candidate_validation.rows[4].cache_signature.protocol.minimum_births_before_flattening,8
candidate_validation.rows[4].cache_signature.protocol.candidate_bank,32
candidate_validation.rows[4].cache_signature.protocol.solo_per_stratum,2
candidate_validation.rows[4].cache_signature.protocol.candidate_rank_spearman_gate,0.2
candidate_validation.rows[4].cache_signature.protocol.relative_gain_floor,1e-07
candidate_validation.rows[4].cache_signature.protocol.geometry_relative_gain_floor,0.001
candidate_validation.rows[4].cache_signature.protocol.source_coverage_subset,65536
candidate_validation.rows[4].cache_signature.protocol.geometry_samples,16384
candidate_validation.rows[4].cache_signature.protocol.initial_preallocated_dof,0
candidate_validation.rows[4].cache_signature.protocol.support_rule,"Two levels: first half radius .45, second half .45/sqrt(2). Independent of residual."
candidate_validation.rows[4].cache_signature.protocol.optimizer,"Damped Gauss-Newton with exact accumulated CURRENT image Gram, coefficient box projection, deterministic four-trial backtracking"
candidate_validation.rows[4].cache_signature.protocol.scoring,"Full 16M source, four Full-HD views; exact image-space column norms, no stochastic norm sketch"
candidate_validation.rows[4].cache_signature.protocol.evaluation_subset,"Two top, two middle, two low non-null, two seeded random. Largest initial bounded comparison budget; overlap deduplicated and disclosed."
candidate_validation.rows[4].cache_signature.protocol.smoke_use,FD and runtime only; never headline predicted-vs-actual or birth verdicts.
candidate_validation.rows[4].candidate,13
candidate_validation.rows[4].source_proposal_id,7198810
candidate_validation.rows[4].center[0],-0.4191080090625585
candidate_validation.rows[4].center[1],0.8490818547885559
candidate_validation.rows[4].center[2],0.3215718902647495
candidate_validation.rows[4].radius,0.45
candidate_validation.rows[4].alignment,2.4577452185375954e-05
candidate_validation.rows[4].raw_alignment,2.4577452185375954e-05
candidate_validation.rows[4].norm2,0.007927653935353485
candidate_validation.rows[4].jacobian_norm,0.08903737381208796
candidate_validation.rows[4].predicted_gain,3.809724424156889e-08
candidate_validation.rows[4].actual_gain,5.814515978419532e-08
candidate_validation.rows[4].geometry_improvement,-0.00013949164194415609
candidate_validation.rows[4].geometry.symmetric_chamfer,0.23697252607819283
candidate_validation.rows[4].geometry.point_to_surface_mean,0.26463818548021023
candidate_validation.rows[4].geometry.point_to_surface_p95,0.5934982082429733
candidate_validation.rows[4].geometry.surface_rms,0.32621639808728986
candidate_validation.rows[4].geometry.normal_consistency,0.702228683502375
candidate_validation.rows[4].geometry.normal_error,0.297771316497625
candidate_validation.rows[4].geometry.regional_ear_p2s_mean,0.3323755436807601
candidate_validation.rows[4].geometry.regional_head_p2s_mean,0.19448386833019835
candidate_validation.rows[4].geometry.regional_leg_p2s_mean,0.07938412879510985
candidate_validation.rows[4].geometry.regional_torso_p2s_mean,0.29757015319097574
candidate_validation.rows[4].geometry.bounds[0][0],-0.9999213884461601
candidate_validation.rows[4].geometry.bounds[0][1],-0.9999213884461601
candidate_validation.rows[4].geometry.bounds[0][2],-0.9999213884461601
candidate_validation.rows[4].geometry.bounds[1][0],0.9999214604215803
candidate_validation.rows[4].geometry.bounds[1][1],0.9999214604215803
candidate_validation.rows[4].geometry.bounds[1][2],0.9999214604215803
candidate_validation.rows[4].geometry.surface_area,12.5654597196364
candidate_validation.rows[4].geometry.components,1
candidate_validation.rows[4].geometry.maximum_outward_from_unit_sphere,0.001537812094959845
candidate_validation.rows[4].geometry.maximum_inward_from_unit_sphere,2.8567284971803275e-05
candidate_validation.rows[4].geometry.radial_deviation_p95,2.8457117848490476e-05
candidate_validation.rows[4].geometry.gt_extends_outside_unit_sphere,True
candidate_validation.rows[4].geometry.gt_max_radius,1.5736361939753005
candidate_validation.rows[4].geometry.source_coverage_distance_p95,0.01351105344380937
candidate_validation.rows[4].geometry.source_coverage_distance_max,0.023286412727684468
candidate_validation.rows[4].geometry.source_coverage_samples,65536
candidate_validation.rows[4].geometry.geometry_seconds,0.41693929280154407
candidate_validation.rows[4].geometry.geometry_path,runs/v090_matched_birth/geometry/globe_solo_13.ply
candidate_validation.rows[4].geometry.geometry_target,"MC approximation of prepared.gt_field, evaluation only; existing P2S/Chamfer definitions. Current normals updated at every evaluation."
candidate_validation.rows[4].coefficient,-0.00310017848507808
candidate_validation.rows[4].affected_views,2
candidate_validation.rows[4].affected_pixels,182929
candidate_validation.rows[4].optimization.accepted,True
candidate_validation.rows[4].optimization.linear_solver_failures,0
candidate_validation.rows[4].optimization.line_search_failures,0
candidate_validation.rows[4].optimization.trials[0].alpha,1.0
candidate_validation.rows[4].optimization.trials[0].loss,0.0633193411465697
candidate_validation.rows[4].optimization.trials[0].coefficient[0],-0.00310017848507808
candidate_validation.rows[4].optimization.trials[0].timing.signature.config_digest,62ca4976cb787bbdbc3fd85b82677cf3aaa45a383158d798e34cfdd3b30c3861
candidate_validation.rows[4].optimization.trials[0].timing.signature.field_digest,11162da077d54597700e705723b34acb147f47c44095818ea0b0ecb554a3fc55
candidate_validation.rows[4].optimization.trials[0].timing.signature.count,16777216
candidate_validation.rows[4].optimization.trials[0].timing.signature.seed,101
candidate_validation.rows[4].optimization.trials[0].timing.signature.operator_version,v0817_CURRENT_fixed_measure_C3
candidate_validation.rows[4].optimization.trials[0].timing.signature.shape[0],4
candidate_validation.rows[4].optimization.trials[0].timing.signature.shape[1],1080
candidate_validation.rows[4].optimization.trials[0].timing.signature.shape[2],1920
candidate_validation.rows[4].optimization.trials[0].timing.signature.shape[3],3
candidate_validation.rows[4].optimization.trials[0].timing.signature.dtype,float32
candidate_validation.rows[4].optimization.trials[0].timing.signature.source_digest,e9a0305b3ed0de34bf755a1f588cd96b3f0913d79827dc0c89908e88e8dfbd53
candidate_validation.rows[4].optimization.trials[0].timing.signature.centers,747803443cf377e18e4cf9925118a5048c896b22bbcab028dd1af711b10c15f6
candidate_validation.rows[4].optimization.trials[0].timing.signature.radii,500422ba227b370015d9b5df0292a47b0c4583c0ac88770bbc6297daa8289a1d
candidate_validation.rows[4].optimization.trials[0].timing.signature.coefficients,da4e9ac52a153195e6c05f45c7490c1fb07366946a6f28538d93653fce3c2730
candidate_validation.rows[4].optimization.trials[0].timing.source_seconds,56.39897693693638
candidate_validation.rows[4].optimization.trials[0].timing.transport_seconds,189.21016717795283
candidate_validation.rows[4].optimization.trials[0].timing.detector_seconds,80.7179029979743
candidate_validation.rows[4].optimization.trials[0].timing.total_seconds,326.36992223886773
candidate_validation.rows[4].optimization.trials[0].timing.peak_cuda_allocated_mib,450.91845703125
candidate_validation.rows[4].optimization.trials[0].timing.peak_cuda_reserved_mib,2192.0
candidate_validation.rows[4].optimization.trials[0].timing.cpu_rss_peak_mib,9719.375
candidate_validation.rows[4].optimization.trials[0].timing.energy_accounting[0].view,0
candidate_validation.rows[4].optimization.trials[0].timing.energy_accounting[0].input_energy,0.5846795133109289
candidate_validation.rows[4].optimization.trials[0].timing.energy_accounting[0].detected_energy,0.5846792394186867
candidate_validation.rows[4].optimization.trials[0].timing.energy_accounting[0].relative_energy_difference,4.684485021009738e-07
candidate_validation.rows[4].optimization.trials[0].timing.energy_accounting[0].projected_count_sum,16777170.380585032
candidate_validation.rows[4].optimization.trials[0].timing.energy_accounting[0].boundary_checked,True
candidate_validation.rows[4].optimization.trials[0].timing.energy_accounting[0].boundary_lost_energy,0.0
candidate_validation.rows[4].optimization.trials[0].timing.energy_accounting[0].expected_in_window_energy,0.5846795133109289
candidate_validation.rows[4].optimization.trials[0].timing.energy_accounting[0].numerical_energy_relative_error,4.684485021009738e-07
candidate_validation.rows[4].optimization.trials[0].timing.energy_accounting[1].view,1
candidate_validation.rows[4].optimization.trials[0].timing.energy_accounting[1].input_energy,0.4453714053145271
candidate_validation.rows[4].optimization.trials[0].timing.energy_accounting[1].detected_energy,0.44537117419642236
candidate_validation.rows[4].optimization.trials[0].timing.energy_accounting[1].relative_energy_difference,5.189334160377327e-07
candidate_validation.rows[4].optimization.trials[0].timing.energy_accounting[1].projected_count_sum,16777170.35712385
candidate_validation.rows[4].optimization.trials[0].timing.energy_accounting[1].boundary_checked,True
candidate_validation.rows[4].optimization.trials[0].timing.energy_accounting[1].boundary_lost_energy,0.0
candidate_validation.rows[4].optimization.trials[0].timing.energy_accounting[1].expected_in_window_energy,0.4453714053145271
candidate_validation.rows[4].optimization.trials[0].timing.energy_accounting[1].numerical_energy_relative_error,5.189334160377327e-07
candidate_validation.rows[4].optimization.trials[0].timing.energy_accounting[2].view,2
candidate_validation.rows[4].optimization.trials[0].timing.energy_accounting[2].input_energy,0.5434605113624063
candidate_validation.rows[4].optimization.trials[0].timing.energy_accounting[2].detected_energy,0.5434602477653733
candidate_validation.rows[4].optimization.trials[0].timing.energy_accounting[2].relative_energy_difference,4.850343814643373e-07
candidate_validation.rows[4].optimization.trials[0].timing.energy_accounting[2].projected_count_sum,16777170.302479642
candidate_validation.rows[4].optimization.trials[0].timing.energy_accounting[2].boundary_checked,True
candidate_validation.rows[4].optimization.trials[0].timing.energy_accounting[2].boundary_lost_energy,0.0
candidate_validation.rows[4].optimization.trials[0].timing.energy_accounting[2].expected_in_window_energy,0.5434605113624063
candidate_validation.rows[4].optimization.trials[0].timing.energy_accounting[2].numerical_energy_relative_error,4.850343814643373e-07
candidate_validation.rows[4].optimization.trials[0].timing.energy_accounting[3].view,3
candidate_validation.rows[4].optimization.trials[0].timing.energy_accounting[3].input_energy,0.46006899321497086
candidate_validation.rows[4].optimization.trials[0].timing.energy_accounting[3].detected_energy,0.46006875765493077
candidate_validation.rows[4].optimization.trials[0].timing.energy_accounting[3].relative_energy_difference,5.120102496776861e-07
candidate_validation.rows[4].optimization.trials[0].timing.energy_accounting[3].projected_count_sum,16777170.336302528
candidate_validation.rows[4].optimization.trials[0].timing.energy_accounting[3].boundary_checked,True
candidate_validation.rows[4].optimization.trials[0].timing.energy_accounting[3].boundary_lost_energy,0.0
candidate_validation.rows[4].optimization.trials[0].timing.energy_accounting[3].expected_in_window_energy,0.46006899321497086
candidate_validation.rows[4].optimization.trials[0].timing.energy_accounting[3].numerical_energy_relative_error,5.120102496776861e-07
candidate_validation.rows[4].optimization.trials[0].timing.root_failures,0
candidate_validation.rows[4].optimization.trials[0].timing.attachment_residual_max,6.661338147750939e-16
candidate_validation.rows[4].optimization.trials[0].timing.maximum_displacement,0.0015487076562098019
candidate_validation.rows[4].optimization.trials[0].timing.image_digest,9c1bba1a407327097151b4a88d19270205afec616b2d601cfffa7d67bd9508f3
candidate_validation.rows[4].optimization.trials[0].timing.state_persisted,False
candidate_validation.rows[4].optimization.trials[0].finite,True
candidate_validation.rows[4].optimization.realized_gain,5.814515978419532e-08
candidate_validation.rows[4].optimization.coefficient_limit_hits,0
candidate_validation.rows[4].optimization.seconds,328.56298109400086
candidate_validation.rows[4].baseline_identical,True
candidate_validation.rows[4].coefficient_initialized_at_zero,True
candidate_validation.rows[4].birth_source_mass_change,0.0
candidate_validation.rows[4].image_path,runs/v090_matched_birth/globe_solo_13_trial0.npy
candidate_validation.rows[5].cache_signature.scoring_signature.config,62ca4976cb787bbdbc3fd85b82677cf3aaa45a383158d798e34cfdd3b30c3861
candidate_validation.rows[5].cache_signature.scoring_signature.field,11162da077d54597700e705723b34acb147f47c44095818ea0b0ecb554a3fc55
candidate_validation.rows[5].cache_signature.scoring_signature.source,e9a0305b3ed0de34bf755a1f588cd96b3f0913d79827dc0c89908e88e8dfbd53
candidate_validation.rows[5].cache_signature.scoring_signature.current_positions,e9a0305b3ed0de34bf755a1f588cd96b3f0913d79827dc0c89908e88e8dfbd53
candidate_validation.rows[5].cache_signature.scoring_signature.coefficients,e3b0c44298fc1c149afbf4c8996fb92427ae41e4649b934ca495991b7852b855
candidate_validation.rows[5].cache_signature.scoring_signature.active_centers,e3b0c44298fc1c149afbf4c8996fb92427ae41e4649b934ca495991b7852b855
candidate_validation.rows[5].cache_signature.scoring_signature.active_radii,e3b0c44298fc1c149afbf4c8996fb92427ae41e4649b934ca495991b7852b855
candidate_validation.rows[5].cache_signature.scoring_signature.proposals,7bdb9dc6a54057730e1e9712c706845ef11a324e55216d25cdc70b12527cb245
candidate_validation.rows[5].cache_signature.scoring_signature.proposal_radii,4f3c9fd1d9f39c2198a52e44ed1ecb7086e38ec0b80db30f6da6369dc9da283e
candidate_validation.rows[5].cache_signature.scoring_signature.target,5701b51c2733f9b1e819667378c06f5aa6fbe697821dd4db02d5d97c0b6351bd
candidate_validation.rows[5].cache_signature.scoring_signature.image,f7e7e51b114efc85f9ec2e44f793fb90a88c5e36b8013ea295e8c29bcc83e61e
candidate_validation.rows[5].cache_signature.scoring_signature.count,16777216
candidate_validation.rows[5].cache_signature.scoring_signature.shape[0],4
candidate_validation.rows[5].cache_signature.scoring_signature.shape[1],1080
candidate_validation.rows[5].cache_signature.scoring_signature.shape[2],1920
candidate_validation.rows[5].cache_signature.scoring_signature.shape[3],3
candidate_validation.rows[5].cache_signature.scoring_signature.dtype,float32 image columns / float64 reductions
candidate_validation.rows[5].cache_signature.scoring_signature.seed,90
candidate_validation.rows[5].cache_signature.scoring_signature.operator_version,v0817_CURRENT_fixed_measure_C3
candidate_validation.rows[5].cache_signature.candidate,15
candidate_validation.rows[5].cache_signature.protocol.damping,1e-07
candidate_validation.rows[5].cache_signature.protocol.coefficient_limit,0.03
candidate_validation.rows[5].cache_signature.protocol.optimization_steps,1
candidate_validation.rows[5].cache_signature.protocol.line_search[0],1.0
candidate_validation.rows[5].cache_signature.protocol.line_search[1],0.5
candidate_validation.rows[5].cache_signature.protocol.line_search[2],0.25
candidate_validation.rows[5].cache_signature.protocol.line_search[3],0.125
candidate_validation.rows[5].cache_signature.protocol.maximum_accepted_births,32
candidate_validation.rows[5].cache_signature.protocol.maximum_consecutive_no_gain,3
candidate_validation.rows[5].cache_signature.protocol.flattening_window,5
candidate_validation.rows[5].cache_signature.protocol.flattening_relative_gain,0.0002
candidate_validation.rows[5].cache_signature.protocol.minimum_births_before_flattening,8
candidate_validation.rows[5].cache_signature.protocol.candidate_bank,32
candidate_validation.rows[5].cache_signature.protocol.solo_per_stratum,2
candidate_validation.rows[5].cache_signature.protocol.candidate_rank_spearman_gate,0.2
candidate_validation.rows[5].cache_signature.protocol.relative_gain_floor,1e-07
candidate_validation.rows[5].cache_signature.protocol.geometry_relative_gain_floor,0.001
candidate_validation.rows[5].cache_signature.protocol.source_coverage_subset,65536
candidate_validation.rows[5].cache_signature.protocol.geometry_samples,16384
candidate_validation.rows[5].cache_signature.protocol.initial_preallocated_dof,0
candidate_validation.rows[5].cache_signature.protocol.support_rule,"Two levels: first half radius .45, second half .45/sqrt(2). Independent of residual."
candidate_validation.rows[5].cache_signature.protocol.optimizer,"Damped Gauss-Newton with exact accumulated CURRENT image Gram, coefficient box projection, deterministic four-trial backtracking"
candidate_validation.rows[5].cache_signature.protocol.scoring,"Full 16M source, four Full-HD views; exact image-space column norms, no stochastic norm sketch"
candidate_validation.rows[5].cache_signature.protocol.evaluation_subset,"Two top, two middle, two low non-null, two seeded random. Largest initial bounded comparison budget; overlap deduplicated and disclosed."
candidate_validation.rows[5].cache_signature.protocol.smoke_use,FD and runtime only; never headline predicted-vs-actual or birth verdicts.
candidate_validation.rows[5].candidate,15
candidate_validation.rows[5].source_proposal_id,13737635
candidate_validation.rows[5].center[0],0.7197659902789442
candidate_validation.rows[5].center[1],-0.40843603714215304
candidate_validation.rows[5].center[2],-0.5613527614623308
candidate_validation.rows[5].radius,0.45
candidate_validation.rows[5].alignment,-6.006666774872101e-05
candidate_validation.rows[5].raw_alignment,6.006666774872101e-05
candidate_validation.rows[5].norm2,0.045637960401298416
candidate_validation.rows[5].jacobian_norm,0.21363042948348537
candidate_validation.rows[5].predicted_gain,3.952846092395057e-08
candidate_validation.rows[5].actual_gain,8.030780117296299e-08
candidate_validation.rows[5].geometry_improvement,-0.00030444456069186887
candidate_validation.rows[5].geometry.symmetric_chamfer,0.23713747899694054
candidate_validation.rows[5].geometry.point_to_surface_mean,0.2650012037839225
candidate_validation.rows[5].geometry.point_to_surface_p95,0.5926856460929649
candidate_validation.rows[5].geometry.surface_rms,0.3267741082150382
candidate_validation.rows[5].geometry.normal_consistency,0.7024921981092496
candidate_validation.rows[5].geometry.normal_error,0.29750780189075043
candidate_validation.rows[5].geometry.regional_ear_p2s_mean,0.33201341383443095
candidate_validation.rows[5].geometry.regional_head_p2s_mean,0.19259769033846968
candidate_validation.rows[5].geometry.regional_leg_p2s_mean,0.07860206960835181
candidate_validation.rows[5].geometry.regional_torso_p2s_mean,0.29921488590434475
candidate_validation.rows[5].geometry.bounds[0][0],-0.9999213884461601
candidate_validation.rows[5].geometry.bounds[0][1],-0.9999213884461601
candidate_validation.rows[5].geometry.bounds[0][2],-0.9999213884461601
candidate_validation.rows[5].geometry.bounds[1][0],0.9999214604215803
candidate_validation.rows[5].geometry.bounds[1][1],0.9999214604215803
candidate_validation.rows[5].geometry.bounds[1][2],0.9999214604215803
candidate_validation.rows[5].geometry.surface_area,12.565055820031784
candidate_validation.rows[5].geometry.components,1
candidate_validation.rows[5].geometry.maximum_outward_from_unit_sphere,0.0
candidate_validation.rows[5].geometry.maximum_inward_from_unit_sphere,0.0006831571766366951
candidate_validation.rows[5].geometry.radial_deviation_p95,2.84711914316782e-05
candidate_validation.rows[5].geometry.gt_extends_outside_unit_sphere,True
candidate_validation.rows[5].geometry.gt_max_radius,1.5736361939753005
candidate_validation.rows[5].geometry.source_coverage_distance_p95,0.013449463854124074
candidate_validation.rows[5].geometry.source_coverage_distance_max,0.024179880944375075
candidate_validation.rows[5].geometry.source_coverage_samples,65536
candidate_validation.rows[5].geometry.geometry_seconds,0.40989631693810225
candidate_validation.rows[5].geometry.geometry_path,runs/v090_matched_birth/geometry/globe_solo_15.ply
candidate_validation.rows[5].geometry.geometry_target,"MC approximation of prepared.gt_field, evaluation only; existing P2S/Chamfer definitions. Current normals updated at every evaluation."
candidate_validation.rows[5].coefficient,0.0013161529482311675
candidate_validation.rows[5].affected_views,3
candidate_validation.rows[5].affected_pixels,205874
candidate_validation.rows[5].optimization.accepted,True
candidate_validation.rows[5].optimization.linear_solver_failures,0
candidate_validation.rows[5].optimization.line_search_failures,0
candidate_validation.rows[5].optimization.trials[0].alpha,1.0
candidate_validation.rows[5].optimization.trials[0].loss,0.06331931898392831
candidate_validation.rows[5].optimization.trials[0].coefficient[0],0.0013161529482311675
candidate_validation.rows[5].optimization.trials[0].timing.signature.config_digest,62ca4976cb787bbdbc3fd85b82677cf3aaa45a383158d798e34cfdd3b30c3861
candidate_validation.rows[5].optimization.trials[0].timing.signature.field_digest,11162da077d54597700e705723b34acb147f47c44095818ea0b0ecb554a3fc55
candidate_validation.rows[5].optimization.trials[0].timing.signature.count,16777216
candidate_validation.rows[5].optimization.trials[0].timing.signature.seed,101
candidate_validation.rows[5].optimization.trials[0].timing.signature.operator_version,v0817_CURRENT_fixed_measure_C3
candidate_validation.rows[5].optimization.trials[0].timing.signature.shape[0],4
candidate_validation.rows[5].optimization.trials[0].timing.signature.shape[1],1080
candidate_validation.rows[5].optimization.trials[0].timing.signature.shape[2],1920
candidate_validation.rows[5].optimization.trials[0].timing.signature.shape[3],3
candidate_validation.rows[5].optimization.trials[0].timing.signature.dtype,float32
candidate_validation.rows[5].optimization.trials[0].timing.signature.source_digest,e9a0305b3ed0de34bf755a1f588cd96b3f0913d79827dc0c89908e88e8dfbd53
candidate_validation.rows[5].optimization.trials[0].timing.signature.centers,163d9491974f5f543c11f6e1007424a9e13c6e9fdcc71d2517259e510598667e
candidate_validation.rows[5].optimization.trials[0].timing.signature.radii,500422ba227b370015d9b5df0292a47b0c4583c0ac88770bbc6297daa8289a1d
candidate_validation.rows[5].optimization.trials[0].timing.signature.coefficients,1d665574aedce9573a481f15028f18b520c824ffe1d4282291b9d731269e0b8b
candidate_validation.rows[5].optimization.trials[0].timing.source_seconds,57.057336817029864
candidate_validation.rows[5].optimization.trials[0].timing.transport_seconds,196.84755035606213
candidate_validation.rows[5].optimization.trials[0].timing.detector_seconds,80.39872903819196
candidate_validation.rows[5].optimization.trials[0].timing.total_seconds,334.34869763604365
candidate_validation.rows[5].optimization.trials[0].timing.peak_cuda_allocated_mib,450.91845703125
candidate_validation.rows[5].optimization.trials[0].timing.peak_cuda_reserved_mib,2192.0
candidate_validation.rows[5].optimization.trials[0].timing.cpu_rss_peak_mib,9753.40625
candidate_validation.rows[5].optimization.trials[0].timing.energy_accounting[0].view,0
candidate_validation.rows[5].optimization.trials[0].timing.energy_accounting[0].input_energy,0.5847253379942284
candidate_validation.rows[5].optimization.trials[0].timing.energy_accounting[0].detected_energy,0.5847250639506335
candidate_validation.rows[5].optimization.trials[0].timing.energy_accounting[0].relative_energy_difference,4.686706340926178e-07
candidate_validation.rows[5].optimization.trials[0].timing.energy_accounting[0].projected_count_sum,16777170.438615358
candidate_validation.rows[5].optimization.trials[0].timing.energy_accounting[0].boundary_checked,True
candidate_validation.rows[5].optimization.trials[0].timing.energy_accounting[0].boundary_lost_energy,0.0
candidate_validation.rows[5].optimization.trials[0].timing.energy_accounting[0].expected_in_window_energy,0.5847253379942284
candidate_validation.rows[5].optimization.trials[0].timing.energy_accounting[0].numerical_energy_relative_error,4.686706340926178e-07
candidate_validation.rows[5].optimization.trials[0].timing.energy_accounting[1].view,1
candidate_validation.rows[5].optimization.trials[0].timing.energy_accounting[1].input_energy,0.4453916861274557
candidate_validation.rows[5].optimization.trials[0].timing.energy_accounting[1].detected_energy,0.4453914550133929
candidate_validation.rows[5].optimization.trials[0].timing.energy_accounting[1].relative_energy_difference,5.189007115094684e-07
candidate_validation.rows[5].optimization.trials[0].timing.energy_accounting[1].projected_count_sum,16777170.352244284
candidate_validation.rows[5].optimization.trials[0].timing.energy_accounting[1].boundary_checked,True
candidate_validation.rows[5].optimization.trials[0].timing.energy_accounting[1].boundary_lost_energy,0.0
candidate_validation.rows[5].optimization.trials[0].timing.energy_accounting[1].expected_in_window_energy,0.4453916861274557
candidate_validation.rows[5].optimization.trials[0].timing.energy_accounting[1].numerical_energy_relative_error,5.189007115094684e-07
candidate_validation.rows[5].optimization.trials[0].timing.energy_accounting[2].view,2
candidate_validation.rows[5].optimization.trials[0].timing.energy_accounting[2].input_energy,0.5434679028118952
candidate_validation.rows[5].optimization.trials[0].timing.energy_accounting[2].detected_energy,0.5434676392790313
candidate_validation.rows[5].optimization.trials[0].timing.energy_accounting[2].relative_energy_difference,4.849097113205314e-07
candidate_validation.rows[5].optimization.trials[0].timing.energy_accounting[2].projected_count_sum,16777170.300900137
candidate_validation.rows[5].optimization.trials[0].timing.energy_accounting[2].boundary_checked,True
candidate_validation.rows[5].optimization.trials[0].timing.energy_accounting[2].boundary_lost_energy,0.0
candidate_validation.rows[5].optimization.trials[0].timing.energy_accounting[2].expected_in_window_energy,0.5434679028118952
candidate_validation.rows[5].optimization.trials[0].timing.energy_accounting[2].numerical_energy_relative_error,4.849097113205314e-07
candidate_validation.rows[5].optimization.trials[0].timing.energy_accounting[3].view,3
candidate_validation.rows[5].optimization.trials[0].timing.energy_accounting[3].input_energy,0.46009264570756786
candidate_validation.rows[5].optimization.trials[0].timing.energy_accounting[3].detected_energy,0.4600924099992822
candidate_validation.rows[5].optimization.trials[0].timing.energy_accounting[3].relative_energy_difference,5.12306136310751e-07
candidate_validation.rows[5].optimization.trials[0].timing.energy_accounting[3].projected_count_sum,16777170.347414535
candidate_validation.rows[5].optimization.trials[0].timing.energy_accounting[3].boundary_checked,True
candidate_validation.rows[5].optimization.trials[0].timing.energy_accounting[3].boundary_lost_energy,0.0
candidate_validation.rows[5].optimization.trials[0].timing.energy_accounting[3].expected_in_window_energy,0.46009264570756786
candidate_validation.rows[5].optimization.trials[0].timing.energy_accounting[3].numerical_energy_relative_error,5.12306136310751e-07
candidate_validation.rows[5].optimization.trials[0].timing.root_failures,0
candidate_validation.rows[5].optimization.trials[0].timing.attachment_residual_max,6.661338147750939e-16
candidate_validation.rows[5].optimization.trials[0].timing.maximum_displacement,0.0006582790987252928
candidate_validation.rows[5].optimization.trials[0].timing.image_digest,42d9fb72f8913ddad88c2862c7ac93cd6c2419abb1b1f8d33437b4cb6698a66c
candidate_validation.rows[5].optimization.trials[0].timing.state_persisted,False
candidate_validation.rows[5].optimization.trials[0].finite,True
candidate_validation.rows[5].optimization.realized_gain,8.030780117296299e-08
candidate_validation.rows[5].optimization.coefficient_limit_hits,0
candidate_validation.rows[5].optimization.seconds,336.53882829099894
candidate_validation.rows[5].baseline_identical,True
candidate_validation.rows[5].coefficient_initialized_at_zero,True
candidate_validation.rows[5].birth_source_mass_change,0.0
candidate_validation.rows[5].image_path,runs/v090_matched_birth/globe_solo_15_trial0.npy
candidate_validation.rows[6].cache_signature.scoring_signature.config,62ca4976cb787bbdbc3fd85b82677cf3aaa45a383158d798e34cfdd3b30c3861
candidate_validation.rows[6].cache_signature.scoring_signature.field,11162da077d54597700e705723b34acb147f47c44095818ea0b0ecb554a3fc55
candidate_validation.rows[6].cache_signature.scoring_signature.source,e9a0305b3ed0de34bf755a1f588cd96b3f0913d79827dc0c89908e88e8dfbd53
candidate_validation.rows[6].cache_signature.scoring_signature.current_positions,e9a0305b3ed0de34bf755a1f588cd96b3f0913d79827dc0c89908e88e8dfbd53
candidate_validation.rows[6].cache_signature.scoring_signature.coefficients,e3b0c44298fc1c149afbf4c8996fb92427ae41e4649b934ca495991b7852b855
candidate_validation.rows[6].cache_signature.scoring_signature.active_centers,e3b0c44298fc1c149afbf4c8996fb92427ae41e4649b934ca495991b7852b855
candidate_validation.rows[6].cache_signature.scoring_signature.active_radii,e3b0c44298fc1c149afbf4c8996fb92427ae41e4649b934ca495991b7852b855
candidate_validation.rows[6].cache_signature.scoring_signature.proposals,7bdb9dc6a54057730e1e9712c706845ef11a324e55216d25cdc70b12527cb245
candidate_validation.rows[6].cache_signature.scoring_signature.proposal_radii,4f3c9fd1d9f39c2198a52e44ed1ecb7086e38ec0b80db30f6da6369dc9da283e
candidate_validation.rows[6].cache_signature.scoring_signature.target,5701b51c2733f9b1e819667378c06f5aa6fbe697821dd4db02d5d97c0b6351bd
candidate_validation.rows[6].cache_signature.scoring_signature.image,f7e7e51b114efc85f9ec2e44f793fb90a88c5e36b8013ea295e8c29bcc83e61e
candidate_validation.rows[6].cache_signature.scoring_signature.count,16777216
candidate_validation.rows[6].cache_signature.scoring_signature.shape[0],4
candidate_validation.rows[6].cache_signature.scoring_signature.shape[1],1080
candidate_validation.rows[6].cache_signature.scoring_signature.shape[2],1920
candidate_validation.rows[6].cache_signature.scoring_signature.shape[3],3
candidate_validation.rows[6].cache_signature.scoring_signature.dtype,float32 image columns / float64 reductions
candidate_validation.rows[6].cache_signature.scoring_signature.seed,90
candidate_validation.rows[6].cache_signature.scoring_signature.operator_version,v0817_CURRENT_fixed_measure_C3
candidate_validation.rows[6].cache_signature.candidate,23
candidate_validation.rows[6].cache_signature.protocol.damping,1e-07
candidate_validation.rows[6].cache_signature.protocol.coefficient_limit,0.03
candidate_validation.rows[6].cache_signature.protocol.optimization_steps,1
candidate_validation.rows[6].cache_signature.protocol.line_search[0],1.0
candidate_validation.rows[6].cache_signature.protocol.line_search[1],0.5
candidate_validation.rows[6].cache_signature.protocol.line_search[2],0.25
candidate_validation.rows[6].cache_signature.protocol.line_search[3],0.125
candidate_validation.rows[6].cache_signature.protocol.maximum_accepted_births,32
candidate_validation.rows[6].cache_signature.protocol.maximum_consecutive_no_gain,3
candidate_validation.rows[6].cache_signature.protocol.flattening_window,5
candidate_validation.rows[6].cache_signature.protocol.flattening_relative_gain,0.0002
candidate_validation.rows[6].cache_signature.protocol.minimum_births_before_flattening,8
candidate_validation.rows[6].cache_signature.protocol.candidate_bank,32
candidate_validation.rows[6].cache_signature.protocol.solo_per_stratum,2
candidate_validation.rows[6].cache_signature.protocol.candidate_rank_spearman_gate,0.2
candidate_validation.rows[6].cache_signature.protocol.relative_gain_floor,1e-07
candidate_validation.rows[6].cache_signature.protocol.geometry_relative_gain_floor,0.001
candidate_validation.rows[6].cache_signature.protocol.source_coverage_subset,65536
candidate_validation.rows[6].cache_signature.protocol.geometry_samples,16384
candidate_validation.rows[6].cache_signature.protocol.initial_preallocated_dof,0
candidate_validation.rows[6].cache_signature.protocol.support_rule,"Two levels: first half radius .45, second half .45/sqrt(2). Independent of residual."
candidate_validation.rows[6].cache_signature.protocol.optimizer,"Damped Gauss-Newton with exact accumulated CURRENT image Gram, coefficient box projection, deterministic four-trial backtracking"
candidate_validation.rows[6].cache_signature.protocol.scoring,"Full 16M source, four Full-HD views; exact image-space column norms, no stochastic norm sketch"
candidate_validation.rows[6].cache_signature.protocol.evaluation_subset,"Two top, two middle, two low non-null, two seeded random. Largest initial bounded comparison budget; overlap deduplicated and disclosed."
candidate_validation.rows[6].cache_signature.protocol.smoke_use,FD and runtime only; never headline predicted-vs-actual or birth verdicts.
candidate_validation.rows[6].candidate,23
candidate_validation.rows[6].source_proposal_id,9354299
candidate_validation.rows[6].center[0],-0.034885304233086584
candidate_validation.rows[6].center[1],-0.6469863438572533
candidate_validation.rows[6].center[2],-0.76170314848423
candidate_validation.rows[6].radius,0.31819805153394637
candidate_validation.rows[6].alignment,-0.0010508765457865293
candidate_validation.rows[6].raw_alignment,0.0010508765457865293
candidate_validation.rows[6].norm2,0.05908499651546834
candidate_validation.rows[6].jacobian_norm,0.24307405561982204
candidate_validation.rows[6].predicted_gain,9.345347470111294e-06
candidate_validation.rows[6].actual_gain,1.5837987999894887e-05
candidate_validation.rows[6].geometry_improvement,-0.000388466311830149
candidate_validation.rows[6].geometry.symmetric_chamfer,0.23722150074807882
candidate_validation.rows[6].geometry.point_to_surface_mean,0.2651641448173803
candidate_validation.rows[6].geometry.point_to_surface_p95,0.5925965390856107
candidate_validation.rows[6].geometry.surface_rms,0.32674532361546393
candidate_validation.rows[6].geometry.normal_consistency,0.7036152526199992
candidate_validation.rows[6].geometry.normal_error,0.29638474738000076
candidate_validation.rows[6].geometry.regional_ear_p2s_mean,0.332460423867985
candidate_validation.rows[6].geometry.regional_head_p2s_mean,0.19340122236421078
candidate_validation.rows[6].geometry.regional_leg_p2s_mean,0.07994926344779468
candidate_validation.rows[6].geometry.regional_torso_p2s_mean,0.29875128836903947
candidate_validation.rows[6].geometry.bounds[0][0],-0.9999213884461601
candidate_validation.rows[6].geometry.bounds[0][1],-0.9999213884461601
candidate_validation.rows[6].geometry.bounds[0][2],-0.9999213884461601
candidate_validation.rows[6].geometry.bounds[1][0],0.9999214604215803
candidate_validation.rows[6].geometry.bounds[1][1],0.9999214604215803
candidate_validation.rows[6].geometry.bounds[1][2],0.9999214604215803
candidate_validation.rows[6].geometry.surface_area,12.56448429630341
candidate_validation.rows[6].geometry.components,1
candidate_validation.rows[6].geometry.maximum_outward_from_unit_sphere,0.0
candidate_validation.rows[6].geometry.maximum_inward_from_unit_sphere,0.008844026615045242
candidate_validation.rows[6].geometry.radial_deviation_p95,2.845247846339216e-05
candidate_validation.rows[6].geometry.gt_extends_outside_unit_sphere,True
candidate_validation.rows[6].geometry.gt_max_radius,1.5736361939753005
candidate_validation.rows[6].geometry.source_coverage_distance_p95,0.013579563701079602
candidate_validation.rows[6].geometry.source_coverage_distance_max,0.023225839204782432
candidate_validation.rows[6].geometry.source_coverage_samples,65536
candidate_validation.rows[6].geometry.geometry_seconds,0.4084174409508705
candidate_validation.rows[6].geometry.geometry_path,runs/v090_matched_birth/geometry/globe_solo_23.ply
candidate_validation.rows[6].geometry.geometry_target,"MC approximation of prepared.gt_field, evaluation only; existing P2S/Chamfer definitions. Current normals updated at every evaluation."
candidate_validation.rows[6].coefficient,0.017785814152159542
candidate_validation.rows[6].affected_views,2
candidate_validation.rows[6].affected_pixels,86488
candidate_validation.rows[6].optimization.accepted,True
candidate_validation.rows[6].optimization.linear_solver_failures,0
candidate_validation.rows[6].optimization.line_search_failures,0
candidate_validation.rows[6].optimization.trials[0].alpha,1.0
candidate_validation.rows[6].optimization.trials[0].loss,0.06330356130372959
candidate_validation.rows[6].optimization.trials[0].coefficient[0],0.017785814152159542
candidate_validation.rows[6].optimization.trials[0].timing.signature.config_digest,62ca4976cb787bbdbc3fd85b82677cf3aaa45a383158d798e34cfdd3b30c3861
candidate_validation.rows[6].optimization.trials[0].timing.signature.field_digest,11162da077d54597700e705723b34acb147f47c44095818ea0b0ecb554a3fc55
candidate_validation.rows[6].optimization.trials[0].timing.signature.count,16777216
candidate_validation.rows[6].optimization.trials[0].timing.signature.seed,101
candidate_validation.rows[6].optimization.trials[0].timing.signature.operator_version,v0817_CURRENT_fixed_measure_C3
candidate_validation.rows[6].optimization.trials[0].timing.signature.shape[0],4
candidate_validation.rows[6].optimization.trials[0].timing.signature.shape[1],1080
candidate_validation.rows[6].optimization.trials[0].timing.signature.shape[2],1920
candidate_validation.rows[6].optimization.trials[0].timing.signature.shape[3],3
candidate_validation.rows[6].optimization.trials[0].timing.signature.dtype,float32
candidate_validation.rows[6].optimization.trials[0].timing.signature.source_digest,e9a0305b3ed0de34bf755a1f588cd96b3f0913d79827dc0c89908e88e8dfbd53
candidate_validation.rows[6].optimization.trials[0].timing.signature.centers,88bb789499f1437384072a97c2b95d1e477b5b1bf97eeb3deaa466aa88a577fa
candidate_validation.rows[6].optimization.trials[0].timing.signature.radii,b3d24c0cc934ea8375654807c61c4293ba43a6e8186cadf5ca425f213eb21719
candidate_validation.rows[6].optimization.trials[0].timing.signature.coefficients,4ac161ace0d4af3bb1c04c9708f4e31705bc5035be9726d50833f2f204d9c77e
candidate_validation.rows[6].optimization.trials[0].timing.source_seconds,56.111314243869856
candidate_validation.rows[6].optimization.trials[0].timing.transport_seconds,167.49663453409448
candidate_validation.rows[6].optimization.trials[0].timing.detector_seconds,81.14565142290667
candidate_validation.rows[6].optimization.trials[0].timing.total_seconds,304.79549384396523
candidate_validation.rows[6].optimization.trials[0].timing.peak_cuda_allocated_mib,450.91845703125
candidate_validation.rows[6].optimization.trials[0].timing.peak_cuda_reserved_mib,2192.0
candidate_validation.rows[6].optimization.trials[0].timing.cpu_rss_peak_mib,9753.40625
candidate_validation.rows[6].optimization.trials[0].timing.energy_accounting[0].view,0
candidate_validation.rows[6].optimization.trials[0].timing.energy_accounting[0].input_energy,0.5847530227149199
candidate_validation.rows[6].optimization.trials[0].timing.energy_accounting[0].detected_energy,0.5847527487395293
candidate_validation.rows[6].optimization.trials[0].timing.energy_accounting[0].relative_energy_difference,4.6853180736830937e-07
candidate_validation.rows[6].optimization.trials[0].timing.energy_accounting[0].projected_count_sum,16777170.413899524
candidate_validation.rows[6].optimization.trials[0].timing.energy_accounting[0].boundary_checked,True
candidate_validation.rows[6].optimization.trials[0].timing.energy_accounting[0].boundary_lost_energy,0.0
candidate_validation.rows[6].optimization.trials[0].timing.energy_accounting[0].expected_in_window_energy,0.5847530227149199
candidate_validation.rows[6].optimization.trials[0].timing.energy_accounting[0].numerical_energy_relative_error,4.6853180736830937e-07
candidate_validation.rows[6].optimization.trials[0].timing.energy_accounting[1].view,1
candidate_validation.rows[6].optimization.trials[0].timing.energy_accounting[1].input_energy,0.4453916861274557
candidate_validation.rows[6].optimization.trials[0].timing.energy_accounting[1].detected_energy,0.44539145501333327
candidate_validation.rows[6].optimization.trials[0].timing.energy_accounting[1].relative_energy_difference,5.189008453668758e-07
candidate_validation.rows[6].optimization.trials[0].timing.energy_accounting[1].projected_count_sum,16777170.359458033
candidate_validation.rows[6].optimization.trials[0].timing.energy_accounting[1].boundary_checked,True
candidate_validation.rows[6].optimization.trials[0].timing.energy_accounting[1].boundary_lost_energy,0.0
candidate_validation.rows[6].optimization.trials[0].timing.energy_accounting[1].expected_in_window_energy,0.4453916861274557
candidate_validation.rows[6].optimization.trials[0].timing.energy_accounting[1].numerical_energy_relative_error,5.189008453668758e-07
candidate_validation.rows[6].optimization.trials[0].timing.energy_accounting[2].view,2
candidate_validation.rows[6].optimization.trials[0].timing.energy_accounting[2].input_energy,0.5435098749578184
candidate_validation.rows[6].optimization.trials[0].timing.energy_accounting[2].detected_energy,0.5435096114317973
candidate_validation.rows[6].optimization.trials[0].timing.energy_accounting[2].relative_energy_difference,4.848596746036175e-07
candidate_validation.rows[6].optimization.trials[0].timing.energy_accounting[2].projected_count_sum,16777170.307776159
candidate_validation.rows[6].optimization.trials[0].timing.energy_accounting[2].boundary_checked,True
candidate_validation.rows[6].optimization.trials[0].timing.energy_accounting[2].boundary_lost_energy,0.0
candidate_validation.rows[6].optimization.trials[0].timing.energy_accounting[2].expected_in_window_energy,0.5435098749578184
candidate_validation.rows[6].optimization.trials[0].timing.energy_accounting[2].numerical_energy_relative_error,4.848596746036175e-07
candidate_validation.rows[6].optimization.trials[0].timing.energy_accounting[3].view,3
candidate_validation.rows[6].optimization.trials[0].timing.energy_accounting[3].input_energy,0.4598020220142641
candidate_validation.rows[6].optimization.trials[0].timing.energy_accounting[3].detected_energy,0.4598017861178779
candidate_validation.rows[6].optimization.trials[0].timing.energy_accounting[3].relative_energy_difference,5.130390361686254e-07
candidate_validation.rows[6].optimization.trials[0].timing.energy_accounting[3].projected_count_sum,16777170.204790695
candidate_validation.rows[6].optimization.trials[0].timing.energy_accounting[3].boundary_checked,True
candidate_validation.rows[6].optimization.trials[0].timing.energy_accounting[3].boundary_lost_energy,0.0
candidate_validation.rows[6].optimization.trials[0].timing.energy_accounting[3].expected_in_window_energy,0.4598020220142641
candidate_validation.rows[6].optimization.trials[0].timing.energy_accounting[3].numerical_energy_relative_error,5.130390361686254e-07
candidate_validation.rows[6].optimization.trials[0].timing.root_failures,0
candidate_validation.rows[6].optimization.trials[0].timing.attachment_residual_max,6.661338147750939e-16
candidate_validation.rows[6].optimization.trials[0].timing.maximum_displacement,0.008866932013288203
candidate_validation.rows[6].optimization.trials[0].timing.image_digest,9311290c3bc311fdf4d4e41f0d0101dcd2972859021aa1bde42264b5aea85de9
candidate_validation.rows[6].optimization.trials[0].timing.state_persisted,False
candidate_validation.rows[6].optimization.trials[0].finite,True
candidate_validation.rows[6].optimization.realized_gain,1.5837987999894887e-05
candidate_validation.rows[6].optimization.coefficient_limit_hits,0
candidate_validation.rows[6].optimization.seconds,306.91575045813806
candidate_validation.rows[6].baseline_identical,True
candidate_validation.rows[6].coefficient_initialized_at_zero,True
candidate_validation.rows[6].birth_source_mass_change,0.0
candidate_validation.rows[6].image_path,runs/v090_matched_birth/globe_solo_23_trial0.npy
candidate_validation.rows[7].cache_signature.scoring_signature.config,62ca4976cb787bbdbc3fd85b82677cf3aaa45a383158d798e34cfdd3b30c3861
candidate_validation.rows[7].cache_signature.scoring_signature.field,11162da077d54597700e705723b34acb147f47c44095818ea0b0ecb554a3fc55
candidate_validation.rows[7].cache_signature.scoring_signature.source,e9a0305b3ed0de34bf755a1f588cd96b3f0913d79827dc0c89908e88e8dfbd53
candidate_validation.rows[7].cache_signature.scoring_signature.current_positions,e9a0305b3ed0de34bf755a1f588cd96b3f0913d79827dc0c89908e88e8dfbd53
candidate_validation.rows[7].cache_signature.scoring_signature.coefficients,e3b0c44298fc1c149afbf4c8996fb92427ae41e4649b934ca495991b7852b855
candidate_validation.rows[7].cache_signature.scoring_signature.active_centers,e3b0c44298fc1c149afbf4c8996fb92427ae41e4649b934ca495991b7852b855
candidate_validation.rows[7].cache_signature.scoring_signature.active_radii,e3b0c44298fc1c149afbf4c8996fb92427ae41e4649b934ca495991b7852b855
candidate_validation.rows[7].cache_signature.scoring_signature.proposals,7bdb9dc6a54057730e1e9712c706845ef11a324e55216d25cdc70b12527cb245
candidate_validation.rows[7].cache_signature.scoring_signature.proposal_radii,4f3c9fd1d9f39c2198a52e44ed1ecb7086e38ec0b80db30f6da6369dc9da283e
candidate_validation.rows[7].cache_signature.scoring_signature.target,5701b51c2733f9b1e819667378c06f5aa6fbe697821dd4db02d5d97c0b6351bd
candidate_validation.rows[7].cache_signature.scoring_signature.image,f7e7e51b114efc85f9ec2e44f793fb90a88c5e36b8013ea295e8c29bcc83e61e
candidate_validation.rows[7].cache_signature.scoring_signature.count,16777216
candidate_validation.rows[7].cache_signature.scoring_signature.shape[0],4
candidate_validation.rows[7].cache_signature.scoring_signature.shape[1],1080
candidate_validation.rows[7].cache_signature.scoring_signature.shape[2],1920
candidate_validation.rows[7].cache_signature.scoring_signature.shape[3],3
candidate_validation.rows[7].cache_signature.scoring_signature.dtype,float32 image columns / float64 reductions
candidate_validation.rows[7].cache_signature.scoring_signature.seed,90
candidate_validation.rows[7].cache_signature.scoring_signature.operator_version,v0817_CURRENT_fixed_measure_C3
candidate_validation.rows[7].cache_signature.candidate,24
candidate_validation.rows[7].cache_signature.protocol.damping,1e-07
candidate_validation.rows[7].cache_signature.protocol.coefficient_limit,0.03
candidate_validation.rows[7].cache_signature.protocol.optimization_steps,1
candidate_validation.rows[7].cache_signature.protocol.line_search[0],1.0
candidate_validation.rows[7].cache_signature.protocol.line_search[1],0.5
candidate_validation.rows[7].cache_signature.protocol.line_search[2],0.25
candidate_validation.rows[7].cache_signature.protocol.line_search[3],0.125
candidate_validation.rows[7].cache_signature.protocol.maximum_accepted_births,32
candidate_validation.rows[7].cache_signature.protocol.maximum_consecutive_no_gain,3
candidate_validation.rows[7].cache_signature.protocol.flattening_window,5
candidate_validation.rows[7].cache_signature.protocol.flattening_relative_gain,0.0002
candidate_validation.rows[7].cache_signature.protocol.minimum_births_before_flattening,8
candidate_validation.rows[7].cache_signature.protocol.candidate_bank,32
candidate_validation.rows[7].cache_signature.protocol.solo_per_stratum,2
candidate_validation.rows[7].cache_signature.protocol.candidate_rank_spearman_gate,0.2
candidate_validation.rows[7].cache_signature.protocol.relative_gain_floor,1e-07
candidate_validation.rows[7].cache_signature.protocol.geometry_relative_gain_floor,0.001
candidate_validation.rows[7].cache_signature.protocol.source_coverage_subset,65536
candidate_validation.rows[7].cache_signature.protocol.geometry_samples,16384
candidate_validation.rows[7].cache_signature.protocol.initial_preallocated_dof,0
candidate_validation.rows[7].cache_signature.protocol.support_rule,"Two levels: first half radius .45, second half .45/sqrt(2). Independent of residual."
candidate_validation.rows[7].cache_signature.protocol.optimizer,"Damped Gauss-Newton with exact accumulated CURRENT image Gram, coefficient box projection, deterministic four-trial backtracking"
candidate_validation.rows[7].cache_signature.protocol.scoring,"Full 16M source, four Full-HD views; exact image-space column norms, no stochastic norm sketch"
candidate_validation.rows[7].cache_signature.protocol.evaluation_subset,"Two top, two middle, two low non-null, two seeded random. Largest initial bounded comparison budget; overlap deduplicated and disclosed."
candidate_validation.rows[7].cache_signature.protocol.smoke_use,FD and runtime only; never headline predicted-vs-actual or birth verdicts.
candidate_validation.rows[7].candidate,24
candidate_validation.rows[7].source_proposal_id,2375900
candidate_validation.rows[7].center[0],0.5054362782140389
candidate_validation.rows[7].center[1],0.6773936186512405
candidate_validation.rows[7].center[2],-0.534482978284359
candidate_validation.rows[7].radius,0.31819805153394637
candidate_validation.rows[7].alignment,0.003281905152696524
candidate_validation.rows[7].raw_alignment,0.003281905152696524
candidate_validation.rows[7].norm2,0.01437687171914763
candidate_validation.rows[7].jacobian_norm,0.11990359343717615
candidate_validation.rows[7].predicted_gain,0.0003745886700518102
candidate_validation.rows[7].actual_gain,0.00010159275809860924
candidate_validation.rows[7].geometry_improvement,6.677645616773309e-05
candidate_validation.rows[7].geometry.symmetric_chamfer,0.23676625798008094
candidate_validation.rows[7].geometry.point_to_surface_mean,0.26415429109404676
candidate_validation.rows[7].geometry.point_to_surface_p95,0.5914692818605047
candidate_validation.rows[7].geometry.surface_rms,0.32592378220354157
candidate_validation.rows[7].geometry.normal_consistency,0.7023561180442167
candidate_validation.rows[7].geometry.normal_error,0.2976438819557833
candidate_validation.rows[7].geometry.regional_ear_p2s_mean,0.3324164903031988
candidate_validation.rows[7].geometry.regional_head_p2s_mean,0.19219016949286233
candidate_validation.rows[7].geometry.regional_leg_p2s_mean,0.07960757347236525
candidate_validation.rows[7].geometry.regional_torso_p2s_mean,0.2970344891312851
candidate_validation.rows[7].geometry.bounds[0][0],-0.9999213884461601
candidate_validation.rows[7].geometry.bounds[0][1],-0.9999213884461601
candidate_validation.rows[7].geometry.bounds[0][2],-0.9999213884461601
candidate_validation.rows[7].geometry.bounds[1][0],0.9999214604215803
candidate_validation.rows[7].geometry.bounds[1][1],0.9999214604215803
candidate_validation.rows[7].geometry.bounds[1][2],0.9999214604215803
candidate_validation.rows[7].geometry.surface_area,12.566843817635828
candidate_validation.rows[7].geometry.components,1
candidate_validation.rows[7].geometry.maximum_outward_from_unit_sphere,0.014476627139087483
candidate_validation.rows[7].geometry.maximum_inward_from_unit_sphere,2.8567284971803275e-05
candidate_validation.rows[7].geometry.radial_deviation_p95,2.845247846339216e-05
candidate_validation.rows[7].geometry.gt_extends_outside_unit_sphere,True
candidate_validation.rows[7].geometry.gt_max_radius,1.5736361939753005
candidate_validation.rows[7].geometry.source_coverage_distance_p95,0.013426389374266252
candidate_validation.rows[7].geometry.source_coverage_distance_max,0.023999067370903644
candidate_validation.rows[7].geometry.source_coverage_samples,65536
candidate_validation.rows[7].geometry.geometry_seconds,0.39818187220953405
candidate_validation.rows[7].geometry.geometry_path,runs/v090_matched_birth/geometry/globe_solo_24.ply
candidate_validation.rows[7].geometry.geometry_target,"MC approximation of prepared.gt_field, evaluation only; existing P2S/Chamfer definitions. Current normals updated at every evaluation."
candidate_validation.rows[7].coefficient,-0.03
candidate_validation.rows[7].affected_views,2
candidate_validation.rows[7].affected_pixels,106925
candidate_validation.rows[7].optimization.accepted,True
candidate_validation.rows[7].optimization.linear_solver_failures,0
candidate_validation.rows[7].optimization.line_search_failures,0
candidate_validation.rows[7].optimization.trials[0].alpha,1.0
candidate_validation.rows[7].optimization.trials[0].loss,0.06321780653363088
candidate_validation.rows[7].optimization.trials[0].coefficient[0],-0.03
candidate_validation.rows[7].optimization.trials[0].timing.signature.config_digest,62ca4976cb787bbdbc3fd85b82677cf3aaa45a383158d798e34cfdd3b30c3861
candidate_validation.rows[7].optimization.trials[0].timing.signature.field_digest,11162da077d54597700e705723b34acb147f47c44095818ea0b0ecb554a3fc55
candidate_validation.rows[7].optimization.trials[0].timing.signature.count,16777216
candidate_validation.rows[7].optimization.trials[0].timing.signature.seed,101
candidate_validation.rows[7].optimization.trials[0].timing.signature.operator_version,v0817_CURRENT_fixed_measure_C3
candidate_validation.rows[7].optimization.trials[0].timing.signature.shape[0],4
candidate_validation.rows[7].optimization.trials[0].timing.signature.shape[1],1080
candidate_validation.rows[7].optimization.trials[0].timing.signature.shape[2],1920
candidate_validation.rows[7].optimization.trials[0].timing.signature.shape[3],3
candidate_validation.rows[7].optimization.trials[0].timing.signature.dtype,float32
candidate_validation.rows[7].optimization.trials[0].timing.signature.source_digest,e9a0305b3ed0de34bf755a1f588cd96b3f0913d79827dc0c89908e88e8dfbd53
candidate_validation.rows[7].optimization.trials[0].timing.signature.centers,f58f99b661e326701b699b444f52055165ebe0a63ce2cb5bc5219f7c00bb0dbb
candidate_validation.rows[7].optimization.trials[0].timing.signature.radii,b3d24c0cc934ea8375654807c61c4293ba43a6e8186cadf5ca425f213eb21719
candidate_validation.rows[7].optimization.trials[0].timing.signature.coefficients,266aa009a714364728e145cc605c31bdcf1011b5083cfb6f89f3fd5bc7d78909
candidate_validation.rows[7].optimization.trials[0].timing.source_seconds,55.98968249093741
candidate_validation.rows[7].optimization.trials[0].timing.transport_seconds,173.58634447096847
candidate_validation.rows[7].optimization.trials[0].timing.detector_seconds,80.783010273939
candidate_validation.rows[7].optimization.trials[0].timing.total_seconds,310.40226634196006
candidate_validation.rows[7].optimization.trials[0].timing.peak_cuda_allocated_mib,450.91845703125
candidate_validation.rows[7].optimization.trials[0].timing.peak_cuda_reserved_mib,2192.0
candidate_validation.rows[7].optimization.trials[0].timing.cpu_rss_peak_mib,9753.40625
candidate_validation.rows[7].optimization.trials[0].timing.energy_accounting[0].view,0
candidate_validation.rows[7].optimization.trials[0].timing.energy_accounting[0].input_energy,0.5846210609471597
candidate_validation.rows[7].optimization.trials[0].timing.energy_accounting[0].detected_energy,0.5846207871587792
candidate_validation.rows[7].optimization.trials[0].timing.energy_accounting[0].relative_energy_difference,4.683176827037993e-07
candidate_validation.rows[7].optimization.trials[0].timing.energy_accounting[0].projected_count_sum,16777170.410394711
candidate_validation.rows[7].optimization.trials[0].timing.energy_accounting[0].boundary_checked,True
candidate_validation.rows[7].optimization.trials[0].timing.energy_accounting[0].boundary_lost_energy,0.0
candidate_validation.rows[7].optimization.trials[0].timing.energy_accounting[0].expected_in_window_energy,0.5846210609471597
candidate_validation.rows[7].optimization.trials[0].timing.energy_accounting[0].numerical_energy_relative_error,4.683176827037993e-07
candidate_validation.rows[7].optimization.trials[0].timing.energy_accounting[1].view,1
candidate_validation.rows[7].optimization.trials[0].timing.energy_accounting[1].input_energy,0.4453916861274557
candidate_validation.rows[7].optimization.trials[0].timing.energy_accounting[1].detected_energy,0.44539145501337885
candidate_validation.rows[7].optimization.trials[0].timing.energy_accounting[1].relative_energy_difference,5.189007430419861e-07
candidate_validation.rows[7].optimization.trials[0].timing.energy_accounting[1].projected_count_sum,16777170.347390695
candidate_validation.rows[7].optimization.trials[0].timing.energy_accounting[1].boundary_checked,True
candidate_validation.rows[7].optimization.trials[0].timing.energy_accounting[1].boundary_lost_energy,0.0
candidate_validation.rows[7].optimization.trials[0].timing.energy_accounting[1].expected_in_window_energy,0.4453916861274557
candidate_validation.rows[7].optimization.trials[0].timing.energy_accounting[1].numerical_energy_relative_error,5.189007430419861e-07
candidate_validation.rows[7].optimization.trials[0].timing.energy_accounting[2].view,2
candidate_validation.rows[7].optimization.trials[0].timing.energy_accounting[2].input_energy,0.5426687310512227
candidate_validation.rows[7].optimization.trials[0].timing.energy_accounting[2].detected_energy,0.5426684684584572
candidate_validation.rows[7].optimization.trials[0].timing.energy_accounting[2].relative_energy_difference,4.838914617824016e-07
candidate_validation.rows[7].optimization.trials[0].timing.energy_accounting[2].projected_count_sum,16777170.25686132
candidate_validation.rows[7].optimization.trials[0].timing.energy_accounting[2].boundary_checked,True
candidate_validation.rows[7].optimization.trials[0].timing.energy_accounting[2].boundary_lost_energy,0.0
candidate_validation.rows[7].optimization.trials[0].timing.energy_accounting[2].expected_in_window_energy,0.5426687310512227
candidate_validation.rows[7].optimization.trials[0].timing.energy_accounting[2].numerical_energy_relative_error,4.838914617824016e-07
candidate_validation.rows[7].optimization.trials[0].timing.energy_accounting[3].view,3
candidate_validation.rows[7].optimization.trials[0].timing.energy_accounting[3].input_energy,0.46006899321497086
candidate_validation.rows[7].optimization.trials[0].timing.energy_accounting[3].detected_energy,0.4600687576546431
candidate_validation.rows[7].optimization.trials[0].timing.energy_accounting[3].relative_energy_difference,5.120108749290939e-07
candidate_validation.rows[7].optimization.trials[0].timing.energy_accounting[3].projected_count_sum,16777170.332452634
candidate_validation.rows[7].optimization.trials[0].timing.energy_accounting[3].boundary_checked,True
candidate_validation.rows[7].optimization.trials[0].timing.energy_accounting[3].boundary_lost_energy,0.0
candidate_validation.rows[7].optimization.trials[0].timing.energy_accounting[3].expected_in_window_energy,0.46006899321497086
candidate_validation.rows[7].optimization.trials[0].timing.energy_accounting[3].numerical_energy_relative_error,5.120108749290939e-07
candidate_validation.rows[7].optimization.trials[0].timing.root_failures,0
candidate_validation.rows[7].optimization.trials[0].timing.attachment_residual_max,6.661338147750939e-16
candidate_validation.rows[7].optimization.trials[0].timing.maximum_displacement,0.014605342818479444
candidate_validation.rows[7].optimization.trials[0].timing.image_digest,e8170ed5d6c08ce3669e091db0ee48197b1752a4cefe8eb791cca0f84c2c8290
candidate_validation.rows[7].optimization.trials[0].timing.state_persisted,False
candidate_validation.rows[7].optimization.trials[0].finite,True
candidate_validation.rows[7].optimization.realized_gain,0.00010159275809860924
candidate_validation.rows[7].optimization.coefficient_limit_hits,1
candidate_validation.rows[7].optimization.seconds,312.56541247921996
candidate_validation.rows[7].baseline_identical,True
candidate_validation.rows[7].coefficient_initialized_at_zero,True
candidate_validation.rows[7].birth_source_mass_change,0.0
candidate_validation.rows[7].image_path,runs/v090_matched_birth/globe_solo_24_trial0.npy
candidate_validation.groups.top[0],8
candidate_validation.groups.top[1],24
candidate_validation.groups.middle[0],3
candidate_validation.groups.middle[1],5
candidate_validation.groups.low[0],15
candidate_validation.groups.low[1],13
candidate_validation.groups.random[0],23
candidate_validation.groups.random[1],6
candidate_validation.pearson,0.991779844016511
candidate_validation.spearman,1.0
candidate_validation.top_mean_gain,0.00010284672771652265
candidate_validation.random_mean_gain,1.0671837753106761e-05
candidate_validation.top_k_enrichment,9.637208707242774
candidate_validation.top_candidates_outperform_random,True
candidate_validation.rank_directionally_positive,True
candidate_validation.responsive_fraction,1.0
candidate_validation.statement,"Primary Full-HD actual gains, same initial zero-coefficient state and fixed source for each candidate; reduced-source smoke gains excluded."
candidate_validation.pearson_pvalue,1.3800628015606155e-06
candidate_validation.spearman_pvalue,0.0
candidate_validation.best_predicted_actual_gain,0.00010410069733443605
candidate_validation.validation_sample_count,8
candidate_validation.inference_caveat,"Small deterministic stratified sample, overlapping random/top strata; directional correlation is not population-level proof."
summary.accepted_births,16
summary.born_dofs,25
summary.relative_observation_improvement,0.022895259116711215
summary.relative_chamfer_improvement,-0.0013125557429856554
summary.initial_mse,0.12663879858345897
summary.final_mse,0.12373937047566168
summary.initial_chamfer,0.23683303443624867
summary.final_chamfer,0.2371438909957267
sphere_diagnostics.shell_escape_threshold,0.1
sphere_diagnostics.maximum_absolute_radial_deviation,0.03277370145948111
sphere_diagnostics.coefficient_limit_hit_rounds,25
sphere_diagnostics.note,"Saturation is reported, but causal bottleneck verdict requires a separate relaxed-bound control; not run."
