metric,value
branch,SOFT
protocol.damping,1e-07
protocol.coefficient_limit,0.03
protocol.optimization_steps,1
protocol.line_search[0],1.0
protocol.line_search[1],0.5
protocol.line_search[2],0.25
protocol.line_search[3],0.125
protocol.maximum_accepted_births,32
protocol.maximum_consecutive_no_gain,3
protocol.flattening_window,5
protocol.flattening_relative_gain,0.0002
protocol.minimum_births_before_flattening,8
protocol.candidate_bank,32
protocol.solo_per_stratum,2
protocol.candidate_rank_spearman_gate,0.2
protocol.relative_gain_floor,1e-07
protocol.geometry_relative_gain_floor,0.001
protocol.source_coverage_subset,65536
protocol.geometry_samples,16384
protocol.initial_preallocated_dof,0
protocol.support_rule,"Two levels: first half radius .45, second half .45/sqrt(2). Independent of residual."
protocol.optimizer,"Damped Gauss-Newton with exact accumulated CURRENT image Gram, coefficient box projection, deterministic four-trial backtracking"
protocol.scoring,"Full 16M source, four Full-HD views; exact image-space column norms, no stochastic norm sketch"
protocol.evaluation_subset,"Two top, two middle, two low non-null, two seeded random. Largest initial bounded comparison budget; overlap deduplicated and disclosed."
protocol.smoke_use,FD and runtime only; never headline predicted-vs-actual or birth verdicts.
operator.operator,v0817_CURRENT_fixed_measure_C3
operator.h,0.02455721885871518
operator.epsilon,0.02455721885871518
operator.path_step,0.01227860942935759
operator.eta,9.787458785644276e-07
operator.kappa,4.605170185988091
operator.launch,1.05
operator.micro,1
operator.ambient,0.35
operator.gate_width,0.05
operator.gain,1.5
operator.extent,2.8
operator.capture,4
operator.resolution[0],1080
operator.resolution[1],1920
operator.views,4
operator.count,16777216
operator.mass,1.0034377352493191
operator.seed,101
operator.base_grid_digest,c262097d30d246d7437b6ae3736508e68189236e524ef0748013219b3f7859ca
operator.source_dtype,float64
operator.transport_dtype,float64
operator.detector_dtype,float32
operator.precision_note,As v0817; float64 detector in bounded FD diagnostics only.
target_digest,5701b51c2733f9b1e819667378c06f5aa6fbe697821dd4db02d5d97c0b6351bd
initial_preallocated_dof,0
source.signature.config_digest,62ca4976cb787bbdbc3fd85b82677cf3aaa45a383158d798e34cfdd3b30c3861
source.signature.field_digest,c262097d30d246d7437b6ae3736508e68189236e524ef0748013219b3f7859ca
source.signature.count,16777216
source.signature.seed,101
source.signature.operator_version,v0817_CURRENT_fixed_measure_C3
source.signature.shape[0],16777216
source.signature.shape[1],3
source.signature.dtype,float64
source.signature.branch,SOFT
source.definition,"Unchanged v0817 uniform polyhedral reference-area source, already attached to the base field; persistent normal-line pushforward under lambda."
source.attempted_proposals,16777216
source.source_seconds,0.2849603130016476
source.position_digest,9381b4a92942668b428be5796e2b9d64f6bd8d03061b3bae9e79517ed34b780e
source.normal_digest,441dd3697f66fe943b57cfeefbe929538c03c827e508025d8033326cc4ef0e4a
source.weight_digest,e8a23943d73928dce091768b7789dedd1390b88a2ee2ef22b4e84ad52b924711
source.source_mass,1.0034377352493205
derivative_validation.branch,SOFT
derivative_validation.stage,PREFLIGHT_ONLY
derivative_validation.resolution[0],128
derivative_validation.resolution[1],128
derivative_validation.samples,1024
derivative_validation.source_ids[0],0
derivative_validation.source_ids[1],322
derivative_validation.source_ids[2],298
derivative_validation.source_ids[3],304
derivative_validation.source_ids[4],259
derivative_validation.source_ids[5],306
derivative_validation.source_ids[6],164
derivative_validation.source_ids[7],615
derivative_validation.source_ids[8],215
derivative_validation.source_ids[9],1014
derivative_validation.source_ids[10],19
derivative_validation.source_ids[11],409
derivative_validation.source_ids[12],737
derivative_validation.source_ids[13],571
derivative_validation.source_ids[14],7
derivative_validation.source_ids[15],635
derivative_validation.rows[0].candidate,7
derivative_validation.rows[0].rank,high
derivative_validation.rows[0].center[0],0.07914243026299168
derivative_validation.rows[0].center[1],0.7478410544690011
derivative_validation.rows[0].center[2],-0.24319251306233408
derivative_validation.rows[0].radius,0.45
derivative_validation.rows[0].analytic_norm,1622.3866867212864
derivative_validation.rows[0].passed,True
derivative_validation.rows[0].epsilons[0].epsilon,0.001
derivative_validation.rows[0].epsilons[0].relative_l2,0.024614494399157378
derivative_validation.rows[0].epsilons[0].cosine,0.9996976369570476
derivative_validation.rows[0].epsilons[0].norm_ratio,0.9985846805228202
derivative_validation.rows[0].epsilons[0].sign_agreement,0.9984947315604616
derivative_validation.rows[0].epsilons[1].epsilon,0.0001
derivative_validation.rows[0].epsilons[1].relative_l2,0.00027318659695525814
derivative_validation.rows[0].epsilons[1].cosine,0.9999999626953845
derivative_validation.rows[0].epsilons[1].norm_ratio,0.9999953061907311
derivative_validation.rows[0].epsilons[1].sign_agreement,1.0
derivative_validation.rows[0].epsilons[2].epsilon,1e-05
derivative_validation.rows[0].epsilons[2].relative_l2,9.961348428831285e-06
derivative_validation.rows[0].epsilons[2].cosine,0.9999999999749195
derivative_validation.rows[0].epsilons[2].norm_ratio,0.9999929954894928
derivative_validation.rows[0].epsilons[2].sign_agreement,1.0
derivative_validation.rows[0].epsilons[3].epsilon,1e-06
derivative_validation.rows[0].epsilons[3].relative_l2,9.63145016635191e-06
derivative_validation.rows[0].epsilons[3].cosine,0.9999999999781768
derivative_validation.rows[0].epsilons[3].norm_ratio,0.9999929915179974
derivative_validation.rows[0].epsilons[3].sign_agreement,1.0
derivative_validation.rows[1].candidate,14
derivative_validation.rows[1].rank,medium
derivative_validation.rows[1].center[0],0.10032073299168401
derivative_validation.rows[1].center[1],0.24276667953793815
derivative_validation.rows[1].center[2],0.0425322451566001
derivative_validation.rows[1].radius,0.31819805153394637
derivative_validation.rows[1].analytic_norm,661.9630186180568
derivative_validation.rows[1].passed,True
derivative_validation.rows[1].epsilons[0].epsilon,0.001
derivative_validation.rows[1].epsilons[0].relative_l2,0.0017538729951346883
derivative_validation.rows[1].epsilons[0].cosine,0.9999991332466797
derivative_validation.rows[1].epsilons[0].norm_ratio,0.9988404423505282
derivative_validation.rows[1].epsilons[0].sign_agreement,0.9994505494505495
derivative_validation.rows[1].epsilons[1].epsilon,0.0001
derivative_validation.rows[1].epsilons[1].relative_l2,1.1825629307395638e-05
derivative_validation.rows[1].epsilons[1].cosine,0.9999999999585557
derivative_validation.rows[1].epsilons[1].norm_ratio,0.9999924528894075
derivative_validation.rows[1].epsilons[1].sign_agreement,1.0
derivative_validation.rows[1].epsilons[2].epsilon,1e-05
derivative_validation.rows[1].epsilons[2].relative_l2,1.1826854468144842e-07
derivative_validation.rows[1].epsilons[2].cosine,0.9999999999999947
derivative_validation.rows[1].epsilons[2].norm_ratio,0.9999999245176836
derivative_validation.rows[1].epsilons[2].sign_agreement,1.0
derivative_validation.rows[1].epsilons[3].epsilon,1e-06
derivative_validation.rows[1].epsilons[3].relative_l2,1.3327105010106482e-09
derivative_validation.rows[1].epsilons[3].cosine,0.9999999999999994
derivative_validation.rows[1].epsilons[3].norm_ratio,0.9999999991631581
derivative_validation.rows[1].epsilons[3].sign_agreement,1.0
derivative_validation.rows[2].candidate,9
derivative_validation.rows[2].rank,weak
derivative_validation.rows[2].center[0],-0.5642858638818717
derivative_validation.rows[2].center[1],0.2950820402168888
derivative_validation.rows[2].center[2],-0.07241847329651731
derivative_validation.rows[2].radius,0.31819805153394637
derivative_validation.rows[2].analytic_norm,423.8886127022549
derivative_validation.rows[2].passed,True
derivative_validation.rows[2].epsilons[0].epsilon,0.001
derivative_validation.rows[2].epsilons[0].relative_l2,0.00028477024632272914
derivative_validation.rows[2].epsilons[0].cosine,0.9999999824159059
derivative_validation.rows[2].epsilons[0].norm_ratio,0.9997856791091077
derivative_validation.rows[2].epsilons[0].sign_agreement,1.0
derivative_validation.rows[2].epsilons[1].epsilon,0.0001
derivative_validation.rows[2].epsilons[1].relative_l2,2.7836120776354987e-06
derivative_validation.rows[2].epsilons[1].cosine,0.999999999998411
derivative_validation.rows[2].epsilons[1].norm_ratio,0.9999978622855117
derivative_validation.rows[2].epsilons[1].sign_agreement,1.0
derivative_validation.rows[2].epsilons[2].epsilon,1e-05
derivative_validation.rows[2].epsilons[2].relative_l2,2.7839014272024088e-08
derivative_validation.rows[2].epsilons[2].cosine,0.9999999999999992
derivative_validation.rows[2].epsilons[2].norm_ratio,0.9999999786076357
derivative_validation.rows[2].epsilons[2].sign_agreement,1.0
derivative_validation.rows[2].epsilons[3].epsilon,1e-06
derivative_validation.rows[2].epsilons[3].relative_l2,7.763422611613812e-10
derivative_validation.rows[2].epsilons[3].cosine,1.0
derivative_validation.rows[2].epsilons[3].norm_ratio,0.9999999997905954
derivative_validation.rows[2].epsilons[3].sign_agreement,1.0
derivative_validation.passed,True
derivative_validation.analytic_method,Compact-support implicit attachment tangent + exact CURRENT barrier chain rule + algebraically identical C3 detector tangent
derivative_validation.precision,"float64 FD diagnostic, matching v0817 validation policy; primary renders remain float32 detector accumulation"
derivative_validation.performance.alignment[0],0.0
derivative_validation.performance.alignment[1],0.0
derivative_validation.performance.alignment[2],0.0
derivative_validation.performance.alignment[3],0.0
derivative_validation.performance.alignment[4],0.0
derivative_validation.performance.alignment[5],0.0
derivative_validation.performance.alignment[6],0.0
derivative_validation.performance.alignment[7],0.0
derivative_validation.performance.alignment[8],0.0
derivative_validation.performance.alignment[9],0.0
derivative_validation.performance.alignment[10],0.0
derivative_validation.performance.alignment[11],0.0
derivative_validation.performance.alignment[12],0.0
derivative_validation.performance.alignment[13],0.0
derivative_validation.performance.alignment[14],0.0
derivative_validation.performance.alignment[15],0.0
derivative_validation.performance.raw[0],0.0
derivative_validation.performance.raw[1],0.0
derivative_validation.performance.raw[2],0.0
derivative_validation.performance.raw[3],0.0
derivative_validation.performance.raw[4],0.0
derivative_validation.performance.raw[5],0.0
derivative_validation.performance.raw[6],0.0
derivative_validation.performance.raw[7],0.0
derivative_validation.performance.raw[8],0.0
derivative_validation.performance.raw[9],0.0
derivative_validation.performance.raw[10],0.0
derivative_validation.performance.raw[11],0.0
derivative_validation.performance.raw[12],0.0
derivative_validation.performance.raw[13],0.0
derivative_validation.performance.raw[14],0.0
derivative_validation.performance.raw[15],0.0
derivative_validation.performance.norm2[0],2.5190019245614867
derivative_validation.performance.norm2[1],1.5380408955250382
derivative_validation.performance.norm2[2],6.759748670762089
derivative_validation.performance.norm2[3],2.726822149260526
derivative_validation.performance.norm2[4],5.7639300501833395
derivative_validation.performance.norm2[5],1.8188914010896768
derivative_validation.performance.norm2[6],3.6130939608615025
derivative_validation.performance.norm2[7],13.387749029797755
derivative_validation.performance.norm2[8],1.710020881004634
derivative_validation.performance.norm2[9],0.9139076536999652
derivative_validation.performance.norm2[10],2.587434669905422
derivative_validation.performance.norm2[11],1.663829346602919
derivative_validation.performance.norm2[12],2.5207855543433757
derivative_validation.performance.norm2[13],0.9806870070710039
derivative_validation.performance.norm2[14],2.228775217783258
derivative_validation.performance.norm2[15],1.2817130904203373
derivative_validation.performance.quadratic[0],0.0
derivative_validation.performance.quadratic[1],0.0
derivative_validation.performance.quadratic[2],0.0
derivative_validation.performance.quadratic[3],0.0
derivative_validation.performance.quadratic[4],0.0
derivative_validation.performance.quadratic[5],0.0
derivative_validation.performance.quadratic[6],0.0
derivative_validation.performance.quadratic[7],0.0
derivative_validation.performance.quadratic[8],0.0
derivative_validation.performance.quadratic[9],0.0
derivative_validation.performance.quadratic[10],0.0
derivative_validation.performance.quadratic[11],0.0
derivative_validation.performance.quadratic[12],0.0
derivative_validation.performance.quadratic[13],0.0
derivative_validation.performance.quadratic[14],0.0
derivative_validation.performance.quadratic[15],0.0
derivative_validation.performance.jacobian_norm[0],1.5871363912913996
derivative_validation.performance.jacobian_norm[1],1.240177767711161
derivative_validation.performance.jacobian_norm[2],2.599951667005002
derivative_validation.performance.jacobian_norm[3],1.6513092227867336
derivative_validation.performance.jacobian_norm[4],2.400818620842345
derivative_validation.performance.jacobian_norm[5],1.3486628196438415
derivative_validation.performance.jacobian_norm[6],1.9008140258482686
derivative_validation.performance.jacobian_norm[7],3.6589273058914076
derivative_validation.performance.jacobian_norm[8],1.3076776670894987
derivative_validation.performance.jacobian_norm[9],0.9559851744143134
derivative_validation.performance.jacobian_norm[10],1.6085504872105885
derivative_validation.performance.jacobian_norm[11],1.2898950913167004
derivative_validation.performance.jacobian_norm[12],1.5876981937205117
derivative_validation.performance.jacobian_norm[13],0.990296423840359
derivative_validation.performance.jacobian_norm[14],1.4929083085652841
derivative_validation.performance.jacobian_norm[15],1.1321276829140507
derivative_validation.performance.gram[0][0],2.5190019245614867
derivative_validation.performance.gram[0][1],1.738079960560909e-05
derivative_validation.performance.gram[0][2],-1.863744309685054e-11
derivative_validation.performance.gram[0][3],2.45431515802971e-14
derivative_validation.performance.gram[0][4],0.0
derivative_validation.performance.gram[0][5],-9.128962658682862e-11
derivative_validation.performance.gram[0][6],0.0
derivative_validation.performance.gram[0][7],0.0
derivative_validation.performance.gram[0][8],0.0
derivative_validation.performance.gram[0][9],7.932023448627771e-15
derivative_validation.performance.gram[0][10],-8.858313869277494e-08
derivative_validation.performance.gram[0][11],0.0
derivative_validation.performance.gram[0][12],-2.0659701019586572e-11
derivative_validation.performance.gram[0][13],1.2116070035521576e-08
derivative_validation.performance.gram[0][14],-0.0002787367808874885
derivative_validation.performance.gram[0][15],0.0
derivative_validation.performance.gram[1][0],1.738079960560909e-05
derivative_validation.performance.gram[1][1],1.5380408955250382
derivative_validation.performance.gram[1][2],0.0
derivative_validation.performance.gram[1][3],0.0
derivative_validation.performance.gram[1][4],0.0
derivative_validation.performance.gram[1][5],-1.6559802497539352e-08
derivative_validation.performance.gram[1][6],0.0
derivative_validation.performance.gram[1][7],0.0
derivative_validation.performance.gram[1][8],0.0
derivative_validation.performance.gram[1][9],2.1760375553381868e-13
derivative_validation.performance.gram[1][10],0.0
derivative_validation.performance.gram[1][11],4.5481611080716336e-05
derivative_validation.performance.gram[1][12],0.0
derivative_validation.performance.gram[1][13],0.0
derivative_validation.performance.gram[1][14],-4.8350742010335103e-08
derivative_validation.performance.gram[1][15],0.0
derivative_validation.performance.gram[2][0],-1.863744309685054e-11
derivative_validation.performance.gram[2][1],0.0
derivative_validation.performance.gram[2][2],6.759748670762089
derivative_validation.performance.gram[2][3],-6.948666918392786e-11
derivative_validation.performance.gram[2][4],0.0
derivative_validation.performance.gram[2][5],0.0
derivative_validation.performance.gram[2][6],0.0
derivative_validation.performance.gram[2][7],0.0
derivative_validation.performance.gram[2][8],0.0
derivative_validation.performance.gram[2][9],7.472294870394637e-14
derivative_validation.performance.gram[2][10],0.0
derivative_validation.performance.gram[2][11],0.0
derivative_validation.performance.gram[2][12],0.0
derivative_validation.performance.gram[2][13],1.342998792089972e-06
derivative_validation.performance.gram[2][14],0.0
derivative_validation.performance.gram[2][15],0.0
derivative_validation.performance.gram[3][0],2.45431515802971e-14
derivative_validation.performance.gram[3][1],0.0
derivative_validation.performance.gram[3][2],-6.948666918392786e-11
derivative_validation.performance.gram[3][3],2.726822149260526
derivative_validation.performance.gram[3][4],-9.772774565176479e-13
derivative_validation.performance.gram[3][5],4.1703097784515255e-06
derivative_validation.performance.gram[3][6],1.0787223019263098e-06
derivative_validation.performance.gram[3][7],0.0
derivative_validation.performance.gram[3][8],4.4703798990637655e-09
derivative_validation.performance.gram[3][9],1.673774403926505e-07
derivative_validation.performance.gram[3][10],0.0
derivative_validation.performance.gram[3][11],1.762286793948211e-07
derivative_validation.performance.gram[3][12],2.7558817378453163e-05
derivative_validation.performance.gram[3][13],-2.091174434242287e-05
derivative_validation.performance.gram[3][14],0.0
derivative_validation.performance.gram[3][15],-1.817946540311977e-06
derivative_validation.performance.gram[4][0],0.0
derivative_validation.performance.gram[4][1],0.0
derivative_validation.performance.gram[4][2],0.0
derivative_validation.performance.gram[4][3],-9.772774565176479e-13
derivative_validation.performance.gram[4][4],5.7639300501833395
derivative_validation.performance.gram[4][5],0.0
derivative_validation.performance.gram[4][6],-2.7526344346154874e-15
derivative_validation.performance.gram[4][7],-8.877604833746794e-14
derivative_validation.performance.gram[4][8],0.0
derivative_validation.performance.gram[4][9],0.0
derivative_validation.performance.gram[4][10],8.506355116255727e-06
derivative_validation.performance.gram[4][11],0.0
derivative_validation.performance.gram[4][12],0.0
derivative_validation.performance.gram[4][13],-7.601656330661024e-07
derivative_validation.performance.gram[4][14],-1.879231810623489e-17
derivative_validation.performance.gram[4][15],1.3466597507382383e-08
derivative_validation.performance.gram[5][0],-9.128962658682862e-11
derivative_validation.performance.gram[5][1],-1.6559802497539352e-08
derivative_validation.performance.gram[5][2],0.0
derivative_validation.performance.gram[5][3],4.1703097784515255e-06
derivative_validation.performance.gram[5][4],0.0
derivative_validation.performance.gram[5][5],1.8188914010896768
derivative_validation.performance.gram[5][6],-1.9366217512654583e-15
derivative_validation.performance.gram[5][7],0.0
derivative_validation.performance.gram[5][8],2.1341303936977515e-16
derivative_validation.performance.gram[5][9],0.0
derivative_validation.performance.gram[5][10],0.0
derivative_validation.performance.gram[5][11],2.157431463386286e-17
derivative_validation.performance.gram[5][12],2.695249030326035e-07
derivative_validation.performance.gram[5][13],0.0
derivative_validation.performance.gram[5][14],-8.64091670239777e-12
derivative_validation.performance.gram[5][15],0.0
derivative_validation.performance.gram[6][0],0.0
derivative_validation.performance.gram[6][1],0.0
derivative_validation.performance.gram[6][2],0.0
derivative_validation.performance.gram[6][3],1.0787223019263098e-06
derivative_validation.performance.gram[6][4],-2.7526344346154874e-15
derivative_validation.performance.gram[6][5],-1.9366217512654583e-15
derivative_validation.performance.gram[6][6],3.6130939608615025
derivative_validation.performance.gram[6][7],-3.5817969214767007e-07
derivative_validation.performance.gram[6][8],0.0
derivative_validation.performance.gram[6][9],1.753365634092839e-21
derivative_validation.performance.gram[6][10],1.584823729270275e-17
derivative_validation.performance.gram[6][11],-9.521971231842471e-07
derivative_validation.performance.gram[6][12],1.2798715720499614e-13
derivative_validation.performance.gram[6][13],2.2644453061372825e-18
derivative_validation.performance.gram[6][14],2.7286631862243374e-06
derivative_validation.performance.gram[6][15],0.0009562274276593833
derivative_validation.performance.gram[7][0],0.0
derivative_validation.performance.gram[7][1],0.0
derivative_validation.performance.gram[7][2],0.0
derivative_validation.performance.gram[7][3],0.0
derivative_validation.performance.gram[7][4],-8.877604833746794e-14
derivative_validation.performance.gram[7][5],0.0
derivative_validation.performance.gram[7][6],-3.5817969214767007e-07
derivative_validation.performance.gram[7][7],13.387749029797755
derivative_validation.performance.gram[7][8],0.0
derivative_validation.performance.gram[7][9],0.0005355353251991543
derivative_validation.performance.gram[7][10],0.0
derivative_validation.performance.gram[7][11],0.0
derivative_validation.performance.gram[7][12],0.0
derivative_validation.performance.gram[7][13],0.0
derivative_validation.performance.gram[7][14],2.7734415621202024e-10
derivative_validation.performance.gram[7][15],7.853976198954723e-07
derivative_validation.performance.gram[8][0],0.0
derivative_validation.performance.gram[8][1],0.0
derivative_validation.performance.gram[8][2],0.0
derivative_validation.performance.gram[8][3],4.4703798990637655e-09
derivative_validation.performance.gram[8][4],0.0
derivative_validation.performance.gram[8][5],2.1341303936977515e-16
derivative_validation.performance.gram[8][6],0.0
derivative_validation.performance.gram[8][7],0.0
derivative_validation.performance.gram[8][8],1.710020881004634
derivative_validation.performance.gram[8][9],0.0
derivative_validation.performance.gram[8][10],-4.487416434109889e-26
derivative_validation.performance.gram[8][11],0.0
derivative_validation.performance.gram[8][12],-6.205773857113197e-09
derivative_validation.performance.gram[8][13],-1.8736899259945424e-06
derivative_validation.performance.gram[8][14],0.0
derivative_validation.performance.gram[8][15],0.0
derivative_validation.performance.gram[9][0],7.932023448627771e-15
derivative_validation.performance.gram[9][1],2.1760375553381868e-13
derivative_validation.performance.gram[9][2],7.472294870394637e-14
derivative_validation.performance.gram[9][3],1.673774403926505e-07
derivative_validation.performance.gram[9][4],0.0
derivative_validation.performance.gram[9][5],0.0
derivative_validation.performance.gram[9][6],1.753365634092839e-21
derivative_validation.performance.gram[9][7],0.0005355353251991543
derivative_validation.performance.gram[9][8],0.0
derivative_validation.performance.gram[9][9],0.9139076536999652
derivative_validation.performance.gram[9][10],0.0
derivative_validation.performance.gram[9][11],-2.6450826143776025e-13
derivative_validation.performance.gram[9][12],0.0
derivative_validation.performance.gram[9][13],-1.3863704672951683e-10
derivative_validation.performance.gram[9][14],1.832410092873349e-18
derivative_validation.performance.gram[9][15],1.98446224296646e-09
derivative_validation.performance.gram[10][0],-8.858313869277494e-08
derivative_validation.performance.gram[10][1],0.0
derivative_validation.performance.gram[10][2],0.0
derivative_validation.performance.gram[10][3],0.0
derivative_validation.performance.gram[10][4],8.506355116255727e-06
derivative_validation.performance.gram[10][5],0.0
derivative_validation.performance.gram[10][6],1.584823729270275e-17
derivative_validation.performance.gram[10][7],0.0
derivative_validation.performance.gram[10][8],-4.487416434109889e-26
derivative_validation.performance.gram[10][9],0.0
derivative_validation.performance.gram[10][10],2.587434669905422
derivative_validation.performance.gram[10][11],0.0
derivative_validation.performance.gram[10][12],3.415782335994362e-10
derivative_validation.performance.gram[10][13],0.0
derivative_validation.performance.gram[10][14],0.0
derivative_validation.performance.gram[10][15],0.0
derivative_validation.performance.gram[11][0],0.0
derivative_validation.performance.gram[11][1],4.5481611080716336e-05
derivative_validation.performance.gram[11][2],0.0
derivative_validation.performance.gram[11][3],1.762286793948211e-07
derivative_validation.performance.gram[11][4],0.0
derivative_validation.performance.gram[11][5],2.157431463386286e-17
derivative_validation.performance.gram[11][6],-9.521971231842471e-07
derivative_validation.performance.gram[11][7],0.0
derivative_validation.performance.gram[11][8],0.0
derivative_validation.performance.gram[11][9],-2.6450826143776025e-13
derivative_validation.performance.gram[11][10],0.0
derivative_validation.performance.gram[11][11],1.663829346602919
derivative_validation.performance.gram[11][12],0.0
derivative_validation.performance.gram[11][13],0.0
derivative_validation.performance.gram[11][14],0.0
derivative_validation.performance.gram[11][15],0.0
derivative_validation.performance.gram[12][0],-2.0659701019586572e-11
derivative_validation.performance.gram[12][1],0.0
derivative_validation.performance.gram[12][2],0.0
derivative_validation.performance.gram[12][3],2.7558817378453163e-05
derivative_validation.performance.gram[12][4],0.0
derivative_validation.performance.gram[12][5],2.695249030326035e-07
derivative_validation.performance.gram[12][6],1.2798715720499614e-13
derivative_validation.performance.gram[12][7],0.0
derivative_validation.performance.gram[12][8],-6.205773857113197e-09
derivative_validation.performance.gram[12][9],0.0
derivative_validation.performance.gram[12][10],3.415782335994362e-10
derivative_validation.performance.gram[12][11],0.0
derivative_validation.performance.gram[12][12],2.5207855543433757
derivative_validation.performance.gram[12][13],0.0
derivative_validation.performance.gram[12][14],-5.39008490008415e-10
derivative_validation.performance.gram[12][15],0.0
derivative_validation.performance.gram[13][0],1.2116070035521576e-08
derivative_validation.performance.gram[13][1],0.0
derivative_validation.performance.gram[13][2],1.342998792089972e-06
derivative_validation.performance.gram[13][3],-2.091174434242287e-05
derivative_validation.performance.gram[13][4],-7.601656330661024e-07
derivative_validation.performance.gram[13][5],0.0
derivative_validation.performance.gram[13][6],2.2644453061372825e-18
derivative_validation.performance.gram[13][7],0.0
derivative_validation.performance.gram[13][8],-1.8736899259945424e-06
derivative_validation.performance.gram[13][9],-1.3863704672951683e-10
derivative_validation.performance.gram[13][10],0.0
derivative_validation.performance.gram[13][11],0.0
derivative_validation.performance.gram[13][12],0.0
derivative_validation.performance.gram[13][13],0.9806870070710039
derivative_validation.performance.gram[13][14],0.0
derivative_validation.performance.gram[13][15],0.00011799279118375902
derivative_validation.performance.gram[14][0],-0.0002787367808874885
derivative_validation.performance.gram[14][1],-4.8350742010335103e-08
derivative_validation.performance.gram[14][2],0.0
derivative_validation.performance.gram[14][3],0.0
derivative_validation.performance.gram[14][4],-1.879231810623489e-17
derivative_validation.performance.gram[14][5],-8.64091670239777e-12
derivative_validation.performance.gram[14][6],2.7286631862243374e-06
derivative_validation.performance.gram[14][7],2.7734415621202024e-10
derivative_validation.performance.gram[14][8],0.0
derivative_validation.performance.gram[14][9],1.832410092873349e-18
derivative_validation.performance.gram[14][10],0.0
derivative_validation.performance.gram[14][11],0.0
derivative_validation.performance.gram[14][12],-5.39008490008415e-10
derivative_validation.performance.gram[14][13],0.0
derivative_validation.performance.gram[14][14],2.228775217783258
derivative_validation.performance.gram[14][15],-7.025466243657016e-07
derivative_validation.performance.gram[15][0],0.0
derivative_validation.performance.gram[15][1],0.0
derivative_validation.performance.gram[15][2],0.0
derivative_validation.performance.gram[15][3],-1.817946540311977e-06
derivative_validation.performance.gram[15][4],1.3466597507382383e-08
derivative_validation.performance.gram[15][5],0.0
derivative_validation.performance.gram[15][6],0.0009562274276593833
derivative_validation.performance.gram[15][7],7.853976198954723e-07
derivative_validation.performance.gram[15][8],0.0
derivative_validation.performance.gram[15][9],1.98446224296646e-09
derivative_validation.performance.gram[15][10],0.0
derivative_validation.performance.gram[15][11],0.0
derivative_validation.performance.gram[15][12],0.0
derivative_validation.performance.gram[15][13],0.00011799279118375902
derivative_validation.performance.gram[15][14],-7.025466243657016e-07
derivative_validation.performance.gram[15][15],1.2817130904203373
derivative_validation.performance.affected_pixels[0],1779
derivative_validation.performance.affected_pixels[1],1594
derivative_validation.performance.affected_pixels[2],784
derivative_validation.performance.affected_pixels[3],1842
derivative_validation.performance.affected_pixels[4],1597
derivative_validation.performance.affected_pixels[5],1558
derivative_validation.performance.affected_pixels[6],1846
derivative_validation.performance.affected_pixels[7],963
derivative_validation.performance.affected_pixels[8],790
derivative_validation.performance.affected_pixels[9],1246
derivative_validation.performance.affected_pixels[10],898
derivative_validation.performance.affected_pixels[11],938
derivative_validation.performance.affected_pixels[12],1217
derivative_validation.performance.affected_pixels[13],965
derivative_validation.performance.affected_pixels[14],1025
derivative_validation.performance.affected_pixels[15],1102
derivative_validation.performance.affected_views[0],4
derivative_validation.performance.affected_views[1],4
derivative_validation.performance.affected_views[2],4
derivative_validation.performance.affected_views[3],4
derivative_validation.performance.affected_views[4],4
derivative_validation.performance.affected_views[5],4
derivative_validation.performance.affected_views[6],3
derivative_validation.performance.affected_views[7],4
derivative_validation.performance.affected_views[8],4
derivative_validation.performance.affected_views[9],4
derivative_validation.performance.affected_views[10],3
derivative_validation.performance.affected_views[11],3
derivative_validation.performance.affected_views[12],4
derivative_validation.performance.affected_views[13],4
derivative_validation.performance.affected_views[14],4
derivative_validation.performance.affected_views[15],3
derivative_validation.performance.per_view_norm2[0][0],1.5406923076074506
derivative_validation.performance.per_view_norm2[0][1],0.1188085168066825
derivative_validation.performance.per_view_norm2[0][2],2.233365542156961
derivative_validation.performance.per_view_norm2[0][3],7.198567741936157e-08
derivative_validation.performance.per_view_norm2[0][4],2.5802211415691776
derivative_validation.performance.per_view_norm2[0][5],1.5004505466073428e-15
derivative_validation.performance.per_view_norm2[0][6],1.74006827623717
derivative_validation.performance.per_view_norm2[0][7],6.082290813084875
derivative_validation.performance.per_view_norm2[0][8],1.8595574731130992e-07
derivative_validation.performance.per_view_norm2[0][9],0.007067546137942139
derivative_validation.performance.per_view_norm2[0][10],1.3750643742861692
derivative_validation.performance.per_view_norm2[0][11],0.23375113706887707
derivative_validation.performance.per_view_norm2[0][12],6.229659779330155e-10
derivative_validation.performance.per_view_norm2[0][13],0.004374482218330375
derivative_validation.performance.per_view_norm2[0][14],1.513473110602436
derivative_validation.performance.per_view_norm2[0][15],0.12421606894474935
derivative_validation.performance.per_view_norm2[1][0],2.910203399385715e-07
derivative_validation.performance.per_view_norm2[1][1],0.7150041099984852
derivative_validation.performance.per_view_norm2[1][2],0.7166280943551155
derivative_validation.performance.per_view_norm2[1][3],1.052595468492762
derivative_validation.performance.per_view_norm2[1][4],0.19427926250292832
derivative_validation.performance.per_view_norm2[1][5],0.6949111180671499
derivative_validation.performance.per_view_norm2[1][6],1.4640460684195216
derivative_validation.performance.per_view_norm2[1][7],0.955378475010107
derivative_validation.performance.per_view_norm2[1][8],3.87031870825321e-09
derivative_validation.performance.per_view_norm2[1][9],0.00015707753792899222
derivative_validation.performance.per_view_norm2[1][10],0.0
derivative_validation.performance.per_view_norm2[1][11],0.7788523702962205
derivative_validation.performance.per_view_norm2[1][12],3.736060515963441e-05
derivative_validation.performance.per_view_norm2[1][13],0.002180304773717124
derivative_validation.performance.per_view_norm2[1][14],0.5215614984863024
derivative_validation.performance.per_view_norm2[1][15],0.3978436119923688
derivative_validation.performance.per_view_norm2[2][0],0.9783093259321595
derivative_validation.performance.per_view_norm2[2][1],3.7047946370398184e-05
derivative_validation.performance.per_view_norm2[2][2],3.8097550308105568
derivative_validation.performance.per_view_norm2[2][3],0.15144050603997983
derivative_validation.performance.per_view_norm2[2][4],0.304476557210815
derivative_validation.performance.per_view_norm2[2][5],1.1207269727047793
derivative_validation.performance.per_view_norm2[2][6],0.0
derivative_validation.performance.per_view_norm2[2][7],6.350079674878678
derivative_validation.performance.per_view_norm2[2][8],0.9402008980254833
derivative_validation.performance.per_view_norm2[2][9],0.9066829422084246
derivative_validation.performance.per_view_norm2[2][10],1.2108137054048633
derivative_validation.performance.per_view_norm2[2][11],0.0
derivative_validation.performance.per_view_norm2[2][12],1.0941188566758522
derivative_validation.performance.per_view_norm2[2][13],0.263951273118278
derivative_validation.performance.per_view_norm2[2][14],0.19374060838285534
derivative_validation.performance.per_view_norm2[2][15],0.0
derivative_validation.performance.per_view_norm2[3][0],1.5364040998562355e-12
derivative_validation.performance.per_view_norm2[3][1],0.7041912207735002
derivative_validation.performance.per_view_norm2[3][2],3.4394539394691758e-09
derivative_validation.performance.per_view_norm2[3][3],1.5227861027421064
derivative_validation.performance.per_view_norm2[3][4],2.6849530889004183
derivative_validation.performance.per_view_norm2[3][5],0.003253310317746198
derivative_validation.performance.per_view_norm2[3][6],0.40897961620481127
derivative_validation.performance.per_view_norm2[3][7],6.682409460185886e-08
derivative_validation.performance.per_view_norm2[3][8],0.7698197931530847
derivative_validation.performance.per_view_norm2[3][9],8.781566945590916e-08
derivative_validation.performance.per_view_norm2[3][10],0.0015565902143890838
derivative_validation.performance.per_view_norm2[3][11],0.6512258392378216
derivative_validation.performance.per_view_norm2[3][12],1.4266293364393976
derivative_validation.performance.per_view_norm2[3][13],0.7101809469606783
derivative_validation.performance.per_view_norm2[3][14],3.1166418932220675e-10
derivative_validation.performance.per_view_norm2[3][15],0.7596534094832192
derivative_validation.performance.norm_method,"Image columns accumulated over ALL emitters before inner products; no independent-packet norm approximation. Float32 production accumulation, float64 reductions."
derivative_validation.performance.objective,"0.5*mean((I-current_target)^2), columns and residual normalized by sqrt(4*H*W*3)"
derivative_validation.performance.current_transmission_max_abs_error,3.3306690738754696e-16
derivative_validation.performance.seconds,0.19910000986419618
derivative_validation.performance.peak_cuda_allocated_mib,537.1728515625
derivative_validation.performance.peak_cuda_reserved_mib,618.0
derivative_validation.performance.cpu_rss_peak_mib,1639.05078125
derivative_validation.performance.source_count,1024
derivative_validation.performance.candidate_block,16
derivative_validation.smoke_birth.stage,PREFLIGHT_ONLY
derivative_validation.smoke_birth.candidate,3
derivative_validation.smoke_birth.coefficient_step,-0.012385084373977577
derivative_validation.smoke_birth.baseline_mse,0.7232130506888995
derivative_validation.smoke_birth.trials[0].alpha,1.0
derivative_validation.smoke_birth.trials[0].mse,0.7224001576964264
derivative_validation.smoke_birth.trials[1].alpha,0.5
derivative_validation.smoke_birth.trials[1].mse,0.7227973359487153
derivative_validation.smoke_birth.trials[2].alpha,0.25
derivative_validation.smoke_birth.trials[2].mse,0.722998271159519
derivative_validation.smoke_birth.trials[3].alpha,0.125
derivative_validation.smoke_birth.trials[3].mse,0.7231074135962148
derivative_validation.smoke_birth.finite,True
baseline.observation.whole_image_mse,0.008013271912625788
baseline.observation.foreground_mse,0.027952950938363703
baseline.observation.interior_gt8px_mse,0.014197463190753474
baseline.observation.silhouette_0_8px_mse,0.12824789980290943
baseline.observation.foreground_mean_brightness,0.7651754702194687
baseline.observation.edge_sharpness,0.0690252035439404
baseline.observation.reference_edge_sharpness,0.09199675652077396
baseline.observation.edge_sharpness_ratio,0.7503004035620939
baseline.observation.thin_feature_response_ratio,0.468948560831648
baseline.observation.per_view[0].gradient_magnitude_ratio,0.7702219183689277
baseline.observation.per_view[0].gradient_cosine,0.24198589548371172
baseline.observation.per_view[0].reference_aligned_gradient_energy,2732.0360945138
baseline.observation.per_view[0].unmatched_gradient_energy,874.7814738038414
baseline.observation.per_view[0].excess_hf_weak_reference,0.0001811335037409111
baseline.observation.per_view[0].gradient_squared_error,0.0017892323310189258
baseline.observation.per_view[0].weak_reference_pixels,1624532
baseline.observation.per_view[1].gradient_magnitude_ratio,0.829510518146698
baseline.observation.per_view[1].gradient_cosine,0.2684893078384506
baseline.observation.per_view[1].reference_aligned_gradient_energy,3098.8635536881475
baseline.observation.per_view[1].unmatched_gradient_energy,897.8345433509384
baseline.observation.per_view[1].excess_hf_weak_reference,0.0001399857055484171
baseline.observation.per_view[1].gradient_squared_error,0.001740420903701317
baseline.observation.per_view[1].weak_reference_pixels,1644948
baseline.observation.per_view[2].gradient_magnitude_ratio,0.8248741841836805
baseline.observation.per_view[2].gradient_cosine,0.31501964270709953
baseline.observation.per_view[2].reference_aligned_gradient_energy,3278.7667100099175
baseline.observation.per_view[2].unmatched_gradient_energy,915.1588501012086
baseline.observation.per_view[2].excess_hf_weak_reference,0.00022824048146296617
baseline.observation.per_view[2].gradient_squared_error,0.0017251054252541127
baseline.observation.per_view[2].weak_reference_pixels,1561449
baseline.observation.per_view[3].gradient_magnitude_ratio,0.8269468373027188
baseline.observation.per_view[3].gradient_cosine,0.3307480765973032
baseline.observation.per_view[3].reference_aligned_gradient_energy,2432.50225606894
baseline.observation.per_view[3].unmatched_gradient_energy,613.0620094687912
baseline.observation.per_view[3].excess_hf_weak_reference,0.00011378922617483615
baseline.observation.per_view[3].gradient_squared_error,0.0012208123106778703
baseline.observation.per_view[3].weak_reference_pixels,1668420
baseline.observation.gradient_magnitude_ratio,0.8128883645005063
baseline.observation.gradient_cosine,0.2890607306566413
baseline.observation.reference_aligned_gradient_energy,2885.542153570201
baseline.observation.unmatched_gradient_energy,825.2092191811948
baseline.observation.excess_hf_weak_reference,0.00016578722923178262
baseline.observation.gradient_squared_error,0.0016188927426630565
baseline.observation.weak_reference_pixels,1624837.25
baseline.observation.loss,0.004006636830592359
baseline.observation.detected_energy,5457068.379421935
baseline.observation.relative_rgb_l2,0.208076231457038
baseline.observation.per_view_mse[0],0.008768418479027075
baseline.observation.per_view_mse[1],0.00928122455570929
baseline.observation.per_view_mse[2],0.008711792554827829
baseline.observation.per_view_mse[3],0.005291659055174703
baseline.observation.foreground_mask_iou[0],0.9835115340931344
baseline.observation.foreground_mask_iou[1],0.9809553420819396
baseline.observation.foreground_mask_iou[2],0.9836267978871747
baseline.observation.foreground_mask_iou[3],0.9848696882147586
baseline.observation.squared_image_energy,4830823.6875
baseline.geometry.symmetric_chamfer,0.006909399688703678
baseline.geometry.point_to_surface_mean,0.0020368813191692908
baseline.geometry.point_to_surface_p95,0.005573502059264804
baseline.geometry.surface_rms,0.002844314895958835
baseline.geometry.normal_consistency,0.9912441476274787
baseline.geometry.normal_error,0.0087558523725213
baseline.geometry.regional_ear_p2s_mean,0.003096727958632453
baseline.geometry.regional_head_p2s_mean,0.0018580288780309575
baseline.geometry.regional_leg_p2s_mean,0.0023943048761365616
baseline.geometry.regional_torso_p2s_mean,0.0015589800026536574
baseline.geometry.bounds[0][0],-0.997162570593492
baseline.geometry.bounds[0][1],-0.9857655507213664
baseline.geometry.bounds[0][2],-0.7570312212098319
baseline.geometry.bounds[1][0],0.9974998618071933
baseline.geometry.bounds[1][1],0.9632264335200473
baseline.geometry.bounds[1][2],0.7709279186320754
baseline.geometry.surface_area,9.22009440314828
baseline.geometry.components,1
baseline.geometry.maximum_outward_from_unit_sphere,0.3220391935736078
baseline.geometry.maximum_inward_from_unit_sphere,0.8261501198869529
baseline.geometry.radial_deviation_p95,0.6135005649973445
baseline.geometry.gt_extends_outside_unit_sphere,True
baseline.geometry.gt_max_radius,1.5736361939753005
baseline.geometry.source_coverage_distance_p95,0.011538445447551766
baseline.geometry.source_coverage_distance_max,0.020772942699835113
baseline.geometry.source_coverage_samples,65536
baseline.geometry.geometry_seconds,0.30888573080301285
baseline.geometry.geometry_path,runs/v090_matched_birth/geometry/soft_initial.ply
baseline.geometry.geometry_target,"MC approximation of prepared.gt_field, evaluation only; existing P2S/Chamfer definitions. Current normals updated at every evaluation."
births[0].round,1
births[0].deterministic_id,SOFT:1:2
births[0].center[0],0.9242084222220754
births[0].center[1],-0.7874414029902104
births[0].center[2],0.24051096681045483
births[0].radius,0.45
births[0].proposal_source_id,1111164
births[0].zero_set_residual_at_birth,1.4334028125177516e-16
births[0].selected_rank,1
births[0].candidate_bank_size,32
births[0].responsive_fraction,1.0
births[0].predicted_gain,3.0157062763031686e-05
births[0].alignment,0.020360311152030432
births[0].jacobian_norm,2.6216510775833264
births[0].affected_views,4
births[0].affected_pixels,191674
births[0].coefficient,-0.0029623381035632427
births[0].active_dof_count,1
births[0].born_dof_count,1
births[0].accepted_births,1
births[0].initialized_at_zero,True
births[0].birth_image_jump,0.0
births[0].birth_source_count_change,0
births[0].birth_source_mass_change,0.0
births[0].source_count,16777216
births[0].source_weight_digest,e8a23943d73928dce091768b7789dedd1390b88a2ee2ef22b4e84ad52b924711
births[0].coefficients[0],-0.0029623381035632427
births[0].centers[0][0],0.9242084222220754
births[0].centers[0][1],-0.7874414029902104
births[0].centers[0][2],0.24051096681045483
births[0].radii[0],0.45
births[0].realized_gain,4.0880721929655896e-05
births[0].optimization.accepted,True
births[0].optimization.linear_solver_failures,0
births[0].optimization.line_search_failures,0
births[0].optimization.trials[0].alpha,1.0
births[0].optimization.trials[0].loss,0.003965756108662703
births[0].optimization.trials[0].coefficient[0],-0.0029623381035632427
births[0].optimization.trials[0].timing.signature.config_digest,62ca4976cb787bbdbc3fd85b82677cf3aaa45a383158d798e34cfdd3b30c3861
births[0].optimization.trials[0].timing.signature.field_digest,c262097d30d246d7437b6ae3736508e68189236e524ef0748013219b3f7859ca
births[0].optimization.trials[0].timing.signature.count,16777216
births[0].optimization.trials[0].timing.signature.seed,101
births[0].optimization.trials[0].timing.signature.operator_version,v0817_CURRENT_fixed_measure_C3
births[0].optimization.trials[0].timing.signature.shape[0],4
births[0].optimization.trials[0].timing.signature.shape[1],1080
births[0].optimization.trials[0].timing.signature.shape[2],1920
births[0].optimization.trials[0].timing.signature.shape[3],3
births[0].optimization.trials[0].timing.signature.dtype,float32
births[0].optimization.trials[0].timing.signature.source_digest,9381b4a92942668b428be5796e2b9d64f6bd8d03061b3bae9e79517ed34b780e
births[0].optimization.trials[0].timing.signature.centers,08c0422a5d2deeb1fd743161d455eade7c3dbcce04caa5d8ed943863cebd19f3
births[0].optimization.trials[0].timing.signature.radii,500422ba227b370015d9b5df0292a47b0c4583c0ac88770bbc6297daa8289a1d
births[0].optimization.trials[0].timing.signature.coefficients,447dfc234be07b698554b0b0d1a5d204d56975e6967c543b3abcb063acbd7784
births[0].optimization.trials[0].timing.source_seconds,58.96642428589985
births[0].optimization.trials[0].timing.transport_seconds,207.88732100999914
births[0].optimization.trials[0].timing.detector_seconds,80.48963914392516
births[0].optimization.trials[0].timing.total_seconds,347.38286953791976
births[0].optimization.trials[0].timing.peak_cuda_allocated_mib,576.92041015625
births[0].optimization.trials[0].timing.peak_cuda_reserved_mib,2198.0
births[0].optimization.trials[0].timing.cpu_rss_peak_mib,9754.1328125
births[0].optimization.trials[0].timing.energy_accounting[0].view,0
births[0].optimization.trials[0].timing.energy_accounting[0].input_energy,0.49263351440321285
births[0].optimization.trials[0].timing.energy_accounting[0].detected_energy,0.49263280439513457
births[0].optimization.trials[0].timing.energy_accounting[0].relative_energy_difference,1.441250052049885e-06
births[0].optimization.trials[0].timing.energy_accounting[0].projected_count_sum,16777149.576596534
births[0].optimization.trials[0].timing.energy_accounting[0].boundary_checked,True
births[0].optimization.trials[0].timing.energy_accounting[0].boundary_lost_energy,0.0
births[0].optimization.trials[0].timing.energy_accounting[0].expected_in_window_energy,0.49263351440321285
births[0].optimization.trials[0].timing.energy_accounting[0].numerical_energy_relative_error,1.441250052049885e-06
births[0].optimization.trials[0].timing.energy_accounting[1].view,1
births[0].optimization.trials[0].timing.energy_accounting[1].input_energy,0.3886157309767416
births[0].optimization.trials[0].timing.energy_accounting[1].detected_energy,0.3886152258754252
births[0].optimization.trials[0].timing.energy_accounting[1].relative_energy_difference,1.2997449052556392e-06
births[0].optimization.trials[0].timing.energy_accounting[1].projected_count_sum,16777148.455413498
births[0].optimization.trials[0].timing.energy_accounting[1].boundary_checked,True
births[0].optimization.trials[0].timing.energy_accounting[1].boundary_lost_energy,0.0
births[0].optimization.trials[0].timing.energy_accounting[1].expected_in_window_energy,0.3886157309767416
births[0].optimization.trials[0].timing.energy_accounting[1].numerical_energy_relative_error,1.2997449052556392e-06
births[0].optimization.trials[0].timing.energy_accounting[2].view,2
births[0].optimization.trials[0].timing.energy_accounting[2].input_energy,0.5145990521389509
births[0].optimization.trials[0].timing.energy_accounting[2].detected_energy,0.514598599491577
births[0].optimization.trials[0].timing.energy_accounting[2].relative_energy_difference,8.79611751953102e-07
births[0].optimization.trials[0].timing.energy_accounting[2].projected_count_sum,16777166.997592619
births[0].optimization.trials[0].timing.energy_accounting[2].boundary_checked,True
births[0].optimization.trials[0].timing.energy_accounting[2].boundary_lost_energy,0.0
births[0].optimization.trials[0].timing.energy_accounting[2].expected_in_window_energy,0.5145990521389509
births[0].optimization.trials[0].timing.energy_accounting[2].numerical_energy_relative_error,8.79611751953102e-07
births[0].optimization.trials[0].timing.energy_accounting[3].view,3
births[0].optimization.trials[0].timing.energy_accounting[3].input_energy,0.35868672941468493
births[0].optimization.trials[0].timing.energy_accounting[3].detected_energy,0.35868596818446286
births[0].optimization.trials[0].timing.energy_accounting[3].relative_energy_difference,2.1222703815153933e-06
births[0].optimization.trials[0].timing.energy_accounting[3].projected_count_sum,16777144.162742479
births[0].optimization.trials[0].timing.energy_accounting[3].boundary_checked,True
births[0].optimization.trials[0].timing.energy_accounting[3].boundary_lost_energy,0.0
births[0].optimization.trials[0].timing.energy_accounting[3].expected_in_window_energy,0.35868672941468493
births[0].optimization.trials[0].timing.energy_accounting[3].numerical_energy_relative_error,2.1222703815153933e-06
births[0].optimization.trials[0].timing.root_failures,0
births[0].optimization.trials[0].timing.attachment_residual_max,2.534822089260859e-09
births[0].optimization.trials[0].timing.maximum_displacement,0.003021947108106445
births[0].optimization.trials[0].timing.image_digest,e96a31b501d904f432cae5d9be25f410379f33860ed954482a706616a4ce0c09
births[0].optimization.trials[0].timing.state_persisted,False
births[0].optimization.trials[0].finite,True
births[0].optimization.realized_gain,4.0880721929655896e-05
births[0].optimization.coefficient_limit_hits,0
births[0].optimization.seconds,349.551260441076
births[0].observation.whole_image_mse,0.007931511568925017
births[0].observation.foreground_mse,0.027667438543603
births[0].observation.interior_gt8px_mse,0.014151741046613382
births[0].observation.silhouette_0_8px_mse,0.12611196366020794
births[0].observation.foreground_mean_brightness,0.7652074751080489
births[0].observation.edge_sharpness,0.06911160323156154
births[0].observation.reference_edge_sharpness,0.09199675652077396
births[0].observation.edge_sharpness_ratio,0.7512395637117415
births[0].observation.thin_feature_response_ratio,0.4721646173089973
births[0].observation.per_view[0].gradient_magnitude_ratio,0.7699420043661458
births[0].observation.per_view[0].gradient_cosine,0.25131374607585516
births[0].observation.per_view[0].reference_aligned_gradient_energy,2741.16143311958
births[0].observation.per_view[0].unmatched_gradient_energy,863.0350327219508
births[0].observation.per_view[0].excess_hf_weak_reference,0.00017879535554367681
births[0].observation.per_view[0].gradient_squared_error,0.0017677414037647699
births[0].observation.per_view[0].weak_reference_pixels,1624532
births[0].observation.per_view[1].gradient_magnitude_ratio,0.829261982949443
births[0].observation.per_view[1].gradient_cosine,0.27698837234700263
births[0].observation.per_view[1].reference_aligned_gradient_energy,3099.098362514073
births[0].observation.per_view[1].unmatched_gradient_energy,895.2051383853862
births[0].observation.per_view[1].excess_hf_weak_reference,0.00013937100398839106
births[0].observation.per_view[1].gradient_squared_error,0.0017202882240143827
births[0].observation.per_view[1].weak_reference_pixels,1644948
births[0].observation.per_view[2].gradient_magnitude_ratio,0.8249499668043044
births[0].observation.per_view[2].gradient_cosine,0.32022670758785204
births[0].observation.per_view[2].reference_aligned_gradient_energy,3284.8304374012873
births[0].observation.per_view[2].unmatched_gradient_energy,909.8657645250008
births[0].observation.per_view[2].excess_hf_weak_reference,0.0002274478050725403
births[0].observation.per_view[2].gradient_squared_error,0.0017124517549618717
births[0].observation.per_view[2].weak_reference_pixels,1561449
births[0].observation.per_view[3].gradient_magnitude_ratio,0.8260299176373854
births[0].observation.per_view[3].gradient_cosine,0.33895248481550627
births[0].observation.per_view[3].reference_aligned_gradient_energy,2431.614189905333
births[0].observation.per_view[3].unmatched_gradient_energy,607.1999692009748
births[0].observation.per_view[3].excess_hf_weak_reference,0.0001130436998378278
births[0].observation.per_view[3].gradient_squared_error,0.001205280415829688
births[0].observation.per_view[3].weak_reference_pixels,1668420
births[0].observation.gradient_magnitude_ratio,0.8125459679393197
births[0].observation.gradient_cosine,0.296870327706554
births[0].observation.reference_aligned_gradient_energy,2889.176105735068
births[0].observation.unmatched_gradient_energy,818.8264762083282
births[0].observation.excess_hf_weak_reference,0.000164664466110609
births[0].observation.gradient_squared_error,0.001601440449642678
births[0].observation.weak_reference_pixels,1624837.25
births[0].observation.loss,0.003965756108662703
births[0].observation.detected_energy,5457298.192691988
births[0].observation.relative_rgb_l2,0.2070119827715901
births[0].observation.per_view_mse[0],0.00866656184164832
births[0].observation.per_view_mse[1],0.009188002847140662
births[0].observation.per_view_mse[2],0.00865256808901867
births[0].observation.per_view_mse[3],0.005218916091493925
births[0].observation.foreground_mask_iou[0],0.9836786537017583
births[0].observation.foreground_mask_iou[1],0.981100080052606
births[0].observation.foreground_mask_iou[2],0.9838710881342623
births[0].observation.foreground_mask_iou[3],0.9849788112081467
births[0].observation.squared_image_energy,4829653.6875
births[0].geometry.symmetric_chamfer,0.006900162136119881
births[0].geometry.point_to_surface_mean,0.0020270264356578816
births[0].geometry.point_to_surface_p95,0.005630820550907643
births[0].geometry.surface_rms,0.0028363598056144364
births[0].geometry.normal_consistency,0.9911937852876969
births[0].geometry.normal_error,0.00880621471230314
births[0].geometry.regional_ear_p2s_mean,0.0031031703559513684
births[0].geometry.regional_head_p2s_mean,0.0018604158535796775
births[0].geometry.regional_leg_p2s_mean,0.002364690851568615
births[0].geometry.regional_torso_p2s_mean,0.0015523680082155707
births[0].geometry.bounds[0][0],-0.997162570593492
births[0].geometry.bounds[0][1],-0.9857655507213664
births[0].geometry.bounds[0][2],-0.7570312212098319
births[0].geometry.bounds[1][0],0.9983023013708727
births[0].geometry.bounds[1][1],0.9632264335200473
births[0].geometry.bounds[1][2],0.7709279186320754
births[0].geometry.surface_area,9.221932390803333
births[0].geometry.components,1
births[0].geometry.maximum_outward_from_unit_sphere,0.3220391935736078
births[0].geometry.maximum_inward_from_unit_sphere,0.8261501198869529
births[0].geometry.radial_deviation_p95,0.6134655640769784
births[0].geometry.gt_extends_outside_unit_sphere,True
births[0].geometry.gt_max_radius,1.5736361939753005
births[0].geometry.source_coverage_distance_p95,0.011470299761925717
births[0].geometry.source_coverage_distance_max,0.020452330364431948
births[0].geometry.source_coverage_samples,65536
births[0].geometry.geometry_seconds,0.2590795778669417
births[0].geometry.geometry_path,runs/v090_matched_birth/geometry/soft_birth1.ply
births[0].geometry.geometry_target,"MC approximation of prepared.gt_field, evaluation only; existing P2S/Chamfer definitions. Current normals updated at every evaluation."
births[0].scoring_seconds,324.3332305769436
births[0].total_seconds,681.0362275198568
births[0].peak_cuda_allocated_mib,2143.51953125
births[0].peak_cuda_reserved_mib,2198.0
births[0].cpu_rss_peak_mib,9754.1328125
births[0].image_path,runs/v090_matched_birth/soft_birth1_trial0.npy
births[0].checkpoint_image,runs/v090_matched_birth/soft_checkpoint1.npy
births[1].round,2
births[1].deterministic_id,SOFT:2:2
births[1].center[0],-0.6132633746382647
births[1].center[1],0.5849597623679317
births[1].center[2],-0.1007186479850864
births[1].radius,0.45
births[1].proposal_source_id,3493
births[1].zero_set_residual_at_birth,3.1128943678278115e-17
births[1].selected_rank,1
births[1].candidate_bank_size,31
births[1].responsive_fraction,1.0
births[1].predicted_gain,3.00733729725575e-05
births[1].alignment,0.022688106008202834
births[1].jacobian_norm,2.925446580000165
births[1].affected_views,4
births[1].affected_pixels,275519
births[1].coefficient,-0.002651025428185547
births[1].active_dof_count,2
births[1].born_dof_count,2
births[1].accepted_births,2
births[1].initialized_at_zero,True
births[1].birth_image_jump,0.0
births[1].birth_source_count_change,0
births[1].birth_source_mass_change,0.0
births[1].source_count,16777216
births[1].source_weight_digest,e8a23943d73928dce091768b7789dedd1390b88a2ee2ef22b4e84ad52b924711
births[1].coefficients[0],-0.0038879211029456922
births[1].coefficients[1],-0.002651025428185547
births[1].centers[0][0],0.9242084222220754
births[1].centers[0][1],-0.7874414029902104
births[1].centers[0][2],0.24051096681045483
births[1].centers[1][0],-0.6132633746382647
births[1].centers[1][1],0.5849597623679317
births[1].centers[1][2],-0.1007186479850864
births[1].radii[0],0.45
births[1].radii[1],0.45
births[1].realized_gain,4.772691077094358e-05
births[1].optimization.accepted,True
births[1].optimization.linear_solver_failures,0
births[1].optimization.line_search_failures,0
births[1].optimization.trials[0].alpha,1.0
births[1].optimization.trials[0].loss,0.003918029197891759
births[1].optimization.trials[0].coefficient[0],-0.0038879211029456922
births[1].optimization.trials[0].coefficient[1],-0.002651025428185547
births[1].optimization.trials[0].timing.signature.config_digest,62ca4976cb787bbdbc3fd85b82677cf3aaa45a383158d798e34cfdd3b30c3861
births[1].optimization.trials[0].timing.signature.field_digest,c262097d30d246d7437b6ae3736508e68189236e524ef0748013219b3f7859ca
births[1].optimization.trials[0].timing.signature.count,16777216
births[1].optimization.trials[0].timing.signature.seed,101
births[1].optimization.trials[0].timing.signature.operator_version,v0817_CURRENT_fixed_measure_C3
births[1].optimization.trials[0].timing.signature.shape[0],4
births[1].optimization.trials[0].timing.signature.shape[1],1080
births[1].optimization.trials[0].timing.signature.shape[2],1920
births[1].optimization.trials[0].timing.signature.shape[3],3
births[1].optimization.trials[0].timing.signature.dtype,float32
births[1].optimization.trials[0].timing.signature.source_digest,9381b4a92942668b428be5796e2b9d64f6bd8d03061b3bae9e79517ed34b780e
births[1].optimization.trials[0].timing.signature.centers,05b628c301d11831f60eac2afa5bed5fa0b93bf3de38175365e8e00a91a62332
births[1].optimization.trials[0].timing.signature.radii,0445272a66d192c41045e6551ba75e06b999b4c37b1ed254c065955149405b3c
births[1].optimization.trials[0].timing.signature.coefficients,d441e7efabc16baf6c883bdda63ce3ae28193f9ec220635e12793128bc60f6c9
births[1].optimization.trials[0].timing.source_seconds,59.983857730869204
births[1].optimization.trials[0].timing.transport_seconds,467.870425806148
births[1].optimization.trials[0].timing.detector_seconds,79.79333679610863
births[1].optimization.trials[0].timing.total_seconds,607.7053238349035
births[1].optimization.trials[0].timing.peak_cuda_allocated_mib,678.9873046875
births[1].optimization.trials[0].timing.peak_cuda_reserved_mib,2958.0
births[1].optimization.trials[0].timing.cpu_rss_peak_mib,9754.1328125
births[1].optimization.trials[0].timing.energy_accounting[0].view,0
births[1].optimization.trials[0].timing.energy_accounting[0].input_energy,0.49262266094610163
births[1].optimization.trials[0].timing.energy_accounting[0].detected_energy,0.4926219513455775
births[1].optimization.trials[0].timing.energy_accounting[0].relative_energy_difference,1.44045449057346e-06
births[1].optimization.trials[0].timing.energy_accounting[0].projected_count_sum,16777149.604331566
births[1].optimization.trials[0].timing.energy_accounting[0].boundary_checked,True
births[1].optimization.trials[0].timing.energy_accounting[0].boundary_lost_energy,0.0
births[1].optimization.trials[0].timing.energy_accounting[0].expected_in_window_energy,0.49262266094610163
births[1].optimization.trials[0].timing.energy_accounting[0].numerical_energy_relative_error,1.44045449057346e-06
births[1].optimization.trials[0].timing.energy_accounting[1].view,1
births[1].optimization.trials[0].timing.energy_accounting[1].input_energy,0.38870026308221706
births[1].optimization.trials[0].timing.energy_accounting[1].detected_energy,0.3886997582296486
births[1].optimization.trials[0].timing.energy_accounting[1].relative_energy_difference,1.2988222968240224e-06
births[1].optimization.trials[0].timing.energy_accounting[1].projected_count_sum,16777148.491222456
births[1].optimization.trials[0].timing.energy_accounting[1].boundary_checked,True
births[1].optimization.trials[0].timing.energy_accounting[1].boundary_lost_energy,0.0
births[1].optimization.trials[0].timing.energy_accounting[1].expected_in_window_energy,0.38870026308221706
births[1].optimization.trials[0].timing.energy_accounting[1].numerical_energy_relative_error,1.2988222968240224e-06
births[1].optimization.trials[0].timing.energy_accounting[2].view,2
births[1].optimization.trials[0].timing.energy_accounting[2].input_energy,0.5147233139036439
births[1].optimization.trials[0].timing.energy_accounting[2].detected_energy,0.5147228615454775
births[1].optimization.trials[0].timing.energy_accounting[2].relative_energy_difference,8.788375310589724e-07
births[1].optimization.trials[0].timing.energy_accounting[2].projected_count_sum,16777167.0968239
births[1].optimization.trials[0].timing.energy_accounting[2].boundary_checked,True
births[1].optimization.trials[0].timing.energy_accounting[2].boundary_lost_energy,0.0
births[1].optimization.trials[0].timing.energy_accounting[2].expected_in_window_energy,0.5147233139036439
births[1].optimization.trials[0].timing.energy_accounting[2].numerical_energy_relative_error,8.788375310589724e-07
births[1].optimization.trials[0].timing.energy_accounting[3].view,3
births[1].optimization.trials[0].timing.energy_accounting[3].input_energy,0.3586261838134545
births[1].optimization.trials[0].timing.energy_accounting[3].detected_energy,0.3586254232698285
births[1].optimization.trials[0].timing.energy_accounting[3].relative_energy_difference,2.120714159614278e-06
births[1].optimization.trials[0].timing.energy_accounting[3].projected_count_sum,16777144.189073011
births[1].optimization.trials[0].timing.energy_accounting[3].boundary_checked,True
births[1].optimization.trials[0].timing.energy_accounting[3].boundary_lost_energy,0.0
births[1].optimization.trials[0].timing.energy_accounting[3].expected_in_window_energy,0.3586261838134545
births[1].optimization.trials[0].timing.energy_accounting[3].numerical_energy_relative_error,2.120714159614278e-06
births[1].optimization.trials[0].timing.root_failures,0
births[1].optimization.trials[0].timing.attachment_residual_max,2.534822089260859e-09
births[1].optimization.trials[0].timing.maximum_displacement,0.003968376596230017
births[1].optimization.trials[0].timing.image_digest,3881e523cdd02fb79788eb7a606f663929184e13baaeafa55b77797a13e3355b
births[1].optimization.trials[0].timing.state_persisted,False
births[1].optimization.trials[0].finite,True
births[1].optimization.realized_gain,4.772691077094358e-05
births[1].optimization.coefficient_limit_hits,0
births[1].optimization.seconds,610.0137509289198
births[1].observation.whole_image_mse,0.007836058581316913
births[1].observation.foreground_mse,0.0273343186579877
births[1].observation.interior_gt8px_mse,0.014106753876231911
births[1].observation.silhouette_0_8px_mse,0.1235482935992896
births[1].observation.foreground_mean_brightness,0.765267401019361
births[1].observation.edge_sharpness,0.06924406263227303
births[1].observation.reference_edge_sharpness,0.09199675652077396
births[1].observation.edge_sharpness_ratio,0.7526793905678283
births[1].observation.thin_feature_response_ratio,0.47635772061717513
births[1].observation.per_view[0].gradient_magnitude_ratio,0.7688406603836565
births[1].observation.per_view[0].gradient_cosine,0.26708816271976377
births[1].observation.per_view[0].reference_aligned_gradient_energy,2747.133390130074
births[1].observation.per_view[0].unmatched_gradient_energy,846.7593877448502
births[1].observation.per_view[0].excess_hf_weak_reference,0.00017664212217547874
births[1].observation.per_view[0].gradient_squared_error,0.0017305088262513154
births[1].observation.per_view[0].weak_reference_pixels,1624532
births[1].observation.per_view[1].gradient_magnitude_ratio,0.8281097706406709
births[1].observation.per_view[1].gradient_cosine,0.2937335225375952
births[1].observation.per_view[1].reference_aligned_gradient_energy,3113.5661156941646
births[1].observation.per_view[1].unmatched_gradient_energy,869.6453818424675
births[1].observation.per_view[1].excess_hf_weak_reference,0.00013741304567559093
births[1].observation.per_view[1].gradient_squared_error,0.0016796649152591922
births[1].observation.per_view[1].weak_reference_pixels,1644948
births[1].observation.per_view[2].gradient_magnitude_ratio,0.824376384455579
births[1].observation.per_view[2].gradient_cosine,0.324432105171124
births[1].observation.per_view[2].reference_aligned_gradient_energy,3288.536974096227
births[1].observation.per_view[2].unmatched_gradient_energy,900.3281656878511
births[1].observation.per_view[2].excess_hf_weak_reference,0.0002264400925347992
births[1].observation.per_view[2].gradient_squared_error,0.001701286590545967
births[1].observation.per_view[2].weak_reference_pixels,1561449
births[1].observation.per_view[3].gradient_magnitude_ratio,0.8257465350315079
births[1].observation.per_view[3].gradient_cosine,0.3415473207662576
births[1].observation.per_view[3].reference_aligned_gradient_energy,2431.668604674021
births[1].observation.per_view[3].unmatched_gradient_energy,605.0608857253782
births[1].observation.per_view[3].excess_hf_weak_reference,0.00011279224495727313
births[1].observation.per_view[3].gradient_squared_error,0.0012003820719047914
births[1].observation.per_view[3].weak_reference_pixels,1668420
births[1].observation.gradient_magnitude_ratio,0.8117683376278535
births[1].observation.gradient_cosine,0.30670027779868514
births[1].observation.reference_aligned_gradient_energy,2895.226271148622
births[1].observation.unmatched_gradient_energy,805.4484552501368
births[1].observation.excess_hf_weak_reference,0.0001633218763357855
births[1].observation.gradient_squared_error,0.0015779606009903163
births[1].observation.weak_reference_pixels,1624837.25
births[1].observation.loss,0.003918029197891759
births[1].observation.detected_energy,5457725.550589442
births[1].observation.relative_rgb_l2,0.20576254277008973
births[1].observation.per_view_mse[0],0.008513133404562645
births[1].observation.per_view_mse[1],0.009056070154469574
births[1].observation.per_view_mse[2],0.008577772105459429
births[1].observation.per_view_mse[3],0.005197257918642473
births[1].observation.foreground_mask_iou[0],0.9838930447780505
births[1].observation.foreground_mask_iou[1],0.9813064910052116
births[1].observation.foreground_mask_iou[2],0.9840251012798429
births[1].observation.foreground_mask_iou[3],0.9850089626465482
births[1].observation.squared_image_energy,4828398.8125
births[1].geometry.symmetric_chamfer,0.0069164295761987415
births[1].geometry.point_to_surface_mean,0.0019775190337144527
births[1].geometry.point_to_surface_p95,0.0054123557325540216
births[1].geometry.surface_rms,0.0027860987740703953
births[1].geometry.normal_consistency,0.9912037261852449
births[1].geometry.normal_error,0.008796273814755118
births[1].geometry.regional_ear_p2s_mean,0.0029967206038214555
births[1].geometry.regional_head_p2s_mean,0.001860426723173993
births[1].geometry.regional_leg_p2s_mean,0.0023014794283241426
births[1].geometry.regional_torso_p2s_mean,0.0015180580918339006
births[1].geometry.bounds[0][0],-0.997162570593492
births[1].geometry.bounds[0][1],-0.9857655507213664
births[1].geometry.bounds[0][2],-0.7570312212098319
births[1].geometry.bounds[1][0],0.9985545032429244
births[1].geometry.bounds[1][1],0.9632264335200473
births[1].geometry.bounds[1][2],0.7709279186320754
births[1].geometry.surface_area,9.224573465160232
births[1].geometry.components,1
births[1].geometry.maximum_outward_from_unit_sphere,0.3220391935736078
births[1].geometry.maximum_inward_from_unit_sphere,0.8261501198869529
births[1].geometry.radial_deviation_p95,0.6133788012697753
births[1].geometry.gt_extends_outside_unit_sphere,True
births[1].geometry.gt_max_radius,1.5736361939753005
births[1].geometry.source_coverage_distance_p95,0.011478902802995735
births[1].geometry.source_coverage_distance_max,0.019629891761960963
births[1].geometry.source_coverage_samples,65536
births[1].geometry.geometry_seconds,0.3886364120990038
births[1].geometry.geometry_path,runs/v090_matched_birth/geometry/soft_birth2.ply
births[1].geometry.geometry_target,"MC approximation of prepared.gt_field, evaluation only; existing P2S/Chamfer definitions. Current normals updated at every evaluation."
births[1].scoring_seconds,442.6596093729604
births[1].total_seconds,1060.2372079619672
births[1].peak_cuda_allocated_mib,2145.67724609375
births[1].peak_cuda_reserved_mib,2958.0
births[1].cpu_rss_peak_mib,9754.1328125
births[1].image_path,runs/v090_matched_birth/soft_birth2_trial0.npy
births[1].checkpoint_image,runs/v090_matched_birth/soft_checkpoint2.npy
births[2].round,3
births[2].deterministic_id,SOFT:3:6
births[2].center[0],-0.876364576698667
births[2].center[1],0.05203772322437324
births[2].center[2],0.6118349018706801
births[2].radius,0.45
births[2].proposal_source_id,2800317
births[2].zero_set_residual_at_birth,5.997607883718996e-14
births[2].selected_rank,1
births[2].candidate_bank_size,30
births[2].responsive_fraction,1.0
births[2].predicted_gain,1.9315012623961162e-05
births[2].alignment,0.011167561683914338
births[2].jacobian_norm,1.796783940505591
births[2].affected_views,4
births[2].affected_pixels,187206
births[2].coefficient,-0.0034591279942124417
births[2].active_dof_count,3
births[2].born_dof_count,3
births[2].accepted_births,3
births[2].initialized_at_zero,True
births[2].birth_image_jump,0.0
births[2].birth_source_count_change,0
births[2].birth_source_mass_change,0.0
births[2].source_count,16777216
births[2].source_weight_digest,e8a23943d73928dce091768b7789dedd1390b88a2ee2ef22b4e84ad52b924711
births[2].coefficients[0],-0.004134010168720064
births[2].coefficients[1],-0.003798343558523661
births[2].coefficients[2],-0.0034591279942124417
births[2].centers[0][0],0.9242084222220754
births[2].centers[0][1],-0.7874414029902104
births[2].centers[0][2],0.24051096681045483
births[2].centers[1][0],-0.6132633746382647
births[2].centers[1][1],0.5849597623679317
births[2].centers[1][2],-0.1007186479850864
births[2].centers[2][0],-0.876364576698667
births[2].centers[2][1],0.05203772322437324
births[2].centers[2][2],0.6118349018706801
births[2].radii[0],0.45
births[2].radii[1],0.45
births[2].radii[2],0.45
births[2].realized_gain,3.943498511140096e-05
births[2].optimization.accepted,True
births[2].optimization.linear_solver_failures,0
births[2].optimization.line_search_failures,0
births[2].optimization.trials[0].alpha,1.0
births[2].optimization.trials[0].loss,0.0038785942127803584
births[2].optimization.trials[0].coefficient[0],-0.004134010168720064
births[2].optimization.trials[0].coefficient[1],-0.003798343558523661
births[2].optimization.trials[0].coefficient[2],-0.0034591279942124417
births[2].optimization.trials[0].timing.signature.config_digest,62ca4976cb787bbdbc3fd85b82677cf3aaa45a383158d798e34cfdd3b30c3861
births[2].optimization.trials[0].timing.signature.field_digest,c262097d30d246d7437b6ae3736508e68189236e524ef0748013219b3f7859ca
births[2].optimization.trials[0].timing.signature.count,16777216
births[2].optimization.trials[0].timing.signature.seed,101
births[2].optimization.trials[0].timing.signature.operator_version,v0817_CURRENT_fixed_measure_C3
births[2].optimization.trials[0].timing.signature.shape[0],4
births[2].optimization.trials[0].timing.signature.shape[1],1080
births[2].optimization.trials[0].timing.signature.shape[2],1920
births[2].optimization.trials[0].timing.signature.shape[3],3
births[2].optimization.trials[0].timing.signature.dtype,float32
births[2].optimization.trials[0].timing.signature.source_digest,9381b4a92942668b428be5796e2b9d64f6bd8d03061b3bae9e79517ed34b780e
births[2].optimization.trials[0].timing.signature.centers,9e4086e3c4af200244862b16264287eff0addc89a45e3edb74e306719727c290
births[2].optimization.trials[0].timing.signature.radii,bb8993a5add57d6042ce89cb7ea7f9c37d0d0e3acce29e07061330b0a272312a
births[2].optimization.trials[0].timing.signature.coefficients,cec2cbe3d5a9c2a210e1ba230bc2217333008ea9f04d4dcbfbcd0b99d21ae491
births[2].optimization.trials[0].timing.source_seconds,60.85961507004686
births[2].optimization.trials[0].timing.transport_seconds,552.3370615679305
births[2].optimization.trials[0].timing.detector_seconds,81.01294465898536
births[2].optimization.trials[0].timing.total_seconds,694.27349078306
births[2].optimization.trials[0].timing.peak_cuda_allocated_mib,681.74755859375
births[2].optimization.trials[0].timing.peak_cuda_reserved_mib,4526.0
births[2].optimization.trials[0].timing.cpu_rss_peak_mib,9754.1328125
births[2].optimization.trials[0].timing.energy_accounting[0].view,0
births[2].optimization.trials[0].timing.energy_accounting[0].input_energy,0.4926635385500196
births[2].optimization.trials[0].timing.energy_accounting[0].detected_energy,0.4926628290493032
births[2].optimization.trials[0].timing.energy_accounting[0].relative_energy_difference,1.440132384240524e-06
births[2].optimization.trials[0].timing.energy_accounting[0].projected_count_sum,16777149.620553236
births[2].optimization.trials[0].timing.energy_accounting[0].boundary_checked,True
births[2].optimization.trials[0].timing.energy_accounting[0].boundary_lost_energy,0.0
births[2].optimization.trials[0].timing.energy_accounting[0].expected_in_window_energy,0.4926635385500196
births[2].optimization.trials[0].timing.energy_accounting[0].numerical_energy_relative_error,1.440132384240524e-06
births[2].optimization.trials[0].timing.energy_accounting[1].view,1
births[2].optimization.trials[0].timing.energy_accounting[1].input_energy,0.38850036971745044
births[2].optimization.trials[0].timing.energy_accounting[1].detected_energy,0.38849986515650053
births[2].optimization.trials[0].timing.energy_accounting[1].relative_energy_difference,1.2987399478586702e-06
births[2].optimization.trials[0].timing.energy_accounting[1].projected_count_sum,16777148.43981098
births[2].optimization.trials[0].timing.energy_accounting[1].boundary_checked,True
births[2].optimization.trials[0].timing.energy_accounting[1].boundary_lost_energy,0.0
births[2].optimization.trials[0].timing.energy_accounting[1].expected_in_window_energy,0.38850036971745044
births[2].optimization.trials[0].timing.energy_accounting[1].numerical_energy_relative_error,1.2987399478586702e-06
births[2].optimization.trials[0].timing.energy_accounting[2].view,2
births[2].optimization.trials[0].timing.energy_accounting[2].input_energy,0.5147915513284445
births[2].optimization.trials[0].timing.energy_accounting[2].detected_energy,0.5147910985016393
births[2].optimization.trials[0].timing.energy_accounting[2].relative_energy_difference,8.796313847720827e-07
births[2].optimization.trials[0].timing.energy_accounting[2].projected_count_sum,16777167.118922217
births[2].optimization.trials[0].timing.energy_accounting[2].boundary_checked,True
births[2].optimization.trials[0].timing.energy_accounting[2].boundary_lost_energy,0.0
births[2].optimization.trials[0].timing.energy_accounting[2].expected_in_window_energy,0.5147915513284445
births[2].optimization.trials[0].timing.energy_accounting[2].numerical_energy_relative_error,8.796313847720827e-07
births[2].optimization.trials[0].timing.energy_accounting[3].view,3
births[2].optimization.trials[0].timing.energy_accounting[3].input_energy,0.35853651321713004
births[2].optimization.trials[0].timing.energy_accounting[3].detected_energy,0.35853575286884903
births[2].optimization.trials[0].timing.energy_accounting[3].relative_energy_difference,2.1206997139039476e-06
births[2].optimization.trials[0].timing.energy_accounting[3].projected_count_sum,16777144.255899485
births[2].optimization.trials[0].timing.energy_accounting[3].boundary_checked,True
births[2].optimization.trials[0].timing.energy_accounting[3].boundary_lost_energy,0.0
births[2].optimization.trials[0].timing.energy_accounting[3].expected_in_window_energy,0.35853651321713004
births[2].optimization.trials[0].timing.energy_accounting[3].numerical_energy_relative_error,2.1206997139039476e-06
births[2].optimization.trials[0].timing.root_failures,0
births[2].optimization.trials[0].timing.attachment_residual_max,4.296005154695234e-09
births[2].optimization.trials[0].timing.maximum_displacement,0.004220126984076673
births[2].optimization.trials[0].timing.image_digest,5cd51fc8b6e9f1d393f78440e79f79312f4c9ed3d1a126a329cb69f283fa2bcf
births[2].optimization.trials[0].timing.state_persisted,False
births[2].optimization.trials[0].finite,True
births[2].optimization.realized_gain,3.943498511140096e-05
births[2].optimization.coefficient_limit_hits,0
births[2].optimization.seconds,696.5507597471587
births[2].observation.whole_image_mse,0.007757190264792109
births[2].observation.foreground_mse,0.02705911068492845
births[2].observation.interior_gt8px_mse,0.014005051520397877
births[2].observation.silhouette_0_8px_mse,0.12196858761721491
births[2].observation.foreground_mean_brightness,0.7651886332377182
births[2].observation.edge_sharpness,0.06936847240810329
births[2].observation.reference_edge_sharpness,0.09199675652077396
births[2].observation.edge_sharpness_ratio,0.7540317184164972
births[2].observation.thin_feature_response_ratio,0.4808887998049264
births[2].observation.per_view[0].gradient_magnitude_ratio,0.7682113677132679
births[2].observation.per_view[0].gradient_cosine,0.2774728425201875
births[2].observation.per_view[0].reference_aligned_gradient_energy,2751.88953402987
births[2].observation.per_view[0].unmatched_gradient_energy,836.1224809230823
births[2].observation.per_view[0].excess_hf_weak_reference,0.00017418562572256172
births[2].observation.per_view[0].gradient_squared_error,0.0017061930269713416
births[2].observation.per_view[0].weak_reference_pixels,1624532
births[2].observation.per_view[1].gradient_magnitude_ratio,0.8272024018976724
births[2].observation.per_view[1].gradient_cosine,0.2981725349401978
births[2].observation.per_view[1].reference_aligned_gradient_energy,3115.2517161089777
births[2].observation.per_view[1].unmatched_gradient_energy,859.2356686202223
births[2].observation.per_view[1].excess_hf_weak_reference,0.0001369824941762683
births[2].observation.per_view[1].gradient_squared_error,0.0016680222434288443
births[2].observation.per_view[1].weak_reference_pixels,1644948
births[2].observation.per_view[2].gradient_magnitude_ratio,0.824309697899738
births[2].observation.per_view[2].gradient_cosine,0.3263895957295966
births[2].observation.per_view[2].reference_aligned_gradient_energy,3291.1352926230024
births[2].observation.per_view[2].unmatched_gradient_energy,897.0521720216399
births[2].observation.per_view[2].excess_hf_weak_reference,0.00022632378130064894
births[2].observation.per_view[2].gradient_squared_error,0.0016963911508727668
births[2].observation.per_view[2].weak_reference_pixels,1561449
births[2].observation.per_view[3].gradient_magnitude_ratio,0.8247719112292269
births[2].observation.per_view[3].gradient_cosine,0.3550820965773374
births[2].observation.per_view[3].reference_aligned_gradient_energy,2435.287298607075
births[2].observation.per_view[3].unmatched_gradient_energy,594.2779541551363
births[2].observation.per_view[3].excess_hf_weak_reference,0.00011083329023475596
births[2].observation.per_view[3].gradient_squared_error,0.0011753937655536743
births[2].observation.per_view[3].weak_reference_pixels,1668420
births[2].observation.gradient_magnitude_ratio,0.8111238446849763
births[2].observation.gradient_cosine,0.3142792674418298
births[2].observation.reference_aligned_gradient_energy,2898.3909603422317
births[2].observation.unmatched_gradient_energy,796.6720689300201
births[2].observation.excess_hf_weak_reference,0.00016208129785855874
births[2].observation.gradient_squared_error,0.0015615000467066567
births[2].observation.weak_reference_pixels,1624837.25
births[2].observation.loss,0.0038785942127803584
births[2].observation.detected_energy,5457164.282618472
births[2].observation.relative_rgb_l2,0.2047244234406801
births[2].observation.per_view_mse[0],0.008401265211827848
births[2].observation.per_view_mse[1],0.00898983450729978
births[2].observation.per_view_mse[2],0.008550701540216213
births[2].observation.per_view_mse[3],0.00508695244289899
births[2].observation.foreground_mask_iou[0],0.9841386577869027
births[2].observation.foreground_mask_iou[1],0.981278259021003
births[2].observation.foreground_mask_iou[2],0.9841155407089646
births[2].observation.foreground_mask_iou[3],0.9853065922842682
births[2].observation.squared_image_energy,4826424.125
births[2].geometry.symmetric_chamfer,0.006917058033642569
births[2].geometry.point_to_surface_mean,0.001971286006783138
births[2].geometry.point_to_surface_p95,0.005456019193440626
births[2].geometry.surface_rms,0.002775268226663788
births[2].geometry.normal_consistency,0.9911539774222666
births[2].geometry.normal_error,0.00884602257773337
births[2].geometry.regional_ear_p2s_mean,0.002909628846944684
births[2].geometry.regional_head_p2s_mean,0.0017167545355203876
births[2].geometry.regional_leg_p2s_mean,0.0023802515629962077
births[2].geometry.regional_torso_p2s_mean,0.0015243656549627127
births[2].geometry.bounds[0][0],-0.9971748496001621
births[2].geometry.bounds[0][1],-0.9857655507213664
births[2].geometry.bounds[0][2],-0.7570312212098319
births[2].geometry.bounds[1][0],0.9986215267541276
births[2].geometry.bounds[1][1],0.9632264335200473
births[2].geometry.bounds[1][2],0.7709279186320754
births[2].geometry.surface_area,9.227747713107469
births[2].geometry.components,1
births[2].geometry.maximum_outward_from_unit_sphere,0.3220391935736078
births[2].geometry.maximum_inward_from_unit_sphere,0.8261501198869529
births[2].geometry.radial_deviation_p95,0.6133229603357384
births[2].geometry.gt_extends_outside_unit_sphere,True
births[2].geometry.gt_max_radius,1.5736361939753005
births[2].geometry.source_coverage_distance_p95,0.011523691599535145
births[2].geometry.source_coverage_distance_max,0.021311195050519847
births[2].geometry.source_coverage_samples,65536
births[2].geometry.geometry_seconds,0.4345210660248995
births[2].geometry.geometry_path,runs/v090_matched_birth/geometry/soft_birth3.ply
births[2].geometry.geometry_target,"MC approximation of prepared.gt_field, evaluation only; existing P2S/Chamfer definitions. Current normals updated at every evaluation."
births[2].scoring_seconds,556.6352159020025
births[2].total_seconds,1260.869606635999
births[2].peak_cuda_allocated_mib,2238.884765625
births[2].peak_cuda_reserved_mib,4526.0
births[2].cpu_rss_peak_mib,9754.1328125
births[2].image_path,runs/v090_matched_birth/soft_birth3_trial0.npy
births[3].round,4
births[3].deterministic_id,SOFT:4:26
births[3].center[0],-0.1733548595343743
births[3].center[1],0.6423070150166409
births[3].center[2],0.01327176199061439
births[3].radius,0.31819805153394637
births[3].proposal_source_id,13796559
births[3].zero_set_residual_at_birth,2.6876153544900793e-12
births[3].selected_rank,1
births[3].candidate_bank_size,29
births[3].responsive_fraction,1.0
births[3].predicted_gain,1.567257189195773e-05
births[3].alignment,0.01779438485227235
births[3].jacobian_norm,3.178321632420671
births[3].affected_views,4
births[3].affected_pixels,119904
births[3].coefficient,-0.0017604644089444436
births[3].active_dof_count,4
births[3].born_dof_count,4
births[3].accepted_births,4
births[3].initialized_at_zero,True
births[3].birth_image_jump,0.0
births[3].birth_source_count_change,0
births[3].birth_source_mass_change,0.0
births[3].source_count,16777216
births[3].source_weight_digest,e8a23943d73928dce091768b7789dedd1390b88a2ee2ef22b4e84ad52b924711
births[3].coefficients[0],-0.004214892188890184
births[3].coefficients[1],-0.004218395091943979
births[3].coefficients[2],-0.005560480876966201
births[3].coefficients[3],-0.0017604644089444436
births[3].centers[0][0],0.9242084222220754
births[3].centers[0][1],-0.7874414029902104
births[3].centers[0][2],0.24051096681045483
births[3].centers[1][0],-0.6132633746382647
births[3].centers[1][1],0.5849597623679317
births[3].centers[1][2],-0.1007186479850864
births[3].centers[2][0],-0.876364576698667
births[3].centers[2][1],0.05203772322437324
births[3].centers[2][2],0.6118349018706801
births[3].centers[3][0],-0.1733548595343743
births[3].centers[3][1],0.6423070150166409
births[3].centers[3][2],0.01327176199061439
births[3].radii[0],0.45
births[3].radii[1],0.45
births[3].radii[2],0.45
births[3].radii[3],0.31819805153394637
births[3].realized_gain,4.111524422471162e-05
births[3].optimization.accepted,True
births[3].optimization.linear_solver_failures,0
births[3].optimization.line_search_failures,0
births[3].optimization.trials[0].alpha,1.0
births[3].optimization.trials[0].loss,0.0038374789685556468
births[3].optimization.trials[0].coefficient[0],-0.004214892188890184
births[3].optimization.trials[0].coefficient[1],-0.004218395091943979
births[3].optimization.trials[0].coefficient[2],-0.005560480876966201
births[3].optimization.trials[0].coefficient[3],-0.0017604644089444436
births[3].optimization.trials[0].timing.signature.config_digest,62ca4976cb787bbdbc3fd85b82677cf3aaa45a383158d798e34cfdd3b30c3861
births[3].optimization.trials[0].timing.signature.field_digest,c262097d30d246d7437b6ae3736508e68189236e524ef0748013219b3f7859ca
births[3].optimization.trials[0].timing.signature.count,16777216
births[3].optimization.trials[0].timing.signature.seed,101
births[3].optimization.trials[0].timing.signature.operator_version,v0817_CURRENT_fixed_measure_C3
births[3].optimization.trials[0].timing.signature.shape[0],4
births[3].optimization.trials[0].timing.signature.shape[1],1080
births[3].optimization.trials[0].timing.signature.shape[2],1920
births[3].optimization.trials[0].timing.signature.shape[3],3
births[3].optimization.trials[0].timing.signature.dtype,float32
births[3].optimization.trials[0].timing.signature.source_digest,9381b4a92942668b428be5796e2b9d64f6bd8d03061b3bae9e79517ed34b780e
births[3].optimization.trials[0].timing.signature.centers,6df810a1716003e48f6cc6126076c678033a51b604da09d2fdd5277f858f149a
births[3].optimization.trials[0].timing.signature.radii,9a5bddf551e486f3a66c4f0b9d488ca04169337d8566bf27bde60b65c14b433d
births[3].optimization.trials[0].timing.signature.coefficients,67b7e2d36f98541edcfef9ee93a9c4d87763523f91834b414de211438efa5f27
births[3].optimization.trials[0].timing.source_seconds,61.072582023916766
births[3].optimization.trials[0].timing.transport_seconds,557.8673267459963
births[3].optimization.trials[0].timing.detector_seconds,80.81605117302388
births[3].optimization.trials[0].timing.total_seconds,699.799837914994
births[3].optimization.trials[0].timing.peak_cuda_allocated_mib,682.88037109375
births[3].optimization.trials[0].timing.peak_cuda_reserved_mib,6142.0
births[3].optimization.trials[0].timing.cpu_rss_peak_mib,9754.1328125
births[3].optimization.trials[0].timing.energy_accounting[0].view,0
births[3].optimization.trials[0].timing.energy_accounting[0].input_energy,0.4926339703655164
births[3].optimization.trials[0].timing.energy_accounting[0].detected_energy,0.4926332612823008
births[3].optimization.trials[0].timing.energy_accounting[0].relative_energy_difference,1.439371335107301e-06
births[3].optimization.trials[0].timing.energy_accounting[0].projected_count_sum,16777149.643728528
births[3].optimization.trials[0].timing.energy_accounting[0].boundary_checked,True
births[3].optimization.trials[0].timing.energy_accounting[0].boundary_lost_energy,0.0
births[3].optimization.trials[0].timing.energy_accounting[0].expected_in_window_energy,0.4926339703655164
births[3].optimization.trials[0].timing.energy_accounting[0].numerical_energy_relative_error,1.439371335107301e-06
births[3].optimization.trials[0].timing.energy_accounting[1].view,1
births[3].optimization.trials[0].timing.energy_accounting[1].input_energy,0.38838496416382096
births[3].optimization.trials[0].timing.energy_accounting[1].detected_energy,0.3883844597708311
births[3].optimization.trials[0].timing.energy_accounting[1].relative_energy_difference,1.2986934006600557e-06
births[3].optimization.trials[0].timing.energy_accounting[1].projected_count_sum,16777148.471438069
births[3].optimization.trials[0].timing.energy_accounting[1].boundary_checked,True
births[3].optimization.trials[0].timing.energy_accounting[1].boundary_lost_energy,0.0
births[3].optimization.trials[0].timing.energy_accounting[1].expected_in_window_energy,0.38838496416382096
births[3].optimization.trials[0].timing.energy_accounting[1].numerical_energy_relative_error,1.2986934006600557e-06
births[3].optimization.trials[0].timing.energy_accounting[2].view,2
births[3].optimization.trials[0].timing.energy_accounting[2].input_energy,0.51484903929525
births[3].optimization.trials[0].timing.energy_accounting[2].detected_energy,0.5148485862600105
births[3].optimization.trials[0].timing.energy_accounting[2].relative_energy_difference,8.799380108876395e-07
births[3].optimization.trials[0].timing.energy_accounting[2].projected_count_sum,16777167.17758744
births[3].optimization.trials[0].timing.energy_accounting[2].boundary_checked,True
births[3].optimization.trials[0].timing.energy_accounting[2].boundary_lost_energy,0.0
births[3].optimization.trials[0].timing.energy_accounting[2].expected_in_window_energy,0.51484903929525
births[3].optimization.trials[0].timing.energy_accounting[2].numerical_energy_relative_error,8.799380108876395e-07
births[3].optimization.trials[0].timing.energy_accounting[3].view,3
births[3].optimization.trials[0].timing.energy_accounting[3].input_energy,0.3584875809297659
births[3].optimization.trials[0].timing.energy_accounting[3].detected_energy,0.3584868217485998
births[3].optimization.trials[0].timing.energy_accounting[3].relative_energy_difference,2.117733518494474e-06
births[3].optimization.trials[0].timing.energy_accounting[3].projected_count_sum,16777144.300300822
births[3].optimization.trials[0].timing.energy_accounting[3].boundary_checked,True
births[3].optimization.trials[0].timing.energy_accounting[3].boundary_lost_energy,0.0
births[3].optimization.trials[0].timing.energy_accounting[3].expected_in_window_energy,0.3584875809297659
births[3].optimization.trials[0].timing.energy_accounting[3].numerical_energy_relative_error,2.117733518494474e-06
births[3].optimization.trials[0].timing.root_failures,0
births[3].optimization.trials[0].timing.attachment_residual_max,3.1015192497650754e-08
births[3].optimization.trials[0].timing.maximum_displacement,0.00593227558911498
births[3].optimization.trials[0].timing.image_digest,f05a86803aea88402c55dd0f5c4eb110ebc89fb8a253386cd75d808810956f5c
births[3].optimization.trials[0].timing.state_persisted,False
births[3].optimization.trials[0].finite,True
births[3].optimization.realized_gain,4.111524422471162e-05
births[3].optimization.coefficient_limit_hits,0
births[3].optimization.seconds,702.0026388510596
births[3].observation.whole_image_mse,0.0076749582643862125
births[3].observation.foreground_mse,0.026772188436265682
births[3].observation.interior_gt8px_mse,0.013874953056664236
births[3].observation.silhouette_0_8px_mse,0.12052240490905868
births[3].observation.foreground_mean_brightness,0.7651290052908672
births[3].observation.edge_sharpness,0.06949438975021423
births[3].observation.reference_edge_sharpness,0.09199675652077396
births[3].observation.edge_sharpness_ratio,0.7554004334329065
births[3].observation.thin_feature_response_ratio,0.4836360656465985
births[3].observation.per_view[0].gradient_magnitude_ratio,0.7665467447533292
births[3].observation.per_view[0].gradient_cosine,0.2839589432489808
births[3].observation.per_view[0].reference_aligned_gradient_energy,2752.0434163025043
births[3].observation.per_view[0].unmatched_gradient_energy,820.435852380715
births[3].observation.per_view[0].excess_hf_weak_reference,0.0001687646755082335
births[3].observation.per_view[0].gradient_squared_error,0.001689224209198899
births[3].observation.per_view[0].weak_reference_pixels,1624532
births[3].observation.per_view[1].gradient_magnitude_ratio,0.8257983607170022
births[3].observation.per_view[1].gradient_cosine,0.30245952375141993
births[3].observation.per_view[1].reference_aligned_gradient_energy,3114.492046752663
births[3].observation.per_view[1].unmatched_gradient_energy,846.5146998993365
births[3].observation.per_view[1].excess_hf_weak_reference,0.00013594762458368805
births[3].observation.per_view[1].gradient_squared_error,0.0016560278734339014
births[3].observation.per_view[1].weak_reference_pixels,1644948
births[3].observation.per_view[2].gradient_magnitude_ratio,0.8239677852427509
births[3].observation.per_view[2].gradient_cosine,0.3321631019219272
births[3].observation.per_view[2].reference_aligned_gradient_energy,3289.9021580563094
births[3].observation.per_view[2].unmatched_gradient_energy,894.8116186732581
births[3].observation.per_view[2].excess_hf_weak_reference,0.00022548073985207993
births[3].observation.per_view[2].gradient_squared_error,0.0016817445964039592
births[3].observation.per_view[2].weak_reference_pixels,1561449
births[3].observation.per_view[3].gradient_magnitude_ratio,0.8242160349403398
births[3].observation.per_view[3].gradient_cosine,0.36013961497302316
births[3].observation.per_view[3].reference_aligned_gradient_energy,2438.013966894809
births[3].observation.per_view[3].unmatched_gradient_energy,587.468954842967
births[3].observation.per_view[3].excess_hf_weak_reference,0.00011159359003153845
births[3].observation.per_view[3].gradient_squared_error,0.0011658803880843617
births[3].observation.per_view[3].weak_reference_pixels,1668420
births[3].observation.gradient_magnitude_ratio,0.8101322314133556
births[3].observation.gradient_cosine,0.31968029597383774
births[3].observation.reference_aligned_gradient_energy,2898.612897001571
births[3].observation.unmatched_gradient_energy,787.3077814490691
births[3].observation.excess_hf_weak_reference,0.00016044665749388498
births[3].observation.gradient_squared_error,0.0015482192667802804
births[3].observation.weak_reference_pixels,1624837.25
births[3].observation.loss,0.0038374789685556468
births[3].observation.detected_energy,5456739.972746436
births[3].observation.relative_rgb_l2,0.20363643637334095
births[3].observation.per_view_mse[0],0.008283246189599445
births[3].observation.per_view_mse[1],0.008885778104968099
births[3].observation.per_view_mse[2],0.008471501774658422
births[3].observation.per_view_mse[3],0.005059305679219221
births[3].observation.foreground_mask_iou[0],0.984258094390148
births[3].observation.foreground_mask_iou[1],0.9814041393206884
births[3].observation.foreground_mask_iou[2],0.984280010448151
births[3].observation.foreground_mask_iou[3],0.985397670849508
births[3].observation.squared_image_energy,4824664.5625
births[3].geometry.symmetric_chamfer,0.0068405164633574215
births[3].geometry.point_to_surface_mean,0.001964538478572882
births[3].geometry.point_to_surface_p95,0.00563491968952676
births[3].geometry.surface_rms,0.0027996582782844133
births[3].geometry.normal_consistency,0.9911581044573492
births[3].geometry.normal_error,0.008841895542650802
births[3].geometry.regional_ear_p2s_mean,0.002954253382258236
births[3].geometry.regional_head_p2s_mean,0.0017208895601764284
births[3].geometry.regional_leg_p2s_mean,0.0023390573337991444
births[3].geometry.regional_torso_p2s_mean,0.0015171044413119913
births[3].geometry.bounds[0][0],-0.9971823062536851
births[3].geometry.bounds[0][1],-0.9857655507213664
births[3].geometry.bounds[0][2],-0.7570312212098319
births[3].geometry.bounds[1][0],0.9986436376031842
births[3].geometry.bounds[1][1],0.9632264335200473
births[3].geometry.bounds[1][2],0.7709279186320754
births[3].geometry.surface_area,9.230418073705822
births[3].geometry.components,1
births[3].geometry.maximum_outward_from_unit_sphere,0.3220391935736078
births[3].geometry.maximum_inward_from_unit_sphere,0.8261501198869529
births[3].geometry.radial_deviation_p95,0.613292351454225
births[3].geometry.gt_extends_outside_unit_sphere,True
births[3].geometry.gt_max_radius,1.5736361939753005
births[3].geometry.source_coverage_distance_p95,0.01164170615685183
births[3].geometry.source_coverage_distance_max,0.023433504822451812
births[3].geometry.source_coverage_samples,65536
births[3].geometry.geometry_seconds,0.43913941783830523
births[3].geometry.geometry_path,runs/v090_matched_birth/geometry/soft_birth4.ply
births[3].geometry.geometry_target,"MC approximation of prepared.gt_field, evaluation only; existing P2S/Chamfer definitions. Current normals updated at every evaluation."
births[3].scoring_seconds,597.3378197799902
births[3].total_seconds,1306.8039501379244
births[3].peak_cuda_allocated_mib,2248.91748046875
births[3].peak_cuda_reserved_mib,6142.0
births[3].cpu_rss_peak_mib,9754.1328125
births[3].image_path,runs/v090_matched_birth/soft_birth4_trial0.npy
births[3].checkpoint_image,runs/v090_matched_birth/soft_checkpoint4.npy
births[4].round,5
births[4].deterministic_id,SOFT:5:15
births[4].center[0],0.4418310190020788
births[4].center[1],-0.7108344282511301
births[4].center[2],0.6351501129365191
births[4].radius,0.45
births[4].proposal_source_id,16196027
births[4].zero_set_residual_at_birth,8.412839649658623e-17
births[4].selected_rank,1
births[4].candidate_bank_size,28
births[4].responsive_fraction,1.0
births[4].predicted_gain,1.2867168976631236e-05
births[4].alignment,0.012296748870338796
births[4].jacobian_norm,2.4240066117624672
births[4].affected_views,4
births[4].affected_pixels,221854
births[4].coefficient,-0.002092761172572049
births[4].active_dof_count,5
births[4].born_dof_count,5
births[4].accepted_births,5
births[4].initialized_at_zero,True
births[4].birth_image_jump,0.0
births[4].birth_source_count_change,0
births[4].birth_source_mass_change,0.0
births[4].source_count,16777216
births[4].source_weight_digest,e8a23943d73928dce091768b7789dedd1390b88a2ee2ef22b4e84ad52b924711
births[4].coefficients[0],-0.0042423394779963885
births[4].coefficients[1],-0.004408491413451887
births[4].coefficients[2],-0.006320968962597161
births[4].coefficients[3],-0.0035619580615064315
births[4].coefficients[4],-0.002092761172572049
births[4].centers[0][0],0.9242084222220754
births[4].centers[0][1],-0.7874414029902104
births[4].centers[0][2],0.24051096681045483
births[4].centers[1][0],-0.6132633746382647
births[4].centers[1][1],0.5849597623679317
births[4].centers[1][2],-0.1007186479850864
births[4].centers[2][0],-0.876364576698667
births[4].centers[2][1],0.05203772322437324
births[4].centers[2][2],0.6118349018706801
births[4].centers[3][0],-0.1733548595343743
births[4].centers[3][1],0.6423070150166409
births[4].centers[3][2],0.01327176199061439
births[4].centers[4][0],0.4418310190020788
births[4].centers[4][1],-0.7108344282511301
births[4].centers[4][2],0.6351501129365191
births[4].radii[0],0.45
births[4].radii[1],0.45
births[4].radii[2],0.45
births[4].radii[3],0.31819805153394637
births[4].radii[4],0.45
births[4].realized_gain,5.298194205256585e-05
births[4].optimization.accepted,True
births[4].optimization.linear_solver_failures,0
births[4].optimization.line_search_failures,0
births[4].optimization.trials[0].alpha,1.0
births[4].optimization.trials[0].loss,0.003784497026503081
births[4].optimization.trials[0].coefficient[0],-0.0042423394779963885
births[4].optimization.trials[0].coefficient[1],-0.004408491413451887
births[4].optimization.trials[0].coefficient[2],-0.006320968962597161
births[4].optimization.trials[0].coefficient[3],-0.0035619580615064315
births[4].optimization.trials[0].coefficient[4],-0.002092761172572049
births[4].optimization.trials[0].timing.signature.config_digest,62ca4976cb787bbdbc3fd85b82677cf3aaa45a383158d798e34cfdd3b30c3861
births[4].optimization.trials[0].timing.signature.field_digest,c262097d30d246d7437b6ae3736508e68189236e524ef0748013219b3f7859ca
births[4].optimization.trials[0].timing.signature.count,16777216
births[4].optimization.trials[0].timing.signature.seed,101
births[4].optimization.trials[0].timing.signature.operator_version,v0817_CURRENT_fixed_measure_C3
births[4].optimization.trials[0].timing.signature.shape[0],4
births[4].optimization.trials[0].timing.signature.shape[1],1080
births[4].optimization.trials[0].timing.signature.shape[2],1920
births[4].optimization.trials[0].timing.signature.shape[3],3
births[4].optimization.trials[0].timing.signature.dtype,float32
births[4].optimization.trials[0].timing.signature.source_digest,9381b4a92942668b428be5796e2b9d64f6bd8d03061b3bae9e79517ed34b780e
births[4].optimization.trials[0].timing.signature.centers,43765bf5c836370f4a484f5d17ed22e12c4aee7707681d011275672a946eadf2
births[4].optimization.trials[0].timing.signature.radii,8ce9d3d00e354d5cc6cf92fcbc8adcefb79943ad712cd166f8207923840e385c
births[4].optimization.trials[0].timing.signature.coefficients,dc3e6bf594b89744fd2822bd30ba9ef700ab978f895fdb0f7744523675ebdebf
births[4].optimization.trials[0].timing.source_seconds,61.195532721001655
births[4].optimization.trials[0].timing.transport_seconds,569.6615959699266
births[4].optimization.trials[0].timing.detector_seconds,80.56974259205163
births[4].optimization.trials[0].timing.total_seconds,711.4861691088881
births[4].optimization.trials[0].timing.peak_cuda_allocated_mib,685.53955078125
births[4].optimization.trials[0].timing.peak_cuda_reserved_mib,7806.0
births[4].optimization.trials[0].timing.cpu_rss_peak_mib,9754.1328125
births[4].optimization.trials[0].timing.energy_accounting[0].view,0
births[4].optimization.trials[0].timing.energy_accounting[0].input_energy,0.4927081701926172
births[4].optimization.trials[0].timing.energy_accounting[0].detected_energy,0.49270746125319165
births[4].optimization.trials[0].timing.energy_accounting[0].relative_energy_difference,1.4388627354730674e-06
births[4].optimization.trials[0].timing.energy_accounting[0].projected_count_sum,16777149.661740674
births[4].optimization.trials[0].timing.energy_accounting[0].boundary_checked,True
births[4].optimization.trials[0].timing.energy_accounting[0].boundary_lost_energy,0.0
births[4].optimization.trials[0].timing.energy_accounting[0].expected_in_window_energy,0.4927081701926172
births[4].optimization.trials[0].timing.energy_accounting[0].numerical_energy_relative_error,1.4388627354730674e-06
births[4].optimization.trials[0].timing.energy_accounting[1].view,1
births[4].optimization.trials[0].timing.energy_accounting[1].input_energy,0.38835761143642156
births[4].optimization.trials[0].timing.energy_accounting[1].detected_energy,0.38835710759409353
births[4].optimization.trials[0].timing.energy_accounting[1].relative_energy_difference,1.297366945280481e-06
births[4].optimization.trials[0].timing.energy_accounting[1].projected_count_sum,16777148.533857055
births[4].optimization.trials[0].timing.energy_accounting[1].boundary_checked,True
births[4].optimization.trials[0].timing.energy_accounting[1].boundary_lost_energy,0.0
births[4].optimization.trials[0].timing.energy_accounting[1].expected_in_window_energy,0.38835761143642156
births[4].optimization.trials[0].timing.energy_accounting[1].numerical_energy_relative_error,1.297366945280481e-06
births[4].optimization.trials[0].timing.energy_accounting[2].view,2
births[4].optimization.trials[0].timing.energy_accounting[2].input_energy,0.5148971120081335
births[4].optimization.trials[0].timing.energy_accounting[2].detected_energy,0.5148966590462305
births[4].optimization.trials[0].timing.energy_accounting[2].relative_energy_difference,8.79713427055834e-07
births[4].optimization.trials[0].timing.energy_accounting[2].projected_count_sum,16777167.144670548
births[4].optimization.trials[0].timing.energy_accounting[2].boundary_checked,True
births[4].optimization.trials[0].timing.energy_accounting[2].boundary_lost_energy,0.0
births[4].optimization.trials[0].timing.energy_accounting[2].expected_in_window_energy,0.5148971120081335
births[4].optimization.trials[0].timing.energy_accounting[2].numerical_energy_relative_error,8.79713427055834e-07
births[4].optimization.trials[0].timing.energy_accounting[3].view,3
births[4].optimization.trials[0].timing.energy_accounting[3].input_energy,0.3584265204697107
births[4].optimization.trials[0].timing.energy_accounting[3].detected_energy,0.3584257618398158
births[4].optimization.trials[0].timing.energy_accounting[3].relative_energy_difference,2.1165562579170684e-06
births[4].optimization.trials[0].timing.energy_accounting[3].projected_count_sum,16777144.311770793
births[4].optimization.trials[0].timing.energy_accounting[3].boundary_checked,True
births[4].optimization.trials[0].timing.energy_accounting[3].boundary_lost_energy,0.0
births[4].optimization.trials[0].timing.energy_accounting[3].expected_in_window_energy,0.3584265204697107
births[4].optimization.trials[0].timing.energy_accounting[3].numerical_energy_relative_error,2.1165562579170684e-06
births[4].optimization.trials[0].timing.root_failures,0
births[4].optimization.trials[0].timing.attachment_residual_max,6.210419032135579e-08
births[4].optimization.trials[0].timing.maximum_displacement,0.006743224605065335
births[4].optimization.trials[0].timing.image_digest,601a6dd7906197a8cd5164a78ef4616281af443d4289d8ff6806f8cc6d9b9b78
births[4].optimization.trials[0].timing.state_persisted,False
births[4].optimization.trials[0].finite,True
births[4].optimization.realized_gain,5.298194205256585e-05
births[4].optimization.coefficient_limit_hits,0
births[4].optimization.seconds,713.7457694329787
births[4].observation.whole_image_mse,0.007568993352568199
births[4].observation.foreground_mse,0.026402456167499776
births[4].observation.interior_gt8px_mse,0.013678485130423289
births[4].observation.silhouette_0_8px_mse,0.11889934078022313
births[4].observation.foreground_mean_brightness,0.7651435354401734
births[4].observation.edge_sharpness,0.06960141482396122
births[4].observation.reference_edge_sharpness,0.09199675652077396
births[4].observation.edge_sharpness_ratio,0.756563790466291
births[4].observation.thin_feature_response_ratio,0.4867537285114195
births[4].observation.per_view[0].gradient_magnitude_ratio,0.764728035729894
births[4].observation.per_view[0].gradient_cosine,0.2958924720122916
births[4].observation.per_view[0].reference_aligned_gradient_energy,2752.181773256476
births[4].observation.per_view[0].unmatched_gradient_energy,803.3654750948687
births[4].observation.per_view[0].excess_hf_weak_reference,0.00016532051789720485
births[4].observation.per_view[0].gradient_squared_error,0.0016598982950994045
births[4].observation.per_view[0].weak_reference_pixels,1624532
births[4].observation.per_view[1].gradient_magnitude_ratio,0.8239892272418505
births[4].observation.per_view[1].gradient_cosine,0.31434091806746406
births[4].observation.per_view[1].reference_aligned_gradient_energy,3106.814764786474
births[4].observation.per_view[1].unmatched_gradient_energy,836.8556907639626
births[4].observation.per_view[1].excess_hf_weak_reference,0.00013414039339534295
births[4].observation.per_view[1].gradient_squared_error,0.0016259569671085692
births[4].observation.per_view[1].weak_reference_pixels,1644948
births[4].observation.per_view[2].gradient_magnitude_ratio,0.8236030259709797
births[4].observation.per_view[2].gradient_cosine,0.33902766635500475
births[4].observation.per_view[2].reference_aligned_gradient_energy,3295.2157563854403
births[4].observation.per_view[2].unmatched_gradient_energy,885.793809291246
births[4].observation.per_view[2].excess_hf_weak_reference,0.00022431921284744928
births[4].observation.per_view[2].gradient_squared_error,0.0016644060664214545
births[4].observation.per_view[2].weak_reference_pixels,1561449
births[4].observation.per_view[3].gradient_magnitude_ratio,0.8240026638993561
births[4].observation.per_view[3].gradient_cosine,0.3606681514746329
births[4].observation.per_view[3].reference_aligned_gradient_energy,2437.59552051711
births[4].observation.per_view[3].unmatched_gradient_energy,586.321144671741
births[4].observation.per_view[3].excess_hf_weak_reference,0.00011256800339131652
births[4].observation.per_view[3].gradient_squared_error,0.0011647323771360016
births[4].observation.per_view[3].weak_reference_pixels,1668420
births[4].observation.gradient_magnitude_ratio,0.8090807382105201
births[4].observation.gradient_cosine,0.3274823019773483
births[4].observation.reference_aligned_gradient_energy,2897.951953736375
births[4].observation.unmatched_gradient_energy,778.0840299554545
births[4].observation.excess_hf_weak_reference,0.00015908703188282838
births[4].observation.gradient_squared_error,0.0015287484264413574
births[4].observation.weak_reference_pixels,1624837.25
births[4].observation.loss,0.003784497026503081
births[4].observation.detected_energy,5456845.292957849
births[4].observation.relative_rgb_l2,0.20222580286976988
births[4].observation.per_view_mse[0],0.008123443302298134
births[4].observation.per_view_mse[1],0.008698817141138421
births[4].observation.per_view_mse[2],0.008394505773937869
births[4].observation.per_view_mse[3],0.005059209994650245
births[4].observation.foreground_mask_iou[0],0.9844880476934653
births[4].observation.foreground_mask_iou[1],0.981576056375767
births[4].observation.foreground_mask_iou[2],0.9843953593545007
births[4].observation.foreground_mask_iou[3],0.9854000184309957
births[4].observation.squared_image_energy,4823651.1875
births[4].geometry.symmetric_chamfer,0.006870936551097976
births[4].geometry.point_to_surface_mean,0.001988033753482995
births[4].geometry.point_to_surface_p95,0.0056861907915681555
births[4].geometry.surface_rms,0.002811386640640834
births[4].geometry.normal_consistency,0.9910894178633383
births[4].geometry.normal_error,0.008910582136661738
births[4].geometry.regional_ear_p2s_mean,0.0030028066535300988
births[4].geometry.regional_head_p2s_mean,0.0017067236816600557
births[4].geometry.regional_leg_p2s_mean,0.0023679737614500855
births[4].geometry.regional_torso_p2s_mean,0.0015386282766168286
births[4].geometry.bounds[0][0],-0.9971849981343971
births[4].geometry.bounds[0][1],-0.9857655507213664
births[4].geometry.bounds[0][2],-0.7570312212098319
births[4].geometry.bounds[1][0],0.9986510078862028
births[4].geometry.bounds[1][1],0.9632264335200473
births[4].geometry.bounds[1][2],0.7709293005601416
births[4].geometry.surface_area,9.23252221930774
births[4].geometry.components,1
births[4].geometry.maximum_outward_from_unit_sphere,0.3220391935736078
births[4].geometry.maximum_inward_from_unit_sphere,0.8261501198869529
births[4].geometry.radial_deviation_p95,0.6132505923468025
births[4].geometry.gt_extends_outside_unit_sphere,True
births[4].geometry.gt_max_radius,1.5736361939753005
births[4].geometry.source_coverage_distance_p95,0.01157446924923195
births[4].geometry.source_coverage_distance_max,0.020948146531791983
births[4].geometry.source_coverage_samples,65536
births[4].geometry.geometry_seconds,0.44531435100361705
births[4].geometry.geometry_path,runs/v090_matched_birth/geometry/soft_birth5.ply
births[4].geometry.geometry_target,"MC approximation of prepared.gt_field, evaluation only; existing P2S/Chamfer definitions. Current normals updated at every evaluation."
births[4].scoring_seconds,599.5867390308995
births[4].total_seconds,1320.8348461389542
births[4].peak_cuda_allocated_mib,2249.4638671875
births[4].peak_cuda_reserved_mib,7806.0
births[4].cpu_rss_peak_mib,9754.1328125
births[4].image_path,runs/v090_matched_birth/soft_birth5_trial0.npy
births[5].round,6
births[5].deterministic_id,SOFT:6:6
births[5].center[0],0.0703718278615308
births[5].center[1],-0.2125887304320564
births[5].center[2],0.7290990222328824
births[5].radius,0.45
births[5].proposal_source_id,12844824
births[5].zero_set_residual_at_birth,7.141131674441351e-17
births[5].selected_rank,1
births[5].candidate_bank_size,27
births[5].responsive_fraction,1.0
births[5].predicted_gain,1.1555934956664344e-05
births[5].alignment,0.010070088018777923
births[5].jacobian_norm,2.094670514483058
births[5].affected_views,3
births[5].affected_pixels,210733
births[5].coefficient,-0.002294869720289463
births[5].active_dof_count,6
births[5].born_dof_count,6
births[5].accepted_births,6
births[5].initialized_at_zero,True
births[5].birth_image_jump,0.0
births[5].birth_source_count_change,0
births[5].birth_source_mass_change,0.0
births[5].source_count,16777216
births[5].source_weight_digest,e8a23943d73928dce091768b7789dedd1390b88a2ee2ef22b4e84ad52b924711
births[5].coefficients[0],-0.004250641345221852
births[5].coefficients[1],-0.004501650497532121
births[5].coefficients[2],-0.006595354477066527
births[5].coefficients[3],-0.005265719346888312
births[5].coefficients[4],-0.003684844610310731
births[5].coefficients[5],-0.002294869720289463
births[5].centers[0][0],0.9242084222220754
births[5].centers[0][1],-0.7874414029902104
births[5].centers[0][2],0.24051096681045483
births[5].centers[1][0],-0.6132633746382647
births[5].centers[1][1],0.5849597623679317
births[5].centers[1][2],-0.1007186479850864
births[5].centers[2][0],-0.876364576698667
births[5].centers[2][1],0.05203772322437324
births[5].centers[2][2],0.6118349018706801
births[5].centers[3][0],-0.1733548595343743
births[5].centers[3][1],0.6423070150166409
births[5].centers[3][2],0.01327176199061439
births[5].centers[4][0],0.4418310190020788
births[5].centers[4][1],-0.7108344282511301
births[5].centers[4][2],0.6351501129365191
births[5].centers[5][0],0.0703718278615308
births[5].centers[5][1],-0.2125887304320564
births[5].centers[5][2],0.7290990222328824
births[5].radii[0],0.45
births[5].radii[1],0.45
births[5].radii[2],0.45
births[5].radii[3],0.31819805153394637
births[5].radii[4],0.45
births[5].radii[5],0.45
births[5].realized_gain,4.8917616071309736e-05
births[5].optimization.accepted,True
births[5].optimization.linear_solver_failures,0
births[5].optimization.line_search_failures,0
births[5].optimization.trials[0].alpha,1.0
births[5].optimization.trials[0].loss,0.003735579410431771
births[5].optimization.trials[0].coefficient[0],-0.004250641345221852
births[5].optimization.trials[0].coefficient[1],-0.004501650497532121
births[5].optimization.trials[0].coefficient[2],-0.006595354477066527
births[5].optimization.trials[0].coefficient[3],-0.005265719346888312
births[5].optimization.trials[0].coefficient[4],-0.003684844610310731
births[5].optimization.trials[0].coefficient[5],-0.002294869720289463
births[5].optimization.trials[0].timing.signature.config_digest,62ca4976cb787bbdbc3fd85b82677cf3aaa45a383158d798e34cfdd3b30c3861
births[5].optimization.trials[0].timing.signature.field_digest,c262097d30d246d7437b6ae3736508e68189236e524ef0748013219b3f7859ca
births[5].optimization.trials[0].timing.signature.count,16777216
births[5].optimization.trials[0].timing.signature.seed,101
births[5].optimization.trials[0].timing.signature.operator_version,v0817_CURRENT_fixed_measure_C3
births[5].optimization.trials[0].timing.signature.shape[0],4
births[5].optimization.trials[0].timing.signature.shape[1],1080
births[5].optimization.trials[0].timing.signature.shape[2],1920
births[5].optimization.trials[0].timing.signature.shape[3],3
births[5].optimization.trials[0].timing.signature.dtype,float32
births[5].optimization.trials[0].timing.signature.source_digest,9381b4a92942668b428be5796e2b9d64f6bd8d03061b3bae9e79517ed34b780e
births[5].optimization.trials[0].timing.signature.centers,3f3ca96ac05260b47778cb647e69b227eb5d5db7d64a0b08f873dbba04bebfc8
births[5].optimization.trials[0].timing.signature.radii,fc5cac2e4241d81e55b3b0ef3187a0020deed13a5967f531a77a82d2aab6141b
births[5].optimization.trials[0].timing.signature.coefficients,cdccd67ae6cce2dc1c8a1b4852d52f240f603dfe5f2cac0b355b00f166cdc524
births[5].optimization.trials[0].timing.source_seconds,61.42901705019176
births[5].optimization.trials[0].timing.transport_seconds,591.5381537079811
births[5].optimization.trials[0].timing.detector_seconds,83.54346947395243
births[5].optimization.trials[0].timing.total_seconds,736.555184249999
births[5].optimization.trials[0].timing.peak_cuda_allocated_mib,689.6826171875
births[5].optimization.trials[0].timing.peak_cuda_reserved_mib,9520.0
births[5].optimization.trials[0].timing.cpu_rss_peak_mib,9754.1328125
births[5].optimization.trials[0].timing.energy_accounting[0].view,0
births[5].optimization.trials[0].timing.energy_accounting[0].input_energy,0.49279356690774956
births[5].optimization.trials[0].timing.energy_accounting[0].detected_energy,0.4927928582444461
births[5].optimization.trials[0].timing.energy_accounting[0].relative_energy_difference,1.4380530734815505e-06
births[5].optimization.trials[0].timing.energy_accounting[0].projected_count_sum,16777149.742851619
births[5].optimization.trials[0].timing.energy_accounting[0].boundary_checked,True
births[5].optimization.trials[0].timing.energy_accounting[0].boundary_lost_energy,0.0
births[5].optimization.trials[0].timing.energy_accounting[0].expected_in_window_energy,0.49279356690774956
births[5].optimization.trials[0].timing.energy_accounting[0].numerical_energy_relative_error,1.4380530734815505e-06
births[5].optimization.trials[0].timing.energy_accounting[1].view,1
births[5].optimization.trials[0].timing.energy_accounting[1].input_energy,0.38828176016956667
births[5].optimization.trials[0].timing.energy_accounting[1].detected_energy,0.38828125649310863
births[5].optimization.trials[0].timing.energy_accounting[1].relative_energy_difference,1.2971931975926948e-06
births[5].optimization.trials[0].timing.energy_accounting[1].projected_count_sum,16777148.517293904
births[5].optimization.trials[0].timing.energy_accounting[1].boundary_checked,True
births[5].optimization.trials[0].timing.energy_accounting[1].boundary_lost_energy,0.0
births[5].optimization.trials[0].timing.energy_accounting[1].expected_in_window_energy,0.38828176016956667
births[5].optimization.trials[0].timing.energy_accounting[1].numerical_energy_relative_error,1.2971931975926948e-06
births[5].optimization.trials[0].timing.energy_accounting[2].view,2
births[5].optimization.trials[0].timing.energy_accounting[2].input_energy,0.5149333420073925
births[5].optimization.trials[0].timing.energy_accounting[2].detected_energy,0.5149328891837539
births[5].optimization.trials[0].timing.energy_accounting[2].relative_energy_difference,8.793830223163072e-07
births[5].optimization.trials[0].timing.energy_accounting[2].projected_count_sum,16777167.154685576
births[5].optimization.trials[0].timing.energy_accounting[2].boundary_checked,True
births[5].optimization.trials[0].timing.energy_accounting[2].boundary_lost_energy,0.0
births[5].optimization.trials[0].timing.energy_accounting[2].expected_in_window_energy,0.5149333420073925
births[5].optimization.trials[0].timing.energy_accounting[2].numerical_energy_relative_error,8.793830223163072e-07
births[5].optimization.trials[0].timing.energy_accounting[3].view,3
births[5].optimization.trials[0].timing.energy_accounting[3].input_energy,0.3584116162970959
births[5].optimization.trials[0].timing.energy_accounting[3].detected_energy,0.35841085880833284
births[5].optimization.trials[0].timing.energy_accounting[3].relative_energy_difference,2.1134604142406776e-06
births[5].optimization.trials[0].timing.energy_accounting[3].projected_count_sum,16777144.399063665
births[5].optimization.trials[0].timing.energy_accounting[3].boundary_checked,True
births[5].optimization.trials[0].timing.energy_accounting[3].boundary_lost_energy,0.0
births[5].optimization.trials[0].timing.energy_accounting[3].expected_in_window_energy,0.3584116162970959
births[5].optimization.trials[0].timing.energy_accounting[3].numerical_energy_relative_error,2.1134604142406776e-06
births[5].optimization.trials[0].timing.root_failures,0
births[5].optimization.trials[0].timing.attachment_residual_max,1.025216321705975e-07
births[5].optimization.trials[0].timing.maximum_displacement,0.007208563334087529
births[5].optimization.trials[0].timing.image_digest,730d92274f93d525039906fe5d86d879d17d3692951b85df8cedfab09e7cf5eb
births[5].optimization.trials[0].timing.state_persisted,False
births[5].optimization.trials[0].finite,True
births[5].optimization.realized_gain,4.8917616071309736e-05
births[5].optimization.coefficient_limit_hits,0
births[5].optimization.seconds,738.8515320150182
births[5].observation.whole_image_mse,0.0074711598682796025
births[5].observation.foreground_mse,0.026061087486326937
births[5].observation.interior_gt8px_mse,0.013520421175803073
births[5].observation.silhouette_0_8px_mse,0.11720606497237143
births[5].observation.foreground_mean_brightness,0.7651570314775266
births[5].observation.edge_sharpness,0.06974234884480568
births[5].observation.reference_edge_sharpness,0.09199675652077396
births[5].observation.edge_sharpness_ratio,0.7580957360062691
births[5].observation.thin_feature_response_ratio,0.4908159903546634
births[5].observation.per_view[0].gradient_magnitude_ratio,0.763275873866581
births[5].observation.per_view[0].gradient_cosine,0.3119030668714208
births[5].observation.per_view[0].reference_aligned_gradient_energy,2754.7911127822745
births[5].observation.per_view[0].unmatched_gradient_energy,787.2655151639373
births[5].observation.per_view[0].excess_hf_weak_reference,0.0001624246518937324
births[5].observation.per_view[0].gradient_squared_error,0.001622074395945172
births[5].observation.per_view[0].weak_reference_pixels,1624532
births[5].observation.per_view[1].gradient_magnitude_ratio,0.8225954205397111
births[5].observation.per_view[1].gradient_cosine,0.3196414893130958
births[5].observation.per_view[1].reference_aligned_gradient_energy,3106.0843882765
births[5].observation.per_view[1].unmatched_gradient_energy,824.2556372445218
births[5].observation.per_view[1].excess_hf_weak_reference,0.00013387191400973918
births[5].observation.per_view[1].gradient_squared_error,0.001611756365897279
births[5].observation.per_view[1].weak_reference_pixels,1644948
births[5].observation.per_view[2].gradient_magnitude_ratio,0.8232658814767038
births[5].observation.per_view[2].gradient_cosine,0.3448761831928093
births[5].observation.per_view[2].reference_aligned_gradient_energy,3301.267032478052
births[5].observation.per_view[2].unmatched_gradient_energy,876.3202149259985
births[5].observation.per_view[2].excess_hf_weak_reference,0.00022361749486009982
births[5].observation.per_view[2].gradient_squared_error,0.001649608421483877
births[5].observation.per_view[2].weak_reference_pixels,1561449
births[5].observation.per_view[3].gradient_magnitude_ratio,0.8232296356739596
births[5].observation.per_view[3].gradient_cosine,0.37693699916019807
births[5].observation.per_view[3].reference_aligned_gradient_energy,2444.2589582980286
births[5].observation.per_view[3].unmatched_gradient_energy,573.9866658789831
births[5].observation.per_view[3].excess_hf_weak_reference,0.00011129256589869705
births[5].observation.per_view[3].gradient_squared_error,0.0011351986838115749
births[5].observation.per_view[3].weak_reference_pixels,1668420
births[5].observation.gradient_magnitude_ratio,0.8080917028892389
births[5].observation.gradient_cosine,0.338339434634381
births[5].observation.reference_aligned_gradient_energy,2901.6003729587137
births[5].observation.unmatched_gradient_energy,765.4570083033602
births[5].observation.excess_hf_weak_reference,0.0001578016566655671
births[5].observation.gradient_squared_error,0.0015046594667844756
births[5].observation.weak_reference_pixels,1624837.25
births[5].observation.loss,0.003735579410431771
births[5].observation.detected_energy,5456941.320284871
births[5].observation.relative_rgb_l2,0.20091458777521856
births[5].observation.per_view_mse[0],0.00799320974272398
births[5].observation.per_view_mse[1],0.008603089407406488
births[5].observation.per_view_mse[2],0.008334729304041392
births[5].observation.per_view_mse[3],0.004953606829282263
births[5].observation.foreground_mask_iou[0],0.9848410308439486
births[5].observation.foreground_mask_iou[1],0.9816731388232941
births[5].observation.foreground_mask_iou[2],0.984514879148893
births[5].observation.foreground_mask_iou[3],0.9856127555616573
births[5].observation.squared_image_energy,4822412.125
births[5].geometry.symmetric_chamfer,0.0068346159031535065
births[5].geometry.point_to_surface_mean,0.001965792014626376
births[5].geometry.point_to_surface_p95,0.00563719929471799
births[5].geometry.surface_rms,0.0027982089285336666
births[5].geometry.normal_consistency,0.9913376197203163
births[5].geometry.normal_error,0.00866238027968369
births[5].geometry.regional_ear_p2s_mean,0.0029111066499642913
births[5].geometry.regional_head_p2s_mean,0.0017141978422000007
births[5].geometry.regional_leg_p2s_mean,0.002360750712405858
births[5].geometry.regional_torso_p2s_mean,0.0015220876421210682
births[5].geometry.bounds[0][0],-0.9971859770001105
births[5].geometry.bounds[0][1],-0.9857655507213664
births[5].geometry.bounds[0][2],-0.7570312212098319
births[5].geometry.bounds[1][0],0.9986533110996463
births[5].geometry.bounds[1][1],0.9632264335200473
births[5].geometry.bounds[1][2],0.771189333357901
births[5].geometry.surface_area,9.234902052689417
births[5].geometry.components,1
births[5].geometry.maximum_outward_from_unit_sphere,0.3220391935736078
births[5].geometry.maximum_inward_from_unit_sphere,0.8261501198869529
births[5].geometry.radial_deviation_p95,0.61323887376165
births[5].geometry.gt_extends_outside_unit_sphere,True
births[5].geometry.gt_max_radius,1.5736361939753005
births[5].geometry.source_coverage_distance_p95,0.011600107557427991
births[5].geometry.source_coverage_distance_max,0.02289228027187538
births[5].geometry.source_coverage_samples,65536
births[5].geometry.geometry_seconds,0.4501637239009142
births[5].geometry.geometry_path,runs/v090_matched_birth/geometry/soft_birth6.ply
births[5].geometry.geometry_target,"MC approximation of prepared.gt_field, evaluation only; existing P2S/Chamfer definitions. Current normals updated at every evaluation."
births[5].scoring_seconds,609.4414626760408
births[5].total_seconds,1355.7950776361395
births[5].peak_cuda_allocated_mib,2251.5791015625
births[5].peak_cuda_reserved_mib,9520.0
births[5].cpu_rss_peak_mib,9754.1328125
births[5].image_path,runs/v090_matched_birth/soft_birth6_trial0.npy
births[6].round,7
births[6].deterministic_id,SOFT:7:13
births[6].center[0],-0.6147252946216827
births[6].center[1],0.8532673741664158
births[6].center[2],-0.7490313171302732
births[6].radius,0.45
births[6].proposal_source_id,6487717
births[6].zero_set_residual_at_birth,9.96160929384518e-10
births[6].selected_rank,1
births[6].candidate_bank_size,26
births[6].responsive_fraction,1.0
births[6].predicted_gain,1.0699641566918991e-05
births[6].alignment,0.0305483278348673
births[6].jacobian_norm,6.603707515547864
births[6].affected_views,4
births[6].affected_pixels,79430
births[6].coefficient,-0.0007005057700054871
births[6].active_dof_count,7
births[6].born_dof_count,7
births[6].accepted_births,7
births[6].initialized_at_zero,True
births[6].birth_image_jump,0.0
births[6].birth_source_count_change,0
births[6].birth_source_mass_change,0.0
births[6].source_count,16777216
births[6].source_weight_digest,e8a23943d73928dce091768b7789dedd1390b88a2ee2ef22b4e84ad52b924711
births[6].coefficients[0],-0.004252776706770714
births[6].coefficients[1],-0.0045488299278229095
births[6].coefficients[2],-0.0067034714164635285
births[6].coefficients[3],-0.006610399620237702
births[6].coefficients[4],-0.004133703568870635
births[6].coefficients[5],-0.003261398521778383
births[6].coefficients[6],-0.0007005057700054871
births[6].centers[0][0],0.9242084222220754
births[6].centers[0][1],-0.7874414029902104
births[6].centers[0][2],0.24051096681045483
births[6].centers[1][0],-0.6132633746382647
births[6].centers[1][1],0.5849597623679317
births[6].centers[1][2],-0.1007186479850864
births[6].centers[2][0],-0.876364576698667
births[6].centers[2][1],0.05203772322437324
births[6].centers[2][2],0.6118349018706801
births[6].centers[3][0],-0.1733548595343743
births[6].centers[3][1],0.6423070150166409
births[6].centers[3][2],0.01327176199061439
births[6].centers[4][0],0.4418310190020788
births[6].centers[4][1],-0.7108344282511301
births[6].centers[4][2],0.6351501129365191
births[6].centers[5][0],0.0703718278615308
births[6].centers[5][1],-0.2125887304320564
births[6].centers[5][2],0.7290990222328824
births[6].centers[6][0],-0.6147252946216827
births[6].centers[6][1],0.8532673741664158
births[6].centers[6][2],-0.7490313171302732
births[6].radii[0],0.45
births[6].radii[1],0.45
births[6].radii[2],0.45
births[6].radii[3],0.31819805153394637
births[6].radii[4],0.45
births[6].radii[5],0.45
births[6].radii[6],0.45
births[6].realized_gain,3.5203893178107574e-05
births[6].optimization.accepted,True
births[6].optimization.linear_solver_failures,0
births[6].optimization.line_search_failures,0
births[6].optimization.trials[0].alpha,1.0
births[6].optimization.trials[0].loss,0.0037003755172536636
births[6].optimization.trials[0].coefficient[0],-0.004252776706770714
births[6].optimization.trials[0].coefficient[1],-0.0045488299278229095
births[6].optimization.trials[0].coefficient[2],-0.0067034714164635285
births[6].optimization.trials[0].coefficient[3],-0.006610399620237702
births[6].optimization.trials[0].coefficient[4],-0.004133703568870635
births[6].optimization.trials[0].coefficient[5],-0.003261398521778383
births[6].optimization.trials[0].coefficient[6],-0.0007005057700054871
births[6].optimization.trials[0].timing.signature.config_digest,62ca4976cb787bbdbc3fd85b82677cf3aaa45a383158d798e34cfdd3b30c3861
births[6].optimization.trials[0].timing.signature.field_digest,c262097d30d246d7437b6ae3736508e68189236e524ef0748013219b3f7859ca
births[6].optimization.trials[0].timing.signature.count,16777216
births[6].optimization.trials[0].timing.signature.seed,101
births[6].optimization.trials[0].timing.signature.operator_version,v0817_CURRENT_fixed_measure_C3
births[6].optimization.trials[0].timing.signature.shape[0],4
births[6].optimization.trials[0].timing.signature.shape[1],1080
births[6].optimization.trials[0].timing.signature.shape[2],1920
births[6].optimization.trials[0].timing.signature.shape[3],3
births[6].optimization.trials[0].timing.signature.dtype,float32
births[6].optimization.trials[0].timing.signature.source_digest,9381b4a92942668b428be5796e2b9d64f6bd8d03061b3bae9e79517ed34b780e
births[6].optimization.trials[0].timing.signature.centers,c98dc201cfaa4e0b609216b1d14cf9b43cd46f0fcc7a50a8d17e63206feede19
births[6].optimization.trials[0].timing.signature.radii,dfcf6a06a6e7423404715e9c92bd71ac2c93969f6a539982ba83d53d7fe481c4
births[6].optimization.trials[0].timing.signature.coefficients,1507435be9351af38e0f09efae349c878026624ae316f91f5fe67a20f7f4f484
births[6].optimization.trials[0].timing.source_seconds,63.18539325310849
births[6].optimization.trials[0].timing.transport_seconds,655.0482088439167
births[6].optimization.trials[0].timing.detector_seconds,80.0537010198459
births[6].optimization.trials[0].timing.total_seconds,798.330950981006
births[6].optimization.trials[0].timing.peak_cuda_allocated_mib,693.07421875
births[6].optimization.trials[0].timing.peak_cuda_reserved_mib,11280.0
births[6].optimization.trials[0].timing.cpu_rss_peak_mib,9754.1328125
births[6].optimization.trials[0].timing.energy_accounting[0].view,0
births[6].optimization.trials[0].timing.energy_accounting[0].input_energy,0.49277321564263055
births[6].optimization.trials[0].timing.energy_accounting[0].detected_energy,0.4927725074280115
births[6].optimization.trials[0].timing.energy_accounting[0].relative_energy_difference,1.437201935046503e-06
births[6].optimization.trials[0].timing.energy_accounting[0].projected_count_sum,16777149.808501419
births[6].optimization.trials[0].timing.energy_accounting[0].boundary_checked,True
births[6].optimization.trials[0].timing.energy_accounting[0].boundary_lost_energy,0.0
births[6].optimization.trials[0].timing.energy_accounting[0].expected_in_window_energy,0.49277321564263055
births[6].optimization.trials[0].timing.energy_accounting[0].numerical_energy_relative_error,1.437201935046503e-06
births[6].optimization.trials[0].timing.energy_accounting[1].view,1
births[6].optimization.trials[0].timing.energy_accounting[1].input_energy,0.3882949448244131
births[6].optimization.trials[0].timing.energy_accounting[1].detected_energy,0.38829444120409506
births[6].optimization.trials[0].timing.energy_accounting[1].relative_energy_difference,1.2970045702950488e-06
births[6].optimization.trials[0].timing.energy_accounting[1].projected_count_sum,16777148.561287813
births[6].optimization.trials[0].timing.energy_accounting[1].boundary_checked,True
births[6].optimization.trials[0].timing.energy_accounting[1].boundary_lost_energy,0.0
births[6].optimization.trials[0].timing.energy_accounting[1].expected_in_window_energy,0.3882949448244131
births[6].optimization.trials[0].timing.energy_accounting[1].numerical_energy_relative_error,1.2970045702950488e-06
births[6].optimization.trials[0].timing.energy_accounting[2].view,2
births[6].optimization.trials[0].timing.energy_accounting[2].input_energy,0.5149058857953679
births[6].optimization.trials[0].timing.energy_accounting[2].detected_energy,0.5149054329890492
births[6].optimization.trials[0].timing.energy_accounting[2].relative_energy_difference,8.79396276395599e-07
births[6].optimization.trials[0].timing.energy_accounting[2].projected_count_sum,16777167.193567332
births[6].optimization.trials[0].timing.energy_accounting[2].boundary_checked,True
births[6].optimization.trials[0].timing.energy_accounting[2].boundary_lost_energy,0.0
births[6].optimization.trials[0].timing.energy_accounting[2].expected_in_window_energy,0.5149058857953679
births[6].optimization.trials[0].timing.energy_accounting[2].numerical_energy_relative_error,8.79396276395599e-07
births[6].optimization.trials[0].timing.energy_accounting[3].view,3
births[6].optimization.trials[0].timing.energy_accounting[3].input_energy,0.3584098884295425
births[6].optimization.trials[0].timing.energy_accounting[3].detected_energy,0.35840913120303625
births[6].optimization.trials[0].timing.energy_accounting[3].relative_energy_difference,2.1127388800405116e-06
births[6].optimization.trials[0].timing.energy_accounting[3].projected_count_sum,16777144.470290123
births[6].optimization.trials[0].timing.energy_accounting[3].boundary_checked,True
births[6].optimization.trials[0].timing.energy_accounting[3].boundary_lost_energy,0.0
births[6].optimization.trials[0].timing.energy_accounting[3].expected_in_window_energy,0.3584098884295425
births[6].optimization.trials[0].timing.energy_accounting[3].numerical_energy_relative_error,2.1127388800405116e-06
births[6].optimization.trials[0].timing.root_failures,0
births[6].optimization.trials[0].timing.attachment_residual_max,6.842695613442024e-07
births[6].optimization.trials[0].timing.maximum_displacement,0.009003923880554772
births[6].optimization.trials[0].timing.image_digest,8d6c2a5c585a53050d89f1dc0dab539bbb4f7258e1d955341defb42e5c72cfa7
births[6].optimization.trials[0].timing.state_persisted,False
births[6].optimization.trials[0].finite,True
births[6].optimization.realized_gain,3.5203893178107574e-05
births[6].optimization.coefficient_limit_hits,0
births[6].optimization.seconds,800.4858278369065
births[6].observation.whole_image_mse,0.007400750132745186
births[6].observation.foreground_mse,0.025815425647315524
births[6].observation.interior_gt8px_mse,0.013350689150780021
births[6].observation.silhouette_0_8px_mse,0.1164546736060583
births[6].observation.foreground_mean_brightness,0.7651411166698426
births[6].observation.edge_sharpness,0.06991155771326213
births[6].observation.reference_edge_sharpness,0.09199675652077396
births[6].observation.edge_sharpness_ratio,0.7599350276819299
births[6].observation.thin_feature_response_ratio,0.4918194840610652
births[6].observation.per_view[0].gradient_magnitude_ratio,0.7611399518000893
births[6].observation.per_view[0].gradient_cosine,0.31880420528451875
births[6].observation.per_view[0].reference_aligned_gradient_energy,2742.4670026053955
births[6].observation.per_view[0].unmatched_gradient_energy,779.7934504891141
births[6].observation.per_view[0].excess_hf_weak_reference,0.00016370622875349017
births[6].observation.per_view[0].gradient_squared_error,0.0016038531945822244
births[6].observation.per_view[0].weak_reference_pixels,1624532
births[6].observation.per_view[1].gradient_magnitude_ratio,0.8215510860474899
births[6].observation.per_view[1].gradient_cosine,0.3192663584362136
births[6].observation.per_view[1].reference_aligned_gradient_energy,3102.178884114486
births[6].observation.per_view[1].unmatched_gradient_energy,818.1878689074669
births[6].observation.per_view[1].excess_hf_weak_reference,0.00013593358376288276
births[6].observation.per_view[1].gradient_squared_error,0.0016111498728125055
births[6].observation.per_view[1].weak_reference_pixels,1644948
births[6].observation.per_view[2].gradient_magnitude_ratio,0.8220134427083134
births[6].observation.per_view[2].gradient_cosine,0.3493898073540967
births[6].observation.per_view[2].reference_aligned_gradient_energy,3298.9985183726
births[6].observation.per_view[2].unmatched_gradient_energy,865.8876260733823
births[6].observation.per_view[2].excess_hf_weak_reference,0.00022253877667862348
births[6].observation.per_view[2].gradient_squared_error,0.0016368010668826795
births[6].observation.per_view[2].weak_reference_pixels,1561449
births[6].observation.per_view[3].gradient_magnitude_ratio,0.822917884769511
births[6].observation.per_view[3].gradient_cosine,0.37951725865884606
births[6].observation.per_view[3].reference_aligned_gradient_energy,2445.1738735425024
births[6].observation.per_view[3].unmatched_gradient_energy,570.7862093983911
births[6].observation.per_view[3].excess_hf_weak_reference,0.00011108049279951874
births[6].observation.per_view[3].gradient_squared_error,0.0011303395166719229
births[6].observation.per_view[3].weak_reference_pixels,1668420
births[6].observation.gradient_magnitude_ratio,0.8069055913313509
births[6].observation.gradient_cosine,0.3417444074334188
births[6].observation.reference_aligned_gradient_energy,2897.204569658746
births[6].observation.unmatched_gradient_energy,758.6637887170887
births[6].observation.excess_hf_weak_reference,0.0001583147704986288
births[6].observation.gradient_squared_error,0.0014955359127373329
births[6].observation.weak_reference_pixels,1624837.25
births[6].observation.loss,0.0037003755172536636
births[6].observation.detected_energy,5456828.257569489
births[6].observation.relative_rgb_l2,0.19996564281584467
births[6].observation.per_view_mse[0],0.007891989841033314
births[6].observation.per_view_mse[1],0.00853181018117108
births[6].observation.per_view_mse[2],0.008243423475448422
births[6].observation.per_view_mse[3],0.004935780640376428
births[6].observation.foreground_mask_iou[0],0.9850459939945665
births[6].observation.foreground_mask_iou[1],0.9818081144561636
births[6].observation.foreground_mask_iou[2],0.9847375867894903
births[6].observation.foreground_mask_iou[3],0.9856583505410559
births[6].observation.squared_image_energy,4820690.6875
births[6].geometry.symmetric_chamfer,0.006869007660112556
births[6].geometry.point_to_surface_mean,0.0019428949445182086
births[6].geometry.point_to_surface_p95,0.005637175321199495
births[6].geometry.surface_rms,0.0027728977364904765
births[6].geometry.normal_consistency,0.99103589623047
births[6].geometry.normal_error,0.008964103769530052
births[6].geometry.regional_ear_p2s_mean,0.002869470601848316
births[6].geometry.regional_head_p2s_mean,0.0017196542147927785
births[6].geometry.regional_leg_p2s_mean,0.00231420798505602
births[6].geometry.regional_torso_p2s_mean,0.0015108216330479243
births[6].geometry.bounds[0][0],-0.9971863656673791
births[6].geometry.bounds[0][1],-0.9857655507213664
births[6].geometry.bounds[0][2],-0.7582914532355542
births[6].geometry.bounds[1][0],0.9986537717423352
births[6].geometry.bounds[1][1],0.9632264335200473
births[6].geometry.bounds[1][2],0.7712987359964623
births[6].geometry.surface_area,9.23739042054983
births[6].geometry.components,1
births[6].geometry.maximum_outward_from_unit_sphere,0.3229646575719287
births[6].geometry.maximum_inward_from_unit_sphere,0.8261501198869529
births[6].geometry.radial_deviation_p95,0.6132254016755111
births[6].geometry.gt_extends_outside_unit_sphere,True
births[6].geometry.gt_max_radius,1.5736361939753005
births[6].geometry.source_coverage_distance_p95,0.011582649889590658
births[6].geometry.source_coverage_distance_max,0.021025967384095234
births[6].geometry.source_coverage_samples,65536
births[6].geometry.geometry_seconds,0.5168984939809889
births[6].geometry.geometry_path,runs/v090_matched_birth/geometry/soft_birth7.ply
births[6].geometry.geometry_target,"MC approximation of prepared.gt_field, evaluation only; existing P2S/Chamfer definitions. Current normals updated at every evaluation."
births[6].scoring_seconds,623.8153418099973
births[6].total_seconds,1431.8883606889285
births[6].peak_cuda_allocated_mib,2253.77783203125
births[6].peak_cuda_reserved_mib,11280.0
births[6].cpu_rss_peak_mib,9754.1328125
births[6].image_path,runs/v090_matched_birth/soft_birth7_trial0.npy
births[7].round,8
births[7].deterministic_id,SOFT:8:11
births[7].center[0],-0.12580001370405225
births[7].center[1],-0.9454741027167006
births[7].center[2],0.6980285454498513
births[7].radius,0.45
births[7].proposal_source_id,2731663
births[7].zero_set_residual_at_birth,7.3942890777805e-14
births[7].selected_rank,1
births[7].candidate_bank_size,25
births[7].responsive_fraction,1.0
births[7].predicted_gain,9.67865194526162e-06
births[7].alignment,0.010587158415705053
births[7].jacobian_norm,2.4063399079400614
births[7].affected_views,4
births[7].affected_pixels,197885
births[7].coefficient,-0.0004570929833242211
births[7].active_dof_count,8
births[7].born_dof_count,8
births[7].accepted_births,8
births[7].initialized_at_zero,True
births[7].birth_image_jump,0.0
births[7].birth_source_count_change,0
births[7].birth_source_mass_change,0.0
births[7].source_count,16777216
births[7].source_weight_digest,e8a23943d73928dce091768b7789dedd1390b88a2ee2ef22b4e84ad52b924711
births[7].coefficients[0],-0.0042529089641924825
births[7].coefficients[1],-0.004554968469078432
births[7].coefficients[2],-0.00671455687745449
births[7].coefficients[3],-0.006819308064580707
births[7].coefficients[4],-0.0041456994343720185
births[7].coefficients[5],-0.003307589806288592
births[7].coefficients[6],-0.0008800896590485885
births[7].coefficients[7],-0.0004570929833242211
births[7].centers[0][0],0.9242084222220754
births[7].centers[0][1],-0.7874414029902104
births[7].centers[0][2],0.24051096681045483
births[7].centers[1][0],-0.6132633746382647
births[7].centers[1][1],0.5849597623679317
births[7].centers[1][2],-0.1007186479850864
births[7].centers[2][0],-0.876364576698667
births[7].centers[2][1],0.05203772322437324
births[7].centers[2][2],0.6118349018706801
births[7].centers[3][0],-0.1733548595343743
births[7].centers[3][1],0.6423070150166409
births[7].centers[3][2],0.01327176199061439
births[7].centers[4][0],0.4418310190020788
births[7].centers[4][1],-0.7108344282511301
births[7].centers[4][2],0.6351501129365191
births[7].centers[5][0],0.0703718278615308
births[7].centers[5][1],-0.2125887304320564
births[7].centers[5][2],0.7290990222328824
births[7].centers[6][0],-0.6147252946216827
births[7].centers[6][1],0.8532673741664158
births[7].centers[6][2],-0.7490313171302732
births[7].centers[7][0],-0.12580001370405225
births[7].centers[7][1],-0.9454741027167006
births[7].centers[7][2],0.6980285454498513
births[7].radii[0],0.45
births[7].radii[1],0.45
births[7].radii[2],0.45
births[7].radii[3],0.31819805153394637
births[7].radii[4],0.45
births[7].radii[5],0.45
births[7].radii[6],0.45
births[7].radii[7],0.45
births[7].realized_gain,1.1180314415432449e-05
births[7].optimization.accepted,True
births[7].optimization.linear_solver_failures,0
births[7].optimization.line_search_failures,0
births[7].optimization.trials[0].alpha,1.0
births[7].optimization.trials[0].error,"ATTACHMENT_FAILURE:1, max residual 1.0416300353112678e-06"
births[7].optimization.trials[0].traceback,"Traceback (most recent call last):
  File ""/home/zhou_c_WMGDS.WMG.WARWICK.AC.UK/FLT/src/zlt/matched_birth.py"", line 135, in optimize
    rendered,state,timing=forward(base,reference,centers,radii,c,boundary,cfg,f'{label}_trial{attempt}',persist_state=False)
  File ""/home/zhou_c_WMGDS.WMG.WARWICK.AC.UK/FLT/src/zlt/matched_operator.py"", line 290, in forward
    if failures: raise RuntimeError(f'ATTACHMENT_FAILURE:{failures}, max residual {residual}')
RuntimeError: ATTACHMENT_FAILURE:1, max residual 1.0416300353112678e-06
"
births[7].optimization.trials[0].finite,False
births[7].optimization.trials[1].alpha,0.5
births[7].optimization.trials[1].error,"ATTACHMENT_FAILURE:1, max residual 1.2125112837204407e-06"
births[7].optimization.trials[1].traceback,"Traceback (most recent call last):
  File ""/home/zhou_c_WMGDS.WMG.WARWICK.AC.UK/FLT/src/zlt/matched_birth.py"", line 135, in optimize
    rendered,state,timing=forward(base,reference,centers,radii,c,boundary,cfg,f'{label}_trial{attempt}',persist_state=False)
  File ""/home/zhou_c_WMGDS.WMG.WARWICK.AC.UK/FLT/src/zlt/matched_operator.py"", line 290, in forward
    if failures: raise RuntimeError(f'ATTACHMENT_FAILURE:{failures}, max residual {residual}')
RuntimeError: ATTACHMENT_FAILURE:1, max residual 1.2125112837204407e-06
"
births[7].optimization.trials[1].finite,False
births[7].optimization.trials[2].alpha,0.25
births[7].optimization.trials[2].loss,0.003689195202838231
births[7].optimization.trials[2].coefficient[0],-0.0042529089641924825
births[7].optimization.trials[2].coefficient[1],-0.004554968469078432
births[7].optimization.trials[2].coefficient[2],-0.00671455687745449
births[7].optimization.trials[2].coefficient[3],-0.006819308064580707
births[7].optimization.trials[2].coefficient[4],-0.0041456994343720185
births[7].optimization.trials[2].coefficient[5],-0.003307589806288592
births[7].optimization.trials[2].coefficient[6],-0.0008800896590485885
births[7].optimization.trials[2].coefficient[7],-0.0004570929833242211
births[7].optimization.trials[2].timing.signature.config_digest,62ca4976cb787bbdbc3fd85b82677cf3aaa45a383158d798e34cfdd3b30c3861
births[7].optimization.trials[2].timing.signature.field_digest,c262097d30d246d7437b6ae3736508e68189236e524ef0748013219b3f7859ca
births[7].optimization.trials[2].timing.signature.count,16777216
births[7].optimization.trials[2].timing.signature.seed,101
births[7].optimization.trials[2].timing.signature.operator_version,v0817_CURRENT_fixed_measure_C3
births[7].optimization.trials[2].timing.signature.shape[0],4
births[7].optimization.trials[2].timing.signature.shape[1],1080
births[7].optimization.trials[2].timing.signature.shape[2],1920
births[7].optimization.trials[2].timing.signature.shape[3],3
births[7].optimization.trials[2].timing.signature.dtype,float32
births[7].optimization.trials[2].timing.signature.source_digest,9381b4a92942668b428be5796e2b9d64f6bd8d03061b3bae9e79517ed34b780e
births[7].optimization.trials[2].timing.signature.centers,e0f9e897dce27e2be5d693c0eb2af36a9663b6f8b159ddf9023c1817d2ade39f
births[7].optimization.trials[2].timing.signature.radii,dff0cab8a447f1b36c6a44afca83661050d7bcb296a9c8bbef58a2c8d215e070
births[7].optimization.trials[2].timing.signature.coefficients,694b7e4e0c42686f1471764384b4095b5a7c1458e048a8052ffa5504c9c0fd4f
births[7].optimization.trials[2].timing.source_seconds,63.46768465684727
births[7].optimization.trials[2].timing.transport_seconds,670.2009250060655
births[7].optimization.trials[2].timing.detector_seconds,80.97843176079914
births[7].optimization.trials[2].timing.total_seconds,814.6898233038373
births[7].optimization.trials[2].timing.peak_cuda_allocated_mib,693.46337890625
births[7].optimization.trials[2].timing.peak_cuda_reserved_mib,13084.0
births[7].optimization.trials[2].timing.cpu_rss_peak_mib,9754.1328125
births[7].optimization.trials[2].timing.energy_accounting[0].view,0
births[7].optimization.trials[2].timing.energy_accounting[0].input_energy,0.4927623176418693
births[7].optimization.trials[2].timing.energy_accounting[0].detected_energy,0.49276160909677874
births[7].optimization.trials[2].timing.energy_accounting[0].relative_energy_difference,1.4379043712899041e-06
births[7].optimization.trials[2].timing.energy_accounting[0].projected_count_sum,16777149.829411877
births[7].optimization.trials[2].timing.energy_accounting[0].boundary_checked,True
births[7].optimization.trials[2].timing.energy_accounting[0].boundary_lost_energy,0.0
births[7].optimization.trials[2].timing.energy_accounting[0].expected_in_window_energy,0.4927623176418693
births[7].optimization.trials[2].timing.energy_accounting[0].numerical_energy_relative_error,1.4379043712899041e-06
births[7].optimization.trials[2].timing.energy_accounting[1].view,1
births[7].optimization.trials[2].timing.energy_accounting[1].input_energy,0.3882949552049172
births[7].optimization.trials[2].timing.energy_accounting[1].detected_energy,0.3882944519146186
births[7].optimization.trials[2].timing.energy_accounting[1].relative_energy_difference,1.2961546161162871e-06
births[7].optimization.trials[2].timing.energy_accounting[1].projected_count_sum,16777148.55308802
births[7].optimization.trials[2].timing.energy_accounting[1].boundary_checked,True
births[7].optimization.trials[2].timing.energy_accounting[1].boundary_lost_energy,0.0
births[7].optimization.trials[2].timing.energy_accounting[1].expected_in_window_energy,0.3882949552049172
births[7].optimization.trials[2].timing.energy_accounting[1].numerical_energy_relative_error,1.2961546161162871e-06
births[7].optimization.trials[2].timing.energy_accounting[2].view,2
births[7].optimization.trials[2].timing.energy_accounting[2].input_energy,0.5149166782435449
births[7].optimization.trials[2].timing.energy_accounting[2].detected_energy,0.514916225648236
births[7].optimization.trials[2].timing.energy_accounting[2].relative_energy_difference,8.789680506004887e-07
births[7].optimization.trials[2].timing.energy_accounting[2].projected_count_sum,16777167.219634056
births[7].optimization.trials[2].timing.energy_accounting[2].boundary_checked,True
births[7].optimization.trials[2].timing.energy_accounting[2].boundary_lost_energy,0.0
births[7].optimization.trials[2].timing.energy_accounting[2].expected_in_window_energy,0.5149166782435449
births[7].optimization.trials[2].timing.energy_accounting[2].numerical_energy_relative_error,8.789680506004887e-07
births[7].optimization.trials[2].timing.energy_accounting[3].view,3
births[7].optimization.trials[2].timing.energy_accounting[3].input_energy,0.35837604685539765
births[7].optimization.trials[2].timing.energy_accounting[3].detected_energy,0.3583752901138107
births[7].optimization.trials[2].timing.energy_accounting[3].relative_energy_difference,2.111585284756772e-06
births[7].optimization.trials[2].timing.energy_accounting[3].projected_count_sum,16777144.513240904
births[7].optimization.trials[2].timing.energy_accounting[3].boundary_checked,True
births[7].optimization.trials[2].timing.energy_accounting[3].boundary_lost_energy,0.0
births[7].optimization.trials[2].timing.energy_accounting[3].expected_in_window_energy,0.35837604685539765
births[7].optimization.trials[2].timing.energy_accounting[3].numerical_energy_relative_error,2.111585284756772e-06
births[7].optimization.trials[2].timing.root_failures,0
births[7].optimization.trials[2].timing.attachment_residual_max,8.614768038184371e-07
births[7].optimization.trials[2].timing.maximum_displacement,0.009288426882435431
births[7].optimization.trials[2].timing.image_digest,795c7088940e73c4b7ca5f1fd80b411e374211717340d5b3218eac7d9e454364
births[7].optimization.trials[2].timing.state_persisted,False
births[7].optimization.trials[2].finite,True
births[7].optimization.realized_gain,1.1180314415432449e-05
births[7].optimization.coefficient_limit_hits,0
births[7].optimization.seconds,948.6811660849489
births[7].observation.whole_image_mse,0.007378387451171875
births[7].observation.foreground_mse,0.025737404420011826
births[7].observation.interior_gt8px_mse,0.013301436931731496
births[7].observation.silhouette_0_8px_mse,0.11617722376152505
births[7].observation.foreground_mean_brightness,0.7651261658648267
births[7].observation.edge_sharpness,0.06995022298510781
births[7].observation.reference_edge_sharpness,0.09199675652077396
births[7].observation.edge_sharpness_ratio,0.7603553171932992
births[7].observation.thin_feature_response_ratio,0.4923746264337355
births[7].observation.per_view[0].gradient_magnitude_ratio,0.7606955069533252
births[7].observation.per_view[0].gradient_cosine,0.31948740087067495
births[7].observation.per_view[0].reference_aligned_gradient_energy,2740.5903355542196
births[7].observation.per_view[0].unmatched_gradient_energy,777.5578817952114
births[7].observation.per_view[0].excess_hf_weak_reference,0.00016399701184921094
births[7].observation.per_view[0].gradient_squared_error,0.0016017532826110513
births[7].observation.per_view[0].weak_reference_pixels,1624532
births[7].observation.per_view[1].gradient_magnitude_ratio,0.8212480978991717
births[7].observation.per_view[1].gradient_cosine,0.3200023323466775
births[7].observation.per_view[1].reference_aligned_gradient_energy,3100.333198702448
births[7].observation.per_view[1].unmatched_gradient_energy,817.1424239967541
births[7].observation.per_view[1].excess_hf_weak_reference,0.00013653087024267702
births[7].observation.per_view[1].gradient_squared_error,0.0016090306600573792
births[7].observation.per_view[1].weak_reference_pixels,1644948
births[7].observation.per_view[2].gradient_magnitude_ratio,0.821698888695736
births[7].observation.per_view[2].gradient_cosine,0.35064430933123103
births[7].observation.per_view[2].reference_aligned_gradient_energy,3299.163696037381
births[7].observation.per_view[2].unmatched_gradient_energy,862.5355638132448
births[7].observation.per_view[2].excess_hf_weak_reference,0.0002216213183927094
births[7].observation.per_view[2].gradient_squared_error,0.001633295196789627
births[7].observation.per_view[2].weak_reference_pixels,1561449
births[7].observation.per_view[3].gradient_magnitude_ratio,0.8227184508910141
births[7].observation.per_view[3].gradient_cosine,0.38077331961876343
births[7].observation.per_view[3].reference_aligned_gradient_energy,2444.4592872767994
births[7].observation.per_view[3].unmatched_gradient_energy,570.0391389348783
births[7].observation.per_view[3].excess_hf_weak_reference,0.00011092387621418971
births[7].observation.per_view[3].gradient_squared_error,0.0011279301626540964
births[7].observation.per_view[3].weak_reference_pixels,1668420
births[7].observation.gradient_magnitude_ratio,0.8065902361098118
births[7].observation.gradient_cosine,0.3427268405418367
births[7].observation.reference_aligned_gradient_energy,2896.136629392712
births[7].observation.unmatched_gradient_energy,756.8187521350222
births[7].observation.excess_hf_weak_reference,0.00015826826917469678
births[7].observation.gradient_squared_error,0.0014930023255280383
births[7].observation.weak_reference_pixels,1624837.25
births[7].observation.loss,0.003689195202838231
births[7].observation.detected_energy,5456722.702856022
births[7].observation.relative_rgb_l2,0.19966332619629654
births[7].observation.per_view_mse[0],0.007873845427567208
births[7].observation.per_view_mse[1],0.008503899297129662
births[7].observation.per_view_mse[2],0.008216657379152113
births[7].observation.per_view_mse[3],0.004919159518856813
births[7].observation.foreground_mask_iou[0],0.9850902517243493
births[7].observation.foreground_mask_iou[1],0.9818651091344265
births[7].observation.foreground_mask_iou[2],0.9848436002829791
births[7].observation.foreground_mask_iou[3],0.9856433055376896
births[7].observation.squared_image_energy,4820181.4375
births[7].geometry.symmetric_chamfer,0.006866255538365692
births[7].geometry.point_to_surface_mean,0.001954300723324479
births[7].geometry.point_to_surface_p95,0.005535254362351077
births[7].geometry.surface_rms,0.0027567969260351745
births[7].geometry.normal_consistency,0.9913919611888555
births[7].geometry.normal_error,0.00860803881114447
births[7].geometry.regional_ear_p2s_mean,0.0028330102786154193
births[7].geometry.regional_head_p2s_mean,0.0017678741815929325
births[7].geometry.regional_leg_p2s_mean,0.0023301365693195147
births[7].geometry.regional_torso_p2s_mean,0.0015258520850019192
births[7].geometry.bounds[0][0],-0.9971863944575471
births[7].geometry.bounds[0][1],-0.9857655507213664
births[7].geometry.bounds[0][2],-0.7586142773898142
births[7].geometry.bounds[1][0],0.9986540020636794
births[7].geometry.bounds[1][1],0.9632264335200473
births[7].geometry.bounds[1][2],0.7713038030660377
births[7].geometry.surface_area,9.23820469274505
births[7].geometry.components,1
births[7].geometry.maximum_outward_from_unit_sphere,0.32323233594328804
births[7].geometry.maximum_inward_from_unit_sphere,0.8261501198869529
births[7].geometry.radial_deviation_p95,0.6132254016755111
births[7].geometry.gt_extends_outside_unit_sphere,True
births[7].geometry.gt_max_radius,1.5736361939753005
births[7].geometry.source_coverage_distance_p95,0.01155295347341037
births[7].geometry.source_coverage_distance_max,0.021025967384095234
births[7].geometry.source_coverage_samples,65536
births[7].geometry.geometry_seconds,0.5191675210371614
births[7].geometry.geometry_path,runs/v090_matched_birth/geometry/soft_birth8.ply
births[7].geometry.geometry_target,"MC approximation of prepared.gt_field, evaluation only; existing P2S/Chamfer definitions. Current normals updated at every evaluation."
births[7].scoring_seconds,675.8049599400256
births[7].total_seconds,1632.151269675931
births[7].peak_cuda_allocated_mib,2268.8857421875
births[7].peak_cuda_reserved_mib,13084.0
births[7].cpu_rss_peak_mib,9754.1328125
births[7].image_path,runs/v090_matched_birth/soft_birth8_trial2.npy
births[7].checkpoint_image,runs/v090_matched_birth/soft_checkpoint8.npy
births[8].round,9
births[8].deterministic_id,SOFT:9:11
births[8].center[0],0.07154317456688325
births[8].center[1],0.8744070121641607
births[8].center[2],-0.30777793658530095
births[8].radius,0.45
births[8].proposal_source_id,752024
births[8].zero_set_residual_at_birth,1.758715117316463e-09
births[8].selected_rank,1
births[8].candidate_bank_size,24
births[8].responsive_fraction,1.0
births[8].predicted_gain,9.176242007729521e-06
births[8].alignment,0.033865764136432934
births[8].jacobian_norm,7.905210735329648
births[8].affected_views,4
births[8].affected_pixels,86370
births[8].coefficient,0.0
births[8].active_dof_count,9
births[8].born_dof_count,9
births[8].accepted_births,8
births[8].initialized_at_zero,True
births[8].birth_image_jump,0.0
births[8].birth_source_count_change,0
births[8].birth_source_mass_change,0.0
births[8].source_count,16777216
births[8].source_weight_digest,e8a23943d73928dce091768b7789dedd1390b88a2ee2ef22b4e84ad52b924711
births[8].coefficients[0],-0.0042529089641924825
births[8].coefficients[1],-0.004554968469078432
births[8].coefficients[2],-0.00671455687745449
births[8].coefficients[3],-0.006819308064580707
births[8].coefficients[4],-0.0041456994343720185
births[8].coefficients[5],-0.003307589806288592
births[8].coefficients[6],-0.0008800896590485885
births[8].coefficients[7],-0.0004570929833242211
births[8].coefficients[8],0.0
births[8].centers[0][0],0.9242084222220754
births[8].centers[0][1],-0.7874414029902104
births[8].centers[0][2],0.24051096681045483
births[8].centers[1][0],-0.6132633746382647
births[8].centers[1][1],0.5849597623679317
births[8].centers[1][2],-0.1007186479850864
births[8].centers[2][0],-0.876364576698667
births[8].centers[2][1],0.05203772322437324
births[8].centers[2][2],0.6118349018706801
births[8].centers[3][0],-0.1733548595343743
births[8].centers[3][1],0.6423070150166409
births[8].centers[3][2],0.01327176199061439
births[8].centers[4][0],0.4418310190020788
births[8].centers[4][1],-0.7108344282511301
births[8].centers[4][2],0.6351501129365191
births[8].centers[5][0],0.0703718278615308
births[8].centers[5][1],-0.2125887304320564
births[8].centers[5][2],0.7290990222328824
births[8].centers[6][0],-0.6147252946216827
births[8].centers[6][1],0.8532673741664158
births[8].centers[6][2],-0.7490313171302732
births[8].centers[7][0],-0.12580001370405225
births[8].centers[7][1],-0.9454741027167006
births[8].centers[7][2],0.6980285454498513
births[8].centers[8][0],0.07154317456688325
births[8].centers[8][1],0.8744070121641607
births[8].centers[8][2],-0.30777793658530095
births[8].radii[0],0.45
births[8].radii[1],0.45
births[8].radii[2],0.45
births[8].radii[3],0.31819805153394637
births[8].radii[4],0.45
births[8].radii[5],0.45
births[8].radii[6],0.45
births[8].radii[7],0.45
births[8].radii[8],0.45
births[8].realized_gain,0.0
births[8].optimization.accepted,False
births[8].optimization.linear_solver_failures,0
births[8].optimization.line_search_failures,1
births[8].optimization.trials[0].alpha,1.0
births[8].optimization.trials[0].error,"ATTACHMENT_FAILURE:37, max residual 3.210684532467295e-06"
births[8].optimization.trials[0].traceback,"Traceback (most recent call last):
  File ""/home/zhou_c_WMGDS.WMG.WARWICK.AC.UK/FLT/src/zlt/matched_birth.py"", line 135, in optimize
    rendered,state,timing=forward(base,reference,centers,radii,c,boundary,cfg,f'{label}_trial{attempt}',persist_state=False)
  File ""/home/zhou_c_WMGDS.WMG.WARWICK.AC.UK/FLT/src/zlt/matched_operator.py"", line 290, in forward
    if failures: raise RuntimeError(f'ATTACHMENT_FAILURE:{failures}, max residual {residual}')
RuntimeError: ATTACHMENT_FAILURE:37, max residual 3.210684532467295e-06
"
births[8].optimization.trials[0].finite,False
births[8].optimization.trials[1].alpha,0.5
births[8].optimization.trials[1].error,"ATTACHMENT_FAILURE:19, max residual 1.8108460440646517e-06"
births[8].optimization.trials[1].traceback,"Traceback (most recent call last):
  File ""/home/zhou_c_WMGDS.WMG.WARWICK.AC.UK/FLT/src/zlt/matched_birth.py"", line 135, in optimize
    rendered,state,timing=forward(base,reference,centers,radii,c,boundary,cfg,f'{label}_trial{attempt}',persist_state=False)
  File ""/home/zhou_c_WMGDS.WMG.WARWICK.AC.UK/FLT/src/zlt/matched_operator.py"", line 290, in forward
    if failures: raise RuntimeError(f'ATTACHMENT_FAILURE:{failures}, max residual {residual}')
RuntimeError: ATTACHMENT_FAILURE:19, max residual 1.8108460440646517e-06
"
births[8].optimization.trials[1].finite,False
births[8].optimization.trials[2].alpha,0.25
births[8].optimization.trials[2].error,"ATTACHMENT_FAILURE:4, max residual 1.250859815465303e-06"
births[8].optimization.trials[2].traceback,"Traceback (most recent call last):
  File ""/home/zhou_c_WMGDS.WMG.WARWICK.AC.UK/FLT/src/zlt/matched_birth.py"", line 135, in optimize
    rendered,state,timing=forward(base,reference,centers,radii,c,boundary,cfg,f'{label}_trial{attempt}',persist_state=False)
  File ""/home/zhou_c_WMGDS.WMG.WARWICK.AC.UK/FLT/src/zlt/matched_operator.py"", line 290, in forward
    if failures: raise RuntimeError(f'ATTACHMENT_FAILURE:{failures}, max residual {residual}')
RuntimeError: ATTACHMENT_FAILURE:4, max residual 1.250859815465303e-06
"
births[8].optimization.trials[2].finite,False
births[8].optimization.trials[3].alpha,0.125
births[8].optimization.trials[3].error,"ATTACHMENT_FAILURE:2, max residual 1.028147531035163e-06"
births[8].optimization.trials[3].traceback,"Traceback (most recent call last):
  File ""/home/zhou_c_WMGDS.WMG.WARWICK.AC.UK/FLT/src/zlt/matched_birth.py"", line 135, in optimize
    rendered,state,timing=forward(base,reference,centers,radii,c,boundary,cfg,f'{label}_trial{attempt}',persist_state=False)
  File ""/home/zhou_c_WMGDS.WMG.WARWICK.AC.UK/FLT/src/zlt/matched_operator.py"", line 290, in forward
    if failures: raise RuntimeError(f'ATTACHMENT_FAILURE:{failures}, max residual {residual}')
RuntimeError: ATTACHMENT_FAILURE:2, max residual 1.028147531035163e-06
"
births[8].optimization.trials[3].finite,False
births[8].optimization.realized_gain,0.0
births[8].optimization.coefficient_limit_hits,0
births[8].optimization.seconds,267.1889270648826
births[8].observation.whole_image_mse,0.007378387451171875
births[8].observation.foreground_mse,0.025737404420011826
births[8].observation.interior_gt8px_mse,0.013301436931731496
births[8].observation.silhouette_0_8px_mse,0.11617722376152505
births[8].observation.foreground_mean_brightness,0.7651261658648267
births[8].observation.edge_sharpness,0.06995022298510781
births[8].observation.reference_edge_sharpness,0.09199675652077396
births[8].observation.edge_sharpness_ratio,0.7603553171932992
births[8].observation.thin_feature_response_ratio,0.4923746264337355
births[8].observation.per_view[0].gradient_magnitude_ratio,0.7606955069533252
births[8].observation.per_view[0].gradient_cosine,0.31948740087067495
births[8].observation.per_view[0].reference_aligned_gradient_energy,2740.5903355542196
births[8].observation.per_view[0].unmatched_gradient_energy,777.5578817952114
births[8].observation.per_view[0].excess_hf_weak_reference,0.00016399701184921094
births[8].observation.per_view[0].gradient_squared_error,0.0016017532826110513
births[8].observation.per_view[0].weak_reference_pixels,1624532
births[8].observation.per_view[1].gradient_magnitude_ratio,0.8212480978991717
births[8].observation.per_view[1].gradient_cosine,0.3200023323466775
births[8].observation.per_view[1].reference_aligned_gradient_energy,3100.333198702448
births[8].observation.per_view[1].unmatched_gradient_energy,817.1424239967541
births[8].observation.per_view[1].excess_hf_weak_reference,0.00013653087024267702
births[8].observation.per_view[1].gradient_squared_error,0.0016090306600573792
births[8].observation.per_view[1].weak_reference_pixels,1644948
births[8].observation.per_view[2].gradient_magnitude_ratio,0.821698888695736
births[8].observation.per_view[2].gradient_cosine,0.35064430933123103
births[8].observation.per_view[2].reference_aligned_gradient_energy,3299.163696037381
births[8].observation.per_view[2].unmatched_gradient_energy,862.5355638132448
births[8].observation.per_view[2].excess_hf_weak_reference,0.0002216213183927094
births[8].observation.per_view[2].gradient_squared_error,0.001633295196789627
births[8].observation.per_view[2].weak_reference_pixels,1561449
births[8].observation.per_view[3].gradient_magnitude_ratio,0.8227184508910141
births[8].observation.per_view[3].gradient_cosine,0.38077331961876343
births[8].observation.per_view[3].reference_aligned_gradient_energy,2444.4592872767994
births[8].observation.per_view[3].unmatched_gradient_energy,570.0391389348783
births[8].observation.per_view[3].excess_hf_weak_reference,0.00011092387621418971
births[8].observation.per_view[3].gradient_squared_error,0.0011279301626540964
births[8].observation.per_view[3].weak_reference_pixels,1668420
births[8].observation.gradient_magnitude_ratio,0.8065902361098118
births[8].observation.gradient_cosine,0.3427268405418367
births[8].observation.reference_aligned_gradient_energy,2896.136629392712
births[8].observation.unmatched_gradient_energy,756.8187521350222
births[8].observation.excess_hf_weak_reference,0.00015826826917469678
births[8].observation.gradient_squared_error,0.0014930023255280383
births[8].observation.weak_reference_pixels,1624837.25
births[8].observation.loss,0.003689195202838231
births[8].observation.detected_energy,5456722.702856022
births[8].observation.relative_rgb_l2,0.19966332619629654
births[8].observation.per_view_mse[0],0.007873845427567208
births[8].observation.per_view_mse[1],0.008503899297129662
births[8].observation.per_view_mse[2],0.008216657379152113
births[8].observation.per_view_mse[3],0.004919159518856813
births[8].observation.foreground_mask_iou[0],0.9850902517243493
births[8].observation.foreground_mask_iou[1],0.9818651091344265
births[8].observation.foreground_mask_iou[2],0.9848436002829791
births[8].observation.foreground_mask_iou[3],0.9856433055376896
births[8].observation.squared_image_energy,4820181.4375
births[8].geometry.symmetric_chamfer,0.006866255538365692
births[8].geometry.point_to_surface_mean,0.001954300723324479
births[8].geometry.point_to_surface_p95,0.005535254362351077
births[8].geometry.surface_rms,0.0027567969260351745
births[8].geometry.normal_consistency,0.9913919611888555
births[8].geometry.normal_error,0.00860803881114447
births[8].geometry.regional_ear_p2s_mean,0.0028330102786154193
births[8].geometry.regional_head_p2s_mean,0.0017678741815929325
births[8].geometry.regional_leg_p2s_mean,0.0023301365693195147
births[8].geometry.regional_torso_p2s_mean,0.0015258520850019192
births[8].geometry.bounds[0][0],-0.9971863944575471
births[8].geometry.bounds[0][1],-0.9857655507213664
births[8].geometry.bounds[0][2],-0.7586142773898142
births[8].geometry.bounds[1][0],0.9986540020636794
births[8].geometry.bounds[1][1],0.9632264335200473
births[8].geometry.bounds[1][2],0.7713038030660377
births[8].geometry.surface_area,9.23820469274505
births[8].geometry.components,1
births[8].geometry.maximum_outward_from_unit_sphere,0.32323233594328804
births[8].geometry.maximum_inward_from_unit_sphere,0.8261501198869529
births[8].geometry.radial_deviation_p95,0.6132254016755111
births[8].geometry.gt_extends_outside_unit_sphere,True
births[8].geometry.gt_max_radius,1.5736361939753005
births[8].geometry.source_coverage_distance_p95,0.01155295347341037
births[8].geometry.source_coverage_distance_max,0.021025967384095234
births[8].geometry.source_coverage_samples,65536
births[8].geometry.geometry_seconds,0.5217678439803421
births[8].geometry.geometry_path,runs/v090_matched_birth/geometry/soft_birth9.ply
births[8].geometry.geometry_target,"MC approximation of prepared.gt_field, evaluation only; existing P2S/Chamfer definitions. Current normals updated at every evaluation."
births[8].scoring_seconds,682.9885618430562
births[8].total_seconds,957.9479970331304
births[8].peak_cuda_allocated_mib,2268.67138671875
births[8].peak_cuda_reserved_mib,3294.0
births[8].cpu_rss_peak_mib,9754.1328125
births[8].image_path,
births[8].checkpoint_image,runs/v090_matched_birth/soft_checkpoint9.npy
births[9].round,10
births[9].deterministic_id,SOFT:10:18
births[9].center[0],-0.5480542001921618
births[9].center[1],0.513899801150996
births[9].center[2],0.4606534413059317
births[9].radius,0.31819805153394637
births[9].proposal_source_id,8167798
births[9].zero_set_residual_at_birth,6.271138382431009e-13
births[9].selected_rank,1
births[9].candidate_bank_size,23
births[9].responsive_fraction,1.0
births[9].predicted_gain,7.366857538203626e-06
births[9].alignment,0.008891943120676125
births[9].jacobian_norm,2.3165439191319153
births[9].affected_views,3
births[9].affected_pixels,98088
births[9].coefficient,0.0
births[9].active_dof_count,10
births[9].born_dof_count,10
births[9].accepted_births,8
births[9].initialized_at_zero,True
births[9].birth_image_jump,0.0
births[9].birth_source_count_change,0
births[9].birth_source_mass_change,0.0
births[9].source_count,16777216
births[9].source_weight_digest,e8a23943d73928dce091768b7789dedd1390b88a2ee2ef22b4e84ad52b924711
births[9].coefficients[0],-0.0042529089641924825
births[9].coefficients[1],-0.004554968469078432
births[9].coefficients[2],-0.00671455687745449
births[9].coefficients[3],-0.006819308064580707
births[9].coefficients[4],-0.0041456994343720185
births[9].coefficients[5],-0.003307589806288592
births[9].coefficients[6],-0.0008800896590485885
births[9].coefficients[7],-0.0004570929833242211
births[9].coefficients[8],0.0
births[9].coefficients[9],0.0
births[9].centers[0][0],0.9242084222220754
births[9].centers[0][1],-0.7874414029902104
births[9].centers[0][2],0.24051096681045483
births[9].centers[1][0],-0.6132633746382647
births[9].centers[1][1],0.5849597623679317
births[9].centers[1][2],-0.1007186479850864
births[9].centers[2][0],-0.876364576698667
births[9].centers[2][1],0.05203772322437324
births[9].centers[2][2],0.6118349018706801
births[9].centers[3][0],-0.1733548595343743
births[9].centers[3][1],0.6423070150166409
births[9].centers[3][2],0.01327176199061439
births[9].centers[4][0],0.4418310190020788
births[9].centers[4][1],-0.7108344282511301
births[9].centers[4][2],0.6351501129365191
births[9].centers[5][0],0.0703718278615308
births[9].centers[5][1],-0.2125887304320564
births[9].centers[5][2],0.7290990222328824
births[9].centers[6][0],-0.6147252946216827
births[9].centers[6][1],0.8532673741664158
births[9].centers[6][2],-0.7490313171302732
births[9].centers[7][0],-0.12580001370405225
births[9].centers[7][1],-0.9454741027167006
births[9].centers[7][2],0.6980285454498513
births[9].centers[8][0],0.07154317456688325
births[9].centers[8][1],0.8744070121641607
births[9].centers[8][2],-0.30777793658530095
births[9].centers[9][0],-0.5480542001921618
births[9].centers[9][1],0.513899801150996
births[9].centers[9][2],0.4606534413059317
births[9].radii[0],0.45
births[9].radii[1],0.45
births[9].radii[2],0.45
births[9].radii[3],0.31819805153394637
births[9].radii[4],0.45
births[9].radii[5],0.45
births[9].radii[6],0.45
births[9].radii[7],0.45
births[9].radii[8],0.45
births[9].radii[9],0.31819805153394637
births[9].realized_gain,0.0
births[9].optimization.accepted,False
births[9].optimization.linear_solver_failures,0
births[9].optimization.line_search_failures,1
births[9].optimization.trials[0].alpha,1.0
births[9].optimization.trials[0].error,"ATTACHMENT_FAILURE:37, max residual 3.2106845122628624e-06"
births[9].optimization.trials[0].traceback,"Traceback (most recent call last):
  File ""/home/zhou_c_WMGDS.WMG.WARWICK.AC.UK/FLT/src/zlt/matched_birth.py"", line 135, in optimize
    rendered,state,timing=forward(base,reference,centers,radii,c,boundary,cfg,f'{label}_trial{attempt}',persist_state=False)
  File ""/home/zhou_c_WMGDS.WMG.WARWICK.AC.UK/FLT/src/zlt/matched_operator.py"", line 290, in forward
    if failures: raise RuntimeError(f'ATTACHMENT_FAILURE:{failures}, max residual {residual}')
RuntimeError: ATTACHMENT_FAILURE:37, max residual 3.2106845122628624e-06
"
births[9].optimization.trials[0].finite,False
births[9].optimization.trials[1].alpha,0.5
births[9].optimization.trials[1].error,"ATTACHMENT_FAILURE:19, max residual 1.8108460387398096e-06"
births[9].optimization.trials[1].traceback,"Traceback (most recent call last):
  File ""/home/zhou_c_WMGDS.WMG.WARWICK.AC.UK/FLT/src/zlt/matched_birth.py"", line 135, in optimize
    rendered,state,timing=forward(base,reference,centers,radii,c,boundary,cfg,f'{label}_trial{attempt}',persist_state=False)
  File ""/home/zhou_c_WMGDS.WMG.WARWICK.AC.UK/FLT/src/zlt/matched_operator.py"", line 290, in forward
    if failures: raise RuntimeError(f'ATTACHMENT_FAILURE:{failures}, max residual {residual}')
RuntimeError: ATTACHMENT_FAILURE:19, max residual 1.8108460387398096e-06
"
births[9].optimization.trials[1].finite,False
births[9].optimization.trials[2].alpha,0.25
births[9].optimization.trials[2].error,"ATTACHMENT_FAILURE:4, max residual 1.250859812327649e-06"
births[9].optimization.trials[2].traceback,"Traceback (most recent call last):
  File ""/home/zhou_c_WMGDS.WMG.WARWICK.AC.UK/FLT/src/zlt/matched_birth.py"", line 135, in optimize
    rendered,state,timing=forward(base,reference,centers,radii,c,boundary,cfg,f'{label}_trial{attempt}',persist_state=False)
  File ""/home/zhou_c_WMGDS.WMG.WARWICK.AC.UK/FLT/src/zlt/matched_operator.py"", line 290, in forward
    if failures: raise RuntimeError(f'ATTACHMENT_FAILURE:{failures}, max residual {residual}')
RuntimeError: ATTACHMENT_FAILURE:4, max residual 1.250859812327649e-06
"
births[9].optimization.trials[2].finite,False
births[9].optimization.trials[3].alpha,0.125
births[9].optimization.trials[3].error,"ATTACHMENT_FAILURE:2, max residual 1.028147531076688e-06"
births[9].optimization.trials[3].traceback,"Traceback (most recent call last):
  File ""/home/zhou_c_WMGDS.WMG.WARWICK.AC.UK/FLT/src/zlt/matched_birth.py"", line 135, in optimize
    rendered,state,timing=forward(base,reference,centers,radii,c,boundary,cfg,f'{label}_trial{attempt}',persist_state=False)
  File ""/home/zhou_c_WMGDS.WMG.WARWICK.AC.UK/FLT/src/zlt/matched_operator.py"", line 290, in forward
    if failures: raise RuntimeError(f'ATTACHMENT_FAILURE:{failures}, max residual {residual}')
RuntimeError: ATTACHMENT_FAILURE:2, max residual 1.028147531076688e-06
"
births[9].optimization.trials[3].finite,False
births[9].optimization.realized_gain,0.0
births[9].optimization.coefficient_limit_hits,0
births[9].optimization.seconds,265.66955055412836
births[9].observation.whole_image_mse,0.007378387451171875
births[9].observation.foreground_mse,0.025737404420011826
births[9].observation.interior_gt8px_mse,0.013301436931731496
births[9].observation.silhouette_0_8px_mse,0.11617722376152505
births[9].observation.foreground_mean_brightness,0.7651261658648267
births[9].observation.edge_sharpness,0.06995022298510781
births[9].observation.reference_edge_sharpness,0.09199675652077396
births[9].observation.edge_sharpness_ratio,0.7603553171932992
births[9].observation.thin_feature_response_ratio,0.4923746264337355
births[9].observation.per_view[0].gradient_magnitude_ratio,0.7606955069533252
births[9].observation.per_view[0].gradient_cosine,0.31948740087067495
births[9].observation.per_view[0].reference_aligned_gradient_energy,2740.5903355542196
births[9].observation.per_view[0].unmatched_gradient_energy,777.5578817952114
births[9].observation.per_view[0].excess_hf_weak_reference,0.00016399701184921094
births[9].observation.per_view[0].gradient_squared_error,0.0016017532826110513
births[9].observation.per_view[0].weak_reference_pixels,1624532
births[9].observation.per_view[1].gradient_magnitude_ratio,0.8212480978991717
births[9].observation.per_view[1].gradient_cosine,0.3200023323466775
births[9].observation.per_view[1].reference_aligned_gradient_energy,3100.333198702448
births[9].observation.per_view[1].unmatched_gradient_energy,817.1424239967541
births[9].observation.per_view[1].excess_hf_weak_reference,0.00013653087024267702
births[9].observation.per_view[1].gradient_squared_error,0.0016090306600573792
births[9].observation.per_view[1].weak_reference_pixels,1644948
births[9].observation.per_view[2].gradient_magnitude_ratio,0.821698888695736
births[9].observation.per_view[2].gradient_cosine,0.35064430933123103
births[9].observation.per_view[2].reference_aligned_gradient_energy,3299.163696037381
births[9].observation.per_view[2].unmatched_gradient_energy,862.5355638132448
births[9].observation.per_view[2].excess_hf_weak_reference,0.0002216213183927094
births[9].observation.per_view[2].gradient_squared_error,0.001633295196789627
births[9].observation.per_view[2].weak_reference_pixels,1561449
births[9].observation.per_view[3].gradient_magnitude_ratio,0.8227184508910141
births[9].observation.per_view[3].gradient_cosine,0.38077331961876343
births[9].observation.per_view[3].reference_aligned_gradient_energy,2444.4592872767994
births[9].observation.per_view[3].unmatched_gradient_energy,570.0391389348783
births[9].observation.per_view[3].excess_hf_weak_reference,0.00011092387621418971
births[9].observation.per_view[3].gradient_squared_error,0.0011279301626540964
births[9].observation.per_view[3].weak_reference_pixels,1668420
births[9].observation.gradient_magnitude_ratio,0.8065902361098118
births[9].observation.gradient_cosine,0.3427268405418367
births[9].observation.reference_aligned_gradient_energy,2896.136629392712
births[9].observation.unmatched_gradient_energy,756.8187521350222
births[9].observation.excess_hf_weak_reference,0.00015826826917469678
births[9].observation.gradient_squared_error,0.0014930023255280383
births[9].observation.weak_reference_pixels,1624837.25
births[9].observation.loss,0.003689195202838231
births[9].observation.detected_energy,5456722.702856022
births[9].observation.relative_rgb_l2,0.19966332619629654
births[9].observation.per_view_mse[0],0.007873845427567208
births[9].observation.per_view_mse[1],0.008503899297129662
births[9].observation.per_view_mse[2],0.008216657379152113
births[9].observation.per_view_mse[3],0.004919159518856813
births[9].observation.foreground_mask_iou[0],0.9850902517243493
births[9].observation.foreground_mask_iou[1],0.9818651091344265
births[9].observation.foreground_mask_iou[2],0.9848436002829791
births[9].observation.foreground_mask_iou[3],0.9856433055376896
births[9].observation.squared_image_energy,4820181.4375
births[9].geometry.symmetric_chamfer,0.006866255538365692
births[9].geometry.point_to_surface_mean,0.001954300723324479
births[9].geometry.point_to_surface_p95,0.005535254362351077
births[9].geometry.surface_rms,0.0027567969260351745
births[9].geometry.normal_consistency,0.9913919611888555
births[9].geometry.normal_error,0.00860803881114447
births[9].geometry.regional_ear_p2s_mean,0.0028330102786154193
births[9].geometry.regional_head_p2s_mean,0.0017678741815929325
births[9].geometry.regional_leg_p2s_mean,0.0023301365693195147
births[9].geometry.regional_torso_p2s_mean,0.0015258520850019192
births[9].geometry.bounds[0][0],-0.9971863944575471
births[9].geometry.bounds[0][1],-0.9857655507213664
births[9].geometry.bounds[0][2],-0.7586142773898142
births[9].geometry.bounds[1][0],0.9986540020636794
births[9].geometry.bounds[1][1],0.9632264335200473
births[9].geometry.bounds[1][2],0.7713038030660377
births[9].geometry.surface_area,9.23820469274505
births[9].geometry.components,1
births[9].geometry.maximum_outward_from_unit_sphere,0.32323233594328804
births[9].geometry.maximum_inward_from_unit_sphere,0.8261501198869529
births[9].geometry.radial_deviation_p95,0.6132254016755111
births[9].geometry.gt_extends_outside_unit_sphere,True
births[9].geometry.gt_max_radius,1.5736361939753005
births[9].geometry.source_coverage_distance_p95,0.01155295347341037
births[9].geometry.source_coverage_distance_max,0.021025967384095234
births[9].geometry.source_coverage_samples,65536
births[9].geometry.geometry_seconds,0.5230457438156009
births[9].geometry.geometry_path,runs/v090_matched_birth/geometry/soft_birth10.ply
births[9].geometry.geometry_target,"MC approximation of prepared.gt_field, evaluation only; existing P2S/Chamfer definitions. Current normals updated at every evaluation."
births[9].scoring_seconds,689.7054581430275
births[9].total_seconds,963.0085661420599
births[9].peak_cuda_allocated_mib,2268.67138671875
births[9].peak_cuda_reserved_mib,5194.0
births[9].cpu_rss_peak_mib,9754.1328125
births[9].image_path,
births[9].checkpoint_image,runs/v090_matched_birth/soft_checkpoint10.npy
births[10].round,11
births[10].deterministic_id,SOFT:11:3
births[10].center[0],-0.6441789077305585
births[10].center[1],-0.9754705106218983
births[10].center[2],0.1484682618824121
births[10].radius,0.45
births[10].proposal_source_id,13535402
births[10].zero_set_residual_at_birth,5.808564117708104e-12
births[10].selected_rank,1
births[10].candidate_bank_size,22
births[10].responsive_fraction,1.0
births[10].predicted_gain,6.291396784127839e-06
births[10].alignment,0.010193187193505265
births[10].jacobian_norm,2.8735678857168274
births[10].affected_views,4
births[10].affected_pixels,165016
births[10].coefficient,0.0
births[10].active_dof_count,11
births[10].born_dof_count,11
births[10].accepted_births,8
births[10].initialized_at_zero,True
births[10].birth_image_jump,0.0
births[10].birth_source_count_change,0
births[10].birth_source_mass_change,0.0
births[10].source_count,16777216
births[10].source_weight_digest,e8a23943d73928dce091768b7789dedd1390b88a2ee2ef22b4e84ad52b924711
births[10].coefficients[0],-0.0042529089641924825
births[10].coefficients[1],-0.004554968469078432
births[10].coefficients[2],-0.00671455687745449
births[10].coefficients[3],-0.006819308064580707
births[10].coefficients[4],-0.0041456994343720185
births[10].coefficients[5],-0.003307589806288592
births[10].coefficients[6],-0.0008800896590485885
births[10].coefficients[7],-0.0004570929833242211
births[10].coefficients[8],0.0
births[10].coefficients[9],0.0
births[10].coefficients[10],0.0
births[10].centers[0][0],0.9242084222220754
births[10].centers[0][1],-0.7874414029902104
births[10].centers[0][2],0.24051096681045483
births[10].centers[1][0],-0.6132633746382647
births[10].centers[1][1],0.5849597623679317
births[10].centers[1][2],-0.1007186479850864
births[10].centers[2][0],-0.876364576698667
births[10].centers[2][1],0.05203772322437324
births[10].centers[2][2],0.6118349018706801
births[10].centers[3][0],-0.1733548595343743
births[10].centers[3][1],0.6423070150166409
births[10].centers[3][2],0.01327176199061439
births[10].centers[4][0],0.4418310190020788
births[10].centers[4][1],-0.7108344282511301
births[10].centers[4][2],0.6351501129365191
births[10].centers[5][0],0.0703718278615308
births[10].centers[5][1],-0.2125887304320564
births[10].centers[5][2],0.7290990222328824
births[10].centers[6][0],-0.6147252946216827
births[10].centers[6][1],0.8532673741664158
births[10].centers[6][2],-0.7490313171302732
births[10].centers[7][0],-0.12580001370405225
births[10].centers[7][1],-0.9454741027167006
births[10].centers[7][2],0.6980285454498513
births[10].centers[8][0],0.07154317456688325
births[10].centers[8][1],0.8744070121641607
births[10].centers[8][2],-0.30777793658530095
births[10].centers[9][0],-0.5480542001921618
births[10].centers[9][1],0.513899801150996
births[10].centers[9][2],0.4606534413059317
births[10].centers[10][0],-0.6441789077305585
births[10].centers[10][1],-0.9754705106218983
births[10].centers[10][2],0.1484682618824121
births[10].radii[0],0.45
births[10].radii[1],0.45
births[10].radii[2],0.45
births[10].radii[3],0.31819805153394637
births[10].radii[4],0.45
births[10].radii[5],0.45
births[10].radii[6],0.45
births[10].radii[7],0.45
births[10].radii[8],0.45
births[10].radii[9],0.31819805153394637
births[10].radii[10],0.45
births[10].realized_gain,0.0
births[10].optimization.accepted,False
births[10].optimization.linear_solver_failures,0
births[10].optimization.line_search_failures,1
births[10].optimization.trials[0].alpha,1.0
births[10].optimization.trials[0].error,"ATTACHMENT_FAILURE:37, max residual 3.2106845122742466e-06"
births[10].optimization.trials[0].traceback,"Traceback (most recent call last):
  File ""/home/zhou_c_WMGDS.WMG.WARWICK.AC.UK/FLT/src/zlt/matched_birth.py"", line 135, in optimize
    rendered,state,timing=forward(base,reference,centers,radii,c,boundary,cfg,f'{label}_trial{attempt}',persist_state=False)
  File ""/home/zhou_c_WMGDS.WMG.WARWICK.AC.UK/FLT/src/zlt/matched_operator.py"", line 290, in forward
    if failures: raise RuntimeError(f'ATTACHMENT_FAILURE:{failures}, max residual {residual}')
RuntimeError: ATTACHMENT_FAILURE:37, max residual 3.2106845122742466e-06
"
births[10].optimization.trials[0].finite,False
births[10].optimization.trials[1].alpha,0.5
births[10].optimization.trials[1].error,"ATTACHMENT_FAILURE:19, max residual 1.8108460388047533e-06"
births[10].optimization.trials[1].traceback,"Traceback (most recent call last):
  File ""/home/zhou_c_WMGDS.WMG.WARWICK.AC.UK/FLT/src/zlt/matched_birth.py"", line 135, in optimize
    rendered,state,timing=forward(base,reference,centers,radii,c,boundary,cfg,f'{label}_trial{attempt}',persist_state=False)
  File ""/home/zhou_c_WMGDS.WMG.WARWICK.AC.UK/FLT/src/zlt/matched_operator.py"", line 290, in forward
    if failures: raise RuntimeError(f'ATTACHMENT_FAILURE:{failures}, max residual {residual}')
RuntimeError: ATTACHMENT_FAILURE:19, max residual 1.8108460388047533e-06
"
births[10].optimization.trials[1].finite,False
births[10].optimization.trials[2].alpha,0.25
births[10].optimization.trials[2].error,"ATTACHMENT_FAILURE:4, max residual 1.2508598122158135e-06"
births[10].optimization.trials[2].traceback,"Traceback (most recent call last):
  File ""/home/zhou_c_WMGDS.WMG.WARWICK.AC.UK/FLT/src/zlt/matched_birth.py"", line 135, in optimize
    rendered,state,timing=forward(base,reference,centers,radii,c,boundary,cfg,f'{label}_trial{attempt}',persist_state=False)
  File ""/home/zhou_c_WMGDS.WMG.WARWICK.AC.UK/FLT/src/zlt/matched_operator.py"", line 290, in forward
    if failures: raise RuntimeError(f'ATTACHMENT_FAILURE:{failures}, max residual {residual}')
RuntimeError: ATTACHMENT_FAILURE:4, max residual 1.2508598122158135e-06
"
births[10].optimization.trials[2].finite,False
births[10].optimization.trials[3].alpha,0.125
births[10].optimization.trials[3].error,"ATTACHMENT_FAILURE:2, max residual 1.0281475309667498e-06"
births[10].optimization.trials[3].traceback,"Traceback (most recent call last):
  File ""/home/zhou_c_WMGDS.WMG.WARWICK.AC.UK/FLT/src/zlt/matched_birth.py"", line 135, in optimize
    rendered,state,timing=forward(base,reference,centers,radii,c,boundary,cfg,f'{label}_trial{attempt}',persist_state=False)
  File ""/home/zhou_c_WMGDS.WMG.WARWICK.AC.UK/FLT/src/zlt/matched_operator.py"", line 290, in forward
    if failures: raise RuntimeError(f'ATTACHMENT_FAILURE:{failures}, max residual {residual}')
RuntimeError: ATTACHMENT_FAILURE:2, max residual 1.0281475309667498e-06
"
births[10].optimization.trials[3].finite,False
births[10].optimization.realized_gain,0.0
births[10].optimization.coefficient_limit_hits,0
births[10].optimization.seconds,276.9583698308561
births[10].observation.whole_image_mse,0.007378387451171875
births[10].observation.foreground_mse,0.025737404420011826
births[10].observation.interior_gt8px_mse,0.013301436931731496
births[10].observation.silhouette_0_8px_mse,0.11617722376152505
births[10].observation.foreground_mean_brightness,0.7651261658648267
births[10].observation.edge_sharpness,0.06995022298510781
births[10].observation.reference_edge_sharpness,0.09199675652077396
births[10].observation.edge_sharpness_ratio,0.7603553171932992
births[10].observation.thin_feature_response_ratio,0.4923746264337355
births[10].observation.per_view[0].gradient_magnitude_ratio,0.7606955069533252
births[10].observation.per_view[0].gradient_cosine,0.31948740087067495
births[10].observation.per_view[0].reference_aligned_gradient_energy,2740.5903355542196
births[10].observation.per_view[0].unmatched_gradient_energy,777.5578817952114
births[10].observation.per_view[0].excess_hf_weak_reference,0.00016399701184921094
births[10].observation.per_view[0].gradient_squared_error,0.0016017532826110513
births[10].observation.per_view[0].weak_reference_pixels,1624532
births[10].observation.per_view[1].gradient_magnitude_ratio,0.8212480978991717
births[10].observation.per_view[1].gradient_cosine,0.3200023323466775
births[10].observation.per_view[1].reference_aligned_gradient_energy,3100.333198702448
births[10].observation.per_view[1].unmatched_gradient_energy,817.1424239967541
births[10].observation.per_view[1].excess_hf_weak_reference,0.00013653087024267702
births[10].observation.per_view[1].gradient_squared_error,0.0016090306600573792
births[10].observation.per_view[1].weak_reference_pixels,1644948
births[10].observation.per_view[2].gradient_magnitude_ratio,0.821698888695736
births[10].observation.per_view[2].gradient_cosine,0.35064430933123103
births[10].observation.per_view[2].reference_aligned_gradient_energy,3299.163696037381
births[10].observation.per_view[2].unmatched_gradient_energy,862.5355638132448
births[10].observation.per_view[2].excess_hf_weak_reference,0.0002216213183927094
births[10].observation.per_view[2].gradient_squared_error,0.001633295196789627
births[10].observation.per_view[2].weak_reference_pixels,1561449
births[10].observation.per_view[3].gradient_magnitude_ratio,0.8227184508910141
births[10].observation.per_view[3].gradient_cosine,0.38077331961876343
births[10].observation.per_view[3].reference_aligned_gradient_energy,2444.4592872767994
births[10].observation.per_view[3].unmatched_gradient_energy,570.0391389348783
births[10].observation.per_view[3].excess_hf_weak_reference,0.00011092387621418971
births[10].observation.per_view[3].gradient_squared_error,0.0011279301626540964
births[10].observation.per_view[3].weak_reference_pixels,1668420
births[10].observation.gradient_magnitude_ratio,0.8065902361098118
births[10].observation.gradient_cosine,0.3427268405418367
births[10].observation.reference_aligned_gradient_energy,2896.136629392712
births[10].observation.unmatched_gradient_energy,756.8187521350222
births[10].observation.excess_hf_weak_reference,0.00015826826917469678
births[10].observation.gradient_squared_error,0.0014930023255280383
births[10].observation.weak_reference_pixels,1624837.25
births[10].observation.loss,0.003689195202838231
births[10].observation.detected_energy,5456722.702856022
births[10].observation.relative_rgb_l2,0.19966332619629654
births[10].observation.per_view_mse[0],0.007873845427567208
births[10].observation.per_view_mse[1],0.008503899297129662
births[10].observation.per_view_mse[2],0.008216657379152113
births[10].observation.per_view_mse[3],0.004919159518856813
births[10].observation.foreground_mask_iou[0],0.9850902517243493
births[10].observation.foreground_mask_iou[1],0.9818651091344265
births[10].observation.foreground_mask_iou[2],0.9848436002829791
births[10].observation.foreground_mask_iou[3],0.9856433055376896
births[10].observation.squared_image_energy,4820181.4375
births[10].geometry.symmetric_chamfer,0.006866255538365692
births[10].geometry.point_to_surface_mean,0.001954300723324479
births[10].geometry.point_to_surface_p95,0.005535254362351077
births[10].geometry.surface_rms,0.0027567969260351745
births[10].geometry.normal_consistency,0.9913919611888555
births[10].geometry.normal_error,0.00860803881114447
births[10].geometry.regional_ear_p2s_mean,0.0028330102786154193
births[10].geometry.regional_head_p2s_mean,0.0017678741815929325
births[10].geometry.regional_leg_p2s_mean,0.0023301365693195147
births[10].geometry.regional_torso_p2s_mean,0.0015258520850019192
births[10].geometry.bounds[0][0],-0.9971863944575471
births[10].geometry.bounds[0][1],-0.9857655507213664
births[10].geometry.bounds[0][2],-0.7586142773898142
births[10].geometry.bounds[1][0],0.9986540020636794
births[10].geometry.bounds[1][1],0.9632264335200473
births[10].geometry.bounds[1][2],0.7713038030660377
births[10].geometry.surface_area,9.23820469274505
births[10].geometry.components,1
births[10].geometry.maximum_outward_from_unit_sphere,0.32323233594328804
births[10].geometry.maximum_inward_from_unit_sphere,0.8261501198869529
births[10].geometry.radial_deviation_p95,0.6132254016755111
births[10].geometry.gt_extends_outside_unit_sphere,True
births[10].geometry.gt_max_radius,1.5736361939753005
births[10].geometry.source_coverage_distance_p95,0.01155295347341037
births[10].geometry.source_coverage_distance_max,0.021025967384095234
births[10].geometry.source_coverage_samples,65536
births[10].geometry.geometry_seconds,0.5260504030156881
births[10].geometry.geometry_path,runs/v090_matched_birth/geometry/soft_birth11.ply
births[10].geometry.geometry_target,"MC approximation of prepared.gt_field, evaluation only; existing P2S/Chamfer definitions. Current normals updated at every evaluation."
births[10].scoring_seconds,676.1549757181201
births[10].total_seconds,960.6554504281376
births[10].peak_cuda_allocated_mib,2268.67138671875
births[10].peak_cuda_reserved_mib,7142.0
births[10].cpu_rss_peak_mib,9754.1328125
births[10].image_path,
births[10].checkpoint_image,runs/v090_matched_birth/soft_checkpoint11.npy
status,STOP_REPEATED_NO_GAIN
candidate_validation.scores.alignment[0],0.022688106012305607
candidate_validation.scores.alignment[1],0.02036031115208143
candidate_validation.scores.alignment[2],0.010193186901185864
candidate_validation.scores.alignment[3],0.0026697670960892416
candidate_validation.scores.alignment[4],0.010067863216925092
candidate_validation.scores.alignment[5],0.01116756167972158
candidate_validation.scores.alignment[6],0.0061567662809466255
candidate_validation.scores.alignment[7],0.002749345756556809
candidate_validation.scores.alignment[8],0.002998612681986107
candidate_validation.scores.alignment[9],0.03387587535651932
candidate_validation.scores.alignment[10],0.01058779529585384
candidate_validation.scores.alignment[11],0.0009571177571489136
candidate_validation.scores.alignment[12],0.03054878130559583
candidate_validation.scores.alignment[13],0.0011549264471271802
candidate_validation.scores.alignment[14],0.012319188068150107
candidate_validation.scores.alignment[15],0.005097739373501187
candidate_validation.scores.alignment[16],-0.000253385924731129
candidate_validation.scores.alignment[17],0.008892055353362408
candidate_validation.scores.alignment[18],0.0039151376315930565
candidate_validation.scores.alignment[19],0.00206601545308698
candidate_validation.scores.alignment[20],0.00039783117229192554
candidate_validation.scores.alignment[21],0.003069878920310376
candidate_validation.scores.alignment[22],0.0017083703854195579
candidate_validation.scores.alignment[23],0.0025560167760531253
candidate_validation.scores.alignment[24],0.0007830215445652558
candidate_validation.scores.alignment[25],0.017834544790403705
candidate_validation.scores.alignment[26],0.00028621783768778466
candidate_validation.scores.alignment[27],0.006486462357958461
candidate_validation.scores.alignment[28],0.00662792147509535
candidate_validation.scores.alignment[29],0.0012736461668419958
candidate_validation.scores.alignment[30],0.0009145053845294391
candidate_validation.scores.alignment[31],0.0005271293651323609
candidate_validation.scores.raw[0],0.022688106012305607
candidate_validation.scores.raw[1],0.02036031115208143
candidate_validation.scores.raw[2],0.010193186901185864
candidate_validation.scores.raw[3],0.0026697670960892416
candidate_validation.scores.raw[4],0.010067863216925092
candidate_validation.scores.raw[5],0.01116756167972158
candidate_validation.scores.raw[6],0.0061567662809466255
candidate_validation.scores.raw[7],0.002749345756556809
candidate_validation.scores.raw[8],0.002998612681986107
candidate_validation.scores.raw[9],0.03387587535651932
candidate_validation.scores.raw[10],0.01058779529585384
candidate_validation.scores.raw[11],0.0009571177571489136
candidate_validation.scores.raw[12],0.03054878130559583
candidate_validation.scores.raw[13],0.0011549264471271802
candidate_validation.scores.raw[14],0.012319188068150107
candidate_validation.scores.raw[15],0.005097739373501187
candidate_validation.scores.raw[16],0.000253385924731129
candidate_validation.scores.raw[17],0.008892055353362408
candidate_validation.scores.raw[18],0.0039151376315930565
candidate_validation.scores.raw[19],0.00206601545308698
candidate_validation.scores.raw[20],0.00039783117229192554
candidate_validation.scores.raw[21],0.003069878920310376
candidate_validation.scores.raw[22],0.0017083703854195579
candidate_validation.scores.raw[23],0.0025560167760531253
candidate_validation.scores.raw[24],0.0007830215445652558
candidate_validation.scores.raw[25],0.017834544790403705
candidate_validation.scores.raw[26],0.00028621783768778466
candidate_validation.scores.raw[27],0.006486462357958461
candidate_validation.scores.raw[28],0.00662792147509535
candidate_validation.scores.raw[29],0.0012736461668419958
candidate_validation.scores.raw[30],0.0009145053845294391
candidate_validation.scores.raw[31],0.0005271293651323609
candidate_validation.scores.norm2[0],8.55823769853301
candidate_validation.scores.norm2[1],6.873054372793138
candidate_validation.scores.norm2[2],8.25739281143308
candidate_validation.scores.norm2[3],1.0343678841884394
candidate_validation.scores.norm2[4],4.387310496041035
candidate_validation.scores.norm2[5],3.2284325290285905
candidate_validation.scores.norm2[6],3.132234696444256
candidate_validation.scores.norm2[7],1.4968388599019788
candidate_validation.scores.norm2[8],1.4251917076667255
candidate_validation.scores.norm2[9],62.50599586442893
candidate_validation.scores.norm2[10],5.790476145943828
candidate_validation.scores.norm2[11],1.0858843001469365
candidate_validation.scores.norm2[12],43.60896817457743
candidate_validation.scores.norm2[13],0.5153469850560681
candidate_validation.scores.norm2[14],5.877713187948201
candidate_validation.scores.norm2[15],2.8796499579372803
candidate_validation.scores.norm2[16],0.10630794246987225
candidate_validation.scores.norm2[17],5.366390148003534
candidate_validation.scores.norm2[18],1.3135716786123124
candidate_validation.scores.norm2[19],1.0544779103132083
candidate_validation.scores.norm2[20],0.2771875713897442
candidate_validation.scores.norm2[21],1.8885404387698597
candidate_validation.scores.norm2[22],0.8565436473367531
candidate_validation.scores.norm2[23],1.5114935481473706
candidate_validation.scores.norm2[24],0.3263734684191059
candidate_validation.scores.norm2[25],10.10542215593573
candidate_validation.scores.norm2[26],0.2848196427094662
candidate_validation.scores.norm2[27],3.8876500901428432
candidate_validation.scores.norm2[28],4.6382038528841605
candidate_validation.scores.norm2[29],0.5284314323860368
candidate_validation.scores.norm2[30],0.4412683826592795
candidate_validation.scores.norm2[31],2.020495645313903
candidate_validation.scores.quadratic[0],3.0073372962004665e-05
candidate_validation.scores.quadratic[1],3.0157062762308195e-05
candidate_validation.scores.quadratic[2],6.2913961050979545e-06
candidate_validation.scores.quadratic[3],3.4454161653858173e-06
candidate_validation.scores.quadratic[4],1.1551708904103905e-05
candidate_validation.scores.quadratic[5],1.9315012608442052e-05
candidate_validation.scores.quadratic[6],6.050914682582601e-06
candidate_validation.scores.quadratic[7],2.5249550190729706e-06
candidate_validation.scores.quadratic[8],3.1545501343039485e-06
candidate_validation.scores.quadratic[9],9.179718789086233e-06
candidate_validation.scores.quadratic[10],9.679809092164972e-06
candidate_validation.scores.quadratic[11],4.2181027783703684e-07
candidate_validation.scores.quadratic[12],1.0699955492883811e-05
candidate_validation.scores.quadratic[13],1.294132766976544e-06
candidate_validation.scores.quadratic[14],1.2909986182009684e-05
candidate_validation.scores.quadratic[15],4.512170957807103e-06
candidate_validation.scores.quadratic[16],3.0197351658528054e-07
candidate_validation.scores.quadratic[17],7.367023711765753e-06
candidate_validation.scores.quadratic[18],5.834588913941673e-06
candidate_validation.scores.quadratic[19],2.0239492007644442e-06
candidate_validation.scores.quadratic[20],2.854918489946657e-07
candidate_validation.scores.quadratic[21],2.4950898304530493e-06
candidate_validation.scores.quadratic[22],1.7036662650641818e-06
candidate_validation.scores.quadratic[23],2.161180686228072e-06
candidate_validation.scores.quadratic[24],9.392959457826406e-07
candidate_validation.scores.quadratic[25],1.5737639646581184e-05
candidate_validation.scores.quadratic[26],1.4381139774821578e-07
candidate_validation.scores.quadratic[27],5.411262827593306e-06
candidate_validation.scores.quadratic[28],4.73559846939392e-06
candidate_validation.scores.quadratic[29],1.534895685526821e-06
candidate_validation.scores.quadratic[30],9.476318060303126e-07
candidate_validation.scores.quadratic[31],6.87616809461969e-08
candidate_validation.scores.jacobian_norm[0],2.9254465810424586
candidate_validation.scores.jacobian_norm[1],2.621651077621341
candidate_validation.scores.jacobian_norm[2],2.873567958380849
candidate_validation.scores.jacobian_norm[3],1.0170387820473905
candidate_validation.scores.jacobian_norm[4],2.094590770542312
candidate_validation.scores.jacobian_norm[5],1.7967839405528396
candidate_validation.scores.jacobian_norm[6],1.769812051163698
candidate_validation.scores.jacobian_norm[7],1.223453660708888
candidate_validation.scores.jacobian_norm[8],1.1938139334363314
candidate_validation.scores.jacobian_norm[9],7.906073353089315
candidate_validation.scores.jacobian_norm[10],2.4063408208198247
candidate_validation.scores.jacobian_norm[11],1.0420577239994608
candidate_validation.scores.jacobian_norm[12],6.603708668208905
candidate_validation.scores.jacobian_norm[13],0.7178767199568935
candidate_validation.scores.jacobian_norm[14],2.424399552043392
candidate_validation.scores.jacobian_norm[15],1.6969531395820217
candidate_validation.scores.jacobian_norm[16],0.3260489878375215
candidate_validation.scores.jacobian_norm[17],2.3165470312522327
candidate_validation.scores.jacobian_norm[18],1.1461115471943875
candidate_validation.scores.jacobian_norm[19],1.0268777484750597
candidate_validation.scores.jacobian_norm[20],0.5264860600146448
candidate_validation.scores.jacobian_norm[21],1.374241768674588
candidate_validation.scores.jacobian_norm[22],0.9254964329141162
candidate_validation.scores.jacobian_norm[23],1.2294281386674744
candidate_validation.scores.jacobian_norm[24],0.5712910540338487
candidate_validation.scores.jacobian_norm[25],3.178902665376172
candidate_validation.scores.jacobian_norm[26],0.5336849657892436
candidate_validation.scores.jacobian_norm[27],1.9717124765398335
candidate_validation.scores.jacobian_norm[28],2.1536489623158555
candidate_validation.scores.jacobian_norm[29],0.7269328940046921
candidate_validation.scores.jacobian_norm[30],0.6642803494453825
candidate_validation.scores.jacobian_norm[31],1.4214413970733732
candidate_validation.scores.gram[0][0],8.55823769853301
candidate_validation.scores.gram[0][1],0.0
candidate_validation.scores.gram[0][2],0.0
candidate_validation.scores.gram[0][3],0.0
candidate_validation.scores.gram[0][4],-0.00061478375332282
candidate_validation.scores.gram[0][5],2.902976673790771e-19
candidate_validation.scores.gram[0][6],0.0
candidate_validation.scores.gram[0][7],-1.5794865643326107e-11
candidate_validation.scores.gram[0][8],2.3952181291438757e-32
candidate_validation.scores.gram[0][9],-6.129098679678345e-06
candidate_validation.scores.gram[0][10],8.716302727932944e-07
candidate_validation.scores.gram[0][11],6.65576121897682e-06
candidate_validation.scores.gram[0][12],0.00010392781070330066
candidate_validation.scores.gram[0][13],-1.5774657055545442e-07
candidate_validation.scores.gram[0][14],-4.622871725045775e-08
candidate_validation.scores.gram[0][15],0.0
candidate_validation.scores.gram[0][16],0.0
candidate_validation.scores.gram[0][17],5.171059114000154e-05
candidate_validation.scores.gram[0][18],0.0005466755230430305
candidate_validation.scores.gram[0][19],1.8467360307145677e-11
candidate_validation.scores.gram[0][20],-1.611412535987134e-07
candidate_validation.scores.gram[0][21],-8.73281809729491e-15
candidate_validation.scores.gram[0][22],0.0
candidate_validation.scores.gram[0][23],4.307801115821708e-16
candidate_validation.scores.gram[0][24],0.0
candidate_validation.scores.gram[0][25],0.025737036311577532
candidate_validation.scores.gram[0][26],0.0
candidate_validation.scores.gram[0][27],0.0
candidate_validation.scores.gram[0][28],0.0
candidate_validation.scores.gram[0][29],0.0
candidate_validation.scores.gram[0][30],0.0
candidate_validation.scores.gram[0][31],0.0
candidate_validation.scores.gram[1][0],0.0
candidate_validation.scores.gram[1][1],6.873054372793138
candidate_validation.scores.gram[1][2],0.0
candidate_validation.scores.gram[1][3],0.0
candidate_validation.scores.gram[1][4],-1.5150329564073205e-07
candidate_validation.scores.gram[1][5],0.0
candidate_validation.scores.gram[1][6],-0.00018468129648386902
candidate_validation.scores.gram[1][7],0.0
candidate_validation.scores.gram[1][8],-4.6300494764137883e-10
candidate_validation.scores.gram[1][9],0.0
candidate_validation.scores.gram[1][10],-5.2971029803155564e-11
candidate_validation.scores.gram[1][11],0.0
candidate_validation.scores.gram[1][12],0.0
candidate_validation.scores.gram[1][13],0.0
candidate_validation.scores.gram[1][14],0.0032723153036560795
candidate_validation.scores.gram[1][15],0.004152982239439643
candidate_validation.scores.gram[1][16],0.0
candidate_validation.scores.gram[1][17],0.0
candidate_validation.scores.gram[1][18],0.0
candidate_validation.scores.gram[1][19],0.0
candidate_validation.scores.gram[1][20],0.0
candidate_validation.scores.gram[1][21],-4.58630284089097e-05
candidate_validation.scores.gram[1][22],0.0
candidate_validation.scores.gram[1][23],0.0
candidate_validation.scores.gram[1][24],0.0
candidate_validation.scores.gram[1][25],0.0
candidate_validation.scores.gram[1][26],0.0
candidate_validation.scores.gram[1][27],0.0
candidate_validation.scores.gram[1][28],0.0
candidate_validation.scores.gram[1][29],0.009558816747910454
candidate_validation.scores.gram[1][30],0.0
candidate_validation.scores.gram[1][31],0.051035044602817506
candidate_validation.scores.gram[2][0],0.0
candidate_validation.scores.gram[2][1],0.0
candidate_validation.scores.gram[2][2],8.25739281143308
candidate_validation.scores.gram[2][3],0.0
candidate_validation.scores.gram[2][4],-1.7695294571803075e-12
candidate_validation.scores.gram[2][5],0.0
candidate_validation.scores.gram[2][6],2.0073488515851073e-08
candidate_validation.scores.gram[2][7],-2.9576230647239627e-08
candidate_validation.scores.gram[2][8],6.99189477064186e-08
candidate_validation.scores.gram[2][9],0.0
candidate_validation.scores.gram[2][10],-4.45054041084629e-07
candidate_validation.scores.gram[2][11],-4.560106472433716e-08
candidate_validation.scores.gram[2][12],0.0
candidate_validation.scores.gram[2][13],4.87366637063134e-05
candidate_validation.scores.gram[2][14],0.0
candidate_validation.scores.gram[2][15],0.0
candidate_validation.scores.gram[2][16],1.4929770879459281e-05
candidate_validation.scores.gram[2][17],0.0
candidate_validation.scores.gram[2][18],0.0
candidate_validation.scores.gram[2][19],0.0
candidate_validation.scores.gram[2][20],0.0
candidate_validation.scores.gram[2][21],0.0
candidate_validation.scores.gram[2][22],-8.070236347622712e-08
candidate_validation.scores.gram[2][23],-2.7942877644876876e-07
candidate_validation.scores.gram[2][24],-4.319501646120709e-08
candidate_validation.scores.gram[2][25],0.0
candidate_validation.scores.gram[2][26],-2.1903542101606788e-18
candidate_validation.scores.gram[2][27],3.459727362236772e-05
candidate_validation.scores.gram[2][28],0.04871159096682959
candidate_validation.scores.gram[2][29],0.0
candidate_validation.scores.gram[2][30],0.00454697999294687
candidate_validation.scores.gram[2][31],0.0
candidate_validation.scores.gram[3][0],0.0
candidate_validation.scores.gram[3][1],0.0
candidate_validation.scores.gram[3][2],0.0
candidate_validation.scores.gram[3][3],1.0343678841884394
candidate_validation.scores.gram[3][4],0.0
candidate_validation.scores.gram[3][5],-3.4971768950770244e-06
candidate_validation.scores.gram[3][6],-1.5783480456495855e-12
candidate_validation.scores.gram[3][7],-9.288763265771617e-13
candidate_validation.scores.gram[3][8],8.856945520098458e-09
candidate_validation.scores.gram[3][9],0.0
candidate_validation.scores.gram[3][10],0.0
candidate_validation.scores.gram[3][11],-1.5177452836814329e-06
candidate_validation.scores.gram[3][12],3.528502069117622e-16
candidate_validation.scores.gram[3][13],-2.3610675272121564e-32
candidate_validation.scores.gram[3][14],1.0725533855231594e-14
candidate_validation.scores.gram[3][15],0.0008752909630971307
candidate_validation.scores.gram[3][16],-7.765640457238533e-07
candidate_validation.scores.gram[3][17],0.0
candidate_validation.scores.gram[3][18],1.768360026134654e-10
candidate_validation.scores.gram[3][19],0.0
candidate_validation.scores.gram[3][20],9.099602563620549e-05
candidate_validation.scores.gram[3][21],0.0
candidate_validation.scores.gram[3][22],-5.610978355161856e-09
candidate_validation.scores.gram[3][23],0.0
candidate_validation.scores.gram[3][24],0.0025444788135197197
candidate_validation.scores.gram[3][25],0.0
candidate_validation.scores.gram[3][26],0.0015620416557028862
candidate_validation.scores.gram[3][27],-2.122618001939966e-06
candidate_validation.scores.gram[3][28],0.0
candidate_validation.scores.gram[3][29],4.477667067444007e-19
candidate_validation.scores.gram[3][30],0.0
candidate_validation.scores.gram[3][31],0.0
candidate_validation.scores.gram[4][0],-0.00061478375332282
candidate_validation.scores.gram[4][1],-1.5150329564073205e-07
candidate_validation.scores.gram[4][2],-1.7695294571803075e-12
candidate_validation.scores.gram[4][3],0.0
candidate_validation.scores.gram[4][4],4.387310496041035
candidate_validation.scores.gram[4][5],-1.0415927348892127e-40
candidate_validation.scores.gram[4][6],1.706162444555277e-11
candidate_validation.scores.gram[4][7],0.0
candidate_validation.scores.gram[4][8],0.0
candidate_validation.scores.gram[4][9],-2.6565780118375477e-10
candidate_validation.scores.gram[4][10],4.207647757685892e-07
candidate_validation.scores.gram[4][11],-8.055415501084676e-07
candidate_validation.scores.gram[4][12],0.0
candidate_validation.scores.gram[4][13],3.498961197660355e-05
candidate_validation.scores.gram[4][14],0.0006771656637590257
candidate_validation.scores.gram[4][15],0.0
candidate_validation.scores.gram[4][16],0.0
candidate_validation.scores.gram[4][17],-1.2957614268709233e-05
candidate_validation.scores.gram[4][18],0.0
candidate_validation.scores.gram[4][19],0.003106439483368698
candidate_validation.scores.gram[4][20],-6.859560430727642e-36
candidate_validation.scores.gram[4][21],0.0002617300849359433
candidate_validation.scores.gram[4][22],0.0
candidate_validation.scores.gram[4][23],7.78815750163199e-05
candidate_validation.scores.gram[4][24],0.0
candidate_validation.scores.gram[4][25],-6.25243078510772e-07
candidate_validation.scores.gram[4][26],0.0
candidate_validation.scores.gram[4][27],0.0
candidate_validation.scores.gram[4][28],5.58272274715595e-07
candidate_validation.scores.gram[4][29],0.0
candidate_validation.scores.gram[4][30],0.0
candidate_validation.scores.gram[4][31],-4.185623076927337e-06
candidate_validation.scores.gram[5][0],2.902976673790771e-19
candidate_validation.scores.gram[5][1],0.0
candidate_validation.scores.gram[5][2],0.0
candidate_validation.scores.gram[5][3],-3.4971768950770244e-06
candidate_validation.scores.gram[5][4],-1.0415927348892127e-40
candidate_validation.scores.gram[5][5],3.2284325290285905
candidate_validation.scores.gram[5][6],0.0
candidate_validation.scores.gram[5][7],-9.342665258703141e-06
candidate_validation.scores.gram[5][8],0.0
candidate_validation.scores.gram[5][9],0.0
candidate_validation.scores.gram[5][10],0.0
candidate_validation.scores.gram[5][11],-6.891502556220776e-08
candidate_validation.scores.gram[5][12],0.0
candidate_validation.scores.gram[5][13],0.0006175213203348131
candidate_validation.scores.gram[5][14],0.0
candidate_validation.scores.gram[5][15],0.0
candidate_validation.scores.gram[5][16],-1.1424071770156807e-08
candidate_validation.scores.gram[5][17],6.481830278900252e-05
candidate_validation.scores.gram[5][18],0.00041689516505069113
candidate_validation.scores.gram[5][19],0.0004656678439563589
candidate_validation.scores.gram[5][20],-1.918580173255439e-09
candidate_validation.scores.gram[5][21],0.0
candidate_validation.scores.gram[5][22],0.0008203095992171136
candidate_validation.scores.gram[5][23],0.0
candidate_validation.scores.gram[5][24],-1.495340087723633e-12
candidate_validation.scores.gram[5][25],0.0
candidate_validation.scores.gram[5][26],1.2172405959248557e-19
candidate_validation.scores.gram[5][27],0.0
candidate_validation.scores.gram[5][28],0.0
candidate_validation.scores.gram[5][29],0.0
candidate_validation.scores.gram[5][30],0.0
candidate_validation.scores.gram[5][31],0.0
candidate_validation.scores.gram[6][0],0.0
candidate_validation.scores.gram[6][1],-0.00018468129648386902
candidate_validation.scores.gram[6][2],2.0073488515851073e-08
candidate_validation.scores.gram[6][3],-1.5783480456495855e-12
candidate_validation.scores.gram[6][4],1.706162444555277e-11
candidate_validation.scores.gram[6][5],0.0
candidate_validation.scores.gram[6][6],3.132234696444256
candidate_validation.scores.gram[6][7],0.0
candidate_validation.scores.gram[6][8],-7.006895122592801e-11
candidate_validation.scores.gram[6][9],-2.1627578517412464e-09
candidate_validation.scores.gram[6][10],-1.2918244528743063e-08
candidate_validation.scores.gram[6][11],-1.2023199670820015e-06
candidate_validation.scores.gram[6][12],0.0
candidate_validation.scores.gram[6][13],8.847202889667574e-11
candidate_validation.scores.gram[6][14],-5.373411043133141e-14
candidate_validation.scores.gram[6][15],-7.561812175333747e-07
candidate_validation.scores.gram[6][16],5.875987081252313e-08
candidate_validation.scores.gram[6][17],0.0
candidate_validation.scores.gram[6][18],0.0
candidate_validation.scores.gram[6][19],0.0
candidate_validation.scores.gram[6][20],0.0
candidate_validation.scores.gram[6][21],0.005632450499277356
candidate_validation.scores.gram[6][22],0.0
candidate_validation.scores.gram[6][23],0.0004174471307989427
candidate_validation.scores.gram[6][24],-0.0001823717085964933
candidate_validation.scores.gram[6][25],8.434940868848122e-20
candidate_validation.scores.gram[6][26],0.0
candidate_validation.scores.gram[6][27],3.528621740465861e-10
candidate_validation.scores.gram[6][28],9.613740016180355e-11
candidate_validation.scores.gram[6][29],0.0
candidate_validation.scores.gram[6][30],4.450669381087076e-10
candidate_validation.scores.gram[6][31],0.01893357825695224
candidate_validation.scores.gram[7][0],-1.5794865643326107e-11
candidate_validation.scores.gram[7][1],0.0
candidate_validation.scores.gram[7][2],-2.9576230647239627e-08
candidate_validation.scores.gram[7][3],-9.288763265771617e-13
candidate_validation.scores.gram[7][4],0.0
candidate_validation.scores.gram[7][5],-9.342665258703141e-06
candidate_validation.scores.gram[7][6],0.0
candidate_validation.scores.gram[7][7],1.4968388599019788
candidate_validation.scores.gram[7][8],-1.534779740833472e-10
candidate_validation.scores.gram[7][9],-0.00020348921767692735
candidate_validation.scores.gram[7][10],8.722601176630882e-12
candidate_validation.scores.gram[7][11],-3.7414184513473297e-19
candidate_validation.scores.gram[7][12],2.3663563313754857e-18
candidate_validation.scores.gram[7][13],-9.000425379934552e-10
candidate_validation.scores.gram[7][14],-1.5948047139892666e-15
candidate_validation.scores.gram[7][15],0.0
candidate_validation.scores.gram[7][16],2.2676945404871384e-06
candidate_validation.scores.gram[7][17],0.0
candidate_validation.scores.gram[7][18],3.5982071507451756e-05
candidate_validation.scores.gram[7][19],0.0
candidate_validation.scores.gram[7][20],0.0006514076067937652
candidate_validation.scores.gram[7][21],0.0
candidate_validation.scores.gram[7][22],-0.000872453144214755
candidate_validation.scores.gram[7][23],0.0
candidate_validation.scores.gram[7][24],0.0
candidate_validation.scores.gram[7][25],-9.282827616215181e-09
candidate_validation.scores.gram[7][26],1.7170804731659597e-25
candidate_validation.scores.gram[7][27],0.0
candidate_validation.scores.gram[7][28],-1.7852452725143728e-07
candidate_validation.scores.gram[7][29],0.0
candidate_validation.scores.gram[7][30],-4.350675981393593e-08
candidate_validation.scores.gram[7][31],0.0
candidate_validation.scores.gram[8][0],2.3952181291438757e-32
candidate_validation.scores.gram[8][1],-4.6300494764137883e-10
candidate_validation.scores.gram[8][2],6.99189477064186e-08
candidate_validation.scores.gram[8][3],8.856945520098458e-09
candidate_validation.scores.gram[8][4],0.0
candidate_validation.scores.gram[8][5],0.0
candidate_validation.scores.gram[8][6],-7.006895122592801e-11
candidate_validation.scores.gram[8][7],-1.534779740833472e-10
candidate_validation.scores.gram[8][8],1.4251917076667255
candidate_validation.scores.gram[8][9],0.0
candidate_validation.scores.gram[8][10],9.41551788523659e-06
candidate_validation.scores.gram[8][11],-5.358636139145938e-26
candidate_validation.scores.gram[8][12],-5.986029229804451e-10
candidate_validation.scores.gram[8][13],6.498832219113995e-08
candidate_validation.scores.gram[8][14],-1.2500220495352114e-05
candidate_validation.scores.gram[8][15],9.985874205585072e-05
candidate_validation.scores.gram[8][16],1.7448508061202576e-06
candidate_validation.scores.gram[8][17],0.0
candidate_validation.scores.gram[8][18],0.0
candidate_validation.scores.gram[8][19],0.0
candidate_validation.scores.gram[8][20],-4.836716066653971e-14
candidate_validation.scores.gram[8][21],0.0
candidate_validation.scores.gram[8][22],4.770642610323617e-13
candidate_validation.scores.gram[8][23],0.0
candidate_validation.scores.gram[8][24],2.34410839516073e-09
candidate_validation.scores.gram[8][25],0.0
candidate_validation.scores.gram[8][26],0.00015321960894336832
candidate_validation.scores.gram[8][27],0.016010864421343154
candidate_validation.scores.gram[8][28],-9.926051213930024e-11
candidate_validation.scores.gram[8][29],0.013549555619147457
candidate_validation.scores.gram[8][30],-6.756417472115109e-05
candidate_validation.scores.gram[8][31],0.0
candidate_validation.scores.gram[9][0],-6.129098679678345e-06
candidate_validation.scores.gram[9][1],0.0
candidate_validation.scores.gram[9][2],0.0
candidate_validation.scores.gram[9][3],0.0
candidate_validation.scores.gram[9][4],-2.6565780118375477e-10
candidate_validation.scores.gram[9][5],0.0
candidate_validation.scores.gram[9][6],-2.1627578517412464e-09
candidate_validation.scores.gram[9][7],-0.00020348921767692735
candidate_validation.scores.gram[9][8],0.0
candidate_validation.scores.gram[9][9],62.50599586442893
candidate_validation.scores.gram[9][10],0.0
candidate_validation.scores.gram[9][11],-3.320381722039237e-08
candidate_validation.scores.gram[9][12],0.0
candidate_validation.scores.gram[9][13],0.0
candidate_validation.scores.gram[9][14],2.3594541306543658e-09
candidate_validation.scores.gram[9][15],0.0
candidate_validation.scores.gram[9][16],0.0
candidate_validation.scores.gram[9][17],0.0
candidate_validation.scores.gram[9][18],0.0
candidate_validation.scores.gram[9][19],0.0
candidate_validation.scores.gram[9][20],0.0007881590329000226
candidate_validation.scores.gram[9][21],-3.24500519215802e-06
candidate_validation.scores.gram[9][22],0.0
candidate_validation.scores.gram[9][23],-4.808549455659327e-11
candidate_validation.scores.gram[9][24],2.4875241769236123e-15
candidate_validation.scores.gram[9][25],0.04204624618030061
candidate_validation.scores.gram[9][26],0.0
candidate_validation.scores.gram[9][27],0.0
candidate_validation.scores.gram[9][28],0.0
candidate_validation.scores.gram[9][29],0.0
candidate_validation.scores.gram[9][30],0.0
candidate_validation.scores.gram[9][31],7.320962237821192e-12
candidate_validation.scores.gram[10][0],8.716302727932944e-07
candidate_validation.scores.gram[10][1],-5.2971029803155564e-11
candidate_validation.scores.gram[10][2],-4.45054041084629e-07
candidate_validation.scores.gram[10][3],0.0
candidate_validation.scores.gram[10][4],4.207647757685892e-07
candidate_validation.scores.gram[10][5],0.0
candidate_validation.scores.gram[10][6],-1.2918244528743063e-08
candidate_validation.scores.gram[10][7],8.722601176630882e-12
candidate_validation.scores.gram[10][8],9.41551788523659e-06
candidate_validation.scores.gram[10][9],0.0
candidate_validation.scores.gram[10][10],5.790476145943828
candidate_validation.scores.gram[10][11],-8.001085309660133e-12
candidate_validation.scores.gram[10][12],3.0721137475530394e-10
candidate_validation.scores.gram[10][13],0.001417050556045671
candidate_validation.scores.gram[10][14],0.00046137463753473997
candidate_validation.scores.gram[10][15],0.0
candidate_validation.scores.gram[10][16],0.0
candidate_validation.scores.gram[10][17],0.0
candidate_validation.scores.gram[10][18],0.0
candidate_validation.scores.gram[10][19],-6.026222058823732e-28
candidate_validation.scores.gram[10][20],-1.1923982533926332e-08
candidate_validation.scores.gram[10][21],-1.1850283226744434e-05
candidate_validation.scores.gram[10][22],8.440955836357599e-10
candidate_validation.scores.gram[10][23],2.721787081576909e-08
candidate_validation.scores.gram[10][24],0.0
candidate_validation.scores.gram[10][25],5.52722660849723e-18
candidate_validation.scores.gram[10][26],0.0
candidate_validation.scores.gram[10][27],0.0
candidate_validation.scores.gram[10][28],0.008311988194651353
candidate_validation.scores.gram[10][29],-2.269957616028451e-07
candidate_validation.scores.gram[10][30],-0.0005490080608775399
candidate_validation.scores.gram[10][31],0.0
candidate_validation.scores.gram[11][0],6.65576121897682e-06
candidate_validation.scores.gram[11][1],0.0
candidate_validation.scores.gram[11][2],-4.560106472433716e-08
candidate_validation.scores.gram[11][3],-1.5177452836814329e-06
candidate_validation.scores.gram[11][4],-8.055415501084676e-07
candidate_validation.scores.gram[11][5],-6.891502556220776e-08
candidate_validation.scores.gram[11][6],-1.2023199670820015e-06
candidate_validation.scores.gram[11][7],-3.7414184513473297e-19
candidate_validation.scores.gram[11][8],-5.358636139145938e-26
candidate_validation.scores.gram[11][9],-3.320381722039237e-08
candidate_validation.scores.gram[11][10],-8.001085309660133e-12
candidate_validation.scores.gram[11][11],1.0858843001469365
candidate_validation.scores.gram[11][12],1.2229203739903392e-13
candidate_validation.scores.gram[11][13],-2.6721594112274452e-15
candidate_validation.scores.gram[11][14],1.0111127857365385e-08
candidate_validation.scores.gram[11][15],0.0
candidate_validation.scores.gram[11][16],2.7801097966609387e-12
candidate_validation.scores.gram[11][17],-0.0002437123964868365
candidate_validation.scores.gram[11][18],0.0
candidate_validation.scores.gram[11][19],-3.730237368970575e-05
candidate_validation.scores.gram[11][20],-0.0011808141037618143
candidate_validation.scores.gram[11][21],9.742190992210288e-09
candidate_validation.scores.gram[11][22],0.0
candidate_validation.scores.gram[11][23],0.0006950582033471173
candidate_validation.scores.gram[11][24],-0.0008711831544160925
candidate_validation.scores.gram[11][25],0.0014965508219833053
candidate_validation.scores.gram[11][26],0.0
candidate_validation.scores.gram[11][27],0.0
candidate_validation.scores.gram[11][28],-2.0185097781317664e-13
candidate_validation.scores.gram[11][29],2.4118989402949093e-19
candidate_validation.scores.gram[11][30],1.6549894713866373e-18
candidate_validation.scores.gram[11][31],-6.658457058231365e-16
candidate_validation.scores.gram[12][0],0.00010392781070330066
candidate_validation.scores.gram[12][1],0.0
candidate_validation.scores.gram[12][2],0.0
candidate_validation.scores.gram[12][3],3.528502069117622e-16
candidate_validation.scores.gram[12][4],0.0
candidate_validation.scores.gram[12][5],0.0
candidate_validation.scores.gram[12][6],0.0
candidate_validation.scores.gram[12][7],2.3663563313754857e-18
candidate_validation.scores.gram[12][8],-5.986029229804451e-10
candidate_validation.scores.gram[12][9],0.0
candidate_validation.scores.gram[12][10],3.0721137475530394e-10
candidate_validation.scores.gram[12][11],1.2229203739903392e-13
candidate_validation.scores.gram[12][12],43.60896817457743
candidate_validation.scores.gram[12][13],1.1884575377846802e-45
candidate_validation.scores.gram[12][14],-5.941403258648218e-07
candidate_validation.scores.gram[12][15],0.0
candidate_validation.scores.gram[12][16],0.0
candidate_validation.scores.gram[12][17],0.0
candidate_validation.scores.gram[12][18],0.0
candidate_validation.scores.gram[12][19],0.0
candidate_validation.scores.gram[12][20],4.556036028742927e-11
candidate_validation.scores.gram[12][21],0.0
candidate_validation.scores.gram[12][22],0.0
candidate_validation.scores.gram[12][23],0.0
candidate_validation.scores.gram[12][24],0.0
candidate_validation.scores.gram[12][25],0.0
candidate_validation.scores.gram[12][26],0.0
candidate_validation.scores.gram[12][27],0.0
candidate_validation.scores.gram[12][28],0.0
candidate_validation.scores.gram[12][29],1.0159785389706184e-11
candidate_validation.scores.gram[12][30],0.0
candidate_validation.scores.gram[12][31],0.0
candidate_validation.scores.gram[13][0],-1.5774657055545442e-07
candidate_validation.scores.gram[13][1],0.0
candidate_validation.scores.gram[13][2],4.87366637063134e-05
candidate_validation.scores.gram[13][3],-2.3610675272121564e-32
candidate_validation.scores.gram[13][4],3.498961197660355e-05
candidate_validation.scores.gram[13][5],0.0006175213203348131
candidate_validation.scores.gram[13][6],8.847202889667574e-11
candidate_validation.scores.gram[13][7],-9.000425379934552e-10
candidate_validation.scores.gram[13][8],6.498832219113995e-08
candidate_validation.scores.gram[13][9],0.0
candidate_validation.scores.gram[13][10],0.001417050556045671
candidate_validation.scores.gram[13][11],-2.6721594112274452e-15
candidate_validation.scores.gram[13][12],1.1884575377846802e-45
candidate_validation.scores.gram[13][13],0.5153469850560681
candidate_validation.scores.gram[13][14],-1.3037654850811347e-16
candidate_validation.scores.gram[13][15],0.0
candidate_validation.scores.gram[13][16],-1.903428420104037e-07
candidate_validation.scores.gram[13][17],0.0
candidate_validation.scores.gram[13][18],-1.6244107296959855e-06
candidate_validation.scores.gram[13][19],-0.00010051868602992505
candidate_validation.scores.gram[13][20],4.890868989406185e-19
candidate_validation.scores.gram[13][21],-9.238771351738689e-12
candidate_validation.scores.gram[13][22],-0.00017150257689561456
candidate_validation.scores.gram[13][23],-1.5581160444892015e-06
candidate_validation.scores.gram[13][24],0.0
candidate_validation.scores.gram[13][25],0.0
candidate_validation.scores.gram[13][26],1.0206959507417705e-12
candidate_validation.scores.gram[13][27],2.8393373522134636e-10
candidate_validation.scores.gram[13][28],0.0008603182759636313
candidate_validation.scores.gram[13][29],3.7091379574430404e-17
candidate_validation.scores.gram[13][30],3.256283054896421e-08
candidate_validation.scores.gram[13][31],0.0
candidate_validation.scores.gram[14][0],-4.622871725045775e-08
candidate_validation.scores.gram[14][1],0.0032723153036560795
candidate_validation.scores.gram[14][2],0.0
candidate_validation.scores.gram[14][3],1.0725533855231594e-14
candidate_validation.scores.gram[14][4],0.0006771656637590257
candidate_validation.scores.gram[14][5],0.0
candidate_validation.scores.gram[14][6],-5.373411043133141e-14
candidate_validation.scores.gram[14][7],-1.5948047139892666e-15
candidate_validation.scores.gram[14][8],-1.2500220495352114e-05
candidate_validation.scores.gram[14][9],2.3594541306543658e-09
candidate_validation.scores.gram[14][10],0.00046137463753473997
candidate_validation.scores.gram[14][11],1.0111127857365385e-08
candidate_validation.scores.gram[14][12],-5.941403258648218e-07
candidate_validation.scores.gram[14][13],-1.3037654850811347e-16
candidate_validation.scores.gram[14][14],5.877713187948201
candidate_validation.scores.gram[14][15],0.0
candidate_validation.scores.gram[14][16],0.0
candidate_validation.scores.gram[14][17],0.0
candidate_validation.scores.gram[14][18],0.0
candidate_validation.scores.gram[14][19],1.8865906148446248e-12
candidate_validation.scores.gram[14][20],-9.86134429778329e-11
candidate_validation.scores.gram[14][21],0.0018728354318804461
candidate_validation.scores.gram[14][22],0.0
candidate_validation.scores.gram[14][23],-2.656173570863441e-11
candidate_validation.scores.gram[14][24],4.4688502420708206e-14
candidate_validation.scores.gram[14][25],-2.846630772945704e-07
candidate_validation.scores.gram[14][26],0.0
candidate_validation.scores.gram[14][27],0.0
candidate_validation.scores.gram[14][28],0.0
candidate_validation.scores.gram[14][29],1.3035847272827208e-05
candidate_validation.scores.gram[14][30],-6.018905889677233e-42
candidate_validation.scores.gram[14][31],1.2478700482374086e-05
candidate_validation.scores.gram[15][0],0.0
candidate_validation.scores.gram[15][1],0.004152982239439643
candidate_validation.scores.gram[15][2],0.0
candidate_validation.scores.gram[15][3],0.0008752909630971307
candidate_validation.scores.gram[15][4],0.0
candidate_validation.scores.gram[15][5],0.0
candidate_validation.scores.gram[15][6],-7.561812175333747e-07
candidate_validation.scores.gram[15][7],0.0
candidate_validation.scores.gram[15][8],9.985874205585072e-05
candidate_validation.scores.gram[15][9],0.0
candidate_validation.scores.gram[15][10],0.0
candidate_validation.scores.gram[15][11],0.0
candidate_validation.scores.gram[15][12],0.0
candidate_validation.scores.gram[15][13],0.0
candidate_validation.scores.gram[15][14],0.0
candidate_validation.scores.gram[15][15],2.8796499579372803
candidate_validation.scores.gram[15][16],-1.782288685415776e-15
candidate_validation.scores.gram[15][17],0.0
candidate_validation.scores.gram[15][18],0.0
candidate_validation.scores.gram[15][19],0.0
candidate_validation.scores.gram[15][20],0.0
candidate_validation.scores.gram[15][21],0.0
candidate_validation.scores.gram[15][22],0.0
candidate_validation.scores.gram[15][23],0.0
candidate_validation.scores.gram[15][24],4.8025835830106015e-11
candidate_validation.scores.gram[15][25],0.0
candidate_validation.scores.gram[15][26],0.0012183682021878486
candidate_validation.scores.gram[15][27],1.639372963101169e-07
candidate_validation.scores.gram[15][28],0.0
candidate_validation.scores.gram[15][29],-2.6261266267123664e-05
candidate_validation.scores.gram[15][30],0.0
candidate_validation.scores.gram[15][31],-0.00034239436437322657
candidate_validation.scores.gram[16][0],0.0
candidate_validation.scores.gram[16][1],0.0
candidate_validation.scores.gram[16][2],1.4929770879459281e-05
candidate_validation.scores.gram[16][3],-7.765640457238533e-07
candidate_validation.scores.gram[16][4],0.0
candidate_validation.scores.gram[16][5],-1.1424071770156807e-08
candidate_validation.scores.gram[16][6],5.875987081252313e-08
candidate_validation.scores.gram[16][7],2.2676945404871384e-06
candidate_validation.scores.gram[16][8],1.7448508061202576e-06
candidate_validation.scores.gram[16][9],0.0
candidate_validation.scores.gram[16][10],0.0
candidate_validation.scores.gram[16][11],2.7801097966609387e-12
candidate_validation.scores.gram[16][12],0.0
candidate_validation.scores.gram[16][13],-1.903428420104037e-07
candidate_validation.scores.gram[16][14],0.0
candidate_validation.scores.gram[16][15],-1.782288685415776e-15
candidate_validation.scores.gram[16][16],0.10630794246987225
candidate_validation.scores.gram[16][17],0.0
candidate_validation.scores.gram[16][18],0.0
candidate_validation.scores.gram[16][19],0.0
candidate_validation.scores.gram[16][20],3.0579827133236193e-23
candidate_validation.scores.gram[16][21],0.0
candidate_validation.scores.gram[16][22],-1.5691852675416215e-05
candidate_validation.scores.gram[16][23],0.0
candidate_validation.scores.gram[16][24],1.0537322676026513e-06
candidate_validation.scores.gram[16][25],0.0
candidate_validation.scores.gram[16][26],-3.6405419549594537e-07
candidate_validation.scores.gram[16][27],0.0005737099002421147
candidate_validation.scores.gram[16][28],0.0
candidate_validation.scores.gram[16][29],0.0
candidate_validation.scores.gram[16][30],7.49760830119894e-07
candidate_validation.scores.gram[16][31],0.0
candidate_validation.scores.gram[17][0],5.171059114000154e-05
candidate_validation.scores.gram[17][1],0.0
candidate_validation.scores.gram[17][2],0.0
candidate_validation.scores.gram[17][3],0.0
candidate_validation.scores.gram[17][4],-1.2957614268709233e-05
candidate_validation.scores.gram[17][5],6.481830278900252e-05
candidate_validation.scores.gram[17][6],0.0
candidate_validation.scores.gram[17][7],0.0
candidate_validation.scores.gram[17][8],0.0
candidate_validation.scores.gram[17][9],0.0
candidate_validation.scores.gram[17][10],0.0
candidate_validation.scores.gram[17][11],-0.0002437123964868365
candidate_validation.scores.gram[17][12],0.0
candidate_validation.scores.gram[17][13],0.0
candidate_validation.scores.gram[17][14],0.0
candidate_validation.scores.gram[17][15],0.0
candidate_validation.scores.gram[17][16],0.0
candidate_validation.scores.gram[17][17],5.366390148003534
candidate_validation.scores.gram[17][18],0.0
candidate_validation.scores.gram[17][19],3.3471855101649187e-06
candidate_validation.scores.gram[17][20],-3.463927906386977e-16
candidate_validation.scores.gram[17][21],0.0
candidate_validation.scores.gram[17][22],0.0
candidate_validation.scores.gram[17][23],0.0
candidate_validation.scores.gram[17][24],-7.681065410491073e-07
candidate_validation.scores.gram[17][25],-8.831715704682355e-06
candidate_validation.scores.gram[17][26],0.0
candidate_validation.scores.gram[17][27],0.0
candidate_validation.scores.gram[17][28],0.0
candidate_validation.scores.gram[17][29],0.0
candidate_validation.scores.gram[17][30],0.0
candidate_validation.scores.gram[17][31],0.0
candidate_validation.scores.gram[18][0],0.0005466755230430305
candidate_validation.scores.gram[18][1],0.0
candidate_validation.scores.gram[18][2],0.0
candidate_validation.scores.gram[18][3],1.768360026134654e-10
candidate_validation.scores.gram[18][4],0.0
candidate_validation.scores.gram[18][5],0.00041689516505069113
candidate_validation.scores.gram[18][6],0.0
candidate_validation.scores.gram[18][7],3.5982071507451756e-05
candidate_validation.scores.gram[18][8],0.0
candidate_validation.scores.gram[18][9],0.0
candidate_validation.scores.gram[18][10],0.0
candidate_validation.scores.gram[18][11],0.0
candidate_validation.scores.gram[18][12],0.0
candidate_validation.scores.gram[18][13],-1.6244107296959855e-06
candidate_validation.scores.gram[18][14],0.0
candidate_validation.scores.gram[18][15],0.0
candidate_validation.scores.gram[18][16],0.0
candidate_validation.scores.gram[18][17],0.0
candidate_validation.scores.gram[18][18],1.3135716786123124
candidate_validation.scores.gram[18][19],0.0
candidate_validation.scores.gram[18][20],2.9979249978988957e-13
candidate_validation.scores.gram[18][21],0.0
candidate_validation.scores.gram[18][22],-1.0662843143775498e-05
candidate_validation.scores.gram[18][23],0.0
candidate_validation.scores.gram[18][24],0.0
candidate_validation.scores.gram[18][25],0.0
candidate_validation.scores.gram[18][26],0.0
candidate_validation.scores.gram[18][27],0.0
candidate_validation.scores.gram[18][28],0.0
candidate_validation.scores.gram[18][29],0.0
candidate_validation.scores.gram[18][30],0.0
candidate_validation.scores.gram[18][31],0.0
candidate_validation.scores.gram[19][0],1.8467360307145677e-11
candidate_validation.scores.gram[19][1],0.0
candidate_validation.scores.gram[19][2],0.0
candidate_validation.scores.gram[19][3],0.0
candidate_validation.scores.gram[19][4],0.003106439483368698
candidate_validation.scores.gram[19][5],0.0004656678439563589
candidate_validation.scores.gram[19][6],0.0
candidate_validation.scores.gram[19][7],0.0
candidate_validation.scores.gram[19][8],0.0
candidate_validation.scores.gram[19][9],0.0
candidate_validation.scores.gram[19][10],-6.026222058823732e-28
candidate_validation.scores.gram[19][11],-3.730237368970575e-05
candidate_validation.scores.gram[19][12],0.0
candidate_validation.scores.gram[19][13],-0.00010051868602992505
candidate_validation.scores.gram[19][14],1.8865906148446248e-12
candidate_validation.scores.gram[19][15],0.0
candidate_validation.scores.gram[19][16],0.0
candidate_validation.scores.gram[19][17],3.3471855101649187e-06
candidate_validation.scores.gram[19][18],0.0
candidate_validation.scores.gram[19][19],1.0544779103132083
candidate_validation.scores.gram[19][20],0.0
candidate_validation.scores.gram[19][21],0.0
candidate_validation.scores.gram[19][22],0.0
candidate_validation.scores.gram[19][23],3.2229882917601654e-09
candidate_validation.scores.gram[19][24],0.0
candidate_validation.scores.gram[19][25],-7.315986339085438e-14
candidate_validation.scores.gram[19][26],0.0
candidate_validation.scores.gram[19][27],0.0
candidate_validation.scores.gram[19][28],0.0
candidate_validation.scores.gram[19][29],0.0
candidate_validation.scores.gram[19][30],0.0
candidate_validation.scores.gram[19][31],0.0
candidate_validation.scores.gram[20][0],-1.611412535987134e-07
candidate_validation.scores.gram[20][1],0.0
candidate_validation.scores.gram[20][2],0.0
candidate_validation.scores.gram[20][3],9.099602563620549e-05
candidate_validation.scores.gram[20][4],-6.859560430727642e-36
candidate_validation.scores.gram[20][5],-1.918580173255439e-09
candidate_validation.scores.gram[20][6],0.0
candidate_validation.scores.gram[20][7],0.0006514076067937652
candidate_validation.scores.gram[20][8],-4.836716066653971e-14
candidate_validation.scores.gram[20][9],0.0007881590329000226
candidate_validation.scores.gram[20][10],-1.1923982533926332e-08
candidate_validation.scores.gram[20][11],-0.0011808141037618143
candidate_validation.scores.gram[20][12],4.556036028742927e-11
candidate_validation.scores.gram[20][13],4.890868989406185e-19
candidate_validation.scores.gram[20][14],-9.86134429778329e-11
candidate_validation.scores.gram[20][15],0.0
candidate_validation.scores.gram[20][16],3.0579827133236193e-23
candidate_validation.scores.gram[20][17],-3.463927906386977e-16
candidate_validation.scores.gram[20][18],2.9979249978988957e-13
candidate_validation.scores.gram[20][19],0.0
candidate_validation.scores.gram[20][20],0.2771875713897442
candidate_validation.scores.gram[20][21],0.0
candidate_validation.scores.gram[20][22],-9.884133893032529e-13
candidate_validation.scores.gram[20][23],0.0
candidate_validation.scores.gram[20][24],3.569410298854287e-26
candidate_validation.scores.gram[20][25],0.00015482845579117556
candidate_validation.scores.gram[20][26],0.0
candidate_validation.scores.gram[20][27],0.0
candidate_validation.scores.gram[20][28],0.0
candidate_validation.scores.gram[20][29],-1.8834469220616904e-15
candidate_validation.scores.gram[20][30],0.0
candidate_validation.scores.gram[20][31],0.0
candidate_validation.scores.gram[21][0],-8.73281809729491e-15
candidate_validation.scores.gram[21][1],-4.58630284089097e-05
candidate_validation.scores.gram[21][2],0.0
candidate_validation.scores.gram[21][3],0.0
candidate_validation.scores.gram[21][4],0.0002617300849359433
candidate_validation.scores.gram[21][5],0.0
candidate_validation.scores.gram[21][6],0.005632450499277356
candidate_validation.scores.gram[21][7],0.0
candidate_validation.scores.gram[21][8],0.0
candidate_validation.scores.gram[21][9],-3.24500519215802e-06
candidate_validation.scores.gram[21][10],-1.1850283226744434e-05
candidate_validation.scores.gram[21][11],9.742190992210288e-09
candidate_validation.scores.gram[21][12],0.0
candidate_validation.scores.gram[21][13],-9.238771351738689e-12
candidate_validation.scores.gram[21][14],0.0018728354318804461
candidate_validation.scores.gram[21][15],0.0
candidate_validation.scores.gram[21][16],0.0
candidate_validation.scores.gram[21][17],0.0
candidate_validation.scores.gram[21][18],0.0
candidate_validation.scores.gram[21][19],0.0
candidate_validation.scores.gram[21][20],0.0
candidate_validation.scores.gram[21][21],1.8885404387698597
candidate_validation.scores.gram[21][22],0.0
candidate_validation.scores.gram[21][23],0.00029122540325275523
candidate_validation.scores.gram[21][24],-8.310792141704913e-12
candidate_validation.scores.gram[21][25],3.074890977509358e-07
candidate_validation.scores.gram[21][26],0.0
candidate_validation.scores.gram[21][27],0.0
candidate_validation.scores.gram[21][28],2.590562126082889e-10
candidate_validation.scores.gram[21][29],0.0
candidate_validation.scores.gram[21][30],0.0
candidate_validation.scores.gram[21][31],6.090468529515125e-06
candidate_validation.scores.gram[22][0],0.0
candidate_validation.scores.gram[22][1],0.0
candidate_validation.scores.gram[22][2],-8.070236347622712e-08
candidate_validation.scores.gram[22][3],-5.610978355161856e-09
candidate_validation.scores.gram[22][4],0.0
candidate_validation.scores.gram[22][5],0.0008203095992171136
candidate_validation.scores.gram[22][6],0.0
candidate_validation.scores.gram[22][7],-0.000872453144214755
candidate_validation.scores.gram[22][8],4.770642610323617e-13
candidate_validation.scores.gram[22][9],0.0
candidate_validation.scores.gram[22][10],8.440955836357599e-10
candidate_validation.scores.gram[22][11],0.0
candidate_validation.scores.gram[22][12],0.0
candidate_validation.scores.gram[22][13],-0.00017150257689561456
candidate_validation.scores.gram[22][14],0.0
candidate_validation.scores.gram[22][15],0.0
candidate_validation.scores.gram[22][16],-1.5691852675416215e-05
candidate_validation.scores.gram[22][17],0.0
candidate_validation.scores.gram[22][18],-1.0662843143775498e-05
candidate_validation.scores.gram[22][19],0.0
candidate_validation.scores.gram[22][20],-9.884133893032529e-13
candidate_validation.scores.gram[22][21],0.0
candidate_validation.scores.gram[22][22],0.8565436473367531
candidate_validation.scores.gram[22][23],0.0
candidate_validation.scores.gram[22][24],0.0
candidate_validation.scores.gram[22][25],0.0
candidate_validation.scores.gram[22][26],2.440216252960888e-10
candidate_validation.scores.gram[22][27],1.3385174952904883e-10
candidate_validation.scores.gram[22][28],-0.002753599397914701
candidate_validation.scores.gram[22][29],0.0
candidate_validation.scores.gram[22][30],-9.890136847562723e-45
candidate_validation.scores.gram[22][31],0.0
candidate_validation.scores.gram[23][0],4.307801115821708e-16
candidate_validation.scores.gram[23][1],0.0
candidate_validation.scores.gram[23][2],-2.7942877644876876e-07
candidate_validation.scores.gram[23][3],0.0
candidate_validation.scores.gram[23][4],7.78815750163199e-05
candidate_validation.scores.gram[23][5],0.0
candidate_validation.scores.gram[23][6],0.0004174471307989427
candidate_validation.scores.gram[23][7],0.0
candidate_validation.scores.gram[23][8],0.0
candidate_validation.scores.gram[23][9],-4.808549455659327e-11
candidate_validation.scores.gram[23][10],2.721787081576909e-08
candidate_validation.scores.gram[23][11],0.0006950582033471173
candidate_validation.scores.gram[23][12],0.0
candidate_validation.scores.gram[23][13],-1.5581160444892015e-06
candidate_validation.scores.gram[23][14],-2.656173570863441e-11
candidate_validation.scores.gram[23][15],0.0
candidate_validation.scores.gram[23][16],0.0
candidate_validation.scores.gram[23][17],0.0
candidate_validation.scores.gram[23][18],0.0
candidate_validation.scores.gram[23][19],3.2229882917601654e-09
candidate_validation.scores.gram[23][20],0.0
candidate_validation.scores.gram[23][21],0.00029122540325275523
candidate_validation.scores.gram[23][22],0.0
candidate_validation.scores.gram[23][23],1.5114935481473706
candidate_validation.scores.gram[23][24],-9.556089770974026e-14
candidate_validation.scores.gram[23][25],-1.2914761144902151e-09
candidate_validation.scores.gram[23][26],0.0
candidate_validation.scores.gram[23][27],0.0
candidate_validation.scores.gram[23][28],-2.9972391048987815e-07
candidate_validation.scores.gram[23][29],0.0
candidate_validation.scores.gram[23][30],4.898919929539422e-10
candidate_validation.scores.gram[23][31],1.9553739834234723e-41
candidate_validation.scores.gram[24][0],0.0
candidate_validation.scores.gram[24][1],0.0
candidate_validation.scores.gram[24][2],-4.319501646120709e-08
candidate_validation.scores.gram[24][3],0.0025444788135197197
candidate_validation.scores.gram[24][4],0.0
candidate_validation.scores.gram[24][5],-1.495340087723633e-12
candidate_validation.scores.gram[24][6],-0.0001823717085964933
candidate_validation.scores.gram[24][7],0.0
candidate_validation.scores.gram[24][8],2.34410839516073e-09
candidate_validation.scores.gram[24][9],2.4875241769236123e-15
candidate_validation.scores.gram[24][10],0.0
candidate_validation.scores.gram[24][11],-0.0008711831544160925
candidate_validation.scores.gram[24][12],0.0
candidate_validation.scores.gram[24][13],0.0
candidate_validation.scores.gram[24][14],4.4688502420708206e-14
candidate_validation.scores.gram[24][15],4.8025835830106015e-11
candidate_validation.scores.gram[24][16],1.0537322676026513e-06
candidate_validation.scores.gram[24][17],-7.681065410491073e-07
candidate_validation.scores.gram[24][18],0.0
candidate_validation.scores.gram[24][19],0.0
candidate_validation.scores.gram[24][20],3.569410298854287e-26
candidate_validation.scores.gram[24][21],-8.310792141704913e-12
candidate_validation.scores.gram[24][22],0.0
candidate_validation.scores.gram[24][23],-9.556089770974026e-14
candidate_validation.scores.gram[24][24],0.3263734684191059
candidate_validation.scores.gram[24][25],-1.9078802172737665e-22
candidate_validation.scores.gram[24][26],2.5815911008155637e-12
candidate_validation.scores.gram[24][27],5.4815259799824246e-08
candidate_validation.scores.gram[24][28],0.0
candidate_validation.scores.gram[24][29],0.0
candidate_validation.scores.gram[24][30],0.0
candidate_validation.scores.gram[24][31],-4.758043838446868e-16
candidate_validation.scores.gram[25][0],0.025737036311577532
candidate_validation.scores.gram[25][1],0.0
candidate_validation.scores.gram[25][2],0.0
candidate_validation.scores.gram[25][3],0.0
candidate_validation.scores.gram[25][4],-6.25243078510772e-07
candidate_validation.scores.gram[25][5],0.0
candidate_validation.scores.gram[25][6],8.434940868848122e-20
candidate_validation.scores.gram[25][7],-9.282827616215181e-09
candidate_validation.scores.gram[25][8],0.0
candidate_validation.scores.gram[25][9],0.04204624618030061
candidate_validation.scores.gram[25][10],5.52722660849723e-18
candidate_validation.scores.gram[25][11],0.0014965508219833053
candidate_validation.scores.gram[25][12],0.0
candidate_validation.scores.gram[25][13],0.0
candidate_validation.scores.gram[25][14],-2.846630772945704e-07
candidate_validation.scores.gram[25][15],0.0
candidate_validation.scores.gram[25][16],0.0
candidate_validation.scores.gram[25][17],-8.831715704682355e-06
candidate_validation.scores.gram[25][18],0.0
candidate_validation.scores.gram[25][19],-7.315986339085438e-14
candidate_validation.scores.gram[25][20],0.00015482845579117556
candidate_validation.scores.gram[25][21],3.074890977509358e-07
candidate_validation.scores.gram[25][22],0.0
candidate_validation.scores.gram[25][23],-1.2914761144902151e-09
candidate_validation.scores.gram[25][24],-1.9078802172737665e-22
candidate_validation.scores.gram[25][25],10.10542215593573
candidate_validation.scores.gram[25][26],0.0
candidate_validation.scores.gram[25][27],0.0
candidate_validation.scores.gram[25][28],0.0
candidate_validation.scores.gram[25][29],0.0
candidate_validation.scores.gram[25][30],0.0
candidate_validation.scores.gram[25][31],0.0
candidate_validation.scores.gram[26][0],0.0
candidate_validation.scores.gram[26][1],0.0
candidate_validation.scores.gram[26][2],-2.1903542101606788e-18
candidate_validation.scores.gram[26][3],0.0015620416557028862
candidate_validation.scores.gram[26][4],0.0
candidate_validation.scores.gram[26][5],1.2172405959248557e-19
candidate_validation.scores.gram[26][6],0.0
candidate_validation.scores.gram[26][7],1.7170804731659597e-25
candidate_validation.scores.gram[26][8],0.00015321960894336832
candidate_validation.scores.gram[26][9],0.0
candidate_validation.scores.gram[26][10],0.0
candidate_validation.scores.gram[26][11],0.0
candidate_validation.scores.gram[26][12],0.0
candidate_validation.scores.gram[26][13],1.0206959507417705e-12
candidate_validation.scores.gram[26][14],0.0
candidate_validation.scores.gram[26][15],0.0012183682021878486
candidate_validation.scores.gram[26][16],-3.6405419549594537e-07
candidate_validation.scores.gram[26][17],0.0
candidate_validation.scores.gram[26][18],0.0
candidate_validation.scores.gram[26][19],0.0
candidate_validation.scores.gram[26][20],0.0
candidate_validation.scores.gram[26][21],0.0
candidate_validation.scores.gram[26][22],2.440216252960888e-10
candidate_validation.scores.gram[26][23],0.0
candidate_validation.scores.gram[26][24],2.5815911008155637e-12
candidate_validation.scores.gram[26][25],0.0
candidate_validation.scores.gram[26][26],0.2848196427094662
candidate_validation.scores.gram[26][27],1.141669057887043e-05
candidate_validation.scores.gram[26][28],0.0
candidate_validation.scores.gram[26][29],0.0
candidate_validation.scores.gram[26][30],0.0
candidate_validation.scores.gram[26][31],0.0
candidate_validation.scores.gram[27][0],0.0
candidate_validation.scores.gram[27][1],0.0
candidate_validation.scores.gram[27][2],3.459727362236772e-05
candidate_validation.scores.gram[27][3],-2.122618001939966e-06
candidate_validation.scores.gram[27][4],0.0
candidate_validation.scores.gram[27][5],0.0
candidate_validation.scores.gram[27][6],3.528621740465861e-10
candidate_validation.scores.gram[27][7],0.0
candidate_validation.scores.gram[27][8],0.016010864421343154
candidate_validation.scores.gram[27][9],0.0
candidate_validation.scores.gram[27][10],0.0
candidate_validation.scores.gram[27][11],0.0
candidate_validation.scores.gram[27][12],0.0
candidate_validation.scores.gram[27][13],2.8393373522134636e-10
candidate_validation.scores.gram[27][14],0.0
candidate_validation.scores.gram[27][15],1.639372963101169e-07
candidate_validation.scores.gram[27][16],0.0005737099002421147
candidate_validation.scores.gram[27][17],0.0
candidate_validation.scores.gram[27][18],0.0
candidate_validation.scores.gram[27][19],0.0
candidate_validation.scores.gram[27][20],0.0
candidate_validation.scores.gram[27][21],0.0
candidate_validation.scores.gram[27][22],1.3385174952904883e-10
candidate_validation.scores.gram[27][23],0.0
candidate_validation.scores.gram[27][24],5.4815259799824246e-08
candidate_validation.scores.gram[27][25],0.0
candidate_validation.scores.gram[27][26],1.141669057887043e-05
candidate_validation.scores.gram[27][27],3.8876500901428432
candidate_validation.scores.gram[27][28],4.018279284811606e-15
candidate_validation.scores.gram[27][29],0.0
candidate_validation.scores.gram[27][30],0.0002427672765082631
candidate_validation.scores.gram[27][31],0.0
candidate_validation.scores.gram[28][0],0.0
candidate_validation.scores.gram[28][1],0.0
candidate_validation.scores.gram[28][2],0.04871159096682959
candidate_validation.scores.gram[28][3],0.0
candidate_validation.scores.gram[28][4],5.58272274715595e-07
candidate_validation.scores.gram[28][5],0.0
candidate_validation.scores.gram[28][6],9.613740016180355e-11
candidate_validation.scores.gram[28][7],-1.7852452725143728e-07
candidate_validation.scores.gram[28][8],-9.926051213930024e-11
candidate_validation.scores.gram[28][9],0.0
candidate_validation.scores.gram[28][10],0.008311988194651353
candidate_validation.scores.gram[28][11],-2.0185097781317664e-13
candidate_validation.scores.gram[28][12],0.0
candidate_validation.scores.gram[28][13],0.0008603182759636313
candidate_validation.scores.gram[28][14],0.0
candidate_validation.scores.gram[28][15],0.0
candidate_validation.scores.gram[28][16],0.0
candidate_validation.scores.gram[28][17],0.0
candidate_validation.scores.gram[28][18],0.0
candidate_validation.scores.gram[28][19],0.0
candidate_validation.scores.gram[28][20],0.0
candidate_validation.scores.gram[28][21],2.590562126082889e-10
candidate_validation.scores.gram[28][22],-0.002753599397914701
candidate_validation.scores.gram[28][23],-2.9972391048987815e-07
candidate_validation.scores.gram[28][24],0.0
candidate_validation.scores.gram[28][25],0.0
candidate_validation.scores.gram[28][26],0.0
candidate_validation.scores.gram[28][27],4.018279284811606e-15
candidate_validation.scores.gram[28][28],4.6382038528841605
candidate_validation.scores.gram[28][29],0.0
candidate_validation.scores.gram[28][30],-2.4511502945858297e-05
candidate_validation.scores.gram[28][31],0.0
candidate_validation.scores.gram[29][0],0.0
candidate_validation.scores.gram[29][1],0.009558816747910454
candidate_validation.scores.gram[29][2],0.0
candidate_validation.scores.gram[29][3],4.477667067444007e-19
candidate_validation.scores.gram[29][4],0.0
candidate_validation.scores.gram[29][5],0.0
candidate_validation.scores.gram[29][6],0.0
candidate_validation.scores.gram[29][7],0.0
candidate_validation.scores.gram[29][8],0.013549555619147457
candidate_validation.scores.gram[29][9],0.0
candidate_validation.scores.gram[29][10],-2.269957616028451e-07
candidate_validation.scores.gram[29][11],2.4118989402949093e-19
candidate_validation.scores.gram[29][12],1.0159785389706184e-11
candidate_validation.scores.gram[29][13],3.7091379574430404e-17
candidate_validation.scores.gram[29][14],1.3035847272827208e-05
candidate_validation.scores.gram[29][15],-2.6261266267123664e-05
candidate_validation.scores.gram[29][16],0.0
candidate_validation.scores.gram[29][17],0.0
candidate_validation.scores.gram[29][18],0.0
candidate_validation.scores.gram[29][19],0.0
candidate_validation.scores.gram[29][20],-1.8834469220616904e-15
candidate_validation.scores.gram[29][21],0.0
candidate_validation.scores.gram[29][22],0.0
candidate_validation.scores.gram[29][23],0.0
candidate_validation.scores.gram[29][24],0.0
candidate_validation.scores.gram[29][25],0.0
candidate_validation.scores.gram[29][26],0.0
candidate_validation.scores.gram[29][27],0.0
candidate_validation.scores.gram[29][28],0.0
candidate_validation.scores.gram[29][29],0.5284314323860368
candidate_validation.scores.gram[29][30],1.345322447923874e-17
candidate_validation.scores.gram[29][31],-3.4465177017590176e-11
candidate_validation.scores.gram[30][0],0.0
candidate_validation.scores.gram[30][1],0.0
candidate_validation.scores.gram[30][2],0.00454697999294687
candidate_validation.scores.gram[30][3],0.0
candidate_validation.scores.gram[30][4],0.0
candidate_validation.scores.gram[30][5],0.0
candidate_validation.scores.gram[30][6],4.450669381087076e-10
candidate_validation.scores.gram[30][7],-4.350675981393593e-08
candidate_validation.scores.gram[30][8],-6.756417472115109e-05
candidate_validation.scores.gram[30][9],0.0
candidate_validation.scores.gram[30][10],-0.0005490080608775399
candidate_validation.scores.gram[30][11],1.6549894713866373e-18
candidate_validation.scores.gram[30][12],0.0
candidate_validation.scores.gram[30][13],3.256283054896421e-08
candidate_validation.scores.gram[30][14],-6.018905889677233e-42
candidate_validation.scores.gram[30][15],0.0
candidate_validation.scores.gram[30][16],7.49760830119894e-07
candidate_validation.scores.gram[30][17],0.0
candidate_validation.scores.gram[30][18],0.0
candidate_validation.scores.gram[30][19],0.0
candidate_validation.scores.gram[30][20],0.0
candidate_validation.scores.gram[30][21],0.0
candidate_validation.scores.gram[30][22],-9.890136847562723e-45
candidate_validation.scores.gram[30][23],4.898919929539422e-10
candidate_validation.scores.gram[30][24],0.0
candidate_validation.scores.gram[30][25],0.0
candidate_validation.scores.gram[30][26],0.0
candidate_validation.scores.gram[30][27],0.0002427672765082631
candidate_validation.scores.gram[30][28],-2.4511502945858297e-05
candidate_validation.scores.gram[30][29],1.345322447923874e-17
candidate_validation.scores.gram[30][30],0.4412683826592795
candidate_validation.scores.gram[30][31],0.0
candidate_validation.scores.gram[31][0],0.0
candidate_validation.scores.gram[31][1],0.051035044602817506
candidate_validation.scores.gram[31][2],0.0
candidate_validation.scores.gram[31][3],0.0
candidate_validation.scores.gram[31][4],-4.185623076927337e-06
candidate_validation.scores.gram[31][5],0.0
candidate_validation.scores.gram[31][6],0.01893357825695224
candidate_validation.scores.gram[31][7],0.0
candidate_validation.scores.gram[31][8],0.0
candidate_validation.scores.gram[31][9],7.320962237821192e-12
candidate_validation.scores.gram[31][10],0.0
candidate_validation.scores.gram[31][11],-6.658457058231365e-16
candidate_validation.scores.gram[31][12],0.0
candidate_validation.scores.gram[31][13],0.0
candidate_validation.scores.gram[31][14],1.2478700482374086e-05
candidate_validation.scores.gram[31][15],-0.00034239436437322657
candidate_validation.scores.gram[31][16],0.0
candidate_validation.scores.gram[31][17],0.0
candidate_validation.scores.gram[31][18],0.0
candidate_validation.scores.gram[31][19],0.0
candidate_validation.scores.gram[31][20],0.0
candidate_validation.scores.gram[31][21],6.090468529515125e-06
candidate_validation.scores.gram[31][22],0.0
candidate_validation.scores.gram[31][23],1.9553739834234723e-41
candidate_validation.scores.gram[31][24],-4.758043838446868e-16
candidate_validation.scores.gram[31][25],0.0
candidate_validation.scores.gram[31][26],0.0
candidate_validation.scores.gram[31][27],0.0
candidate_validation.scores.gram[31][28],0.0
candidate_validation.scores.gram[31][29],-3.4465177017590176e-11
candidate_validation.scores.gram[31][30],0.0
candidate_validation.scores.gram[31][31],2.020495645313903
candidate_validation.scores.affected_pixels[0],275519
candidate_validation.scores.affected_pixels[1],191674
candidate_validation.scores.affected_pixels[2],165017
candidate_validation.scores.affected_pixels[3],184054
candidate_validation.scores.affected_pixels[4],210714
candidate_validation.scores.affected_pixels[5],187206
candidate_validation.scores.affected_pixels[6],206151
candidate_validation.scores.affected_pixels[7],145854
candidate_validation.scores.affected_pixels[8],222590
candidate_validation.scores.affected_pixels[9],86164
candidate_validation.scores.affected_pixels[10],197864
candidate_validation.scores.affected_pixels[11],261895
candidate_validation.scores.affected_pixels[12],79426
candidate_validation.scores.affected_pixels[13],236895
candidate_validation.scores.affected_pixels[14],221773
candidate_validation.scores.affected_pixels[15],216472
candidate_validation.scores.affected_pixels[16],81722
candidate_validation.scores.affected_pixels[17],98068
candidate_validation.scores.affected_pixels[18],68619
candidate_validation.scores.affected_pixels[19],122114
candidate_validation.scores.affected_pixels[20],112704
candidate_validation.scores.affected_pixels[21],111204
candidate_validation.scores.affected_pixels[22],78899
candidate_validation.scores.affected_pixels[23],116494
candidate_validation.scores.affected_pixels[24],100676
candidate_validation.scores.affected_pixels[25],119793
candidate_validation.scores.affected_pixels[26],95238
candidate_validation.scores.affected_pixels[27],92055
candidate_validation.scores.affected_pixels[28],71879
candidate_validation.scores.affected_pixels[29],101997
candidate_validation.scores.affected_pixels[30],105155
candidate_validation.scores.affected_pixels[31],119674
candidate_validation.scores.affected_views[0],4
candidate_validation.scores.affected_views[1],4
candidate_validation.scores.affected_views[2],4
candidate_validation.scores.affected_views[3],3
candidate_validation.scores.affected_views[4],3
candidate_validation.scores.affected_views[5],4
candidate_validation.scores.affected_views[6],4
candidate_validation.scores.affected_views[7],4
candidate_validation.scores.affected_views[8],4
candidate_validation.scores.affected_views[9],4
candidate_validation.scores.affected_views[10],4
candidate_validation.scores.affected_views[11],4
candidate_validation.scores.affected_views[12],4
candidate_validation.scores.affected_views[13],4
candidate_validation.scores.affected_views[14],4
candidate_validation.scores.affected_views[15],3
candidate_validation.scores.affected_views[16],4
candidate_validation.scores.affected_views[17],3
candidate_validation.scores.affected_views[18],4
candidate_validation.scores.affected_views[19],3
candidate_validation.scores.affected_views[20],4
candidate_validation.scores.affected_views[21],3
candidate_validation.scores.affected_views[22],3
candidate_validation.scores.affected_views[23],3
candidate_validation.scores.affected_views[24],4
candidate_validation.scores.affected_views[25],4
candidate_validation.scores.affected_views[26],4
candidate_validation.scores.affected_views[27],4
candidate_validation.scores.affected_views[28],4
candidate_validation.scores.affected_views[29],4
candidate_validation.scores.affected_views[30],4
candidate_validation.scores.affected_views[31],4
candidate_validation.scores.per_view_norm2[0][0],1.7976532853664668
candidate_validation.scores.per_view_norm2[0][1],3.104275077617807
candidate_validation.scores.per_view_norm2[0][2],1.2161254729836904e-06
candidate_validation.scores.per_view_norm2[0][3],0.7164556522350894
candidate_validation.scores.per_view_norm2[0][4],1.16540887991049
candidate_validation.scores.per_view_norm2[0][5],0.31569848252953686
candidate_validation.scores.per_view_norm2[0][6],0.06755587879582511
candidate_validation.scores.per_view_norm2[0][7],0.009274255823004382
candidate_validation.scores.per_view_norm2[0][8],1.5010868154574792e-06
candidate_validation.scores.per_view_norm2[0][9],29.16192991547781
candidate_validation.scores.per_view_norm2[0][10],1.275381886493091e-05
candidate_validation.scores.per_view_norm2[0][11],0.12836376212856812
candidate_validation.scores.per_view_norm2[0][12],19.119554612590264
candidate_validation.scores.per_view_norm2[0][13],0.1603212575768048
candidate_validation.scores.per_view_norm2[0][14],2.2806579296452605
candidate_validation.scores.per_view_norm2[0][15],0.6720285467292718
candidate_validation.scores.per_view_norm2[0][16],1.634749017733124e-06
candidate_validation.scores.per_view_norm2[0][17],0.18376660157755173
candidate_validation.scores.per_view_norm2[0][18],4.02316030917079e-12
candidate_validation.scores.per_view_norm2[0][19],0.13260124584410982
candidate_validation.scores.per_view_norm2[0][20],0.21601308480640935
candidate_validation.scores.per_view_norm2[0][21],0.17956064159506654
candidate_validation.scores.per_view_norm2[0][22],0.0
candidate_validation.scores.per_view_norm2[0][23],0.1491413771415501
candidate_validation.scores.per_view_norm2[0][24],0.22522851339304595
candidate_validation.scores.per_view_norm2[0][25],4.60295411528246
candidate_validation.scores.per_view_norm2[0][26],0.266071980727432
candidate_validation.scores.per_view_norm2[0][27],1.1817483434414467e-06
candidate_validation.scores.per_view_norm2[0][28],9.02285734268017e-09
candidate_validation.scores.per_view_norm2[0][29],4.850366630192535e-06
candidate_validation.scores.per_view_norm2[0][30],2.299303037458655e-11
candidate_validation.scores.per_view_norm2[0][31],0.1156397836314872
candidate_validation.scores.per_view_norm2[1][0],4.825757797649936
candidate_validation.scores.per_view_norm2[1][1],0.8895114279355539
candidate_validation.scores.per_view_norm2[1][2],2.418142594048677
candidate_validation.scores.per_view_norm2[1][3],1.7123510165414852e-06
candidate_validation.scores.per_view_norm2[1][4],0.2275827035997112
candidate_validation.scores.per_view_norm2[1][5],1.0825416004216504
candidate_validation.scores.per_view_norm2[1][6],0.07393560669956104
candidate_validation.scores.per_view_norm2[1][7],1.2825161217573326
candidate_validation.scores.per_view_norm2[1][8],6.512791904638076e-06
candidate_validation.scores.per_view_norm2[1][9],5.754881774868745
candidate_validation.scores.per_view_norm2[1][10],1.7764319109705506
candidate_validation.scores.per_view_norm2[1][11],0.12805647729650244
candidate_validation.scores.per_view_norm2[1][12],8.33904084849166
candidate_validation.scores.per_view_norm2[1][13],0.15304375793894284
candidate_validation.scores.per_view_norm2[1][14],3.4652112111933846
candidate_validation.scores.per_view_norm2[1][15],0.0
candidate_validation.scores.per_view_norm2[1][16],0.00013161241404321752
candidate_validation.scores.per_view_norm2[1][17],3.072986166829018
candidate_validation.scores.per_view_norm2[1][18],0.4082786443819695
candidate_validation.scores.per_view_norm2[1][19],0.13149797210653927
candidate_validation.scores.per_view_norm2[1][20],8.547685363456726e-14
candidate_validation.scores.per_view_norm2[1][21],1.616593276336707
candidate_validation.scores.per_view_norm2[1][22],0.08055706435234408
candidate_validation.scores.per_view_norm2[1][23],0.15457315695323112
candidate_validation.scores.per_view_norm2[1][24],1.9128170262773333e-05
candidate_validation.scores.per_view_norm2[1][25],3.780541122850439
candidate_validation.scores.per_view_norm2[1][26],2.5962737669241225e-14
candidate_validation.scores.per_view_norm2[1][27],0.17312623785571288
candidate_validation.scores.per_view_norm2[1][28],1.0040614590117671
candidate_validation.scores.per_view_norm2[1][29],1.8293240762074532e-07
candidate_validation.scores.per_view_norm2[1][30],4.525339107888703e-06
candidate_validation.scores.per_view_norm2[1][31],0.0015734565259654869
candidate_validation.scores.per_view_norm2[2][0],1.9344319148936076
candidate_validation.scores.per_view_norm2[2][1],2.463504602746755
candidate_validation.scores.per_view_norm2[2][2],1.6607200752138245
candidate_validation.scores.per_view_norm2[2][3],0.3179105196023334
candidate_validation.scores.per_view_norm2[2][4],0.0
candidate_validation.scores.per_view_norm2[2][5],0.09699374317677915
candidate_validation.scores.per_view_norm2[2][6],1.7520237048280982
candidate_validation.scores.per_view_norm2[2][7],0.20504848214185523
candidate_validation.scores.per_view_norm2[2][8],0.2604159426951993
candidate_validation.scores.per_view_norm2[2][9],27.589183987654273
candidate_validation.scores.per_view_norm2[2][10],0.9850658860475582
candidate_validation.scores.per_view_norm2[2][11],0.8294640603700002
candidate_validation.scores.per_view_norm2[2][12],16.150372642172126
candidate_validation.scores.per_view_norm2[2][13],2.399153012241198e-05
candidate_validation.scores.per_view_norm2[2][14],0.01060189981470987
candidate_validation.scores.per_view_norm2[2][15],0.3829577508261602
candidate_validation.scores.per_view_norm2[2][16],0.10617466264812497
candidate_validation.scores.per_view_norm2[2][17],0.0
candidate_validation.scores.per_view_norm2[2][18],0.904422010559483
candidate_validation.scores.per_view_norm2[2][19],0.0
candidate_validation.scores.per_view_norm2[2][20],0.06117448637012836
candidate_validation.scores.per_view_norm2[2][21],0.0
candidate_validation.scores.per_view_norm2[2][22],0.3005128145197873
candidate_validation.scores.per_view_norm2[2][23],0.0
candidate_validation.scores.per_view_norm2[2][24],0.10112582685579723
candidate_validation.scores.per_view_norm2[2][25],1.7219268749327048
candidate_validation.scores.per_view_norm2[2][26],0.018746225970513716
candidate_validation.scores.per_view_norm2[2][27],1.681370556102819
candidate_validation.scores.per_view_norm2[2][28],0.40408558149696144
candidate_validation.scores.per_view_norm2[2][29],0.4606297061355337
candidate_validation.scores.per_view_norm2[2][30],0.35700553047774014
candidate_validation.scores.per_view_norm2[2][31],1.8542109789185581
candidate_validation.scores.per_view_norm2[3][0],0.0003947006229999919
candidate_validation.scores.per_view_norm2[3][1],0.4157632644930227
candidate_validation.scores.per_view_norm2[3][2],4.178528926045106
candidate_validation.scores.per_view_norm2[3][3],5.565678728457013e-23
candidate_validation.scores.per_view_norm2[3][4],2.9943189125308347
candidate_validation.scores.per_view_norm2[3][5],1.7331987029006246
candidate_validation.scores.per_view_norm2[3][6],1.2387195061207719
candidate_validation.scores.per_view_norm2[3][7],1.7978689052178768e-10
candidate_validation.scores.per_view_norm2[3][8],1.164767751092806
candidate_validation.scores.per_view_norm2[3][9],1.864281021827598e-07
candidate_validation.scores.per_view_norm2[3][10],3.028965595106855
candidate_validation.scores.per_view_norm2[3][11],3.5186586829071305e-10
candidate_validation.scores.per_view_norm2[3][12],7.132338712937847e-08
candidate_validation.scores.per_view_norm2[3][13],0.20195797801019813
candidate_validation.scores.per_view_norm2[3][14],0.12124214729484621
candidate_validation.scores.per_view_norm2[3][15],1.8246636603818487
candidate_validation.scores.per_view_norm2[3][16],3.265868632344291e-08
candidate_validation.scores.per_view_norm2[3][17],2.109637379596965
candidate_validation.scores.per_view_norm2[3][18],0.0008710236668367331
candidate_validation.scores.per_view_norm2[3][19],0.7903786923625592
candidate_validation.scores.per_view_norm2[3][20],2.131209992221846e-10
candidate_validation.scores.per_view_norm2[3][21],0.09238652083808628
candidate_validation.scores.per_view_norm2[3][22],0.4754737684646219
candidate_validation.scores.per_view_norm2[3][23],1.2077790140525897
candidate_validation.scores.per_view_norm2[3][24],3.715751899817129e-18
candidate_validation.scores.per_view_norm2[3][25],4.287012724786252e-08
candidate_validation.scores.per_view_norm2[3][26],1.4360114945432766e-06
candidate_validation.scores.per_view_norm2[3][27],2.033152114435968
candidate_validation.scores.per_view_norm2[3][28],3.2300568033525754
candidate_validation.scores.per_view_norm2[3][29],0.06779669295146534
candidate_validation.scores.per_view_norm2[3][30],0.08425832681943847
candidate_validation.scores.per_view_norm2[3][31],0.04907142623789271
candidate_validation.scores.norm_method,"Image columns accumulated over ALL emitters before inner products; no independent-packet norm approximation. Float32 production accumulation, float64 reductions."
candidate_validation.scores.objective,"0.5*mean((I-current_target)^2), columns and residual normalized by sqrt(4*H*W*3)"
candidate_validation.scores.current_transmission_max_abs_error,5.551115123125783e-16
candidate_validation.scores.seconds,338.8913967150729
candidate_validation.scores.peak_cuda_allocated_mib,2142.4267578125
candidate_validation.scores.peak_cuda_reserved_mib,2246.0
candidate_validation.scores.cpu_rss_peak_mib,4421.19921875
candidate_validation.scores.source_count,16777216
candidate_validation.scores.candidate_block,32
candidate_validation.scores.signature.config,62ca4976cb787bbdbc3fd85b82677cf3aaa45a383158d798e34cfdd3b30c3861
candidate_validation.scores.signature.field,c262097d30d246d7437b6ae3736508e68189236e524ef0748013219b3f7859ca
candidate_validation.scores.signature.source,9381b4a92942668b428be5796e2b9d64f6bd8d03061b3bae9e79517ed34b780e
candidate_validation.scores.signature.current_positions,9381b4a92942668b428be5796e2b9d64f6bd8d03061b3bae9e79517ed34b780e
candidate_validation.scores.signature.coefficients,e3b0c44298fc1c149afbf4c8996fb92427ae41e4649b934ca495991b7852b855
candidate_validation.scores.signature.active_centers,e3b0c44298fc1c149afbf4c8996fb92427ae41e4649b934ca495991b7852b855
candidate_validation.scores.signature.active_radii,e3b0c44298fc1c149afbf4c8996fb92427ae41e4649b934ca495991b7852b855
candidate_validation.scores.signature.proposals,456105279e0648fa36620e437de315787868bbf95ff7250a8130161566d43b8f
candidate_validation.scores.signature.proposal_radii,4f3c9fd1d9f39c2198a52e44ed1ecb7086e38ec0b80db30f6da6369dc9da283e
candidate_validation.scores.signature.target,5701b51c2733f9b1e819667378c06f5aa6fbe697821dd4db02d5d97c0b6351bd
candidate_validation.scores.signature.image,c5f41546eef8be9ff8bac4f65482ba36aa2c361864b3fdfe77b9e045f7a4d7c8
candidate_validation.scores.signature.count,16777216
candidate_validation.scores.signature.shape[0],4
candidate_validation.scores.signature.shape[1],1080
candidate_validation.scores.signature.shape[2],1920
candidate_validation.scores.signature.shape[3],3
candidate_validation.scores.signature.dtype,float32 image columns / float64 reductions
candidate_validation.scores.signature.seed,90
candidate_validation.scores.signature.operator_version,v0817_CURRENT_fixed_measure_C3
candidate_validation.scores.active_count,0
candidate_validation.scores.candidate_count,32
candidate_validation.scores.centers[0][0],-0.6132633746382647
candidate_validation.scores.centers[0][1],0.5849597623679317
candidate_validation.scores.centers[0][2],-0.1007186479850864
candidate_validation.scores.centers[1][0],0.9242084222220754
candidate_validation.scores.centers[1][1],-0.7874414029902104
candidate_validation.scores.centers[1][2],0.24051096681045483
candidate_validation.scores.centers[2][0],-0.6441789077305585
candidate_validation.scores.centers[2][1],-0.9754705106218983
candidate_validation.scores.centers[2][2],0.1484682618824121
candidate_validation.scores.centers[3][0],0.14529517722830892
candidate_validation.scores.centers[3][1],-0.22845700643481365
candidate_validation.scores.centers[3][2],-0.42791466009588813
candidate_validation.scores.centers[4][0],0.0703718278615308
candidate_validation.scores.centers[4][1],-0.2125887304320564
candidate_validation.scores.centers[4][2],0.7290990222328824
candidate_validation.scores.centers[5][0],-0.876364576698667
candidate_validation.scores.centers[5][1],0.05203772322437324
candidate_validation.scores.centers[5][2],0.6118349018706801
candidate_validation.scores.centers[6][0],0.6861195989907367
candidate_validation.scores.centers[6][1],0.024059292396140852
candidate_validation.scores.centers[6][2],0.18022494268829595
candidate_validation.scores.centers[7][0],-0.7410002359421862
candidate_validation.scores.centers[7][1],-0.23725262788853602
candidate_validation.scores.centers[7][2],-0.16563582721906608
candidate_validation.scores.centers[8][0],0.1529994429042062
candidate_validation.scores.centers[8][1],-0.9155925127709602
candidate_validation.scores.centers[8][2],-0.007837927594693567
candidate_validation.scores.centers[9][0],0.07154317456688325
candidate_validation.scores.centers[9][1],0.8744070121641607
candidate_validation.scores.centers[9][2],-0.30777793658530095
candidate_validation.scores.centers[10][0],-0.12580001370405225
candidate_validation.scores.centers[10][1],-0.9454741027167006
candidate_validation.scores.centers[10][2],0.6980285454498513
candidate_validation.scores.centers[11][0],-0.010724490128926931
candidate_validation.scores.centers[11][1],0.2306151390772309
candidate_validation.scores.centers[11][2],0.13695276723867703
candidate_validation.scores.centers[12][0],-0.6147252946216827
candidate_validation.scores.centers[12][1],0.8532673741664158
candidate_validation.scores.centers[12][2],-0.7490313171302732
candidate_validation.scores.centers[13][0],-0.5168914961224719
candidate_validation.scores.centers[13][1],-0.47468048557224224
candidate_validation.scores.centers[13][2],0.5444651918255216
candidate_validation.scores.centers[14][0],0.4418310190020788
candidate_validation.scores.centers[14][1],-0.7108344282511301
candidate_validation.scores.centers[14][2],0.6351501129365191
candidate_validation.scores.centers[15][0],0.6062400090606672
candidate_validation.scores.centers[15][1],-0.5737802698004988
candidate_validation.scores.centers[15][2],-0.22944206095907885
candidate_validation.scores.centers[16][0],-0.27947601077955575
candidate_validation.scores.centers[16][1],-0.5763224105783454
candidate_validation.scores.centers[16][2],-0.1652595060603204
candidate_validation.scores.centers[17][0],-0.5480542001921618
candidate_validation.scores.centers[17][1],0.513899801150996
candidate_validation.scores.centers[17][2],0.4606534413059317
candidate_validation.scores.centers[18][0],-0.9527881765454743
candidate_validation.scores.centers[18][1],0.2191637896244393
candidate_validation.scores.centers[18][2],0.10825704164582392
candidate_validation.scores.centers[19][0],-0.3108986861320739
candidate_validation.scores.centers[19][1],0.014895333061921045
candidate_validation.scores.centers[19][2],0.487999074677056
candidate_validation.scores.centers[20][0],-0.3261180508832192
candidate_validation.scores.centers[20][1],0.03837206775172745
candidate_validation.scores.centers[20][2],-0.19505355626400808
candidate_validation.scores.centers[21][0],0.5822894838616194
candidate_validation.scores.centers[21][1],-0.22187106805020854
candidate_validation.scores.centers[21][2],0.5829711518043353
candidate_validation.scores.centers[22][0],-0.9179270974037945
candidate_validation.scores.centers[22][1],-0.2867304743051787
candidate_validation.scores.centers[22][2],0.2667017853522618
candidate_validation.scores.centers[23][0],0.32254304210099094
candidate_validation.scores.centers[23][1],0.16545617572429222
candidate_validation.scores.centers[23][2],0.45950508851229754
candidate_validation.scores.centers[24][0],0.3419516433263634
candidate_validation.scores.centers[24][1],0.10652525433870273
candidate_validation.scores.centers[24][2],-0.1739390915930971
candidate_validation.scores.centers[25][0],-0.1733548595343743
candidate_validation.scores.centers[25][1],0.6423070150166409
candidate_validation.scores.centers[25][2],0.01327176199061439
candidate_validation.scores.centers[26][0],0.15792126107375634
candidate_validation.scores.centers[26][1],-0.6880193485513534
candidate_validation.scores.centers[26][2],-0.4045947028836184
candidate_validation.scores.centers[27][0],-0.17713594796229232
candidate_validation.scores.centers[27][1],-0.9829244211108744
candidate_validation.scores.centers[27][2],-0.30355407397747297
candidate_validation.scores.centers[28][0],-0.5785360957130722
candidate_validation.scores.centers[28][1],-0.936941215685461
candidate_validation.scores.centers[28][2],0.5754529718823395
candidate_validation.scores.centers[29][0],0.5270836656549789
candidate_validation.scores.centers[29][1],-0.9627747400643134
candidate_validation.scores.centers[29][2],0.20324814752552445
candidate_validation.scores.centers[30][0],-0.22965651948396967
candidate_validation.scores.centers[30][1],-0.9714523471037424
candidate_validation.scores.centers[30][2],0.25630051145982724
candidate_validation.scores.centers[31][0],0.8089984558839108
candidate_validation.scores.centers[31][1],-0.38342773515195716
candidate_validation.scores.centers[31][2],0.218217579063146
candidate_validation.scores.radii[0],0.45
candidate_validation.scores.radii[1],0.45
candidate_validation.scores.radii[2],0.45
candidate_validation.scores.radii[3],0.45
candidate_validation.scores.radii[4],0.45
candidate_validation.scores.radii[5],0.45
candidate_validation.scores.radii[6],0.45
candidate_validation.scores.radii[7],0.45
candidate_validation.scores.radii[8],0.45
candidate_validation.scores.radii[9],0.45
candidate_validation.scores.radii[10],0.45
candidate_validation.scores.radii[11],0.45
candidate_validation.scores.radii[12],0.45
candidate_validation.scores.radii[13],0.45
candidate_validation.scores.radii[14],0.45
candidate_validation.scores.radii[15],0.45
candidate_validation.scores.radii[16],0.31819805153394637
candidate_validation.scores.radii[17],0.31819805153394637
candidate_validation.scores.radii[18],0.31819805153394637
candidate_validation.scores.radii[19],0.31819805153394637
candidate_validation.scores.radii[20],0.31819805153394637
candidate_validation.scores.radii[21],0.31819805153394637
candidate_validation.scores.radii[22],0.31819805153394637
candidate_validation.scores.radii[23],0.31819805153394637
candidate_validation.scores.radii[24],0.31819805153394637
candidate_validation.scores.radii[25],0.31819805153394637
candidate_validation.scores.radii[26],0.31819805153394637
candidate_validation.scores.radii[27],0.31819805153394637
candidate_validation.scores.radii[28],0.31819805153394637
candidate_validation.scores.radii[29],0.31819805153394637
candidate_validation.scores.radii[30],0.31819805153394637
candidate_validation.scores.radii[31],0.31819805153394637
candidate_validation.scores.stage,FORMAL_FULLHD_16M
candidate_validation.rows[0].cache_signature.scoring_signature.config,62ca4976cb787bbdbc3fd85b82677cf3aaa45a383158d798e34cfdd3b30c3861
candidate_validation.rows[0].cache_signature.scoring_signature.field,c262097d30d246d7437b6ae3736508e68189236e524ef0748013219b3f7859ca
candidate_validation.rows[0].cache_signature.scoring_signature.source,9381b4a92942668b428be5796e2b9d64f6bd8d03061b3bae9e79517ed34b780e
candidate_validation.rows[0].cache_signature.scoring_signature.current_positions,9381b4a92942668b428be5796e2b9d64f6bd8d03061b3bae9e79517ed34b780e
candidate_validation.rows[0].cache_signature.scoring_signature.coefficients,e3b0c44298fc1c149afbf4c8996fb92427ae41e4649b934ca495991b7852b855
candidate_validation.rows[0].cache_signature.scoring_signature.active_centers,e3b0c44298fc1c149afbf4c8996fb92427ae41e4649b934ca495991b7852b855
candidate_validation.rows[0].cache_signature.scoring_signature.active_radii,e3b0c44298fc1c149afbf4c8996fb92427ae41e4649b934ca495991b7852b855
candidate_validation.rows[0].cache_signature.scoring_signature.proposals,456105279e0648fa36620e437de315787868bbf95ff7250a8130161566d43b8f
candidate_validation.rows[0].cache_signature.scoring_signature.proposal_radii,4f3c9fd1d9f39c2198a52e44ed1ecb7086e38ec0b80db30f6da6369dc9da283e
candidate_validation.rows[0].cache_signature.scoring_signature.target,5701b51c2733f9b1e819667378c06f5aa6fbe697821dd4db02d5d97c0b6351bd
candidate_validation.rows[0].cache_signature.scoring_signature.image,c5f41546eef8be9ff8bac4f65482ba36aa2c361864b3fdfe77b9e045f7a4d7c8
candidate_validation.rows[0].cache_signature.scoring_signature.count,16777216
candidate_validation.rows[0].cache_signature.scoring_signature.shape[0],4
candidate_validation.rows[0].cache_signature.scoring_signature.shape[1],1080
candidate_validation.rows[0].cache_signature.scoring_signature.shape[2],1920
candidate_validation.rows[0].cache_signature.scoring_signature.shape[3],3
candidate_validation.rows[0].cache_signature.scoring_signature.dtype,float32 image columns / float64 reductions
candidate_validation.rows[0].cache_signature.scoring_signature.seed,90
candidate_validation.rows[0].cache_signature.scoring_signature.operator_version,v0817_CURRENT_fixed_measure_C3
candidate_validation.rows[0].cache_signature.candidate,0
candidate_validation.rows[0].cache_signature.protocol.damping,1e-07
candidate_validation.rows[0].cache_signature.protocol.coefficient_limit,0.03
candidate_validation.rows[0].cache_signature.protocol.optimization_steps,1
candidate_validation.rows[0].cache_signature.protocol.line_search[0],1.0
candidate_validation.rows[0].cache_signature.protocol.line_search[1],0.5
candidate_validation.rows[0].cache_signature.protocol.line_search[2],0.25
candidate_validation.rows[0].cache_signature.protocol.line_search[3],0.125
candidate_validation.rows[0].cache_signature.protocol.maximum_accepted_births,32
candidate_validation.rows[0].cache_signature.protocol.maximum_consecutive_no_gain,3
candidate_validation.rows[0].cache_signature.protocol.flattening_window,5
candidate_validation.rows[0].cache_signature.protocol.flattening_relative_gain,0.0002
candidate_validation.rows[0].cache_signature.protocol.minimum_births_before_flattening,8
candidate_validation.rows[0].cache_signature.protocol.candidate_bank,32
candidate_validation.rows[0].cache_signature.protocol.solo_per_stratum,2
candidate_validation.rows[0].cache_signature.protocol.candidate_rank_spearman_gate,0.2
candidate_validation.rows[0].cache_signature.protocol.relative_gain_floor,1e-07
candidate_validation.rows[0].cache_signature.protocol.geometry_relative_gain_floor,0.001
candidate_validation.rows[0].cache_signature.protocol.source_coverage_subset,65536
candidate_validation.rows[0].cache_signature.protocol.geometry_samples,16384
candidate_validation.rows[0].cache_signature.protocol.initial_preallocated_dof,0
candidate_validation.rows[0].cache_signature.protocol.support_rule,"Two levels: first half radius .45, second half .45/sqrt(2). Independent of residual."
candidate_validation.rows[0].cache_signature.protocol.optimizer,"Damped Gauss-Newton with exact accumulated CURRENT image Gram, coefficient box projection, deterministic four-trial backtracking"
candidate_validation.rows[0].cache_signature.protocol.scoring,"Full 16M source, four Full-HD views; exact image-space column norms, no stochastic norm sketch"
candidate_validation.rows[0].cache_signature.protocol.evaluation_subset,"Two top, two middle, two low non-null, two seeded random. Largest initial bounded comparison budget; overlap deduplicated and disclosed."
candidate_validation.rows[0].cache_signature.protocol.smoke_use,FD and runtime only; never headline predicted-vs-actual or birth verdicts.
candidate_validation.rows[0].candidate,0
candidate_validation.rows[0].source_proposal_id,3493
candidate_validation.rows[0].center[0],-0.6132633746382647
candidate_validation.rows[0].center[1],0.5849597623679317
candidate_validation.rows[0].center[2],-0.1007186479850864
candidate_validation.rows[0].radius,0.45
candidate_validation.rows[0].alignment,0.022688106012305607
candidate_validation.rows[0].raw_alignment,0.022688106012305607
candidate_validation.rows[0].norm2,8.55823769853301
candidate_validation.rows[0].jacobian_norm,2.9254465810424586
candidate_validation.rows[0].predicted_gain,3.0073372962004665e-05
candidate_validation.rows[0].actual_gain,4.406557557834305e-05
candidate_validation.rows[0].geometry_improvement,-3.2333339272739084e-06
candidate_validation.rows[0].geometry.symmetric_chamfer,0.006912633022630952
candidate_validation.rows[0].geometry.point_to_surface_mean,0.001988235803849701
candidate_validation.rows[0].geometry.point_to_surface_p95,0.005404574149945289
candidate_validation.rows[0].geometry.surface_rms,0.002778345958125921
candidate_validation.rows[0].geometry.normal_consistency,0.9910025290432847
candidate_validation.rows[0].geometry.normal_error,0.008997470956715325
candidate_validation.rows[0].geometry.regional_ear_p2s_mean,0.0029854615687835945
candidate_validation.rows[0].geometry.regional_head_p2s_mean,0.0018448584201958941
candidate_validation.rows[0].geometry.regional_leg_p2s_mean,0.0023401474719327393
candidate_validation.rows[0].geometry.regional_torso_p2s_mean,0.001527466537912168
candidate_validation.rows[0].geometry.bounds[0][0],-0.997162570593492
candidate_validation.rows[0].geometry.bounds[0][1],-0.9857655507213664
candidate_validation.rows[0].geometry.bounds[0][2],-0.7570312212098319
candidate_validation.rows[0].geometry.bounds[1][0],0.9974998618071933
candidate_validation.rows[0].geometry.bounds[1][1],0.9632264335200473
candidate_validation.rows[0].geometry.bounds[1][2],0.7709279186320754
candidate_validation.rows[0].geometry.surface_area,9.222156862631067
candidate_validation.rows[0].geometry.components,1
candidate_validation.rows[0].geometry.maximum_outward_from_unit_sphere,0.3220391935736078
candidate_validation.rows[0].geometry.maximum_inward_from_unit_sphere,0.8261501198869529
candidate_validation.rows[0].geometry.radial_deviation_p95,0.6134548514471513
candidate_validation.rows[0].geometry.gt_extends_outside_unit_sphere,True
candidate_validation.rows[0].geometry.gt_max_radius,1.5736361939753005
candidate_validation.rows[0].geometry.source_coverage_distance_p95,0.01149354889542779
candidate_validation.rows[0].geometry.source_coverage_distance_max,0.021081128441206062
candidate_validation.rows[0].geometry.source_coverage_samples,65536
candidate_validation.rows[0].geometry.geometry_seconds,0.2753442630637437
candidate_validation.rows[0].geometry.geometry_path,runs/v090_matched_birth/geometry/soft_solo_0.ply
candidate_validation.rows[0].geometry.geometry_target,"MC approximation of prepared.gt_field, evaluation only; existing P2S/Chamfer definitions. Current normals updated at every evaluation."
candidate_validation.rows[0].coefficient,-0.0026510254267758998
candidate_validation.rows[0].affected_views,4
candidate_validation.rows[0].affected_pixels,275519
candidate_validation.rows[0].optimization.accepted,True
candidate_validation.rows[0].optimization.linear_solver_failures,0
candidate_validation.rows[0].optimization.line_search_failures,0
candidate_validation.rows[0].optimization.trials[0].alpha,1.0
candidate_validation.rows[0].optimization.trials[0].loss,0.003962571255014016
candidate_validation.rows[0].optimization.trials[0].coefficient[0],-0.0026510254267758998
candidate_validation.rows[0].optimization.trials[0].timing.signature.config_digest,62ca4976cb787bbdbc3fd85b82677cf3aaa45a383158d798e34cfdd3b30c3861
candidate_validation.rows[0].optimization.trials[0].timing.signature.field_digest,c262097d30d246d7437b6ae3736508e68189236e524ef0748013219b3f7859ca
candidate_validation.rows[0].optimization.trials[0].timing.signature.count,16777216
candidate_validation.rows[0].optimization.trials[0].timing.signature.seed,101
candidate_validation.rows[0].optimization.trials[0].timing.signature.operator_version,v0817_CURRENT_fixed_measure_C3
candidate_validation.rows[0].optimization.trials[0].timing.signature.shape[0],4
candidate_validation.rows[0].optimization.trials[0].timing.signature.shape[1],1080
candidate_validation.rows[0].optimization.trials[0].timing.signature.shape[2],1920
candidate_validation.rows[0].optimization.trials[0].timing.signature.shape[3],3
candidate_validation.rows[0].optimization.trials[0].timing.signature.dtype,float32
candidate_validation.rows[0].optimization.trials[0].timing.signature.source_digest,9381b4a92942668b428be5796e2b9d64f6bd8d03061b3bae9e79517ed34b780e
candidate_validation.rows[0].optimization.trials[0].timing.signature.centers,fdda5541fb0f56174598dfaf69f96404e5fc7f5f81d4ff422aa6161b07c2309b
candidate_validation.rows[0].optimization.trials[0].timing.signature.radii,500422ba227b370015d9b5df0292a47b0c4583c0ac88770bbc6297daa8289a1d
candidate_validation.rows[0].optimization.trials[0].timing.signature.coefficients,cf62dfc2597d1f1ad736514331c5505a29ce496d55565a59742d4cf4c3d221cf
candidate_validation.rows[0].optimization.trials[0].timing.source_seconds,63.503869629930705
candidate_validation.rows[0].optimization.trials[0].timing.transport_seconds,209.60515626496635
candidate_validation.rows[0].optimization.trials[0].timing.detector_seconds,80.36690273485146
candidate_validation.rows[0].optimization.trials[0].timing.total_seconds,353.5101245599799
candidate_validation.rows[0].optimization.trials[0].timing.peak_cuda_allocated_mib,576.91650390625
candidate_validation.rows[0].optimization.trials[0].timing.peak_cuda_reserved_mib,664.0
candidate_validation.rows[0].optimization.trials[0].timing.cpu_rss_peak_mib,4832.16796875
candidate_validation.rows[0].optimization.trials[0].timing.energy_accounting[0].view,0
candidate_validation.rows[0].optimization.trials[0].timing.energy_accounting[0].input_energy,0.4925011662700774
candidate_validation.rows[0].optimization.trials[0].timing.energy_accounting[0].detected_energy,0.49250045613820853
candidate_validation.rows[0].optimization.trials[0].timing.energy_accounting[0].relative_energy_difference,1.4418887050403805e-06
candidate_validation.rows[0].optimization.trials[0].timing.energy_accounting[0].projected_count_sum,16777149.536304014
candidate_validation.rows[0].optimization.trials[0].timing.energy_accounting[0].boundary_checked,True
candidate_validation.rows[0].optimization.trials[0].timing.energy_accounting[0].boundary_lost_energy,0.0
candidate_validation.rows[0].optimization.trials[0].timing.energy_accounting[0].expected_in_window_energy,0.4925011662700774
candidate_validation.rows[0].optimization.trials[0].timing.energy_accounting[0].numerical_energy_relative_error,1.4418887050403805e-06
candidate_validation.rows[0].optimization.trials[0].timing.energy_accounting[1].view,1
candidate_validation.rows[0].optimization.trials[0].timing.energy_accounting[1].input_energy,0.38862979444729173
candidate_validation.rows[0].optimization.trials[0].timing.energy_accounting[1].detected_energy,0.38862928961696613
candidate_validation.rows[0].optimization.trials[0].timing.energy_accounting[1].relative_energy_difference,1.299000572810703e-06
candidate_validation.rows[0].optimization.trials[0].timing.energy_accounting[1].projected_count_sum,16777148.492768776
candidate_validation.rows[0].optimization.trials[0].timing.energy_accounting[1].boundary_checked,True
candidate_validation.rows[0].optimization.trials[0].timing.energy_accounting[1].boundary_lost_energy,0.0
candidate_validation.rows[0].optimization.trials[0].timing.energy_accounting[1].expected_in_window_energy,0.38862979444729173
candidate_validation.rows[0].optimization.trials[0].timing.energy_accounting[1].numerical_energy_relative_error,1.299000572810703e-06
candidate_validation.rows[0].optimization.trials[0].timing.energy_accounting[2].view,2
candidate_validation.rows[0].optimization.trials[0].timing.energy_accounting[2].input_energy,0.5145620078246238
candidate_validation.rows[0].optimization.trials[0].timing.energy_accounting[2].detected_energy,0.5145615555164562
candidate_validation.rows[0].optimization.trials[0].timing.energy_accounting[2].relative_energy_difference,8.79015863411427e-07
candidate_validation.rows[0].optimization.trials[0].timing.energy_accounting[2].projected_count_sum,16777167.027079714
candidate_validation.rows[0].optimization.trials[0].timing.energy_accounting[2].boundary_checked,True
candidate_validation.rows[0].optimization.trials[0].timing.energy_accounting[2].boundary_lost_energy,0.0
candidate_validation.rows[0].optimization.trials[0].timing.energy_accounting[2].expected_in_window_energy,0.5145620078246238
candidate_validation.rows[0].optimization.trials[0].timing.energy_accounting[2].numerical_energy_relative_error,8.79015863411427e-07
candidate_validation.rows[0].optimization.trials[0].timing.energy_accounting[3].view,3
candidate_validation.rows[0].optimization.trials[0].timing.energy_accounting[3].input_energy,0.3588844644843953
candidate_validation.rows[0].optimization.trials[0].timing.energy_accounting[3].detected_energy,0.3588837029445774
candidate_validation.rows[0].optimization.trials[0].timing.energy_accounting[3].relative_energy_difference,2.1219637328756037e-06
candidate_validation.rows[0].optimization.trials[0].timing.energy_accounting[3].projected_count_sum,16777144.20157692
candidate_validation.rows[0].optimization.trials[0].timing.energy_accounting[3].boundary_checked,True
candidate_validation.rows[0].optimization.trials[0].timing.energy_accounting[3].boundary_lost_energy,0.0
candidate_validation.rows[0].optimization.trials[0].timing.energy_accounting[3].expected_in_window_energy,0.3588844644843953
candidate_validation.rows[0].optimization.trials[0].timing.energy_accounting[3].numerical_energy_relative_error,2.1219637328756037e-06
candidate_validation.rows[0].optimization.trials[0].timing.root_failures,0
candidate_validation.rows[0].optimization.trials[0].timing.attachment_residual_max,2.534822089260859e-09
candidate_validation.rows[0].optimization.trials[0].timing.maximum_displacement,0.0027254103279890102
candidate_validation.rows[0].optimization.trials[0].timing.image_digest,96622622b7c451db6291f4666cc1f838a0b08309509dcf38d5d7ce37eee0f08c
candidate_validation.rows[0].optimization.trials[0].timing.state_persisted,False
candidate_validation.rows[0].optimization.trials[0].finite,True
candidate_validation.rows[0].optimization.realized_gain,4.406557557834305e-05
candidate_validation.rows[0].optimization.coefficient_limit_hits,0
candidate_validation.rows[0].optimization.seconds,355.60549734788947
candidate_validation.rows[0].baseline_identical,True
candidate_validation.rows[0].coefficient_initialized_at_zero,True
candidate_validation.rows[0].birth_source_mass_change,0.0
candidate_validation.rows[0].image_path,runs/v090_matched_birth/soft_solo_0_trial0.npy
candidate_validation.rows[1].cache_signature.scoring_signature.config,62ca4976cb787bbdbc3fd85b82677cf3aaa45a383158d798e34cfdd3b30c3861
candidate_validation.rows[1].cache_signature.scoring_signature.field,c262097d30d246d7437b6ae3736508e68189236e524ef0748013219b3f7859ca
candidate_validation.rows[1].cache_signature.scoring_signature.source,9381b4a92942668b428be5796e2b9d64f6bd8d03061b3bae9e79517ed34b780e
candidate_validation.rows[1].cache_signature.scoring_signature.current_positions,9381b4a92942668b428be5796e2b9d64f6bd8d03061b3bae9e79517ed34b780e
candidate_validation.rows[1].cache_signature.scoring_signature.coefficients,e3b0c44298fc1c149afbf4c8996fb92427ae41e4649b934ca495991b7852b855
candidate_validation.rows[1].cache_signature.scoring_signature.active_centers,e3b0c44298fc1c149afbf4c8996fb92427ae41e4649b934ca495991b7852b855
candidate_validation.rows[1].cache_signature.scoring_signature.active_radii,e3b0c44298fc1c149afbf4c8996fb92427ae41e4649b934ca495991b7852b855
candidate_validation.rows[1].cache_signature.scoring_signature.proposals,456105279e0648fa36620e437de315787868bbf95ff7250a8130161566d43b8f
candidate_validation.rows[1].cache_signature.scoring_signature.proposal_radii,4f3c9fd1d9f39c2198a52e44ed1ecb7086e38ec0b80db30f6da6369dc9da283e
candidate_validation.rows[1].cache_signature.scoring_signature.target,5701b51c2733f9b1e819667378c06f5aa6fbe697821dd4db02d5d97c0b6351bd
candidate_validation.rows[1].cache_signature.scoring_signature.image,c5f41546eef8be9ff8bac4f65482ba36aa2c361864b3fdfe77b9e045f7a4d7c8
candidate_validation.rows[1].cache_signature.scoring_signature.count,16777216
candidate_validation.rows[1].cache_signature.scoring_signature.shape[0],4
candidate_validation.rows[1].cache_signature.scoring_signature.shape[1],1080
candidate_validation.rows[1].cache_signature.scoring_signature.shape[2],1920
candidate_validation.rows[1].cache_signature.scoring_signature.shape[3],3
candidate_validation.rows[1].cache_signature.scoring_signature.dtype,float32 image columns / float64 reductions
candidate_validation.rows[1].cache_signature.scoring_signature.seed,90
candidate_validation.rows[1].cache_signature.scoring_signature.operator_version,v0817_CURRENT_fixed_measure_C3
candidate_validation.rows[1].cache_signature.candidate,1
candidate_validation.rows[1].cache_signature.protocol.damping,1e-07
candidate_validation.rows[1].cache_signature.protocol.coefficient_limit,0.03
candidate_validation.rows[1].cache_signature.protocol.optimization_steps,1
candidate_validation.rows[1].cache_signature.protocol.line_search[0],1.0
candidate_validation.rows[1].cache_signature.protocol.line_search[1],0.5
candidate_validation.rows[1].cache_signature.protocol.line_search[2],0.25
candidate_validation.rows[1].cache_signature.protocol.line_search[3],0.125
candidate_validation.rows[1].cache_signature.protocol.maximum_accepted_births,32
candidate_validation.rows[1].cache_signature.protocol.maximum_consecutive_no_gain,3
candidate_validation.rows[1].cache_signature.protocol.flattening_window,5
candidate_validation.rows[1].cache_signature.protocol.flattening_relative_gain,0.0002
candidate_validation.rows[1].cache_signature.protocol.minimum_births_before_flattening,8
candidate_validation.rows[1].cache_signature.protocol.candidate_bank,32
candidate_validation.rows[1].cache_signature.protocol.solo_per_stratum,2
candidate_validation.rows[1].cache_signature.protocol.candidate_rank_spearman_gate,0.2
candidate_validation.rows[1].cache_signature.protocol.relative_gain_floor,1e-07
candidate_validation.rows[1].cache_signature.protocol.geometry_relative_gain_floor,0.001
candidate_validation.rows[1].cache_signature.protocol.source_coverage_subset,65536
candidate_validation.rows[1].cache_signature.protocol.geometry_samples,16384
candidate_validation.rows[1].cache_signature.protocol.initial_preallocated_dof,0
candidate_validation.rows[1].cache_signature.protocol.support_rule,"Two levels: first half radius .45, second half .45/sqrt(2). Independent of residual."
candidate_validation.rows[1].cache_signature.protocol.optimizer,"Damped Gauss-Newton with exact accumulated CURRENT image Gram, coefficient box projection, deterministic four-trial backtracking"
candidate_validation.rows[1].cache_signature.protocol.scoring,"Full 16M source, four Full-HD views; exact image-space column norms, no stochastic norm sketch"
candidate_validation.rows[1].cache_signature.protocol.evaluation_subset,"Two top, two middle, two low non-null, two seeded random. Largest initial bounded comparison budget; overlap deduplicated and disclosed."
candidate_validation.rows[1].cache_signature.protocol.smoke_use,FD and runtime only; never headline predicted-vs-actual or birth verdicts.
candidate_validation.rows[1].candidate,1
candidate_validation.rows[1].source_proposal_id,1111164
candidate_validation.rows[1].center[0],0.9242084222220754
candidate_validation.rows[1].center[1],-0.7874414029902104
candidate_validation.rows[1].center[2],0.24051096681045483
candidate_validation.rows[1].radius,0.45
candidate_validation.rows[1].alignment,0.02036031115208143
candidate_validation.rows[1].raw_alignment,0.02036031115208143
candidate_validation.rows[1].norm2,6.873054372793138
candidate_validation.rows[1].jacobian_norm,2.621651077621341
candidate_validation.rows[1].predicted_gain,3.0157062762308195e-05
candidate_validation.rows[1].actual_gain,4.088072167148134e-05
candidate_validation.rows[1].geometry_improvement,9.237552583797777e-06
candidate_validation.rows[1].geometry.symmetric_chamfer,0.006900162136119881
candidate_validation.rows[1].geometry.point_to_surface_mean,0.0020270264356578816
candidate_validation.rows[1].geometry.point_to_surface_p95,0.005630820550907643
candidate_validation.rows[1].geometry.surface_rms,0.0028363598056144364
candidate_validation.rows[1].geometry.normal_consistency,0.9911937852876969
candidate_validation.rows[1].geometry.normal_error,0.00880621471230314
candidate_validation.rows[1].geometry.regional_ear_p2s_mean,0.0031031703559513684
candidate_validation.rows[1].geometry.regional_head_p2s_mean,0.0018604158535796775
candidate_validation.rows[1].geometry.regional_leg_p2s_mean,0.002364690851568615
candidate_validation.rows[1].geometry.regional_torso_p2s_mean,0.0015523680082155707
candidate_validation.rows[1].geometry.bounds[0][0],-0.997162570593492
candidate_validation.rows[1].geometry.bounds[0][1],-0.9857655507213664
candidate_validation.rows[1].geometry.bounds[0][2],-0.7570312212098319
candidate_validation.rows[1].geometry.bounds[1][0],0.9983023013708727
candidate_validation.rows[1].geometry.bounds[1][1],0.9632264335200473
candidate_validation.rows[1].geometry.bounds[1][2],0.7709279186320754
candidate_validation.rows[1].geometry.surface_area,9.221932390803333
candidate_validation.rows[1].geometry.components,1
candidate_validation.rows[1].geometry.maximum_outward_from_unit_sphere,0.3220391935736078
candidate_validation.rows[1].geometry.maximum_inward_from_unit_sphere,0.8261501198869529
candidate_validation.rows[1].geometry.radial_deviation_p95,0.6134655640769784
candidate_validation.rows[1].geometry.gt_extends_outside_unit_sphere,True
candidate_validation.rows[1].geometry.gt_max_radius,1.5736361939753005
candidate_validation.rows[1].geometry.source_coverage_distance_p95,0.011470299761925717
candidate_validation.rows[1].geometry.source_coverage_distance_max,0.020452330364431948
candidate_validation.rows[1].geometry.source_coverage_samples,65536
candidate_validation.rows[1].geometry.geometry_seconds,0.2573011361528188
candidate_validation.rows[1].geometry.geometry_path,runs/v090_matched_birth/geometry/soft_solo_1.ply
candidate_validation.rows[1].geometry.geometry_target,"MC approximation of prepared.gt_field, evaluation only; existing P2S/Chamfer definitions. Current normals updated at every evaluation."
candidate_validation.rows[1].coefficient,-0.002962338103484754
candidate_validation.rows[1].affected_views,4
candidate_validation.rows[1].affected_pixels,191674
candidate_validation.rows[1].optimization.accepted,True
candidate_validation.rows[1].optimization.linear_solver_failures,0
candidate_validation.rows[1].optimization.line_search_failures,0
candidate_validation.rows[1].optimization.trials[0].alpha,1.0
candidate_validation.rows[1].optimization.trials[0].loss,0.0039657561089208775
candidate_validation.rows[1].optimization.trials[0].coefficient[0],-0.002962338103484754
candidate_validation.rows[1].optimization.trials[0].timing.signature.config_digest,62ca4976cb787bbdbc3fd85b82677cf3aaa45a383158d798e34cfdd3b30c3861
candidate_validation.rows[1].optimization.trials[0].timing.signature.field_digest,c262097d30d246d7437b6ae3736508e68189236e524ef0748013219b3f7859ca
candidate_validation.rows[1].optimization.trials[0].timing.signature.count,16777216
candidate_validation.rows[1].optimization.trials[0].timing.signature.seed,101
candidate_validation.rows[1].optimization.trials[0].timing.signature.operator_version,v0817_CURRENT_fixed_measure_C3
candidate_validation.rows[1].optimization.trials[0].timing.signature.shape[0],4
candidate_validation.rows[1].optimization.trials[0].timing.signature.shape[1],1080
candidate_validation.rows[1].optimization.trials[0].timing.signature.shape[2],1920
candidate_validation.rows[1].optimization.trials[0].timing.signature.shape[3],3
candidate_validation.rows[1].optimization.trials[0].timing.signature.dtype,float32
candidate_validation.rows[1].optimization.trials[0].timing.signature.source_digest,9381b4a92942668b428be5796e2b9d64f6bd8d03061b3bae9e79517ed34b780e
candidate_validation.rows[1].optimization.trials[0].timing.signature.centers,08c0422a5d2deeb1fd743161d455eade7c3dbcce04caa5d8ed943863cebd19f3
candidate_validation.rows[1].optimization.trials[0].timing.signature.radii,500422ba227b370015d9b5df0292a47b0c4583c0ac88770bbc6297daa8289a1d
candidate_validation.rows[1].optimization.trials[0].timing.signature.coefficients,c8d05ab5873a33d6637e5d4daa429b9c8183b7707a5b329e8546989d80d92030
candidate_validation.rows[1].optimization.trials[0].timing.source_seconds,59.083585052983835
candidate_validation.rows[1].optimization.trials[0].timing.transport_seconds,208.24120519589633
candidate_validation.rows[1].optimization.trials[0].timing.detector_seconds,80.39718898595311
candidate_validation.rows[1].optimization.trials[0].timing.total_seconds,347.7676848368719
candidate_validation.rows[1].optimization.trials[0].timing.peak_cuda_allocated_mib,576.9169921875
candidate_validation.rows[1].optimization.trials[0].timing.peak_cuda_reserved_mib,664.0
candidate_validation.rows[1].optimization.trials[0].timing.cpu_rss_peak_mib,6642.546875
candidate_validation.rows[1].optimization.trials[0].timing.energy_accounting[0].view,0
candidate_validation.rows[1].optimization.trials[0].timing.energy_accounting[0].input_energy,0.4926335144032124
candidate_validation.rows[1].optimization.trials[0].timing.energy_accounting[0].detected_energy,0.4926328043974187
candidate_validation.rows[1].optimization.trials[0].timing.energy_accounting[0].relative_energy_difference,1.4412454146036669e-06
candidate_validation.rows[1].optimization.trials[0].timing.energy_accounting[0].projected_count_sum,16777149.577332921
candidate_validation.rows[1].optimization.trials[0].timing.energy_accounting[0].boundary_checked,True
candidate_validation.rows[1].optimization.trials[0].timing.energy_accounting[0].boundary_lost_energy,0.0
candidate_validation.rows[1].optimization.trials[0].timing.energy_accounting[0].expected_in_window_energy,0.4926335144032124
candidate_validation.rows[1].optimization.trials[0].timing.energy_accounting[0].numerical_energy_relative_error,1.4412454146036669e-06
candidate_validation.rows[1].optimization.trials[0].timing.energy_accounting[1].view,1
candidate_validation.rows[1].optimization.trials[0].timing.energy_accounting[1].input_energy,0.3886157309767352
candidate_validation.rows[1].optimization.trials[0].timing.energy_accounting[1].detected_energy,0.3886152258764928
candidate_validation.rows[1].optimization.trials[0].timing.energy_accounting[1].relative_energy_difference,1.2997421415236024e-06
candidate_validation.rows[1].optimization.trials[0].timing.energy_accounting[1].projected_count_sum,16777148.45488672
candidate_validation.rows[1].optimization.trials[0].timing.energy_accounting[1].boundary_checked,True
candidate_validation.rows[1].optimization.trials[0].timing.energy_accounting[1].boundary_lost_energy,0.0
candidate_validation.rows[1].optimization.trials[0].timing.energy_accounting[1].expected_in_window_energy,0.3886157309767352
candidate_validation.rows[1].optimization.trials[0].timing.energy_accounting[1].numerical_energy_relative_error,1.2997421415236024e-06
candidate_validation.rows[1].optimization.trials[0].timing.energy_accounting[2].view,2
candidate_validation.rows[1].optimization.trials[0].timing.energy_accounting[2].input_energy,0.5145990521389455
candidate_validation.rows[1].optimization.trials[0].timing.energy_accounting[2].detected_energy,0.5145985994942933
candidate_validation.rows[1].optimization.trials[0].timing.energy_accounting[2].relative_energy_difference,8.796064631739903e-07
candidate_validation.rows[1].optimization.trials[0].timing.energy_accounting[2].projected_count_sum,16777166.997353682
candidate_validation.rows[1].optimization.trials[0].timing.energy_accounting[2].boundary_checked,True
candidate_validation.rows[1].optimization.trials[0].timing.energy_accounting[2].boundary_lost_energy,0.0
candidate_validation.rows[1].optimization.trials[0].timing.energy_accounting[2].expected_in_window_energy,0.5145990521389455
candidate_validation.rows[1].optimization.trials[0].timing.energy_accounting[2].numerical_energy_relative_error,8.796064631739903e-07
candidate_validation.rows[1].optimization.trials[0].timing.energy_accounting[3].view,3
candidate_validation.rows[1].optimization.trials[0].timing.energy_accounting[3].input_energy,0.35868672941468616
candidate_validation.rows[1].optimization.trials[0].timing.energy_accounting[3].detected_energy,0.3586859681862648
candidate_validation.rows[1].optimization.trials[0].timing.energy_accounting[3].relative_energy_difference,2.1222653611840298e-06
candidate_validation.rows[1].optimization.trials[0].timing.energy_accounting[3].projected_count_sum,16777144.163119743
candidate_validation.rows[1].optimization.trials[0].timing.energy_accounting[3].boundary_checked,True
candidate_validation.rows[1].optimization.trials[0].timing.energy_accounting[3].boundary_lost_energy,0.0
candidate_validation.rows[1].optimization.trials[0].timing.energy_accounting[3].expected_in_window_energy,0.35868672941468616
candidate_validation.rows[1].optimization.trials[0].timing.energy_accounting[3].numerical_energy_relative_error,2.1222653611840298e-06
candidate_validation.rows[1].optimization.trials[0].timing.root_failures,0
candidate_validation.rows[1].optimization.trials[0].timing.attachment_residual_max,2.534822089260859e-09
candidate_validation.rows[1].optimization.trials[0].timing.maximum_displacement,0.0030219471080263397
candidate_validation.rows[1].optimization.trials[0].timing.image_digest,55335cc512b5796f4a0d58d63264c1580238771c31683de8168a524ee07f895b
candidate_validation.rows[1].optimization.trials[0].timing.state_persisted,False
candidate_validation.rows[1].optimization.trials[0].finite,True
candidate_validation.rows[1].optimization.realized_gain,4.088072167148134e-05
candidate_validation.rows[1].optimization.coefficient_limit_hits,0
candidate_validation.rows[1].optimization.seconds,350.02639359398745
candidate_validation.rows[1].baseline_identical,True
candidate_validation.rows[1].coefficient_initialized_at_zero,True
candidate_validation.rows[1].birth_source_mass_change,0.0
candidate_validation.rows[1].image_path,runs/v090_matched_birth/soft_solo_1_trial0.npy
candidate_validation.rows[2].cache_signature.scoring_signature.config,62ca4976cb787bbdbc3fd85b82677cf3aaa45a383158d798e34cfdd3b30c3861
candidate_validation.rows[2].cache_signature.scoring_signature.field,c262097d30d246d7437b6ae3736508e68189236e524ef0748013219b3f7859ca
candidate_validation.rows[2].cache_signature.scoring_signature.source,9381b4a92942668b428be5796e2b9d64f6bd8d03061b3bae9e79517ed34b780e
candidate_validation.rows[2].cache_signature.scoring_signature.current_positions,9381b4a92942668b428be5796e2b9d64f6bd8d03061b3bae9e79517ed34b780e
candidate_validation.rows[2].cache_signature.scoring_signature.coefficients,e3b0c44298fc1c149afbf4c8996fb92427ae41e4649b934ca495991b7852b855
candidate_validation.rows[2].cache_signature.scoring_signature.active_centers,e3b0c44298fc1c149afbf4c8996fb92427ae41e4649b934ca495991b7852b855
candidate_validation.rows[2].cache_signature.scoring_signature.active_radii,e3b0c44298fc1c149afbf4c8996fb92427ae41e4649b934ca495991b7852b855
candidate_validation.rows[2].cache_signature.scoring_signature.proposals,456105279e0648fa36620e437de315787868bbf95ff7250a8130161566d43b8f
candidate_validation.rows[2].cache_signature.scoring_signature.proposal_radii,4f3c9fd1d9f39c2198a52e44ed1ecb7086e38ec0b80db30f6da6369dc9da283e
candidate_validation.rows[2].cache_signature.scoring_signature.target,5701b51c2733f9b1e819667378c06f5aa6fbe697821dd4db02d5d97c0b6351bd
candidate_validation.rows[2].cache_signature.scoring_signature.image,c5f41546eef8be9ff8bac4f65482ba36aa2c361864b3fdfe77b9e045f7a4d7c8
candidate_validation.rows[2].cache_signature.scoring_signature.count,16777216
candidate_validation.rows[2].cache_signature.scoring_signature.shape[0],4
candidate_validation.rows[2].cache_signature.scoring_signature.shape[1],1080
candidate_validation.rows[2].cache_signature.scoring_signature.shape[2],1920
candidate_validation.rows[2].cache_signature.scoring_signature.shape[3],3
candidate_validation.rows[2].cache_signature.scoring_signature.dtype,float32 image columns / float64 reductions
candidate_validation.rows[2].cache_signature.scoring_signature.seed,90
candidate_validation.rows[2].cache_signature.scoring_signature.operator_version,v0817_CURRENT_fixed_measure_C3
candidate_validation.rows[2].cache_signature.candidate,3
candidate_validation.rows[2].cache_signature.protocol.damping,1e-07
candidate_validation.rows[2].cache_signature.protocol.coefficient_limit,0.03
candidate_validation.rows[2].cache_signature.protocol.optimization_steps,1
candidate_validation.rows[2].cache_signature.protocol.line_search[0],1.0
candidate_validation.rows[2].cache_signature.protocol.line_search[1],0.5
candidate_validation.rows[2].cache_signature.protocol.line_search[2],0.25
candidate_validation.rows[2].cache_signature.protocol.line_search[3],0.125
candidate_validation.rows[2].cache_signature.protocol.maximum_accepted_births,32
candidate_validation.rows[2].cache_signature.protocol.maximum_consecutive_no_gain,3
candidate_validation.rows[2].cache_signature.protocol.flattening_window,5
candidate_validation.rows[2].cache_signature.protocol.flattening_relative_gain,0.0002
candidate_validation.rows[2].cache_signature.protocol.minimum_births_before_flattening,8
candidate_validation.rows[2].cache_signature.protocol.candidate_bank,32
candidate_validation.rows[2].cache_signature.protocol.solo_per_stratum,2
candidate_validation.rows[2].cache_signature.protocol.candidate_rank_spearman_gate,0.2
candidate_validation.rows[2].cache_signature.protocol.relative_gain_floor,1e-07
candidate_validation.rows[2].cache_signature.protocol.geometry_relative_gain_floor,0.001
candidate_validation.rows[2].cache_signature.protocol.source_coverage_subset,65536
candidate_validation.rows[2].cache_signature.protocol.geometry_samples,16384
candidate_validation.rows[2].cache_signature.protocol.initial_preallocated_dof,0
candidate_validation.rows[2].cache_signature.protocol.support_rule,"Two levels: first half radius .45, second half .45/sqrt(2). Independent of residual."
candidate_validation.rows[2].cache_signature.protocol.optimizer,"Damped Gauss-Newton with exact accumulated CURRENT image Gram, coefficient box projection, deterministic four-trial backtracking"
candidate_validation.rows[2].cache_signature.protocol.scoring,"Full 16M source, four Full-HD views; exact image-space column norms, no stochastic norm sketch"
candidate_validation.rows[2].cache_signature.protocol.evaluation_subset,"Two top, two middle, two low non-null, two seeded random. Largest initial bounded comparison budget; overlap deduplicated and disclosed."
candidate_validation.rows[2].cache_signature.protocol.smoke_use,FD and runtime only; never headline predicted-vs-actual or birth verdicts.
candidate_validation.rows[2].candidate,3
candidate_validation.rows[2].source_proposal_id,11599416
candidate_validation.rows[2].center[0],0.14529517722830892
candidate_validation.rows[2].center[1],-0.22845700643481365
candidate_validation.rows[2].center[2],-0.42791466009588813
candidate_validation.rows[2].radius,0.45
candidate_validation.rows[2].alignment,0.0026697670960892416
candidate_validation.rows[2].raw_alignment,0.0026697670960892416
candidate_validation.rows[2].norm2,1.0343678841884394
candidate_validation.rows[2].jacobian_norm,1.0170387820473905
candidate_validation.rows[2].predicted_gain,3.4454161653858173e-06
candidate_validation.rows[2].actual_gain,4.368299864167605e-06
candidate_validation.rows[2].geometry_improvement,-2.319815202399527e-05
candidate_validation.rows[2].geometry.symmetric_chamfer,0.006932597840727674
candidate_validation.rows[2].geometry.point_to_surface_mean,0.002015275914610897
candidate_validation.rows[2].geometry.point_to_surface_p95,0.005481801806409386
candidate_validation.rows[2].geometry.surface_rms,0.0028226656166309566
candidate_validation.rows[2].geometry.normal_consistency,0.9910816022925772
candidate_validation.rows[2].geometry.normal_error,0.008918397707422754
candidate_validation.rows[2].geometry.regional_ear_p2s_mean,0.0031269846425519953
candidate_validation.rows[2].geometry.regional_head_p2s_mean,0.0017715809032609999
candidate_validation.rows[2].geometry.regional_leg_p2s_mean,0.002382405483798533
candidate_validation.rows[2].geometry.regional_torso_p2s_mean,0.001534358595657083
candidate_validation.rows[2].geometry.bounds[0][0],-0.997162570593492
candidate_validation.rows[2].geometry.bounds[0][1],-0.9857655507213664
candidate_validation.rows[2].geometry.bounds[0][2],-0.7570312212098319
candidate_validation.rows[2].geometry.bounds[1][0],0.9974998618071933
candidate_validation.rows[2].geometry.bounds[1][1],0.9632264335200473
candidate_validation.rows[2].geometry.bounds[1][2],0.7709279186320754
candidate_validation.rows[2].geometry.surface_area,9.220944808316395
candidate_validation.rows[2].geometry.components,1
candidate_validation.rows[2].geometry.maximum_outward_from_unit_sphere,0.3220391935736078
candidate_validation.rows[2].geometry.maximum_inward_from_unit_sphere,0.8261501198869529
candidate_validation.rows[2].geometry.radial_deviation_p95,0.6132693947930897
candidate_validation.rows[2].geometry.gt_extends_outside_unit_sphere,True
candidate_validation.rows[2].geometry.gt_max_radius,1.5736361939753005
candidate_validation.rows[2].geometry.source_coverage_distance_p95,0.011483329833568999
candidate_validation.rows[2].geometry.source_coverage_distance_max,0.02044433850455944
candidate_validation.rows[2].geometry.source_coverage_samples,65536
candidate_validation.rows[2].geometry.geometry_seconds,0.2713369349949062
candidate_validation.rows[2].geometry.geometry_path,runs/v090_matched_birth/geometry/soft_solo_3.ply
candidate_validation.rows[2].geometry.geometry_target,"MC approximation of prepared.gt_field, evaluation only; existing P2S/Chamfer definitions. Current normals updated at every evaluation."
candidate_validation.rows[2].coefficient,-0.0025810612247283825
candidate_validation.rows[2].affected_views,3
candidate_validation.rows[2].affected_pixels,184054
candidate_validation.rows[2].optimization.accepted,True
candidate_validation.rows[2].optimization.linear_solver_failures,0
candidate_validation.rows[2].optimization.line_search_failures,0
candidate_validation.rows[2].optimization.trials[0].alpha,1.0
candidate_validation.rows[2].optimization.trials[0].loss,0.004002268530728191
candidate_validation.rows[2].optimization.trials[0].coefficient[0],-0.0025810612247283825
candidate_validation.rows[2].optimization.trials[0].timing.signature.config_digest,62ca4976cb787bbdbc3fd85b82677cf3aaa45a383158d798e34cfdd3b30c3861
candidate_validation.rows[2].optimization.trials[0].timing.signature.field_digest,c262097d30d246d7437b6ae3736508e68189236e524ef0748013219b3f7859ca
candidate_validation.rows[2].optimization.trials[0].timing.signature.count,16777216
candidate_validation.rows[2].optimization.trials[0].timing.signature.seed,101
candidate_validation.rows[2].optimization.trials[0].timing.signature.operator_version,v0817_CURRENT_fixed_measure_C3
candidate_validation.rows[2].optimization.trials[0].timing.signature.shape[0],4
candidate_validation.rows[2].optimization.trials[0].timing.signature.shape[1],1080
candidate_validation.rows[2].optimization.trials[0].timing.signature.shape[2],1920
candidate_validation.rows[2].optimization.trials[0].timing.signature.shape[3],3
candidate_validation.rows[2].optimization.trials[0].timing.signature.dtype,float32
candidate_validation.rows[2].optimization.trials[0].timing.signature.source_digest,9381b4a92942668b428be5796e2b9d64f6bd8d03061b3bae9e79517ed34b780e
candidate_validation.rows[2].optimization.trials[0].timing.signature.centers,d8a81c74d4e0a2f4f252189a992c405d14ef819a2ff87f9df2bf6e32a2b9a96c
candidate_validation.rows[2].optimization.trials[0].timing.signature.radii,500422ba227b370015d9b5df0292a47b0c4583c0ac88770bbc6297daa8289a1d
candidate_validation.rows[2].optimization.trials[0].timing.signature.coefficients,05af4676dcc87c02fe9a72a519d6e19e1e3def6b8f33ff630f65eca6e3396840
candidate_validation.rows[2].optimization.trials[0].timing.source_seconds,59.29915672400966
candidate_validation.rows[2].optimization.trials[0].timing.transport_seconds,222.19697009492666
candidate_validation.rows[2].optimization.trials[0].timing.detector_seconds,83.02046110015363
candidate_validation.rows[2].optimization.trials[0].timing.total_seconds,364.5618635278661
candidate_validation.rows[2].optimization.trials[0].timing.peak_cuda_allocated_mib,576.9169921875
candidate_validation.rows[2].optimization.trials[0].timing.peak_cuda_reserved_mib,664.0
candidate_validation.rows[2].optimization.trials[0].timing.cpu_rss_peak_mib,6919.2109375
candidate_validation.rows[2].optimization.trials[0].timing.energy_accounting[0].view,0
candidate_validation.rows[2].optimization.trials[0].timing.energy_accounting[0].input_energy,0.4924801755251572
candidate_validation.rows[2].optimization.trials[0].timing.energy_accounting[0].detected_energy,0.4924794655674737
candidate_validation.rows[2].optimization.trials[0].timing.energy_accounting[0].relative_energy_difference,1.441596471927322e-06
candidate_validation.rows[2].optimization.trials[0].timing.energy_accounting[0].projected_count_sum,16777149.389224458
candidate_validation.rows[2].optimization.trials[0].timing.energy_accounting[0].boundary_checked,True
candidate_validation.rows[2].optimization.trials[0].timing.energy_accounting[0].boundary_lost_energy,0.0
candidate_validation.rows[2].optimization.trials[0].timing.energy_accounting[0].expected_in_window_energy,0.4924801755251572
candidate_validation.rows[2].optimization.trials[0].timing.energy_accounting[0].numerical_energy_relative_error,1.441596471927322e-06
candidate_validation.rows[2].optimization.trials[0].timing.energy_accounting[1].view,1
candidate_validation.rows[2].optimization.trials[0].timing.energy_accounting[1].input_energy,0.3885620966778715
candidate_validation.rows[2].optimization.trials[0].timing.energy_accounting[1].detected_energy,0.3885615913777081
candidate_validation.rows[2].optimization.trials[0].timing.energy_accounting[1].relative_energy_difference,1.3004360633688832e-06
candidate_validation.rows[2].optimization.trials[0].timing.energy_accounting[1].projected_count_sum,16777148.479038555
candidate_validation.rows[2].optimization.trials[0].timing.energy_accounting[1].boundary_checked,True
candidate_validation.rows[2].optimization.trials[0].timing.energy_accounting[1].boundary_lost_energy,0.0
candidate_validation.rows[2].optimization.trials[0].timing.energy_accounting[1].expected_in_window_energy,0.3885620966778715
candidate_validation.rows[2].optimization.trials[0].timing.energy_accounting[1].numerical_energy_relative_error,1.3004360633688832e-06
candidate_validation.rows[2].optimization.trials[0].timing.energy_accounting[2].view,2
candidate_validation.rows[2].optimization.trials[0].timing.energy_accounting[2].input_energy,0.5143266199078775
candidate_validation.rows[2].optimization.trials[0].timing.energy_accounting[2].detected_energy,0.5143261669297565
candidate_validation.rows[2].optimization.trials[0].timing.energy_accounting[2].relative_energy_difference,8.807207394668436e-07
candidate_validation.rows[2].optimization.trials[0].timing.energy_accounting[2].projected_count_sum,16777166.92931074
candidate_validation.rows[2].optimization.trials[0].timing.energy_accounting[2].boundary_checked,True
candidate_validation.rows[2].optimization.trials[0].timing.energy_accounting[2].boundary_lost_energy,0.0
candidate_validation.rows[2].optimization.trials[0].timing.energy_accounting[2].expected_in_window_energy,0.5143266199078775
candidate_validation.rows[2].optimization.trials[0].timing.energy_accounting[2].numerical_energy_relative_error,8.807207394668436e-07
candidate_validation.rows[2].optimization.trials[0].timing.energy_accounting[3].view,3
candidate_validation.rows[2].optimization.trials[0].timing.energy_accounting[3].input_energy,0.35888335508529184
candidate_validation.rows[2].optimization.trials[0].timing.energy_accounting[3].detected_energy,0.35888259317201854
candidate_validation.rows[2].optimization.trials[0].timing.energy_accounting[3].relative_energy_difference,2.123010896186666e-06
candidate_validation.rows[2].optimization.trials[0].timing.energy_accounting[3].projected_count_sum,16777144.188972654
candidate_validation.rows[2].optimization.trials[0].timing.energy_accounting[3].boundary_checked,True
candidate_validation.rows[2].optimization.trials[0].timing.energy_accounting[3].boundary_lost_energy,0.0
candidate_validation.rows[2].optimization.trials[0].timing.energy_accounting[3].expected_in_window_energy,0.35888335508529184
candidate_validation.rows[2].optimization.trials[0].timing.energy_accounting[3].numerical_energy_relative_error,2.123010896186666e-06
candidate_validation.rows[2].optimization.trials[0].timing.root_failures,0
candidate_validation.rows[2].optimization.trials[0].timing.attachment_residual_max,2.534822089260859e-09
candidate_validation.rows[2].optimization.trials[0].timing.maximum_displacement,0.002672080013718425
candidate_validation.rows[2].optimization.trials[0].timing.image_digest,3fd3f69fc242f1d5ba468074f9768b745264cdc2977fef1f2566b705e04a6c06
candidate_validation.rows[2].optimization.trials[0].timing.state_persisted,False
candidate_validation.rows[2].optimization.trials[0].finite,True
candidate_validation.rows[2].optimization.realized_gain,4.368299864167605e-06
candidate_validation.rows[2].optimization.coefficient_limit_hits,0
candidate_validation.rows[2].optimization.seconds,366.7870663229842
candidate_validation.rows[2].baseline_identical,True
candidate_validation.rows[2].coefficient_initialized_at_zero,True
candidate_validation.rows[2].birth_source_mass_change,0.0
candidate_validation.rows[2].image_path,runs/v090_matched_birth/soft_solo_3_trial0.npy
candidate_validation.rows[3].cache_signature.scoring_signature.config,62ca4976cb787bbdbc3fd85b82677cf3aaa45a383158d798e34cfdd3b30c3861
candidate_validation.rows[3].cache_signature.scoring_signature.field,c262097d30d246d7437b6ae3736508e68189236e524ef0748013219b3f7859ca
candidate_validation.rows[3].cache_signature.scoring_signature.source,9381b4a92942668b428be5796e2b9d64f6bd8d03061b3bae9e79517ed34b780e
candidate_validation.rows[3].cache_signature.scoring_signature.current_positions,9381b4a92942668b428be5796e2b9d64f6bd8d03061b3bae9e79517ed34b780e
candidate_validation.rows[3].cache_signature.scoring_signature.coefficients,e3b0c44298fc1c149afbf4c8996fb92427ae41e4649b934ca495991b7852b855
candidate_validation.rows[3].cache_signature.scoring_signature.active_centers,e3b0c44298fc1c149afbf4c8996fb92427ae41e4649b934ca495991b7852b855
candidate_validation.rows[3].cache_signature.scoring_signature.active_radii,e3b0c44298fc1c149afbf4c8996fb92427ae41e4649b934ca495991b7852b855
candidate_validation.rows[3].cache_signature.scoring_signature.proposals,456105279e0648fa36620e437de315787868bbf95ff7250a8130161566d43b8f
candidate_validation.rows[3].cache_signature.scoring_signature.proposal_radii,4f3c9fd1d9f39c2198a52e44ed1ecb7086e38ec0b80db30f6da6369dc9da283e
candidate_validation.rows[3].cache_signature.scoring_signature.target,5701b51c2733f9b1e819667378c06f5aa6fbe697821dd4db02d5d97c0b6351bd
candidate_validation.rows[3].cache_signature.scoring_signature.image,c5f41546eef8be9ff8bac4f65482ba36aa2c361864b3fdfe77b9e045f7a4d7c8
candidate_validation.rows[3].cache_signature.scoring_signature.count,16777216
candidate_validation.rows[3].cache_signature.scoring_signature.shape[0],4
candidate_validation.rows[3].cache_signature.scoring_signature.shape[1],1080
candidate_validation.rows[3].cache_signature.scoring_signature.shape[2],1920
candidate_validation.rows[3].cache_signature.scoring_signature.shape[3],3
candidate_validation.rows[3].cache_signature.scoring_signature.dtype,float32 image columns / float64 reductions
candidate_validation.rows[3].cache_signature.scoring_signature.seed,90
candidate_validation.rows[3].cache_signature.scoring_signature.operator_version,v0817_CURRENT_fixed_measure_C3
candidate_validation.rows[3].cache_signature.candidate,6
candidate_validation.rows[3].cache_signature.protocol.damping,1e-07
candidate_validation.rows[3].cache_signature.protocol.coefficient_limit,0.03
candidate_validation.rows[3].cache_signature.protocol.optimization_steps,1
candidate_validation.rows[3].cache_signature.protocol.line_search[0],1.0
candidate_validation.rows[3].cache_signature.protocol.line_search[1],0.5
candidate_validation.rows[3].cache_signature.protocol.line_search[2],0.25
candidate_validation.rows[3].cache_signature.protocol.line_search[3],0.125
candidate_validation.rows[3].cache_signature.protocol.maximum_accepted_births,32
candidate_validation.rows[3].cache_signature.protocol.maximum_consecutive_no_gain,3
candidate_validation.rows[3].cache_signature.protocol.flattening_window,5
candidate_validation.rows[3].cache_signature.protocol.flattening_relative_gain,0.0002
candidate_validation.rows[3].cache_signature.protocol.minimum_births_before_flattening,8
candidate_validation.rows[3].cache_signature.protocol.candidate_bank,32
candidate_validation.rows[3].cache_signature.protocol.solo_per_stratum,2
candidate_validation.rows[3].cache_signature.protocol.candidate_rank_spearman_gate,0.2
candidate_validation.rows[3].cache_signature.protocol.relative_gain_floor,1e-07
candidate_validation.rows[3].cache_signature.protocol.geometry_relative_gain_floor,0.001
candidate_validation.rows[3].cache_signature.protocol.source_coverage_subset,65536
candidate_validation.rows[3].cache_signature.protocol.geometry_samples,16384
candidate_validation.rows[3].cache_signature.protocol.initial_preallocated_dof,0
candidate_validation.rows[3].cache_signature.protocol.support_rule,"Two levels: first half radius .45, second half .45/sqrt(2). Independent of residual."
candidate_validation.rows[3].cache_signature.protocol.optimizer,"Damped Gauss-Newton with exact accumulated CURRENT image Gram, coefficient box projection, deterministic four-trial backtracking"
candidate_validation.rows[3].cache_signature.protocol.scoring,"Full 16M source, four Full-HD views; exact image-space column norms, no stochastic norm sketch"
candidate_validation.rows[3].cache_signature.protocol.evaluation_subset,"Two top, two middle, two low non-null, two seeded random. Largest initial bounded comparison budget; overlap deduplicated and disclosed."
candidate_validation.rows[3].cache_signature.protocol.smoke_use,FD and runtime only; never headline predicted-vs-actual or birth verdicts.
candidate_validation.rows[3].candidate,6
candidate_validation.rows[3].source_proposal_id,5954579
candidate_validation.rows[3].center[0],0.6861195989907367
candidate_validation.rows[3].center[1],0.024059292396140852
candidate_validation.rows[3].center[2],0.18022494268829595
candidate_validation.rows[3].radius,0.45
candidate_validation.rows[3].alignment,0.0061567662809466255
candidate_validation.rows[3].raw_alignment,0.0061567662809466255
candidate_validation.rows[3].norm2,3.132234696444256
candidate_validation.rows[3].jacobian_norm,1.769812051163698
candidate_validation.rows[3].predicted_gain,6.050914682582601e-06
candidate_validation.rows[3].actual_gain,6.612582989433229e-06
candidate_validation.rows[3].geometry_improvement,-1.8586745536503316e-05
candidate_validation.rows[3].geometry.symmetric_chamfer,0.006927986434240182
candidate_validation.rows[3].geometry.point_to_surface_mean,0.0020136129492416954
candidate_validation.rows[3].geometry.point_to_surface_p95,0.005498562636966531
candidate_validation.rows[3].geometry.surface_rms,0.002826547246621569
candidate_validation.rows[3].geometry.normal_consistency,0.990900973823722
candidate_validation.rows[3].geometry.normal_error,0.009099026176278002
candidate_validation.rows[3].geometry.regional_ear_p2s_mean,0.0032108936766407996
candidate_validation.rows[3].geometry.regional_head_p2s_mean,0.0018010655914437053
candidate_validation.rows[3].geometry.regional_leg_p2s_mean,0.002319757485417748
candidate_validation.rows[3].geometry.regional_torso_p2s_mean,0.0015307514840714135
candidate_validation.rows[3].geometry.bounds[0][0],-0.997162570593492
candidate_validation.rows[3].geometry.bounds[0][1],-0.9857655507213664
candidate_validation.rows[3].geometry.bounds[0][2],-0.7570312212098319
candidate_validation.rows[3].geometry.bounds[1][0],0.9974998618071933
candidate_validation.rows[3].geometry.bounds[1][1],0.9632264335200473
candidate_validation.rows[3].geometry.bounds[1][2],0.7709279186320754
candidate_validation.rows[3].geometry.surface_area,9.220717822596946
candidate_validation.rows[3].geometry.components,1
candidate_validation.rows[3].geometry.maximum_outward_from_unit_sphere,0.3220391935736078
candidate_validation.rows[3].geometry.maximum_inward_from_unit_sphere,0.8261501198869529
candidate_validation.rows[3].geometry.radial_deviation_p95,0.6135005649973445
candidate_validation.rows[3].geometry.gt_extends_outside_unit_sphere,True
candidate_validation.rows[3].geometry.gt_max_radius,1.5736361939753005
candidate_validation.rows[3].geometry.source_coverage_distance_p95,0.011437928404465754
candidate_validation.rows[3].geometry.source_coverage_distance_max,0.02132162088574953
candidate_validation.rows[3].geometry.source_coverage_samples,65536
candidate_validation.rows[3].geometry.geometry_seconds,0.26399604696780443
candidate_validation.rows[3].geometry.geometry_path,runs/v090_matched_birth/geometry/soft_solo_6.ply
candidate_validation.rows[3].geometry.geometry_target,"MC approximation of prepared.gt_field, evaluation only; existing P2S/Chamfer definitions. Current normals updated at every evaluation."
candidate_validation.rows[3].coefficient,-0.0019656145471392654
candidate_validation.rows[3].affected_views,4
candidate_validation.rows[3].affected_pixels,206151
candidate_validation.rows[3].optimization.accepted,True
candidate_validation.rows[3].optimization.linear_solver_failures,0
candidate_validation.rows[3].optimization.line_search_failures,0
candidate_validation.rows[3].optimization.trials[0].alpha,1.0
candidate_validation.rows[3].optimization.trials[0].loss,0.004000024247602926
candidate_validation.rows[3].optimization.trials[0].coefficient[0],-0.0019656145471392654
candidate_validation.rows[3].optimization.trials[0].timing.signature.config_digest,62ca4976cb787bbdbc3fd85b82677cf3aaa45a383158d798e34cfdd3b30c3861
candidate_validation.rows[3].optimization.trials[0].timing.signature.field_digest,c262097d30d246d7437b6ae3736508e68189236e524ef0748013219b3f7859ca
candidate_validation.rows[3].optimization.trials[0].timing.signature.count,16777216
candidate_validation.rows[3].optimization.trials[0].timing.signature.seed,101
candidate_validation.rows[3].optimization.trials[0].timing.signature.operator_version,v0817_CURRENT_fixed_measure_C3
candidate_validation.rows[3].optimization.trials[0].timing.signature.shape[0],4
candidate_validation.rows[3].optimization.trials[0].timing.signature.shape[1],1080
candidate_validation.rows[3].optimization.trials[0].timing.signature.shape[2],1920
candidate_validation.rows[3].optimization.trials[0].timing.signature.shape[3],3
candidate_validation.rows[3].optimization.trials[0].timing.signature.dtype,float32
candidate_validation.rows[3].optimization.trials[0].timing.signature.source_digest,9381b4a92942668b428be5796e2b9d64f6bd8d03061b3bae9e79517ed34b780e
candidate_validation.rows[3].optimization.trials[0].timing.signature.centers,986c0d245db6e506a3e05407c9ee19f60b0174fe5b7706dc29c9fb7ec37369d8
candidate_validation.rows[3].optimization.trials[0].timing.signature.radii,500422ba227b370015d9b5df0292a47b0c4583c0ac88770bbc6297daa8289a1d
candidate_validation.rows[3].optimization.trials[0].timing.signature.coefficients,f7ea960703500992fdda9375cd911efc317c1613eb126cbedccb725adeb5df42
candidate_validation.rows[3].optimization.trials[0].timing.source_seconds,60.76522981887683
candidate_validation.rows[3].optimization.trials[0].timing.transport_seconds,227.5757733390201
candidate_validation.rows[3].optimization.trials[0].timing.detector_seconds,80.51333466405049
candidate_validation.rows[3].optimization.trials[0].timing.total_seconds,368.89775984198786
candidate_validation.rows[3].optimization.trials[0].timing.peak_cuda_allocated_mib,576.9169921875
candidate_validation.rows[3].optimization.trials[0].timing.peak_cuda_reserved_mib,664.0
candidate_validation.rows[3].optimization.trials[0].timing.cpu_rss_peak_mib,6919.2109375
candidate_validation.rows[3].optimization.trials[0].timing.energy_accounting[0].view,0
candidate_validation.rows[3].optimization.trials[0].timing.energy_accounting[0].input_energy,0.4924733424168411
candidate_validation.rows[3].optimization.trials[0].timing.energy_accounting[0].detected_energy,0.49247263243350653
candidate_validation.rows[3].optimization.trials[0].timing.energy_accounting[0].relative_energy_difference,1.4416685603403044e-06
candidate_validation.rows[3].optimization.trials[0].timing.energy_accounting[0].projected_count_sum,16777149.549120827
candidate_validation.rows[3].optimization.trials[0].timing.energy_accounting[0].boundary_checked,True
candidate_validation.rows[3].optimization.trials[0].timing.energy_accounting[0].boundary_lost_energy,0.0
candidate_validation.rows[3].optimization.trials[0].timing.energy_accounting[0].expected_in_window_energy,0.4924733424168411
candidate_validation.rows[3].optimization.trials[0].timing.energy_accounting[0].numerical_energy_relative_error,1.4416685603403044e-06
candidate_validation.rows[3].optimization.trials[0].timing.energy_accounting[1].view,1
candidate_validation.rows[3].optimization.trials[0].timing.energy_accounting[1].input_energy,0.3885878170345501
candidate_validation.rows[3].optimization.trials[0].timing.energy_accounting[1].detected_energy,0.3885873119038761
candidate_validation.rows[3].optimization.trials[0].timing.energy_accounting[1].relative_energy_difference,1.2999138209375022e-06
candidate_validation.rows[3].optimization.trials[0].timing.energy_accounting[1].projected_count_sum,16777148.47150411
candidate_validation.rows[3].optimization.trials[0].timing.energy_accounting[1].boundary_checked,True
candidate_validation.rows[3].optimization.trials[0].timing.energy_accounting[1].boundary_lost_energy,0.0
candidate_validation.rows[3].optimization.trials[0].timing.energy_accounting[1].expected_in_window_energy,0.3885878170345501
candidate_validation.rows[3].optimization.trials[0].timing.energy_accounting[1].numerical_energy_relative_error,1.2999138209375022e-06
candidate_validation.rows[3].optimization.trials[0].timing.energy_accounting[2].view,2
candidate_validation.rows[3].optimization.trials[0].timing.energy_accounting[2].input_energy,0.5146061786995443
candidate_validation.rows[3].optimization.trials[0].timing.energy_accounting[2].detected_energy,0.5146057257668469
candidate_validation.rows[3].optimization.trials[0].timing.energy_accounting[2].relative_energy_difference,8.80154020871883e-07
candidate_validation.rows[3].optimization.trials[0].timing.energy_accounting[2].projected_count_sum,16777166.95542386
candidate_validation.rows[3].optimization.trials[0].timing.energy_accounting[2].boundary_checked,True
candidate_validation.rows[3].optimization.trials[0].timing.energy_accounting[2].boundary_lost_energy,0.0
candidate_validation.rows[3].optimization.trials[0].timing.energy_accounting[2].expected_in_window_energy,0.5146061786995443
candidate_validation.rows[3].optimization.trials[0].timing.energy_accounting[2].numerical_energy_relative_error,8.80154020871883e-07
candidate_validation.rows[3].optimization.trials[0].timing.energy_accounting[3].view,3
candidate_validation.rows[3].optimization.trials[0].timing.energy_accounting[3].input_energy,0.35902544809520326
candidate_validation.rows[3].optimization.trials[0].timing.energy_accounting[3].detected_energy,0.35902468622379624
candidate_validation.rows[3].optimization.trials[0].timing.energy_accounting[3].relative_energy_difference,2.122054052324064e-06
candidate_validation.rows[3].optimization.trials[0].timing.energy_accounting[3].projected_count_sum,16777144.253739865
candidate_validation.rows[3].optimization.trials[0].timing.energy_accounting[3].boundary_checked,True
candidate_validation.rows[3].optimization.trials[0].timing.energy_accounting[3].boundary_lost_energy,0.0
candidate_validation.rows[3].optimization.trials[0].timing.energy_accounting[3].expected_in_window_energy,0.35902544809520326
candidate_validation.rows[3].optimization.trials[0].timing.energy_accounting[3].numerical_energy_relative_error,2.122054052324064e-06
candidate_validation.rows[3].optimization.trials[0].timing.root_failures,0
candidate_validation.rows[3].optimization.trials[0].timing.attachment_residual_max,2.534822089260859e-09
candidate_validation.rows[3].optimization.trials[0].timing.maximum_displacement,0.001967087204813087
candidate_validation.rows[3].optimization.trials[0].timing.image_digest,964bbcdf070d8ab082c734812b618f9ba8f2c9475d0b212a513e5f6dd0d60b9e
candidate_validation.rows[3].optimization.trials[0].timing.state_persisted,False
candidate_validation.rows[3].optimization.trials[0].finite,True
candidate_validation.rows[3].optimization.realized_gain,6.612582989433229e-06
candidate_validation.rows[3].optimization.coefficient_limit_hits,0
candidate_validation.rows[3].optimization.seconds,371.1009882730432
candidate_validation.rows[3].baseline_identical,True
candidate_validation.rows[3].coefficient_initialized_at_zero,True
candidate_validation.rows[3].birth_source_mass_change,0.0
candidate_validation.rows[3].image_path,runs/v090_matched_birth/soft_solo_6_trial0.npy
candidate_validation.rows[4].cache_signature.scoring_signature.config,62ca4976cb787bbdbc3fd85b82677cf3aaa45a383158d798e34cfdd3b30c3861
candidate_validation.rows[4].cache_signature.scoring_signature.field,c262097d30d246d7437b6ae3736508e68189236e524ef0748013219b3f7859ca
candidate_validation.rows[4].cache_signature.scoring_signature.source,9381b4a92942668b428be5796e2b9d64f6bd8d03061b3bae9e79517ed34b780e
candidate_validation.rows[4].cache_signature.scoring_signature.current_positions,9381b4a92942668b428be5796e2b9d64f6bd8d03061b3bae9e79517ed34b780e
candidate_validation.rows[4].cache_signature.scoring_signature.coefficients,e3b0c44298fc1c149afbf4c8996fb92427ae41e4649b934ca495991b7852b855
candidate_validation.rows[4].cache_signature.scoring_signature.active_centers,e3b0c44298fc1c149afbf4c8996fb92427ae41e4649b934ca495991b7852b855
candidate_validation.rows[4].cache_signature.scoring_signature.active_radii,e3b0c44298fc1c149afbf4c8996fb92427ae41e4649b934ca495991b7852b855
candidate_validation.rows[4].cache_signature.scoring_signature.proposals,456105279e0648fa36620e437de315787868bbf95ff7250a8130161566d43b8f
candidate_validation.rows[4].cache_signature.scoring_signature.proposal_radii,4f3c9fd1d9f39c2198a52e44ed1ecb7086e38ec0b80db30f6da6369dc9da283e
candidate_validation.rows[4].cache_signature.scoring_signature.target,5701b51c2733f9b1e819667378c06f5aa6fbe697821dd4db02d5d97c0b6351bd
candidate_validation.rows[4].cache_signature.scoring_signature.image,c5f41546eef8be9ff8bac4f65482ba36aa2c361864b3fdfe77b9e045f7a4d7c8
candidate_validation.rows[4].cache_signature.scoring_signature.count,16777216
candidate_validation.rows[4].cache_signature.scoring_signature.shape[0],4
candidate_validation.rows[4].cache_signature.scoring_signature.shape[1],1080
candidate_validation.rows[4].cache_signature.scoring_signature.shape[2],1920
candidate_validation.rows[4].cache_signature.scoring_signature.shape[3],3
candidate_validation.rows[4].cache_signature.scoring_signature.dtype,float32 image columns / float64 reductions
candidate_validation.rows[4].cache_signature.scoring_signature.seed,90
candidate_validation.rows[4].cache_signature.scoring_signature.operator_version,v0817_CURRENT_fixed_measure_C3
candidate_validation.rows[4].cache_signature.candidate,15
candidate_validation.rows[4].cache_signature.protocol.damping,1e-07
candidate_validation.rows[4].cache_signature.protocol.coefficient_limit,0.03
candidate_validation.rows[4].cache_signature.protocol.optimization_steps,1
candidate_validation.rows[4].cache_signature.protocol.line_search[0],1.0
candidate_validation.rows[4].cache_signature.protocol.line_search[1],0.5
candidate_validation.rows[4].cache_signature.protocol.line_search[2],0.25
candidate_validation.rows[4].cache_signature.protocol.line_search[3],0.125
candidate_validation.rows[4].cache_signature.protocol.maximum_accepted_births,32
candidate_validation.rows[4].cache_signature.protocol.maximum_consecutive_no_gain,3
candidate_validation.rows[4].cache_signature.protocol.flattening_window,5
candidate_validation.rows[4].cache_signature.protocol.flattening_relative_gain,0.0002
candidate_validation.rows[4].cache_signature.protocol.minimum_births_before_flattening,8
candidate_validation.rows[4].cache_signature.protocol.candidate_bank,32
candidate_validation.rows[4].cache_signature.protocol.solo_per_stratum,2
candidate_validation.rows[4].cache_signature.protocol.candidate_rank_spearman_gate,0.2
candidate_validation.rows[4].cache_signature.protocol.relative_gain_floor,1e-07
candidate_validation.rows[4].cache_signature.protocol.geometry_relative_gain_floor,0.001
candidate_validation.rows[4].cache_signature.protocol.source_coverage_subset,65536
candidate_validation.rows[4].cache_signature.protocol.geometry_samples,16384
candidate_validation.rows[4].cache_signature.protocol.initial_preallocated_dof,0
candidate_validation.rows[4].cache_signature.protocol.support_rule,"Two levels: first half radius .45, second half .45/sqrt(2). Independent of residual."
candidate_validation.rows[4].cache_signature.protocol.optimizer,"Damped Gauss-Newton with exact accumulated CURRENT image Gram, coefficient box projection, deterministic four-trial backtracking"
candidate_validation.rows[4].cache_signature.protocol.scoring,"Full 16M source, four Full-HD views; exact image-space column norms, no stochastic norm sketch"
candidate_validation.rows[4].cache_signature.protocol.evaluation_subset,"Two top, two middle, two low non-null, two seeded random. Largest initial bounded comparison budget; overlap deduplicated and disclosed."
candidate_validation.rows[4].cache_signature.protocol.smoke_use,FD and runtime only; never headline predicted-vs-actual or birth verdicts.
candidate_validation.rows[4].candidate,15
candidate_validation.rows[4].source_proposal_id,9756467
candidate_validation.rows[4].center[0],0.6062400090606672
candidate_validation.rows[4].center[1],-0.5737802698004988
candidate_validation.rows[4].center[2],-0.22944206095907885
candidate_validation.rows[4].radius,0.45
candidate_validation.rows[4].alignment,0.005097739373501187
candidate_validation.rows[4].raw_alignment,0.005097739373501187
candidate_validation.rows[4].norm2,2.8796499579372803
candidate_validation.rows[4].jacobian_norm,1.6969531395820217
candidate_validation.rows[4].predicted_gain,4.512170957807103e-06
candidate_validation.rows[4].actual_gain,7.6217031289007794e-06
candidate_validation.rows[4].geometry_improvement,-4.6311374997641715e-05
candidate_validation.rows[4].geometry.symmetric_chamfer,0.00695571106370132
candidate_validation.rows[4].geometry.point_to_surface_mean,0.0020410896238755266
candidate_validation.rows[4].geometry.point_to_surface_p95,0.005567000818203653
candidate_validation.rows[4].geometry.surface_rms,0.0028578715497258964
candidate_validation.rows[4].geometry.normal_consistency,0.9908250051177622
candidate_validation.rows[4].geometry.normal_error,0.00917499488223783
candidate_validation.rows[4].geometry.regional_ear_p2s_mean,0.0032119454140178035
candidate_validation.rows[4].geometry.regional_head_p2s_mean,0.0018294176537133793
candidate_validation.rows[4].geometry.regional_leg_p2s_mean,0.002354640090183431
candidate_validation.rows[4].geometry.regional_torso_p2s_mean,0.0015615561553535605
candidate_validation.rows[4].geometry.bounds[0][0],-0.997162570593492
candidate_validation.rows[4].geometry.bounds[0][1],-0.9857655507213664
candidate_validation.rows[4].geometry.bounds[0][2],-0.7570312212098319
candidate_validation.rows[4].geometry.bounds[1][0],0.9974998618071933
candidate_validation.rows[4].geometry.bounds[1][1],0.9632264335200473
candidate_validation.rows[4].geometry.bounds[1][2],0.7709279186320754
candidate_validation.rows[4].geometry.surface_area,9.22043985999722
candidate_validation.rows[4].geometry.components,1
candidate_validation.rows[4].geometry.maximum_outward_from_unit_sphere,0.3220391935736078
candidate_validation.rows[4].geometry.maximum_inward_from_unit_sphere,0.8261501198869529
candidate_validation.rows[4].geometry.radial_deviation_p95,0.6134830645371618
candidate_validation.rows[4].geometry.gt_extends_outside_unit_sphere,True
candidate_validation.rows[4].geometry.gt_max_radius,1.5736361939753005
candidate_validation.rows[4].geometry.source_coverage_distance_p95,0.011620313303913003
candidate_validation.rows[4].geometry.source_coverage_distance_max,0.019485671182795233
candidate_validation.rows[4].geometry.source_coverage_samples,65536
candidate_validation.rows[4].geometry.geometry_seconds,0.2645193301141262
candidate_validation.rows[4].geometry.geometry_path,runs/v090_matched_birth/geometry/soft_solo_15.ply
candidate_validation.rows[4].geometry.geometry_target,"MC approximation of prepared.gt_field, evaluation only; existing P2S/Chamfer definitions. Current normals updated at every evaluation."
candidate_validation.rows[4].coefficient,-0.0017702634941527391
candidate_validation.rows[4].affected_views,3
candidate_validation.rows[4].affected_pixels,216472
candidate_validation.rows[4].optimization.accepted,True
candidate_validation.rows[4].optimization.linear_solver_failures,0
candidate_validation.rows[4].optimization.line_search_failures,0
candidate_validation.rows[4].optimization.trials[0].alpha,1.0
candidate_validation.rows[4].optimization.trials[0].loss,0.003999015127463458
candidate_validation.rows[4].optimization.trials[0].coefficient[0],-0.0017702634941527391
candidate_validation.rows[4].optimization.trials[0].timing.signature.config_digest,62ca4976cb787bbdbc3fd85b82677cf3aaa45a383158d798e34cfdd3b30c3861
candidate_validation.rows[4].optimization.trials[0].timing.signature.field_digest,c262097d30d246d7437b6ae3736508e68189236e524ef0748013219b3f7859ca
candidate_validation.rows[4].optimization.trials[0].timing.signature.count,16777216
candidate_validation.rows[4].optimization.trials[0].timing.signature.seed,101
candidate_validation.rows[4].optimization.trials[0].timing.signature.operator_version,v0817_CURRENT_fixed_measure_C3
candidate_validation.rows[4].optimization.trials[0].timing.signature.shape[0],4
candidate_validation.rows[4].optimization.trials[0].timing.signature.shape[1],1080
candidate_validation.rows[4].optimization.trials[0].timing.signature.shape[2],1920
candidate_validation.rows[4].optimization.trials[0].timing.signature.shape[3],3
candidate_validation.rows[4].optimization.trials[0].timing.signature.dtype,float32
candidate_validation.rows[4].optimization.trials[0].timing.signature.source_digest,9381b4a92942668b428be5796e2b9d64f6bd8d03061b3bae9e79517ed34b780e
candidate_validation.rows[4].optimization.trials[0].timing.signature.centers,90a8c28757c346ecf59b7f0e1149ffd0a1f3be9d51423f71e0c3bbba5afcf0c8
candidate_validation.rows[4].optimization.trials[0].timing.signature.radii,500422ba227b370015d9b5df0292a47b0c4583c0ac88770bbc6297daa8289a1d
candidate_validation.rows[4].optimization.trials[0].timing.signature.coefficients,2b7095ac997fa8f20fef2b705a68d0d80d982f16e9e9eebbfae10a7f7756c5bd
candidate_validation.rows[4].optimization.trials[0].timing.source_seconds,59.461180033162236
candidate_validation.rows[4].optimization.trials[0].timing.transport_seconds,209.73399287788197
candidate_validation.rows[4].optimization.trials[0].timing.detector_seconds,80.79519272292964
candidate_validation.rows[4].optimization.trials[0].timing.total_seconds,350.03248058701865
candidate_validation.rows[4].optimization.trials[0].timing.peak_cuda_allocated_mib,576.9169921875
candidate_validation.rows[4].optimization.trials[0].timing.peak_cuda_reserved_mib,664.0
candidate_validation.rows[4].optimization.trials[0].timing.cpu_rss_peak_mib,6919.2109375
candidate_validation.rows[4].optimization.trials[0].timing.energy_accounting[0].view,0
candidate_validation.rows[4].optimization.trials[0].timing.energy_accounting[0].input_energy,0.49250126697415175
candidate_validation.rows[4].optimization.trials[0].timing.energy_accounting[0].detected_energy,0.49250055672208654
candidate_validation.rows[4].optimization.trials[0].timing.energy_accounting[0].relative_energy_difference,1.4421324630910775e-06
candidate_validation.rows[4].optimization.trials[0].timing.energy_accounting[0].projected_count_sum,16777149.49662393
candidate_validation.rows[4].optimization.trials[0].timing.energy_accounting[0].boundary_checked,True
candidate_validation.rows[4].optimization.trials[0].timing.energy_accounting[0].boundary_lost_energy,0.0
candidate_validation.rows[4].optimization.trials[0].timing.energy_accounting[0].expected_in_window_energy,0.49250126697415175
candidate_validation.rows[4].optimization.trials[0].timing.energy_accounting[0].numerical_energy_relative_error,1.4421324630910775e-06
candidate_validation.rows[4].optimization.trials[0].timing.energy_accounting[1].view,1
candidate_validation.rows[4].optimization.trials[0].timing.energy_accounting[1].input_energy,0.38856205937999116
candidate_validation.rows[4].optimization.trials[0].timing.energy_accounting[1].detected_energy,0.38856155435963424
candidate_validation.rows[4].optimization.trials[0].timing.energy_accounting[1].relative_energy_difference,1.2997160806903875e-06
candidate_validation.rows[4].optimization.trials[0].timing.energy_accounting[1].projected_count_sum,16777148.470224272
candidate_validation.rows[4].optimization.trials[0].timing.energy_accounting[1].boundary_checked,True
candidate_validation.rows[4].optimization.trials[0].timing.energy_accounting[1].boundary_lost_energy,0.0
candidate_validation.rows[4].optimization.trials[0].timing.energy_accounting[1].expected_in_window_energy,0.38856205937999116
candidate_validation.rows[4].optimization.trials[0].timing.energy_accounting[1].numerical_energy_relative_error,1.2997160806903875e-06
candidate_validation.rows[4].optimization.trials[0].timing.energy_accounting[2].view,2
candidate_validation.rows[4].optimization.trials[0].timing.energy_accounting[2].input_energy,0.5144464028280699
candidate_validation.rows[4].optimization.trials[0].timing.energy_accounting[2].detected_energy,0.5144459497731481
candidate_validation.rows[4].optimization.trials[0].timing.energy_accounting[2].relative_energy_difference,8.806649620059886e-07
candidate_validation.rows[4].optimization.trials[0].timing.energy_accounting[2].projected_count_sum,16777166.937624058
candidate_validation.rows[4].optimization.trials[0].timing.energy_accounting[2].boundary_checked,True
candidate_validation.rows[4].optimization.trials[0].timing.energy_accounting[2].boundary_lost_energy,0.0
candidate_validation.rows[4].optimization.trials[0].timing.energy_accounting[2].expected_in_window_energy,0.5144464028280699
candidate_validation.rows[4].optimization.trials[0].timing.energy_accounting[2].numerical_energy_relative_error,8.806649620059886e-07
candidate_validation.rows[4].optimization.trials[0].timing.energy_accounting[3].view,3
candidate_validation.rows[4].optimization.trials[0].timing.energy_accounting[3].input_energy,0.3589522917381631
candidate_validation.rows[4].optimization.trials[0].timing.energy_accounting[3].detected_energy,0.3589515308427983
candidate_validation.rows[4].optimization.trials[0].timing.energy_accounting[3].relative_energy_difference,2.119767396223809e-06
candidate_validation.rows[4].optimization.trials[0].timing.energy_accounting[3].projected_count_sum,16777144.335729595
candidate_validation.rows[4].optimization.trials[0].timing.energy_accounting[3].boundary_checked,True
candidate_validation.rows[4].optimization.trials[0].timing.energy_accounting[3].boundary_lost_energy,0.0
candidate_validation.rows[4].optimization.trials[0].timing.energy_accounting[3].expected_in_window_energy,0.3589522917381631
candidate_validation.rows[4].optimization.trials[0].timing.energy_accounting[3].numerical_energy_relative_error,2.119767396223809e-06
candidate_validation.rows[4].optimization.trials[0].timing.root_failures,0
candidate_validation.rows[4].optimization.trials[0].timing.attachment_residual_max,2.534822089260859e-09
candidate_validation.rows[4].optimization.trials[0].timing.maximum_displacement,0.0018323189175826046
candidate_validation.rows[4].optimization.trials[0].timing.image_digest,b18750811f252655001f4c82221d1c14a6b51e008ed497e3c8eb9597a1078d4a
candidate_validation.rows[4].optimization.trials[0].timing.state_persisted,False
candidate_validation.rows[4].optimization.trials[0].finite,True
candidate_validation.rows[4].optimization.realized_gain,7.6217031289007794e-06
candidate_validation.rows[4].optimization.coefficient_limit_hits,0
candidate_validation.rows[4].optimization.seconds,352.2204988410231
candidate_validation.rows[4].baseline_identical,True
candidate_validation.rows[4].coefficient_initialized_at_zero,True
candidate_validation.rows[4].birth_source_mass_change,0.0
candidate_validation.rows[4].image_path,runs/v090_matched_birth/soft_solo_15_trial0.npy
candidate_validation.rows[5].cache_signature.scoring_signature.config,62ca4976cb787bbdbc3fd85b82677cf3aaa45a383158d798e34cfdd3b30c3861
candidate_validation.rows[5].cache_signature.scoring_signature.field,c262097d30d246d7437b6ae3736508e68189236e524ef0748013219b3f7859ca
candidate_validation.rows[5].cache_signature.scoring_signature.source,9381b4a92942668b428be5796e2b9d64f6bd8d03061b3bae9e79517ed34b780e
candidate_validation.rows[5].cache_signature.scoring_signature.current_positions,9381b4a92942668b428be5796e2b9d64f6bd8d03061b3bae9e79517ed34b780e
candidate_validation.rows[5].cache_signature.scoring_signature.coefficients,e3b0c44298fc1c149afbf4c8996fb92427ae41e4649b934ca495991b7852b855
candidate_validation.rows[5].cache_signature.scoring_signature.active_centers,e3b0c44298fc1c149afbf4c8996fb92427ae41e4649b934ca495991b7852b855
candidate_validation.rows[5].cache_signature.scoring_signature.active_radii,e3b0c44298fc1c149afbf4c8996fb92427ae41e4649b934ca495991b7852b855
candidate_validation.rows[5].cache_signature.scoring_signature.proposals,456105279e0648fa36620e437de315787868bbf95ff7250a8130161566d43b8f
candidate_validation.rows[5].cache_signature.scoring_signature.proposal_radii,4f3c9fd1d9f39c2198a52e44ed1ecb7086e38ec0b80db30f6da6369dc9da283e
candidate_validation.rows[5].cache_signature.scoring_signature.target,5701b51c2733f9b1e819667378c06f5aa6fbe697821dd4db02d5d97c0b6351bd
candidate_validation.rows[5].cache_signature.scoring_signature.image,c5f41546eef8be9ff8bac4f65482ba36aa2c361864b3fdfe77b9e045f7a4d7c8
candidate_validation.rows[5].cache_signature.scoring_signature.count,16777216
candidate_validation.rows[5].cache_signature.scoring_signature.shape[0],4
candidate_validation.rows[5].cache_signature.scoring_signature.shape[1],1080
candidate_validation.rows[5].cache_signature.scoring_signature.shape[2],1920
candidate_validation.rows[5].cache_signature.scoring_signature.shape[3],3
candidate_validation.rows[5].cache_signature.scoring_signature.dtype,float32 image columns / float64 reductions
candidate_validation.rows[5].cache_signature.scoring_signature.seed,90
candidate_validation.rows[5].cache_signature.scoring_signature.operator_version,v0817_CURRENT_fixed_measure_C3
candidate_validation.rows[5].cache_signature.candidate,23
candidate_validation.rows[5].cache_signature.protocol.damping,1e-07
candidate_validation.rows[5].cache_signature.protocol.coefficient_limit,0.03
candidate_validation.rows[5].cache_signature.protocol.optimization_steps,1
candidate_validation.rows[5].cache_signature.protocol.line_search[0],1.0
candidate_validation.rows[5].cache_signature.protocol.line_search[1],0.5
candidate_validation.rows[5].cache_signature.protocol.line_search[2],0.25
candidate_validation.rows[5].cache_signature.protocol.line_search[3],0.125
candidate_validation.rows[5].cache_signature.protocol.maximum_accepted_births,32
candidate_validation.rows[5].cache_signature.protocol.maximum_consecutive_no_gain,3
candidate_validation.rows[5].cache_signature.protocol.flattening_window,5
candidate_validation.rows[5].cache_signature.protocol.flattening_relative_gain,0.0002
candidate_validation.rows[5].cache_signature.protocol.minimum_births_before_flattening,8
candidate_validation.rows[5].cache_signature.protocol.candidate_bank,32
candidate_validation.rows[5].cache_signature.protocol.solo_per_stratum,2
candidate_validation.rows[5].cache_signature.protocol.candidate_rank_spearman_gate,0.2
candidate_validation.rows[5].cache_signature.protocol.relative_gain_floor,1e-07
candidate_validation.rows[5].cache_signature.protocol.geometry_relative_gain_floor,0.001
candidate_validation.rows[5].cache_signature.protocol.source_coverage_subset,65536
candidate_validation.rows[5].cache_signature.protocol.geometry_samples,16384
candidate_validation.rows[5].cache_signature.protocol.initial_preallocated_dof,0
candidate_validation.rows[5].cache_signature.protocol.support_rule,"Two levels: first half radius .45, second half .45/sqrt(2). Independent of residual."
candidate_validation.rows[5].cache_signature.protocol.optimizer,"Damped Gauss-Newton with exact accumulated CURRENT image Gram, coefficient box projection, deterministic four-trial backtracking"
candidate_validation.rows[5].cache_signature.protocol.scoring,"Full 16M source, four Full-HD views; exact image-space column norms, no stochastic norm sketch"
candidate_validation.rows[5].cache_signature.protocol.evaluation_subset,"Two top, two middle, two low non-null, two seeded random. Largest initial bounded comparison budget; overlap deduplicated and disclosed."
candidate_validation.rows[5].cache_signature.protocol.smoke_use,FD and runtime only; never headline predicted-vs-actual or birth verdicts.
candidate_validation.rows[5].candidate,23
candidate_validation.rows[5].source_proposal_id,3004836
candidate_validation.rows[5].center[0],0.32254304210099094
candidate_validation.rows[5].center[1],0.16545617572429222
candidate_validation.rows[5].center[2],0.45950508851229754
candidate_validation.rows[5].radius,0.31819805153394637
candidate_validation.rows[5].alignment,0.0025560167760531253
candidate_validation.rows[5].raw_alignment,0.0025560167760531253
candidate_validation.rows[5].norm2,1.5114935481473706
candidate_validation.rows[5].jacobian_norm,1.2294281386674744
candidate_validation.rows[5].predicted_gain,2.161180686228072e-06
candidate_validation.rows[5].actual_gain,2.9762729466479426e-06
candidate_validation.rows[5].geometry_improvement,-3.397601275344567e-05
candidate_validation.rows[5].geometry.symmetric_chamfer,0.006943375701457124
candidate_validation.rows[5].geometry.point_to_surface_mean,0.002030036993400789
candidate_validation.rows[5].geometry.point_to_surface_p95,0.005569505684126986
candidate_validation.rows[5].geometry.surface_rms,0.0028461485908882595
candidate_validation.rows[5].geometry.normal_consistency,0.9908953069567055
candidate_validation.rows[5].geometry.normal_error,0.009104693043294532
candidate_validation.rows[5].geometry.regional_ear_p2s_mean,0.003198822111613717
candidate_validation.rows[5].geometry.regional_head_p2s_mean,0.0018305864967664751
candidate_validation.rows[5].geometry.regional_leg_p2s_mean,0.0023618252765064624
candidate_validation.rows[5].geometry.regional_torso_p2s_mean,0.0015378912859189899
candidate_validation.rows[5].geometry.bounds[0][0],-0.997162570593492
candidate_validation.rows[5].geometry.bounds[0][1],-0.9857655507213664
candidate_validation.rows[5].geometry.bounds[0][2],-0.7570312212098319
candidate_validation.rows[5].geometry.bounds[1][0],0.9974998618071933
candidate_validation.rows[5].geometry.bounds[1][1],0.9632264335200473
candidate_validation.rows[5].geometry.bounds[1][2],0.7709279186320754
candidate_validation.rows[5].geometry.surface_area,9.220416691707923
candidate_validation.rows[5].geometry.components,1
candidate_validation.rows[5].geometry.maximum_outward_from_unit_sphere,0.3220391935736078
candidate_validation.rows[5].geometry.maximum_inward_from_unit_sphere,0.8261501198869529
candidate_validation.rows[5].geometry.radial_deviation_p95,0.6134918147672531
candidate_validation.rows[5].geometry.gt_extends_outside_unit_sphere,True
candidate_validation.rows[5].geometry.gt_max_radius,1.5736361939753005
candidate_validation.rows[5].geometry.source_coverage_distance_p95,0.011615730765109982
candidate_validation.rows[5].geometry.source_coverage_distance_max,0.019485671182795233
candidate_validation.rows[5].geometry.source_coverage_samples,65536
candidate_validation.rows[5].geometry.geometry_seconds,0.24753089202567935
candidate_validation.rows[5].geometry.geometry_path,runs/v090_matched_birth/geometry/soft_solo_23.ply
candidate_validation.rows[5].geometry.geometry_target,"MC approximation of prepared.gt_field, evaluation only; existing P2S/Chamfer definitions. Current normals updated at every evaluation."
candidate_validation.rows[5].coefficient,-0.001691053600645971
candidate_validation.rows[5].affected_views,3
candidate_validation.rows[5].affected_pixels,116494
candidate_validation.rows[5].optimization.accepted,True
candidate_validation.rows[5].optimization.linear_solver_failures,0
candidate_validation.rows[5].optimization.line_search_failures,0
candidate_validation.rows[5].optimization.trials[0].alpha,1.0
candidate_validation.rows[5].optimization.trials[0].loss,0.004003660557645711
candidate_validation.rows[5].optimization.trials[0].coefficient[0],-0.001691053600645971
candidate_validation.rows[5].optimization.trials[0].timing.signature.config_digest,62ca4976cb787bbdbc3fd85b82677cf3aaa45a383158d798e34cfdd3b30c3861
candidate_validation.rows[5].optimization.trials[0].timing.signature.field_digest,c262097d30d246d7437b6ae3736508e68189236e524ef0748013219b3f7859ca
candidate_validation.rows[5].optimization.trials[0].timing.signature.count,16777216
candidate_validation.rows[5].optimization.trials[0].timing.signature.seed,101
candidate_validation.rows[5].optimization.trials[0].timing.signature.operator_version,v0817_CURRENT_fixed_measure_C3
candidate_validation.rows[5].optimization.trials[0].timing.signature.shape[0],4
candidate_validation.rows[5].optimization.trials[0].timing.signature.shape[1],1080
candidate_validation.rows[5].optimization.trials[0].timing.signature.shape[2],1920
candidate_validation.rows[5].optimization.trials[0].timing.signature.shape[3],3
candidate_validation.rows[5].optimization.trials[0].timing.signature.dtype,float32
candidate_validation.rows[5].optimization.trials[0].timing.signature.source_digest,9381b4a92942668b428be5796e2b9d64f6bd8d03061b3bae9e79517ed34b780e
candidate_validation.rows[5].optimization.trials[0].timing.signature.centers,4181c66aebed6820a032bf443d21be03243fe3ff5ebc1ade4bd040a2612da023
candidate_validation.rows[5].optimization.trials[0].timing.signature.radii,b3d24c0cc934ea8375654807c61c4293ba43a6e8186cadf5ca425f213eb21719
candidate_validation.rows[5].optimization.trials[0].timing.signature.coefficients,5bd1177d7c8d0f9532633d73948ccf66c466683e188d4403e2fb71b1493e4845
candidate_validation.rows[5].optimization.trials[0].timing.source_seconds,58.51947558997199
candidate_validation.rows[5].optimization.trials[0].timing.transport_seconds,202.65352986799553
candidate_validation.rows[5].optimization.trials[0].timing.detector_seconds,80.14553671493195
candidate_validation.rows[5].optimization.trials[0].timing.total_seconds,341.3606161719654
candidate_validation.rows[5].optimization.trials[0].timing.peak_cuda_allocated_mib,576.9169921875
candidate_validation.rows[5].optimization.trials[0].timing.peak_cuda_reserved_mib,664.0
candidate_validation.rows[5].optimization.trials[0].timing.cpu_rss_peak_mib,6931.4921875
candidate_validation.rows[5].optimization.trials[0].timing.energy_accounting[0].view,0
candidate_validation.rows[5].optimization.trials[0].timing.energy_accounting[0].input_energy,0.4924993474848637
candidate_validation.rows[5].optimization.trials[0].timing.energy_accounting[0].detected_energy,0.49249863735202576
candidate_validation.rows[5].optimization.trials[0].timing.energy_accounting[0].relative_energy_difference,1.441895997525217e-06
candidate_validation.rows[5].optimization.trials[0].timing.energy_accounting[0].projected_count_sum,16777149.517940156
candidate_validation.rows[5].optimization.trials[0].timing.energy_accounting[0].boundary_checked,True
candidate_validation.rows[5].optimization.trials[0].timing.energy_accounting[0].boundary_lost_energy,0.0
candidate_validation.rows[5].optimization.trials[0].timing.energy_accounting[0].expected_in_window_energy,0.4924993474848637
candidate_validation.rows[5].optimization.trials[0].timing.energy_accounting[0].numerical_energy_relative_error,1.441895997525217e-06
candidate_validation.rows[5].optimization.trials[0].timing.energy_accounting[1].view,1
candidate_validation.rows[5].optimization.trials[0].timing.energy_accounting[1].input_energy,0.3884943540638336
candidate_validation.rows[5].optimization.trials[0].timing.energy_accounting[1].detected_energy,0.388493849110333
candidate_validation.rows[5].optimization.trials[0].timing.energy_accounting[1].relative_energy_difference,1.2997704993303255e-06
candidate_validation.rows[5].optimization.trials[0].timing.energy_accounting[1].projected_count_sum,16777148.451868434
candidate_validation.rows[5].optimization.trials[0].timing.energy_accounting[1].boundary_checked,True
candidate_validation.rows[5].optimization.trials[0].timing.energy_accounting[1].boundary_lost_energy,0.0
candidate_validation.rows[5].optimization.trials[0].timing.energy_accounting[1].expected_in_window_energy,0.3884943540638336
candidate_validation.rows[5].optimization.trials[0].timing.energy_accounting[1].numerical_energy_relative_error,1.2997704993303255e-06
candidate_validation.rows[5].optimization.trials[0].timing.energy_accounting[2].view,2
candidate_validation.rows[5].optimization.trials[0].timing.energy_accounting[2].input_energy,0.5144754450001454
candidate_validation.rows[5].optimization.trials[0].timing.energy_accounting[2].detected_energy,0.5144749921502314
candidate_validation.rows[5].optimization.trials[0].timing.energy_accounting[2].relative_energy_difference,8.802167691638785e-07
candidate_validation.rows[5].optimization.trials[0].timing.energy_accounting[2].projected_count_sum,16777166.93435586
candidate_validation.rows[5].optimization.trials[0].timing.energy_accounting[2].boundary_checked,True
candidate_validation.rows[5].optimization.trials[0].timing.energy_accounting[2].boundary_lost_energy,0.0
candidate_validation.rows[5].optimization.trials[0].timing.energy_accounting[2].expected_in_window_energy,0.5144754450001454
candidate_validation.rows[5].optimization.trials[0].timing.energy_accounting[2].numerical_energy_relative_error,8.802167691638785e-07
candidate_validation.rows[5].optimization.trials[0].timing.energy_accounting[3].view,3
candidate_validation.rows[5].optimization.trials[0].timing.energy_accounting[3].input_energy,0.358976300647113
candidate_validation.rows[5].optimization.trials[0].timing.energy_accounting[3].detected_energy,0.3589755387408795
candidate_validation.rows[5].optimization.trials[0].timing.energy_accounting[3].relative_energy_difference,2.1224415988450116e-06
candidate_validation.rows[5].optimization.trials[0].timing.energy_accounting[3].projected_count_sum,16777144.227899404
candidate_validation.rows[5].optimization.trials[0].timing.energy_accounting[3].boundary_checked,True
candidate_validation.rows[5].optimization.trials[0].timing.energy_accounting[3].boundary_lost_energy,0.0
candidate_validation.rows[5].optimization.trials[0].timing.energy_accounting[3].expected_in_window_energy,0.358976300647113
candidate_validation.rows[5].optimization.trials[0].timing.energy_accounting[3].numerical_energy_relative_error,2.1224415988450116e-06
candidate_validation.rows[5].optimization.trials[0].timing.root_failures,0
candidate_validation.rows[5].optimization.trials[0].timing.attachment_residual_max,2.534822089260859e-09
candidate_validation.rows[5].optimization.trials[0].timing.maximum_displacement,0.0017426825325924122
candidate_validation.rows[5].optimization.trials[0].timing.image_digest,5a4c9b8f4984f484ed13e8e1b0cee03708c0227f5ffc1dbde58c96796024132f
candidate_validation.rows[5].optimization.trials[0].timing.state_persisted,False
candidate_validation.rows[5].optimization.trials[0].finite,True
candidate_validation.rows[5].optimization.realized_gain,2.9762729466479426e-06
candidate_validation.rows[5].optimization.coefficient_limit_hits,0
candidate_validation.rows[5].optimization.seconds,343.5258833030239
candidate_validation.rows[5].baseline_identical,True
candidate_validation.rows[5].coefficient_initialized_at_zero,True
candidate_validation.rows[5].birth_source_mass_change,0.0
candidate_validation.rows[5].image_path,runs/v090_matched_birth/soft_solo_23_trial0.npy
candidate_validation.rows[6].cache_signature.scoring_signature.config,62ca4976cb787bbdbc3fd85b82677cf3aaa45a383158d798e34cfdd3b30c3861
candidate_validation.rows[6].cache_signature.scoring_signature.field,c262097d30d246d7437b6ae3736508e68189236e524ef0748013219b3f7859ca
candidate_validation.rows[6].cache_signature.scoring_signature.source,9381b4a92942668b428be5796e2b9d64f6bd8d03061b3bae9e79517ed34b780e
candidate_validation.rows[6].cache_signature.scoring_signature.current_positions,9381b4a92942668b428be5796e2b9d64f6bd8d03061b3bae9e79517ed34b780e
candidate_validation.rows[6].cache_signature.scoring_signature.coefficients,e3b0c44298fc1c149afbf4c8996fb92427ae41e4649b934ca495991b7852b855
candidate_validation.rows[6].cache_signature.scoring_signature.active_centers,e3b0c44298fc1c149afbf4c8996fb92427ae41e4649b934ca495991b7852b855
candidate_validation.rows[6].cache_signature.scoring_signature.active_radii,e3b0c44298fc1c149afbf4c8996fb92427ae41e4649b934ca495991b7852b855
candidate_validation.rows[6].cache_signature.scoring_signature.proposals,456105279e0648fa36620e437de315787868bbf95ff7250a8130161566d43b8f
candidate_validation.rows[6].cache_signature.scoring_signature.proposal_radii,4f3c9fd1d9f39c2198a52e44ed1ecb7086e38ec0b80db30f6da6369dc9da283e
candidate_validation.rows[6].cache_signature.scoring_signature.target,5701b51c2733f9b1e819667378c06f5aa6fbe697821dd4db02d5d97c0b6351bd
candidate_validation.rows[6].cache_signature.scoring_signature.image,c5f41546eef8be9ff8bac4f65482ba36aa2c361864b3fdfe77b9e045f7a4d7c8
candidate_validation.rows[6].cache_signature.scoring_signature.count,16777216
candidate_validation.rows[6].cache_signature.scoring_signature.shape[0],4
candidate_validation.rows[6].cache_signature.scoring_signature.shape[1],1080
candidate_validation.rows[6].cache_signature.scoring_signature.shape[2],1920
candidate_validation.rows[6].cache_signature.scoring_signature.shape[3],3
candidate_validation.rows[6].cache_signature.scoring_signature.dtype,float32 image columns / float64 reductions
candidate_validation.rows[6].cache_signature.scoring_signature.seed,90
candidate_validation.rows[6].cache_signature.scoring_signature.operator_version,v0817_CURRENT_fixed_measure_C3
candidate_validation.rows[6].cache_signature.candidate,26
candidate_validation.rows[6].cache_signature.protocol.damping,1e-07
candidate_validation.rows[6].cache_signature.protocol.coefficient_limit,0.03
candidate_validation.rows[6].cache_signature.protocol.optimization_steps,1
candidate_validation.rows[6].cache_signature.protocol.line_search[0],1.0
candidate_validation.rows[6].cache_signature.protocol.line_search[1],0.5
candidate_validation.rows[6].cache_signature.protocol.line_search[2],0.25
candidate_validation.rows[6].cache_signature.protocol.line_search[3],0.125
candidate_validation.rows[6].cache_signature.protocol.maximum_accepted_births,32
candidate_validation.rows[6].cache_signature.protocol.maximum_consecutive_no_gain,3
candidate_validation.rows[6].cache_signature.protocol.flattening_window,5
candidate_validation.rows[6].cache_signature.protocol.flattening_relative_gain,0.0002
candidate_validation.rows[6].cache_signature.protocol.minimum_births_before_flattening,8
candidate_validation.rows[6].cache_signature.protocol.candidate_bank,32
candidate_validation.rows[6].cache_signature.protocol.solo_per_stratum,2
candidate_validation.rows[6].cache_signature.protocol.candidate_rank_spearman_gate,0.2
candidate_validation.rows[6].cache_signature.protocol.relative_gain_floor,1e-07
candidate_validation.rows[6].cache_signature.protocol.geometry_relative_gain_floor,0.001
candidate_validation.rows[6].cache_signature.protocol.source_coverage_subset,65536
candidate_validation.rows[6].cache_signature.protocol.geometry_samples,16384
candidate_validation.rows[6].cache_signature.protocol.initial_preallocated_dof,0
candidate_validation.rows[6].cache_signature.protocol.support_rule,"Two levels: first half radius .45, second half .45/sqrt(2). Independent of residual."
candidate_validation.rows[6].cache_signature.protocol.optimizer,"Damped Gauss-Newton with exact accumulated CURRENT image Gram, coefficient box projection, deterministic four-trial backtracking"
candidate_validation.rows[6].cache_signature.protocol.scoring,"Full 16M source, four Full-HD views; exact image-space column norms, no stochastic norm sketch"
candidate_validation.rows[6].cache_signature.protocol.evaluation_subset,"Two top, two middle, two low non-null, two seeded random. Largest initial bounded comparison budget; overlap deduplicated and disclosed."
candidate_validation.rows[6].cache_signature.protocol.smoke_use,FD and runtime only; never headline predicted-vs-actual or birth verdicts.
candidate_validation.rows[6].candidate,26
candidate_validation.rows[6].source_proposal_id,7344071
candidate_validation.rows[6].center[0],0.15792126107375634
candidate_validation.rows[6].center[1],-0.6880193485513534
candidate_validation.rows[6].center[2],-0.4045947028836184
candidate_validation.rows[6].radius,0.31819805153394637
candidate_validation.rows[6].alignment,0.00028621783768778466
candidate_validation.rows[6].raw_alignment,0.00028621783768778466
candidate_validation.rows[6].norm2,0.2848196427094662
candidate_validation.rows[6].jacobian_norm,0.5336849657892436
candidate_validation.rows[6].predicted_gain,1.4381139774821578e-07
candidate_validation.rows[6].actual_gain,2.6376344851569006e-07
candidate_validation.rows[6].geometry_improvement,5.101738661870796e-06
candidate_validation.rows[6].geometry.symmetric_chamfer,0.006904297950041808
candidate_validation.rows[6].geometry.point_to_surface_mean,0.0020363366131123653
candidate_validation.rows[6].geometry.point_to_surface_p95,0.005559922164512496
candidate_validation.rows[6].geometry.surface_rms,0.0028429843660997753
candidate_validation.rows[6].geometry.normal_consistency,0.991165143386745
candidate_validation.rows[6].geometry.normal_error,0.008834856613255004
candidate_validation.rows[6].geometry.regional_ear_p2s_mean,0.003126507577371378
candidate_validation.rows[6].geometry.regional_head_p2s_mean,0.0018363019266041448
candidate_validation.rows[6].geometry.regional_leg_p2s_mean,0.0023677702207460407
candidate_validation.rows[6].geometry.regional_torso_p2s_mean,0.0015682867289862922
candidate_validation.rows[6].geometry.bounds[0][0],-0.997162570593492
candidate_validation.rows[6].geometry.bounds[0][1],-0.9857655507213664
candidate_validation.rows[6].geometry.bounds[0][2],-0.7570312212098319
candidate_validation.rows[6].geometry.bounds[1][0],0.9974998618071933
candidate_validation.rows[6].geometry.bounds[1][1],0.9632264335200473
candidate_validation.rows[6].geometry.bounds[1][2],0.7709279186320754
candidate_validation.rows[6].geometry.surface_area,9.220199462583894
candidate_validation.rows[6].geometry.components,1
candidate_validation.rows[6].geometry.maximum_outward_from_unit_sphere,0.3220391935736078
candidate_validation.rows[6].geometry.maximum_inward_from_unit_sphere,0.8261501198869529
candidate_validation.rows[6].geometry.radial_deviation_p95,0.6135005649973445
candidate_validation.rows[6].geometry.gt_extends_outside_unit_sphere,True
candidate_validation.rows[6].geometry.gt_max_radius,1.5736361939753005
candidate_validation.rows[6].geometry.source_coverage_distance_p95,0.011577649822174258
candidate_validation.rows[6].geometry.source_coverage_distance_max,0.01964209804348699
candidate_validation.rows[6].geometry.source_coverage_samples,65536
candidate_validation.rows[6].geometry.geometry_seconds,0.2516294219531119
candidate_validation.rows[6].geometry.geometry_path,runs/v090_matched_birth/geometry/soft_solo_26.ply
candidate_validation.rows[6].geometry.geometry_target,"MC approximation of prepared.gt_field, evaluation only; existing P2S/Chamfer definitions. Current normals updated at every evaluation."
candidate_validation.rows[6].coefficient,-0.0010049087010788596
candidate_validation.rows[6].affected_views,4
candidate_validation.rows[6].affected_pixels,95238
candidate_validation.rows[6].optimization.accepted,True
candidate_validation.rows[6].optimization.linear_solver_failures,0
candidate_validation.rows[6].optimization.line_search_failures,0
candidate_validation.rows[6].optimization.trials[0].alpha,1.0
candidate_validation.rows[6].optimization.trials[0].loss,0.004006373067143843
candidate_validation.rows[6].optimization.trials[0].coefficient[0],-0.0010049087010788596
candidate_validation.rows[6].optimization.trials[0].timing.signature.config_digest,62ca4976cb787bbdbc3fd85b82677cf3aaa45a383158d798e34cfdd3b30c3861
candidate_validation.rows[6].optimization.trials[0].timing.signature.field_digest,c262097d30d246d7437b6ae3736508e68189236e524ef0748013219b3f7859ca
candidate_validation.rows[6].optimization.trials[0].timing.signature.count,16777216
candidate_validation.rows[6].optimization.trials[0].timing.signature.seed,101
candidate_validation.rows[6].optimization.trials[0].timing.signature.operator_version,v0817_CURRENT_fixed_measure_C3
candidate_validation.rows[6].optimization.trials[0].timing.signature.shape[0],4
candidate_validation.rows[6].optimization.trials[0].timing.signature.shape[1],1080
candidate_validation.rows[6].optimization.trials[0].timing.signature.shape[2],1920
candidate_validation.rows[6].optimization.trials[0].timing.signature.shape[3],3
candidate_validation.rows[6].optimization.trials[0].timing.signature.dtype,float32
candidate_validation.rows[6].optimization.trials[0].timing.signature.source_digest,9381b4a92942668b428be5796e2b9d64f6bd8d03061b3bae9e79517ed34b780e
candidate_validation.rows[6].optimization.trials[0].timing.signature.centers,baaed51e4100dbd6882f783825b3d1eeb606f0e9d098023eb703b557e188508a
candidate_validation.rows[6].optimization.trials[0].timing.signature.radii,b3d24c0cc934ea8375654807c61c4293ba43a6e8186cadf5ca425f213eb21719
candidate_validation.rows[6].optimization.trials[0].timing.signature.coefficients,fc5873dc93a117e74fd51f94b5a533ed553a033148258eaa1a8878ce37019fb3
candidate_validation.rows[6].optimization.trials[0].timing.source_seconds,58.15257917204872
candidate_validation.rows[6].optimization.trials[0].timing.transport_seconds,180.1809081491083
candidate_validation.rows[6].optimization.trials[0].timing.detector_seconds,80.52002127398737
candidate_validation.rows[6].optimization.trials[0].timing.total_seconds,318.8954744830262
candidate_validation.rows[6].optimization.trials[0].timing.peak_cuda_allocated_mib,576.9169921875
candidate_validation.rows[6].optimization.trials[0].timing.peak_cuda_reserved_mib,664.0
candidate_validation.rows[6].optimization.trials[0].timing.cpu_rss_peak_mib,6931.4921875
candidate_validation.rows[6].optimization.trials[0].timing.energy_accounting[0].view,0
candidate_validation.rows[6].optimization.trials[0].timing.energy_accounting[0].input_energy,0.49256276025919377
candidate_validation.rows[6].optimization.trials[0].timing.energy_accounting[0].detected_energy,0.4925620500261796
candidate_validation.rows[6].optimization.trials[0].timing.energy_accounting[0].relative_energy_difference,1.4419137447675707e-06
candidate_validation.rows[6].optimization.trials[0].timing.energy_accounting[0].projected_count_sum,16777149.61259903
candidate_validation.rows[6].optimization.trials[0].timing.energy_accounting[0].boundary_checked,True
candidate_validation.rows[6].optimization.trials[0].timing.energy_accounting[0].boundary_lost_energy,0.0
candidate_validation.rows[6].optimization.trials[0].timing.energy_accounting[0].expected_in_window_energy,0.49256276025919377
candidate_validation.rows[6].optimization.trials[0].timing.energy_accounting[0].numerical_energy_relative_error,1.4419137447675707e-06
candidate_validation.rows[6].optimization.trials[0].timing.energy_accounting[1].view,1
candidate_validation.rows[6].optimization.trials[0].timing.energy_accounting[1].input_energy,0.3885620593843504
candidate_validation.rows[6].optimization.trials[0].timing.energy_accounting[1].detected_energy,0.38856155436072204
candidate_validation.rows[6].optimization.trials[0].timing.energy_accounting[1].relative_energy_difference,1.2997245000224624e-06
candidate_validation.rows[6].optimization.trials[0].timing.energy_accounting[1].projected_count_sum,16777148.48288221
candidate_validation.rows[6].optimization.trials[0].timing.energy_accounting[1].boundary_checked,True
candidate_validation.rows[6].optimization.trials[0].timing.energy_accounting[1].boundary_lost_energy,0.0
candidate_validation.rows[6].optimization.trials[0].timing.energy_accounting[1].expected_in_window_energy,0.3885620593843504
candidate_validation.rows[6].optimization.trials[0].timing.energy_accounting[1].numerical_energy_relative_error,1.2997245000224624e-06
candidate_validation.rows[6].optimization.trials[0].timing.energy_accounting[2].view,2
candidate_validation.rows[6].optimization.trials[0].timing.energy_accounting[2].input_energy,0.5144646720182996
candidate_validation.rows[6].optimization.trials[0].timing.energy_accounting[2].detected_energy,0.514464219115446
candidate_validation.rows[6].optimization.trials[0].timing.energy_accounting[2].relative_energy_difference,8.803381032501803e-07
candidate_validation.rows[6].optimization.trials[0].timing.energy_accounting[2].projected_count_sum,16777166.934871146
candidate_validation.rows[6].optimization.trials[0].timing.energy_accounting[2].boundary_checked,True
candidate_validation.rows[6].optimization.trials[0].timing.energy_accounting[2].boundary_lost_energy,0.0
candidate_validation.rows[6].optimization.trials[0].timing.energy_accounting[2].expected_in_window_energy,0.5144646720182996
candidate_validation.rows[6].optimization.trials[0].timing.energy_accounting[2].numerical_energy_relative_error,8.803381032501803e-07
candidate_validation.rows[6].optimization.trials[0].timing.energy_accounting[3].view,3
candidate_validation.rows[6].optimization.trials[0].timing.energy_accounting[3].input_energy,0.35888341823987147
candidate_validation.rows[6].optimization.trials[0].timing.energy_accounting[3].detected_energy,0.3588826561786259
candidate_validation.rows[6].optimization.trials[0].timing.energy_accounting[3].relative_energy_difference,2.1234228354410126e-06
candidate_validation.rows[6].optimization.trials[0].timing.energy_accounting[3].projected_count_sum,16777144.143502478
candidate_validation.rows[6].optimization.trials[0].timing.energy_accounting[3].boundary_checked,True
candidate_validation.rows[6].optimization.trials[0].timing.energy_accounting[3].boundary_lost_energy,0.0
candidate_validation.rows[6].optimization.trials[0].timing.energy_accounting[3].expected_in_window_energy,0.35888341823987147
candidate_validation.rows[6].optimization.trials[0].timing.energy_accounting[3].numerical_energy_relative_error,2.1234228354410126e-06
candidate_validation.rows[6].optimization.trials[0].timing.root_failures,0
candidate_validation.rows[6].optimization.trials[0].timing.attachment_residual_max,2.534822089260859e-09
candidate_validation.rows[6].optimization.trials[0].timing.maximum_displacement,0.0010245984642544652
candidate_validation.rows[6].optimization.trials[0].timing.image_digest,7a6e00b14a5e29a240e4bce9d33ced1740605279c6cc320c2aa4b57b1a8305bf
candidate_validation.rows[6].optimization.trials[0].timing.state_persisted,False
candidate_validation.rows[6].optimization.trials[0].finite,True
candidate_validation.rows[6].optimization.realized_gain,2.6376344851569006e-07
candidate_validation.rows[6].optimization.coefficient_limit_hits,0
candidate_validation.rows[6].optimization.seconds,321.15081173204817
candidate_validation.rows[6].baseline_identical,True
candidate_validation.rows[6].coefficient_initialized_at_zero,True
candidate_validation.rows[6].birth_source_mass_change,0.0
candidate_validation.rows[6].image_path,runs/v090_matched_birth/soft_solo_26_trial0.npy
candidate_validation.rows[7].cache_signature.scoring_signature.config,62ca4976cb787bbdbc3fd85b82677cf3aaa45a383158d798e34cfdd3b30c3861
candidate_validation.rows[7].cache_signature.scoring_signature.field,c262097d30d246d7437b6ae3736508e68189236e524ef0748013219b3f7859ca
candidate_validation.rows[7].cache_signature.scoring_signature.source,9381b4a92942668b428be5796e2b9d64f6bd8d03061b3bae9e79517ed34b780e
candidate_validation.rows[7].cache_signature.scoring_signature.current_positions,9381b4a92942668b428be5796e2b9d64f6bd8d03061b3bae9e79517ed34b780e
candidate_validation.rows[7].cache_signature.scoring_signature.coefficients,e3b0c44298fc1c149afbf4c8996fb92427ae41e4649b934ca495991b7852b855
candidate_validation.rows[7].cache_signature.scoring_signature.active_centers,e3b0c44298fc1c149afbf4c8996fb92427ae41e4649b934ca495991b7852b855
candidate_validation.rows[7].cache_signature.scoring_signature.active_radii,e3b0c44298fc1c149afbf4c8996fb92427ae41e4649b934ca495991b7852b855
candidate_validation.rows[7].cache_signature.scoring_signature.proposals,456105279e0648fa36620e437de315787868bbf95ff7250a8130161566d43b8f
candidate_validation.rows[7].cache_signature.scoring_signature.proposal_radii,4f3c9fd1d9f39c2198a52e44ed1ecb7086e38ec0b80db30f6da6369dc9da283e
candidate_validation.rows[7].cache_signature.scoring_signature.target,5701b51c2733f9b1e819667378c06f5aa6fbe697821dd4db02d5d97c0b6351bd
candidate_validation.rows[7].cache_signature.scoring_signature.image,c5f41546eef8be9ff8bac4f65482ba36aa2c361864b3fdfe77b9e045f7a4d7c8
candidate_validation.rows[7].cache_signature.scoring_signature.count,16777216
candidate_validation.rows[7].cache_signature.scoring_signature.shape[0],4
candidate_validation.rows[7].cache_signature.scoring_signature.shape[1],1080
candidate_validation.rows[7].cache_signature.scoring_signature.shape[2],1920
candidate_validation.rows[7].cache_signature.scoring_signature.shape[3],3
candidate_validation.rows[7].cache_signature.scoring_signature.dtype,float32 image columns / float64 reductions
candidate_validation.rows[7].cache_signature.scoring_signature.seed,90
candidate_validation.rows[7].cache_signature.scoring_signature.operator_version,v0817_CURRENT_fixed_measure_C3
candidate_validation.rows[7].cache_signature.candidate,31
candidate_validation.rows[7].cache_signature.protocol.damping,1e-07
candidate_validation.rows[7].cache_signature.protocol.coefficient_limit,0.03
candidate_validation.rows[7].cache_signature.protocol.optimization_steps,1
candidate_validation.rows[7].cache_signature.protocol.line_search[0],1.0
candidate_validation.rows[7].cache_signature.protocol.line_search[1],0.5
candidate_validation.rows[7].cache_signature.protocol.line_search[2],0.25
candidate_validation.rows[7].cache_signature.protocol.line_search[3],0.125
candidate_validation.rows[7].cache_signature.protocol.maximum_accepted_births,32
candidate_validation.rows[7].cache_signature.protocol.maximum_consecutive_no_gain,3
candidate_validation.rows[7].cache_signature.protocol.flattening_window,5
candidate_validation.rows[7].cache_signature.protocol.flattening_relative_gain,0.0002
candidate_validation.rows[7].cache_signature.protocol.minimum_births_before_flattening,8
candidate_validation.rows[7].cache_signature.protocol.candidate_bank,32
candidate_validation.rows[7].cache_signature.protocol.solo_per_stratum,2
candidate_validation.rows[7].cache_signature.protocol.candidate_rank_spearman_gate,0.2
candidate_validation.rows[7].cache_signature.protocol.relative_gain_floor,1e-07
candidate_validation.rows[7].cache_signature.protocol.geometry_relative_gain_floor,0.001
candidate_validation.rows[7].cache_signature.protocol.source_coverage_subset,65536
candidate_validation.rows[7].cache_signature.protocol.geometry_samples,16384
candidate_validation.rows[7].cache_signature.protocol.initial_preallocated_dof,0
candidate_validation.rows[7].cache_signature.protocol.support_rule,"Two levels: first half radius .45, second half .45/sqrt(2). Independent of residual."
candidate_validation.rows[7].cache_signature.protocol.optimizer,"Damped Gauss-Newton with exact accumulated CURRENT image Gram, coefficient box projection, deterministic four-trial backtracking"
candidate_validation.rows[7].cache_signature.protocol.scoring,"Full 16M source, four Full-HD views; exact image-space column norms, no stochastic norm sketch"
candidate_validation.rows[7].cache_signature.protocol.evaluation_subset,"Two top, two middle, two low non-null, two seeded random. Largest initial bounded comparison budget; overlap deduplicated and disclosed."
candidate_validation.rows[7].cache_signature.protocol.smoke_use,FD and runtime only; never headline predicted-vs-actual or birth verdicts.
candidate_validation.rows[7].candidate,31
candidate_validation.rows[7].source_proposal_id,8132291
candidate_validation.rows[7].center[0],0.8089984558839108
candidate_validation.rows[7].center[1],-0.38342773515195716
candidate_validation.rows[7].center[2],0.218217579063146
candidate_validation.rows[7].radius,0.31819805153394637
candidate_validation.rows[7].alignment,0.0005271293651323609
candidate_validation.rows[7].raw_alignment,0.0005271293651323609
candidate_validation.rows[7].norm2,2.020495645313903
candidate_validation.rows[7].jacobian_norm,1.4214413970733732
candidate_validation.rows[7].predicted_gain,6.87616809461969e-08
candidate_validation.rows[7].actual_gain,9.312305242637625e-08
candidate_validation.rows[7].geometry_improvement,5.287916845959917e-07
candidate_validation.rows[7].geometry.symmetric_chamfer,0.006908870897019082
candidate_validation.rows[7].geometry.point_to_surface_mean,0.0020308345044927887
candidate_validation.rows[7].geometry.point_to_surface_p95,0.005571603965845305
candidate_validation.rows[7].geometry.surface_rms,0.002835435990687873
candidate_validation.rows[7].geometry.normal_consistency,0.9911734864766057
candidate_validation.rows[7].geometry.normal_error,0.008826513523394253
candidate_validation.rows[7].geometry.regional_ear_p2s_mean,0.0031014439631730293
candidate_validation.rows[7].geometry.regional_head_p2s_mean,0.0018550164743490888
candidate_validation.rows[7].geometry.regional_leg_p2s_mean,0.00239178740769049
candidate_validation.rows[7].geometry.regional_torso_p2s_mean,0.0015470112084167455
candidate_validation.rows[7].geometry.bounds[0][0],-0.997162570593492
candidate_validation.rows[7].geometry.bounds[0][1],-0.9857655507213664
candidate_validation.rows[7].geometry.bounds[0][2],-0.7570312212098319
candidate_validation.rows[7].geometry.bounds[1][0],0.997500092128538
candidate_validation.rows[7].geometry.bounds[1][1],0.9632264335200473
candidate_validation.rows[7].geometry.bounds[1][2],0.7709279186320754
candidate_validation.rows[7].geometry.surface_area,9.220086087046234
candidate_validation.rows[7].geometry.components,1
candidate_validation.rows[7].geometry.maximum_outward_from_unit_sphere,0.3220391935736078
candidate_validation.rows[7].geometry.maximum_inward_from_unit_sphere,0.8261501198869529
candidate_validation.rows[7].geometry.radial_deviation_p95,0.6135005649973445
candidate_validation.rows[7].geometry.gt_extends_outside_unit_sphere,True
candidate_validation.rows[7].geometry.gt_max_radius,1.5736361939753005
candidate_validation.rows[7].geometry.source_coverage_distance_p95,0.011568295294736717
candidate_validation.rows[7].geometry.source_coverage_distance_max,0.020772942699835092
candidate_validation.rows[7].geometry.source_coverage_samples,65536
candidate_validation.rows[7].geometry.geometry_seconds,0.24734718585386872
candidate_validation.rows[7].geometry.geometry_path,runs/v090_matched_birth/geometry/soft_solo_31.ply
candidate_validation.rows[7].geometry.geometry_target,"MC approximation of prepared.gt_field, evaluation only; existing P2S/Chamfer definitions. Current normals updated at every evaluation."
candidate_validation.rows[7].coefficient,-0.00026089110375754164
candidate_validation.rows[7].affected_views,4
candidate_validation.rows[7].affected_pixels,119674
candidate_validation.rows[7].optimization.accepted,True
candidate_validation.rows[7].optimization.linear_solver_failures,0
candidate_validation.rows[7].optimization.line_search_failures,0
candidate_validation.rows[7].optimization.trials[0].alpha,1.0
candidate_validation.rows[7].optimization.trials[0].loss,0.0040065437075399325
candidate_validation.rows[7].optimization.trials[0].coefficient[0],-0.00026089110375754164
candidate_validation.rows[7].optimization.trials[0].timing.signature.config_digest,62ca4976cb787bbdbc3fd85b82677cf3aaa45a383158d798e34cfdd3b30c3861
candidate_validation.rows[7].optimization.trials[0].timing.signature.field_digest,c262097d30d246d7437b6ae3736508e68189236e524ef0748013219b3f7859ca
candidate_validation.rows[7].optimization.trials[0].timing.signature.count,16777216
candidate_validation.rows[7].optimization.trials[0].timing.signature.seed,101
candidate_validation.rows[7].optimization.trials[0].timing.signature.operator_version,v0817_CURRENT_fixed_measure_C3
candidate_validation.rows[7].optimization.trials[0].timing.signature.shape[0],4
candidate_validation.rows[7].optimization.trials[0].timing.signature.shape[1],1080
candidate_validation.rows[7].optimization.trials[0].timing.signature.shape[2],1920
candidate_validation.rows[7].optimization.trials[0].timing.signature.shape[3],3
candidate_validation.rows[7].optimization.trials[0].timing.signature.dtype,float32
candidate_validation.rows[7].optimization.trials[0].timing.signature.source_digest,9381b4a92942668b428be5796e2b9d64f6bd8d03061b3bae9e79517ed34b780e
candidate_validation.rows[7].optimization.trials[0].timing.signature.centers,efd57eff345f11dac9480ccd2852a0db41030b0840e47cb355395a29309202e5
candidate_validation.rows[7].optimization.trials[0].timing.signature.radii,b3d24c0cc934ea8375654807c61c4293ba43a6e8186cadf5ca425f213eb21719
candidate_validation.rows[7].optimization.trials[0].timing.signature.coefficients,43e0c227744f39e83e4a0818c06e14bbe10708ce842f6d58e0bec5c1b848889a
candidate_validation.rows[7].optimization.trials[0].timing.source_seconds,57.90132164186798
candidate_validation.rows[7].optimization.trials[0].timing.transport_seconds,191.2712956641335
candidate_validation.rows[7].optimization.trials[0].timing.detector_seconds,80.0735506711062
candidate_validation.rows[7].optimization.trials[0].timing.total_seconds,329.29108700784855
candidate_validation.rows[7].optimization.trials[0].timing.peak_cuda_allocated_mib,576.9169921875
candidate_validation.rows[7].optimization.trials[0].timing.peak_cuda_reserved_mib,664.0
candidate_validation.rows[7].optimization.trials[0].timing.cpu_rss_peak_mib,6931.54296875
candidate_validation.rows[7].optimization.trials[0].timing.energy_accounting[0].view,0
candidate_validation.rows[7].optimization.trials[0].timing.energy_accounting[0].input_energy,0.49254212139553216
candidate_validation.rows[7].optimization.trials[0].timing.energy_accounting[0].detected_energy,0.4925414111655242
candidate_validation.rows[7].optimization.trials[0].timing.energy_accounting[0].relative_energy_difference,1.4419680614516329e-06
candidate_validation.rows[7].optimization.trials[0].timing.energy_accounting[0].projected_count_sum,16777149.540269192
candidate_validation.rows[7].optimization.trials[0].timing.energy_accounting[0].boundary_checked,True
candidate_validation.rows[7].optimization.trials[0].timing.energy_accounting[0].boundary_lost_energy,0.0
candidate_validation.rows[7].optimization.trials[0].timing.energy_accounting[0].expected_in_window_energy,0.49254212139553216
candidate_validation.rows[7].optimization.trials[0].timing.energy_accounting[0].numerical_energy_relative_error,1.4419680614516329e-06
candidate_validation.rows[7].optimization.trials[0].timing.energy_accounting[1].view,1
candidate_validation.rows[7].optimization.trials[0].timing.energy_accounting[1].input_energy,0.3885621248646625
candidate_validation.rows[7].optimization.trials[0].timing.energy_accounting[1].detected_energy,0.3885616198878622
candidate_validation.rows[7].optimization.trials[0].timing.energy_accounting[1].relative_energy_difference,1.2996037647659659e-06
candidate_validation.rows[7].optimization.trials[0].timing.energy_accounting[1].projected_count_sum,16777148.451124512
candidate_validation.rows[7].optimization.trials[0].timing.energy_accounting[1].boundary_checked,True
candidate_validation.rows[7].optimization.trials[0].timing.energy_accounting[1].boundary_lost_energy,0.0
candidate_validation.rows[7].optimization.trials[0].timing.energy_accounting[1].expected_in_window_energy,0.3885621248646625
candidate_validation.rows[7].optimization.trials[0].timing.energy_accounting[1].numerical_energy_relative_error,1.2996037647659659e-06
candidate_validation.rows[7].optimization.trials[0].timing.energy_accounting[2].view,2
candidate_validation.rows[7].optimization.trials[0].timing.energy_accounting[2].input_energy,0.5144893422477611
candidate_validation.rows[7].optimization.trials[0].timing.energy_accounting[2].detected_energy,0.5144888896509107
candidate_validation.rows[7].optimization.trials[0].timing.energy_accounting[2].relative_energy_difference,8.797011196864049e-07
candidate_validation.rows[7].optimization.trials[0].timing.energy_accounting[2].projected_count_sum,16777166.92950824
candidate_validation.rows[7].optimization.trials[0].timing.energy_accounting[2].boundary_checked,True
candidate_validation.rows[7].optimization.trials[0].timing.energy_accounting[2].boundary_lost_energy,0.0
candidate_validation.rows[7].optimization.trials[0].timing.energy_accounting[2].expected_in_window_energy,0.5144893422477611
candidate_validation.rows[7].optimization.trials[0].timing.energy_accounting[2].numerical_energy_relative_error,8.797011196864049e-07
candidate_validation.rows[7].optimization.trials[0].timing.energy_accounting[3].view,3
candidate_validation.rows[7].optimization.trials[0].timing.energy_accounting[3].input_energy,0.3588795551240076
candidate_validation.rows[7].optimization.trials[0].timing.energy_accounting[3].detected_energy,0.3588787932109879
candidate_validation.rows[7].optimization.trials[0].timing.energy_accounting[3].relative_energy_difference,2.123032668752559e-06
candidate_validation.rows[7].optimization.trials[0].timing.energy_accounting[3].projected_count_sum,16777144.143655261
candidate_validation.rows[7].optimization.trials[0].timing.energy_accounting[3].boundary_checked,True
candidate_validation.rows[7].optimization.trials[0].timing.energy_accounting[3].boundary_lost_energy,0.0
candidate_validation.rows[7].optimization.trials[0].timing.energy_accounting[3].expected_in_window_energy,0.3588795551240076
candidate_validation.rows[7].optimization.trials[0].timing.energy_accounting[3].numerical_energy_relative_error,2.123032668752559e-06
candidate_validation.rows[7].optimization.trials[0].timing.root_failures,0
candidate_validation.rows[7].optimization.trials[0].timing.attachment_residual_max,2.534822089260859e-09
candidate_validation.rows[7].optimization.trials[0].timing.maximum_displacement,0.00026231241483989535
candidate_validation.rows[7].optimization.trials[0].timing.image_digest,5cd586123076232814dc93d4eac6ee70294ae8b05845ec1d71e425ae34ce0e01
candidate_validation.rows[7].optimization.trials[0].timing.state_persisted,False
candidate_validation.rows[7].optimization.trials[0].finite,True
candidate_validation.rows[7].optimization.realized_gain,9.312305242637625e-08
candidate_validation.rows[7].optimization.coefficient_limit_hits,0
candidate_validation.rows[7].optimization.seconds,331.4605373060331
candidate_validation.rows[7].baseline_identical,True
candidate_validation.rows[7].coefficient_initialized_at_zero,True
candidate_validation.rows[7].birth_source_mass_change,0.0
candidate_validation.rows[7].image_path,runs/v090_matched_birth/soft_solo_31_trial0.npy
candidate_validation.groups.top[0],1
candidate_validation.groups.top[1],0
candidate_validation.groups.middle[0],15
candidate_validation.groups.middle[1],3
candidate_validation.groups.low[0],26
candidate_validation.groups.low[1],31
candidate_validation.groups.random[0],23
candidate_validation.groups.random[1],6
candidate_validation.pearson,0.9976648839552379
candidate_validation.spearman,0.9523809523809524
candidate_validation.top_mean_gain,4.2473148624912194e-05
candidate_validation.random_mean_gain,4.794427968040586e-06
candidate_validation.top_k_enrichment,8.858856344914566
candidate_validation.top_candidates_outperform_random,True
candidate_validation.rank_directionally_positive,True
candidate_validation.responsive_fraction,1.0
candidate_validation.statement,"Primary Full-HD actual gains, same initial zero-coefficient state and fixed source for each candidate; reduced-source smoke gains excluded."
candidate_validation.pearson_pvalue,3.1776386224205006e-08
candidate_validation.spearman_pvalue,0.00026040002438725105
candidate_validation.best_predicted_actual_gain,4.088072167148134e-05
candidate_validation.validation_sample_count,8
candidate_validation.inference_caveat,"Small deterministic stratified sample, overlapping random/top strata; directional correlation is not population-level proof."
summary.accepted_births,8
summary.born_dofs,11
summary.relative_observation_improvement,0.07922894965930707
summary.relative_chamfer_improvement,0.006244269007700253
summary.initial_mse,0.008013273661184718
summary.final_mse,0.007378390405676462
summary.initial_chamfer,0.006909399688703678
summary.final_chamfer,0.006866255538365692
