metric,value
experiment,v091_basis_only_field
starting_state.head,bd434c1a4ff528155be35d1296d619b36ef6fb2a
starting_state.git_status," M .gitignore
 M README.md
 M demo.py
 M src/zlt/finite_packet.py
?? artifacts/v0817_collision_transfer.csv
?? artifacts/v0817_collision_transfer.json
?? artifacts/v0817_validation.json
?? artifacts/v090_birth_fd.json
?? artifacts/v090_globe_birth.csv
?? artifacts/v090_globe_birth.json
?? artifacts/v090_soft_birth.csv
?? artifacts/v090_soft_birth.json
?? figures/v0817_blocking_bins.png
?? figures/v0817_edge_profiles.png
?? figures/v0817_fullhd_comparison.png
?? figures/v0817_matched_edge_crops.png
?? figures/v0817_transfer_curves.png
?? figures/v090_birth_centers.png
?? figures/v090_final_fullhd_comparison.png
?? figures/v090_geometry_trajectory.png
?? figures/v090_globe_baseline.png
?? figures/v090_globe_birth_checkpoints.png
?? figures/v090_globe_evolution.png
?? figures/v090_globe_predicted_vs_actual.png
?? figures/v090_globe_residuals.png
?? figures/v090_gt_target.png
?? figures/v090_loss_trajectory.png
?? figures/v090_runtime_per_birth.png
?? figures/v090_selected_utility.png
?? figures/v090_soft_baseline.png
?? figures/v090_soft_birth_checkpoints.png
?? figures/v090_soft_predicted_vs_actual.png
?? figures/v090_soft_residuals.png
?? scripts/finish_v090.py
?? scripts/validate_v0817.py
?? scripts/validate_v090.py
?? src/zlt/basis_initialization.py
?? src/zlt/basis_only.py
?? src/zlt/basis_only_experiment.py
?? src/zlt/collision_diagnostics.py
?? src/zlt/collision_transfer.py
?? src/zlt/matched_birth.py
?? src/zlt/matched_jacobian.py
?? src/zlt/matched_operator.py
?? src/zlt/matched_preflight.py
?? src/zlt/matched_report.py
?? src/zlt/matched_setup.py
?? src/zlt/matched_support_check.py
?? tests/test_basis_only.py
?? tests/test_collision_transfer.py
?? tests/test_matched_operator.py
"
starting_state.historical_sha256.artifacts/v087_geodesic_source_charts.csv,e64a67946d31f84a3c7daefd5fa45c5b1d141be5f6b47dd6c8f5042f949dfdbf
starting_state.historical_sha256.artifacts/v084_mc_continuous_detector.json,91da2ba8c22c59e5162a5110ccd41781be309339bc05d836b11e3be34b021fc4
starting_state.historical_sha256.artifacts/v081_highres_sampling_diagnostic.json,9749220684a4706cdc642adb56efe8013c3fa44a16086cc358288e8dd899c1f6
starting_state.historical_sha256.artifacts/v07_appearance_ablation.csv,165d59f8dbdef7a1064661dd0d3d54a2927cbc15ebd9963ec9be94b69401af8b
starting_state.historical_sha256.artifacts/v086_continuous_source_field.csv,cbabcda6284d83109e229854ab68ac235c7da76294acd3e7300aa300918c9f95
starting_state.historical_sha256.artifacts/v07_corrected_birth.json,b3c2c7274975d9fd9b29b68b1bbfe373c0528bfbe166ab02d27f1f7e418af041
starting_state.historical_sha256.artifacts/v03f_observation_bandwidth.json,6696f9525ad99457438a6b151f379db35c7e88398b29789189d06d1eb45bfca4
starting_state.historical_sha256.artifacts/v0816_prior_evidence.md,ba37d7e398613ea48bbf6c4b7a64ca7b5b8b46990e542e1018fec62d62431e6e
starting_state.historical_sha256.artifacts/v06_meshfree_forward_rgb.json,84d909f27ee16e1837269e0db7b7527d633a1ffded7d6470c7564ee606946677
starting_state.historical_sha256.artifacts/v03f_dynamic_high_bandwidth.json,d44f6dc4f06b2c53c863271ac8db9d2dac47b5eb6b78d2399414a64a4cc5ed65
starting_state.historical_sha256.artifacts/v022_multiview.json,5ba6355d92cfe8652f393e872834b4773b9963c6a694685ecc652f4861af8bf2
starting_state.historical_sha256.artifacts/v03e_batch_birth.csv,c075fe09bc13cd0debf1993324ae38cfe0a2c890844b40c349820ca9cc7a3f1f
starting_state.historical_sha256.artifacts/v089_sparse_geodesic_million_emitter.json,4f3ce4c339b440bfcd000c9b98d66610a1cf6b342e03a73889fea67a68b0131e
starting_state.historical_sha256.artifacts/v04_image_formation.csv,c38b543aa4ecd8ccdeceab5054e88eafc6c0e061dc744112fafacf8c3a080954
starting_state.historical_sha256.artifacts/v05_camera_independent_transport.json,f60bc78ca9f16d943f24c91a8e2672eec44aa6fca81deeea61ce19f2d47ceb72
starting_state.historical_sha256.artifacts/v0815_validation.json,32c36641c44d7d723f7e9138238cdf0a9bf6de3cec0bda17eac09a09df7ef6f0
starting_state.historical_sha256.artifacts/v0811_preflight.json,5a6e7ddb656b8e479f8aa707bfb323fe88bcc217971d88f1dfbb2adcf817b508
starting_state.historical_sha256.artifacts/v0814_validation.json,932cf6b111958d33c3a4c19bf47d404c3fdfbd4f7cb3ce1f35e0f4eb69bc694c
starting_state.historical_sha256.artifacts/v087_geodesic_source_charts.json,bf92e264be924af07df9bb3f4f74a93d125562cfe84eeafc45e7ffd4bf9550d0
starting_state.historical_sha256.artifacts/v0814_fixed_measure.csv,07e3696a097e3d2a785cfa4d4327ec122661fce8b7d1add448842a791a018cd5
starting_state.historical_sha256.artifacts/v0812_polar_aliasing.csv,40af893eeb914565f66eca34c29d88332ae0a960df77d97b267cd636f1b75f8c
starting_state.historical_sha256.artifacts/v0816_global_sample_convergence.json,44836dfc5f81ac6b234494a9b719f6538706e6324d3d73eb099ac5cb1ed82a8b
starting_state.historical_sha256.artifacts/v0815_dense_reference.json,390a95ab42b17caf6eb290b55fe5929c38b0952a1135f9470c1ea8fc1e8f8679
starting_state.historical_sha256.artifacts/v07_corrected_birth.csv,e90a4be279a8192598f97637ec595fe7bb19d789507bd6b629da70aface96f80
starting_state.historical_sha256.artifacts/v0815_dense_reference.csv,709538ff43b26f72061994915a5b34cf602f2fa33ccc790c13a91ede6ceeac52
starting_state.historical_sha256.artifacts/v03g_natural_batch.json,9d79e5ef7eb2b06ea001211fbe4dea8fb34b04296b65dc10e4bd8a90fd440ebd
starting_state.historical_sha256.artifacts/v03b_k_scaling.json,f4a355c11e74e41de04279f01448137f7504f240690ee3bbf8aee4aeff026a52
starting_state.historical_sha256.artifacts/v03g_multiview_birth.csv,b15bc646375baed16dffb874ec45f13c12971c7ac44543db5b03d1e847446049
starting_state.historical_sha256.artifacts/v03a_candidates.csv,f94f8c1561d207caf2839069ae5c39b280b40608ecb4879a202fb0b0c1c53e0e
starting_state.historical_sha256.artifacts/v03f_observation_bandwidth.csv,162dd9371f88a2c419d1e88d6c671af59ca8085c76d70f38bcfb0cdf0fee40d6
starting_state.historical_sha256.artifacts/v04_image_formation.json,742b3cad91a9ab9f701c0c78f307566628e7ba2c9f50d4a1a119b13375887f63
starting_state.historical_sha256.artifacts/v086_continuous_source_field.json,2fd7b8d8bfdec35e099b921306fc7406333cd7e6bf02f776b2c556aa4c18862b
starting_state.historical_sha256.artifacts/v082_high_sample_resolution_control.csv,6a2e5a15ae8b66f02a212ba6f71d54665fe9e24a6d89c4307c1f17d92fcc7724
starting_state.historical_sha256.artifacts/v0811_transverse_packet_integration.csv,56119fbb52b9a8fcca6aee2921010885681bf63eb3989d3e94ccf849a92837e4
starting_state.historical_sha256.artifacts/v0811_transverse_packet_integration.json,32c74101829d764013d7ebb4c103d6f1bd2a3dbd0d74b04b65d5b702b9f7e593
starting_state.historical_sha256.artifacts/v03e_bunny_smoothing.json,6fb6a3f7c4fa47acca2c745a7c8d3de8cba61d066f8dde2f877c1dda06779b06
starting_state.historical_sha256.artifacts/v0814_git_diff.txt,29aed22cc9c21e0872e7add25a355b46055d82f58924c6055c7838105070a1c3
starting_state.historical_sha256.artifacts/v0812_polar_aliasing.json,c78de288024dc6b2f14be503db9e0d4e72de1b4d37547309cd781e915bd27d43
starting_state.historical_sha256.artifacts/v088_geodesic_emitter_scaling.csv,c7e3487c4a87889bc2c58dcbf3eb15f85076eb5dff718cf9081ff289d5885aa4
starting_state.historical_sha256.artifacts/v03e_batch_birth.json,83e24e06ee32c603821887f8a1da3b3d6f3e8d8c4eee7b9f4eec2ec61e410253
starting_state.historical_sha256.artifacts/v088_geodesic_emitter_scaling.json,2c35cb9f3bbdc2bea2295a3c2805a1bd267c5fa350236840b30d275fe24272a8
starting_state.historical_sha256.artifacts/v083_pixel_support_gradient_diagnostic.csv,d60f73aa46dfe6cdda5c489bc3c8afd31eccbd933dc6a50e524e0b439d1cf317
starting_state.historical_sha256.artifacts/v03g_multiview_birth.json,d9172e0c261f47eb72e31e33026bb6633bb29480a1363bfe5ec84e304fa8d38f
starting_state.historical_sha256.artifacts/v08_high_bandwidth.csv,64247ab97c8875791b921ba80ac44ccf962e655f5a41923278158c451dba5e7c
starting_state.historical_sha256.artifacts/v06_meshfree_forward_rgb.csv,b483723a927d63c6fcae0c4201183eca635c8e14a47587505d57096d0d0f0871
starting_state.historical_sha256.artifacts/v03d_bunny_phase1.json,4da8a251e43b1597084373a11f71f371e35cc59bc4c1f24f9d0b7e5b9335bda3
starting_state.historical_sha256.artifacts/v0817_validation.json,49d337974a5a9cb179208d3cd31d5d6d62d544a2a274cb7e62f8f82f94c2acc2
starting_state.historical_sha256.artifacts/v03b_k_scaling.csv,4f364ae9396fb2f963e7057fae86bf40144502a706c290526bacae94c108966a
starting_state.historical_sha256.artifacts/v03c_birth_report.json,4ed0ef045859fdbfdf030dd1c3490a789d22a44b89973170d53246e1ffb85fe0
starting_state.historical_sha256.artifacts/v0813_density_matrix.json,979cfcef52ca3fb69696dfb291fb48a11c9d4d431d0b141977af663b67fd3ded
starting_state.historical_sha256.artifacts/v0816_global_sample_convergence.csv,520d788c36cf91944c665cda6fe61b5e2e81e3d0da89082caade678a1b353c23
starting_state.historical_sha256.artifacts/v03f_dynamic_high_bandwidth.csv,00b4fafe0ad88642e8d309bce9a7f9b403a95d646e7977a4c09a48f445bf8260
starting_state.historical_sha256.artifacts/v07_appearance_ablation.json,f60d19d8f639e4316edb8649ca5e835093bd27553642f625d0fccbe2aea0a445
starting_state.historical_sha256.artifacts/v022_multiview.csv,71b94eb680bebf6ab3af0d4a0957c66664966842452108074d75280a50a8cbef
starting_state.historical_sha256.artifacts/v081_highres_sampling_diagnostic.csv,aae43baa2f4cc18bdd86f36054a4c03953d5b0479f67a6368cf65014f8a57e25
starting_state.historical_sha256.artifacts/v03c_birth_trajectories.csv,982d7d87811b6efb42c41e00b6c4066c6051d49b7c37eadec18a0759806ed8e1
starting_state.historical_sha256.artifacts/v082_high_sample_resolution_control.json,5d683d281c9ef63a1a1c7e5096e771b1abefe25db1c8e50c35ddd8aa2f29160c
starting_state.historical_sha256.artifacts/v0810_stratified_geodesic_polar.csv,8fbf6fe30bbc64eb9ff0ef37f04a832f1a305c79ba73fb33c10a6f54ae664f64
starting_state.historical_sha256.artifacts/v03g_natural_batch.csv,ecdf25ab60a38072be5d2c1a016f9003899529b92e75e7bb799329c8ccb9f64f
starting_state.historical_sha256.artifacts/v0812_measurement_bandwidth.csv,af0e4c7efff7c0689aec4d547c4cd58d13e200a5fe816aaa43ea0fec402f8fd0
starting_state.historical_sha256.artifacts/v03g_multiview_capture.csv,24916f06b8b7091536a5fac6870585fee12828106be0a8ba654cfcd835e12a4d
starting_state.historical_sha256.artifacts/v0813_density_matrix.csv,fec26b0e1f3e13ff1bfce669237ac1a299c96eaf97f249516ba7a6cf93d8555c
starting_state.historical_sha256.artifacts/v03g_multiview_capture.json,dd34d81619067b4bc11f259d541696fa0456abb3a634152f3f44a6692af30612
starting_state.historical_sha256.artifacts/v0816_validation.json,3dfc40a85d135f49b20596b7ed8f4bf18e4899589c98ff8aeb12208d35b26c40
starting_state.historical_sha256.artifacts/v084_mc_continuous_detector.csv,42cce9c2b2e134257dda2da8c55ad3f72d09f125840547a6cf50af2b274a0ca8
starting_state.historical_sha256.artifacts/v083_pixel_support_gradient_diagnostic.json,b9501c933428d0a1d214f22c41b450ce77d6fef614cc77f18e035e3ac528b010
starting_state.historical_sha256.artifacts/v0814_fixed_measure.json,7903017ae2abb9bbdd67066bf27c83c74a607651316c38fbb0f7f821fa565d88
starting_state.historical_sha256.artifacts/v085_finite_packet_zero_set_transport.csv,5334aeabedb19b11b93112bbfc10c18f369eb9dbed65f5bb84523604d6495440
starting_state.historical_sha256.artifacts/v085_finite_packet_zero_set_transport.json,4c10d6b0e775b55650d049fdc5bd36c3d173f028ac441ff1af4e73cbf802eac7
starting_state.historical_sha256.artifacts/v08_high_bandwidth.json,7485dcfac161013662f0ef8eb85c8dd6de3049118cb8777c1ad45a0b16b3e586
starting_state.historical_sha256.artifacts/v0812_measurement_bandwidth.json,77c5d9e0f85a0f94615367c559d448d2cd4de7b15f022caa90381155f00ed811
starting_state.historical_sha256.artifacts/v089_sparse_geodesic_million_emitter.csv,1825db6d1836429616f9d58e7da5674b7ad5ace404293143df49a7d236b0a225
starting_state.historical_sha256.artifacts/v0816_git_diff.txt,3950618217f4d07020e8bb18b7f6ccab5d4d7e2a3fec877ea030d0277e788880
starting_state.historical_sha256.artifacts/mse_reference.json,37ffc643b8ae086b26f8e44754203345274173c5f6d89e25d618415129ef6eec
starting_state.historical_sha256.artifacts/v0810_stratified_geodesic_polar.json,dc011323c81c2eb148d514dffea28705ce78512f79767e4c4c5b2d59186fab17
starting_state.historical_sha256.artifacts/v0817_collision_transfer.csv,a1df17fb113573a3d53b1538c4d597c2e9ded1074ad63d83036baca27d607323
starting_state.historical_sha256.artifacts/v05_camera_independent_transport.csv,5a860564c7dbc4912a879379c6de7234616b5fe9829281121502bbe98f0a3ca7
starting_state.historical_sha256.artifacts/v03d_bunny_phase1.csv,f688904953b85784d4ce136a34fb3e1fec6ddf88efe54f2b8f883ac55050b7cf
starting_state.historical_sha256.artifacts/v0817_collision_transfer.json,933ce3ecf1dad51f6d5150187cfb298d0bee0410a6503700f4e1c24a4ae2aa4c
starting_state.historical_sha256.artifacts/v03e_bunny_smoothing.csv,fa16e6b3e9bb3557af29d281dcbdcbe405ac75c019a20866d25609be7d19443d
starting_state.historical_sha256.figures/v0812_cosine_bin_contributions.png,a00bf91b17dc1862be00132e6de5773705f3433bc8188ea34a3c87de6448ceb4
starting_state.historical_sha256.figures/v03f_detector_occupancy.png,8894bd8467c78509d8d7b2fbd4a90b9407b15a8ec40ea2310139192f364d7332
starting_state.historical_sha256.figures/v086_source_operator_concept.png,fe811a7f8254512c81a0315575749aa0868e0d163362411bfc5e6c677f5aeff0
starting_state.historical_sha256.figures/v0812_gate_detector_heatmap.png,c133bfda0cd8d5e2b417ce16be4554cf82a9d64b6b204d65b87b6c5a7e04c2a5
starting_state.historical_sha256.figures/v086_geometry_response_vs_width.png,6d554698b2bc5f32912a659d575450f6f058607ef556de09bc1c5547fb3cd4dc
starting_state.historical_sha256.figures/v04_image_formation_metrics.png,a05b26107478793792aba3368d685daecdc62a0ad0cbbca2edd630651021ad8b
starting_state.historical_sha256.figures/v03g_chamfer_vs_dofs.png,5085f30345f64dbb48066e90ffe777a2e60105d2921da167742a3cecf6a4583e
starting_state.historical_sha256.figures/v082_transport_count_maps.png,708cbdbca9dd59c14761d87e7a842def373b7b6941faeca0ae32899b9b3d4fe3
starting_state.historical_sha256.figures/v085_levelset_scale_invariance.png,cd06ecf738171b282ab09149f3f7d6b2390653c4a1c4ac63b72d5abc619975fd
starting_state.historical_sha256.figures/v03b_scoring_runtime_vs_k.png,c41e0b635bd4558d6c7ad10fb1a29b0db1811bf72c520cc94094f7ee4d3d88d1
starting_state.historical_sha256.figures/v083_gradient_fd_comparison.png,56a49a574246a0d4496bf0f25c15192d89c1424a78b22bed9a32f6c65aa0ab71
starting_state.historical_sha256.figures/v03f_stable_rank.png,dc5f8580d9aa8d70d899057f11d108f4c0881ec6de3b07a9cc9d9d9be4de549d
starting_state.historical_sha256.figures/v03e_batch_p2s_p95_vs_dofs.png,f20c67bea29c31cda795563870fe06d4bbbf96fc36018bd1f93795793846bc51
starting_state.historical_sha256.figures/v083_mc_error_vs_weight_change.png,5cc5b789d1358a89528ebc516215a79494853c8f568ed7afb16a2fd0aec0d14c
starting_state.historical_sha256.figures/v03c_image_vs_dofs.png,2ed2a732becfb0a0c62fe74db2b454e8562f2347cefe705a1f06435f7cf2edca
starting_state.historical_sha256.figures/v085_two_surface_path.png,b94d7e45551a86b8fcbd204ae3d4fc9c9ef60215b4404707aafbddc58fc6f942
starting_state.historical_sha256.figures/v084_direct_photon_fd_stability.png,b7ae19dc7c28f83e9cf0714d2e77935973e7d0235628ceafe59e0fdeae7b0f92
starting_state.historical_sha256.figures/v083_silhouette_band_error.png,578a417591c027fb79fc9c9af1b4b81c6d70856f968d7d07b2f5f4be8bf04988
starting_state.historical_sha256.figures/v03e_headroom_vs_sigma.png,5728aa29c9b61f30e5654beeda92881f5450da1b56e717d0ed72829bc842e1b4
starting_state.historical_sha256.figures/v0810_jitter_ablation.png,58c8c59169c15eacfd56d44eed3274187a394af07cd6bc487a8380078a48897b
starting_state.historical_sha256.figures/v084_sample_convergence.png,3e74ec8dbfca5eff5688dee6cf3e99c758ba347cf40a81f860d37250883a0cf1
starting_state.historical_sha256.figures/v083_mc_error_vs_count.png,cc836dfd905bcbef1492ea4de3f66b50e05825706b7a2392d2b50af4ef91100a
starting_state.historical_sha256.figures/v0816_global_sample_spacing.png,99b28e8b7807b53e5198c969c2b924513618f1041e800c3e3450d183c357f543
starting_state.historical_sha256.figures/v081_candidate_score_vs_geometry_error.png,54bd8730c1f3a32098986830505843d527964975e0f55b622ce723179484dff5
starting_state.historical_sha256.figures/v03d_bunny_phase1_geometry_vs_time.png,577daf847626b3567c59a28a5e84057f38bbc6e885a0197e98515825de4aec4d
starting_state.historical_sha256.figures/v0812_polar_aliasing_angular_spectrum.png,9a839d02242830f6d8d63915c674fdf050205f3d47259f1bd68f3fd9f6c3f44c
starting_state.historical_sha256.figures/v0811_micro_radius_heatmap.png,dfbf046fc179a7ac47ee0b32ea471dab487f0df9dc5c924fd5e48e45d41fc780
starting_state.historical_sha256.figures/v086_source_mass_vs_epsilon.png,9003647f3aa9a5a61f31f14976f2b56206cb304146bea991091546a0a7178fe3
starting_state.historical_sha256.figures/v083_spatial_maps_1920x1080.png,64833a020060ea1e50f8a53427048e61cef2f3f67d990942bece4b013b64b7af
starting_state.historical_sha256.figures/v086_source_sample_convergence.png,af5c1eeeebf88f55d7dec5ff670a83c84fdaaac77f9779f1e73cddf9da3e26e1
starting_state.historical_sha256.figures/v03c_geometry_vs_dofs.png,e4049ac2259ec9203df4432c4eef4b000d12cfa322ac76edfc263146385845f9
starting_state.historical_sha256.figures/v087_tangent_frame_continuity.png,a3849b6b79bc19f6e643c836ce90adf740064bf4397fd818f441f812870a9dde
starting_state.historical_sha256.figures/v03g_chamfer_vs_time.png,6e00a5465a58748c2845c53a2c57982708fc67bbb30104356094d21348fee250
starting_state.historical_sha256.figures/v03f_dynamic_geometry_vs_dofs.png,ce87638642561952a657a79d7c7d9df0fe0aa228f63d4b0817e972f6694a5457
starting_state.historical_sha256.figures/v07_corrected_birth_scaling.png,c9081339d1bb4d4c8c55d478e7c0fcd9b272601bd1177dad5048a0860f52d530
starting_state.historical_sha256.figures/v06_attenuation_ablation.png,e31f7a4e9684f96285a453e87c0557d02975e591a81509d9cba9ef599abd8c68
starting_state.historical_sha256.figures/v087_geodesic_chart_concept.png,8fb4f091ffb74c0974363add7db4cb78c70f7c7f768bac37c0ca5dd8b7563adc
starting_state.historical_sha256.figures/v085_plane_transition.png,266c2666173594683552d8afbedaa065c17dc87240f9bf8f7c5d24f83aaf7f0f
starting_state.historical_sha256.figures/v089_runtime_vs_emitters.png,ead0e2bfe86ee296047743cfca5f5689221538fabc2bf6ae9773a66f4f38fd5e
starting_state.historical_sha256.figures/v0812_polar_aliasing_surface_points.png,1511dc60359fde80b93499b76f2964e4f3418ae8651a336a15762b7d3df9da4c
starting_state.historical_sha256.figures/v089_vram_vs_emitters.png,6025b0658ee62ce8ed90217ef6d61f8eb8d5a81d8d2ab7b9885cf41234cbba3e
starting_state.historical_sha256.figures/v03b_vram_vs_k.png,57ab6367053a6a8bd53b4a304117a9214755ab237559a6aca3a1bfa818ef9f32
starting_state.historical_sha256.figures/v088_fullhd_comparison.png,765d50197cc3acf73c3e99764e6f52352d8791da72a2f0b238fa0166918d6040
starting_state.historical_sha256.figures/v0817_fullhd_comparison.png,b7c0c5ee41b80d1cc3bfbf1c599c57c48bcd75cbf308c998a49ac8da7e7fb677
starting_state.historical_sha256.figures/v086_source_birth_transition.png,0ef0a274e200cac519359b769e7272c566cbe35e954c5e7df70628ee4244220b
starting_state.historical_sha256.figures/v03b_local_connectivity_vs_k.png,4baab73fa807de2368189002c7e17e31c0b3a66827cce8e63edd772a98586979
starting_state.historical_sha256.figures/v088_full_fd.png,b5871a78a58b8711c15261df4dc22f8e7f406be2df2e7cb0f164810bc01f2523
starting_state.historical_sha256.figures/v0813_density_fullhd_view3.png,22eecb3cebe3c34f523cb771747a2427b21662f40d4677b1f341f4b0e7b3ec06
starting_state.historical_sha256.figures/v0810_angular_sector_coverage.png,62f276179d01dae5d50c51dccb9ae83af71d4a51b0fe13e5ab6ad273c57c807d
starting_state.historical_sha256.figures/v0812_thin_response_heatmap.png,298ac3f7838307557f5add01d2db8d8c72dd523e3ac0d6155683ec0191d72722
starting_state.historical_sha256.figures/v03d_bunny_phase1_image_vs_dofs.png,b3874ded92d7329045350f4a7d46e87ca80461d283be7819d656190543e8980a
starting_state.historical_sha256.figures/v081_covered_uncovered_residual.png,0c8192aadd49b03bb3f56c33dfd082efdc2159af6c1eae69aa3226dc338a2ed0
starting_state.historical_sha256.figures/v084_direct_vs_continuous_detector.png,cd9d14096c17baa0d261fb59e726450d0da9433a266bdcf838575ff48bcb2ee4
starting_state.historical_sha256.figures/v03f_normalized_image_vs_k.png,0705f789c840bf04e083737de9b9687d35dc672c0355dc5dd4b31ed75265024d
starting_state.historical_sha256.figures/v03a_score_vs_gain.png,fad552047cbdf9f3ca27d7e1160a3bfea6c9ea25a812ddba84ebdce42467b323
starting_state.historical_sha256.figures/v0813_density_zoom_ring.png,b120dc6c45f484d3b36f28a62eb825e8a05d67fd01e4256ec7a11b98fb896958
starting_state.historical_sha256.figures/v089_memory_breakdown_before.png,0ab5a3e880934f3c4b49383fea11a095740cc45285c6bdd2eba3d76071c4b54f
starting_state.historical_sha256.figures/v0811_thin_surface_offset_toy.png,0b647aa66848282a657f429f7a90b2b41a24f687910414e823c898cd2633998f
starting_state.historical_sha256.figures/v087_jacobian_sparsity.png,96bcc31af928406df14ce7cd6f673b05398ee23b6357e7d8d96ec8681ca1209f
starting_state.historical_sha256.figures/v084_runtime_scaling.png,0585f3163a0a4d804da84bb16f6ee210e61be02b6d1585178293cd56d28d8fe0
starting_state.historical_sha256.figures/v03e_batch_chamfer_vs_dofs.png,10e9dd70ebb84490bad56be39a8a887976df5b96743262f46e120bfe39507fde
starting_state.historical_sha256.figures/v0812_transmission_off_control.png,10a970dc1d93af50ad125e1df1c7d0e115f8242687083e7019c7abeb723d00c5
starting_state.historical_sha256.figures/v03c_predicted_vs_realized.png,8ae526a7cc79034850c0fd1cc862c312399ce5f976bde76c32841335fe65a485
starting_state.historical_sha256.figures/v03g_batch_vs_capture.png,0895f86520406fecac9f3a178f4500d95ebbf2c40ea49a021f273eddee228231
starting_state.historical_sha256.figures/v085_topology_fraction_before_after.png,c1f262b098d63b08636e955a0b09bf00a49295346da74f0a6179b4cf4d249634
starting_state.historical_sha256.figures/v085_geometry_perturbation_response.png,30dac87309d703658c0f5cde92d76213263e66ccc8a1eeebadd10d2e7aefb8c7
starting_state.historical_sha256.figures/v089_camera_block_tradeoff.png,e1f8038f0f239c0a355658e3d5ec12954147e2f5b359a6c0e8d3d04b12484bed
starting_state.historical_sha256.figures/v0813_density_occupancy.png,4bc435cb107eb5587e5544ce73c5398737b864ebb83b0d2a108606de97f2a3e6
starting_state.historical_sha256.figures/v084_rgb_renders.png,74e7ba53e1a948c4656c917dfb4b4400cb3eca336428a3fc3382b09f331d4e49
starting_state.historical_sha256.figures/v0811_micro_offsets.png,b1db5f9c620e57a734d283b3f9e51d5d546e6941215585fe6c529280c1b1b326
starting_state.historical_sha256.figures/v0813_density_zoom_thin_world_top_z.png,d707278d3a1ce7df2f0285800baa5daee694b3673817a9cc2a136e6b87755c74
starting_state.historical_sha256.figures/v086_full_fd_comparison.png,c51b346d49893dd19482defd510faf771b25c3c6bf5158120404692e6c612044
starting_state.historical_sha256.figures/v0811_offcenter_tau_contribution.png,950fe2c050b235332758359201ee0c9a270a75f030e4a844d5959e3ac54f54cd
starting_state.historical_sha256.figures/v0810_cross_seed_cosine.png,80203d9a51ad1afc0e4eaafd89753125395507ca55f0f568e9ab1410477bf545
starting_state.historical_sha256.figures/v084_legacy_vs_mc_render.png,2b76337892edfa05775d78daa05f1f90af72489b3e02884e54c849518ca4d53f
starting_state.historical_sha256.figures/v083_resolution_mc_components.png,8ffe717f48ad6600577099e61f158068510cc5059b50a9ff2ffe156ea0d51313
starting_state.historical_sha256.figures/v0812_emission_gate_curves.png,891be432a0475e59b31c04631ffb2f46be0f7ba874f099b96cfd5ce8a0781de9
starting_state.historical_sha256.figures/v0811_vram_vs_micro_count.png,c54862d98d9cf1c75b18e5397542e1ec9cea3acf386d8ce29d00074a083767ab
starting_state.historical_sha256.figures/v03b_affected_fraction_vs_k.png,bdc2e2b2d1274e7efdf8b8f4f77e744e88d4710b0873541ebcdd82fccd7fb934
starting_state.historical_sha256.figures/v082_rgb_montage.png,b52ec4d48a1e810472603ac875e0a91abf7aa6d36763ad42642e65a74653026c
starting_state.historical_sha256.figures/v0813_density_zoom_spoke.png,72c44f93be6a80bf9cafd073369afc472c8990e56b598616559b1e41b036d9a9
starting_state.historical_sha256.figures/v081_candidate_score_vs_coverage.png,4aa80a498b78ad2a3788468044f43ac5ef5db293c3b987f8c97a011e9ac380d4
starting_state.historical_sha256.figures/v022_multiview_speedup.png,01753b6e6adf492960e0f1d5dd38e66dbeb356cd461dbded2c668f0dae168d45
starting_state.historical_sha256.figures/v087_sample_count_convergence.png,6e6feb61e9b6bd93991108a9fd725be8b4ca06369d4437af08bc3652b59c6451
starting_state.historical_sha256.figures/v085_frozen_vs_full_fd.png,5475f8d29fdb093ea33b51c539fc75338891548fbc7f76ea5000003d9fd719eb
starting_state.historical_sha256.figures/v088_sparsity_scaling.png,f98446bfa31c4979778604c0f662b98578ca15fce37a4f8ab773e87c48a11294
starting_state.historical_sha256.figures/v086_topology_fraction_before_after.png,75cae365e85b6c965de780da1801c2d2537b69cc45a4e99ddf3f513ebc908c59
starting_state.historical_sha256.figures/v089_sparse_geo_gradient_validation.png,e583231efbb0fc01169f33e53962c5c9761f68050df83eb2897cd7870506749a
starting_state.historical_sha256.figures/v089_memory_breakdown_after.png,224f97b83681218886974791779a243180832038a770ae17dc77906c9d9ce26a
starting_state.historical_sha256.figures/v082_fixed_vs_matched_density_rgb.png,25fc95db2ca49d7c9440c6ddca257fd8b68f5b63600df18b0754b881095beadf
starting_state.historical_sha256.figures/v083_spatial_maps_512x512.png,d9f0b61f712e3dbea7544c6c506b00eba518021b4ff9feffb77f42f75ee15d9a
starting_state.historical_sha256.figures/v0816_global_sample_residuals.png,cfaa9e76478a72cc3297e9bd43296ee2b4013897e5ca329dbfbf2adbd0111269
starting_state.historical_sha256.figures/v06_meshfree_surface_coverage.png,2101092675289f5f1407db2a4808e0d43fd57021a088fba575a1122c713752b7
starting_state.historical_sha256.figures/v0812_projected_area_control.png,84dd52c5ad1b93b17328ec4043404e3cb5d54b9acf7739a83e64532320b6c0d4
starting_state.historical_sha256.figures/v0816_global_sample_adjacent_rgb.png,1f4c66441281f868b97029e3d1fd4e8f2145af6d9632df5a94dfc0c1c6393ce2
starting_state.historical_sha256.figures/v088_quadrature_weight_comparison.png,452e32b896731f327f5eea2e3ef6e9233ce1969172e2e06c704812e824b9b20b
starting_state.historical_sha256.figures/v083_mc_error_vs_delta_count.png,d36e20101b22bb124672b53f88026d6d144063a1b15b4ee5af4ee8f22db8dbfa
starting_state.historical_sha256.figures/v088_total_sample_scaling.png,a97df43bd9d0d082315f829c99ff35966cbb26ec33fdb9c9a8c42c3add829f3d
starting_state.historical_sha256.figures/v03e_smoothing_geometry_vs_time.png,dce0fa07524bfc3bb3d341584b61ae4b8d72c5e02400e508fbb1ef7a1f52bf70
starting_state.historical_sha256.figures/v081_resolution_vs_mc_self_loss.png,f78005d4b42be4faad8d6ae307ae62b2cdf5f87a93d1b0f907dc0a67068d5f5c
starting_state.historical_sha256.figures/v088_k_vs_m_concept.png,9ed4325bb6b52532492598824f39259b8a15ab317315d2fd989b28d929e0b91c
starting_state.historical_sha256.figures/v0810_angular_radial_ablation.png,046c42b51e73e4ae2c701798d11aedc435e0e7ae9899040e0a8141557759e738
starting_state.historical_sha256.figures/v0811_path_step_convergence.png,d367df2518bfa23ece282054cc43af49ff976d77d268b265d8d5559e6ea49671
starting_state.historical_sha256.figures/v0812_silhouette_band_response.png,bab9ae699baf97eed2e4353f7e2cef365969402020cc21a0b37b6f96dca555c0
starting_state.historical_sha256.figures/v0812_fullhd_measurement_comparison.png,d23a387b5323924044d57b992e6ac30713928e72b1a8aed85f0aa56d6e071bcb
starting_state.historical_sha256.figures/v084_support_xor_sse.png,378818062f0d806ad1f0b453638165d93c3c31a34f92a831a702cfcacfc4e1eb
starting_state.historical_sha256.figures/v085_runtime_scaling.png,feac30fd51d2fc9ad024e643a23a5bb2690b55e7866972eeaeb639628fd06e9e
starting_state.historical_sha256.figures/v0812_polar_aliasing_zoom.png,72b72f3733f2a625d704762a1724540ece3f663999d0f594000d4fe23e49c17e
starting_state.historical_sha256.figures/v03f_chamfer_sigma_2.5.png,a67ff35f42221598ca6be44883e52d5d656a98881722fd7e68293728341e72e2
starting_state.historical_sha256.figures/v05_bandwidth_sensitivity.png,ea7dae391a45c830ccac82e1f6550d645064accd7c4ae840d78208e40dd6739b
starting_state.historical_sha256.figures/v08_high_bandwidth_birth_geography.png,890cd8fc52a2aa580d3ef1c0920b72a023a29c4d59bd243c0f6a2cd3ea22cbe2
starting_state.historical_sha256.figures/v084_silhouette_interior_error.png,2faa5f1e9c4de4348a711c8d905e11363bb2be2eb42c308356edc3b8edf5339e
starting_state.historical_sha256.figures/v03g_shared_detector_runtime.png,18931fd6bb8e41feb21d2ad223272fd5952a7ebe7395223ed2d1ca707ddc81d1
starting_state.historical_sha256.figures/v088_thin_feature_vs_k.png,cf688cc2de050ff84c960fe7de7121cea989929cf36c419dd373a8434aa6ac61
starting_state.historical_sha256.figures/v081_matched_density_resolution.png,98e75709398e5f2283938526405ca6827e676080ceb41125fa0841f43c08b318
starting_state.historical_sha256.figures/v089_gradient_path_decomposition.png,95579392392a12be3e320b0c874c35e4a0a624a515b58ff94a842b8d80dfe7b3
starting_state.historical_sha256.figures/v03d_bunny_phase1_birth_geography.png,01d557284beca6913552ff584e167181433e638b051a52daf45bdab638f57761
starting_state.historical_sha256.figures/v083_foreground_count_histograms.png,1fc80ea6caa878a497a6705d83b6ee4ed4a581c064b758766d23cbd66fac8e19
starting_state.historical_sha256.figures/v089_sparse_detector_scaling.png,38ce4a569d8e27d4a71da4c728b9f58f88239f6fdfba84cd68247db10cfb16df
starting_state.historical_sha256.figures/v03f_cold_vs_warm.png,6044c086f8c1689d06018f72d54f146ddd63a528a10b98320b7cc73e8bd454c4
starting_state.historical_sha256.figures/v0811_runtime_vs_micro_count.png,675a83be15c682ebf855d072faf444fd292c79f6866070465f23394399aa272c
starting_state.historical_sha256.figures/v087_multiview_reuse.png,50f23c0e8231adf3911e202eccb6e9ddd3631eafb6a6382205c5342c5d74218e
starting_state.historical_sha256.figures/v085_sphere_cap_overlap.png,d606d89ca302bd1cda72a7a1eb3a941a0eb8e816cc12782b130bb008928348db
starting_state.historical_sha256.figures/v087_raw_vs_area_vs_pou.png,be8a8516bf44ac7b1b4f7db1ecc91fbfc3ec2128848947180ddeb8f8e0976c4e
starting_state.historical_sha256.figures/v083_spatial_maps_256x256.png,3c0e313e681376f3c305668ea3655ff2649885e9f90f2f921fcf6466a3aef553
starting_state.historical_sha256.figures/v0810_radial_strata.png,d4409696ff87fe3c6412518eda92b2176a90ecb4fa095c29767eb40c0571ea61
starting_state.historical_sha256.figures/v083_support_switch_sse_fraction.png,c10b363114b4ed9a3356ef5ede2f87d38eac48a857f60afb571088c91e1131b6
starting_state.historical_sha256.figures/v081_predicted_realized_same_heldout.png,5d2c450c180edf767f39d57eea88d075c87ceadc9f9ae064d97d100ec81e084b
starting_state.historical_sha256.figures/v0812_detector_psf.png,9a67209b09f726935a7234e2342c3713684372650bd1753ce94c69f724bc1b89
starting_state.historical_sha256.figures/v03g_birth_geography.png,520702e6599f518ff9565cfcffd34c451282f0ca702361a1740d855aa0dc0423
starting_state.historical_sha256.figures/v089_hierarchical_mass_conservation.png,2f394265474fe550f944b4e9dcd88cd1012fca0dfda7ffe5c2458847ca459e9a
starting_state.historical_sha256.figures/v0811_epsilon_control.png,440a87bc7d2b9e7f4ce49ca3050b1ba6ee06d19ebbe66cf1f458183be6b2ebe2
starting_state.historical_sha256.figures/v05_quality_vs_samples.png,8b2fd99e407b8c446f01a02aef72dd66b98712ebbbcfc98f2f7fe261986350c2
starting_state.historical_sha256.figures/v088_cross_seed_cosine.png,767ed8b4f8f778813cfb88bc77f1e6204cc891b8e1eb7c23bbbac42934001325
starting_state.historical_sha256.figures/v0816_global_sample_matched_crop.png,ae40825ff653659954e5ebefc00c5cc6e3c3f75ab1167f649841d174d5dc5221
starting_state.historical_sha256.figures/v0814_density_current.png,7cccb76a74bc48e33f03b4e7d705a210e8165f4825615093158be76cb4db68e6
starting_state.historical_sha256.figures/v03d_bunny_phase1_gt_vs_base.png,39e2f57cff2b505d8533626dbdfd4cc51bfdab41409a8c1901ee4f03b0a560a2
starting_state.historical_sha256.figures/v089_thin_response_vs_emitters.png,36d34dcf5067e62179e1eabbe8612d3ce1b90a1c64ca7639010956660d2e7270
starting_state.historical_sha256.figures/v084_geometry_perturbation_response.png,ad5b91293962f806c8d7245c4f32c6d68960559b6d21285f7e00cf2f110198c3
starting_state.historical_sha256.figures/v0816_global_sample_mse.png,7830d82bd457bdfa552238261cdfae7b5fe0633c04f59623918ee8b645e1bac8
starting_state.historical_sha256.figures/v082_runtime_scaling.png,1fa7664a554e5999fedb87be506f23af6724f87c9853e9dd18a7ca5e97ec4e0c
starting_state.historical_sha256.figures/v0814_surface_emitters.png,8779c0d6926bb395c96594389ca16400c76b5a343008c9838389dc5dc12348ab
starting_state.historical_sha256.figures/v084_threshold_ablation.png,d1108bb480ababa0932de56accf16d99645a45985c38836fc5689a3cd01875c6
starting_state.historical_sha256.figures/v0812_polar_aliasing_local_points.png,82d3477641f6f32e5207b7e11b957e20ab483708418de5dc065328da49458b69
starting_state.historical_sha256.figures/v0813_density_fidelity_axes.png,6d8d0e0c0c94c1c9f59a24c2b3f8eaf68f40b369b5f610f3a9c3d8414ba51609
starting_state.historical_sha256.figures/v03g_batch_vs_photons.png,ea6426a8b5823f5d750462cb4c0aa72384d3985df7a874494af9ca9636cb5e3d
starting_state.historical_sha256.figures/v089_geodesic_graph_density.png,5055ec5839422dbcace557a45c8db14344dee43946e3b94e736696bfb5267b1b
starting_state.historical_sha256.figures/v086_multiseed_source_variance.png,1768502d07a870c4d59c39604ecc7405b1263182b3ff9f05b89e2f4e4cff0051
starting_state.historical_sha256.figures/v087_geodesic_vs_tangent_projection.png,2ccc3982979e0a334e3307fc262b34eb46dfb0803816aebf2a44b43ff3f3a917
starting_state.historical_sha256.figures/v03d_bunny_phase1_geometry_vs_dofs.png,575c00782af04845885234704a69fbe921371450b04695e0f31efdb8f3b1ca3a
starting_state.historical_sha256.figures/v0814_ring_crop.png,5f14456916aad5dbcf7825e29e0ac9b3924f756e9f94e2577254d424cc455389
starting_state.historical_sha256.figures/v082_contribution_histograms.png,a27b57c3a2fbf09d2bd18473ea694a16049e399594a919c62d8ca0879f3f1903
starting_state.historical_sha256.figures/v082_weight_maps.png,fe1040b68470c9b5dba26e140d83c110123dd550386f909259e55bcdc42d612b
starting_state.historical_sha256.figures/v087_hybrid_new_region.png,47a1a41ec10a70ec4e05b5f269dd4efe3844b5eb6150a7eed0557a699de3b043
starting_state.historical_sha256.figures/v08_high_bandwidth_predictor_calibration.png,63a0646cdd797991e73b03272a1e1c267a1085c039a679ce8e0d2fe40795c0bd
starting_state.historical_sha256.figures/v089_geodesic_sparse_graph.png,d2e89ecd53e0c23fe5dbb31ec2a0abd689e1b0ebf018d08d0777699942c1c574
starting_state.historical_sha256.figures/v03e_batch_runtime_vs_dofs.png,ae8ac7580d9b22188087044c3e9ea78c7d837d952022091626b978a808f5b9de
starting_state.historical_sha256.figures/v0817_matched_edge_crops.png,4e1a4a3aeff5644af03629d64050c66f914631b24126e0e0a4d17f35a25d58ef
starting_state.historical_sha256.figures/v087_full_fd.png,eebedd9fd718f6fc5f29ca20f36379b8ef785a995ff4cdcbbc1a0069b2a124bd
starting_state.historical_sha256.figures/v08_high_bandwidth_quality_curves.png,2da0394f8a0d73d81b828037d60ae0d3b2bddf5e70b38d31f8384ccfb3346b8e
starting_state.historical_sha256.figures/v088_multiview_cost_scaling.png,494936118ea72b16f4577ca53b55cd195c6c857cc65ba6b890d23b0711838869
starting_state.historical_sha256.figures/v022_multiview_runtime.png,782ffe7218df0389bfbde96ffbeaab1f8c247a66ddf61b4b03f520f2e9aaff34
starting_state.historical_sha256.figures/v088_variance_vs_m.png,57f244815686bbb3cd54c742ef4f0112479dd3098d16d11087e686096583c85c
starting_state.historical_sha256.figures/v087_multiseed_gradient_cosine.png,511ba1c471b01259a6a06bec17c22c1b1c4e587a60c23761d4c12c696b036b07
starting_state.historical_sha256.figures/v086_epsilon_anchor_density_tradeoff.png,daea841eb54e383d031fe8749e6f10e733368053b23afdbcdbe82aa182dbfd7a
starting_state.historical_sha256.figures/v086_sphere_source_integral.png,a4d1179075d9d930a76c223cfc2e8d1d5b90f49e8d7735b59503f0d84222f7f8
starting_state.historical_sha256.figures/v085_mc_multiseed.png,344d70bfc1ef60dc1b7ec45e3bcc704bc4bc43f2ac4be02b0ed9833b172dca5b
starting_state.historical_sha256.figures/v0814_gradient_error.png,ae6be7a15a53b5a5935434b9f822369dc2c5bfb75d369d2767c412e0d1d18de4
starting_state.historical_sha256.figures/v0811_effective_transverse_support.png,eaf8df8d60d443869c0fdb4d1639c00a47f2568177409bd10eb88125b8a78366
starting_state.historical_sha256.figures/v03e_p2s_p95_recovered_vs_dofs.png,3b5bc3b2ecba1531c71e715f0cd050f1c443dfcefa38446840f9c63d326c18fd
starting_state.historical_sha256.figures/v03f_chamfer_sigma_4.0.png,efc39894516fecff387accdb58725c14ea031e576c248b1d8e8f85febe995a91
starting_state.historical_sha256.figures/v084_detector_kernel_continuity.png,f3c0616e5e3f489e587b4dacd1a5ad84a3afe40dcd24e5f7ace84bcdd6aec654
starting_state.historical_sha256.figures/v084_spatial_error_maps.png,6a1173b0a61a95ccd40b287f13cc3b2788a22ede5d9399fc3f145f34fe6ce3b9
starting_state.historical_sha256.figures/v0810_fullhd_comparison.png,af06689ef747a9a55e7dd74cd7ee6cbe23b2ea6c21a70ed897e13e0d32742d3d
starting_state.historical_sha256.figures/v0812_grazing_energy_suppression.png,01365f19994d48a0cbae006e47a8506de5520939e0623eba1fed2f659b45026b
starting_state.historical_sha256.figures/v03g_gram_rank.png,ad5304fbe621c8c7a8bdd58b907140816543a502377d6db7cefbc6df2aeb19a2
starting_state.historical_sha256.figures/v0814_fullhd_comparison.png,598b80be2c348f5d28087106b79d842451d87a221531f35a2d39993c65e2b022
starting_state.historical_sha256.figures/v0810_geodesic_runtime.png,66d37a8b676b1621c21dac4f7212d2d40933e12ca3730441e7042b088d90c5ff
starting_state.historical_sha256.figures/v088_surface_coverage_vs_k.png,b5c78c34844b306c5a3bd0d8534a9d0680db54c0d2c685e246d6c9daec7632d8
starting_state.historical_sha256.figures/v03a_gain_by_predicted_rank.png,1c65cc72a9d984011c1cb70c3cec615a9f13f4904079adbe9726982eded07663
starting_state.historical_sha256.figures/v084_direct_photon_rgb.png,5c954b9950742ad2e8f5ae168bd34a39fb1015762cfe2f02f9cc930c7293c9c7
starting_state.historical_sha256.figures/v0817_transfer_curves.png,ee8d01bd4367c98b2884e7a3c16fd9d13e851607a8f372fdb0c602148a45ccf6
starting_state.historical_sha256.figures/v0812_polar_aliasing_occupancy.png,1b291d41f1838cd63444af089d72cb39578b67a3f1c67e7e47e05bd284b52cd4
starting_state.historical_sha256.figures/v0813_density_fullhd_view2.png,225c8490e87ed59e77dbe9296c8f47dc0fc6c49c019efcfce68f7d871a3d4a76
starting_state.historical_sha256.figures/v0813_density_fullhd_view1.png,ce7c3abd02d79f9dc321243c510b4652351c7e164a9b3f33cc361a3959d94e9e
starting_state.historical_sha256.figures/v0814_lambda_density_difference.png,b2e5b8c9aa782b9c6c6428b557ce51420be3ca3433ecb85289287bfa07fe6eeb
starting_state.historical_sha256.figures/v0810_sobol_vs_stratified_chart.png,99d0f59d4343a2595335bda4801f29a42b39ae1a76cfa0e0651141b4a3393abe
starting_state.historical_sha256.figures/v06_multiview_runtime.png,73fa7489c9f99ec6f563a2546f215be97588093ee5ec7fc242d75c125525bee4
starting_state.historical_sha256.figures/v089_sparse_geo_memory_scaling.png,d653f570b1af127503ee3cc196088ab0a5a3f27fb55edf273629663f60935023
starting_state.historical_sha256.figures/v03a_spearman_comparison.png,6a64fd274ce883ada2da51483ba1535a1c315dc50954fb3a1399ba5968b6fd8f
starting_state.historical_sha256.figures/v084_gradient_full_fd.png,629de53a36ee09be22d78289c4ddfb17b4ab3ed60a08529b21a479b526a7a128
starting_state.historical_sha256.figures/v03g_natural_batch_schedule.png,ea7526760162faa1f7b9892d0106ddc772b4a228e906216ad0cee38bca30d27f
starting_state.historical_sha256.figures/v087_thin_feature_comparison.png,40734ab874fda98fd7c467e5005d03e50e2322ae01b04f4e5a208b8afb729367
starting_state.historical_sha256.figures/v089_quadrature_invariance.png,e673e315b39e708c298787c4ba592a183607cb5e09426057fcae9238f97257ad
starting_state.historical_sha256.figures/v0813_density_fullhd_view0.png,45dd3dd0041c5c6427d2386382fede13605fdad0f366b67b2c4762df71c51356
starting_state.historical_sha256.figures/v0812_detector_mtf.png,b717a83bbe1abb9eed7f4418cda30db5fa1c689d06a96687a1fb771580ec13d5
starting_state.historical_sha256.figures/v03f_geometry_gap.png,6d06f38080b73cecc905937ac455e964a3943558dc2a072ee9257f33d43a1a5c
starting_state.historical_sha256.figures/v085_packet_zero_set_concept.png,21cec5d1c6eab129669a98a917ead995918ba27499061035820a8ee5c1ce5fa1
starting_state.historical_sha256.figures/v085_grazing_sphere_transition.png,a388ed5d3a13c8ddd05d0fc70de975628ad9742aee2f427b15b3dc12a6b516e1
starting_state.historical_sha256.figures/v03c_birth_geography.png,32161268101585c6383dc788f5fa3d3fb73a55a4a3e409da0ce5c947153b6eac
starting_state.historical_sha256.figures/v086_surface_anchor_coverage.png,85ff38b5f73feee862e2d1ba6d5ecb3d31b5e6707a7b8cce201a18cc4a7c2955
starting_state.historical_sha256.figures/v084_direct_vs_continuous_silhouette.png,5add2223c3a124ff5445f476401d0f614219093d37f257687645fe65e469d558
starting_state.historical_sha256.figures/v087_chart_birth_energy_jump.png,0de33a7010622b23f381be2de47856608ae491b0574022335b74b9a948010049
starting_state.historical_sha256.figures/v083_support_switch_map.png,3c76b7880d6d96bab2085ce02a8346742151914df429acc06d6d9af70e43fc57
starting_state.historical_sha256.figures/v03g_near_null_vs_views.png,29b32b12770d86b5b6a41cd20a3708858c385c50b82c7982e8be1e1db167cb21
starting_state.historical_sha256.figures/v084_photon_hit_count_map.png,bb0bb39d21466c5760911effd060cc6d955a82e716c9eaa1487f6195cad060cf
starting_state.historical_sha256.figures/v088_source_energy_vs_k.png,257dae089326d25b30f610bbfed9752539918ced3fcb22ba93fd0f12cea37dbf
starting_state.historical_sha256.figures/v089_sparse_source_scaling.png,e8d554eee6a1499bbc432cb733cd0b2c7440502217928d0b1e33c67183614a68
starting_state.historical_sha256.figures/v03b_spearman_vs_k.png,f51d6e0badfb6e1a04b8950b7cacdd3be1764c4689069180fe8b8657773dc2ca
starting_state.historical_sha256.figures/v08_high_bandwidth_batch_trajectory.png,498d97d914289782da793b104e0c704313a53d605a090aa19bf844980851843e
starting_state.historical_sha256.figures/v084_multiseed_mc_comparison.png,594879f4fd4f136453582dfaaa8f49da2f54f417e35df1cf619c4f765c4959b6
starting_state.historical_sha256.figures/v087_chart_sampling_on_surface.png,5163cf6080d63d6e0bf3513e42d68da99cfb005e74008e111e2dbee2a1c11cbe
starting_state.historical_sha256.figures/v08_bandwidth_factor_ablation.png,eb27bf8bee2a57e351fb8f6c151f34598a2a6c9dd51c12272a9c456e8b9a5afa
starting_state.historical_sha256.figures/v03c_geometry_vs_time.png,1e9b644e218502636b8ba1b39e1b2541fe7c4ce2f0c711542d930e477dedd4d7
starting_state.historical_sha256.figures/v03d_bunny_phase1_predicted_vs_realized.png,58e9eefb0b3c6077d30efef52c8f01a789b2dfb09747f02e02ce3d36fc615c52
starting_state.historical_sha256.figures/v082_density_vs_resolution.png,1457d4865c7b11d3fd8980357f83ebd269bfeed9b2c6774610591abfc2982674
starting_state.historical_sha256.figures/v089_fullhd_fidelity_scaling.png,9004250b183271828e03e1d32d0583dc44783ab69d5e0a3496ece824a5c9a754
starting_state.historical_sha256.figures/v081_resolution_vs_unique_coverage.png,9d94844eb25a366722a6d97bebdf1b3fb2c84d8c76bd3d99de10270bccc71b30
starting_state.historical_sha256.figures/v0816_global_sample_coverage.png,28fbf8d853a45ac9826a287fc2ce61253f06d24bd707cb421749a9b255f48b25
starting_state.historical_sha256.figures/v081_resolution_vs_footprint_density.png,801c3e21d132772614dc854b3dec25a0b68f91e783f32119eabae9fa3e950301
starting_state.historical_sha256.figures/v086_plane_source_translation.png,59aceb173e91e693b17590b980210a869bb3ca675d360c69f4dccece79666e44
starting_state.historical_sha256.figures/v083_spatial_maps_960x540.png,e335a1e19799230e9d4afb5b62cb912a3797385dc8f158586c32f42089157830
starting_state.historical_sha256.figures/v05_camera_scaling.png,077356f8ff69cc7c2a994bda9eacdd4e1cf097b414f09009f8cbad7b04578b74
starting_state.historical_sha256.figures/v085_root_birth_death_transition.png,3b3bc672b322242aaf3a9961280576844608929d64916495910ca92d29f3afda
starting_state.historical_sha256.figures/v087_rgb_comparison.png,d3bdd7b47a4acc137472410f020ec2d71d4abdae99fa042bfae7fd2f4ee29919
starting_state.historical_sha256.figures/v084_resolution_mc_comparison.png,6d576cde1ca8943107bbe8b3751f725a2e5d45d0e1efa1aa2cf200664fbe339a
starting_state.historical_sha256.figures/v03g_capture_curve.png,c7d04cabeb16055319c0bda56e83f461817b451a0bbe01334bb698f4bfabe245
starting_state.historical_sha256.figures/v03e_smoothing_birth_geography.png,087b8e9a6b97e001f4d2de20f0021c3e3b2d635638d600d2110780c57199e52e
starting_state.historical_sha256.figures/v03e_chamfer_recovered_vs_dofs.png,b2260f8e4d47f44de242157b533fdb3c425d5bfc88c4f9adf1bf1dd34cb35c1b
starting_state.historical_sha256.figures/v084_photon_trajectory_detector.png,8be8510058f3390cfcd21619b1d9cb0482a32ac8f8fc2b49e123fd991e5bb029
starting_state.historical_sha256.figures/v03e_batch_coupling.png,b0a9f4d54a92521a121a590bc9ce27b3f81e05d606db07c0579d682d98b1dc58
starting_state.historical_sha256.figures/v0812_polar_aliasing_fullhd.png,5f550de9cd2dbe105aa266e4d05be01e7f04f07632ed000bb8ee7a1ddd39f51c
starting_state.historical_sha256.figures/v089_32x_summary.png,93995e65a2a74e11018e4d8a6d8c18678ed9c0171394d5b231bc44629726c4c7
starting_state.historical_sha256.figures/v0810_sparse_graph_scaling.png,afe3b0caa21becf7184e876963b1596beb45b1fd05211eda514d9414da736305
starting_state.historical_sha256.figures/v0816_global_sample_full_views.png,68d55f9b2a7a3034fad563d4bf65862332d2e2554e01c12e9ec7e96e2c30c45b
starting_state.historical_sha256.figures/v0810_local_measure_error.png,9d893ed7498c6f18cd6fa275c25df509ce212a867241da271ca23ab67ae9ca18
starting_state.historical_sha256.figures/v03f_near_null.png,2d0fbbdac88f8956da015ea6f624a82af5403d94203223306862b21027a38ce8
starting_state.historical_sha256.figures/v0817_blocking_bins.png,f59c025169cdbc77b76a54ae26daf147e00dc27df1c4eed8d83441f2fa5b779e
starting_state.historical_sha256.figures/v082_emitters_vs_resolution.png,f73c9ef24e5bc35f05c2f71e1d6a6076750d8ad0f3af8f2a0d606135562b5711
starting_state.historical_sha256.figures/v085_radius_epsilon_tradeoff.png,5e25b7082e2791537b25303409160cb3831ce000fb3643cd99d1b20d907e49c6
starting_state.historical_sha256.figures/v082_rgb_zoom_crops.png,6542021def997218914fcac6b9afd74b7edc8b94add8b3829dac91b308b65ed6
starting_state.historical_sha256.figures/v084_estimator_diagram.png,677507ee23512853381d2eab190a4d5e15f9c9d4f31f8e9adf1663fa13fd37d0
starting_state.historical_sha256.figures/v089_m_variance_scaling.png,6dbd762d7db97bb1d36f17cc8144b2686ce1aad5ade15ce81792bdaa36b72fa4
starting_state.historical_sha256.figures/v083_pixel_case_studies.png,5f12ab75c65e7f8a1aead0c1d65a784989be5a6cb3881762117997103340f288
starting_state.historical_sha256.figures/v0817_edge_profiles.png,e3cb0ddf5c91a1a88d8f4c671a31d4e1c50f0eb7d8312a5e6601dfaf44aed57c
starting_state.historical_sha256.figures/v081_target_render_coverage_contributions.png,e6cd6c57d7ff15be057016b55666864dbe90ef23e645bd3fd4047f62dde6a446
starting_state.historical_sha256.figures/v03g_near_null_vs_photons.png,c1a3de4c8c780e7a7a291712bd7deab37b1ee32ba5e56e3fec9179f32e4a282e
starting_state.historical_sha256.figures/v089_measure_definition.png,6275962078d058a804962b5b51904fe80dacee9c4c51d241a4c4541fb6718c7e
starting_state.historical_sha256.figures/v087_curvature_geodesic_benefit.png,5e3ad89ade5b8c5f3ed6b209c94ac6c76fa3d1368db822982eade2b19d9db461
starting_state.historical_sha256.figures/v084_gradient_frozen_fd.png,2408d90d09fce84a6b15cc52d832e0a7aef87320f45af49b43fd2a1e2e17b05c
starting_state.historical_sha256.figures/v082_fixed_vs_matched_density_geometry.png,01428607296c3d74b8043e3d5687723e9676e0d2e7e7640ee20967744f82825e
starting_state.historical_sha256.figures/v084_direct_photon_convergence.png,2e4c904db6e3100b67ae56fc55839bf27290b3bb96446bf9347129582115c437
starting_state.historical_sha256.figures/v086_historical_vs_continuous_source_rgb.png,4c029850eeb3818e23b09b99c5d754661e04aa387425580a8b55b8ef41a4bfd1
starting_state.historical_sha256.figures/v084_train_continuous_eval_direct.png,15fbb5bdb72270353eb15c302cff931e39953203194dcbdfc8a91af62aa877c7
starting_state.historical_sha256.figures/v083_frozen_vs_full_support_fd.png,a4a8ea90e4c77285c61e676b61a91987a151707fdf1034ee9cd5e14e3cdc250a
starting_state.historical_sha256.figures/v087_surface_coverage.png,b10fd37de3006f4a65fe517ad8630d2b80e18d25bc7c93f24c1823ac43695f64
starting_state.historical_sha256.figures/v0811_micro_convergence.png,be31dfc1e180eb054660361748aecd67f5315b0595e8c6b11f744dd64ccdecd6
starting_state.historical_sha256.figures/v0810_shared_geodesic_rays.png,e76e9775ee4d27345a02604a7898e99ec5c172554576515c8c60cafef4d8f8fa
starting_state.historical_sha256.figures/v086_source_projection_error.png,e0174136f4a2a19f0fe05c3d06b1ef7dedb7600453696607c53626e973ef6004
starting_state.historical_sha256.figures/v0815_dense_reference.png,96b77c72e62500a6834110c558743e2fb8eea11dd76017b4750988b4eff8f31c
starting_state.historical_sha256.figures/v087_kernel_overlap_semantics.png,04afe29a1d32d5d12b1abb85959d5460d975dc0aa931160bb2e4fdc9926b9ae0
starting_state.historical_sha256.figures/v088_fixed_budget_k_m.png,7b1397aec5edf8db24942d3ffa1889bf0dad4b148dbfabd2e0e10c28d180c57b
starting_state.historical_sha256.figures/v0814_density_global.png,3bd0a01381dcd864123337954e99b9cddb683bdd9a28395fd3c875e713a7d1af
starting_state.historical_sha256.figures/v05_light_field_coverage.png,3ed52ac8d7871453370a63e7d44d1fd5bb9142f005ad46961bc021c9a768c16f
starting_state.historical_sha256.figures/v083_multiseed_mc_distribution.png,37a75fe48b56a69d08073770716dfadf5373e6d52112ee0512f21a96a8770976
starting_state.historical_sha256.figures/v082_mc_self_noise.png,d895f7653959ad4e97d9eb19347f3ae0553a182f11c5c150edfec5289fa16142
starting_state.historical_sha256.figures/v087_sparse_source_matrix.png,6ed1d9bc8ee54233c5481fa5a75270c018bc5559bb4609382148a2f6ade0fe46
starting_state.historical_sha256.figures/v03f_dynamic_batch_schedule.png,95942e48f4cfeee36eaefd08ae117419e7bbc937cecf1fc6f92e80312ce166ec
starting_state.historical_sha256.figures/v0811_thin_response.png,86c6b6f5e277cede3d06123bbd468b5914e2cad5d71ca07e323da71ca3cb3d6a
starting_state.historical_sha256.figures/v0811_radius_ablation.png,a8b7f88d5a0ba7065a7bcc39f1da79880f46cf94ab254759f562e17bb266b7b3
starting_state.historical_sha256.figures/v0811_high_frequency_response.png,ed996ecf2a5ae43b44f0525a2471042645de445f35fc2d703d8de6120e0c481f
starting_state.historical_sha256.figures/v03e_batch_dynamic_size.png,acfb5ea7df738daa50e0b94b62d07d870fa3812869fdcd55cd882c3c8cb52c89
starting_state.historical_sha256.figures/v0811_fullhd_comparison.png,c62f00ea8555fadc34d4159091f5b460dbf2fc7bf2071dd478c99ce5403bff75
starting_state.historical_sha256.figures/v03e_adaptive_advantage_vs_sigma.png,1a306b66d0b87894140389c18179a172e26e2660ad999494a5659e419f79cc3c
starting_state.historical_sha256.figures/v085_hard_vs_soft_transport_rgb.png,8bc787d18f67fa2428940b0ecfd8f3e4393b120459a5f0fd48ff065ea856abdf
starting_state.historical_sha256.figures/v089_chunk_size_tradeoff.png,4067454969a97f2015224816c582e02894cf5fe8330740dcd1bead2d83be793b
starting_state.historical_sha256.figures/v0810_thin_feature_comparison.png,8dd88c9b03ea6ae30ae7b1f34bf50ca29dda2817227d3c1689ad0c3c067515d0
starting_state.historical_sha256.figures/v087_dof_density_brightness.png,0db0324ead7cc131eef50dc501b7738a5b9d5c42c13bf658b3952667baa4675b
starting_state.historical_sha256.figures/v03e_batch_geometry_vs_time.png,e57f1f1c2db67dbbc257845b3c0f08344646db723b9c27a9dcf1dbe8cdc59dca
starting_state.historical_sha256.figures/v081_resolution_vs_normalized_rmse.png,1c49d5d8ba2b7937b542dbe960cb07c4804f452bc6ab2bae83261f999eab3dcd
starting_state.concurrent_v090_sha256_at_start.artifacts/v090_birth_fd.json,242bf52e9d123bf5db430596ca982de04ab307da38b24ee75a8197aa4910f244
starting_state.concurrent_v090_sha256_at_start.artifacts/v090_globe_birth.json,83f8ce8b42f1fa6837223b4aeb7fba29bfec4a721856eae8b9ed5c08ff66205c
starting_state.concurrent_v090_sha256_at_start.artifacts/v090_globe_birth.csv,f6da0d136e216c0997e92416fc9033a83fa71a8d3cce903c03deb79f5163ee86
starting_state.concurrent_v090_sha256_at_start.artifacts/v090_soft_birth.csv,0dc1edc13e990eca55b38a41abffbfb90122027c7f4b4cbda7cc0bf33208a523
starting_state.concurrent_v090_sha256_at_start.artifacts/v090_soft_birth.json,5af0427011ef9fb2a79fc24d72b5848f7062eb9ffe3b954cf6eca744d8ce3658
starting_state.concurrent_v090_sha256_at_start.figures/v090_globe_birth_checkpoints.png,5493a78d7cb967bf2e3b178240a5d2580f54ba8adebab4f11f90fdcbc9b661ac
starting_state.concurrent_v090_sha256_at_start.figures/v090_final_fullhd_comparison.png,a2209387a159778312bcc3aa5fe8b22629c7cac5881f67eeb270fb7a65d1332c
starting_state.concurrent_v090_sha256_at_start.figures/v090_birth_centers.png,843e3cf3ee865dd0cb3fb0f832307969cdd8713c364ffbe62e7d78b376c02d3a
starting_state.concurrent_v090_sha256_at_start.figures/v090_globe_predicted_vs_actual.png,8bb56ae3c1e3b37c5b135219b804c456b17e311fb9a65a71f25d4eef7e837560
starting_state.concurrent_v090_sha256_at_start.figures/v090_globe_residuals.png,528447892a04f867b4b7c9a6bd2c25aac7eb112f6ef6954125a5fe78da3baf76
starting_state.concurrent_v090_sha256_at_start.figures/v090_globe_evolution.png,770b1d8cd9037162f80b2f8dc4e81c6128b08a16ac5bd94781546d9b0ae7c6b2
starting_state.concurrent_v090_sha256_at_start.figures/v090_soft_baseline.png,33c8e39fd44b1626666b8deec4e41c984421f69e6bb5971283de3f24942546ba
starting_state.concurrent_v090_sha256_at_start.figures/v090_selected_utility.png,8de4581b94ada57e991c424c52ec0ce9d0f924202f2fa0bb0d2a4985cf4ed492
starting_state.concurrent_v090_sha256_at_start.figures/v090_geometry_trajectory.png,606f77436a3cf2c6599f2463f678ae7feeefe972f4ac4a1a388ecc215d1225e7
starting_state.concurrent_v090_sha256_at_start.figures/v090_soft_predicted_vs_actual.png,a0f0b18e71ea2b88c987d44ef00518f8ca541e1adec162f2bf60649ea0ee1dd8
starting_state.concurrent_v090_sha256_at_start.figures/v090_soft_birth_checkpoints.png,5202a1191fe724de06082fb251bc09c761cacbc35ab60232946bc25cbdd60344
starting_state.concurrent_v090_sha256_at_start.figures/v090_globe_baseline.png,a495aa0fc04cec851eb588ed78ef1ad158767529f8c8f0d3986eeeba1833c825
starting_state.concurrent_v090_sha256_at_start.figures/v090_loss_trajectory.png,b7b4dbf72a77c62186e29327a1374cc5f14ce43566de0ea1257e897c1de9a262
starting_state.concurrent_v090_sha256_at_start.figures/v090_gt_target.png,69f3e993c4b4f9f1eb5b7c4830771a45aa95a13fb016425a71771bb946b78ab0
starting_state.concurrent_v090_sha256_at_start.figures/v090_runtime_per_birth.png,bc93bd9309747e9d2d5b9de69d9fa6c88a7298101244a7b9b02c6920a40a0fec
starting_state.concurrent_v090_sha256_at_start.figures/v090_soft_residuals.png,1f630b391c3d2453e81a67d8c67d9846e2a60f053fc989ecd5fff8509065dff3
starting_state.protected_code_sha256.src/zlt/matched_jacobian.py,d4a988f756c9767edece994d8ddee397dd4d661888435ee0d156969ff89133f3
starting_state.protected_code_sha256.src/zlt/high_sample.py,e4e2388f3ea2aabade38b482c5d0bd767de145bf37d1f8b9816083b24e2e4fb0
starting_state.protected_code_sha256.src/zlt/sequential.py,50e826ef0a14acad4b95e3fff5bb247fe0aa4f32ce7dc439ebfc2da6100a1135
starting_state.protected_code_sha256.src/zlt/image_formation.py,6d6da396915d020010e7124fb0e0f2e4b75e942c641e92e64f6c5f98a353ee78
starting_state.protected_code_sha256.src/zlt/corrected_birth.py,43c2cc7973b6aedd3ec8c0827d81345e452b063985783dbb4d9c63e496772ee8
starting_state.protected_code_sha256.src/zlt/high_bandwidth.py,6250b83308ed4ba690beb9bb7c5210e9ed46a53dffddb04dbc150770435a1bb4
starting_state.protected_code_sha256.src/zlt/birth.py,e53de6eeb0e1ca281d3bae38a2d8e4f8fb2ebdb9022595653c5ed403294933a7
starting_state.protected_code_sha256.src/zlt/mc_detector.py,73f7d766d2320086752ec4dacc2ae41e83f784fe38dd7f7a50aec4d4b90f5eec
starting_state.protected_code_sha256.src/zlt/emitter_scaling.py,926d292c3ab43aadc5cf6fa7160bf0252d032f194644f2e3af5e68aed795038e
starting_state.protected_code_sha256.src/zlt/multiview.py,6c6822b3e66306d36b754df09a5a337087a4006676db0ae2217890e7caa2504f
starting_state.protected_code_sha256.src/zlt/pixel_diagnostic.py,23367d3b2dbb1a189af260154beff428a8bc67b7da825f47a1a60a0a5a168330
starting_state.protected_code_sha256.src/zlt/benchmark.py,25bb7582e839179656358c0809c5db7cd55a7c982322051cc270a6ff4dea33ac
starting_state.protected_code_sha256.src/zlt/matched_birth.py,c037fe0587f6d8ac15939fb5e8441321897d01cd9cb40fc5214c248e6a88f3b7
starting_state.protected_code_sha256.src/zlt/camera.py,fbbbf4df1a0467e8059db1f3c36318c61e86d9db0d17667fc7e7371b8bb8acdc
starting_state.protected_code_sha256.src/zlt/mesh_field.py,ae6b47423549cbd7462401c3ecad2c8ddcf2788f9fb58ad0598ed336e06675a1
starting_state.protected_code_sha256.src/zlt/dense_reference.py,ef55ac872eedf4772f6eedc6bc2d2af5f725137ae6814dfff2c488c2c1a51b6b
starting_state.protected_code_sha256.src/zlt/collision_transfer.py,38a090c896bf51adebf82f42ec1de09e331fbf37283ce19e782569fb8107218e
starting_state.protected_code_sha256.src/zlt/bandwidth.py,b0438872a4dcf6654ec2cdd2e852e13f3b2d1a4f2fc04669560777e6d1141803
starting_state.protected_code_sha256.src/zlt/matched_operator.py,af81f2d8042ccea199b0f26a47f67faf1e1f2cbba6cc035c8213b86f811c7893
starting_state.protected_code_sha256.src/zlt/measurement_bandwidth.py,5469015e92c2a12a0eb27fc20795fce9748132dddd6ba907879a7bf900f5dcfb
starting_state.protected_code_sha256.src/zlt/appearance.py,58d9b8df5877ddd656291b38f9acf8ef1425c41a6a23c7bb99e05316819c0128
starting_state.protected_code_sha256.src/zlt/fixed_measure.py,56c886af10f68dae4df87a65b2bbca8af0c58f43c2c3351c8cca106253951090
starting_state.protected_code_sha256.src/zlt/meshfree_rgb.py,5046e83737480b5c6b4c751d27bcbd5905e9b38ee1e97671bfc5a87acaf542da
starting_state.protected_code_sha256.src/zlt/light_field.py,e928c2e2f46e474a2651a25544d4ff745a6f895782d76fbcbffd8b56977d44e2
starting_state.protected_code_sha256.src/zlt/polar_aliasing.py,48fd6138d914c11fd20de6bc8669998aaa046a2e0a80fb841f4f5ad5a955c0a4
starting_state.protected_code_sha256.src/zlt/matched_preflight.py,5110488f158ab17144b9ec7bbff92c3af1496d47023ef6a1b5bdbeb8b220de2b
starting_state.protected_code_sha256.src/zlt/global_convergence.py,d93e7693aeff07e23cbf33cb5983c411c331d8774e862dcb4cae8e2441648859
starting_state.protected_code_sha256.src/zlt/stratified_polar.py,c4d6cc5f76010efdeba5c8608e95d8f969a06ee214b02d508784cf9677b6a744
starting_state.protected_code_sha256.src/zlt/detector_readout.py,5cd90973a5a63852991ea9656c4ef93d28c8d7c412cde03cffd9843ecd6cb4d4
starting_state.protected_code_sha256.src/zlt/sparse_geodesic.py,3c99f346f7d0371d1b89dd2746940e0ffd40016152bed4bdfb4f2bc4aab280d7
starting_state.protected_code_sha256.src/zlt/direct_photon.py,cc0df05f41c350cda6cdc0e2bd2e30c24295951ccc7c561005597a4d8e20b384
starting_state.protected_code_sha256.src/zlt/__init__.py,4e61f712f3a0943eea0e25af2372742118a44680f7b79001d190dd7edc1605e8
starting_state.protected_code_sha256.src/zlt/density_matrix.py,85d100d66677e74bb176ce06f57b6152ff14f9cc92b84845797b266d2080fd26
starting_state.protected_code_sha256.src/zlt/geodesic_source.py,11e1f03d4e01c925da27ce8808b9db16c9e682a43005141fd2ad52ba20e06222
starting_state.protected_code_sha256.src/zlt/batch.py,24e8bfb57f131f30737d794f6cfc14cb7038d922202c178e9c212917c4fdca44
starting_state.protected_code_sha256.src/zlt/jacobian.py,ea74f611d0a3e6dfc3efe87d23c46bc505ebd7844a44a0db791307ef5ced82a0
starting_state.protected_code_sha256.src/zlt/tracer.py,33628e2905a59b683b94d5ce26c1a9f5cb830eb4ea18be752519f29d109b7551
starting_state.protected_code_sha256.src/zlt/fields.py,a8365584d74f50a31a84718aff85d4133fd6af1f3bf20cd4ddbe55abc5aa3b3c
starting_state.protected_code_sha256.src/zlt/finite_packet.py,9d8329a9ec90527fa0f6433a503e3e7d0ae949338217666c5f63bdc89d023c20
starting_state.protected_code_sha256.src/zlt/million_emitter.py,eb511d1c26323c4b05b13a4c867ac2faa0d8b7c93d4b3e8e19d554b2f454082b
starting_state.protected_code_sha256.src/zlt/matched_support_check.py,1d933bc1e5be8898294b8260aa740e413c385e9dbee7031361ec24d25c716de7
starting_state.protected_code_sha256.src/zlt/boundary_transport.py,28853f14475a1434253dee15f614a5e2e6ba8c048ba5c467544d7ea273a24ed9
starting_state.protected_code_sha256.src/zlt/natural.py,332a72f78625e0ca1514a01b8b2e8a26a430594e9182257811f189e3107b4202
starting_state.protected_code_sha256.src/zlt/meshfree_surface.py,925d8995c8a0274cde15ec5af3c744ceb5a946f1f55b9ee01a9223bd07376f5f
starting_state.protected_code_sha256.src/zlt/camera_independent.py,2f19bae1843a3857f3712fa89a75b63e167a9251ea7e1d7050b2d8272601e6c9
starting_state.protected_code_sha256.src/zlt/matched_setup.py,da7a0fba3e3194c97d345d03f2aa84c13c7a34b64ed94c7b7745c9cd8dae8909
starting_state.protected_code_sha256.src/zlt/matched_report.py,027fa2fbfbe540646b93fbd077788d014a4537274be7f425ecc6f4ce734d4e1a
starting_state.protected_code_sha256.src/zlt/sampling_diagnostic.py,5e779f3f2dc472ada8ae74fc55a213ca159b49a25655862778ea7f3126e0db3c
starting_state.protected_code_sha256.src/zlt/bunny.py,43acdfb73fd939c97797fa9d29ae3be1e11620876c4422cdb4fafd79f8234871
starting_state.protected_code_sha256.src/zlt/collision_diagnostics.py,73c4a12f053817ae708e7a7a78cfb2ce16f37d0e5367ba1166bb259f1c31f624
starting_state.protected_code_sha256.src/zlt/continuous_source.py,d0518cf5410259fdec2550ecb0e5fc5e0fd47d19db7bb6c6574a1c6092b0c09c
starting_state.protected_code_sha256.src/zlt/transverse_packet.py,7c8208eecb295de2f2b60a5231a9bdde4970473b8c27b91ac34af118f90006f0
starting_state.protected_code_sha256.src/zlt/locality.py,4843908f271b84ab56ce64c04105432d7275ea3bead1aea33d4301b09e76c69e
starting_state.policy,No modification/killing of concurrent v090; no old artifacts written; no commit/push.
formulation,F(x;lambda)=1+sum_k lambda_k B_k(x)
INITIAL_K,256
COMMON_SUPPORT_RADIUS,0.6
MULTISCALE_BASIS,False
dynamic_birth_executed,False
verdicts.BASIS_ONLY_FIELD_IMPLEMENTED,True
verdicts.FIXED_GEOMETRY_BASE_REMOVED,True
verdicts.BACKGROUND_GAUGE_FIXED,True
verdicts.BASIS_ONLY_FIELD_OUTSIDE_SUPPORT_EQUALS_BACKGROUND,True
verdicts.OLD_003_COEFFICIENT_LIMIT_IS_NOT_USED,True
verdicts.SINGLE_SCALE_ONLY,True
verdicts.BASIS_ONLY_VALUE_GRADIENT_CONSISTENT,True
verdicts.BASIS_ONLY_SPHERE_INITIALIZATION_VALID,True
verdicts.BASIS_ONLY_SPHERE_HAS_SINGLE_DOMINANT_ZEROSET,True
verdicts.LAMBDA_DIRECTLY_CONTROLS_ZEROSET_GEOMETRY,True
verdicts.FIXED_K_LAMBDA_OPTIMIZATION_REDUCES_FIELD_ERROR,True
verdicts.BASIS_ONLY_FIELD_OPTIMIZES_THROUGH_CURRENT_RENDERER,True
verdicts.BASIS_ONLY_RENDERER_LAMBDA_DERIVATIVE_PASSES_FD,True
verdicts.BASIS_ONLY_FORMULATION_READY_FOR_DYNAMIC_BIRTH,True
initialization.formulation,F(x)=1+sum lambda_k B_k(x); no sphere/grid/base term
initialization.background,1.0
initialization.background_fixed,True
initialization.INITIAL_K,256
initialization.COMMON_SUPPORT_RADIUS,0.6
initialization.MULTISCALE_BASIS,False
initialization.initialization.k,256
initialization.initialization.radius,0.6
initialization.initialization.ridge,1e-06
initialization.initialization.constraints,13313
initialization.initialization.surface_count,4096
initialization.initialization.interior_count,4097
initialization.initialization.exterior_count,4096
initialization.initialization.boundary_count,1024
initialization.initialization.target,"clip(norm(x)^2-1,-1,1)"
initialization.initialization.surface_weight,3.0
initialization.initialization.center_weight,4.0
initialization.initialization.other_weight,1.0
initialization.initialization.condition,375.64004239791694
initialization.initialization.training_mse,0.0028450494975138696
initialization.initialization.coefficient_min,-1.3528788055818577
initialization.initialization.coefficient_max,0.0699102668223077
initialization.initialization.coefficient_rms,0.6337089196366527
initialization.initialization.coefficient_norm,10.139342714186444
initialization.preliminary_attempts[0].k,128
initialization.preliminary_attempts[0].radius,0.6
initialization.preliminary_attempts[0].ridge,1e-06
initialization.preliminary_attempts[0].constraints,13313
initialization.preliminary_attempts[0].surface_count,4096
initialization.preliminary_attempts[0].interior_count,4097
initialization.preliminary_attempts[0].exterior_count,4096
initialization.preliminary_attempts[0].boundary_count,1024
initialization.preliminary_attempts[0].target,"clip(norm(x)^2-1,-1,1)"
initialization.preliminary_attempts[0].surface_weight,3.0
initialization.preliminary_attempts[0].center_weight,4.0
initialization.preliminary_attempts[0].other_weight,1.0
initialization.preliminary_attempts[0].condition,35.371963348157045
initialization.preliminary_attempts[0].training_mse,0.029725122014717067
initialization.preliminary_attempts[0].coefficient_min,-2.403873074729203
initialization.preliminary_attempts[0].coefficient_max,-0.16739641416843493
initialization.preliminary_attempts[0].coefficient_rms,1.2801521906601017
initialization.preliminary_attempts[0].coefficient_norm,14.483268719465151
initialization.preliminary_attempts[0].preliminary_radial.root_coverage,1.0
initialization.preliminary_attempts[0].preliminary_radial.radial_mae,0.08324607284814359
initialization.preliminary_attempts[0].preliminary_radial.radial_median,0.059328303240545166
initialization.preliminary_attempts[0].preliminary_radial.radial_p95,0.22616412074705294
initialization.preliminary_attempts[0].preliminary_radial.radial_max,0.3281733547886688
initialization.preliminary_attempts[0].preliminary_radial.signed_radial_bias,-0.02539733645703136
initialization.preliminary_attempts[0].preliminary_radial.min_zeroset_gradient_norm,0.47961399664349863
initialization.preliminary_attempts[0].preliminary_radial.median_zeroset_gradient_norm,2.577067107123499
initialization.preliminary_attempts[0].preliminary_radial.multiple_crossing_fraction,0.138671875
initialization.preliminary_attempts[0].preliminary_radial.no_crossing_count,0
initialization.preliminary_attempts[0].preliminary_radial.directions,512
initialization.preliminary_attempts[0].preliminary_radial.scan_steps,81
initialization.preliminary_attempts[0].preliminary_sign.center_value,-1.4868664142811718
initialization.preliminary_attempts[0].preliminary_sign.inside_negative_fraction,0.9173583984375
initialization.preliminary_attempts[0].preliminary_sign.outside_positive_fraction,0.9920654296875
initialization.preliminary_attempts[0].preliminary_sign.sign_accuracy,0.9547119140625
initialization.preliminary_attempts[0].preliminary_sign.inside_radial_range[0],0
initialization.preliminary_attempts[0].preliminary_sign.inside_radial_range[1],0.9
initialization.preliminary_attempts[0].preliminary_sign.outside_radial_range[0],1.1
initialization.preliminary_attempts[0].preliminary_sign.outside_radial_range[1],2.0
initialization.preliminary_attempts[0].preliminary_sign.samples_per_class,8192
initialization.preliminary_attempts[0].preliminary_sign.note,Sign accuracy excludes the near-surface uncertainty band; radial errors are reported separately.
initialization.preliminary_attempts[0].preliminary_valid,False
initialization.preliminary_attempts[1].k,256
initialization.preliminary_attempts[1].radius,0.6
initialization.preliminary_attempts[1].ridge,1e-06
initialization.preliminary_attempts[1].constraints,13313
initialization.preliminary_attempts[1].surface_count,4096
initialization.preliminary_attempts[1].interior_count,4097
initialization.preliminary_attempts[1].exterior_count,4096
initialization.preliminary_attempts[1].boundary_count,1024
initialization.preliminary_attempts[1].target,"clip(norm(x)^2-1,-1,1)"
initialization.preliminary_attempts[1].surface_weight,3.0
initialization.preliminary_attempts[1].center_weight,4.0
initialization.preliminary_attempts[1].other_weight,1.0
initialization.preliminary_attempts[1].condition,375.64004239791694
initialization.preliminary_attempts[1].training_mse,0.0028450494975138696
initialization.preliminary_attempts[1].coefficient_min,-1.3528788055818577
initialization.preliminary_attempts[1].coefficient_max,0.0699102668223077
initialization.preliminary_attempts[1].coefficient_rms,0.6337089196366527
initialization.preliminary_attempts[1].coefficient_norm,10.139342714186444
initialization.preliminary_attempts[1].preliminary_radial.root_coverage,1.0
initialization.preliminary_attempts[1].preliminary_radial.radial_mae,0.013263070977842503
initialization.preliminary_attempts[1].preliminary_radial.radial_median,0.009657252197575517
initialization.preliminary_attempts[1].preliminary_radial.radial_p95,0.03510955743782679
initialization.preliminary_attempts[1].preliminary_radial.radial_max,0.15259710056234344
initialization.preliminary_attempts[1].preliminary_radial.signed_radial_bias,0.001125862759877805
initialization.preliminary_attempts[1].preliminary_radial.min_zeroset_gradient_norm,0.6425274446564985
initialization.preliminary_attempts[1].preliminary_radial.median_zeroset_gradient_norm,2.0065414381131217
initialization.preliminary_attempts[1].preliminary_radial.multiple_crossing_fraction,0.0
initialization.preliminary_attempts[1].preliminary_radial.no_crossing_count,0
initialization.preliminary_attempts[1].preliminary_radial.directions,512
initialization.preliminary_attempts[1].preliminary_radial.scan_steps,81
initialization.preliminary_attempts[1].preliminary_sign.center_value,-1.1129722505621964
initialization.preliminary_attempts[1].preliminary_sign.inside_negative_fraction,1.0
initialization.preliminary_attempts[1].preliminary_sign.outside_positive_fraction,0.999755859375
initialization.preliminary_attempts[1].preliminary_sign.sign_accuracy,0.9998779296875
initialization.preliminary_attempts[1].preliminary_sign.inside_radial_range[0],0
initialization.preliminary_attempts[1].preliminary_sign.inside_radial_range[1],0.9
initialization.preliminary_attempts[1].preliminary_sign.outside_radial_range[0],1.1
initialization.preliminary_attempts[1].preliminary_sign.outside_radial_range[1],2.0
initialization.preliminary_attempts[1].preliminary_sign.samples_per_class,8192
initialization.preliminary_attempts[1].preliminary_sign.note,Sign accuracy excludes the near-surface uncertainty band; radial errors are reported separately.
initialization.preliminary_attempts[1].preliminary_valid,True
initialization.radial.root_coverage,1.0
initialization.radial.radial_mae,0.013156193373073298
initialization.radial.radial_median,0.01008504598703408
initialization.radial.radial_p95,0.03670945171343215
initialization.radial.radial_max,0.162291525239743
initialization.radial.signed_radial_bias,0.0006631021136257733
initialization.radial.min_zeroset_gradient_norm,0.3605388567208028
initialization.radial.median_zeroset_gradient_norm,2.0032959346574324
initialization.radial.multiple_crossing_fraction,0.0
initialization.radial.no_crossing_count,0
initialization.radial.directions,4096
initialization.radial.scan_steps,161
initialization.sign.center_value,-1.1129722505621964
initialization.sign.inside_negative_fraction,1.0
initialization.sign.outside_positive_fraction,0.999755859375
initialization.sign.sign_accuracy,0.9998779296875
initialization.sign.inside_radial_range[0],0
initialization.sign.inside_radial_range[1],0.9
initialization.sign.outside_radial_range[0],1.1
initialization.sign.outside_radial_range[1],2.0
initialization.sign.samples_per_class,8192
initialization.sign.note,Sign accuracy excludes the near-surface uncertainty band; radial errors are reported separately.
initialization.mesh.grid_resolution,112
initialization.mesh.components,1
initialization.mesh.component_areas[0],13.047848952015668
initialization.mesh.watertight,True
initialization.mesh.surface_area,13.047848952015668
initialization.mesh.analytic_sphere_area,12.566370614359172
initialization.mesh.approximate_symmetric_chamfer,0.018127001203798898
initialization.mesh.near_zero_sample_count,8192
initialization.mesh.near_zero_gradient_min,0.15517929323391422
initialization.mesh.near_zero_degenerate_fraction,0.0
initialization.mesh.mesh_path,runs/v091_basis_only_field/sphere_initial.ply
initialization.mesh.note,"Temporary MC diagnostic only, never representation/source/observation target; finite-grid topology and sampled Chamfer."
initialization.gradient_check.groups.random[0].epsilon,0.0001
initialization.gradient_check.groups.random[0].relative_l2,1.0343006312525572e-07
initialization.gradient_check.groups.random[0].cosine,0.9999999999999962
initialization.gradient_check.groups.random[0].max_abs_error,7.515472619790131e-07
initialization.gradient_check.groups.random[1].epsilon,1e-05
initialization.gradient_check.groups.random[1].relative_l2,1.0343027416545354e-09
initialization.gradient_check.groups.random[1].cosine,1.0000000000000007
initialization.gradient_check.groups.random[1].max_abs_error,7.504101784405748e-09
initialization.gradient_check.groups.random[2].epsilon,1e-06
initialization.gradient_check.groups.random[2].relative_l2,1.0181743034030979e-10
initialization.gradient_check.groups.random[2].cosine,0.9999999999999998
initialization.gradient_check.groups.random[2].max_abs_error,5.278951442644342e-10
initialization.gradient_check.groups.support_boundary[0].epsilon,0.0001
initialization.gradient_check.groups.support_boundary[0].relative_l2,1.253252563932992e-07
initialization.gradient_check.groups.support_boundary[0].cosine,0.9999999999999933
initialization.gradient_check.groups.support_boundary[0].max_abs_error,6.006151145321326e-07
initialization.gradient_check.groups.support_boundary[1].epsilon,1e-05
initialization.gradient_check.groups.support_boundary[1].relative_l2,1.253185977288315e-09
initialization.gradient_check.groups.support_boundary[1].cosine,0.9999999999999999
initialization.gradient_check.groups.support_boundary[1].max_abs_error,5.99520588728808e-09
initialization.gradient_check.groups.support_boundary[2].epsilon,1e-06
initialization.gradient_check.groups.support_boundary[2].relative_l2,1.109177759837978e-10
initialization.gradient_check.groups.support_boundary[2].cosine,0.9999999999999998
initialization.gradient_check.groups.support_boundary[2].max_abs_error,6.262452778571515e-10
initialization.gradient_check.groups.zero_set[0].epsilon,0.0001
initialization.gradient_check.groups.zero_set[0].relative_l2,1.014324386478108e-07
initialization.gradient_check.groups.zero_set[0].cosine,0.999999999999994
initialization.gradient_check.groups.zero_set[0].max_abs_error,5.792708390739421e-07
initialization.gradient_check.groups.zero_set[1].epsilon,1e-05
initialization.gradient_check.groups.zero_set[1].relative_l2,1.0142892458924399e-09
initialization.gradient_check.groups.zero_set[1].cosine,0.999999999999999
initialization.gradient_check.groups.zero_set[1].max_abs_error,5.800770086494822e-09
initialization.gradient_check.groups.zero_set[2].epsilon,1e-06
initialization.gradient_check.groups.zero_set[2].relative_l2,9.483457437363407e-11
initialization.gradient_check.groups.zero_set[2].cosine,0.999999999999999
initialization.gradient_check.groups.zero_set[2].max_abs_error,4.697309208268052e-10
initialization.gradient_check.passed,True
initialization.outside_support_exact,True
initialization.perturbations[0].coordinate,32
initialization.perturbations[0].coefficient,-1.3528788055818577
initialization.perturbations[0].epsilon,0.06337089196366527
initialization.perturbations[0].variants[0].sign,-1
initialization.perturbations[0].variants[0].radial.root_coverage,1.0
initialization.perturbations[0].variants[0].radial.radial_mae,0.013130371121447458
initialization.perturbations[0].variants[0].radial.radial_median,0.010072628755551039
initialization.perturbations[0].variants[0].radial.radial_p95,0.03664063631804315
initialization.perturbations[0].variants[0].radial.radial_max,0.162291525239743
initialization.perturbations[0].variants[0].radial.signed_radial_bias,0.0006984964181298485
initialization.perturbations[0].variants[0].radial.min_zeroset_gradient_norm,0.4398238150503967
initialization.perturbations[0].variants[0].radial.median_zeroset_gradient_norm,2.0032959346574324
initialization.perturbations[0].variants[0].radial.multiple_crossing_fraction,0.0
initialization.perturbations[0].variants[0].radial.no_crossing_count,0
initialization.perturbations[0].variants[0].radial.directions,4096
initialization.perturbations[0].variants[0].radial.scan_steps,161
initialization.perturbations[0].variants[0].max_displacement,0.01174906411761186
initialization.perturbations[0].variants[0].rms_displacement,0.0003500201071518126
initialization.perturbations[0].variants[0].max_displacement_outside_baseline_support,0.0
initialization.perturbations[0].variants[0].affected_direction_fraction,0.072509765625
initialization.perturbations[0].variants[0].affected_sphere_area_estimate,0.9111845880040709
initialization.perturbations[0].variants[0].normal_change_rms,0.00505155448198156
initialization.perturbations[0].variants[1].sign,1
initialization.perturbations[0].variants[1].radial.root_coverage,1.0
initialization.perturbations[0].variants[1].radial.radial_mae,0.013167681434610556
initialization.perturbations[0].variants[1].radial.radial_median,0.010062388552068757
initialization.perturbations[0].variants[1].radial.radial_p95,0.0368480016599278
initialization.perturbations[0].variants[1].radial.radial_max,0.162291525239743
initialization.perturbations[0].variants[1].radial.signed_radial_bias,0.0005972753308294738
initialization.perturbations[0].variants[1].radial.min_zeroset_gradient_norm,0.3197334839459751
initialization.perturbations[0].variants[1].radial.median_zeroset_gradient_norm,2.0028496378060714
initialization.perturbations[0].variants[1].radial.multiple_crossing_fraction,0.000244140625
initialization.perturbations[0].variants[1].radial.no_crossing_count,0
initialization.perturbations[0].variants[1].radial.directions,4096
initialization.perturbations[0].variants[1].radial.scan_steps,161
initialization.perturbations[0].variants[1].max_displacement,0.1133731341502422
initialization.perturbations[0].variants[1].rms_displacement,0.0018114223194611585
initialization.perturbations[0].variants[1].max_displacement_outside_baseline_support,0.0
initialization.perturbations[0].variants[1].affected_direction_fraction,0.072509765625
initialization.perturbations[0].variants[1].affected_sphere_area_estimate,0.9111845880040709
initialization.perturbations[0].variants[1].normal_change_rms,0.008451519894714769
initialization.perturbations[1].coordinate,83
initialization.perturbations[1].coefficient,-0.5574035164052228
initialization.perturbations[1].epsilon,0.06337089196366527
initialization.perturbations[1].variants[0].sign,-1
initialization.perturbations[1].variants[0].radial.root_coverage,1.0
initialization.perturbations[1].variants[0].radial.radial_mae,0.013233083189373284
initialization.perturbations[1].variants[0].radial.radial_median,0.010112920450592089
initialization.perturbations[1].variants[0].radial.radial_p95,0.03739813413985754
initialization.perturbations[1].variants[0].radial.radial_max,0.162291525239743
initialization.perturbations[1].variants[0].radial.signed_radial_bias,0.0009117296863705928
initialization.perturbations[1].variants[0].radial.min_zeroset_gradient_norm,0.3605388567208028
initialization.perturbations[1].variants[0].radial.median_zeroset_gradient_norm,2.0012856667297543
initialization.perturbations[1].variants[0].radial.multiple_crossing_fraction,0.0
initialization.perturbations[1].variants[0].radial.no_crossing_count,0
initialization.perturbations[1].variants[0].radial.directions,4096
initialization.perturbations[1].variants[0].radial.scan_steps,161
initialization.perturbations[1].variants[0].max_displacement,0.03735591568038221
initialization.perturbations[1].variants[0].rms_displacement,0.0018934658161645047
initialization.perturbations[1].variants[0].max_displacement_outside_baseline_support,0.0
initialization.perturbations[1].variants[0].affected_direction_fraction,0.06982421875
initialization.perturbations[1].variants[0].affected_sphere_area_estimate,0.8774370106705868
initialization.perturbations[1].variants[0].normal_change_rms,0.013802030836652783
initialization.perturbations[1].variants[1].sign,1
initialization.perturbations[1].variants[1].radial.root_coverage,1.0
initialization.perturbations[1].variants[1].radial.radial_mae,0.013205318225553661
initialization.perturbations[1].variants[1].radial.radial_median,0.010122877787762219
initialization.perturbations[1].variants[1].radial.radial_p95,0.03670945171343215
initialization.perturbations[1].variants[1].radial.radial_max,0.162291525239743
initialization.perturbations[1].variants[1].radial.signed_radial_bias,0.0004447172130067453
initialization.perturbations[1].variants[1].radial.min_zeroset_gradient_norm,0.3605388567208028
initialization.perturbations[1].variants[1].radial.median_zeroset_gradient_norm,2.004483645694876
initialization.perturbations[1].variants[1].radial.multiple_crossing_fraction,0.0
initialization.perturbations[1].variants[1].radial.no_crossing_count,0
initialization.perturbations[1].variants[1].radial.directions,4096
initialization.perturbations[1].variants[1].radial.scan_steps,161
initialization.perturbations[1].variants[1].max_displacement,0.02647314087007558
initialization.perturbations[1].variants[1].rms_displacement,0.0015493333114383991
initialization.perturbations[1].variants[1].max_displacement_outside_baseline_support,0.0
initialization.perturbations[1].variants[1].affected_direction_fraction,0.06982421875
initialization.perturbations[1].variants[1].affected_sphere_area_estimate,0.8774370106705868
initialization.perturbations[1].variants[1].normal_change_rms,0.010908771897573104
initialization.perturbations[2].coordinate,232
initialization.perturbations[2].coefficient,0.0016860305787627242
initialization.perturbations[2].epsilon,0.06337089196366527
initialization.perturbations[2].variants[0].sign,-1
initialization.perturbations[2].variants[0].radial.root_coverage,1.0
initialization.perturbations[2].variants[0].radial.radial_mae,0.013263415269687658
initialization.perturbations[2].variants[0].radial.radial_median,0.0101588889263442
initialization.perturbations[2].variants[0].radial.radial_p95,0.03725766579782436
initialization.perturbations[2].variants[0].radial.radial_max,0.162291525239743
initialization.perturbations[2].variants[0].radial.signed_radial_bias,0.0009026870262539837
initialization.perturbations[2].variants[0].radial.min_zeroset_gradient_norm,0.3605388567208028
initialization.perturbations[2].variants[0].radial.median_zeroset_gradient_norm,2.0028496378060714
initialization.perturbations[2].variants[0].radial.multiple_crossing_fraction,0.0
initialization.perturbations[2].variants[0].radial.no_crossing_count,0
initialization.perturbations[2].variants[0].radial.directions,4096
initialization.perturbations[2].variants[0].radial.scan_steps,161
initialization.perturbations[2].variants[0].max_displacement,0.016605123724730886
initialization.perturbations[2].variants[0].rms_displacement,0.0015473364121496552
initialization.perturbations[2].variants[0].max_displacement_outside_baseline_support,0.0
initialization.perturbations[2].variants[0].affected_direction_fraction,0.071533203125
initialization.perturbations[2].variants[0].affected_sphere_area_estimate,0.8989127417009857
initialization.perturbations[2].variants[0].normal_change_rms,0.00937621915069838
initialization.perturbations[2].variants[1].sign,1
initialization.perturbations[2].variants[1].radial.root_coverage,1.0
initialization.perturbations[2].variants[1].radial.radial_mae,0.013188589464347505
initialization.perturbations[2].variants[1].radial.radial_median,0.010129096373748148
initialization.perturbations[2].variants[1].radial.radial_p95,0.03643412684295966
initialization.perturbations[2].variants[1].radial.radial_max,0.162291525239743
initialization.perturbations[2].variants[1].radial.signed_radial_bias,0.0004355964754162265
initialization.perturbations[2].variants[1].radial.min_zeroset_gradient_norm,0.3605388567208028
initialization.perturbations[2].variants[1].radial.median_zeroset_gradient_norm,2.003473930645649
initialization.perturbations[2].variants[1].radial.multiple_crossing_fraction,0.0
initialization.perturbations[2].variants[1].radial.no_crossing_count,0
initialization.perturbations[2].variants[1].radial.directions,4096
initialization.perturbations[2].variants[1].radial.scan_steps,161
initialization.perturbations[2].variants[1].max_displacement,0.016080670454903894
initialization.perturbations[2].variants[1].rms_displacement,0.0014483744849702529
initialization.perturbations[2].variants[1].max_displacement_outside_baseline_support,0.0
initialization.perturbations[2].variants[1].affected_direction_fraction,0.071533203125
initialization.perturbations[2].variants[1].affected_sphere_area_estimate,0.8989127417009857
initialization.perturbations[2].variants[1].normal_change_rms,0.008837198131988402
initialization.scalar_recovery.trajectory[0].iteration,0
initialization.scalar_recovery.trajectory[0].alpha,0.0
initialization.scalar_recovery.trajectory[0].objective,483.4722273932288
initialization.scalar_recovery.trajectory[0].field_mse,0.010014999976690203
initialization.scalar_recovery.trajectory[0].radial.root_coverage,1.0
initialization.scalar_recovery.trajectory[0].radial.radial_mae,0.044988329862751156
initialization.scalar_recovery.trajectory[0].radial.radial_median,0.036895403102789937
initialization.scalar_recovery.trajectory[0].radial.radial_p95,0.1197927907854864
initialization.scalar_recovery.trajectory[0].radial.radial_max,0.2085102277380424
initialization.scalar_recovery.trajectory[0].radial.signed_radial_bias,0.015253094306430256
initialization.scalar_recovery.trajectory[0].radial.min_zeroset_gradient_norm,0.2626563996578905
initialization.scalar_recovery.trajectory[0].radial.median_zeroset_gradient_norm,2.309504666677848
initialization.scalar_recovery.trajectory[0].radial.multiple_crossing_fraction,0.0
initialization.scalar_recovery.trajectory[0].radial.no_crossing_count,0
initialization.scalar_recovery.trajectory[0].radial.directions,1024
initialization.scalar_recovery.trajectory[0].radial.scan_steps,161
initialization.scalar_recovery.trajectory[1].iteration,1
initialization.scalar_recovery.trajectory[1].alpha,0.5
initialization.scalar_recovery.trajectory[1].objective,170.89169183423078
initialization.scalar_recovery.trajectory[1].field_mse,0.004661191071846635
initialization.scalar_recovery.trajectory[1].radial.root_coverage,1.0
initialization.scalar_recovery.trajectory[1].radial.radial_mae,0.026088282802663045
initialization.scalar_recovery.trajectory[1].radial.radial_median,0.0197815674508095
initialization.scalar_recovery.trajectory[1].radial.radial_p95,0.07107174600952917
initialization.scalar_recovery.trajectory[1].radial.radial_max,0.16807037851485762
initialization.scalar_recovery.trajectory[1].radial.signed_radial_bias,0.008863790980427647
initialization.scalar_recovery.trajectory[1].radial.min_zeroset_gradient_norm,0.3423141551706252
initialization.scalar_recovery.trajectory[1].radial.median_zeroset_gradient_norm,2.086274504508023
initialization.scalar_recovery.trajectory[1].radial.multiple_crossing_fraction,0.0
initialization.scalar_recovery.trajectory[1].radial.no_crossing_count,0
initialization.scalar_recovery.trajectory[1].radial.directions,1024
initialization.scalar_recovery.trajectory[1].radial.scan_steps,161
initialization.scalar_recovery.trajectory[2].iteration,2
initialization.scalar_recovery.trajectory[2].alpha,0.5
initialization.scalar_recovery.trajectory[2].objective,92.7465579444815
initialization.scalar_recovery.trajectory[2].field_mse,0.003310911868366402
initialization.scalar_recovery.trajectory[2].radial.root_coverage,1.0
initialization.scalar_recovery.trajectory[2].radial.radial_mae,0.01768591785265907
initialization.scalar_recovery.trajectory[2].radial.radial_median,0.01363176802788102
initialization.scalar_recovery.trajectory[2].radial.radial_p95,0.046482563200224696
initialization.scalar_recovery.trajectory[2].radial.radial_max,0.16430215174350482
initialization.scalar_recovery.trajectory[2].radial.signed_radial_bias,0.004961064012803698
initialization.scalar_recovery.trajectory[2].radial.min_zeroset_gradient_norm,0.4155679677649137
initialization.scalar_recovery.trajectory[2].radial.median_zeroset_gradient_norm,2.0347822363056483
initialization.scalar_recovery.trajectory[2].radial.multiple_crossing_fraction,0.0
initialization.scalar_recovery.trajectory[2].radial.no_crossing_count,0
initialization.scalar_recovery.trajectory[2].radial.directions,1024
initialization.scalar_recovery.trajectory[2].radial.scan_steps,161
initialization.scalar_recovery.trajectory[3].iteration,3
initialization.scalar_recovery.trajectory[3].alpha,1.0
initialization.scalar_recovery.trajectory[3].objective,66.69817998123202
initialization.scalar_recovery.trajectory[3].field_mse,0.0028450494975138696
initialization.scalar_recovery.trajectory[3].radial.root_coverage,1.0
initialization.scalar_recovery.trajectory[3].radial.radial_mae,0.013146999139986053
initialization.scalar_recovery.trajectory[3].radial.radial_median,0.009812115314889347
initialization.scalar_recovery.trajectory[3].radial.radial_p95,0.03640863611184601
initialization.scalar_recovery.trajectory[3].radial.radial_max,0.1600411036195506
initialization.scalar_recovery.trajectory[3].radial.signed_radial_bias,0.0007796943848930359
initialization.scalar_recovery.trajectory[3].radial.min_zeroset_gradient_norm,0.5519235142177761
initialization.scalar_recovery.trajectory[3].radial.median_zeroset_gradient_norm,1.9955110025789744
initialization.scalar_recovery.trajectory[3].radial.multiple_crossing_fraction,0.0
initialization.scalar_recovery.trajectory[3].radial.no_crossing_count,0
initialization.scalar_recovery.trajectory[3].radial.directions,1024
initialization.scalar_recovery.trajectory[3].radial.scan_steps,161
initialization.scalar_recovery.perturbation,"Seed299 Gaussian coefficient noise, RMS .2 times initialized coefficient RMS; no clamp"
initialization.scalar_recovery.optimizer,Exact regularized least-squares optimum with declared half/half/full steps; all K coefficients optimized
initialization.scalar_recovery.passed,True
initialization.performance.cpu_queries[0].operation,value
initialization.performance.cpu_queries[0].seconds,0.08296630904078484
initialization.performance.cpu_queries[0].points,16384
initialization.performance.cpu_queries[0].device,cpu
initialization.performance.cpu_queries[1].operation,gradient
initialization.performance.cpu_queries[1].seconds,0.08168191812001169
initialization.performance.cpu_queries[1].points,16384
initialization.performance.cpu_queries[1].device,cpu
initialization.performance.support_pairs,113108
initialization.performance.query_points,16384
initialization.performance.average_active_bases_per_point,6.903564453125
initialization.performance.cpu_rss_peak_mib,834.44921875
initialization.performance.seconds,64.24330074200407
initialization.field_state_path,runs/v091_basis_only_field/initialized_field.pt
initialization.centers[0][0],0.0
initialization.centers[0][1],0.0
initialization.centers[0][2],0.0
initialization.centers[1][0],0.7092297546565531
initialization.centers[1][1],0.21377845061942935
initialization.centers[1][2],0.8795953409746287
initialization.centers[2][0],-0.1624689166434109
initialization.centers[2][1],0.6335977480746806
initialization.centers[2][2],-0.94558666376397
initialization.centers[3][0],-0.3754821420647204
initialization.centers[3][1],-0.6178649321198463
initialization.centers[3][2],0.8939209232106804
initialization.centers[4][0],1.1039741273038088
initialization.centers[4][1],0.2093360527418553
initialization.centers[4][2],-0.24157739942893386
initialization.centers[5][0],-1.0052115102298558
initialization.centers[5][1],0.423165051266551
initialization.centers[5][2],0.36250398987904187
initialization.centers[6][0],-0.4814500119537115
initialization.centers[6][1],-0.9656817952170967
initialization.centers[6][2],-0.39457640014588835
initialization.centers[7][0],0.6274084443226455
initialization.centers[7][1],-0.9613830705173313
initialization.centers[7][2],0.032026431336998895
initialization.centers[8][0],0.1072434301488101
initialization.centers[8][1],1.0839997663162646
initialization.centers[8][2],0.3615165770985185
initialization.centers[9][0],0.4507376162335277
initialization.centers[9][1],-0.3687350291758775
initialization.centers[9][2],-0.9805975485593079
initialization.centers[10][0],-0.9472827646881341
initialization.centers[10][1],-0.015933820884674876
initialization.centers[10][2],-0.5771533540450036
initialization.centers[11][0],-0.24271568693220613
initialization.centers[11][1],0.4444715481251478
initialization.centers[11][2],1.0009018289856613
initialization.centers[12][0],-0.929635522328317
initialization.centers[12][1],-0.47854411145672193
initialization.centers[12][2],0.18968151574954395
initialization.centers[13][0],0.5006491208449007
initialization.centers[13][1],0.8242877928540111
initialization.centers[13][2],-0.4024117967113853
initialization.centers[14][0],-0.5614050982519984
initialization.centers[14][1],0.8907763478346169
initialization.centers[14][2],-0.21953784441575408
initialization.centers[15][0],0.43632993167266254
initialization.centers[15][1],-0.5760307762771845
initialization.centers[15][2],0.761582450196147
initialization.centers[16][0],-0.356309958640486
initialization.centers[16][1],-0.24403352895751595
initialization.centers[16][2],-1.0256109294481575
initialization.centers[17][0],1.0263225607573987
initialization.centers[17][1],-0.32596589988097546
initialization.centers[17][2],0.36538658495992427
initialization.centers[18][0],-0.1573116529732942
initialization.centers[18][1],-1.0854111363179981
initialization.centers[18][2],0.2648375499062241
initialization.centers[19][0],0.7493370712734759
initialization.centers[19][1],0.6055470707826316
initialization.centers[19][2],0.27246956815943113
initialization.centers[20][0],0.24974830402061343
initialization.centers[20][1],-0.9069553404115139
initialization.centers[20][2],-0.5534398039802908
initialization.centers[21][0],0.8838293910026551
initialization.centers[21][1],-0.4194097454659641
initialization.centers[21][2],-0.44199131634086364
initialization.centers[22][0],0.5375663479790092
initialization.centers[22][1],0.33259829999879
initialization.centers[22][2],-0.8871900619938968
initialization.centers[23][0],-0.7899678386747837
initialization.centers[23][1],-0.05054071871563792
initialization.centers[23][2],0.8120263657532631
initialization.centers[24][0],-0.5139067152515053
initialization.centers[24][1],0.8510178777389226
initialization.centers[24][2],0.4974069454707204
initialization.centers[25][0],0.02696031369268903
initialization.centers[25][1],-0.08608338898047796
initialization.centers[25][2],0.72778963111341
initialization.centers[26][0],-0.3961948434822261
initialization.centers[26][1],0.2801309366710485
initialization.centers[26][2],-0.40983578627929085
initialization.centers[27][0],0.01603831397369504
initialization.centers[27][1],0.46743487371131764
initialization.centers[27][2],0.42821875149384137
initialization.centers[28][0],0.43931739898398514
initialization.centers[28][1],-0.39042898500338197
initialization.centers[28][2],0.15038472851738338
initialization.centers[29][0],-0.30409817304462194
initialization.centers[29][1],-0.5457773730158806
initialization.centers[29][2],0.035538746044039726
initialization.centers[30][0],-0.0037937961518763608
initialization.centers[30][1],-0.2909960051998496
initialization.centers[30][2],-0.5462987310253083
initialization.centers[31][0],-0.009954835660755723
initialization.centers[31][1],1.1084649653173981
initialization.centers[31][2],-0.2635120265185833
initialization.centers[32][0],-0.4806277741678059
initialization.centers[32][1],0.14875673595815897
initialization.centers[32][2],0.306921885535121
initialization.centers[33][0],0.47853859784081565
initialization.centers[33][1],0.2512197197414934
initialization.centers[33][2],-0.2349596594460308
initialization.centers[34][0],-0.8766451280564069
initialization.centers[34][1],-0.553773632645607
initialization.centers[34][2],-0.37976192040368917
initialization.centers[35][0],-0.9566178305074572
initialization.centers[35][1],0.48496607309207307
initialization.centers[35][2],-0.23136955648660662
initialization.centers[36][0],0.31678471835330124
initialization.centers[36][1],0.613102350383997
initialization.centers[36][2],0.8813721283338962
initialization.centers[37][0],-1.0970648661255835
initialization.centers[37][1],-0.008483595587313264
initialization.centers[37][2],-0.03067045453935857
initialization.centers[38][0],0.4803893970325588
initialization.centers[38][1],0.1300746624357998
initialization.centers[38][2],0.30618977844715123
initialization.centers[39][0],0.05066844010725613
initialization.centers[39][1],0.5793603705242276
initialization.centers[39][2],-0.15394875854253764
initialization.centers[40][0],0.031331426557153375
initialization.centers[40][1],0.09587829550728211
initialization.centers[40][2],-0.907916523888707
initialization.centers[41][0],-0.6153752025216818
initialization.centers[41][1],0.36716912370175114
initialization.centers[41][2],-0.8956956713460384
initialization.centers[42][0],-0.2335813797079026
initialization.centers[42][1],-0.7085049947723745
initialization.centers[42][2],-0.815158525854349
initialization.centers[43][0],-0.5077710782177746
initialization.centers[43][1],-0.3465859794057905
initialization.centers[43][2],0.4712047753855586
initialization.centers[44][0],1.0669829161837696
initialization.centers[44][1],0.20730935549363494
initialization.centers[44][2],0.3671545428223908
initialization.centers[45][0],-0.6346553277224302
initialization.centers[45][1],-0.9340567911043762
initialization.centers[45][2],0.12062099603936072
initialization.centers[46][0],0.010845100414007991
initialization.centers[46][1],-0.5508026140742004
initialization.centers[46][2],0.4862391935661434
initialization.centers[47][0],-0.49494323525577777
initialization.centers[47][1],-0.21476664524525402
initialization.centers[47][2],-0.3793134667910635
initialization.centers[48][0],0.3972868735902011
initialization.centers[48][1],-0.13234711615368733
initialization.centers[48][2],1.056285464577377
initialization.centers[49][0],0.8540054093115033
initialization.centers[49][1],-0.019722013454884335
initialization.centers[49][2],-0.7464846211485564
initialization.centers[50][0],-0.33716703336685894
initialization.centers[50][1],-0.09837609631940714
initialization.centers[50][2],1.0605500022880734
initialization.centers[51][0],-0.09062335044145575
initialization.centers[51][1],0.8574649976566433
initialization.centers[51][2],0.7576581351459026
initialization.centers[52][0],0.15719578349962826
initialization.centers[52][1],-0.7243413270451128
initialization.centers[52][2],-0.06966032143682233
initialization.centers[53][0],0.2958571315743028
initialization.centers[53][1],-1.0061078926548361
initialization.centers[53][2],0.4171737214550375
initialization.centers[54][0],0.39841097220778465
initialization.centers[54][1],-0.21035152412950986
initialization.centers[54][2],-0.3020234083756804
initialization.centers[55][0],0.523307376820594
initialization.centers[55][1],0.9937991221435367
initialization.centers[55][2],0.1313551172614098
initialization.centers[56][0],0.8062521875835955
initialization.centers[56][1],-0.058943426515907005
initialization.centers[56][2],0.003944852948188693
initialization.centers[57][0],-0.6397649630904197
initialization.centers[57][1],0.4251424815505742
initialization.centers[57][2],0.7659941376186907
initialization.centers[58][0],0.7295902851037681
initialization.centers[58][1],-0.7323375866748392
initialization.centers[58][2],0.41723402207717286
initialization.centers[59][0],-0.4323377331718802
initialization.centers[59][1],0.546140736155212
initialization.centers[59][2],0.08281088657677182
initialization.centers[60][0],0.1801148052327335
initialization.centers[60][1],0.44524438828229895
initialization.centers[60][2],-0.5714625098742544
initialization.centers[61][0],0.8237474692054092
initialization.centers[61][1],0.5498794304206966
initialization.centers[61][2],-0.5693370859138667
initialization.centers[62][0],0.06157256877049799
initialization.centers[62][1],-0.5225348836742341
initialization.centers[62][2],1.0025297701358795
initialization.centers[63][0],0.662369524501264
initialization.centers[63][1],-0.19526010192930698
initialization.centers[63][2],0.6998429499566554
initialization.centers[64][0],-0.6304889319464564
initialization.centers[64][1],-0.5231769500300287
initialization.centers[64][2],-0.7508544123731553
initialization.centers[65][0],0.8135414212942123
initialization.centers[65][1],-0.555450902879238
initialization.centers[65][2],-0.015587814711034209
initialization.centers[66][0],-0.23258814057335253
initialization.centers[66][1],0.75642776126042
initialization.centers[66][2],-0.5275827404111624
initialization.centers[67][0],-0.30363622670993207
initialization.centers[67][1],1.0234383548609913
initialization.centers[67][2],0.14998069228604427
initialization.centers[68][0],-0.805528134573251
initialization.centers[68][1],0.7652838536538182
initialization.centers[68][2],0.17100608469918366
initialization.centers[69][0],0.9368280257098376
initialization.centers[69][1],0.6507749985903502
initialization.centers[69][2],-0.12258682074025273
initialization.centers[70][0],0.044716956559568644
initialization.centers[70][1],-1.1166028910316526
initialization.centers[70][2],-0.22459812713786953
initialization.centers[71][0],-0.9864438492804765
initialization.centers[71][1],-0.010615940485149578
initialization.centers[71][2],0.4247063211165367
initialization.centers[72][0],-0.5886007066816091
initialization.centers[72][1],-0.17976427292451258
initialization.centers[72][2],0.04563147779554133
initialization.centers[73][0],0.45715813413262363
initialization.centers[73][1],0.8845491556450722
initialization.centers[73][2],0.5741167997010053
initialization.centers[74][0],0.038532450981438204
initialization.centers[74][1],0.10683001819998017
initialization.centers[74][2],1.1231801657006142
initialization.centers[75][0],-0.5717793692834675
initialization.centers[75][1],-0.7672968182712793
initialization.centers[75][2],0.5394388417713343
initialization.centers[76][0],-0.18895030831918114
initialization.centers[76][1],-0.6529006731696426
initialization.centers[76][2],-0.36847034133970735
initialization.centers[77][0],0.15845618452876797
initialization.centers[77][1],0.9465372505597771
initialization.centers[77][2],-0.6240682683885097
initialization.centers[78][0],0.5902256918139754
initialization.centers[78][1],-0.6536734426394104
initialization.centers[78][2],-0.7040612302720546
initialization.centers[79][0],0.37637295518070446
initialization.centers[79][1],0.02623027153313151
initialization.centers[79][2],-0.6487669199705124
initialization.centers[80][0],-0.723804640583694
initialization.centers[80][1],0.6280542014166712
initialization.centers[80][2],-0.5488608830608427
initialization.centers[81][0],-0.020644918642938048
initialization.centers[81][1],-0.9165092907845973
initialization.centers[81][2],0.6795972693711518
initialization.centers[82][0],0.5030818806961179
initialization.centers[82][1],-0.6922325834631919
initialization.centers[82][2],-0.2961907717399299
initialization.centers[83][0],0.04778216928243628
initialization.centers[83][1],-0.2745371934026479
initialization.centers[83][2],-1.1124876150861382
initialization.centers[84][0],-0.42402790430933235
initialization.centers[84][1],0.013029188476502807
initialization.centers[84][2],-0.7132148030214012
initialization.centers[85][0],0.3124936514534056
initialization.centers[85][1],0.2018406667746604
initialization.centers[85][2],0.8104377889074386
initialization.centers[86][0],0.3018758709542453
initialization.centers[86][1],0.47592389294877635
initialization.centers[86][2],0.14335136814042926
initialization.centers[87][0],-0.6873996485024689
initialization.centers[87][1],0.18625865271314979
initialization.centers[87][2],-0.0878920349292458
initialization.centers[88][0],0.1858712087385357
initialization.centers[88][1],-0.15812898976728318
initialization.centers[88][2],0.36953776152804485
initialization.centers[89][0],0.22610738202929492
initialization.centers[89][1],0.5600541573949158
initialization.centers[89][2],-0.9655005292035639
initialization.centers[90][0],0.44460819754749537
initialization.centers[90][1],0.47086738022044305
initialization.centers[90][2],0.5375555992126464
initialization.centers[91][0],-0.19605671660974622
initialization.centers[91][1],-0.2266015553846955
initialization.centers[91][2],0.24942506561055788
initialization.centers[92][0],-0.03759189322590828
initialization.centers[92][1],0.1146325815469027
initialization.centers[92][2],-0.3701230423524976
initialization.centers[93][0],-0.2730366951785982
initialization.centers[93][1],0.26278381794691086
initialization.centers[93][2],0.6151973123662173
initialization.centers[94][0],0.009485492855310529
initialization.centers[94][1],-0.36621527886018157
initialization.centers[94][2],-0.12735113753005867
initialization.centers[95][0],1.0946687523275611
initialization.centers[95][1],-0.17954843649640673
initialization.centers[95][2],-0.2167133650742471
initialization.centers[96][0],-0.29871839191764593
initialization.centers[96][1],0.1524149365723133
initialization.centers[96][2],-1.0910405724309384
initialization.centers[97][0],0.09856488090008497
initialization.centers[97][1],-0.5252640335820615
initialization.centers[97][2],-0.8415536660701035
initialization.centers[98][0],0.36637292457744475
initialization.centers[98][1],-0.01844808328896752
initialization.centers[98][2],-1.0677154538221656
initialization.centers[99][0],0.07991927349939942
initialization.centers[99][1],0.776813923381269
initialization.centers[99][2],0.1595837596803904
initialization.centers[100][0],-0.2760467331856489
initialization.centers[100][1],0.2434153956361116
initialization.centers[100][2],-0.053891022223979235
initialization.centers[101][0],0.5655552594922482
initialization.centers[101][1],-0.2869830374605954
initialization.centers[101][2],-0.6254170029424131
initialization.centers[102][0],0.5738096822984515
initialization.centers[102][1],0.6529330865480005
initialization.centers[102][2],-0.07387081542983642
initialization.centers[103][0],-0.8495385321788489
initialization.centers[103][1],-0.2264534910209477
initialization.centers[103][2],-0.2178842158988118
initialization.centers[104][0],0.7310153470374643
initialization.centers[104][1],0.28775170920416704
initialization.centers[104][2],0.0902014024555684
initialization.centers[105][0],-0.2790402474813163
initialization.centers[105][1],-0.8915796778164804
initialization.centers[105][2],-0.06123989894986148
initialization.centers[106][0],-0.5797997954301536
initialization.centers[106][1],-0.6849890373647212
initialization.centers[106][2],-0.14831214444711804
initialization.centers[107][0],-0.9149459728971123
initialization.centers[107][1],-0.42168213920667763
initialization.centers[107][2],0.5438583604991436
initialization.centers[108][0],0.694978274218738
initialization.centers[108][1],0.03483269475400452
initialization.centers[108][2],-0.41891301451250906
initialization.centers[109][0],-0.4380903388373554
initialization.centers[109][1],-0.04535871874541053
initialization.centers[109][2],0.6783679557964206
initialization.centers[110][0],0.4723247312940657
initialization.centers[110][1],0.6278678116388619
initialization.centers[110][2],-0.7026717262342572
initialization.centers[111][0],-0.04888400565832862
initialization.centers[111][1],0.13573774360120305
initialization.centers[111][2],0.322289174888283
initialization.centers[112][0],-0.2445666232146323
initialization.centers[112][1],0.3320301041007041
initialization.centers[112][2],-0.7846582822501659
initialization.centers[113][0],-0.7787800094112753
initialization.centers[113][1],0.25677409227937464
initialization.centers[113][2],-0.4362735167145728
initialization.centers[114][0],-0.09248245861381288
initialization.centers[114][1],-0.977189547009766
initialization.centers[114][2],-0.53325717439875
initialization.centers[115][0],0.30453581362962723
initialization.centers[115][1],-0.501151988748461
initialization.centers[115][2],-0.5388934736140072
initialization.centers[116][0],0.7808425408788024
initialization.centers[116][1],0.3885214259847998
initialization.centers[116][2],0.5727216192521154
initialization.centers[117][0],-0.30950248055160046
initialization.centers[117][1],-0.36459354320541026
initialization.centers[117][2],-0.6891218566335737
initialization.centers[118][0],0.3783469346351922
initialization.centers[118][1],-1.0312696044333278
initialization.centers[118][2],-0.24463088447228076
initialization.centers[119][0],-0.3611828812398016
initialization.centers[119][1],0.5933826032094658
initialization.centers[119][2],-0.25251697031781073
initialization.centers[120][0],-0.5896837680600583
initialization.centers[120][1],-0.32843482168391347
initialization.centers[120][2],0.8452862533740699
initialization.centers[121][0],-0.6453460490331053
initialization.centers[121][1],0.5476940956898033
initialization.centers[121][2],0.40397163163870564
initialization.centers[122][0],-0.199677221570164
initialization.centers[122][1],-0.3261698072776198
initialization.centers[122][2],0.8224091171287
initialization.centers[123][0],0.25624918276444086
initialization.centers[123][1],0.9209839778020976
initialization.centers[123][2],-0.15820775479078286
initialization.centers[124][0],0.287061446905136
initialization.centers[124][1],-0.6776301744394004
initialization.centers[124][2],0.2552938234992326
initialization.centers[125][0],-0.5352153777144849
initialization.centers[125][1],0.16786146434023985
initialization.centers[125][2],0.9843401606194675
initialization.centers[126][0],-0.18079738402739165
initialization.centers[126][1],0.8423228883184493
initialization.centers[126][2],0.42969774790108195
initialization.centers[127][0],-0.32646385822445156
initialization.centers[127][1],-0.7628049156628549
initialization.centers[127][2],0.3063129929825663
initialization.centers[128][0],0.010457493644207672
initialization.centers[128][1],0.35611221175640817
initialization.centers[128][2],0.7736806815490127
initialization.centers[129][0],0.3893545089289545
initialization.centers[129][1],-0.032924043294042304
initialization.centers[129][2],-0.014683001209050417
initialization.centers[130][0],0.6851581815630197
initialization.centers[130][1],-0.2025048432871699
initialization.centers[130][2],0.3633260627277195
initialization.centers[131][0],-0.3047016847878694
initialization.centers[131][1],0.5875498102046548
initialization.centers[131][2],0.6800117459148167
initialization.centers[132][0],-0.6151456120423973
initialization.centers[132][1],-0.5797985487617552
initialization.centers[132][2],0.17769346889108428
initialization.centers[133][0],-0.7168436340987682
initialization.centers[133][1],0.17255662316456433
initialization.centers[133][2],0.5681069669313727
initialization.centers[134][0],0.32677694335579877
initialization.centers[134][1],-0.26646580379456275
initialization.centers[134][2],0.7312137301079928
initialization.centers[135][0],-0.30185701027512546
initialization.centers[135][1],-0.19659176440909498
initialization.centers[135][2],-0.116567764338106
initialization.centers[136][0],0.30773906381800775
initialization.centers[136][1],-1.0452479895204305
initialization.centers[136][2],0.07168342219665647
initialization.centers[137][0],1.128172648511827
initialization.centers[137][1],-0.006193645671010106
initialization.centers[137][2],0.13319553397595874
initialization.centers[138][0],-0.8869304058142006
initialization.centers[138][1],-0.32338199326768513
initialization.centers[138][2],-0.653453658428043
initialization.centers[139][0],0.8322385362349449
initialization.centers[139][1],0.3770510721020399
initialization.centers[139][2],-0.2819221056997776
initialization.centers[140][0],0.18200584482401605
initialization.centers[140][1],0.7135267443023621
initialization.centers[140][2],0.6092586210928856
initialization.centers[141][0],0.9383540763519704
initialization.centers[141][1],0.09294444136321545
initialization.centers[141][2],0.6362186049111187
initialization.centers[142][0],-0.48547169137746093
initialization.centers[142][1],-0.5514362300746143
initialization.centers[142][2],-0.42987292623147366
initialization.centers[143][0],0.974217148963362
initialization.centers[143][1],0.19130131285637608
initialization.centers[143][2],-0.5402595051564276
initialization.centers[144][0],1.0551802566275001
initialization.centers[144][1],0.3434001440182328
initialization.centers[144][2],0.04187139309942722
initialization.centers[145][0],-1.0389706199988722
initialization.centers[145][1],0.3380710735917092
initialization.centers[145][2],0.03589306334033604
initialization.centers[146][0],0.5742477984167635
initialization.centers[146][1],0.09531529406085615
initialization.centers[146][2],0.6046378725208341
initialization.centers[147][0],0.3684650847688318
initialization.centers[147][1],-0.41899627782404425
initialization.centers[147][2],0.45544058280065647
initialization.centers[148][0],-0.18525238353759044
initialization.centers[148][1],0.788087483588606
initialization.centers[148][2],-0.021731313038617417
initialization.centers[149][0],-0.7670118238776922
initialization.centers[149][1],0.043847066909074695
initialization.centers[149][2],0.17934630699455734
initialization.centers[150][0],0.8301776370033622
initialization.centers[150][1],-0.47793724527582526
initialization.centers[150][2],0.565034544095397
initialization.centers[151][0],0.21859124181792144
initialization.centers[151][1],0.11692209234461193
initialization.centers[151][2],0.5265114773996173
initialization.centers[152][0],0.08375066891312599
initialization.centers[152][1],-0.4165523065254092
initialization.centers[152][2],0.17001167600974432
initialization.centers[153][0],-0.1371076500974595
initialization.centers[153][1],0.44026829209178686
initialization.centers[153][2],-0.4693974232301116
initialization.centers[154][0],-0.44522071443498135
initialization.centers[154][1],0.678426067251712
initialization.centers[154][2],-0.7381739504635334
initialization.centers[155][0],0.15652984622865906
initialization.centers[155][1],0.26762840561568746
initialization.centers[155][2],-0.1843835563398898
initialization.centers[156][0],0.5411039302125573
initialization.centers[156][1],0.30892826551571484
initialization.centers[156][2],-0.5319250535219907
initialization.centers[157][0],0.009938438329845756
initialization.centers[157][1],-0.8128673014231025
initialization.centers[157][2],0.2726769199594856
initialization.centers[158][0],-0.746348325163126
initialization.centers[158][1],-0.08165401685982943
initialization.centers[158][2],-0.8009824624285101
initialization.centers[159][0],-0.0005939689464866671
initialization.centers[159][1],0.31770676672458653
initialization.centers[159][2],0.0786740788258613
initialization.centers[160][0],-0.510223208554089
initialization.centers[160][1],-0.7947834059596062
initialization.centers[160][2],-0.6488904686644673
initialization.centers[161][0],0.13988564927130942
initialization.centers[161][1],1.13566278219223
initialization.centers[161][2],0.06075495993718505
initialization.centers[162][0],-0.25460958462208505
initialization.centers[162][1],0.3764272388070822
initialization.centers[162][2],0.3180384040810167
initialization.centers[163][0],-0.07270006956532593
initialization.centers[163][1],0.37389319892972694
initialization.centers[163][2],-1.0803465116769075
initialization.centers[164][0],1.0626076263375581
initialization.centers[164][1],-0.3102444967254996
initialization.centers[164][2],0.05690403766930108
initialization.centers[165][0],-0.8286945364437996
initialization.centers[165][1],0.21975944507867107
initialization.centers[165][2],-0.735309391375631
initialization.centers[166][0],0.3197935096919535
initialization.centers[166][1],0.5937333454377949
initialization.centers[166][2],-0.32004392081871624
initialization.centers[167][0],-1.086637397482991
initialization.centers[167][1],0.12515742313116784
initialization.centers[167][2],-0.3481581075116992
initialization.centers[168][0],-0.1184899320825934
initialization.centers[168][1],-0.1744207244366407
initialization.centers[168][2],-0.854510832671076
initialization.centers[169][0],-0.27664080709218974
initialization.centers[169][1],-0.7149563730694353
initialization.centers[169][2],0.5993859948590397
initialization.centers[170][0],0.8363518157973886
initialization.centers[170][1],-0.7354874678887426
initialization.centers[170][2],-0.2543161612935364
initialization.centers[171][0],0.4024187711998819
initialization.centers[171][1],0.7213310941122473
initialization.centers[171][2],0.2818868048489094
initialization.centers[172][0],0.07795621845871215
initialization.centers[172][1],-0.21106790862977498
initialization.centers[172][2],0.9947388594970108
initialization.centers[173][0],-0.1324360066093504
initialization.centers[173][1],0.07313477769494048
initialization.centers[173][2],-0.6506198783405124
initialization.centers[174][0],0.656422211509198
initialization.centers[174][1],0.63872903091833
initialization.centers[174][2],0.6753363174386322
initialization.centers[175][0],0.5934824930503964
initialization.centers[175][1],-0.4161410451866686
initialization.centers[175][2],-0.1566315118223428
initialization.centers[176][0],-0.6972924035042524
initialization.centers[176][1],0.5591420780867338
initialization.centers[176][2],-0.10924258502200246
initialization.centers[177][0],-0.19781484249979253
initialization.centers[177][1],0.1273271295242011
initialization.centers[177][2],0.8674122033640743
initialization.centers[178][0],-0.2926960946060717
initialization.centers[178][1],1.0259083691053092
initialization.centers[178][2],-0.2368419809266925
initialization.centers[179][0],0.14031567061319938
initialization.centers[179][1],0.3760954108089207
initialization.centers[179][2],1.055870850943029
initialization.centers[180][0],0.15382550116628413
initialization.centers[180][1],-0.6585961377248167
initialization.centers[180][2],0.7528808889910579
initialization.centers[181][0],-0.8521865779533981
initialization.centers[181][1],-0.6003158466890454
initialization.centers[181][2],-0.06487772017717353
initialization.centers[182][0],0.24037901051342492
initialization.centers[182][1],0.028189560864120722
initialization.centers[182][2],-0.3884465380571782
initialization.centers[183][0],0.20210166387259965
initialization.centers[183][1],-0.178840266726911
initialization.centers[183][2],-0.761199945770204
initialization.centers[184][0],-0.4786182411015033
initialization.centers[184][1],0.04501904230564824
initialization.centers[184][2],-0.23454239824786782
initialization.centers[185][0],-0.21639387737959626
initialization.centers[185][1],-0.047314283065497786
initialization.centers[185][2],0.4905729984864593
initialization.centers[186][0],0.012629123590886637
initialization.centers[186][1],0.8020986397750676
initialization.centers[186][2],-0.3803678119555115
initialization.centers[187][0],0.04365040175616741
initialization.centers[187][1],-0.6896985757164656
initialization.centers[187][2],-0.6108704026788473
initialization.centers[188][0],0.6210884460248052
initialization.centers[188][1],-0.09092160835862151
initialization.centers[188][2],-0.9551870793104171
initialization.centers[189][0],-0.5768553274683654
initialization.centers[189][1],0.9717672270722688
initialization.centers[189][2],0.05598976919427523
initialization.centers[190][0],-0.9592870203778147
initialization.centers[190][1],-0.19702059049159282
initialization.centers[190][2],0.139056002162397
initialization.centers[191][0],0.2902642601169645
initialization.centers[191][1],-0.7637079041451216
initialization.centers[191][2],-0.7981928084045649
initialization.centers[192][0],-0.14740455271676178
initialization.centers[192][1],-0.4612788123078644
initialization.centers[192][2],-1.018430834915489
initialization.centers[193][0],0.7682941187173127
initialization.centers[193][1],0.25373053345829244
initialization.centers[193][2],-0.7394336253404616
initialization.centers[194][0],-0.20112603018060327
initialization.centers[194][1],-0.36004585968330505
initialization.centers[194][2],0.5005860120058059
initialization.centers[195][0],0.07727133911103001
initialization.centers[195][1],-0.7662468578666448
initialization.centers[195][2],-0.33960341326892374
initialization.centers[196][0],-0.2796684869565069
initialization.centers[196][1],-0.036353259626775936
initialization.centers[196][2],-0.41859986297786234
initialization.centers[197][0],0.9214179640635849
initialization.centers[197][1],-0.6215847078710794
initialization.centers[197][2],0.2354063051752746
initialization.centers[198][0],-0.6185448290780187
initialization.centers[198][1],-0.4113634905777871
initialization.centers[198][2],-0.19964416986331346
initialization.centers[199][0],0.7534864849410952
initialization.centers[199][1],0.8320608324371277
initialization.centers[199][2],0.10644948659464726
initialization.centers[200][0],0.2657561967149378
initialization.centers[200][1],0.24925969997420916
initialization.centers[200][2],-0.9275632617063819
initialization.centers[201][0],-0.725588132534176
initialization.centers[201][1],-0.3049007276073098
initialization.centers[201][2],0.29984475253149867
initialization.centers[202][0],-0.18835790306329725
initialization.centers[202][1],-0.34322132421657436
initialization.centers[202][2],-0.34202541150152677
initialization.centers[203][0],0.24237045189365736
initialization.centers[203][1],0.20380977736786
initialization.centers[203][2],0.17120277341455226
initialization.centers[204][0],-0.2920413559302687
initialization.centers[204][1],0.004879603628069162
initialization.centers[204][2],0.09130302676931024
initialization.centers[205][0],-0.7418319690041244
initialization.centers[205][1],0.45857581887394194
initialization.centers[205][2],0.15711582107469435
initialization.centers[206][0],-0.6912888683378695
initialization.centers[206][1],-0.5772110092453658
initialization.centers[206][2],0.7053142219781876
initialization.centers[207][0],0.5877596296370029
initialization.centers[207][1],-0.7089870848692953
initialization.centers[207][2],0.14246977865695953
initialization.centers[208][0],-0.6664925267919897
initialization.centers[208][1],-0.09801391772925849
initialization.centers[208][2],0.5271887417882681
initialization.centers[209][0],0.7741183349862695
initialization.centers[209][1],0.07265175366774201
initialization.centers[209][2],0.26090647457167515
initialization.centers[210][0],-0.7895899117924272
initialization.centers[210][1],-0.7376682764850556
initialization.centers[210][2],0.3697301318868995
initialization.centers[211][0],0.2531413391232491
initialization.centers[211][1],-0.4688091649673879
initialization.centers[211][2],-0.2095995838753879
initialization.centers[212][0],0.6981280419044196
initialization.centers[212][1],0.6468611174263059
initialization.centers[212][2],-0.3263209861703217
initialization.centers[213][0],-0.8283534226939082
initialization.centers[213][1],0.7170251807197927
initialization.centers[213][2],-0.3105606321245432
initialization.centers[214][0],-0.5468524317257106
initialization.centers[214][1],0.4240346196107565
initialization.centers[214][2],-0.5996319119818508
initialization.centers[215][0],0.8431892907246947
initialization.centers[215][1],-0.33521653711795807
initialization.centers[215][2],-0.6984513852745293
initialization.centers[216][0],0.4384078494273125
initialization.centers[216][1],-0.6851849592290817
initialization.centers[216][2],0.5119150082580746
initialization.centers[217][0],0.53843489671126
initialization.centers[217][1],0.4360727795399726
initialization.centers[217][2],0.8135734640993177
initialization.centers[218][0],-0.013477421458810479
initialization.centers[218][1],0.7554630412720142
initialization.centers[218][2],-0.7535412269644439
initialization.centers[219][0],-0.015556755103170783
initialization.centers[219][1],0.58940503699705
initialization.centers[219][2],0.9696531752124429
initialization.centers[220][0],-0.23264758223667736
initialization.centers[220][1],-0.9690552927553653
initialization.centers[220][2],0.5169115459546447
initialization.centers[221][0],-0.6751508765853941
initialization.centers[221][1],-0.7441929790191352
initialization.centers[221][2],-0.42424603058025234
initialization.centers[222][0],-0.15146991051733494
initialization.centers[222][1],0.6197727931663393
initialization.centers[222][2],0.18556455615907907
initialization.centers[223][0],0.3079564253799616
initialization.centers[223][1],0.6803755653090775
initialization.centers[223][2],-0.043052255827933594
initialization.centers[224][0],-0.7233557521365582
initialization.centers[224][1],-0.07809322988614431
initialization.centers[224][2],-0.4161628318950533
initialization.centers[225][0],-0.39056063489988446
initialization.centers[225][1],0.6245596592314542
initialization.centers[225][2],0.3855130073614419
initialization.centers[226][0],-0.11638821410015221
initialization.centers[226][1],-0.5729845399037004
initialization.centers[226][2],0.24687613854184742
initialization.centers[227][0],-0.49434738559648395
initialization.centers[227][1],0.8148095165379345
initialization.centers[227][2],-0.516503649763763
initialization.centers[228][0],0.6431201825849711
initialization.centers[228][1],-0.4734443958848714
initialization.centers[228][2],0.2961593222804366
initialization.centers[229][0],0.9481354451738295
initialization.centers[229][1],-0.11310978466644883
initialization.centers[229][2],-0.5184319673106074
initialization.centers[230][0],0.24567212676629424
initialization.centers[230][1],-0.25378128485754126
initialization.centers[230][2],-0.002956776134669825
initialization.centers[231][0],0.6025323459878564
initialization.centers[231][1],-0.04346174784004697
initialization.centers[231][2],-0.1847356716170907
initialization.centers[232][0],0.3011655527167021
initialization.centers[232][1],-0.41403323095291855
initialization.centers[232][2],1.0059450953267515
initialization.centers[233][0],-0.6684425882063805
initialization.centers[233][1],0.6817110663279891
initialization.centers[233][2],0.6274499742314219
initialization.centers[234][0],-1.024443925730884
initialization.centers[234][1],-0.42397124301642175
initialization.centers[234][2],-0.14953295839950442
initialization.centers[235][0],0.7833901591598986
initialization.centers[235][1],-0.264916664082557
initialization.centers[235][2],-0.2502578486688435
initialization.centers[236][0],-1.0495053171180189
initialization.centers[236][1],0.12304302211850882
initialization.centers[236][2],0.18862638231366868
initialization.centers[237][0],-0.5981574952602386
initialization.centers[237][1],-0.2859245495870709
initialization.centers[237][2],-0.8611593495123088
initialization.centers[238][0],-0.3887684462592006
initialization.centers[238][1],-1.0053354680538176
initialization.centers[238][2],0.16096728742122646
initialization.centers[239][0],0.016425098199397414
initialization.centers[239][1],-0.4215130228549242
initialization.centers[239][2],0.715742151159793
initialization.centers[240][0],-0.39233929226174946
initialization.centers[240][1],-0.3951347383670508
initialization.centers[240][2],0.24344775546342134
initialization.centers[241][0],0.24084330452606073
initialization.centers[241][1],0.760028422344476
initialization.centers[241][2],-0.7949281822890042
initialization.centers[242][0],0.41389706991612907
initialization.centers[242][1],0.29244127515703444
initialization.centers[242][2],1.0291703883558512
initialization.centers[243][0],-0.14260199405252938
initialization.centers[243][1],-0.3019532243721187
initialization.centers[243][2],1.0918081645853817
initialization.centers[244][0],-0.11571594495326276
initialization.centers[244][1],-0.69621002972126
initialization.centers[244][2],-0.0993695003911852
initialization.centers[245][0],0.5969814349897204
initialization.centers[245][1],0.4081689306534826
initialization.centers[245][2],0.33580860607326035
initialization.centers[246][0],-0.2103459505364299
initialization.centers[246][1],-1.00790510866791
initialization.centers[246][2],-0.30667540719732644
initialization.centers[247][0],0.5868207748048007
initialization.centers[247][1],-0.8211487096734345
initialization.centers[247][2],-0.5023492787964642
initialization.centers[248][0],0.13235358726233248
initialization.centers[248][1],0.2052053133957088
initialization.centers[248][2],-0.6499404312111436
initialization.centers[249][0],0.38545914785936475
initialization.centers[249][1],-0.6147577460855245
initialization.centers[249][2],0.01562488917261362
initialization.centers[250][0],-0.5871359548531472
initialization.centers[250][1],-0.1632045645266771
initialization.centers[250][2],-0.6160888494923711
initialization.centers[251][0],-0.4841392299160361
initialization.centers[251][1],-0.0007559201680122918
initialization.centers[251][2],-1.0024066605605184
initialization.centers[252][0],0.8987232869490982
initialization.centers[252][1],0.0570425228215754
initialization.centers[252][2],-0.22294403593987222
initialization.centers[253][0],0.45337288044393054
initialization.centers[253][1],0.24011383429169664
initialization.centers[253][2],0.019486607331782535
initialization.centers[254][0],0.7404590422287582
initialization.centers[254][1],-0.32989175291731954
initialization.centers[254][2],0.08051933869719496
initialization.centers[255][0],-0.37809958020225165
initialization.centers[255][1],-0.5348164331167936
initialization.centers[255][2],-0.9366671605035661
initialization.coefficients[0],-1.20747574018816
initialization.coefficients[1],-0.4563294813264954
initialization.coefficients[2],-0.6284253976220309
initialization.coefficients[3],-0.6546033790051666
initialization.coefficients[4],-0.38695935266769727
initialization.coefficients[5],-0.8604825849697602
initialization.coefficients[6],-0.532821564244512
initialization.coefficients[7],-0.570789656222383
initialization.coefficients[8],-0.7201490691421959
initialization.coefficients[9],-0.611435541281526
initialization.coefficients[10],-0.17105496848734278
initialization.coefficients[11],-0.4271667343514789
initialization.coefficients[12],-0.4690824828923108
initialization.coefficients[13],-0.5835842277051592
initialization.coefficients[14],-0.38525277616401893
initialization.coefficients[15],-0.5013527859859879
initialization.coefficients[16],-0.45231931035795153
initialization.coefficients[17],-0.4501320665464571
initialization.coefficients[18],-0.7068416036388739
initialization.coefficients[19],-0.7174301722201927
initialization.coefficients[20],-0.5688972239778411
initialization.coefficients[21],-0.6547830329233704
initialization.coefficients[22],-0.5217734928362767
initialization.coefficients[23],-0.37006114514598737
initialization.coefficients[24],-0.493770103712963
initialization.coefficients[25],-0.908248447678616
initialization.coefficients[26],-0.9930698108842644
initialization.coefficients[27],-1.2122660448046112
initialization.coefficients[28],-0.917898567068521
initialization.coefficients[29],-0.937080727926119
initialization.coefficients[30],-1.2475563136027092
initialization.coefficients[31],-0.5588102807410287
initialization.coefficients[32],-1.3528788055818577
initialization.coefficients[33],-1.1048277868181375
initialization.coefficients[34],-0.4365376312452792
initialization.coefficients[35],-0.42079922143586673
initialization.coefficients[36],-0.5167455154497121
initialization.coefficients[37],-0.5620442891449888
initialization.coefficients[38],-0.8912487039034748
initialization.coefficients[39],-1.0975422159044452
initialization.coefficients[40],-0.7243021283221536
initialization.coefficients[41],-0.5963522021455979
initialization.coefficients[42],-0.6921060392009908
initialization.coefficients[43],-0.8574893294585848
initialization.coefficients[44],-0.5220071173398255
initialization.coefficients[45],-0.5848153109194909
initialization.coefficients[46],-0.8487704957097657
initialization.coefficients[47],-0.6984102330429341
initialization.coefficients[48],-0.7458784963276481
initialization.coefficients[49],-0.515128415381923
initialization.coefficients[50],-0.5729938087537938
initialization.coefficients[51],-0.5774001828444069
initialization.coefficients[52],-1.0889827733360096
initialization.coefficients[53],-0.6610188192299975
initialization.coefficients[54],-1.064640940185847
initialization.coefficients[55],-0.6663955322681575
initialization.coefficients[56],-0.6272572949416572
initialization.coefficients[57],-0.7219077266196696
initialization.coefficients[58],-0.5191604830270196
initialization.coefficients[59],-1.066090563780854
initialization.coefficients[60],-1.0491212224786555
initialization.coefficients[61],-0.6256236866760747
initialization.coefficients[62],-0.501253273890793
initialization.coefficients[63],-0.7236592785315954
initialization.coefficients[64],-0.5543611408166587
initialization.coefficients[65],-0.42971123872076317
initialization.coefficients[66],-0.5831321991304007
initialization.coefficients[67],-0.5913441244409084
initialization.coefficients[68],-0.5167027534108408
initialization.coefficients[69],-0.5680876842904917
initialization.coefficients[70],-0.758413584516886
initialization.coefficients[71],-0.6139164774223395
initialization.coefficients[72],-1.074788334333017
initialization.coefficients[73],-0.5083859797004378
initialization.coefficients[74],-0.6646426032403807
initialization.coefficients[75],-0.5476100047250756
initialization.coefficients[76],-0.9852903739585606
initialization.coefficients[77],-0.650709361568266
initialization.coefficients[78],-0.5989401488363525
initialization.coefficients[79],-0.9459746716270743
initialization.coefficients[80],-0.5321675270668664
initialization.coefficients[81],-0.6486022605016322
initialization.coefficients[82],-0.8467306593102842
initialization.coefficients[83],-0.5574035164052228
initialization.coefficients[84],-0.9051586545858329
initialization.coefficients[85],-0.8567365156983369
initialization.coefficients[86],-1.0171377902371233
initialization.coefficients[87],-1.2106469530774606
initialization.coefficients[88],-1.3274224297785973
initialization.coefficients[89],-0.5720534331687825
initialization.coefficients[90],-0.7481147690131793
initialization.coefficients[91],-1.0416384404979002
initialization.coefficients[92],-1.2048665617339105
initialization.coefficients[93],-0.8939784830845448
initialization.coefficients[94],-1.1824460266169852
initialization.coefficients[95],-0.3886350665207811
initialization.coefficients[96],-0.44253278199075186
initialization.coefficients[97],-0.6137725668621232
initialization.coefficients[98],-0.4311414321347367
initialization.coefficients[99],-0.81307060981508
initialization.coefficients[100],-1.277573559610297
initialization.coefficients[101],-0.731519616275122
initialization.coefficients[102],-0.8658993681196224
initialization.coefficients[103],-0.7277366443738393
initialization.coefficients[104],-0.9074800353416819
initialization.coefficients[105],-0.814252302640636
initialization.coefficients[106],-0.6288542698513402
initialization.coefficients[107],-0.5727580654837878
initialization.coefficients[108],-0.7323042298816517
initialization.coefficients[109],-0.6570820704884057
initialization.coefficients[110],-0.5480354960268559
initialization.coefficients[111],-0.8418179771935337
initialization.coefficients[112],-0.7015985591878803
initialization.coefficients[113],-0.6397149980596578
initialization.coefficients[114],-0.46562862800660476
initialization.coefficients[115],-0.8934671079690268
initialization.coefficients[116],-0.48885651301213073
initialization.coefficients[117],-0.6655924905092883
initialization.coefficients[118],-0.4234731016240079
initialization.coefficients[119],-0.9772599247940638
initialization.coefficients[120],-0.5786847900913452
initialization.coefficients[121],-0.61045980582273
initialization.coefficients[122],-0.6129931909827951
initialization.coefficients[123],-0.6451229508780617
initialization.coefficients[124],-0.5888998051711858
initialization.coefficients[125],-0.5517366206028665
initialization.coefficients[126],-0.6071688645097563
initialization.coefficients[127],-0.6760936247523319
initialization.coefficients[128],-0.6624177359958209
initialization.coefficients[129],-1.1449215726029591
initialization.coefficients[130],-0.9577286214190261
initialization.coefficients[131],-0.6407970566215601
initialization.coefficients[132],-0.6203959902578409
initialization.coefficients[133],-0.6548304610414326
initialization.coefficients[134],-0.845567515066889
initialization.coefficients[135],-1.0517855718560791
initialization.coefficients[136],-0.5701774196419707
initialization.coefficients[137],-0.393212724871417
initialization.coefficients[138],-0.5661199679706781
initialization.coefficients[139],-0.5470218136175283
initialization.coefficients[140],-0.6532297247257935
initialization.coefficients[141],-0.5333558222635735
initialization.coefficients[142],-0.7046231019861949
initialization.coefficients[143],-0.2216664950308243
initialization.coefficients[144],-0.4406790301879488
initialization.coefficients[145],-0.49811665950511724
initialization.coefficients[146],-0.6376430266145767
initialization.coefficients[147],-0.7279721041525313
initialization.coefficients[148],-0.6073403495867753
initialization.coefficients[149],-0.5568329115835556
initialization.coefficients[150],-0.5100938747806577
initialization.coefficients[151],-0.9800265713119534
initialization.coefficients[152],-0.7315107231262955
initialization.coefficients[153],-0.8516416861536346
initialization.coefficients[154],-0.38843788453739236
initialization.coefficients[155],-0.8189454026874221
initialization.coefficients[156],-0.6228464502744543
initialization.coefficients[157],-0.695418964841972
initialization.coefficients[158],-0.3515011245577007
initialization.coefficients[159],-0.7456620399316262
initialization.coefficients[160],-0.257549530401732
initialization.coefficients[161],-0.4457499595030121
initialization.coefficients[162],-0.5360473432685992
initialization.coefficients[163],-0.3615321877339215
initialization.coefficients[164],-0.417627781932404
initialization.coefficients[165],-0.4788328544861934
initialization.coefficients[166],-0.7899631684962067
initialization.coefficients[167],-0.617519143371239
initialization.coefficients[168],-0.5065008705612061
initialization.coefficients[169],-0.5270021306434254
initialization.coefficients[170],-0.4500305433589004
initialization.coefficients[171],-0.6683960027398188
initialization.coefficients[172],-0.31502825623739605
initialization.coefficients[173],-0.45710389962496145
initialization.coefficients[174],-0.21004579765408488
initialization.coefficients[175],-0.6303755682569449
initialization.coefficients[176],-0.5846211258195855
initialization.coefficients[177],-0.5087119739236166
initialization.coefficients[178],-0.5209350592973901
initialization.coefficients[179],-0.14080038551068397
initialization.coefficients[180],-0.43772304161020703
initialization.coefficients[181],-0.37903708901477473
initialization.coefficients[182],-0.8136213695921982
initialization.coefficients[183],-0.6299968334439874
initialization.coefficients[184],-0.43691307518854655
initialization.coefficients[185],-0.7460531545283144
initialization.coefficients[186],-0.4874819943518504
initialization.coefficients[187],-0.4110252134839922
initialization.coefficients[188],-0.442332344052214
initialization.coefficients[189],-0.5466685240571242
initialization.coefficients[190],-0.42939800226299596
initialization.coefficients[191],-0.15775538526527708
initialization.coefficients[192],-0.1417626784139991
initialization.coefficients[193],-0.3462995300249485
initialization.coefficients[194],-0.6447596158654405
initialization.coefficients[195],-0.2410243222683584
initialization.coefficients[196],-0.6359885077406799
initialization.coefficients[197],-0.2976091732080671
initialization.coefficients[198],-0.43597623134542585
initialization.coefficients[199],-0.05496009319900792
initialization.coefficients[200],-0.39474804564684807
initialization.coefficients[201],-0.41361999986733444
initialization.coefficients[202],-0.6102891294960182
initialization.coefficients[203],-0.6646550108450293
initialization.coefficients[204],-0.4691438992939374
initialization.coefficients[205],-0.33516500229778184
initialization.coefficients[206],-0.2851345495754832
initialization.coefficients[207],-0.5048462056211588
initialization.coefficients[208],-0.4811897203519846
initialization.coefficients[209],-0.6424702735303917
initialization.coefficients[210],-0.25449391978767705
initialization.coefficients[211],-0.5791837557782044
initialization.coefficients[212],-0.2316714816674028
initialization.coefficients[213],-0.3903571411365736
initialization.coefficients[214],-0.37383994319158503
initialization.coefficients[215],-0.21336848163047753
initialization.coefficients[216],-0.5094333542148937
initialization.coefficients[217],-0.17042159130743298
initialization.coefficients[218],-0.3758449671087614
initialization.coefficients[219],-0.3520459831714608
initialization.coefficients[220],0.0699102668223077
initialization.coefficients[221],-0.1321102896854802
initialization.coefficients[222],-0.49256089410540915
initialization.coefficients[223],-0.15021996890266381
initialization.coefficients[224],-0.6206209951640544
initialization.coefficients[225],-0.3933217191732617
initialization.coefficients[226],-0.27855931522329097
initialization.coefficients[227],-0.283148868393118
initialization.coefficients[228],-0.06348672440014702
initialization.coefficients[229],-0.20291527309654767
initialization.coefficients[230],-0.5521782728964715
initialization.coefficients[231],-0.2569402008785028
initialization.coefficients[232],0.0016860305787627242
initialization.coefficients[233],-0.11209499980669142
initialization.coefficients[234],-0.24481575238949196
initialization.coefficients[235],-0.4111151145816444
initialization.coefficients[236],-0.1417506424149645
initialization.coefficients[237],-0.18817266482304412
initialization.coefficients[238],0.002475186864823404
initialization.coefficients[239],-0.3035127429058162
initialization.coefficients[240],-0.40455175370719504
initialization.coefficients[241],-0.12983936755600547
initialization.coefficients[242],-0.1359852251108736
initialization.coefficients[243],-0.139628646251281
initialization.coefficients[244],-0.3112504018150927
initialization.coefficients[245],-0.32707805134875123
initialization.coefficients[246],-0.09556930206455573
initialization.coefficients[247],-0.09758476892101683
initialization.coefficients[248],-0.3905032254879194
initialization.coefficients[249],-0.1344273956877794
initialization.coefficients[250],-0.20275303182516247
initialization.coefficients[251],-0.19407052189535495
initialization.coefficients[252],-0.4068434652863695
initialization.coefficients[253],-0.3079612226262257
initialization.coefficients[254],-0.5045740489523489
initialization.coefficients[255],-0.11541248825805968
initialization.field_digest,d7385d91ef7d8d7f86ae2393c5e3ddbc86e0ab13cc9424b53533d83f3217b787
initialization.layout_digest,1da90ea522e04cab68826eabf77f12b66f0a0946fde87e6fe3fa4f71eb479010
initialization.initialization_valid,True
initialization.single_dominant_zeroset,True
renderer.status,FIXED_K_BUDGET_COMPLETE
renderer.cfg.operator,v0817_CURRENT_fixed_measure_C3
renderer.cfg.h,0.02455721885871518
renderer.cfg.epsilon,0.02455721885871518
renderer.cfg.path_step,0.01227860942935759
renderer.cfg.eta,9.787458785644276e-07
renderer.cfg.kappa,4.605170185988091
renderer.cfg.launch,1.05
renderer.cfg.micro,1
renderer.cfg.ambient,0.35
renderer.cfg.gate_width,0.05
renderer.cfg.gain,1.5
renderer.cfg.extent,2.8
renderer.cfg.capture,4
renderer.cfg.resolution[0],64
renderer.cfg.resolution[1],64
renderer.cfg.views,4
renderer.cfg.count,1024
renderer.cfg.mass,1.0034377352493191
renderer.cfg.seed,101
renderer.cfg.base_grid_digest,c262097d30d246d7437b6ae3736508e68189236e524ef0748013219b3f7859ca
renderer.cfg.source_dtype,float64
renderer.cfg.transport_dtype,float64
renderer.cfg.detector_dtype,float64 diagnostic
renderer.cfg.precision_note,As v0817; float64 detector in bounded FD diagnostics only.
renderer.cfg.stage,REDUCED_COST_REPRESENTATION_VALIDATION
renderer.cfg.note,"Same CURRENT operator/constants/cameras/C3; only source count and resolution reduced, double detector for FD. Not Full-HD performance evidence."
renderer.fd.passed,True
renderer.fd.rows[0].coordinate,2
renderer.fd.rows[0].response_rank,strong
renderer.fd.rows[0].jacobian_norm,197.62445524917473
renderer.fd.rows[0].epsilons[0].epsilon,0.001
renderer.fd.rows[0].epsilons[0].relative_l2,0.016460316693881434
renderer.fd.rows[0].epsilons[0].cosine,0.9998645824022432
renderer.fd.rows[0].epsilons[0].norm_ratio,0.9995107913983711
renderer.fd.rows[0].epsilons[0].sign_agreement,1.0
renderer.fd.rows[0].epsilons[1].epsilon,0.0001
renderer.fd.rows[0].epsilons[1].relative_l2,4.9606386706020225e-05
renderer.fd.rows[0].epsilons[1].cosine,0.9999999991052043
renderer.fd.rows[0].epsilons[1].norm_ratio,0.9999740915711474
renderer.fd.rows[0].epsilons[1].sign_agreement,1.0
renderer.fd.rows[0].epsilons[2].epsilon,1e-05
renderer.fd.rows[0].epsilons[2].relative_l2,3.427004342618478e-07
renderer.fd.rows[0].epsilons[2].cosine,0.9999999999999726
renderer.fd.rows[0].epsilons[2].norm_ratio,0.999999741120271
renderer.fd.rows[0].epsilons[2].sign_agreement,1.0
renderer.fd.rows[0].epsilons[3].epsilon,1e-06
renderer.fd.rows[0].epsilons[3].relative_l2,3.4544580459731027e-09
renderer.fd.rows[0].epsilons[3].cosine,0.9999999999999978
renderer.fd.rows[0].epsilons[3].norm_ratio,0.9999999974667377
renderer.fd.rows[0].epsilons[3].sign_agreement,1.0
renderer.fd.rows[0].passed,True
renderer.fd.rows[0].original_smallest_two_steps_passed,True
renderer.fd.rows[0].resolved_adjacent_epsilon_pairs[0][0],0.0001
renderer.fd.rows[0].resolved_adjacent_epsilon_pairs[0][1],1e-05
renderer.fd.rows[0].resolved_adjacent_epsilon_pairs[1][0],1e-05
renderer.fd.rows[0].resolved_adjacent_epsilon_pairs[1][1],1e-06
renderer.fd.rows[0].smallest_step_roundoff_sensitivity,False
renderer.fd.rows[1].coordinate,11
renderer.fd.rows[1].response_rank,medium
renderer.fd.rows[1].jacobian_norm,35.69019140929322
renderer.fd.rows[1].epsilons[0].epsilon,0.001
renderer.fd.rows[1].epsilons[0].relative_l2,0.00011006909382736266
renderer.fd.rows[1].epsilons[0].cosine,0.9999999947933411
renderer.fd.rows[1].epsilons[0].norm_ratio,0.9999587408835293
renderer.fd.rows[1].epsilons[0].sign_agreement,0.9995708154506437
renderer.fd.rows[1].epsilons[1].epsilon,0.0001
renderer.fd.rows[1].epsilons[1].relative_l2,4.454913059387585e-07
renderer.fd.rows[1].epsilons[1].cosine,0.9999999999999274
renderer.fd.rows[1].epsilons[1].norm_ratio,0.9999997710605769
renderer.fd.rows[1].epsilons[1].sign_agreement,1.0
renderer.fd.rows[1].epsilons[2].epsilon,1e-05
renderer.fd.rows[1].epsilons[2].relative_l2,4.455258208521387e-09
renderer.fd.rows[1].epsilons[2].cosine,1.0000000000000007
renderer.fd.rows[1].epsilons[2].norm_ratio,0.999999997729856
renderer.fd.rows[1].epsilons[2].sign_agreement,1.0
renderer.fd.rows[1].epsilons[3].epsilon,1e-06
renderer.fd.rows[1].epsilons[3].relative_l2,3.827824768600033e-09
renderer.fd.rows[1].epsilons[3].cosine,1.0000000000000018
renderer.fd.rows[1].epsilons[3].norm_ratio,0.9999999999278818
renderer.fd.rows[1].epsilons[3].sign_agreement,1.0
renderer.fd.rows[1].passed,True
renderer.fd.rows[1].original_smallest_two_steps_passed,True
renderer.fd.rows[1].resolved_adjacent_epsilon_pairs[0][0],0.0001
renderer.fd.rows[1].resolved_adjacent_epsilon_pairs[0][1],1e-05
renderer.fd.rows[1].resolved_adjacent_epsilon_pairs[1][0],1e-05
renderer.fd.rows[1].resolved_adjacent_epsilon_pairs[1][1],1e-06
renderer.fd.rows[1].smallest_step_roundoff_sensitivity,False
renderer.fd.rows[2].coordinate,92
renderer.fd.rows[2].response_rank,weak_nonzero
renderer.fd.rows[2].jacobian_norm,0.0016102758983080193
renderer.fd.rows[2].epsilons[0].epsilon,0.001
renderer.fd.rows[2].epsilons[0].relative_l2,8.291807553843643e-08
renderer.fd.rows[2].epsilons[0].cosine,0.9999999999999999
renderer.fd.rows[2].epsilons[0].norm_ratio,1.0000000000194833
renderer.fd.rows[2].epsilons[0].sign_agreement,1.0
renderer.fd.rows[2].epsilons[1].epsilon,0.0001
renderer.fd.rows[2].epsilons[1].relative_l2,7.960030223621049e-07
renderer.fd.rows[2].epsilons[1].cosine,0.9999999999997108
renderer.fd.rows[2].epsilons[1].norm_ratio,1.0000000585939035
renderer.fd.rows[2].epsilons[1].sign_agreement,1.0
renderer.fd.rows[2].epsilons[2].epsilon,1e-05
renderer.fd.rows[2].epsilons[2].relative_l2,9.188587684624474e-06
renderer.fd.rows[2].epsilons[2].cosine,0.9999999999578384
renderer.fd.rows[2].epsilons[2].norm_ratio,0.9999997559117466
renderer.fd.rows[2].epsilons[2].sign_agreement,1.0
renderer.fd.rows[2].epsilons[3].epsilon,1e-06
renderer.fd.rows[2].epsilons[3].relative_l2,8.328261307063241e-05
renderer.fd.rows[2].epsilons[3].cosine,0.999999996597944
renderer.fd.rows[2].epsilons[3].norm_ratio,1.0000114779334748
renderer.fd.rows[2].epsilons[3].sign_agreement,1.0
renderer.fd.rows[2].passed,True
renderer.fd.rows[2].original_smallest_two_steps_passed,True
renderer.fd.rows[2].resolved_adjacent_epsilon_pairs[0][0],0.001
renderer.fd.rows[2].resolved_adjacent_epsilon_pairs[0][1],0.0001
renderer.fd.rows[2].resolved_adjacent_epsilon_pairs[1][0],0.0001
renderer.fd.rows[2].resolved_adjacent_epsilon_pairs[1][1],1e-05
renderer.fd.rows[2].resolved_adjacent_epsilon_pairs[2][0],1e-05
renderer.fd.rows[2].resolved_adjacent_epsilon_pairs[2][1],1e-06
renderer.fd.rows[2].smallest_step_roundoff_sensitivity,True
renderer.fd.derivative,"Analytic basis gradient/Hessian, implicit attached-root tangent, CURRENT attenuation tangent and existing C3 detector derivative. All coefficients already active."
renderer.fd.note,Local fixed-quadrature derivative; no SDF or grid-gradient surrogate; float64 diagnostic readout.
renderer.fd.acceptance,"At least two adjacent epsilons: relative L2<1e-4, cosine>.9999, norm ratio in [.999,1.001], sign agreement>.99. All epsilons retained. No coordinate reselection."
renderer.fd.gate_revision,"Original last-two-steps gate rejected weak coordinate92 only on 1e-6 sign agreement (0.98765), although 1e-3 through1e-5 passed with rel errors8.7e-8 to8.5e-6. Original evidence saved as fd_original_smallest_step_gate.json; revised interval gate explicitly accounts for subtraction sensitivity."
renderer.trajectory[0].iteration,0
renderer.trajectory[0].mse,0.05899065490015964
renderer.trajectory[0].radial.root_coverage,1.0
renderer.trajectory[0].radial.radial_mae,0.045074371849582184
renderer.trajectory[0].radial.radial_median,0.03632091792860637
renderer.trajectory[0].radial.radial_p95,0.12112447553292462
renderer.trajectory[0].radial.radial_max,0.21001804859879458
renderer.trajectory[0].radial.signed_radial_bias,0.014782237011814919
renderer.trajectory[0].radial.min_zeroset_gradient_norm,0.28294835304008714
renderer.trajectory[0].radial.median_zeroset_gradient_norm,2.2959744439386243
renderer.trajectory[0].radial.multiple_crossing_fraction,0.0
renderer.trajectory[0].radial.no_crossing_count,0
renderer.trajectory[0].radial.directions,1024
renderer.trajectory[0].radial.scan_steps,81
renderer.trajectory[0].render.seconds,1.6320631990674883
renderer.trajectory[0].render.root_residual_max,9.891382417998029e-14
renderer.trajectory[0].render.energy[0].input,0.5410829959466534
renderer.trajectory[0].render.energy[0].detected,0.5410829959466534
renderer.trajectory[0].render.energy[0].relative_error,0.0
renderer.trajectory[0].render.energy[1].input,0.4288729618971768
renderer.trajectory[0].render.energy[1].detected,0.4288729618971767
renderer.trajectory[0].render.energy[1].relative_error,1.2943495198600733e-16
renderer.trajectory[0].render.energy[2].input,0.5062187280675339
renderer.trajectory[0].render.energy[2].detected,0.5062187280675339
renderer.trajectory[0].render.energy[2].relative_error,0.0
renderer.trajectory[0].render.energy[3].input,0.4285746408847852
renderer.trajectory[0].render.energy[3].detected,0.42857464088478514
renderer.trajectory[0].render.energy[3].relative_error,1.295250486978324e-16
renderer.trajectory[1].iteration,1
renderer.trajectory[1].mse,0.03781761066869691
renderer.trajectory[1].radial.root_coverage,1.0
renderer.trajectory[1].radial.radial_mae,0.031293635211294885
renderer.trajectory[1].radial.radial_median,0.02067154911310365
renderer.trajectory[1].radial.radial_p95,0.1024361812391726
renderer.trajectory[1].radial.radial_max,0.19875026453191813
renderer.trajectory[1].radial.signed_radial_bias,0.008804795651213473
renderer.trajectory[1].radial.min_zeroset_gradient_norm,0.38234805328104854
renderer.trajectory[1].radial.median_zeroset_gradient_norm,2.4505741892792328
renderer.trajectory[1].radial.multiple_crossing_fraction,0.0
renderer.trajectory[1].radial.no_crossing_count,0
renderer.trajectory[1].radial.directions,1024
renderer.trajectory[1].radial.scan_steps,81
renderer.trajectory[1].gradient_norm,0.030896142284406923
renderer.trajectory[1].accepted,True
renderer.trajectory[1].damping,0.00049391619727499
renderer.trajectory[1].trials[0].alpha,1.0
renderer.trajectory[1].trials[0].mse,0.03781761066869691
renderer.trajectory[1].trials[0].finite,True
renderer.trajectory[1].trials[0].render.seconds,1.622427871916443
renderer.trajectory[1].trials[0].render.root_residual_max,9.950373858202965e-14
renderer.trajectory[1].trials[0].render.energy[0].input,0.5455840470467919
renderer.trajectory[1].trials[0].render.energy[0].detected,0.5455840470467918
renderer.trajectory[1].trials[0].render.energy[0].relative_error,2.0349257472514379e-16
renderer.trajectory[1].trials[0].render.energy[1].input,0.4378319600561128
renderer.trajectory[1].trials[0].render.energy[1].detected,0.4378319600561128
renderer.trajectory[1].trials[0].render.energy[1].relative_error,0.0
renderer.trajectory[1].trials[0].render.energy[2].input,0.5117161500959911
renderer.trajectory[1].trials[0].render.energy[2].detected,0.511716150095991
renderer.trajectory[1].trials[0].render.energy[2].relative_error,2.1696071629103233e-16
renderer.trajectory[1].trials[0].render.energy[3].input,0.4344364868500688
renderer.trajectory[1].trials[0].render.energy[3].detected,0.43443648685006875
renderer.trajectory[1].trials[0].render.energy[3].relative_error,1.2777736887098906e-16
renderer.trajectory[1].coefficient_min,-1.5547160959563306
renderer.trajectory[1].coefficient_max,0.14347094641079117
renderer.trajectory[1].response_seconds,1.1810630168765783
renderer.trajectory[2].iteration,2
renderer.trajectory[2].mse,0.025950646282835846
renderer.trajectory[2].radial.root_coverage,1.0
renderer.trajectory[2].radial.radial_mae,0.02254691059140154
renderer.trajectory[2].radial.radial_median,0.012523473031250898
renderer.trajectory[2].radial.radial_p95,0.08605174588574299
renderer.trajectory[2].radial.radial_max,0.19329964574972092
renderer.trajectory[2].radial.signed_radial_bias,0.0042843900965912965
renderer.trajectory[2].radial.min_zeroset_gradient_norm,0.3960170248342685
renderer.trajectory[2].radial.median_zeroset_gradient_norm,2.6709189054166194
renderer.trajectory[2].radial.multiple_crossing_fraction,0.0
renderer.trajectory[2].radial.no_crossing_count,0
renderer.trajectory[2].radial.directions,1024
renderer.trajectory[2].radial.scan_steps,81
renderer.trajectory[2].gradient_norm,0.02357669589945202
renderer.trajectory[2].accepted,True
renderer.trajectory[2].damping,0.0007013060262984511
renderer.trajectory[2].trials[0].alpha,1.0
renderer.trajectory[2].trials[0].mse,0.025950646282835846
renderer.trajectory[2].trials[0].finite,True
renderer.trajectory[2].trials[0].render.seconds,1.6186691639013588
renderer.trajectory[2].trials[0].render.root_residual_max,9.936496070395151e-14
renderer.trajectory[2].trials[0].render.energy[0].input,0.5520601146894826
renderer.trajectory[2].trials[0].render.energy[0].detected,0.5520601146894824
renderer.trajectory[2].trials[0].render.energy[0].relative_error,4.0221091692147477e-16
renderer.trajectory[2].trials[0].render.energy[1].input,0.44133866708262137
renderer.trajectory[2].trials[0].render.energy[1].detected,0.44133866708262126
renderer.trajectory[2].trials[0].render.energy[1].relative_error,2.5155806808500553e-16
renderer.trajectory[2].trials[0].render.energy[2].input,0.5165553017490996
renderer.trajectory[2].trials[0].render.energy[2].detected,0.5165553017490996
renderer.trajectory[2].trials[0].render.energy[2].relative_error,0.0
renderer.trajectory[2].trials[0].render.energy[3].input,0.438797800405198
renderer.trajectory[2].trials[0].render.energy[3].detected,0.43879780040519795
renderer.trajectory[2].trials[0].render.energy[3].relative_error,1.265073598363467e-16
renderer.trajectory[2].coefficient_min,-1.6438785308842732
renderer.trajectory[2].coefficient_max,0.12548068790013422
renderer.trajectory[2].response_seconds,1.1201913449913263
renderer.trajectory[3].iteration,3
renderer.trajectory[3].mse,0.018071764422355023
renderer.trajectory[3].radial.root_coverage,1.0
renderer.trajectory[3].radial.radial_mae,0.017333202861026797
renderer.trajectory[3].radial.radial_median,0.00924591752009285
renderer.trajectory[3].radial.radial_p95,0.06824523077222722
renderer.trajectory[3].radial.radial_max,0.19008140497790027
renderer.trajectory[3].radial.signed_radial_bias,0.0017491478482185223
renderer.trajectory[3].radial.min_zeroset_gradient_norm,0.5078028103350962
renderer.trajectory[3].radial.median_zeroset_gradient_norm,2.9171953053110293
renderer.trajectory[3].radial.multiple_crossing_fraction,0.0
renderer.trajectory[3].radial.no_crossing_count,0
renderer.trajectory[3].radial.directions,1024
renderer.trajectory[3].radial.scan_steps,81
renderer.trajectory[3].gradient_norm,0.021600268885271674
renderer.trajectory[3].accepted,True
renderer.trajectory[3].damping,0.0007505442214849071
renderer.trajectory[3].trials[0].alpha,1.0
renderer.trajectory[3].trials[0].mse,0.018071764422355023
renderer.trajectory[3].trials[0].finite,True
renderer.trajectory[3].trials[0].render.seconds,1.618351083016023
renderer.trajectory[3].trials[0].render.root_residual_max,9.975711662973952e-14
renderer.trajectory[3].trials[0].render.energy[0].input,0.5577585605476814
renderer.trajectory[3].trials[0].render.energy[0].detected,0.5577585605476811
renderer.trajectory[3].trials[0].render.energy[0].relative_error,3.981016529930055e-16
renderer.trajectory[3].trials[0].render.energy[1].input,0.44466962003832844
renderer.trajectory[3].trials[0].render.energy[1].detected,0.4446696200383284
renderer.trajectory[3].trials[0].render.energy[1].relative_error,1.2483684229759843e-16
renderer.trajectory[3].trials[0].render.energy[2].input,0.5237432408397026
renderer.trajectory[3].trials[0].render.energy[2].detected,0.5237432408397027
renderer.trajectory[3].trials[0].render.energy[2].relative_error,2.1197849214152486e-16
renderer.trajectory[3].trials[0].render.energy[3].input,0.446945851640685
renderer.trajectory[3].trials[0].render.energy[3].detected,0.446945851640685
renderer.trajectory[3].trials[0].render.energy[3].relative_error,0.0
renderer.trajectory[3].coefficient_min,-1.7239701163846854
renderer.trajectory[3].coefficient_max,0.19844016278865043
renderer.trajectory[3].response_seconds,1.0691850369330496
renderer.trajectory[4].iteration,4
renderer.trajectory[4].mse,0.012283438634641363
renderer.trajectory[4].radial.root_coverage,1.0
renderer.trajectory[4].radial.radial_mae,0.013480014209894598
renderer.trajectory[4].radial.radial_median,0.007188066804156179
renderer.trajectory[4].radial.radial_p95,0.050004015228660215
renderer.trajectory[4].radial.radial_max,0.1892618913680053
renderer.trajectory[4].radial.signed_radial_bias,0.000578276320678843
renderer.trajectory[4].radial.min_zeroset_gradient_norm,0.6638549898299747
renderer.trajectory[4].radial.median_zeroset_gradient_norm,3.3573368525096345
renderer.trajectory[4].radial.multiple_crossing_fraction,0.0
renderer.trajectory[4].radial.no_crossing_count,0
renderer.trajectory[4].radial.directions,1024
renderer.trajectory[4].radial.scan_steps,81
renderer.trajectory[4].gradient_norm,0.01610462337712389
renderer.trajectory[4].accepted,True
renderer.trajectory[4].damping,0.00022264119231317484
renderer.trajectory[4].trials[0].alpha,1.0
renderer.trajectory[4].trials[0].mse,0.012283438634641363
renderer.trajectory[4].trials[0].finite,True
renderer.trajectory[4].trials[0].render.seconds,1.6130512501113117
renderer.trajectory[4].trials[0].render.root_residual_max,9.985068327722502e-14
renderer.trajectory[4].trials[0].render.energy[0].input,0.566216810373418
renderer.trajectory[4].trials[0].render.energy[0].detected,0.5662168103734178
renderer.trajectory[4].trials[0].render.energy[0].relative_error,3.921547380032636e-16
renderer.trajectory[4].trials[0].render.energy[1].input,0.446907772133339
renderer.trajectory[4].trials[0].render.energy[1].detected,0.44690777213333893
renderer.trajectory[4].trials[0].render.energy[1].relative_error,1.2421164878442877e-16
renderer.trajectory[4].trials[0].render.energy[2].input,0.529443263249969
renderer.trajectory[4].trials[0].render.energy[2].detected,0.529443263249969
renderer.trajectory[4].trials[0].render.energy[2].relative_error,0.0
renderer.trajectory[4].trials[0].render.energy[3].input,0.45246553937285117
renderer.trajectory[4].trials[0].render.energy[3].detected,0.452465539372851
renderer.trajectory[4].trials[0].render.energy[3].relative_error,3.6805776175706216e-16
renderer.trajectory[4].coefficient_min,-1.9323885795430429
renderer.trajectory[4].coefficient_max,0.2702054049778689
renderer.trajectory[4].response_seconds,1.0427575821522623
renderer.trajectory[5].iteration,5
renderer.trajectory[5].mse,0.007835152280490249
renderer.trajectory[5].radial.root_coverage,1.0
renderer.trajectory[5].radial.radial_mae,0.010278245366647088
renderer.trajectory[5].radial.radial_median,0.005624954724407938
renderer.trajectory[5].radial.radial_p95,0.03447908255748186
renderer.trajectory[5].radial.radial_max,0.19306979563807547
renderer.trajectory[5].radial.signed_radial_bias,-0.00024947012028987844
renderer.trajectory[5].radial.min_zeroset_gradient_norm,0.7549927210362655
renderer.trajectory[5].radial.median_zeroset_gradient_norm,3.8946223237035276
renderer.trajectory[5].radial.multiple_crossing_fraction,0.0
renderer.trajectory[5].radial.no_crossing_count,0
renderer.trajectory[5].radial.directions,1024
renderer.trajectory[5].radial.scan_steps,81
renderer.trajectory[5].gradient_norm,0.012182387989836391
renderer.trajectory[5].accepted,True
renderer.trajectory[5].damping,0.00012658676811718413
renderer.trajectory[5].trials[0].alpha,1.0
renderer.trajectory[5].trials[0].mse,0.007835152280490249
renderer.trajectory[5].trials[0].finite,True
renderer.trajectory[5].trials[0].render.seconds,1.667395950993523
renderer.trajectory[5].trials[0].render.root_residual_max,9.967027203572343e-14
renderer.trajectory[5].trials[0].render.energy[0].input,0.5737192315996248
renderer.trajectory[5].trials[0].render.energy[0].detected,0.5737192315996247
renderer.trajectory[5].trials[0].render.energy[0].relative_error,1.9351330118909729e-16
renderer.trajectory[5].trials[0].render.energy[1].input,0.44716842281094704
renderer.trajectory[5].trials[0].render.energy[1].detected,0.44716842281094693
renderer.trajectory[5].trials[0].render.energy[1].relative_error,2.4827849373758988e-16
renderer.trajectory[5].trials[0].render.energy[2].input,0.5339933905010201
renderer.trajectory[5].trials[0].render.energy[2].detected,0.5339933905010201
renderer.trajectory[5].trials[0].render.energy[2].relative_error,0.0
renderer.trajectory[5].trials[0].render.energy[3].input,0.4560988471033563
renderer.trajectory[5].trials[0].render.energy[3].detected,0.4560988471033562
renderer.trajectory[5].trials[0].render.energy[3].relative_error,2.434171960039113e-16
renderer.trajectory[5].coefficient_min,-2.1965157571465497
renderer.trajectory[5].coefficient_max,0.46767435089217124
renderer.trajectory[5].response_seconds,0.9974298269953579
renderer.trajectory[6].iteration,6
renderer.trajectory[6].mse,0.004994773529349744
renderer.trajectory[6].radial.root_coverage,1.0
renderer.trajectory[6].radial.radial_mae,0.007847465776707446
renderer.trajectory[6].radial.radial_median,0.004770313812696325
renderer.trajectory[6].radial.radial_p95,0.022187973652580392
renderer.trajectory[6].radial.radial_max,0.22696007814047336
renderer.trajectory[6].radial.signed_radial_bias,-0.0006329973818004891
renderer.trajectory[6].radial.min_zeroset_gradient_norm,0.8696930521845264
renderer.trajectory[6].radial.median_zeroset_gradient_norm,4.401405239310677
renderer.trajectory[6].radial.multiple_crossing_fraction,0.0
renderer.trajectory[6].radial.no_crossing_count,0
renderer.trajectory[6].radial.directions,1024
renderer.trajectory[6].radial.scan_steps,81
renderer.trajectory[6].gradient_norm,0.008450714744094813
renderer.trajectory[6].accepted,True
renderer.trajectory[6].damping,8.522215915367187e-05
renderer.trajectory[6].trials[0].alpha,1.0
renderer.trajectory[6].trials[0].mse,0.004994773529349744
renderer.trajectory[6].trials[0].finite,True
renderer.trajectory[6].trials[0].render.seconds,1.621691599022597
renderer.trajectory[6].trials[0].render.root_residual_max,9.893618457923838e-14
renderer.trajectory[6].trials[0].render.energy[0].input,0.5795217877645281
renderer.trajectory[6].trials[0].render.energy[0].detected,0.579521787764528
renderer.trajectory[6].trials[0].render.energy[0].relative_error,1.9157571778410227e-16
renderer.trajectory[6].trials[0].render.energy[1].input,0.4469667664125464
renderer.trajectory[6].trials[0].render.energy[1].detected,0.4469667664125463
renderer.trajectory[6].trials[0].render.energy[1].relative_error,2.48390508658183e-16
renderer.trajectory[6].trials[0].render.energy[2].input,0.5372217898755517
renderer.trajectory[6].trials[0].render.energy[2].detected,0.5372217898755515
renderer.trajectory[6].trials[0].render.energy[2].relative_error,4.133201763399588e-16
renderer.trajectory[6].trials[0].render.energy[3].input,0.45873023150051745
renderer.trajectory[6].trials[0].render.energy[3].detected,0.45873023150051734
renderer.trajectory[6].trials[0].render.energy[3].relative_error,2.420208977711346e-16
renderer.trajectory[6].coefficient_min,-2.4868245064545493
renderer.trajectory[6].coefficient_max,0.6576734388644216
renderer.trajectory[6].response_seconds,0.9937637900002301
renderer.trajectory[7].iteration,7
renderer.trajectory[7].mse,0.003538042881313172
renderer.trajectory[7].radial.root_coverage,1.0
renderer.trajectory[7].radial.radial_mae,0.0063811727901949555
renderer.trajectory[7].radial.radial_median,0.004115257948069662
renderer.trajectory[7].radial.radial_p95,0.01662021134583497
renderer.trajectory[7].radial.radial_max,0.18773972095987101
renderer.trajectory[7].radial.signed_radial_bias,-0.0008437422209027555
renderer.trajectory[7].radial.min_zeroset_gradient_norm,0.7056089951894353
renderer.trajectory[7].radial.median_zeroset_gradient_norm,4.750071040461389
renderer.trajectory[7].radial.multiple_crossing_fraction,0.0
renderer.trajectory[7].radial.no_crossing_count,0
renderer.trajectory[7].radial.directions,1024
renderer.trajectory[7].radial.scan_steps,81
renderer.trajectory[7].gradient_norm,0.00675078267530441
renderer.trajectory[7].accepted,True
renderer.trajectory[7].damping,9.011493938025702e-05
renderer.trajectory[7].trials[0].alpha,1.0
renderer.trajectory[7].trials[0].mse,0.003538042881313172
renderer.trajectory[7].trials[0].finite,True
renderer.trajectory[7].trials[0].render.seconds,1.6442755300085992
renderer.trajectory[7].trials[0].render.root_residual_max,9.564571357145724e-14
renderer.trajectory[7].trials[0].render.energy[0].input,0.5827997538775153
renderer.trajectory[7].trials[0].render.energy[0].detected,0.5827997538775151
renderer.trajectory[7].trials[0].render.energy[0].relative_error,1.9049819723473797e-16
renderer.trajectory[7].trials[0].render.energy[1].input,0.4468941993428567
renderer.trajectory[7].trials[0].render.energy[1].detected,0.44689419934285657
renderer.trajectory[7].trials[0].render.energy[1].relative_error,2.4843084252552465e-16
renderer.trajectory[7].trials[0].render.energy[2].input,0.5395427622469882
renderer.trajectory[7].trials[0].render.energy[2].detected,0.539542762246988
renderer.trajectory[7].trials[0].render.energy[2].relative_error,2.0577109032127585e-16
renderer.trajectory[7].trials[0].render.energy[3].input,0.4602976115862963
renderer.trajectory[7].trials[0].render.energy[3].detected,0.4602976115862963
renderer.trajectory[7].trials[0].render.energy[3].relative_error,0.0
renderer.trajectory[7].coefficient_min,-2.703359701467766
renderer.trajectory[7].coefficient_max,0.8204632078743102
renderer.trajectory[7].response_seconds,0.9818795421160758
renderer.trajectory[8].iteration,8
renderer.trajectory[8].mse,0.002505157217337191
renderer.trajectory[8].radial.root_coverage,1.0
renderer.trajectory[8].radial.radial_mae,0.005639628971368178
renderer.trajectory[8].radial.radial_median,0.0037988304593453703
renderer.trajectory[8].radial.radial_p95,0.014434197826303827
renderer.trajectory[8].radial.radial_max,0.1429166557627466
renderer.trajectory[8].radial.signed_radial_bias,-0.0009126471126670251
renderer.trajectory[8].radial.min_zeroset_gradient_norm,0.9785997590243984
renderer.trajectory[8].radial.median_zeroset_gradient_norm,4.958018940590572
renderer.trajectory[8].radial.multiple_crossing_fraction,0.0
renderer.trajectory[8].radial.no_crossing_count,0
renderer.trajectory[8].radial.directions,1024
renderer.trajectory[8].radial.scan_steps,81
renderer.trajectory[8].gradient_norm,0.006721211223517244
renderer.trajectory[8].accepted,True
renderer.trajectory[8].damping,9.416094087170301e-05
renderer.trajectory[8].trials[0].alpha,1.0
renderer.trajectory[8].trials[0].mse,0.002505157217337191
renderer.trajectory[8].trials[0].finite,True
renderer.trajectory[8].trials[0].render.seconds,1.6418361130636185
renderer.trajectory[8].trials[0].render.root_residual_max,9.66991677997063e-14
renderer.trajectory[8].trials[0].render.energy[0].input,0.5843562532995012
renderer.trajectory[8].trials[0].render.energy[0].detected,0.584356253299501
renderer.trajectory[8].trials[0].render.energy[0].relative_error,3.799815671883062e-16
renderer.trajectory[8].trials[0].render.energy[1].input,0.4462452702787817
renderer.trajectory[8].trials[0].render.energy[1].detected,0.44624527027878164
renderer.trajectory[8].trials[0].render.energy[1].relative_error,1.2439605510346022e-16
renderer.trajectory[8].trials[0].render.energy[2].input,0.5410450524791651
renderer.trajectory[8].trials[0].render.energy[2].detected,0.541045052479165
renderer.trajectory[8].trials[0].render.energy[2].relative_error,2.0519973697900318e-16
renderer.trajectory[8].trials[0].render.energy[3].input,0.4616922047359082
renderer.trajectory[8].trials[0].render.energy[3].detected,0.46169220473590816
renderer.trajectory[8].trials[0].render.energy[3].relative_error,1.2023410978535076e-16
renderer.trajectory[8].coefficient_min,-2.8785591438187095
renderer.trajectory[8].coefficient_max,0.9574744904391217
renderer.trajectory[8].response_seconds,0.9903402091003954
renderer.target_digest,dca737fef55f654e22bf400d7e556d04a3b56eff523f15b347b4994d662c6a87
renderer.target_definition,"Analytic SphereField ONLY as target/reference; CURRENT transport, same fixed sphere-reference source IDs and weights as basis reconstruction."
renderer.source_measure,"Persistent equal-area analytic-sphere reference measure; pushforward along fixed radial lines with safeguarded Newton/bisection signs from the field, no source refresh or weight optimization."
renderer.attachment_note,"Initial unsafeguarded normal-line Newton escaped compact support and failed with F=1. Replaced only in this isolated new adapter by bracketed root solving, retaining the same fixed source IDs and radial lines. No old renderer modified."
renderer.source_digest,6aba30b48022ee3413b3ef627998a84dceaf4d8231701be3ea9ee2a5dfa27551
renderer.source_mass,1.0034377352493191
renderer.target_timing.seconds,0.7575908119324595
renderer.target_timing.root_residual_max,4.440892098500626e-16
renderer.target_timing.energy[0].input,0.5847939481495302
renderer.target_timing.energy[0].detected,0.5847939481495302
renderer.target_timing.energy[0].relative_error,0.0
renderer.target_timing.energy[1].input,0.445527982698553
renderer.target_timing.energy[1].detected,0.445527982698553
renderer.target_timing.energy[1].relative_error,0.0
renderer.target_timing.energy[2].input,0.5433473363231618
renderer.target_timing.energy[2].detected,0.5433473363231617
renderer.target_timing.energy[2].relative_error,2.043302599287685e-16
renderer.target_timing.energy[3].input,0.4604657200321173
renderer.target_timing.energy[3].detected,0.4604657200321172
renderer.target_timing.energy[3].relative_error,1.2055436228213894e-16
renderer.initialized_timing.seconds,1.7652011301834136
renderer.initialized_timing.root_residual_max,9.651827947987357e-14
renderer.initialized_timing.energy[0].input,0.5731500237246652
renderer.initialized_timing.energy[0].detected,0.573150023724665
renderer.initialized_timing.energy[0].relative_error,3.8741096699613683e-16
renderer.initialized_timing.energy[1].input,0.4384254652516968
renderer.initialized_timing.energy[1].detected,0.4384254652516968
renderer.initialized_timing.energy[1].relative_error,0.0
renderer.initialized_timing.energy[2].input,0.5341891719764806
renderer.initialized_timing.energy[2].detected,0.5341891719764806
renderer.initialized_timing.energy[2].relative_error,0.0
renderer.initialized_timing.energy[3].input,0.4501863931337668
renderer.initialized_timing.energy[3].detected,0.45018639313376674
renderer.initialized_timing.energy[3].relative_error,1.2330703921289652e-16
renderer.initialized_mse,0.012610983600304895
renderer.initial_mse,0.05899065490015964
renderer.final_mse,0.002505157217337191
renderer.accepted_steps,8
renderer.passed,True
renderer.optimizer,"All fixed K coefficients, damped exact image-column Gauss-Newton, up to 8 steps, 5 fixed backtracks; no coefficient clamp."
renderer.dynamic_birth_executed,False
renderer.nonexistent_candidates_scored,False
renderer.total_seconds,72.42184672108851
renderer.peak_cuda_allocated_mib,124.52587890625
renderer.peak_cuda_reserved_mib,170.0
renderer.gpu_field_benchmark.points,16384
renderer.gpu_field_benchmark.support_pairs,113267
renderer.gpu_field_benchmark.average_active_bases_per_point,6.91326904296875
renderer.gpu_field_benchmark.fused_value_gradient_seconds,0.0035889020655304193
final_geometry.radial.root_coverage,1.0
final_geometry.radial.radial_mae,0.005686382988649897
final_geometry.radial.radial_median,0.0036688365946249135
final_geometry.radial.radial_p95,0.015428390979650097
final_geometry.radial.radial_max,0.16365092405121673
final_geometry.radial.signed_radial_bias,-0.0008767023490992774
final_geometry.radial.min_zeroset_gradient_norm,0.6294030212687404
final_geometry.radial.median_zeroset_gradient_norm,4.970272433321824
final_geometry.radial.multiple_crossing_fraction,0.0
final_geometry.radial.no_crossing_count,0
final_geometry.radial.directions,4096
final_geometry.radial.scan_steps,161
final_geometry.sign.center_value,-1.1415744561593149
final_geometry.sign.inside_negative_fraction,0.9996337890625
final_geometry.sign.outside_positive_fraction,1.0
final_geometry.sign.sign_accuracy,0.99981689453125
final_geometry.sign.inside_radial_range[0],0
final_geometry.sign.inside_radial_range[1],0.9
final_geometry.sign.outside_radial_range[0],1.1
final_geometry.sign.outside_radial_range[1],2.0
final_geometry.sign.samples_per_class,8192
final_geometry.sign.note,Sign accuracy excludes the near-surface uncertainty band; radial errors are reported separately.
final_geometry.mesh.grid_resolution,112
final_geometry.mesh.components,1
final_geometry.mesh.component_areas[0],12.641578227281114
final_geometry.mesh.watertight,True
final_geometry.mesh.surface_area,12.641578227281112
final_geometry.mesh.analytic_sphere_area,12.566370614359172
final_geometry.mesh.approximate_symmetric_chamfer,0.012354957470255874
final_geometry.mesh.near_zero_sample_count,3392
final_geometry.mesh.near_zero_gradient_min,0.5590448679725276
final_geometry.mesh.near_zero_degenerate_fraction,0.0
final_geometry.mesh.mesh_path,runs/v091_basis_only_field/sphere_renderer_final.ply
final_geometry.mesh.note,"Temporary MC diagnostic only, never representation/source/observation target; finite-grid topology and sampled Chamfer."
SPHERE_ROOT_COVERAGE,1.0
SPHERE_RADIAL_MAE,0.013156193373073298
SPHERE_RADIAL_P95,0.03670945171343215
SPHERE_SIGN_ACCURACY,0.9998779296875
MIN_ZEROSET_GRADIENT_NORM,0.3605388567208028
limitations[0],Single-scale 256/.6 is an approximate sphere: retain p95 AND maximum radial error; not a high-accuracy representation claim.
limitations[1],"Single-component and absence of extra shells are finite-direction/finite-grid diagnostics, not a global topological proof."
limitations[2],"Positive fixed background supplies outside sign, not sphere geometry; it does not prove complete identifiability inside the supported domain."
limitations[3],Matched renderer test is reduced cost with float64 diagnostic readout; not Full-HD convergence or Bunny reconstruction.
limitations[4],"No dynamic birth, no nonexistent candidate scoring, no multiscale, no source/weight optimization."
limitations[5],Fixed sphere-reference source rays/weights remain a coverage limitation for future large deformations.
limitations[6],Current renderer is unchanged; new bracketed source attachment prevents Newton from escaping into unsupported constant field.
limitations[7],Initialization uses geometric signed constraints only; renderer recovery optimizes image loss only. No mesh-rendered observation target.
limitations[8],GPU timing may include resource contention with the untouched concurrent v090 experiment.
fd_gate_history,"Original requirement for the two smallest epsilons rejected weak coefficient92 because tiny component signs suffered subtraction noise. All original rows were retained. Final validation uses two adjacent well-resolved epsilons with a stricter L2 threshold; the same three coordinates were re-tested, not re-selected."
figures[0],figures/v091_basis_only_radial_error.png
figures[1],figures/v091_basis_only_sign_slice.png
figures[2],figures/v091_basis_only_sphere.png
figures[3],figures/v091_basis_only_zero_components.png
figures[4],figures/v091_lambda_perturbations.png
figures[5],figures/v091_renderer_images.png
figures[6],figures/v091_renderer_recovery.png
figures[7],figures/v091_scalar_recovery.png
